study_id,subject_id,source_database,source_accession,source_url,publication_doi,publication_pmid,intervention_type,probiotic_species,probiotic_strain,number_of_strains,total_CFU_per_day,log10_CFU_per_day,strain_specific_CFU,prebiotic_type,prebiotic_dose_g_day,duration_weeks,dosage_form,placebo_type
EUROPEPMC:PMC12938260,needs_manual_extraction,publisher supplementary data,PMC12938260,,,,needs_manual_extraction,Lactobacillus helveticus,UA881,needs_manual_extraction,needs_manual_extraction,needs_manual_extraction,needs_manual_extraction,,,needs_manual_extraction,needs_manual_extraction,needs_manual_extraction
EUROPEPMC:41163054,needs_manual_extraction,PubMed,41163054,https://europepmc.org/article/MED/41163054,10.1186/s13063-025-09180-3,41163054,needs_manual_extraction,,,needs_manual_extraction,needs_manual_extraction,needs_manual_extraction,needs_manual_extraction,,,needs_manual_extraction,needs_manual_extraction,needs_manual_extraction
PMID:40409234,needs_manual_extraction,PubMed,40409234,https://pubmed.ncbi.nlm.nih.gov/40409234/,10.1016/j.clnu.2025.05.005,40409234,probiotic,,,needs_manual_extraction,needs_manual_extraction,needs_manual_extraction,needs_manual_extraction,,,needs_manual_extraction,needs_manual_extraction,needs_manual_extraction
PMID:37447365,needs_manual_extraction,PubMed,37447365,https://pubmed.ncbi.nlm.nih.gov/37447365/,10.3390/nu15133039,37447365,probiotic,,,needs_manual_extraction,needs_manual_extraction,needs_manual_extraction,needs_manual_extraction,needs_manual_extraction,needs_manual_extraction,needs_manual_extraction,needs_manual_extraction,needs_manual_extraction
PMID:37111082,needs_manual_extraction,PubMed,37111082,https://pubmed.ncbi.nlm.nih.gov/37111082/,10.3390/nu15081863,37111082,synbiotic,,,needs_manual_extraction,needs_manual_extraction,needs_manual_extraction,needs_manual_extraction,needs_manual_extraction,needs_manual_extraction,needs_manual_extraction,needs_manual_extraction,needs_manual_extraction
NCT:NCT02125955,needs_manual_extraction,ClinicalTrials.gov,NCT02125955,https://clinicaltrials.gov/study/NCT02125955,,,prebiotic,,,needs_manual_extraction,needs_manual_extraction,needs_manual_extraction,needs_manual_extraction,needs_manual_extraction,needs_manual_extraction,needs_manual_extraction,needs_manual_extraction,needs_manual_extraction
NCT:NCT02151825,needs_manual_extraction,ClinicalTrials.gov,NCT02151825,https://clinicaltrials.gov/study/NCT02151825,,,synbiotic,,,needs_manual_extraction,needs_manual_extraction,needs_manual_extraction,needs_manual_extraction,needs_manual_extraction,needs_manual_extraction,needs_manual_extraction,needs_manual_extraction,needs_manual_extraction
EUROPEPMC:42116047,needs_manual_extraction,PubMed,42116047,https://europepmc.org/article/MED/42116047,10.1186/s12986-026-01124-1,42116047,probiotic,Bifidobacterium bifidum,,needs_manual_extraction,needs_manual_extraction,needs_manual_extraction,needs_manual_extraction,,,needs_manual_extraction,needs_manual_extraction,needs_manual_extraction
EUROPEPMC:41512635,needs_manual_extraction,PubMed,41512635,https://europepmc.org/article/MED/41512635,10.1016/j.clnu.2025.106560,41512635,synbiotic,,,needs_manual_extraction,needs_manual_extraction,needs_manual_extraction,needs_manual_extraction,needs_manual_extraction,needs_manual_extraction,needs_manual_extraction,needs_manual_extraction,needs_manual_extraction
PMID:40416368,needs_manual_extraction,PubMed,40416368,https://pubmed.ncbi.nlm.nih.gov/40416368/,10.3389/fnut.2025.1542145,40416368,needs_manual_extraction,Bacillus coagulans,BC99,needs_manual_extraction,needs_manual_extraction,needs_manual_extraction,needs_manual_extraction,,,needs_manual_extraction,needs_manual_extraction,needs_manual_extraction
PMID:40598275,needs_manual_extraction,PubMed,40598275,https://pubmed.ncbi.nlm.nih.gov/40598275/,10.1186/s12916-025-04189-6,40598275,needs_manual_extraction,,,needs_manual_extraction,needs_manual_extraction,needs_manual_extraction,needs_manual_extraction,,,needs_manual_extraction,needs_manual_extraction,needs_manual_extraction
PMID:41321998,needs_manual_extraction,PubMed,41321998,https://pubmed.ncbi.nlm.nih.gov/41321998/,10.1016/j.csbj.2025.11.021,41321998,needs_manual_extraction,,,needs_manual_extraction,needs_manual_extraction,needs_manual_extraction,needs_manual_extraction,,,needs_manual_extraction,needs_manual_extraction,needs_manual_extraction
PMID:40385498,needs_manual_extraction,PubMed,40385498,https://pubmed.ncbi.nlm.nih.gov/40385498/,10.1007/s40200-025-01632-6,40385498,synbiotic,,,needs_manual_extraction,needs_manual_extraction,needs_manual_extraction,needs_manual_extraction,needs_manual_extraction,needs_manual_extraction,needs_manual_extraction,needs_manual_extraction,needs_manual_extraction
PMID:38542727,needs_manual_extraction,PubMed,38542727,https://pubmed.ncbi.nlm.nih.gov/38542727/,10.3390/nu16060815,38542727,needs_manual_extraction,Bifidobacterium longum,BB536;MCC1274,needs_manual_extraction,needs_manual_extraction,needs_manual_extraction,needs_manual_extraction,,,needs_manual_extraction,needs_manual_extraction,needs_manual_extraction
PMID:39456659,needs_manual_extraction,PubMed,39456659,https://pubmed.ncbi.nlm.nih.gov/39456659/,10.3390/ijms252010871,39456659,needs_manual_extraction,Bifidobacterium breve,BBr60,needs_manual_extraction,needs_manual_extraction,needs_manual_extraction,needs_manual_extraction,,,needs_manual_extraction,needs_manual_extraction,needs_manual_extraction
PMID:39051504,needs_manual_extraction,PubMed,39051504,https://pubmed.ncbi.nlm.nih.gov/39051504/,10.1039/d4fo00535j,39051504,needs_manual_extraction,Bifidobacterium lactis,IDCC 4301,needs_manual_extraction,needs_manual_extraction,needs_manual_extraction,needs_manual_extraction,,,needs_manual_extraction,needs_manual_extraction,needs_manual_extraction
PMID:38999741,needs_manual_extraction,PubMed,38999741,https://pubmed.ncbi.nlm.nih.gov/38999741/,10.3390/nu16131993,38999741,needs_manual_extraction,Lacticaseibacillus paracasei,BEPC22;BELP53;BN-202M,needs_manual_extraction,needs_manual_extraction,needs_manual_extraction,needs_manual_extraction,,,needs_manual_extraction,needs_manual_extraction,needs_manual_extraction
PMID:37836532,needs_manual_extraction,PubMed,37836532,https://pubmed.ncbi.nlm.nih.gov/37836532/,10.3390/nu15194248,37836532,synbiotic,,,needs_manual_extraction,needs_manual_extraction,needs_manual_extraction,needs_manual_extraction,needs_manual_extraction,needs_manual_extraction,needs_manual_extraction,needs_manual_extraction,needs_manual_extraction
PMID:36606510,needs_manual_extraction,PubMed,36606510,https://pubmed.ncbi.nlm.nih.gov/36606510/,10.1002/edm2.402,36606510,probiotic,,,needs_manual_extraction,needs_manual_extraction,needs_manual_extraction,needs_manual_extraction,needs_manual_extraction,needs_manual_extraction,needs_manual_extraction,needs_manual_extraction,needs_manual_extraction
PMID:37580231,needs_manual_extraction,PubMed,37580231,https://pubmed.ncbi.nlm.nih.gov/37580231/,10.1016/j.numecd.2023.07.030,37580231,probiotic,,,needs_manual_extraction,needs_manual_extraction,needs_manual_extraction,needs_manual_extraction,,,needs_manual_extraction,needs_manual_extraction,needs_manual_extraction
PMID:37424169,needs_manual_extraction,PubMed,37424169,https://pubmed.ncbi.nlm.nih.gov/37424169/,10.1002/oby.23801,37424169,synbiotic,,,needs_manual_extraction,needs_manual_extraction,needs_manual_extraction,needs_manual_extraction,needs_manual_extraction,needs_manual_extraction,needs_manual_extraction,needs_manual_extraction,needs_manual_extraction
PMID:36352899,needs_manual_extraction,PubMed,36352899,https://pubmed.ncbi.nlm.nih.gov/36352899/,10.3389/fnut.2022.1007506,36352899,needs_manual_extraction,,,needs_manual_extraction,needs_manual_extraction,needs_manual_extraction,needs_manual_extraction,,,needs_manual_extraction,needs_manual_extraction,needs_manual_extraction
PMID:34434546,needs_manual_extraction,PubMed,34434546,https://pubmed.ncbi.nlm.nih.gov/34434546/,10.1016/j.amsu.2021.102548,34434546,synbiotic,,,needs_manual_extraction,needs_manual_extraction,needs_manual_extraction,needs_manual_extraction,needs_manual_extraction,needs_manual_extraction,needs_manual_extraction,needs_manual_extraction,needs_manual_extraction
NCT:NCT04611477,needs_manual_extraction,ClinicalTrials.gov,NCT04611477,https://clinicaltrials.gov/study/NCT04611477,,,synbiotic,,,needs_manual_extraction,needs_manual_extraction,needs_manual_extraction,needs_manual_extraction,needs_manual_extraction,needs_manual_extraction,needs_manual_extraction,needs_manual_extraction,needs_manual_extraction
NCT:NCT04642482,needs_manual_extraction,ClinicalTrials.gov,NCT04642482,https://clinicaltrials.gov/study/NCT04642482,,,synbiotic,,,needs_manual_extraction,needs_manual_extraction,needs_manual_extraction,needs_manual_extraction,needs_manual_extraction,needs_manual_extraction,needs_manual_extraction,needs_manual_extraction,needs_manual_extraction
PMID:30525950,needs_manual_extraction,PubMed,30525950,https://pubmed.ncbi.nlm.nih.gov/30525950/,10.3920/BM2018.0028,30525950,probiotic,,,needs_manual_extraction,needs_manual_extraction,needs_manual_extraction,needs_manual_extraction,needs_manual_extraction,needs_manual_extraction,needs_manual_extraction,needs_manual_extraction,needs_manual_extraction
NCT:NCT02893943,needs_manual_extraction,ClinicalTrials.gov,NCT02893943,https://clinicaltrials.gov/study/NCT02893943,,,probiotic,,,needs_manual_extraction,needs_manual_extraction,needs_manual_extraction,needs_manual_extraction,,,needs_manual_extraction,needs_manual_extraction,needs_manual_extraction
NCT:NCT05423015,needs_manual_extraction,ClinicalTrials.gov,NCT05423015,https://clinicaltrials.gov/study/NCT05423015,,,synbiotic,,,needs_manual_extraction,needs_manual_extraction,needs_manual_extraction,needs_manual_extraction,needs_manual_extraction,needs_manual_extraction,needs_manual_extraction,needs_manual_extraction,needs_manual_extraction
PMID:28792488,needs_manual_extraction,PubMed,28792488,https://pubmed.ncbi.nlm.nih.gov/28792488/,10.1038/ijo.2017.161,28792488,needs_manual_extraction,Lactobacillus on,,needs_manual_extraction,needs_manual_extraction,needs_manual_extraction,needs_manual_extraction,,,needs_manual_extraction,needs_manual_extraction,needs_manual_extraction
PMID:27810310,needs_manual_extraction,PubMed,27810310,https://pubmed.ncbi.nlm.nih.gov/27810310/,10.1016/j.ebiom.2016.10.036,27810310,probiotic,,,needs_manual_extraction,needs_manual_extraction,needs_manual_extraction,needs_manual_extraction,,,needs_manual_extraction,needs_manual_extraction,needs_manual_extraction
NCT:NCT02217579,needs_manual_extraction,ClinicalTrials.gov,NCT02217579,https://clinicaltrials.gov/study/NCT02217579,,,prebiotic,,,needs_manual_extraction,needs_manual_extraction,needs_manual_extraction,needs_manual_extraction,needs_manual_extraction,needs_manual_extraction,needs_manual_extraction,needs_manual_extraction,needs_manual_extraction
NCT:NCT01433120,needs_manual_extraction,ClinicalTrials.gov,NCT01433120,https://clinicaltrials.gov/study/NCT01433120,,,needs_manual_extraction,,,needs_manual_extraction,needs_manual_extraction,needs_manual_extraction,needs_manual_extraction,,,needs_manual_extraction,needs_manual_extraction,needs_manual_extraction
NCT:NCT01004120,needs_manual_extraction,ClinicalTrials.gov,NCT01004120,https://clinicaltrials.gov/study/NCT01004120,,,prebiotic,,,needs_manual_extraction,needs_manual_extraction,needs_manual_extraction,needs_manual_extraction,needs_manual_extraction,needs_manual_extraction,needs_manual_extraction,needs_manual_extraction,needs_manual_extraction
NCT:NCT07593170,needs_manual_extraction,ClinicalTrials.gov,NCT07593170,https://clinicaltrials.gov/study/NCT07593170,,,needs_manual_extraction,,,needs_manual_extraction,needs_manual_extraction,needs_manual_extraction,needs_manual_extraction,,,needs_manual_extraction,needs_manual_extraction,needs_manual_extraction
NCT:NCT07559227,needs_manual_extraction,ClinicalTrials.gov,NCT07559227,https://clinicaltrials.gov/study/NCT07559227,,,needs_manual_extraction,,,needs_manual_extraction,needs_manual_extraction,needs_manual_extraction,needs_manual_extraction,,,needs_manual_extraction,needs_manual_extraction,needs_manual_extraction
NCT:NCT07517757,needs_manual_extraction,ClinicalTrials.gov,NCT07517757,https://clinicaltrials.gov/study/NCT07517757,,,needs_manual_extraction,,,needs_manual_extraction,needs_manual_extraction,needs_manual_extraction,needs_manual_extraction,,,needs_manual_extraction,needs_manual_extraction,needs_manual_extraction
NCT:NCT07507929,needs_manual_extraction,ClinicalTrials.gov,NCT07507929,https://clinicaltrials.gov/study/NCT07507929,,,probiotic,,,needs_manual_extraction,needs_manual_extraction,needs_manual_extraction,needs_manual_extraction,,,needs_manual_extraction,needs_manual_extraction,needs_manual_extraction
EUROPEPMC:42120725,needs_manual_extraction,PubMed,42120725,https://europepmc.org/article/MED/42120725,10.1038/s41591-026-04394-7,42120725,needs_manual_extraction,Akkermansia muciniphila,,needs_manual_extraction,needs_manual_extraction,needs_manual_extraction,needs_manual_extraction,,,needs_manual_extraction,needs_manual_extraction,needs_manual_extraction
EUROPEPMC:41921070,needs_manual_extraction,PubMed,41921070,https://europepmc.org/article/MED/41921070,10.1093/lambio/ovag041,41921070,probiotic,,,needs_manual_extraction,needs_manual_extraction,needs_manual_extraction,needs_manual_extraction,,,needs_manual_extraction,needs_manual_extraction,needs_manual_extraction
EUROPEPMC:41938967,needs_manual_extraction,PubMed,41938967,https://europepmc.org/article/MED/41938967,10.3389/fpubh.2026.1767108,41938967,probiotic,,,needs_manual_extraction,needs_manual_extraction,needs_manual_extraction,needs_manual_extraction,,,needs_manual_extraction,needs_manual_extraction,needs_manual_extraction
EUROPEPMC:42074987,needs_manual_extraction,PubMed,42074987,https://europepmc.org/article/MED/42074987,10.3390/nu18081174,42074987,postbiotic,Limosilactobacillus fermentum,,needs_manual_extraction,needs_manual_extraction,needs_manual_extraction,needs_manual_extraction,,,needs_manual_extraction,needs_manual_extraction,needs_manual_extraction
EUROPEPMC:41814326,needs_manual_extraction,PubMed,41814326,https://europepmc.org/article/MED/41814326,10.1186/s12986-026-01101-8,41814326,synbiotic,,,needs_manual_extraction,needs_manual_extraction,needs_manual_extraction,needs_manual_extraction,needs_manual_extraction,needs_manual_extraction,needs_manual_extraction,needs_manual_extraction,needs_manual_extraction
EUROPEPMC:41494682,needs_manual_extraction,PubMed,41494682,https://europepmc.org/article/MED/41494682,10.7570/jomes25045,41494682,probiotic,,,needs_manual_extraction,needs_manual_extraction,needs_manual_extraction,needs_manual_extraction,,,needs_manual_extraction,needs_manual_extraction,needs_manual_extraction
EUROPEPMC:42141362,needs_manual_extraction,PubMed,42141362,https://europepmc.org/article/MED/42141362,10.1002/oby.70224,42141362,needs_manual_extraction,,,needs_manual_extraction,needs_manual_extraction,needs_manual_extraction,needs_manual_extraction,,,needs_manual_extraction,needs_manual_extraction,needs_manual_extraction
PMID:41524907,needs_manual_extraction,PubMed,41524907,https://pubmed.ncbi.nlm.nih.gov/41524907/,10.1007/s00394-025-03873-w,41524907,needs_manual_extraction,,,needs_manual_extraction,needs_manual_extraction,needs_manual_extraction,needs_manual_extraction,,,needs_manual_extraction,needs_manual_extraction,needs_manual_extraction
PMID:41410576,needs_manual_extraction,PubMed,41410576,https://pubmed.ncbi.nlm.nih.gov/41410576/,10.1039/d5fo01687h,41410576,probiotic,,,needs_manual_extraction,needs_manual_extraction,needs_manual_extraction,needs_manual_extraction,,,needs_manual_extraction,needs_manual_extraction,needs_manual_extraction
NCT:NCT06780007,needs_manual_extraction,ClinicalTrials.gov,NCT06780007,https://clinicaltrials.gov/study/NCT06780007,,,needs_manual_extraction,,,needs_manual_extraction,needs_manual_extraction,needs_manual_extraction,needs_manual_extraction,,,needs_manual_extraction,needs_manual_extraction,needs_manual_extraction
NCT:NCT07515443,needs_manual_extraction,ClinicalTrials.gov,NCT07515443,https://clinicaltrials.gov/study/NCT07515443,,,synbiotic,,,needs_manual_extraction,needs_manual_extraction,needs_manual_extraction,needs_manual_extraction,needs_manual_extraction,needs_manual_extraction,needs_manual_extraction,needs_manual_extraction,needs_manual_extraction
EUROPEPMC:41455007,needs_manual_extraction,PubMed,41455007,https://europepmc.org/article/MED/41455007,10.1007/s12602-025-10885-9,41455007,needs_manual_extraction,,IL-27;BBr60,needs_manual_extraction,needs_manual_extraction,needs_manual_extraction,needs_manual_extraction,,,needs_manual_extraction,needs_manual_extraction,needs_manual_extraction
EUROPEPMC:40987620,needs_manual_extraction,PubMed,40987620,https://europepmc.org/article/MED/40987620,10.1016/j.orcp.2025.08.010,40987620,synbiotic,,,needs_manual_extraction,needs_manual_extraction,needs_manual_extraction,needs_manual_extraction,needs_manual_extraction,needs_manual_extraction,needs_manual_extraction,needs_manual_extraction,needs_manual_extraction
PMID:40066582,needs_manual_extraction,PubMed,40066582,https://pubmed.ncbi.nlm.nih.gov/40066582/,10.20960/nh.05563,40066582,probiotic,,,needs_manual_extraction,needs_manual_extraction,needs_manual_extraction,needs_manual_extraction,,,needs_manual_extraction,needs_manual_extraction,needs_manual_extraction
PMID:39842252,needs_manual_extraction,PubMed,39842252,https://pubmed.ncbi.nlm.nih.gov/39842252/,10.1016/j.clnu.2024.12.031,39842252,probiotic,,,needs_manual_extraction,needs_manual_extraction,needs_manual_extraction,needs_manual_extraction,,,needs_manual_extraction,needs_manual_extraction,needs_manual_extraction
PMID:39981988,needs_manual_extraction,PubMed,39981988,https://pubmed.ncbi.nlm.nih.gov/39981988/,10.1002/mnfr.202400806,39981988,needs_manual_extraction,,,needs_manual_extraction,needs_manual_extraction,needs_manual_extraction,needs_manual_extraction,,,needs_manual_extraction,needs_manual_extraction,needs_manual_extraction
PMID:40902730,needs_manual_extraction,PubMed,40902730,https://pubmed.ncbi.nlm.nih.gov/40902730/,10.1016/j.tjnut.2025.08.026,40902730,probiotic,,,needs_manual_extraction,needs_manual_extraction,needs_manual_extraction,needs_manual_extraction,,,needs_manual_extraction,needs_manual_extraction,needs_manual_extraction
NCT:NCT06710106,needs_manual_extraction,ClinicalTrials.gov,NCT06710106,https://clinicaltrials.gov/study/NCT06710106,,,prebiotic,,,needs_manual_extraction,needs_manual_extraction,needs_manual_extraction,needs_manual_extraction,needs_manual_extraction,needs_manual_extraction,needs_manual_extraction,needs_manual_extraction,needs_manual_extraction
NCT:NCT06305650,needs_manual_extraction,ClinicalTrials.gov,NCT06305650,https://clinicaltrials.gov/study/NCT06305650,,,probiotic,,,needs_manual_extraction,needs_manual_extraction,needs_manual_extraction,needs_manual_extraction,,,needs_manual_extraction,needs_manual_extraction,needs_manual_extraction
NCT:NCT05949255,needs_manual_extraction,ClinicalTrials.gov,NCT05949255,https://clinicaltrials.gov/study/NCT05949255,,,probiotic,,,needs_manual_extraction,needs_manual_extraction,needs_manual_extraction,needs_manual_extraction,,,needs_manual_extraction,needs_manual_extraction,needs_manual_extraction
NCT:NCT06213480,needs_manual_extraction,ClinicalTrials.gov,NCT06213480,https://clinicaltrials.gov/study/NCT06213480,,,synbiotic,,,needs_manual_extraction,needs_manual_extraction,needs_manual_extraction,needs_manual_extraction,needs_manual_extraction,needs_manual_extraction,needs_manual_extraction,needs_manual_extraction,needs_manual_extraction
EUROPEPMC:38072119,needs_manual_extraction,PubMed,38072119,https://europepmc.org/article/MED/38072119,10.1016/j.advnut.2023.100162,38072119,probiotic,,,needs_manual_extraction,needs_manual_extraction,needs_manual_extraction,needs_manual_extraction,,,needs_manual_extraction,needs_manual_extraction,needs_manual_extraction
PMID:39594072,needs_manual_extraction,PubMed,39594072,https://pubmed.ncbi.nlm.nih.gov/39594072/,10.3390/foods13223655,39594072,needs_manual_extraction,Bifidobacterium breve,BBr60,needs_manual_extraction,needs_manual_extraction,needs_manual_extraction,needs_manual_extraction,,,needs_manual_extraction,needs_manual_extraction,needs_manual_extraction
PMID:38999802,needs_manual_extraction,PubMed,38999802,https://pubmed.ncbi.nlm.nih.gov/38999802/,10.3390/nu16132055,38999802,probiotic,,,needs_manual_extraction,needs_manual_extraction,needs_manual_extraction,needs_manual_extraction,,,needs_manual_extraction,needs_manual_extraction,needs_manual_extraction
PMID:39574069,needs_manual_extraction,PubMed,39574069,https://pubmed.ncbi.nlm.nih.gov/39574069/,10.1186/s12916-024-03744-x,39574069,needs_manual_extraction,,,needs_manual_extraction,needs_manual_extraction,needs_manual_extraction,needs_manual_extraction,,,needs_manual_extraction,needs_manual_extraction,needs_manual_extraction
PMID:39117856,needs_manual_extraction,PubMed,39117856,https://pubmed.ncbi.nlm.nih.gov/39117856/,10.1007/s11695-024-07437-5,39117856,probiotic,,,needs_manual_extraction,needs_manual_extraction,needs_manual_extraction,needs_manual_extraction,,,needs_manual_extraction,needs_manual_extraction,needs_manual_extraction
PMID:39298907,needs_manual_extraction,PubMed,39298907,https://pubmed.ncbi.nlm.nih.gov/39298907/,10.1016/j.dsx.2024.103118,39298907,needs_manual_extraction,,,needs_manual_extraction,needs_manual_extraction,needs_manual_extraction,needs_manual_extraction,,,needs_manual_extraction,needs_manual_extraction,needs_manual_extraction
NCT:NCT05908474,needs_manual_extraction,ClinicalTrials.gov,NCT05908474,https://clinicaltrials.gov/study/NCT05908474,,,needs_manual_extraction,,,needs_manual_extraction,needs_manual_extraction,needs_manual_extraction,needs_manual_extraction,,,needs_manual_extraction,needs_manual_extraction,needs_manual_extraction
NCT:NCT07492485,needs_manual_extraction,ClinicalTrials.gov,NCT07492485,https://clinicaltrials.gov/study/NCT07492485,,,needs_manual_extraction,,,needs_manual_extraction,needs_manual_extraction,needs_manual_extraction,needs_manual_extraction,,,needs_manual_extraction,needs_manual_extraction,needs_manual_extraction
NCT:NCT06030999,needs_manual_extraction,ClinicalTrials.gov,NCT06030999,https://clinicaltrials.gov/study/NCT06030999,,,probiotic,,,needs_manual_extraction,needs_manual_extraction,needs_manual_extraction,needs_manual_extraction,needs_manual_extraction,needs_manual_extraction,needs_manual_extraction,needs_manual_extraction,needs_manual_extraction
NCT:NCT07448220,needs_manual_extraction,ClinicalTrials.gov,NCT07448220,https://clinicaltrials.gov/study/NCT07448220,,,probiotic,,,needs_manual_extraction,needs_manual_extraction,needs_manual_extraction,needs_manual_extraction,,,needs_manual_extraction,needs_manual_extraction,needs_manual_extraction
NCT:NCT07452757,needs_manual_extraction,ClinicalTrials.gov,NCT07452757,https://clinicaltrials.gov/study/NCT07452757,,,needs_manual_extraction,,,needs_manual_extraction,needs_manual_extraction,needs_manual_extraction,needs_manual_extraction,,,needs_manual_extraction,needs_manual_extraction,needs_manual_extraction
NCT:NCT06035718,needs_manual_extraction,ClinicalTrials.gov,NCT06035718,https://clinicaltrials.gov/study/NCT06035718,,,probiotic,,,needs_manual_extraction,needs_manual_extraction,needs_manual_extraction,needs_manual_extraction,,,needs_manual_extraction,needs_manual_extraction,needs_manual_extraction
PMID:37929031,needs_manual_extraction,PubMed,37929031,https://pubmed.ncbi.nlm.nih.gov/37929031/,10.3389/fendo.2023.1237882,37929031,synbiotic,,,needs_manual_extraction,needs_manual_extraction,needs_manual_extraction,needs_manual_extraction,needs_manual_extraction,needs_manual_extraction,needs_manual_extraction,needs_manual_extraction,needs_manual_extraction
PMID:37875559,needs_manual_extraction,PubMed,37875559,https://pubmed.ncbi.nlm.nih.gov/37875559/,10.1038/s41598-023-45395-7,37875559,probiotic,,,needs_manual_extraction,needs_manual_extraction,needs_manual_extraction,needs_manual_extraction,,,needs_manual_extraction,needs_manual_extraction,needs_manual_extraction
PMID:37239916,needs_manual_extraction,PubMed,37239916,https://pubmed.ncbi.nlm.nih.gov/37239916/,10.3390/ijms24108567,37239916,probiotic,,,needs_manual_extraction,needs_manual_extraction,needs_manual_extraction,needs_manual_extraction,,,needs_manual_extraction,needs_manual_extraction,needs_manual_extraction
NCT:NCT05002153,needs_manual_extraction,ClinicalTrials.gov,NCT05002153,https://clinicaltrials.gov/study/NCT05002153,,,needs_manual_extraction,,,needs_manual_extraction,needs_manual_extraction,needs_manual_extraction,needs_manual_extraction,,,needs_manual_extraction,needs_manual_extraction,needs_manual_extraction
PMID:36435795,needs_manual_extraction,PubMed,36435795,https://pubmed.ncbi.nlm.nih.gov/36435795/,10.1186/s13063-022-06922-5,36435795,needs_manual_extraction,,,needs_manual_extraction,needs_manual_extraction,needs_manual_extraction,needs_manual_extraction,,,needs_manual_extraction,needs_manual_extraction,needs_manual_extraction
PMID:35845797,needs_manual_extraction,PubMed,35845797,https://pubmed.ncbi.nlm.nih.gov/35845797/,10.3389/fnut.2022.898037,35845797,synbiotic,,,needs_manual_extraction,needs_manual_extraction,needs_manual_extraction,needs_manual_extraction,needs_manual_extraction,needs_manual_extraction,needs_manual_extraction,needs_manual_extraction,needs_manual_extraction
PMID:35264213,needs_manual_extraction,PubMed,35264213,https://pubmed.ncbi.nlm.nih.gov/35264213/,10.1186/s13073-022-01015-z,35264213,needs_manual_extraction,,,needs_manual_extraction,needs_manual_extraction,needs_manual_extraction,needs_manual_extraction,,,needs_manual_extraction,needs_manual_extraction,needs_manual_extraction
PMID:35807808,needs_manual_extraction,PubMed,35807808,https://pubmed.ncbi.nlm.nih.gov/35807808/,10.3390/nu14132627,35807808,needs_manual_extraction,,,needs_manual_extraction,needs_manual_extraction,needs_manual_extraction,needs_manual_extraction,,,needs_manual_extraction,needs_manual_extraction,needs_manual_extraction
EUROPEPMC:35126309,needs_manual_extraction,PubMed,35126309,https://europepmc.org/article/MED/35126309,10.3389/fendo.2021.790046,35126309,needs_manual_extraction,Lactobacillus plantarum,K50,needs_manual_extraction,needs_manual_extraction,needs_manual_extraction,needs_manual_extraction,,,needs_manual_extraction,needs_manual_extraction,needs_manual_extraction
NCT:NCT05459909,needs_manual_extraction,ClinicalTrials.gov,NCT05459909,https://clinicaltrials.gov/study/NCT05459909,,,synbiotic,,,needs_manual_extraction,needs_manual_extraction,needs_manual_extraction,needs_manual_extraction,needs_manual_extraction,needs_manual_extraction,needs_manual_extraction,needs_manual_extraction,needs_manual_extraction
NCT:NCT03749291,needs_manual_extraction,ClinicalTrials.gov,NCT03749291,https://clinicaltrials.gov/study/NCT03749291,,,needs_manual_extraction,,,needs_manual_extraction,needs_manual_extraction,needs_manual_extraction,needs_manual_extraction,,,needs_manual_extraction,needs_manual_extraction,needs_manual_extraction
NCT:NCT05664321,needs_manual_extraction,ClinicalTrials.gov,NCT05664321,https://clinicaltrials.gov/study/NCT05664321,,,needs_manual_extraction,,,needs_manual_extraction,needs_manual_extraction,needs_manual_extraction,needs_manual_extraction,,,needs_manual_extraction,needs_manual_extraction,needs_manual_extraction
PMID:31780038,needs_manual_extraction,PubMed,31780038,https://pubmed.ncbi.nlm.nih.gov/31780038/,10.1016/j.ctim.2019.102216,31780038,synbiotic,,,needs_manual_extraction,needs_manual_extraction,needs_manual_extraction,needs_manual_extraction,needs_manual_extraction,needs_manual_extraction,needs_manual_extraction,needs_manual_extraction,needs_manual_extraction
PMID:31162597,needs_manual_extraction,PubMed,31162597,https://pubmed.ncbi.nlm.nih.gov/31162597/,10.1093/jn/nxz071,31162597,probiotic,,A 12-Week,needs_manual_extraction,needs_manual_extraction,needs_manual_extraction,needs_manual_extraction,needs_manual_extraction,needs_manual_extraction,needs_manual_extraction,needs_manual_extraction,needs_manual_extraction
PMID:30924853,needs_manual_extraction,PubMed,30924853,https://pubmed.ncbi.nlm.nih.gov/30924853/,10.1093/nutrit/nuz001,30924853,probiotic,,,needs_manual_extraction,needs_manual_extraction,needs_manual_extraction,needs_manual_extraction,needs_manual_extraction,needs_manual_extraction,needs_manual_extraction,needs_manual_extraction,needs_manual_extraction
NCT:NCT03477916,needs_manual_extraction,ClinicalTrials.gov,NCT03477916,https://clinicaltrials.gov/study/NCT03477916,,,needs_manual_extraction,,,needs_manual_extraction,needs_manual_extraction,needs_manual_extraction,needs_manual_extraction,,,needs_manual_extraction,needs_manual_extraction,needs_manual_extraction
NCT:NCT04042181,needs_manual_extraction,ClinicalTrials.gov,NCT04042181,https://clinicaltrials.gov/study/NCT04042181,,,probiotic,,,needs_manual_extraction,needs_manual_extraction,needs_manual_extraction,needs_manual_extraction,,,needs_manual_extraction,needs_manual_extraction,needs_manual_extraction
NCT:NCT04201938,needs_manual_extraction,ClinicalTrials.gov,NCT04201938,https://clinicaltrials.gov/study/NCT04201938,,,probiotic,,,needs_manual_extraction,needs_manual_extraction,needs_manual_extraction,needs_manual_extraction,,,needs_manual_extraction,needs_manual_extraction,needs_manual_extraction
PMID:29688793,needs_manual_extraction,PubMed,29688793,https://pubmed.ncbi.nlm.nih.gov/29688793/,10.1089/jmf.2017.3937,29688793,needs_manual_extraction,Lactobacillus gasseri,BNR17,needs_manual_extraction,needs_manual_extraction,needs_manual_extraction,needs_manual_extraction,,,needs_manual_extraction,needs_manual_extraction,needs_manual_extraction
NCT:NCT03135041,needs_manual_extraction,ClinicalTrials.gov,NCT03135041,https://clinicaltrials.gov/study/NCT03135041,,,prebiotic,,,needs_manual_extraction,needs_manual_extraction,needs_manual_extraction,needs_manual_extraction,needs_manual_extraction,needs_manual_extraction,needs_manual_extraction,needs_manual_extraction,needs_manual_extraction
NCT:NCT02958644,needs_manual_extraction,ClinicalTrials.gov,NCT02958644,https://clinicaltrials.gov/study/NCT02958644,,,synbiotic,,,needs_manual_extraction,needs_manual_extraction,needs_manual_extraction,needs_manual_extraction,needs_manual_extraction,needs_manual_extraction,needs_manual_extraction,needs_manual_extraction,needs_manual_extraction
NCT:NCT03266055,needs_manual_extraction,ClinicalTrials.gov,NCT03266055,https://clinicaltrials.gov/study/NCT03266055,,,needs_manual_extraction,,,needs_manual_extraction,needs_manual_extraction,needs_manual_extraction,needs_manual_extraction,,,needs_manual_extraction,needs_manual_extraction,needs_manual_extraction
NCT:NCT03883191,needs_manual_extraction,ClinicalTrials.gov,NCT03883191,https://clinicaltrials.gov/study/NCT03883191,,,probiotic,,,needs_manual_extraction,needs_manual_extraction,needs_manual_extraction,needs_manual_extraction,,,needs_manual_extraction,needs_manual_extraction,needs_manual_extraction
NCT:NCT03287726,needs_manual_extraction,ClinicalTrials.gov,NCT03287726,https://clinicaltrials.gov/study/NCT03287726,,,probiotic,,,needs_manual_extraction,needs_manual_extraction,needs_manual_extraction,needs_manual_extraction,,,needs_manual_extraction,needs_manual_extraction,needs_manual_extraction
NCT:NCT02127125,needs_manual_extraction,ClinicalTrials.gov,NCT02127125,https://clinicaltrials.gov/study/NCT02127125,,,needs_manual_extraction,,,needs_manual_extraction,needs_manual_extraction,needs_manual_extraction,needs_manual_extraction,,,needs_manual_extraction,needs_manual_extraction,needs_manual_extraction
PMID:24184299,needs_manual_extraction,PubMed,24184299,https://pubmed.ncbi.nlm.nih.gov/24184299/,10.1016/j.jped.2013.07.003,24184299,synbiotic,,,needs_manual_extraction,needs_manual_extraction,needs_manual_extraction,needs_manual_extraction,needs_manual_extraction,needs_manual_extraction,needs_manual_extraction,needs_manual_extraction,needs_manual_extraction
NCT:NCT01870544,needs_manual_extraction,ClinicalTrials.gov,NCT01870544,https://clinicaltrials.gov/study/NCT01870544,,,probiotic,,,needs_manual_extraction,needs_manual_extraction,needs_manual_extraction,needs_manual_extraction,,,needs_manual_extraction,needs_manual_extraction,needs_manual_extraction
PMID:23560206,needs_manual_extraction,PubMed,23560206,https://pubmed.ncbi.nlm.nih.gov/23560206/,10.4082/kjfm.2013.34.2.80,23560206,needs_manual_extraction,Lactobacillus gasseri,BNR17,needs_manual_extraction,needs_manual_extraction,needs_manual_extraction,needs_manual_extraction,,,needs_manual_extraction,needs_manual_extraction,needs_manual_extraction
NCT:NCT05671731,needs_manual_extraction,ClinicalTrials.gov,NCT05671731,https://clinicaltrials.gov/study/NCT05671731,,,prebiotic,,,needs_manual_extraction,needs_manual_extraction,needs_manual_extraction,needs_manual_extraction,needs_manual_extraction,needs_manual_extraction,needs_manual_extraction,needs_manual_extraction,needs_manual_extraction
NCT:NCT01650025,needs_manual_extraction,ClinicalTrials.gov,NCT01650025,https://clinicaltrials.gov/study/NCT01650025,,,needs_manual_extraction,,,needs_manual_extraction,needs_manual_extraction,needs_manual_extraction,needs_manual_extraction,,,needs_manual_extraction,needs_manual_extraction,needs_manual_extraction
PMID:20216555,needs_manual_extraction,PubMed,20216555,https://pubmed.ncbi.nlm.nih.gov/20216555/,10.1038/ejcn.2010.19,20216555,probiotic,Lactobacillus gasseri,SBT2055,needs_manual_extraction,needs_manual_extraction,needs_manual_extraction,needs_manual_extraction,,,needs_manual_extraction,needs_manual_extraction,needs_manual_extraction
NCT:NCT00522353,needs_manual_extraction,ClinicalTrials.gov,NCT00522353,https://clinicaltrials.gov/study/NCT00522353,,,prebiotic,,,needs_manual_extraction,needs_manual_extraction,needs_manual_extraction,needs_manual_extraction,needs_manual_extraction,needs_manual_extraction,needs_manual_extraction,needs_manual_extraction,needs_manual_extraction
NCT:NCT07565675,needs_manual_extraction,ClinicalTrials.gov,NCT07565675,https://clinicaltrials.gov/study/NCT07565675,,,prebiotic,,,needs_manual_extraction,needs_manual_extraction,needs_manual_extraction,needs_manual_extraction,needs_manual_extraction,needs_manual_extraction,needs_manual_extraction,needs_manual_extraction,needs_manual_extraction
NCT:NCT07400367,needs_manual_extraction,ClinicalTrials.gov,NCT07400367,https://clinicaltrials.gov/study/NCT07400367,,,probiotic,,,needs_manual_extraction,needs_manual_extraction,needs_manual_extraction,needs_manual_extraction,,,needs_manual_extraction,needs_manual_extraction,needs_manual_extraction
NCT:NCT07386795,needs_manual_extraction,ClinicalTrials.gov,NCT07386795,https://clinicaltrials.gov/study/NCT07386795,,,prebiotic,,,needs_manual_extraction,needs_manual_extraction,needs_manual_extraction,needs_manual_extraction,needs_manual_extraction,needs_manual_extraction,needs_manual_extraction,needs_manual_extraction,needs_manual_extraction
EUROPEPMC:41924306,needs_manual_extraction,PubMed,41924306,https://europepmc.org/article/MED/41924306,10.1080/29933935.2026.2622259,41924306,needs_manual_extraction,Akkermansia muciniphila,,needs_manual_extraction,needs_manual_extraction,needs_manual_extraction,needs_manual_extraction,,,needs_manual_extraction,needs_manual_extraction,needs_manual_extraction
EUROPEPMC:42091844,needs_manual_extraction,PubMed,42091844,https://europepmc.org/article/MED/42091844,10.1007/s11695-026-08706-1,42091844,probiotic,,,needs_manual_extraction,needs_manual_extraction,needs_manual_extraction,needs_manual_extraction,,,needs_manual_extraction,needs_manual_extraction,needs_manual_extraction
EUROPEPMC:10.21203/rs.3.rs-8449196/v1,needs_manual_extraction,publisher supplementary data,10.21203/rs.3.rs-8449196/v1,,10.21203/rs.3.rs-8449196/v1,,probiotic,,,needs_manual_extraction,needs_manual_extraction,needs_manual_extraction,needs_manual_extraction,,,needs_manual_extraction,needs_manual_extraction,needs_manual_extraction
EUROPEPMC:42052391,needs_manual_extraction,PubMed,42052391,https://europepmc.org/article/MED/42052391,10.3389/fmicb.2026.1791192,42052391,probiotic,,,needs_manual_extraction,needs_manual_extraction,needs_manual_extraction,needs_manual_extraction,,,needs_manual_extraction,needs_manual_extraction,needs_manual_extraction
EUROPEPMC:41776555,needs_manual_extraction,PubMed,41776555,https://europepmc.org/article/MED/41776555,10.1186/s13048-025-01959-x,41776555,needs_manual_extraction,,,needs_manual_extraction,needs_manual_extraction,needs_manual_extraction,needs_manual_extraction,,,needs_manual_extraction,needs_manual_extraction,needs_manual_extraction
EUROPEPMC:41612500,needs_manual_extraction,PubMed,41612500,https://europepmc.org/article/MED/41612500,10.1186/s40001-026-03901-3,41612500,synbiotic,,,needs_manual_extraction,needs_manual_extraction,needs_manual_extraction,needs_manual_extraction,needs_manual_extraction,needs_manual_extraction,needs_manual_extraction,needs_manual_extraction,needs_manual_extraction
EUROPEPMC:41736436,needs_manual_extraction,PubMed,41736436,https://europepmc.org/article/MED/41736436,10.19852/j.cnki.jtcm.2026.01.019,41736436,needs_manual_extraction,,,needs_manual_extraction,needs_manual_extraction,needs_manual_extraction,needs_manual_extraction,,,needs_manual_extraction,needs_manual_extraction,needs_manual_extraction
PMID:42105359,needs_manual_extraction,PubMed,42105359,https://pubmed.ncbi.nlm.nih.gov/42105359/,10.1093/nutrit/nuag049,42105359,needs_manual_extraction,,,needs_manual_extraction,needs_manual_extraction,needs_manual_extraction,needs_manual_extraction,,,needs_manual_extraction,needs_manual_extraction,needs_manual_extraction
NCT:NCT05802121,needs_manual_extraction,ClinicalTrials.gov,NCT05802121,https://clinicaltrials.gov/study/NCT05802121,,,needs_manual_extraction,,,needs_manual_extraction,needs_manual_extraction,needs_manual_extraction,needs_manual_extraction,,,needs_manual_extraction,needs_manual_extraction,needs_manual_extraction
NCT:NCT06823557,needs_manual_extraction,ClinicalTrials.gov,NCT06823557,https://clinicaltrials.gov/study/NCT06823557,,,needs_manual_extraction,,,needs_manual_extraction,needs_manual_extraction,needs_manual_extraction,needs_manual_extraction,,,needs_manual_extraction,needs_manual_extraction,needs_manual_extraction
NCT:NCT07097974,needs_manual_extraction,ClinicalTrials.gov,NCT07097974,https://clinicaltrials.gov/study/NCT07097974,,,needs_manual_extraction,,,needs_manual_extraction,needs_manual_extraction,needs_manual_extraction,needs_manual_extraction,,,needs_manual_extraction,needs_manual_extraction,needs_manual_extraction
NCT:NCT06964932,needs_manual_extraction,ClinicalTrials.gov,NCT06964932,https://clinicaltrials.gov/study/NCT06964932,,,probiotic,,,needs_manual_extraction,needs_manual_extraction,needs_manual_extraction,needs_manual_extraction,,,needs_manual_extraction,needs_manual_extraction,needs_manual_extraction
NCT:NCT06815926,needs_manual_extraction,ClinicalTrials.gov,NCT06815926,https://clinicaltrials.gov/study/NCT06815926,,,probiotic,,,needs_manual_extraction,needs_manual_extraction,needs_manual_extraction,needs_manual_extraction,,,needs_manual_extraction,needs_manual_extraction,needs_manual_extraction
NCT:NCT06987279,needs_manual_extraction,ClinicalTrials.gov,NCT06987279,https://clinicaltrials.gov/study/NCT06987279,,,needs_manual_extraction,,,needs_manual_extraction,needs_manual_extraction,needs_manual_extraction,needs_manual_extraction,,,needs_manual_extraction,needs_manual_extraction,needs_manual_extraction
NCT:NCT06901440,needs_manual_extraction,ClinicalTrials.gov,NCT06901440,https://clinicaltrials.gov/study/NCT06901440,,,needs_manual_extraction,,,needs_manual_extraction,needs_manual_extraction,needs_manual_extraction,needs_manual_extraction,,,needs_manual_extraction,needs_manual_extraction,needs_manual_extraction
NCT:NCT06901739,needs_manual_extraction,ClinicalTrials.gov,NCT06901739,https://clinicaltrials.gov/study/NCT06901739,,,synbiotic,,,needs_manual_extraction,needs_manual_extraction,needs_manual_extraction,needs_manual_extraction,needs_manual_extraction,needs_manual_extraction,needs_manual_extraction,needs_manual_extraction,needs_manual_extraction
EUROPEPMC:40951500,needs_manual_extraction,PubMed,40951500,https://europepmc.org/article/MED/40951500,10.52225/narra.v5i2.1562,40951500,probiotic,,,needs_manual_extraction,needs_manual_extraction,needs_manual_extraction,needs_manual_extraction,,,needs_manual_extraction,needs_manual_extraction,needs_manual_extraction
EUROPEPMC:41413231,needs_manual_extraction,PubMed,41413231,https://europepmc.org/article/MED/41413231,10.1038/s41387-025-00408-4,41413231,synbiotic,,,needs_manual_extraction,needs_manual_extraction,needs_manual_extraction,needs_manual_extraction,needs_manual_extraction,needs_manual_extraction,needs_manual_extraction,needs_manual_extraction,needs_manual_extraction
PMID:40647296,needs_manual_extraction,PubMed,40647296,https://pubmed.ncbi.nlm.nih.gov/40647296/,10.3390/nu17132193,40647296,probiotic,,,needs_manual_extraction,needs_manual_extraction,needs_manual_extraction,needs_manual_extraction,needs_manual_extraction,needs_manual_extraction,needs_manual_extraction,needs_manual_extraction,needs_manual_extraction
PMID:39940263,needs_manual_extraction,PubMed,39940263,https://pubmed.ncbi.nlm.nih.gov/39940263/,10.3390/nu17030405,39940263,probiotic,,A 12-Week,needs_manual_extraction,needs_manual_extraction,needs_manual_extraction,needs_manual_extraction,,,needs_manual_extraction,needs_manual_extraction,needs_manual_extraction
NCT:NCT06722443,needs_manual_extraction,ClinicalTrials.gov,NCT06722443,https://clinicaltrials.gov/study/NCT06722443,,,probiotic,,,needs_manual_extraction,needs_manual_extraction,needs_manual_extraction,needs_manual_extraction,needs_manual_extraction,needs_manual_extraction,needs_manual_extraction,needs_manual_extraction,needs_manual_extraction
NCT:NCT06192693,needs_manual_extraction,ClinicalTrials.gov,NCT06192693,https://clinicaltrials.gov/study/NCT06192693,,,needs_manual_extraction,,,needs_manual_extraction,needs_manual_extraction,needs_manual_extraction,needs_manual_extraction,,,needs_manual_extraction,needs_manual_extraction,needs_manual_extraction
NCT:NCT06795607,needs_manual_extraction,ClinicalTrials.gov,NCT06795607,https://clinicaltrials.gov/study/NCT06795607,,,probiotic,,SF68,needs_manual_extraction,needs_manual_extraction,needs_manual_extraction,needs_manual_extraction,,,needs_manual_extraction,needs_manual_extraction,needs_manual_extraction
NCT:NCT06729671,needs_manual_extraction,ClinicalTrials.gov,NCT06729671,https://clinicaltrials.gov/study/NCT06729671,,,probiotic,,,needs_manual_extraction,needs_manual_extraction,needs_manual_extraction,needs_manual_extraction,,,needs_manual_extraction,needs_manual_extraction,needs_manual_extraction
NCT:NCT06554314,needs_manual_extraction,ClinicalTrials.gov,NCT06554314,https://clinicaltrials.gov/study/NCT06554314,,,probiotic,,,needs_manual_extraction,needs_manual_extraction,needs_manual_extraction,needs_manual_extraction,,,needs_manual_extraction,needs_manual_extraction,needs_manual_extraction
NCT:NCT06974994,needs_manual_extraction,ClinicalTrials.gov,NCT06974994,https://clinicaltrials.gov/study/NCT06974994,,,needs_manual_extraction,,,needs_manual_extraction,needs_manual_extraction,needs_manual_extraction,needs_manual_extraction,,,needs_manual_extraction,needs_manual_extraction,needs_manual_extraction
NCT:NCT06578143,needs_manual_extraction,ClinicalTrials.gov,NCT06578143,https://clinicaltrials.gov/study/NCT06578143,,,synbiotic,,,needs_manual_extraction,needs_manual_extraction,needs_manual_extraction,needs_manual_extraction,needs_manual_extraction,needs_manual_extraction,needs_manual_extraction,needs_manual_extraction,needs_manual_extraction
EUROPEPMC:38674828,needs_manual_extraction,PubMed,38674828,https://europepmc.org/article/MED/38674828,10.3390/nu16081137,38674828,needs_manual_extraction,Lactiplantibacillus plantarum,A 12-Week;SKO-001,needs_manual_extraction,needs_manual_extraction,needs_manual_extraction,needs_manual_extraction,,,needs_manual_extraction,needs_manual_extraction,needs_manual_extraction
PMID:38653887,needs_manual_extraction,PubMed,38653887,https://pubmed.ncbi.nlm.nih.gov/38653887/,10.1007/s11695-024-07225-1,38653887,probiotic,,,needs_manual_extraction,needs_manual_extraction,needs_manual_extraction,needs_manual_extraction,,,needs_manual_extraction,needs_manual_extraction,needs_manual_extraction
NCT:NCT05832190,needs_manual_extraction,ClinicalTrials.gov,NCT05832190,https://clinicaltrials.gov/study/NCT05832190,,,needs_manual_extraction,,,needs_manual_extraction,needs_manual_extraction,needs_manual_extraction,needs_manual_extraction,,,needs_manual_extraction,needs_manual_extraction,needs_manual_extraction
NCT:NCT05826184,needs_manual_extraction,ClinicalTrials.gov,NCT05826184,https://clinicaltrials.gov/study/NCT05826184,,,needs_manual_extraction,,,needs_manual_extraction,needs_manual_extraction,needs_manual_extraction,needs_manual_extraction,,,needs_manual_extraction,needs_manual_extraction,needs_manual_extraction
NCT:NCT05791604,needs_manual_extraction,ClinicalTrials.gov,NCT05791604,https://clinicaltrials.gov/study/NCT05791604,,,probiotic,,,needs_manual_extraction,needs_manual_extraction,needs_manual_extraction,needs_manual_extraction,needs_manual_extraction,needs_manual_extraction,needs_manual_extraction,needs_manual_extraction,needs_manual_extraction
NCT:NCT04809688,needs_manual_extraction,ClinicalTrials.gov,NCT04809688,https://clinicaltrials.gov/study/NCT04809688,,,needs_manual_extraction,,,needs_manual_extraction,needs_manual_extraction,needs_manual_extraction,needs_manual_extraction,,,needs_manual_extraction,needs_manual_extraction,needs_manual_extraction
NCT:NCT05821010,needs_manual_extraction,ClinicalTrials.gov,NCT05821010,https://clinicaltrials.gov/study/NCT05821010,,,synbiotic,,,needs_manual_extraction,needs_manual_extraction,needs_manual_extraction,needs_manual_extraction,needs_manual_extraction,needs_manual_extraction,needs_manual_extraction,needs_manual_extraction,needs_manual_extraction
NCT:NCT06612164,needs_manual_extraction,ClinicalTrials.gov,NCT06612164,https://clinicaltrials.gov/study/NCT06612164,,,needs_manual_extraction,,,needs_manual_extraction,needs_manual_extraction,needs_manual_extraction,needs_manual_extraction,,,needs_manual_extraction,needs_manual_extraction,needs_manual_extraction
EUROPEPMC:38140284,needs_manual_extraction,PubMed,38140284,https://europepmc.org/article/MED/38140284,10.3390/nu15245025,38140284,needs_manual_extraction,,,needs_manual_extraction,needs_manual_extraction,needs_manual_extraction,needs_manual_extraction,,,needs_manual_extraction,needs_manual_extraction,needs_manual_extraction
PMID:37248499,needs_manual_extraction,PubMed,37248499,https://pubmed.ncbi.nlm.nih.gov/37248499/,10.1186/s13063-023-07383-0,37248499,needs_manual_extraction,,HA4597,needs_manual_extraction,needs_manual_extraction,needs_manual_extraction,needs_manual_extraction,,,needs_manual_extraction,needs_manual_extraction,needs_manual_extraction
NCT:NCT05417360,needs_manual_extraction,ClinicalTrials.gov,NCT05417360,https://clinicaltrials.gov/study/NCT05417360,,,needs_manual_extraction,Akkermansia and,,needs_manual_extraction,needs_manual_extraction,needs_manual_extraction,needs_manual_extraction,,,needs_manual_extraction,needs_manual_extraction,needs_manual_extraction
NCT:NCT05353504,needs_manual_extraction,ClinicalTrials.gov,NCT05353504,https://clinicaltrials.gov/study/NCT05353504,,,needs_manual_extraction,,,needs_manual_extraction,needs_manual_extraction,needs_manual_extraction,needs_manual_extraction,,,needs_manual_extraction,needs_manual_extraction,needs_manual_extraction
NCT:NCT05255367,needs_manual_extraction,ClinicalTrials.gov,NCT05255367,https://clinicaltrials.gov/study/NCT05255367,,,needs_manual_extraction,,,needs_manual_extraction,needs_manual_extraction,needs_manual_extraction,needs_manual_extraction,,,needs_manual_extraction,needs_manual_extraction,needs_manual_extraction
NCT:NCT04962633,needs_manual_extraction,ClinicalTrials.gov,NCT04962633,https://clinicaltrials.gov/study/NCT04962633,,,probiotic,,,needs_manual_extraction,needs_manual_extraction,needs_manual_extraction,needs_manual_extraction,,,needs_manual_extraction,needs_manual_extraction,needs_manual_extraction
NCT:NCT06327919,needs_manual_extraction,ClinicalTrials.gov,NCT06327919,https://clinicaltrials.gov/study/NCT06327919,,,probiotic,,,needs_manual_extraction,needs_manual_extraction,needs_manual_extraction,needs_manual_extraction,,,needs_manual_extraction,needs_manual_extraction,needs_manual_extraction
NCT:NCT05207488,needs_manual_extraction,ClinicalTrials.gov,NCT05207488,https://clinicaltrials.gov/study/NCT05207488,,,prebiotic,,,needs_manual_extraction,needs_manual_extraction,needs_manual_extraction,needs_manual_extraction,needs_manual_extraction,needs_manual_extraction,needs_manual_extraction,needs_manual_extraction,needs_manual_extraction
NCT:NCT05000775,needs_manual_extraction,ClinicalTrials.gov,NCT05000775,https://clinicaltrials.gov/study/NCT05000775,,,needs_manual_extraction,,,needs_manual_extraction,needs_manual_extraction,needs_manual_extraction,needs_manual_extraction,,,needs_manual_extraction,needs_manual_extraction,needs_manual_extraction
NCT:NCT05405205,needs_manual_extraction,ClinicalTrials.gov,NCT05405205,https://clinicaltrials.gov/study/NCT05405205,,,synbiotic,,,needs_manual_extraction,needs_manual_extraction,needs_manual_extraction,needs_manual_extraction,needs_manual_extraction,needs_manual_extraction,needs_manual_extraction,needs_manual_extraction,needs_manual_extraction
NCT:NCT04884776,needs_manual_extraction,ClinicalTrials.gov,NCT04884776,https://clinicaltrials.gov/study/NCT04884776,,,needs_manual_extraction,,,needs_manual_extraction,needs_manual_extraction,needs_manual_extraction,needs_manual_extraction,,,needs_manual_extraction,needs_manual_extraction,needs_manual_extraction
NCT:NCT04863313,needs_manual_extraction,ClinicalTrials.gov,NCT04863313,https://clinicaltrials.gov/study/NCT04863313,,,probiotic,,,needs_manual_extraction,needs_manual_extraction,needs_manual_extraction,needs_manual_extraction,,,needs_manual_extraction,needs_manual_extraction,needs_manual_extraction
PMID:33915854,needs_manual_extraction,PubMed,33915854,https://pubmed.ncbi.nlm.nih.gov/33915854/,10.3390/nu13041160,33915854,probiotic,,,needs_manual_extraction,needs_manual_extraction,needs_manual_extraction,needs_manual_extraction,,,needs_manual_extraction,needs_manual_extraction,needs_manual_extraction
NCT:NCT05114018,needs_manual_extraction,ClinicalTrials.gov,NCT05114018,https://clinicaltrials.gov/study/NCT05114018,,,needs_manual_extraction,,,needs_manual_extraction,needs_manual_extraction,needs_manual_extraction,needs_manual_extraction,,,needs_manual_extraction,needs_manual_extraction,needs_manual_extraction
NCT:NCT04561284,needs_manual_extraction,ClinicalTrials.gov,NCT04561284,https://clinicaltrials.gov/study/NCT04561284,,,needs_manual_extraction,,,needs_manual_extraction,needs_manual_extraction,needs_manual_extraction,needs_manual_extraction,,,needs_manual_extraction,needs_manual_extraction,needs_manual_extraction
NCT:NCT04130321,needs_manual_extraction,ClinicalTrials.gov,NCT04130321,https://clinicaltrials.gov/study/NCT04130321,,,prebiotic,,,needs_manual_extraction,needs_manual_extraction,needs_manual_extraction,needs_manual_extraction,needs_manual_extraction,needs_manual_extraction,needs_manual_extraction,needs_manual_extraction,needs_manual_extraction
NCT:NCT04754464,needs_manual_extraction,ClinicalTrials.gov,NCT04754464,https://clinicaltrials.gov/study/NCT04754464,,,synbiotic,,,needs_manual_extraction,needs_manual_extraction,needs_manual_extraction,needs_manual_extraction,needs_manual_extraction,needs_manual_extraction,needs_manual_extraction,needs_manual_extraction,needs_manual_extraction
NCT:NCT04097106,needs_manual_extraction,ClinicalTrials.gov,NCT04097106,https://clinicaltrials.gov/study/NCT04097106,,,synbiotic,,,needs_manual_extraction,needs_manual_extraction,needs_manual_extraction,needs_manual_extraction,needs_manual_extraction,needs_manual_extraction,needs_manual_extraction,needs_manual_extraction,needs_manual_extraction
PMID:33326198,needs_manual_extraction,PubMed,33326198,https://pubmed.ncbi.nlm.nih.gov/33326198/,10.18388/abp.2020_5443,33326198,synbiotic,,,needs_manual_extraction,needs_manual_extraction,needs_manual_extraction,needs_manual_extraction,needs_manual_extraction,needs_manual_extraction,needs_manual_extraction,needs_manual_extraction,needs_manual_extraction
PMID:32521799,needs_manual_extraction,PubMed,32521799,https://pubmed.ncbi.nlm.nih.gov/32521799/,10.3390/jcm9061788,32521799,probiotic,,,needs_manual_extraction,needs_manual_extraction,needs_manual_extraction,needs_manual_extraction,needs_manual_extraction,needs_manual_extraction,needs_manual_extraction,needs_manual_extraction,needs_manual_extraction
PMID:30595036,needs_manual_extraction,PubMed,30595036,https://pubmed.ncbi.nlm.nih.gov/30595036/,10.1080/10408398.2018.1545218,30595036,synbiotic,,,needs_manual_extraction,needs_manual_extraction,needs_manual_extraction,needs_manual_extraction,needs_manual_extraction,needs_manual_extraction,needs_manual_extraction,needs_manual_extraction,needs_manual_extraction
NCT:NCT04555447,needs_manual_extraction,ClinicalTrials.gov,NCT04555447,https://clinicaltrials.gov/study/NCT04555447,,,needs_manual_extraction,,,needs_manual_extraction,needs_manual_extraction,needs_manual_extraction,needs_manual_extraction,,,needs_manual_extraction,needs_manual_extraction,needs_manual_extraction
NCT:NCT04398693,needs_manual_extraction,ClinicalTrials.gov,NCT04398693,https://clinicaltrials.gov/study/NCT04398693,,,needs_manual_extraction,,,needs_manual_extraction,needs_manual_extraction,needs_manual_extraction,needs_manual_extraction,,,needs_manual_extraction,needs_manual_extraction,needs_manual_extraction
NCT:NCT05162209,needs_manual_extraction,ClinicalTrials.gov,NCT05162209,https://clinicaltrials.gov/study/NCT05162209,,,synbiotic,,,needs_manual_extraction,needs_manual_extraction,needs_manual_extraction,needs_manual_extraction,needs_manual_extraction,needs_manual_extraction,needs_manual_extraction,needs_manual_extraction,needs_manual_extraction
NCT:NCT03727321,needs_manual_extraction,ClinicalTrials.gov,NCT03727321,https://clinicaltrials.gov/study/NCT03727321,,,needs_manual_extraction,,,needs_manual_extraction,needs_manual_extraction,needs_manual_extraction,needs_manual_extraction,,,needs_manual_extraction,needs_manual_extraction,needs_manual_extraction
NCT:NCT04498455,needs_manual_extraction,ClinicalTrials.gov,NCT04498455,https://clinicaltrials.gov/study/NCT04498455,,,prebiotic,,,needs_manual_extraction,needs_manual_extraction,needs_manual_extraction,needs_manual_extraction,needs_manual_extraction,needs_manual_extraction,needs_manual_extraction,needs_manual_extraction,needs_manual_extraction
NCT:NCT03800277,needs_manual_extraction,ClinicalTrials.gov,NCT03800277,https://clinicaltrials.gov/study/NCT03800277,,,needs_manual_extraction,,,needs_manual_extraction,needs_manual_extraction,needs_manual_extraction,needs_manual_extraction,,,needs_manual_extraction,needs_manual_extraction,needs_manual_extraction
NCT:NCT03312660,needs_manual_extraction,ClinicalTrials.gov,NCT03312660,https://clinicaltrials.gov/study/NCT03312660,,,needs_manual_extraction,,,needs_manual_extraction,needs_manual_extraction,needs_manual_extraction,needs_manual_extraction,,,needs_manual_extraction,needs_manual_extraction,needs_manual_extraction
NCT:NCT03530501,needs_manual_extraction,ClinicalTrials.gov,NCT03530501,https://clinicaltrials.gov/study/NCT03530501,,,synbiotic,,,needs_manual_extraction,needs_manual_extraction,needs_manual_extraction,needs_manual_extraction,needs_manual_extraction,needs_manual_extraction,needs_manual_extraction,needs_manual_extraction,needs_manual_extraction
NCT:NCT02768818,needs_manual_extraction,ClinicalTrials.gov,NCT02768818,https://clinicaltrials.gov/study/NCT02768818,,,probiotic,,,needs_manual_extraction,needs_manual_extraction,needs_manual_extraction,needs_manual_extraction,,,needs_manual_extraction,needs_manual_extraction,needs_manual_extraction
NCT:NCT02660333,needs_manual_extraction,ClinicalTrials.gov,NCT02660333,https://clinicaltrials.gov/study/NCT02660333,,,prebiotic,,,needs_manual_extraction,needs_manual_extraction,needs_manual_extraction,needs_manual_extraction,needs_manual_extraction,needs_manual_extraction,needs_manual_extraction,needs_manual_extraction,needs_manual_extraction
NCT:NCT02637115,needs_manual_extraction,ClinicalTrials.gov,NCT02637115,https://clinicaltrials.gov/study/NCT02637115,,,needs_manual_extraction,,,needs_manual_extraction,needs_manual_extraction,needs_manual_extraction,needs_manual_extraction,,,needs_manual_extraction,needs_manual_extraction,needs_manual_extraction
NCT:NCT02041975,needs_manual_extraction,ClinicalTrials.gov,NCT02041975,https://clinicaltrials.gov/study/NCT02041975,,,prebiotic,,,needs_manual_extraction,needs_manual_extraction,needs_manual_extraction,needs_manual_extraction,needs_manual_extraction,needs_manual_extraction,needs_manual_extraction,needs_manual_extraction,needs_manual_extraction
NCT:NCT02773927,needs_manual_extraction,ClinicalTrials.gov,NCT02773927,https://clinicaltrials.gov/study/NCT02773927,,,needs_manual_extraction,,,needs_manual_extraction,needs_manual_extraction,needs_manual_extraction,needs_manual_extraction,,,needs_manual_extraction,needs_manual_extraction,needs_manual_extraction
NCT:NCT02355210,needs_manual_extraction,ClinicalTrials.gov,NCT02355210,https://clinicaltrials.gov/study/NCT02355210,,,synbiotic,,,needs_manual_extraction,needs_manual_extraction,needs_manual_extraction,needs_manual_extraction,needs_manual_extraction,needs_manual_extraction,needs_manual_extraction,needs_manual_extraction,needs_manual_extraction
NCT:NCT03261466,needs_manual_extraction,ClinicalTrials.gov,NCT03261466,https://clinicaltrials.gov/study/NCT03261466,,,needs_manual_extraction,,,needs_manual_extraction,needs_manual_extraction,needs_manual_extraction,needs_manual_extraction,,,needs_manual_extraction,needs_manual_extraction,needs_manual_extraction
NCT:NCT01978691,needs_manual_extraction,ClinicalTrials.gov,NCT01978691,https://clinicaltrials.gov/study/NCT01978691,,,needs_manual_extraction,Bifidobacterium and,,needs_manual_extraction,needs_manual_extraction,needs_manual_extraction,needs_manual_extraction,,,needs_manual_extraction,needs_manual_extraction,needs_manual_extraction
PMID:23614897,needs_manual_extraction,PubMed,23614897,https://pubmed.ncbi.nlm.nih.gov/23614897/,10.1017/S0007114513001037,23614897,needs_manual_extraction,Lactobacillus gasseri,SBT2055,needs_manual_extraction,needs_manual_extraction,needs_manual_extraction,needs_manual_extraction,,,needs_manual_extraction,needs_manual_extraction,needs_manual_extraction
NCT:NCT01724736,needs_manual_extraction,ClinicalTrials.gov,NCT01724736,https://clinicaltrials.gov/study/NCT01724736,,,needs_manual_extraction,,,needs_manual_extraction,needs_manual_extraction,needs_manual_extraction,needs_manual_extraction,,,needs_manual_extraction,needs_manual_extraction,needs_manual_extraction
NCT:NCT01620125,needs_manual_extraction,ClinicalTrials.gov,NCT01620125,https://clinicaltrials.gov/study/NCT01620125,,,needs_manual_extraction,,DSM 17938,needs_manual_extraction,needs_manual_extraction,needs_manual_extraction,needs_manual_extraction,,,needs_manual_extraction,needs_manual_extraction,needs_manual_extraction
NCT:NCT01235026,needs_manual_extraction,ClinicalTrials.gov,NCT01235026,https://clinicaltrials.gov/study/NCT01235026,,,synbiotic,,,needs_manual_extraction,needs_manual_extraction,needs_manual_extraction,needs_manual_extraction,needs_manual_extraction,needs_manual_extraction,needs_manual_extraction,needs_manual_extraction,needs_manual_extraction
NCT:NCT01106924,needs_manual_extraction,ClinicalTrials.gov,NCT01106924,https://clinicaltrials.gov/study/NCT01106924,,,probiotic,,,needs_manual_extraction,needs_manual_extraction,needs_manual_extraction,needs_manual_extraction,,,needs_manual_extraction,needs_manual_extraction,needs_manual_extraction
NCT:NCT01249378,needs_manual_extraction,ClinicalTrials.gov,NCT01249378,https://clinicaltrials.gov/study/NCT01249378,,,needs_manual_extraction,,,needs_manual_extraction,needs_manual_extraction,needs_manual_extraction,needs_manual_extraction,,,needs_manual_extraction,needs_manual_extraction,needs_manual_extraction
NCT:NCT07600567,needs_manual_extraction,ClinicalTrials.gov,NCT07600567,https://clinicaltrials.gov/study/NCT07600567,,,needs_manual_extraction,,,needs_manual_extraction,needs_manual_extraction,needs_manual_extraction,needs_manual_extraction,,,needs_manual_extraction,needs_manual_extraction,needs_manual_extraction
NCT:NCT07354386,needs_manual_extraction,ClinicalTrials.gov,NCT07354386,https://clinicaltrials.gov/study/NCT07354386,,,needs_manual_extraction,,,needs_manual_extraction,needs_manual_extraction,needs_manual_extraction,needs_manual_extraction,,,needs_manual_extraction,needs_manual_extraction,needs_manual_extraction
NCT:NCT07464691,needs_manual_extraction,ClinicalTrials.gov,NCT07464691,https://clinicaltrials.gov/study/NCT07464691,,,prebiotic,,,needs_manual_extraction,needs_manual_extraction,needs_manual_extraction,needs_manual_extraction,needs_manual_extraction,needs_manual_extraction,needs_manual_extraction,needs_manual_extraction,needs_manual_extraction
EUROPEPMC:41852479,needs_manual_extraction,PubMed,41852479,https://europepmc.org/article/MED/41852479,10.3389/fendo.2026.1765741,41852479,probiotic,,,needs_manual_extraction,needs_manual_extraction,needs_manual_extraction,needs_manual_extraction,,,needs_manual_extraction,needs_manual_extraction,needs_manual_extraction
EUROPEPMC:41599922,needs_manual_extraction,PubMed,41599922,https://europepmc.org/article/MED/41599922,10.3390/nu18020307,41599922,probiotic,,,needs_manual_extraction,needs_manual_extraction,needs_manual_extraction,needs_manual_extraction,,,needs_manual_extraction,needs_manual_extraction,needs_manual_extraction
EUROPEPMC:PMC12937403,needs_manual_extraction,publisher supplementary data,PMC12937403,,,,synbiotic,,,needs_manual_extraction,needs_manual_extraction,needs_manual_extraction,needs_manual_extraction,needs_manual_extraction,needs_manual_extraction,needs_manual_extraction,needs_manual_extraction,needs_manual_extraction
NCT:NCT06963840,needs_manual_extraction,ClinicalTrials.gov,NCT06963840,https://clinicaltrials.gov/study/NCT06963840,,,needs_manual_extraction,,,needs_manual_extraction,needs_manual_extraction,needs_manual_extraction,needs_manual_extraction,,,needs_manual_extraction,needs_manual_extraction,needs_manual_extraction
NCT:NCT06786052,needs_manual_extraction,ClinicalTrials.gov,NCT06786052,https://clinicaltrials.gov/study/NCT06786052,,,needs_manual_extraction,,,needs_manual_extraction,needs_manual_extraction,needs_manual_extraction,needs_manual_extraction,,,needs_manual_extraction,needs_manual_extraction,needs_manual_extraction
NCT:NCT06891105,needs_manual_extraction,ClinicalTrials.gov,NCT06891105,https://clinicaltrials.gov/study/NCT06891105,,,probiotic,,,needs_manual_extraction,needs_manual_extraction,needs_manual_extraction,needs_manual_extraction,needs_manual_extraction,needs_manual_extraction,needs_manual_extraction,needs_manual_extraction,needs_manual_extraction
NCT:NCT06957717,needs_manual_extraction,ClinicalTrials.gov,NCT06957717,https://clinicaltrials.gov/study/NCT06957717,,,needs_manual_extraction,,,needs_manual_extraction,needs_manual_extraction,needs_manual_extraction,needs_manual_extraction,,,needs_manual_extraction,needs_manual_extraction,needs_manual_extraction
NCT:NCT07342946,needs_manual_extraction,ClinicalTrials.gov,NCT07342946,https://clinicaltrials.gov/study/NCT07342946,,,synbiotic,,,needs_manual_extraction,needs_manual_extraction,needs_manual_extraction,needs_manual_extraction,needs_manual_extraction,needs_manual_extraction,needs_manual_extraction,needs_manual_extraction,needs_manual_extraction
EUROPEPMC:41567324,needs_manual_extraction,PubMed,41567324,https://europepmc.org/article/MED/41567324,10.3389/fnut.2025.1717047,41567324,probiotic,,,needs_manual_extraction,needs_manual_extraction,needs_manual_extraction,needs_manual_extraction,,,needs_manual_extraction,needs_manual_extraction,needs_manual_extraction
EUROPEPMC:40944126,needs_manual_extraction,PubMed,40944126,https://europepmc.org/article/MED/40944126,10.3390/nu17172734,40944126,synbiotic,,,needs_manual_extraction,needs_manual_extraction,needs_manual_extraction,needs_manual_extraction,needs_manual_extraction,needs_manual_extraction,needs_manual_extraction,needs_manual_extraction,needs_manual_extraction
PMID:41430243,needs_manual_extraction,PubMed,41430243,https://pubmed.ncbi.nlm.nih.gov/41430243/,10.1186/s12937-025-01270-x,41430243,probiotic,,,needs_manual_extraction,needs_manual_extraction,needs_manual_extraction,needs_manual_extraction,,,needs_manual_extraction,needs_manual_extraction,needs_manual_extraction
PMID:40484149,needs_manual_extraction,PubMed,40484149,https://pubmed.ncbi.nlm.nih.gov/40484149/,10.1016/j.bbi.2025.06.002,40484149,probiotic,,,needs_manual_extraction,needs_manual_extraction,needs_manual_extraction,needs_manual_extraction,,,needs_manual_extraction,needs_manual_extraction,needs_manual_extraction
PMID:39636391,needs_manual_extraction,PubMed,39636391,https://pubmed.ncbi.nlm.nih.gov/39636391/,10.1007/s00404-024-07833-3,39636391,synbiotic,,,needs_manual_extraction,needs_manual_extraction,needs_manual_extraction,needs_manual_extraction,needs_manual_extraction,needs_manual_extraction,needs_manual_extraction,needs_manual_extraction,needs_manual_extraction
NCT:NCT05942586,needs_manual_extraction,ClinicalTrials.gov,NCT05942586,https://clinicaltrials.gov/study/NCT05942586,,,needs_manual_extraction,,,needs_manual_extraction,needs_manual_extraction,needs_manual_extraction,needs_manual_extraction,,,needs_manual_extraction,needs_manual_extraction,needs_manual_extraction
NCT:NCT05882149,needs_manual_extraction,ClinicalTrials.gov,NCT05882149,https://clinicaltrials.gov/study/NCT05882149,,,probiotic,,,needs_manual_extraction,needs_manual_extraction,needs_manual_extraction,needs_manual_extraction,,,needs_manual_extraction,needs_manual_extraction,needs_manual_extraction
NCT:NCT06959043,needs_manual_extraction,ClinicalTrials.gov,NCT06959043,https://clinicaltrials.gov/study/NCT06959043,,,needs_manual_extraction,,,needs_manual_extraction,needs_manual_extraction,needs_manual_extraction,needs_manual_extraction,,,needs_manual_extraction,needs_manual_extraction,needs_manual_extraction
NCT:NCT05140070,needs_manual_extraction,ClinicalTrials.gov,NCT05140070,https://clinicaltrials.gov/study/NCT05140070,,,prebiotic,,,needs_manual_extraction,needs_manual_extraction,needs_manual_extraction,needs_manual_extraction,needs_manual_extraction,needs_manual_extraction,needs_manual_extraction,needs_manual_extraction,needs_manual_extraction
NCT:NCT04810572,needs_manual_extraction,ClinicalTrials.gov,NCT04810572,https://clinicaltrials.gov/study/NCT04810572,,,needs_manual_extraction,,,needs_manual_extraction,needs_manual_extraction,needs_manual_extraction,needs_manual_extraction,,,needs_manual_extraction,needs_manual_extraction,needs_manual_extraction
NCT:NCT04685057,needs_manual_extraction,ClinicalTrials.gov,NCT04685057,https://clinicaltrials.gov/study/NCT04685057,,,probiotic,,,needs_manual_extraction,needs_manual_extraction,needs_manual_extraction,needs_manual_extraction,,,needs_manual_extraction,needs_manual_extraction,needs_manual_extraction
NCT:NCT04985877,needs_manual_extraction,ClinicalTrials.gov,NCT04985877,https://clinicaltrials.gov/study/NCT04985877,,,needs_manual_extraction,,,needs_manual_extraction,needs_manual_extraction,needs_manual_extraction,needs_manual_extraction,,,needs_manual_extraction,needs_manual_extraction,needs_manual_extraction
PMID:34959933,needs_manual_extraction,PubMed,34959933,https://pubmed.ncbi.nlm.nih.gov/34959933/,10.3390/nu13124376,34959933,needs_manual_extraction,,,needs_manual_extraction,needs_manual_extraction,needs_manual_extraction,needs_manual_extraction,,,needs_manual_extraction,needs_manual_extraction,needs_manual_extraction
NCT:NCT04507867,needs_manual_extraction,ClinicalTrials.gov,NCT04507867,https://clinicaltrials.gov/study/NCT04507867,,,needs_manual_extraction,,,needs_manual_extraction,needs_manual_extraction,needs_manual_extraction,needs_manual_extraction,,,needs_manual_extraction,needs_manual_extraction,needs_manual_extraction
NCT:NCT04324749,needs_manual_extraction,ClinicalTrials.gov,NCT04324749,https://clinicaltrials.gov/study/NCT04324749,,,prebiotic,,,needs_manual_extraction,needs_manual_extraction,needs_manual_extraction,needs_manual_extraction,needs_manual_extraction,needs_manual_extraction,needs_manual_extraction,needs_manual_extraction,needs_manual_extraction
NCT:NCT04136587,needs_manual_extraction,ClinicalTrials.gov,NCT04136587,https://clinicaltrials.gov/study/NCT04136587,,,needs_manual_extraction,,,needs_manual_extraction,needs_manual_extraction,needs_manual_extraction,needs_manual_extraction,,,needs_manual_extraction,needs_manual_extraction,needs_manual_extraction
NCT:NCT03924089,needs_manual_extraction,ClinicalTrials.gov,NCT03924089,https://clinicaltrials.gov/study/NCT03924089,,,needs_manual_extraction,,,needs_manual_extraction,needs_manual_extraction,needs_manual_extraction,needs_manual_extraction,,,needs_manual_extraction,needs_manual_extraction,needs_manual_extraction
NCT:NCT05073029,needs_manual_extraction,ClinicalTrials.gov,NCT05073029,https://clinicaltrials.gov/study/NCT05073029,,,needs_manual_extraction,,,needs_manual_extraction,needs_manual_extraction,needs_manual_extraction,needs_manual_extraction,,,needs_manual_extraction,needs_manual_extraction,needs_manual_extraction
NCT:NCT04520724,needs_manual_extraction,ClinicalTrials.gov,NCT04520724,https://clinicaltrials.gov/study/NCT04520724,,,needs_manual_extraction,,,needs_manual_extraction,needs_manual_extraction,needs_manual_extraction,needs_manual_extraction,,,needs_manual_extraction,needs_manual_extraction,needs_manual_extraction
NCT:NCT03994055,needs_manual_extraction,ClinicalTrials.gov,NCT03994055,https://clinicaltrials.gov/study/NCT03994055,,,needs_manual_extraction,,,needs_manual_extraction,needs_manual_extraction,needs_manual_extraction,needs_manual_extraction,,,needs_manual_extraction,needs_manual_extraction,needs_manual_extraction
NCT:NCT03272542,needs_manual_extraction,ClinicalTrials.gov,NCT03272542,https://clinicaltrials.gov/study/NCT03272542,,,prebiotic,,,needs_manual_extraction,needs_manual_extraction,needs_manual_extraction,needs_manual_extraction,needs_manual_extraction,needs_manual_extraction,needs_manual_extraction,needs_manual_extraction,needs_manual_extraction
NCT:NCT03123510,needs_manual_extraction,ClinicalTrials.gov,NCT03123510,https://clinicaltrials.gov/study/NCT03123510,,,synbiotic,,,needs_manual_extraction,needs_manual_extraction,needs_manual_extraction,needs_manual_extraction,needs_manual_extraction,needs_manual_extraction,needs_manual_extraction,needs_manual_extraction,needs_manual_extraction
NCT:NCT03322449,needs_manual_extraction,ClinicalTrials.gov,NCT03322449,https://clinicaltrials.gov/study/NCT03322449,,,needs_manual_extraction,,,needs_manual_extraction,needs_manual_extraction,needs_manual_extraction,needs_manual_extraction,,,needs_manual_extraction,needs_manual_extraction,needs_manual_extraction
NCT:NCT03377946,needs_manual_extraction,ClinicalTrials.gov,NCT03377946,https://clinicaltrials.gov/study/NCT03377946,,,probiotic,,,needs_manual_extraction,needs_manual_extraction,needs_manual_extraction,needs_manual_extraction,,,needs_manual_extraction,needs_manual_extraction,needs_manual_extraction
NCT:NCT03100162,needs_manual_extraction,ClinicalTrials.gov,NCT03100162,https://clinicaltrials.gov/study/NCT03100162,,,probiotic,,,needs_manual_extraction,needs_manual_extraction,needs_manual_extraction,needs_manual_extraction,,,needs_manual_extraction,needs_manual_extraction,needs_manual_extraction
PMID:25909598,needs_manual_extraction,PubMed,25909598,https://pubmed.ncbi.nlm.nih.gov/25909598/,10.1097/MCG.0000000000000328,25909598,prebiotic,,,needs_manual_extraction,needs_manual_extraction,needs_manual_extraction,needs_manual_extraction,needs_manual_extraction,needs_manual_extraction,needs_manual_extraction,needs_manual_extraction,needs_manual_extraction
NCT:NCT03051399,needs_manual_extraction,ClinicalTrials.gov,NCT03051399,https://clinicaltrials.gov/study/NCT03051399,,,needs_manual_extraction,,,needs_manual_extraction,needs_manual_extraction,needs_manual_extraction,needs_manual_extraction,,,needs_manual_extraction,needs_manual_extraction,needs_manual_extraction
NCT:NCT03528707,needs_manual_extraction,ClinicalTrials.gov,NCT03528707,https://clinicaltrials.gov/study/NCT03528707,,,probiotic,,,needs_manual_extraction,needs_manual_extraction,needs_manual_extraction,needs_manual_extraction,,,needs_manual_extraction,needs_manual_extraction,needs_manual_extraction
NCT:NCT02448940,needs_manual_extraction,ClinicalTrials.gov,NCT02448940,https://clinicaltrials.gov/study/NCT02448940,,,needs_manual_extraction,Lactobacillus on,,needs_manual_extraction,needs_manual_extraction,needs_manual_extraction,needs_manual_extraction,,,needs_manual_extraction,needs_manual_extraction,needs_manual_extraction
NCT:NCT01983046,needs_manual_extraction,ClinicalTrials.gov,NCT01983046,https://clinicaltrials.gov/study/NCT01983046,,,needs_manual_extraction,,,needs_manual_extraction,needs_manual_extraction,needs_manual_extraction,needs_manual_extraction,,,needs_manual_extraction,needs_manual_extraction,needs_manual_extraction
NCT:NCT02158676,needs_manual_extraction,ClinicalTrials.gov,NCT02158676,https://clinicaltrials.gov/study/NCT02158676,,,prebiotic,,,needs_manual_extraction,needs_manual_extraction,needs_manual_extraction,needs_manual_extraction,needs_manual_extraction,needs_manual_extraction,needs_manual_extraction,needs_manual_extraction,needs_manual_extraction
NCT:NCT01913678,needs_manual_extraction,ClinicalTrials.gov,NCT01913678,https://clinicaltrials.gov/study/NCT01913678,,,needs_manual_extraction,,,needs_manual_extraction,needs_manual_extraction,needs_manual_extraction,needs_manual_extraction,,,needs_manual_extraction,needs_manual_extraction,needs_manual_extraction
NCT:NCT01922791,needs_manual_extraction,ClinicalTrials.gov,NCT01922791,https://clinicaltrials.gov/study/NCT01922791,,,needs_manual_extraction,,,needs_manual_extraction,needs_manual_extraction,needs_manual_extraction,needs_manual_extraction,,,needs_manual_extraction,needs_manual_extraction,needs_manual_extraction
NCT:NCT01680640,needs_manual_extraction,ClinicalTrials.gov,NCT01680640,https://clinicaltrials.gov/study/NCT01680640,,,synbiotic,,,needs_manual_extraction,needs_manual_extraction,needs_manual_extraction,needs_manual_extraction,needs_manual_extraction,needs_manual_extraction,needs_manual_extraction,needs_manual_extraction,needs_manual_extraction
NCT:NCT01718418,needs_manual_extraction,ClinicalTrials.gov,NCT01718418,https://clinicaltrials.gov/study/NCT01718418,,,synbiotic,,,needs_manual_extraction,needs_manual_extraction,needs_manual_extraction,needs_manual_extraction,needs_manual_extraction,needs_manual_extraction,needs_manual_extraction,needs_manual_extraction,needs_manual_extraction
NCT:NCT02608983,needs_manual_extraction,ClinicalTrials.gov,NCT02608983,https://clinicaltrials.gov/study/NCT02608983,,,needs_manual_extraction,,,needs_manual_extraction,needs_manual_extraction,needs_manual_extraction,needs_manual_extraction,,,needs_manual_extraction,needs_manual_extraction,needs_manual_extraction
NCT:NCT01240018,needs_manual_extraction,ClinicalTrials.gov,NCT01240018,https://clinicaltrials.gov/study/NCT01240018,,,probiotic,,,needs_manual_extraction,needs_manual_extraction,needs_manual_extraction,needs_manual_extraction,,,needs_manual_extraction,needs_manual_extraction,needs_manual_extraction
NCT:NCT00164099,needs_manual_extraction,ClinicalTrials.gov,NCT00164099,https://clinicaltrials.gov/study/NCT00164099,,,synbiotic,,,needs_manual_extraction,needs_manual_extraction,needs_manual_extraction,needs_manual_extraction,needs_manual_extraction,needs_manual_extraction,needs_manual_extraction,needs_manual_extraction,needs_manual_extraction
EUROPEPMC:42065141,needs_manual_extraction,PubMed,42065141,https://europepmc.org/article/MED/42065141,10.1177/1096620x261448041,42065141,probiotic,,KABP051,needs_manual_extraction,needs_manual_extraction,needs_manual_extraction,needs_manual_extraction,,,needs_manual_extraction,needs_manual_extraction,needs_manual_extraction
PMID:41930918,needs_manual_extraction,PubMed,41930918,https://pubmed.ncbi.nlm.nih.gov/41930918/,10.2174/0115665240391524251201102455,41930918,needs_manual_extraction,,,needs_manual_extraction,needs_manual_extraction,needs_manual_extraction,needs_manual_extraction,,,needs_manual_extraction,needs_manual_extraction,needs_manual_extraction
EUROPEPMC:41444876,needs_manual_extraction,PubMed,41444876,https://europepmc.org/article/MED/41444876,10.1186/s12887-025-06319-8,41444876,needs_manual_extraction,,,needs_manual_extraction,needs_manual_extraction,needs_manual_extraction,needs_manual_extraction,,,needs_manual_extraction,needs_manual_extraction,needs_manual_extraction
PMID:41586244,needs_manual_extraction,PubMed,41586244,https://pubmed.ncbi.nlm.nih.gov/41586244/,10.3389/fnut.2025.1714444,41586244,needs_manual_extraction,,,needs_manual_extraction,needs_manual_extraction,needs_manual_extraction,needs_manual_extraction,,,needs_manual_extraction,needs_manual_extraction,needs_manual_extraction
PMID:40827948,needs_manual_extraction,PubMed,40827948,https://pubmed.ncbi.nlm.nih.gov/40827948/,10.1530/EC-25-0219,40827948,needs_manual_extraction,Bifidobacterium triple,,needs_manual_extraction,needs_manual_extraction,needs_manual_extraction,needs_manual_extraction,,,needs_manual_extraction,needs_manual_extraction,needs_manual_extraction
PMID:37181156,needs_manual_extraction,PubMed,37181156,https://pubmed.ncbi.nlm.nih.gov/37181156/,10.3389/fnut.2023.1108088,37181156,needs_manual_extraction,,,needs_manual_extraction,needs_manual_extraction,needs_manual_extraction,needs_manual_extraction,,,needs_manual_extraction,needs_manual_extraction,needs_manual_extraction
PMID:36879442,needs_manual_extraction,PubMed,36879442,https://pubmed.ncbi.nlm.nih.gov/36879442/,10.1093/jas/skad073,36879442,needs_manual_extraction,,,needs_manual_extraction,needs_manual_extraction,needs_manual_extraction,needs_manual_extraction,,,needs_manual_extraction,needs_manual_extraction,needs_manual_extraction
PMID:33763720,needs_manual_extraction,PubMed,33763720,https://pubmed.ncbi.nlm.nih.gov/33763720/,10.1007/s00394-021-02538-8,33763720,needs_manual_extraction,,,needs_manual_extraction,needs_manual_extraction,needs_manual_extraction,needs_manual_extraction,,,needs_manual_extraction,needs_manual_extraction,needs_manual_extraction
PMID:31952249,needs_manual_extraction,PubMed,31952249,https://pubmed.ncbi.nlm.nih.gov/31952249/,10.3390/nu12010222,31952249,synbiotic,,,needs_manual_extraction,needs_manual_extraction,needs_manual_extraction,needs_manual_extraction,needs_manual_extraction,needs_manual_extraction,needs_manual_extraction,needs_manual_extraction,needs_manual_extraction
EUROPEPMC:41372103,needs_manual_extraction,PubMed,41372103,https://europepmc.org/article/MED/41372103,10.1111/obr.70037,41372103,needs_manual_extraction,,,needs_manual_extraction,needs_manual_extraction,needs_manual_extraction,needs_manual_extraction,,,needs_manual_extraction,needs_manual_extraction,needs_manual_extraction
EUROPEPMC:41804549,needs_manual_extraction,PubMed,41804549,https://europepmc.org/article/MED/41804549,10.1080/19585969.2026.2637716,41804549,needs_manual_extraction,,,needs_manual_extraction,needs_manual_extraction,needs_manual_extraction,needs_manual_extraction,,,needs_manual_extraction,needs_manual_extraction,needs_manual_extraction
EUROPEPMC:42057790,needs_manual_extraction,PubMed,42057790,https://europepmc.org/article/MED/42057790,10.3389/fmicb.2026.1782016,42057790,needs_manual_extraction,,,needs_manual_extraction,needs_manual_extraction,needs_manual_extraction,needs_manual_extraction,,,needs_manual_extraction,needs_manual_extraction,needs_manual_extraction
PMID:42010766,needs_manual_extraction,PubMed,42010766,https://pubmed.ncbi.nlm.nih.gov/42010766/,10.1080/19490976.2026.2661415,42010766,needs_manual_extraction,,,needs_manual_extraction,needs_manual_extraction,needs_manual_extraction,needs_manual_extraction,,,needs_manual_extraction,needs_manual_extraction,needs_manual_extraction
PMID:41907517,needs_manual_extraction,PubMed,41907517,https://pubmed.ncbi.nlm.nih.gov/41907517/,10.1080/29933935.2025.2605879,41907517,needs_manual_extraction,,,needs_manual_extraction,needs_manual_extraction,needs_manual_extraction,needs_manual_extraction,,,needs_manual_extraction,needs_manual_extraction,needs_manual_extraction
PMID:41835385,needs_manual_extraction,PubMed,41835385,https://pubmed.ncbi.nlm.nih.gov/41835385/,10.3389/fnut.2026.1733803,41835385,needs_manual_extraction,,,needs_manual_extraction,needs_manual_extraction,needs_manual_extraction,needs_manual_extraction,,,needs_manual_extraction,needs_manual_extraction,needs_manual_extraction
PMID:41743894,needs_manual_extraction,PubMed,41743894,https://pubmed.ncbi.nlm.nih.gov/41743894/,10.1007/s40200-026-01887-7,41743894,needs_manual_extraction,,,needs_manual_extraction,needs_manual_extraction,needs_manual_extraction,needs_manual_extraction,,,needs_manual_extraction,needs_manual_extraction,needs_manual_extraction
PMID:41599863,needs_manual_extraction,PubMed,41599863,https://pubmed.ncbi.nlm.nih.gov/41599863/,10.3390/nu18020250,41599863,needs_manual_extraction,Lactiplantibacillus plantarum,CKDB-322;Q180,needs_manual_extraction,needs_manual_extraction,needs_manual_extraction,needs_manual_extraction,,,needs_manual_extraction,needs_manual_extraction,needs_manual_extraction
EUROPEPMC:40851363,needs_manual_extraction,PubMed,40851363,https://europepmc.org/article/MED/40851363,10.1080/07853890.2025.2551284,40851363,probiotic,,,needs_manual_extraction,needs_manual_extraction,needs_manual_extraction,needs_manual_extraction,,,needs_manual_extraction,needs_manual_extraction,needs_manual_extraction
EUROPEPMC:41098558,needs_manual_extraction,PubMed,41098558,https://europepmc.org/article/MED/41098558,10.1002/osp4.70093,41098558,needs_manual_extraction,,,needs_manual_extraction,needs_manual_extraction,needs_manual_extraction,needs_manual_extraction,,,needs_manual_extraction,needs_manual_extraction,needs_manual_extraction
PMID:41486934,needs_manual_extraction,PubMed,41486934,https://pubmed.ncbi.nlm.nih.gov/41486934/,10.71150/jm.2511001,41486934,needs_manual_extraction,Lactiplantibacillus plantarum,,needs_manual_extraction,needs_manual_extraction,needs_manual_extraction,needs_manual_extraction,,,needs_manual_extraction,needs_manual_extraction,needs_manual_extraction
PMID:40732984,needs_manual_extraction,PubMed,40732984,https://pubmed.ncbi.nlm.nih.gov/40732984/,10.3390/nu17142360,40732984,needs_manual_extraction,,,needs_manual_extraction,needs_manual_extraction,needs_manual_extraction,needs_manual_extraction,,,needs_manual_extraction,needs_manual_extraction,needs_manual_extraction
PMID:39340527,needs_manual_extraction,PubMed,39340527,https://pubmed.ncbi.nlm.nih.gov/39340527/,10.1080/10408398.2024.2409956,39340527,probiotic,,,needs_manual_extraction,needs_manual_extraction,needs_manual_extraction,needs_manual_extraction,needs_manual_extraction,needs_manual_extraction,needs_manual_extraction,needs_manual_extraction,needs_manual_extraction
PMID:39520336,needs_manual_extraction,PubMed,39520336,https://pubmed.ncbi.nlm.nih.gov/39520336/,10.1002/mnfr.202400451,39520336,needs_manual_extraction,,,needs_manual_extraction,needs_manual_extraction,needs_manual_extraction,needs_manual_extraction,,,needs_manual_extraction,needs_manual_extraction,needs_manual_extraction
PMID:39455650,needs_manual_extraction,PubMed,39455650,https://pubmed.ncbi.nlm.nih.gov/39455650/,10.1038/s41598-024-75594-9,39455650,needs_manual_extraction,Lactiplantibacillus plantarum,,needs_manual_extraction,needs_manual_extraction,needs_manual_extraction,needs_manual_extraction,,,needs_manual_extraction,needs_manual_extraction,needs_manual_extraction
PMID:38270436,needs_manual_extraction,PubMed,38270436,https://pubmed.ncbi.nlm.nih.gov/38270436/,10.1128/spectrum.02552-23,38270436,probiotic,,,needs_manual_extraction,needs_manual_extraction,needs_manual_extraction,needs_manual_extraction,,,needs_manual_extraction,needs_manual_extraction,needs_manual_extraction
PMID:38744950,needs_manual_extraction,PubMed,38744950,https://pubmed.ncbi.nlm.nih.gov/38744950/,10.1038/s41598-024-61130-2,38744950,probiotic,,,needs_manual_extraction,needs_manual_extraction,needs_manual_extraction,needs_manual_extraction,needs_manual_extraction,needs_manual_extraction,needs_manual_extraction,needs_manual_extraction,needs_manual_extraction
PMID:37685493,needs_manual_extraction,PubMed,37685493,https://pubmed.ncbi.nlm.nih.gov/37685493/,10.3390/healthcare11172459,37685493,needs_manual_extraction,,,needs_manual_extraction,needs_manual_extraction,needs_manual_extraction,needs_manual_extraction,,,needs_manual_extraction,needs_manual_extraction,needs_manual_extraction
PMID:36944956,needs_manual_extraction,PubMed,36944956,https://pubmed.ncbi.nlm.nih.gov/36944956/,10.1186/s12986-023-00739-y,36944956,needs_manual_extraction,Lacticaseibacillus paracasei,K56,needs_manual_extraction,needs_manual_extraction,needs_manual_extraction,needs_manual_extraction,,,needs_manual_extraction,needs_manual_extraction,needs_manual_extraction
PMID:38068829,needs_manual_extraction,PubMed,38068829,https://pubmed.ncbi.nlm.nih.gov/38068829/,10.3390/nu15234971,38068829,prebiotic,,,needs_manual_extraction,needs_manual_extraction,needs_manual_extraction,needs_manual_extraction,needs_manual_extraction,needs_manual_extraction,needs_manual_extraction,needs_manual_extraction,needs_manual_extraction
PMID:34967874,needs_manual_extraction,PubMed,34967874,https://pubmed.ncbi.nlm.nih.gov/34967874/,10.1093/jas/skab379,34967874,needs_manual_extraction,,,needs_manual_extraction,needs_manual_extraction,needs_manual_extraction,needs_manual_extraction,,,needs_manual_extraction,needs_manual_extraction,needs_manual_extraction
EUROPEPMC:33178196,needs_manual_extraction,PubMed,33178196,https://europepmc.org/article/MED/33178196,10.3389/fimmu.2020.571731,33178196,needs_manual_extraction,,,needs_manual_extraction,needs_manual_extraction,needs_manual_extraction,needs_manual_extraction,,,needs_manual_extraction,needs_manual_extraction,needs_manual_extraction
EUROPEPMC:32718098,needs_manual_extraction,PubMed,32718098,https://europepmc.org/article/MED/32718098,10.3390/nu12082200,32718098,needs_manual_extraction,,,needs_manual_extraction,needs_manual_extraction,needs_manual_extraction,needs_manual_extraction,,,needs_manual_extraction,needs_manual_extraction,needs_manual_extraction
PMID:32152146,needs_manual_extraction,PubMed,32152146,https://pubmed.ncbi.nlm.nih.gov/32152146/,10.1136/bmjdrc-2019-000948,32152146,needs_manual_extraction,,,needs_manual_extraction,needs_manual_extraction,needs_manual_extraction,needs_manual_extraction,,,needs_manual_extraction,needs_manual_extraction,needs_manual_extraction
PMID:31126565,needs_manual_extraction,PubMed,31126565,https://pubmed.ncbi.nlm.nih.gov/31126565/,10.1016/j.ctim.2019.05.008,31126565,synbiotic,,,needs_manual_extraction,needs_manual_extraction,needs_manual_extraction,needs_manual_extraction,needs_manual_extraction,needs_manual_extraction,needs_manual_extraction,needs_manual_extraction,needs_manual_extraction
PMID:30468509,needs_manual_extraction,PubMed,30468509,https://pubmed.ncbi.nlm.nih.gov/30468509/,10.26355/eurrev_201811_16301,30468509,probiotic,,,needs_manual_extraction,needs_manual_extraction,needs_manual_extraction,needs_manual_extraction,needs_manual_extraction,needs_manual_extraction,needs_manual_extraction,needs_manual_extraction,needs_manual_extraction
PMID:29547587,needs_manual_extraction,PubMed,29547587,https://pubmed.ncbi.nlm.nih.gov/29547587/,10.3390/genes9030167,29547587,needs_manual_extraction,,,needs_manual_extraction,needs_manual_extraction,needs_manual_extraction,needs_manual_extraction,,,needs_manual_extraction,needs_manual_extraction,needs_manual_extraction
EUROPEPMC:42131482,needs_manual_extraction,PubMed,42131482,https://europepmc.org/article/MED/42131482,10.3389/fphys.2026.1766078,42131482,needs_manual_extraction,,,needs_manual_extraction,needs_manual_extraction,needs_manual_extraction,needs_manual_extraction,,,needs_manual_extraction,needs_manual_extraction,needs_manual_extraction
EUROPEPMC:41576942,needs_manual_extraction,PubMed,41576942,https://europepmc.org/article/MED/41576942,10.1016/j.xcrm.2025.102573,41576942,needs_manual_extraction,,,needs_manual_extraction,needs_manual_extraction,needs_manual_extraction,needs_manual_extraction,,,needs_manual_extraction,needs_manual_extraction,needs_manual_extraction
EUROPEPMC:42221502,needs_manual_extraction,PubMed,42221502,https://europepmc.org/article/MED/42221502,10.3389/fmicb.2026.1809114,42221502,needs_manual_extraction,,,needs_manual_extraction,needs_manual_extraction,needs_manual_extraction,needs_manual_extraction,,,needs_manual_extraction,needs_manual_extraction,needs_manual_extraction
EUROPEPMC:41599902,needs_manual_extraction,PubMed,41599902,https://europepmc.org/article/MED/41599902,10.3390/nu18020290,41599902,needs_manual_extraction,,,needs_manual_extraction,needs_manual_extraction,needs_manual_extraction,needs_manual_extraction,,,needs_manual_extraction,needs_manual_extraction,needs_manual_extraction
EUROPEPMC:41822330,needs_manual_extraction,PubMed,41822330,https://europepmc.org/article/MED/41822330,10.3389/fcimb.2026.1705021,41822330,needs_manual_extraction,,,needs_manual_extraction,needs_manual_extraction,needs_manual_extraction,needs_manual_extraction,,,needs_manual_extraction,needs_manual_extraction,needs_manual_extraction
EUROPEPMC:10.21203/rs.3.rs-9134629/v1,needs_manual_extraction,publisher supplementary data,10.21203/rs.3.rs-9134629/v1,,10.21203/rs.3.rs-9134629/v1,,probiotic,,,needs_manual_extraction,needs_manual_extraction,needs_manual_extraction,needs_manual_extraction,,,needs_manual_extraction,needs_manual_extraction,needs_manual_extraction
EUROPEPMC:42051485,needs_manual_extraction,PubMed,42051485,https://europepmc.org/article/MED/42051485,10.3389/fimmu.2026.1803488,42051485,needs_manual_extraction,,,needs_manual_extraction,needs_manual_extraction,needs_manual_extraction,needs_manual_extraction,,,needs_manual_extraction,needs_manual_extraction,needs_manual_extraction
EUROPEPMC:42072163,needs_manual_extraction,PubMed,42072163,https://europepmc.org/article/MED/42072163,10.3390/antiox15040522,42072163,needs_manual_extraction,,,needs_manual_extraction,needs_manual_extraction,needs_manual_extraction,needs_manual_extraction,,,needs_manual_extraction,needs_manual_extraction,needs_manual_extraction
EUROPEPMC:41507594,needs_manual_extraction,PubMed,41507594,https://europepmc.org/article/MED/41507594,10.1007/s00198-025-07801-w,41507594,probiotic,,,needs_manual_extraction,needs_manual_extraction,needs_manual_extraction,needs_manual_extraction,needs_manual_extraction,needs_manual_extraction,needs_manual_extraction,needs_manual_extraction,needs_manual_extraction
EUROPEPMC:42015346,needs_manual_extraction,PubMed,42015346,https://europepmc.org/article/MED/42015346,10.1080/19490976.2026.2644677,42015346,needs_manual_extraction,,,needs_manual_extraction,needs_manual_extraction,needs_manual_extraction,needs_manual_extraction,,,needs_manual_extraction,needs_manual_extraction,needs_manual_extraction
EUROPEPMC:42212103,needs_manual_extraction,PubMed,42212103,https://europepmc.org/article/MED/42212103,10.3389/fped.2026.1773294,42212103,needs_manual_extraction,,,needs_manual_extraction,needs_manual_extraction,needs_manual_extraction,needs_manual_extraction,,,needs_manual_extraction,needs_manual_extraction,needs_manual_extraction
EUROPEPMC:42197000,needs_manual_extraction,PubMed,42197000,https://europepmc.org/article/MED/42197000,10.3390/nu18101540,42197000,needs_manual_extraction,,,needs_manual_extraction,needs_manual_extraction,needs_manual_extraction,needs_manual_extraction,,,needs_manual_extraction,needs_manual_extraction,needs_manual_extraction
EUROPEPMC:41999447,needs_manual_extraction,PubMed,41999447,https://europepmc.org/article/MED/41999447,10.1007/s12325-026-03577-5,41999447,synbiotic,,,needs_manual_extraction,needs_manual_extraction,needs_manual_extraction,needs_manual_extraction,needs_manual_extraction,needs_manual_extraction,needs_manual_extraction,needs_manual_extraction,needs_manual_extraction
EUROPEPMC:10.64898/2026.04.07.716956,needs_manual_extraction,publisher supplementary data,10.64898/2026.04.07.716956,,10.64898/2026.04.07.716956,,probiotic,,,needs_manual_extraction,needs_manual_extraction,needs_manual_extraction,needs_manual_extraction,,,needs_manual_extraction,needs_manual_extraction,needs_manual_extraction
EUROPEPMC:41850442,needs_manual_extraction,PubMed,41850442,https://europepmc.org/article/MED/41850442,10.1016/j.jsbmb.2026.106998,41850442,needs_manual_extraction,Bifidobacterium and,,needs_manual_extraction,needs_manual_extraction,needs_manual_extraction,needs_manual_extraction,,,needs_manual_extraction,needs_manual_extraction,needs_manual_extraction
PMID:42157654,needs_manual_extraction,PubMed,42157654,https://pubmed.ncbi.nlm.nih.gov/42157654/,10.1002/mnfr.70495,42157654,needs_manual_extraction,,,needs_manual_extraction,needs_manual_extraction,needs_manual_extraction,needs_manual_extraction,,,needs_manual_extraction,needs_manual_extraction,needs_manual_extraction
PMID:41882376,needs_manual_extraction,PubMed,41882376,https://pubmed.ncbi.nlm.nih.gov/41882376/,10.1038/s41390-026-04877-w,41882376,needs_manual_extraction,,,needs_manual_extraction,needs_manual_extraction,needs_manual_extraction,needs_manual_extraction,,,needs_manual_extraction,needs_manual_extraction,needs_manual_extraction
PMID:41812148,needs_manual_extraction,PubMed,41812148,https://pubmed.ncbi.nlm.nih.gov/41812148/,10.1093/nutrit/nuaf255,41812148,needs_manual_extraction,,,needs_manual_extraction,needs_manual_extraction,needs_manual_extraction,needs_manual_extraction,,,needs_manual_extraction,needs_manual_extraction,needs_manual_extraction
PMID:41499920,needs_manual_extraction,PubMed,41499920,https://pubmed.ncbi.nlm.nih.gov/41499920/,10.1016/j.clnu.2025.106558,41499920,needs_manual_extraction,,,needs_manual_extraction,needs_manual_extraction,needs_manual_extraction,needs_manual_extraction,,,needs_manual_extraction,needs_manual_extraction,needs_manual_extraction
PMID:41205303,needs_manual_extraction,PubMed,41205303,https://pubmed.ncbi.nlm.nih.gov/41205303/,10.1016/j.micres.2025.128393,41205303,needs_manual_extraction,,,needs_manual_extraction,needs_manual_extraction,needs_manual_extraction,needs_manual_extraction,,,needs_manual_extraction,needs_manual_extraction,needs_manual_extraction
PMID:41961895,needs_manual_extraction,PubMed,41961895,https://pubmed.ncbi.nlm.nih.gov/41961895/,10.1111/jpc.70344,41961895,probiotic,,,needs_manual_extraction,needs_manual_extraction,needs_manual_extraction,needs_manual_extraction,needs_manual_extraction,needs_manual_extraction,needs_manual_extraction,needs_manual_extraction,needs_manual_extraction
PMID:41871887,needs_manual_extraction,PubMed,41871887,https://pubmed.ncbi.nlm.nih.gov/41871887/,10.1111/jog.70244,41871887,needs_manual_extraction,,,needs_manual_extraction,needs_manual_extraction,needs_manual_extraction,needs_manual_extraction,,,needs_manual_extraction,needs_manual_extraction,needs_manual_extraction
EUROPEPMC:41426235,needs_manual_extraction,PubMed,41426235,https://europepmc.org/article/MED/41426235,10.2147/tcrm.s540144,41426235,needs_manual_extraction,,,needs_manual_extraction,needs_manual_extraction,needs_manual_extraction,needs_manual_extraction,,,needs_manual_extraction,needs_manual_extraction,needs_manual_extraction
EUROPEPMC:40295195,needs_manual_extraction,PubMed,40295195,https://europepmc.org/article/MED/40295195,10.4014/jmb.2501.01024,40295195,needs_manual_extraction,,,needs_manual_extraction,needs_manual_extraction,needs_manual_extraction,needs_manual_extraction,,,needs_manual_extraction,needs_manual_extraction,needs_manual_extraction
EUROPEPMC:39159270,needs_manual_extraction,PubMed,39159270,https://europepmc.org/article/MED/39159270,10.1111/febs.17249,39159270,needs_manual_extraction,,,needs_manual_extraction,needs_manual_extraction,needs_manual_extraction,needs_manual_extraction,,,needs_manual_extraction,needs_manual_extraction,needs_manual_extraction
EUROPEPMC:41220421,needs_manual_extraction,PubMed,41220421,https://europepmc.org/article/MED/41220421,10.1155/sci5/3367875,41220421,needs_manual_extraction,,,needs_manual_extraction,needs_manual_extraction,needs_manual_extraction,needs_manual_extraction,,,needs_manual_extraction,needs_manual_extraction,needs_manual_extraction
EUROPEPMC:41373952,needs_manual_extraction,PubMed,41373952,https://europepmc.org/article/MED/41373952,10.3390/nu17233661,41373952,needs_manual_extraction,,,needs_manual_extraction,needs_manual_extraction,needs_manual_extraction,needs_manual_extraction,,,needs_manual_extraction,needs_manual_extraction,needs_manual_extraction
EUROPEPMC:41133047,needs_manual_extraction,PubMed,41133047,https://europepmc.org/article/MED/41133047,10.7759/cureus.92881,41133047,needs_manual_extraction,,,needs_manual_extraction,needs_manual_extraction,needs_manual_extraction,needs_manual_extraction,,,needs_manual_extraction,needs_manual_extraction,needs_manual_extraction
EUROPEPMC:41080326,needs_manual_extraction,PubMed,41080326,https://europepmc.org/article/MED/41080326,10.7759/cureus.92020,41080326,needs_manual_extraction,,,needs_manual_extraction,needs_manual_extraction,needs_manual_extraction,needs_manual_extraction,,,needs_manual_extraction,needs_manual_extraction,needs_manual_extraction
EUROPEPMC:41246285,needs_manual_extraction,PubMed,41246285,https://europepmc.org/article/MED/41246285,10.3389/fmedt.2025.1695329,41246285,needs_manual_extraction,,,needs_manual_extraction,needs_manual_extraction,needs_manual_extraction,needs_manual_extraction,,,needs_manual_extraction,needs_manual_extraction,needs_manual_extraction
EUROPEPMC:39944116,needs_manual_extraction,PubMed,39944116,https://europepmc.org/article/MED/39944116,10.1017/gmb.2024.12,39944116,probiotic,,,needs_manual_extraction,needs_manual_extraction,needs_manual_extraction,needs_manual_extraction,needs_manual_extraction,needs_manual_extraction,needs_manual_extraction,needs_manual_extraction,needs_manual_extraction
PMID:41374064,needs_manual_extraction,PubMed,41374064,https://pubmed.ncbi.nlm.nih.gov/41374064/,10.3390/nu17233774,41374064,postbiotic,,,needs_manual_extraction,needs_manual_extraction,needs_manual_extraction,needs_manual_extraction,,,needs_manual_extraction,needs_manual_extraction,needs_manual_extraction
PMID:41348832,needs_manual_extraction,PubMed,41348832,https://pubmed.ncbi.nlm.nih.gov/41348832/,10.1371/journal.pone.0337760,41348832,needs_manual_extraction,,,needs_manual_extraction,needs_manual_extraction,needs_manual_extraction,needs_manual_extraction,,,needs_manual_extraction,needs_manual_extraction,needs_manual_extraction
PMID:40434504,needs_manual_extraction,PubMed,40434504,https://pubmed.ncbi.nlm.nih.gov/40434504/,10.1007/s12602-025-10605-3,40434504,probiotic,,,needs_manual_extraction,needs_manual_extraction,needs_manual_extraction,needs_manual_extraction,,,needs_manual_extraction,needs_manual_extraction,needs_manual_extraction
PMID:40192559,needs_manual_extraction,PubMed,40192559,https://pubmed.ncbi.nlm.nih.gov/40192559/,10.1089/jmf.2023.0233,40192559,probiotic,,,needs_manual_extraction,needs_manual_extraction,needs_manual_extraction,needs_manual_extraction,needs_manual_extraction,needs_manual_extraction,needs_manual_extraction,needs_manual_extraction,needs_manual_extraction
PMID:39997695,needs_manual_extraction,PubMed,39997695,https://pubmed.ncbi.nlm.nih.gov/39997695/,10.3390/metabo15020070,39997695,probiotic,,,needs_manual_extraction,needs_manual_extraction,needs_manual_extraction,needs_manual_extraction,,,needs_manual_extraction,needs_manual_extraction,needs_manual_extraction
PMID:40637175,needs_manual_extraction,PubMed,40637175,https://pubmed.ncbi.nlm.nih.gov/40637175/,10.1002/14651858.CD015875,40637175,needs_manual_extraction,,,needs_manual_extraction,needs_manual_extraction,needs_manual_extraction,needs_manual_extraction,,,needs_manual_extraction,needs_manual_extraction,needs_manual_extraction
PMID:39984625,needs_manual_extraction,PubMed,39984625,https://pubmed.ncbi.nlm.nih.gov/39984625/,10.1038/s41598-025-90820-8,39984625,probiotic,,,needs_manual_extraction,needs_manual_extraction,needs_manual_extraction,needs_manual_extraction,,,needs_manual_extraction,needs_manual_extraction,needs_manual_extraction
EUROPEPMC:37771199,needs_manual_extraction,PubMed,37771199,https://europepmc.org/article/MED/37771199,10.1002/edm2.436,37771199,needs_manual_extraction,,,needs_manual_extraction,needs_manual_extraction,needs_manual_extraction,needs_manual_extraction,,,needs_manual_extraction,needs_manual_extraction,needs_manual_extraction
EUROPEPMC:39421246,needs_manual_extraction,PubMed,39421246,https://europepmc.org/article/MED/39421246,10.20517/mrr.2024.05,39421246,probiotic,,,needs_manual_extraction,needs_manual_extraction,needs_manual_extraction,needs_manual_extraction,needs_manual_extraction,needs_manual_extraction,needs_manual_extraction,needs_manual_extraction,needs_manual_extraction
PMID:38409604,needs_manual_extraction,PubMed,38409604,https://pubmed.ncbi.nlm.nih.gov/38409604/,10.1038/s42255-024-00988-y,38409604,needs_manual_extraction,,,needs_manual_extraction,needs_manual_extraction,needs_manual_extraction,needs_manual_extraction,,,needs_manual_extraction,needs_manual_extraction,needs_manual_extraction
PMID:39400776,needs_manual_extraction,PubMed,39400776,https://pubmed.ncbi.nlm.nih.gov/39400776/,10.1186/s13568-024-01769-2,39400776,needs_manual_extraction,,,needs_manual_extraction,needs_manual_extraction,needs_manual_extraction,needs_manual_extraction,,,needs_manual_extraction,needs_manual_extraction,needs_manual_extraction
PMID:39125666,needs_manual_extraction,PubMed,39125666,https://pubmed.ncbi.nlm.nih.gov/39125666/,10.3390/ijms25158098,39125666,needs_manual_extraction,,,needs_manual_extraction,needs_manual_extraction,needs_manual_extraction,needs_manual_extraction,,,needs_manual_extraction,needs_manual_extraction,needs_manual_extraction
PMID:38940505,needs_manual_extraction,PubMed,38940505,https://pubmed.ncbi.nlm.nih.gov/38940505/,10.1128/cmr.00045-23,38940505,needs_manual_extraction,,,needs_manual_extraction,needs_manual_extraction,needs_manual_extraction,needs_manual_extraction,,,needs_manual_extraction,needs_manual_extraction,needs_manual_extraction
PMID:38953736,needs_manual_extraction,PubMed,38953736,https://pubmed.ncbi.nlm.nih.gov/38953736/,10.1039/d4fo01269k,38953736,probiotic,,,needs_manual_extraction,needs_manual_extraction,needs_manual_extraction,needs_manual_extraction,,,needs_manual_extraction,needs_manual_extraction,needs_manual_extraction
EUROPEPMC:37661739,needs_manual_extraction,PubMed,37661739,https://europepmc.org/article/MED/37661739,10.1098/rstb.2022.0221,37661739,needs_manual_extraction,,,needs_manual_extraction,needs_manual_extraction,needs_manual_extraction,needs_manual_extraction,,,needs_manual_extraction,needs_manual_extraction,needs_manual_extraction
PMID:37642346,needs_manual_extraction,PubMed,37642346,https://pubmed.ncbi.nlm.nih.gov/37642346/,10.1080/19490976.2023.2250482,37642346,needs_manual_extraction,,,needs_manual_extraction,needs_manual_extraction,needs_manual_extraction,needs_manual_extraction,,,needs_manual_extraction,needs_manual_extraction,needs_manual_extraction
PMID:37562188,needs_manual_extraction,PubMed,37562188,https://pubmed.ncbi.nlm.nih.gov/37562188/,10.1016/j.nut.2023.112111,37562188,needs_manual_extraction,,,needs_manual_extraction,needs_manual_extraction,needs_manual_extraction,needs_manual_extraction,,,needs_manual_extraction,needs_manual_extraction,needs_manual_extraction
PMID:37915619,needs_manual_extraction,PubMed,37915619,https://pubmed.ncbi.nlm.nih.gov/37915619/,10.3389/fnut.2023.1282376,37915619,needs_manual_extraction,,,needs_manual_extraction,needs_manual_extraction,needs_manual_extraction,needs_manual_extraction,,,needs_manual_extraction,needs_manual_extraction,needs_manual_extraction
PMID:37474971,needs_manual_extraction,PubMed,37474971,https://pubmed.ncbi.nlm.nih.gov/37474971/,10.1186/s13099-023-00563-y,37474971,synbiotic,,,needs_manual_extraction,needs_manual_extraction,needs_manual_extraction,needs_manual_extraction,needs_manual_extraction,needs_manual_extraction,needs_manual_extraction,needs_manual_extraction,needs_manual_extraction
EUROPEPMC:34973469,needs_manual_extraction,PubMed,34973469,https://europepmc.org/article/MED/34973469,10.1016/j.molmet.2021.101427,34973469,needs_manual_extraction,,,needs_manual_extraction,needs_manual_extraction,needs_manual_extraction,needs_manual_extraction,,,needs_manual_extraction,needs_manual_extraction,needs_manual_extraction
EUROPEPMC:36313072,needs_manual_extraction,PubMed,36313072,https://europepmc.org/article/MED/36313072,10.3389/fnut.2022.1018212,36313072,needs_manual_extraction,,,needs_manual_extraction,needs_manual_extraction,needs_manual_extraction,needs_manual_extraction,,,needs_manual_extraction,needs_manual_extraction,needs_manual_extraction
PMID:36091491,needs_manual_extraction,PubMed,36091491,https://pubmed.ncbi.nlm.nih.gov/36091491/,10.1016/j.xinn.2022.100304,36091491,needs_manual_extraction,,,needs_manual_extraction,needs_manual_extraction,needs_manual_extraction,needs_manual_extraction,,,needs_manual_extraction,needs_manual_extraction,needs_manual_extraction
PMID:35467389,needs_manual_extraction,PubMed,35467389,https://pubmed.ncbi.nlm.nih.gov/35467389/,10.1128/spectrum.00837-22,35467389,needs_manual_extraction,,,needs_manual_extraction,needs_manual_extraction,needs_manual_extraction,needs_manual_extraction,,,needs_manual_extraction,needs_manual_extraction,needs_manual_extraction
PMID:36530587,needs_manual_extraction,PubMed,36530587,https://pubmed.ncbi.nlm.nih.gov/36530587/,10.2147/DMSO.S378396,36530587,needs_manual_extraction,,,needs_manual_extraction,needs_manual_extraction,needs_manual_extraction,needs_manual_extraction,,,needs_manual_extraction,needs_manual_extraction,needs_manual_extraction
PMID:36281657,needs_manual_extraction,PubMed,36281657,https://pubmed.ncbi.nlm.nih.gov/36281657/,10.1039/d2fo02185d,36281657,needs_manual_extraction,,,needs_manual_extraction,needs_manual_extraction,needs_manual_extraction,needs_manual_extraction,,,needs_manual_extraction,needs_manual_extraction,needs_manual_extraction
EUROPEPMC:34065217,needs_manual_extraction,PubMed,34065217,https://europepmc.org/article/MED/34065217,10.3390/microorganisms9051098,34065217,needs_manual_extraction,Akkermansia muciniphila,,needs_manual_extraction,needs_manual_extraction,needs_manual_extraction,needs_manual_extraction,,,needs_manual_extraction,needs_manual_extraction,needs_manual_extraction
EUROPEPMC:34836254,needs_manual_extraction,PubMed,34836254,https://europepmc.org/article/MED/34836254,10.3390/nu13113999,34836254,needs_manual_extraction,,,needs_manual_extraction,needs_manual_extraction,needs_manual_extraction,needs_manual_extraction,,,needs_manual_extraction,needs_manual_extraction,needs_manual_extraction
EUROPEPMC:33722164,needs_manual_extraction,PubMed,33722164,https://europepmc.org/article/MED/33722164,10.1080/19490976.2021.1894070,33722164,needs_manual_extraction,,,needs_manual_extraction,needs_manual_extraction,needs_manual_extraction,needs_manual_extraction,,,needs_manual_extraction,needs_manual_extraction,needs_manual_extraction
PMID:34946095,needs_manual_extraction,PubMed,34946095,https://pubmed.ncbi.nlm.nih.gov/34946095/,10.3390/microorganisms9122493,34946095,needs_manual_extraction,Bifidobacterium longum,,needs_manual_extraction,needs_manual_extraction,needs_manual_extraction,needs_manual_extraction,,,needs_manual_extraction,needs_manual_extraction,needs_manual_extraction
PMID:34684633,needs_manual_extraction,PubMed,34684633,https://pubmed.ncbi.nlm.nih.gov/34684633/,10.3390/nu13103627,34684633,probiotic,,,needs_manual_extraction,needs_manual_extraction,needs_manual_extraction,needs_manual_extraction,needs_manual_extraction,needs_manual_extraction,needs_manual_extraction,needs_manual_extraction,needs_manual_extraction
PMID:33459204,needs_manual_extraction,PubMed,33459204,https://pubmed.ncbi.nlm.nih.gov/33459204/,10.3920/BM2020.0111,33459204,probiotic,,,needs_manual_extraction,needs_manual_extraction,needs_manual_extraction,needs_manual_extraction,,,needs_manual_extraction,needs_manual_extraction,needs_manual_extraction
PMID:31064150,needs_manual_extraction,PubMed,31064150,https://pubmed.ncbi.nlm.nih.gov/31064150/,10.3390/nu11051017,31064150,needs_manual_extraction,,,needs_manual_extraction,needs_manual_extraction,needs_manual_extraction,needs_manual_extraction,,,needs_manual_extraction,needs_manual_extraction,needs_manual_extraction
EUROPEPMC:42197026,needs_manual_extraction,PubMed,42197026,https://europepmc.org/article/MED/42197026,10.3390/nu18101565,42197026,needs_manual_extraction,,,needs_manual_extraction,needs_manual_extraction,needs_manual_extraction,needs_manual_extraction,,,needs_manual_extraction,needs_manual_extraction,needs_manual_extraction
EUROPEPMC:42193156,needs_manual_extraction,PubMed,42193156,https://europepmc.org/article/MED/42193156,10.3390/antiox15050533,42193156,probiotic,,,needs_manual_extraction,needs_manual_extraction,needs_manual_extraction,needs_manual_extraction,,,needs_manual_extraction,needs_manual_extraction,needs_manual_extraction
EUROPEPMC:41683193,needs_manual_extraction,PubMed,41683193,https://europepmc.org/article/MED/41683193,10.3390/nu18030369,41683193,needs_manual_extraction,,,needs_manual_extraction,needs_manual_extraction,needs_manual_extraction,needs_manual_extraction,,,needs_manual_extraction,needs_manual_extraction,needs_manual_extraction
EUROPEPMC:41703894,needs_manual_extraction,PubMed,41703894,https://europepmc.org/article/MED/41703894,10.1002/bcp.70487,41703894,needs_manual_extraction,,,needs_manual_extraction,needs_manual_extraction,needs_manual_extraction,needs_manual_extraction,,,needs_manual_extraction,needs_manual_extraction,needs_manual_extraction
EUROPEPMC:41746476,needs_manual_extraction,PubMed,41746476,https://europepmc.org/article/MED/41746476,10.1007/s13668-026-00732-w,41746476,needs_manual_extraction,,,needs_manual_extraction,needs_manual_extraction,needs_manual_extraction,needs_manual_extraction,,,needs_manual_extraction,needs_manual_extraction,needs_manual_extraction
EUROPEPMC:PMC13203418,needs_manual_extraction,publisher supplementary data,PMC13203418,,,,probiotic,,,needs_manual_extraction,needs_manual_extraction,needs_manual_extraction,needs_manual_extraction,,,needs_manual_extraction,needs_manual_extraction,needs_manual_extraction
EUROPEPMC:PMC13206985,needs_manual_extraction,publisher supplementary data,PMC13206985,,,,probiotic,,,needs_manual_extraction,needs_manual_extraction,needs_manual_extraction,needs_manual_extraction,,,needs_manual_extraction,needs_manual_extraction,needs_manual_extraction
EUROPEPMC:42108208,needs_manual_extraction,PubMed,42108208,https://europepmc.org/article/MED/42108208,10.1093/nutrit/nuag048,42108208,probiotic,,,needs_manual_extraction,needs_manual_extraction,needs_manual_extraction,needs_manual_extraction,,,needs_manual_extraction,needs_manual_extraction,needs_manual_extraction
EUROPEPMC:41906418,needs_manual_extraction,PubMed,41906418,https://europepmc.org/article/MED/41906418,10.1080/19490976.2026.2647535,41906418,needs_manual_extraction,,,needs_manual_extraction,needs_manual_extraction,needs_manual_extraction,needs_manual_extraction,,,needs_manual_extraction,needs_manual_extraction,needs_manual_extraction
EUROPEPMC:41774188,needs_manual_extraction,PubMed,41774188,https://europepmc.org/article/MED/41774188,10.1007/s00018-025-06022-y,41774188,needs_manual_extraction,,,needs_manual_extraction,needs_manual_extraction,needs_manual_extraction,needs_manual_extraction,,,needs_manual_extraction,needs_manual_extraction,needs_manual_extraction
EUROPEPMC:41883787,needs_manual_extraction,PubMed,41883787,https://europepmc.org/article/MED/41883787,10.3389/fmicb.2026.1782361,41883787,probiotic,,,needs_manual_extraction,needs_manual_extraction,needs_manual_extraction,needs_manual_extraction,needs_manual_extraction,needs_manual_extraction,needs_manual_extraction,needs_manual_extraction,needs_manual_extraction
EUROPEPMC:41596930,needs_manual_extraction,PubMed,41596930,https://europepmc.org/article/MED/41596930,10.3390/foods15020332,41596930,needs_manual_extraction,Lacticaseibacillus rhamnosus,CU262,needs_manual_extraction,needs_manual_extraction,needs_manual_extraction,needs_manual_extraction,,,needs_manual_extraction,needs_manual_extraction,needs_manual_extraction
EUROPEPMC:41783897,needs_manual_extraction,PubMed,41783897,https://europepmc.org/article/MED/41783897,10.1515/mr-2025-0048,41783897,needs_manual_extraction,,,needs_manual_extraction,needs_manual_extraction,needs_manual_extraction,needs_manual_extraction,,,needs_manual_extraction,needs_manual_extraction,needs_manual_extraction
EUROPEPMC:41599808,needs_manual_extraction,PubMed,41599808,https://europepmc.org/article/MED/41599808,10.3390/nu18020195,41599808,needs_manual_extraction,,,needs_manual_extraction,needs_manual_extraction,needs_manual_extraction,needs_manual_extraction,,,needs_manual_extraction,needs_manual_extraction,needs_manual_extraction
EUROPEPMC:41788730,needs_manual_extraction,PubMed,41788730,https://europepmc.org/article/MED/41788730,10.3389/fmed.2026.1728174,41788730,needs_manual_extraction,,,needs_manual_extraction,needs_manual_extraction,needs_manual_extraction,needs_manual_extraction,,,needs_manual_extraction,needs_manual_extraction,needs_manual_extraction
EUROPEPMC:41884636,needs_manual_extraction,PubMed,41884636,https://europepmc.org/article/MED/41884636,10.3389/fcvm.2026.1757348,41884636,needs_manual_extraction,,,needs_manual_extraction,needs_manual_extraction,needs_manual_extraction,needs_manual_extraction,,,needs_manual_extraction,needs_manual_extraction,needs_manual_extraction
EUROPEPMC:41901168,needs_manual_extraction,PubMed,41901168,https://europepmc.org/article/MED/41901168,10.3390/nu18060993,41901168,needs_manual_extraction,,,needs_manual_extraction,needs_manual_extraction,needs_manual_extraction,needs_manual_extraction,,,needs_manual_extraction,needs_manual_extraction,needs_manual_extraction
EUROPEPMC:41971399,needs_manual_extraction,PubMed,41971399,https://europepmc.org/article/MED/41971399,10.1016/j.fochx.2026.103798,41971399,probiotic,,,needs_manual_extraction,needs_manual_extraction,needs_manual_extraction,needs_manual_extraction,,,needs_manual_extraction,needs_manual_extraction,needs_manual_extraction
EUROPEPMC:42180583,needs_manual_extraction,PubMed,42180583,https://europepmc.org/article/MED/42180583,10.3389/fnut.2026.1779954,42180583,probiotic,,,needs_manual_extraction,needs_manual_extraction,needs_manual_extraction,needs_manual_extraction,needs_manual_extraction,needs_manual_extraction,needs_manual_extraction,needs_manual_extraction,needs_manual_extraction
EUROPEPMC:41782088,needs_manual_extraction,PubMed,41782088,https://europepmc.org/article/MED/41782088,10.1186/s12902-025-02153-2,41782088,needs_manual_extraction,,,needs_manual_extraction,needs_manual_extraction,needs_manual_extraction,needs_manual_extraction,,,needs_manual_extraction,needs_manual_extraction,needs_manual_extraction
EUROPEPMC:41769660,needs_manual_extraction,PubMed,41769660,https://europepmc.org/article/MED/41769660,10.3389/fnut.2026.1729480,41769660,probiotic,,,needs_manual_extraction,needs_manual_extraction,needs_manual_extraction,needs_manual_extraction,needs_manual_extraction,needs_manual_extraction,needs_manual_extraction,needs_manual_extraction,needs_manual_extraction
EUROPEPMC:41745391,needs_manual_extraction,PubMed,41745391,https://europepmc.org/article/MED/41745391,10.3390/jpm16020099,41745391,probiotic,,,needs_manual_extraction,needs_manual_extraction,needs_manual_extraction,needs_manual_extraction,,,needs_manual_extraction,needs_manual_extraction,needs_manual_extraction
EUROPEPMC:41880417,needs_manual_extraction,PubMed,41880417,https://europepmc.org/article/MED/41880417,10.1590/s0004-2803.24612025-087,41880417,probiotic,,,needs_manual_extraction,needs_manual_extraction,needs_manual_extraction,needs_manual_extraction,needs_manual_extraction,needs_manual_extraction,needs_manual_extraction,needs_manual_extraction,needs_manual_extraction
EUROPEPMC:41841409,needs_manual_extraction,PubMed,41841409,https://europepmc.org/article/MED/41841409,10.1002/smll.202514910,41841409,probiotic,,,needs_manual_extraction,needs_manual_extraction,needs_manual_extraction,needs_manual_extraction,needs_manual_extraction,needs_manual_extraction,needs_manual_extraction,needs_manual_extraction,needs_manual_extraction
EUROPEPMC:41276282,needs_manual_extraction,PubMed,41276282,https://europepmc.org/article/MED/41276282,,41276282,needs_manual_extraction,,,needs_manual_extraction,needs_manual_extraction,needs_manual_extraction,needs_manual_extraction,,,needs_manual_extraction,needs_manual_extraction,needs_manual_extraction
EUROPEPMC:41798990,needs_manual_extraction,PubMed,41798990,https://europepmc.org/article/MED/41798990,10.3389/frtra.2026.1703048,41798990,needs_manual_extraction,,,needs_manual_extraction,needs_manual_extraction,needs_manual_extraction,needs_manual_extraction,,,needs_manual_extraction,needs_manual_extraction,needs_manual_extraction
PMID:42139619,needs_manual_extraction,PubMed,42139619,https://pubmed.ncbi.nlm.nih.gov/42139619/,10.36740/WLek/220666,42139619,needs_manual_extraction,,,needs_manual_extraction,needs_manual_extraction,needs_manual_extraction,needs_manual_extraction,,,needs_manual_extraction,needs_manual_extraction,needs_manual_extraction
PMID:42116498,needs_manual_extraction,PubMed,42116498,https://pubmed.ncbi.nlm.nih.gov/42116498/,10.1016/j.foodres.2026.119257,42116498,needs_manual_extraction,,,needs_manual_extraction,needs_manual_extraction,needs_manual_extraction,needs_manual_extraction,,,needs_manual_extraction,needs_manual_extraction,needs_manual_extraction
PMID:42061563,needs_manual_extraction,PubMed,42061563,https://pubmed.ncbi.nlm.nih.gov/42061563/,10.1016/j.jep.2026.121684,42061563,needs_manual_extraction,,,needs_manual_extraction,needs_manual_extraction,needs_manual_extraction,needs_manual_extraction,,,needs_manual_extraction,needs_manual_extraction,needs_manual_extraction
PMID:42060019,needs_manual_extraction,PubMed,42060019,https://pubmed.ncbi.nlm.nih.gov/42060019/,10.1007/s40520-026-03403-6,42060019,needs_manual_extraction,,,needs_manual_extraction,needs_manual_extraction,needs_manual_extraction,needs_manual_extraction,,,needs_manual_extraction,needs_manual_extraction,needs_manual_extraction
PMID:41895350,needs_manual_extraction,PubMed,41895350,https://pubmed.ncbi.nlm.nih.gov/41895350/,10.1016/j.micpath.2026.108466,41895350,needs_manual_extraction,,,needs_manual_extraction,needs_manual_extraction,needs_manual_extraction,needs_manual_extraction,,,needs_manual_extraction,needs_manual_extraction,needs_manual_extraction
PMID:41657529,needs_manual_extraction,PubMed,41657529,https://pubmed.ncbi.nlm.nih.gov/41657529/,10.1002/fsn3.71497,41657529,needs_manual_extraction,,,needs_manual_extraction,needs_manual_extraction,needs_manual_extraction,needs_manual_extraction,,,needs_manual_extraction,needs_manual_extraction,needs_manual_extraction
PMID:41580820,needs_manual_extraction,PubMed,41580820,https://pubmed.ncbi.nlm.nih.gov/41580820/,10.1186/s13020-025-01305-9,41580820,needs_manual_extraction,,,needs_manual_extraction,needs_manual_extraction,needs_manual_extraction,needs_manual_extraction,,,needs_manual_extraction,needs_manual_extraction,needs_manual_extraction
PMID:40587116,needs_manual_extraction,PubMed,40587116,https://pubmed.ncbi.nlm.nih.gov/40587116/,10.2337/dc25-0728,40587116,needs_manual_extraction,,,needs_manual_extraction,needs_manual_extraction,needs_manual_extraction,needs_manual_extraction,,,needs_manual_extraction,needs_manual_extraction,needs_manual_extraction
PMID:42151830,needs_manual_extraction,PubMed,42151830,https://pubmed.ncbi.nlm.nih.gov/42151830/,10.1186/s12876-026-04934-y,42151830,synbiotic,,,needs_manual_extraction,needs_manual_extraction,needs_manual_extraction,needs_manual_extraction,needs_manual_extraction,needs_manual_extraction,needs_manual_extraction,needs_manual_extraction,needs_manual_extraction
EUROPEPMC:41137026,needs_manual_extraction,PubMed,41137026,https://europepmc.org/article/MED/41137026,10.1186/s12967-025-07149-z,41137026,needs_manual_extraction,Akkermansia muciniphila,,needs_manual_extraction,needs_manual_extraction,needs_manual_extraction,needs_manual_extraction,,,needs_manual_extraction,needs_manual_extraction,needs_manual_extraction
EUROPEPMC:41200610,needs_manual_extraction,PubMed,41200610,https://europepmc.org/article/MED/41200610,10.7759/cureus.95045,41200610,needs_manual_extraction,,,needs_manual_extraction,needs_manual_extraction,needs_manual_extraction,needs_manual_extraction,,,needs_manual_extraction,needs_manual_extraction,needs_manual_extraction
EUROPEPMC:41030554,needs_manual_extraction,PubMed,41030554,https://europepmc.org/article/MED/41030554,10.3389/fmicb.2025.1665101,41030554,needs_manual_extraction,Akkermansia muciniphila,,needs_manual_extraction,needs_manual_extraction,needs_manual_extraction,needs_manual_extraction,,,needs_manual_extraction,needs_manual_extraction,needs_manual_extraction
EUROPEPMC:41488302,needs_manual_extraction,PubMed,41488302,https://europepmc.org/article/MED/41488302,10.3389/fmicb.2025.1675155,41488302,needs_manual_extraction,,,needs_manual_extraction,needs_manual_extraction,needs_manual_extraction,needs_manual_extraction,,,needs_manual_extraction,needs_manual_extraction,needs_manual_extraction
EUROPEPMC:41269489,needs_manual_extraction,PubMed,41269489,https://europepmc.org/article/MED/41269489,10.1007/s40520-025-03216-z,41269489,needs_manual_extraction,,,needs_manual_extraction,needs_manual_extraction,needs_manual_extraction,needs_manual_extraction,,,needs_manual_extraction,needs_manual_extraction,needs_manual_extraction
EUROPEPMC:40299326,needs_manual_extraction,PubMed,40299326,https://europepmc.org/article/MED/40299326,10.3390/biomedicines13040779,40299326,needs_manual_extraction,,,needs_manual_extraction,needs_manual_extraction,needs_manual_extraction,needs_manual_extraction,,,needs_manual_extraction,needs_manual_extraction,needs_manual_extraction
EUROPEPMC:41584842,needs_manual_extraction,PubMed,41584842,https://europepmc.org/article/MED/41584842,10.3389/fcell.2025.1698296,41584842,needs_manual_extraction,,,needs_manual_extraction,needs_manual_extraction,needs_manual_extraction,needs_manual_extraction,,,needs_manual_extraction,needs_manual_extraction,needs_manual_extraction
EUROPEPMC:41097469,needs_manual_extraction,PubMed,41097469,https://europepmc.org/article/MED/41097469,10.3390/foods14193300,41097469,probiotic,Lactobacillus plantarum,,needs_manual_extraction,needs_manual_extraction,needs_manual_extraction,needs_manual_extraction,,,needs_manual_extraction,needs_manual_extraction,needs_manual_extraction
EUROPEPMC:39857762,needs_manual_extraction,PubMed,39857762,https://europepmc.org/article/MED/39857762,10.3390/biomedicines13010179,39857762,needs_manual_extraction,,,needs_manual_extraction,needs_manual_extraction,needs_manual_extraction,needs_manual_extraction,,,needs_manual_extraction,needs_manual_extraction,needs_manual_extraction
EUROPEPMC:41295220,needs_manual_extraction,PubMed,41295220,https://europepmc.org/article/MED/41295220,10.3390/jpm15110518,41295220,needs_manual_extraction,,,needs_manual_extraction,needs_manual_extraction,needs_manual_extraction,needs_manual_extraction,,,needs_manual_extraction,needs_manual_extraction,needs_manual_extraction
EUROPEPMC:40673005,needs_manual_extraction,PubMed,40673005,https://europepmc.org/article/MED/40673005,10.3389/fcimb.2025.1546627,40673005,probiotic,,,needs_manual_extraction,needs_manual_extraction,needs_manual_extraction,needs_manual_extraction,,,needs_manual_extraction,needs_manual_extraction,needs_manual_extraction
EUROPEPMC:41308055,needs_manual_extraction,PubMed,41308055,https://europepmc.org/article/MED/41308055,10.1177/07067437251394369,41308055,needs_manual_extraction,,,needs_manual_extraction,needs_manual_extraction,needs_manual_extraction,needs_manual_extraction,,,needs_manual_extraction,needs_manual_extraction,needs_manual_extraction
EUROPEPMC:41120928,needs_manual_extraction,PubMed,41120928,https://europepmc.org/article/MED/41120928,10.1186/s12866-025-04408-3,41120928,synbiotic,,,needs_manual_extraction,needs_manual_extraction,needs_manual_extraction,needs_manual_extraction,needs_manual_extraction,needs_manual_extraction,needs_manual_extraction,needs_manual_extraction,needs_manual_extraction
EUROPEPMC:41516240,needs_manual_extraction,PubMed,41516240,https://europepmc.org/article/MED/41516240,10.3390/ijms27010365,41516240,probiotic,,,needs_manual_extraction,needs_manual_extraction,needs_manual_extraction,needs_manual_extraction,,,needs_manual_extraction,needs_manual_extraction,needs_manual_extraction
EUROPEPMC:41377642,needs_manual_extraction,PubMed,41377642,https://europepmc.org/article/MED/41377642,10.17925/hi.2025.19.2.3,41377642,needs_manual_extraction,,,needs_manual_extraction,needs_manual_extraction,needs_manual_extraction,needs_manual_extraction,,,needs_manual_extraction,needs_manual_extraction,needs_manual_extraction
PMID:41373754,needs_manual_extraction,PubMed,41373754,https://pubmed.ncbi.nlm.nih.gov/41373754/,10.3390/ijms262311602,41373754,needs_manual_extraction,Akkermansia muciniphila,,needs_manual_extraction,needs_manual_extraction,needs_manual_extraction,needs_manual_extraction,,,needs_manual_extraction,needs_manual_extraction,needs_manual_extraction
PMID:41393538,needs_manual_extraction,PubMed,41393538,https://pubmed.ncbi.nlm.nih.gov/41393538/,10.7759/cureus.96713,41393538,needs_manual_extraction,,,needs_manual_extraction,needs_manual_extraction,needs_manual_extraction,needs_manual_extraction,,,needs_manual_extraction,needs_manual_extraction,needs_manual_extraction
PMID:40284712,needs_manual_extraction,PubMed,40284712,https://pubmed.ncbi.nlm.nih.gov/40284712/,10.3390/microorganisms13040877,40284712,prebiotic,,,needs_manual_extraction,needs_manual_extraction,needs_manual_extraction,needs_manual_extraction,needs_manual_extraction,needs_manual_extraction,needs_manual_extraction,needs_manual_extraction,needs_manual_extraction
PMID:40025880,needs_manual_extraction,PubMed,40025880,https://pubmed.ncbi.nlm.nih.gov/40025880/,10.1080/17501911.2025.2473309,40025880,needs_manual_extraction,,,needs_manual_extraction,needs_manual_extraction,needs_manual_extraction,needs_manual_extraction,,,needs_manual_extraction,needs_manual_extraction,needs_manual_extraction
PMID:39914371,needs_manual_extraction,PubMed,39914371,https://pubmed.ncbi.nlm.nih.gov/39914371/,10.1159/000541711,39914371,needs_manual_extraction,,,needs_manual_extraction,needs_manual_extraction,needs_manual_extraction,needs_manual_extraction,,,needs_manual_extraction,needs_manual_extraction,needs_manual_extraction
PMID:39503979,needs_manual_extraction,PubMed,39503979,https://pubmed.ncbi.nlm.nih.gov/39503979/,10.1007/s12602-024-10395-0,39503979,prebiotic,Lacticaseibacillus paracasei,K56,needs_manual_extraction,needs_manual_extraction,needs_manual_extraction,needs_manual_extraction,needs_manual_extraction,needs_manual_extraction,needs_manual_extraction,needs_manual_extraction,needs_manual_extraction
PMID:41003008,needs_manual_extraction,PubMed,41003008,https://pubmed.ncbi.nlm.nih.gov/41003008/,10.3390/metabo15090624,41003008,needs_manual_extraction,,,needs_manual_extraction,needs_manual_extraction,needs_manual_extraction,needs_manual_extraction,,,needs_manual_extraction,needs_manual_extraction,needs_manual_extraction
PMID:40895654,needs_manual_extraction,PubMed,40895654,https://pubmed.ncbi.nlm.nih.gov/40895654/,10.7759/cureus.89207,40895654,needs_manual_extraction,,,needs_manual_extraction,needs_manual_extraction,needs_manual_extraction,needs_manual_extraction,,,needs_manual_extraction,needs_manual_extraction,needs_manual_extraction
PMID:40772021,needs_manual_extraction,PubMed,40772021,https://pubmed.ncbi.nlm.nih.gov/40772021/,10.1002/fsn3.70728,40772021,probiotic,,,needs_manual_extraction,needs_manual_extraction,needs_manual_extraction,needs_manual_extraction,,,needs_manual_extraction,needs_manual_extraction,needs_manual_extraction
PMID:40772014,needs_manual_extraction,PubMed,40772014,https://pubmed.ncbi.nlm.nih.gov/40772014/,10.1002/fsn3.70592,40772014,needs_manual_extraction,,,needs_manual_extraction,needs_manual_extraction,needs_manual_extraction,needs_manual_extraction,,,needs_manual_extraction,needs_manual_extraction,needs_manual_extraction
PMID:40642833,needs_manual_extraction,PubMed,40642833,https://pubmed.ncbi.nlm.nih.gov/40642833/,10.1111/dom.16599,40642833,needs_manual_extraction,,,needs_manual_extraction,needs_manual_extraction,needs_manual_extraction,needs_manual_extraction,,,needs_manual_extraction,needs_manual_extraction,needs_manual_extraction
PMID:40572100,needs_manual_extraction,PubMed,40572100,https://pubmed.ncbi.nlm.nih.gov/40572100/,10.3390/microorganisms13061211,40572100,probiotic,,,needs_manual_extraction,needs_manual_extraction,needs_manual_extraction,needs_manual_extraction,,,needs_manual_extraction,needs_manual_extraction,needs_manual_extraction
EUROPEPMC:39593945,needs_manual_extraction,PubMed,39593945,https://europepmc.org/article/MED/39593945,10.3390/foods13223529,39593945,probiotic,Lactobacillus rhamnosus,,needs_manual_extraction,needs_manual_extraction,needs_manual_extraction,needs_manual_extraction,,,needs_manual_extraction,needs_manual_extraction,needs_manual_extraction
EUROPEPMC:39062848,needs_manual_extraction,PubMed,39062848,https://europepmc.org/article/MED/39062848,10.3390/ijms25147608,39062848,needs_manual_extraction,Lactobacillus plantarum,,needs_manual_extraction,needs_manual_extraction,needs_manual_extraction,needs_manual_extraction,,,needs_manual_extraction,needs_manual_extraction,needs_manual_extraction
EUROPEPMC:38732619,needs_manual_extraction,PubMed,38732619,https://europepmc.org/article/MED/38732619,10.3390/nu16091373,38732619,probiotic,,,needs_manual_extraction,needs_manual_extraction,needs_manual_extraction,needs_manual_extraction,,,needs_manual_extraction,needs_manual_extraction,needs_manual_extraction
EUROPEPMC:38534735,needs_manual_extraction,PubMed,38534735,https://europepmc.org/article/MED/38534735,10.3390/cimb46030119,38534735,needs_manual_extraction,,,needs_manual_extraction,needs_manual_extraction,needs_manual_extraction,needs_manual_extraction,,,needs_manual_extraction,needs_manual_extraction,needs_manual_extraction
PMID:36943206,needs_manual_extraction,PubMed,36943206,https://pubmed.ncbi.nlm.nih.gov/36943206/,10.23736/S2724-5985.23.03379-X,36943206,needs_manual_extraction,,,needs_manual_extraction,needs_manual_extraction,needs_manual_extraction,needs_manual_extraction,,,needs_manual_extraction,needs_manual_extraction,needs_manual_extraction
PMID:38030409,needs_manual_extraction,PubMed,38030409,https://pubmed.ncbi.nlm.nih.gov/38030409/,10.1111/obr.13667,38030409,probiotic,,,needs_manual_extraction,needs_manual_extraction,needs_manual_extraction,needs_manual_extraction,needs_manual_extraction,needs_manual_extraction,needs_manual_extraction,needs_manual_extraction,needs_manual_extraction
EUROPEPMC:36458804,needs_manual_extraction,PubMed,36458804,https://europepmc.org/article/MED/36458804,10.1530/joe-22-0111,36458804,needs_manual_extraction,,,needs_manual_extraction,needs_manual_extraction,needs_manual_extraction,needs_manual_extraction,,,needs_manual_extraction,needs_manual_extraction,needs_manual_extraction
EUROPEPMC:37280680,needs_manual_extraction,PubMed,37280680,https://europepmc.org/article/MED/37280680,10.1186/s12967-023-04230-3,37280680,needs_manual_extraction,,,needs_manual_extraction,needs_manual_extraction,needs_manual_extraction,needs_manual_extraction,,,needs_manual_extraction,needs_manual_extraction,needs_manual_extraction
EUROPEPMC:37316582,needs_manual_extraction,PubMed,37316582,https://europepmc.org/article/MED/37316582,10.1038/s41579-023-00904-3,37316582,needs_manual_extraction,,,needs_manual_extraction,needs_manual_extraction,needs_manual_extraction,needs_manual_extraction,,,needs_manual_extraction,needs_manual_extraction,needs_manual_extraction
EUROPEPMC:36317983,needs_manual_extraction,PubMed,36317983,https://europepmc.org/article/MED/36317983,10.1021/acs.chemrev.2c00431,36317983,needs_manual_extraction,,,needs_manual_extraction,needs_manual_extraction,needs_manual_extraction,needs_manual_extraction,,,needs_manual_extraction,needs_manual_extraction,needs_manual_extraction
EUROPEPMC:37371961,needs_manual_extraction,PubMed,37371961,https://europepmc.org/article/MED/37371961,10.3390/antiox12061232,37371961,needs_manual_extraction,,,needs_manual_extraction,needs_manual_extraction,needs_manual_extraction,needs_manual_extraction,,,needs_manual_extraction,needs_manual_extraction,needs_manual_extraction
PMID:37772600,needs_manual_extraction,PubMed,37772600,https://pubmed.ncbi.nlm.nih.gov/37772600/,10.1093/jas/skad338,37772600,needs_manual_extraction,,,needs_manual_extraction,needs_manual_extraction,needs_manual_extraction,needs_manual_extraction,,,needs_manual_extraction,needs_manual_extraction,needs_manual_extraction
PMID:37571301,needs_manual_extraction,PubMed,37571301,https://pubmed.ncbi.nlm.nih.gov/37571301/,10.3390/nu15153365,37571301,needs_manual_extraction,,,needs_manual_extraction,needs_manual_extraction,needs_manual_extraction,needs_manual_extraction,,,needs_manual_extraction,needs_manual_extraction,needs_manual_extraction
PMID:37513229,needs_manual_extraction,PubMed,37513229,https://pubmed.ncbi.nlm.nih.gov/37513229/,10.3390/molecules28145357,37513229,needs_manual_extraction,,,needs_manual_extraction,needs_manual_extraction,needs_manual_extraction,needs_manual_extraction,,,needs_manual_extraction,needs_manual_extraction,needs_manual_extraction
PMID:36768984,needs_manual_extraction,PubMed,36768984,https://pubmed.ncbi.nlm.nih.gov/36768984/,10.3390/ijms24032665,36768984,needs_manual_extraction,,,needs_manual_extraction,needs_manual_extraction,needs_manual_extraction,needs_manual_extraction,,,needs_manual_extraction,needs_manual_extraction,needs_manual_extraction
PMID:35531940,needs_manual_extraction,PubMed,35531940,https://pubmed.ncbi.nlm.nih.gov/35531940/,10.1080/10408398.2022.2067116,35531940,needs_manual_extraction,,,needs_manual_extraction,needs_manual_extraction,needs_manual_extraction,needs_manual_extraction,,,needs_manual_extraction,needs_manual_extraction,needs_manual_extraction
PMID:37513562,needs_manual_extraction,PubMed,37513562,https://pubmed.ncbi.nlm.nih.gov/37513562/,10.3390/nu15143144,37513562,probiotic,,,needs_manual_extraction,needs_manual_extraction,needs_manual_extraction,needs_manual_extraction,,,needs_manual_extraction,needs_manual_extraction,needs_manual_extraction
EUROPEPMC:35370685,needs_manual_extraction,PubMed,35370685,https://europepmc.org/article/MED/35370685,10.3389/fphar.2022.841782,35370685,needs_manual_extraction,,,needs_manual_extraction,needs_manual_extraction,needs_manual_extraction,needs_manual_extraction,,,needs_manual_extraction,needs_manual_extraction,needs_manual_extraction
PMID:35103461,needs_manual_extraction,PubMed,35103461,https://pubmed.ncbi.nlm.nih.gov/35103461/,10.23736/S2724-6507.22.03752-6,35103461,needs_manual_extraction,Akkermansia muciniphila,,needs_manual_extraction,needs_manual_extraction,needs_manual_extraction,needs_manual_extraction,,,needs_manual_extraction,needs_manual_extraction,needs_manual_extraction
PMID:35977666,needs_manual_extraction,PubMed,35977666,https://pubmed.ncbi.nlm.nih.gov/35977666/,10.1016/j.jnutbio.2022.109122,35977666,needs_manual_extraction,,,needs_manual_extraction,needs_manual_extraction,needs_manual_extraction,needs_manual_extraction,,,needs_manual_extraction,needs_manual_extraction,needs_manual_extraction
PMID:35562794,needs_manual_extraction,PubMed,35562794,https://pubmed.ncbi.nlm.nih.gov/35562794/,10.1186/s40168-022-01248-5,35562794,needs_manual_extraction,,,needs_manual_extraction,needs_manual_extraction,needs_manual_extraction,needs_manual_extraction,,,needs_manual_extraction,needs_manual_extraction,needs_manual_extraction
EUROPEPMC:34828808,needs_manual_extraction,PubMed,34828808,https://europepmc.org/article/MED/34828808,10.3390/foods10112528,34828808,probiotic,,,needs_manual_extraction,needs_manual_extraction,needs_manual_extraction,needs_manual_extraction,,,needs_manual_extraction,needs_manual_extraction,needs_manual_extraction
EUROPEPMC:33802777,needs_manual_extraction,PubMed,33802777,https://europepmc.org/article/MED/33802777,10.3390/microorganisms9030618,33802777,probiotic,Akkermansia muciniphila,,needs_manual_extraction,needs_manual_extraction,needs_manual_extraction,needs_manual_extraction,,,needs_manual_extraction,needs_manual_extraction,needs_manual_extraction
EUROPEPMC:34812127,needs_manual_extraction,PubMed,34812127,https://europepmc.org/article/MED/34812127,10.1080/19490976.2021.1994270,34812127,needs_manual_extraction,,,needs_manual_extraction,needs_manual_extraction,needs_manual_extraction,needs_manual_extraction,,,needs_manual_extraction,needs_manual_extraction,needs_manual_extraction
EUROPEPMC:34203876,needs_manual_extraction,PubMed,34203876,https://europepmc.org/article/MED/34203876,10.3390/microorganisms9061302,34203876,needs_manual_extraction,,,needs_manual_extraction,needs_manual_extraction,needs_manual_extraction,needs_manual_extraction,,,needs_manual_extraction,needs_manual_extraction,needs_manual_extraction
EUROPEPMC:34884466,needs_manual_extraction,PubMed,34884466,https://europepmc.org/article/MED/34884466,10.3390/ijms222312661,34884466,needs_manual_extraction,,,needs_manual_extraction,needs_manual_extraction,needs_manual_extraction,needs_manual_extraction,,,needs_manual_extraction,needs_manual_extraction,needs_manual_extraction
PMID:32698959,needs_manual_extraction,PubMed,32698959,https://pubmed.ncbi.nlm.nih.gov/32698959/,10.1016/j.clnu.2020.05.025,32698959,needs_manual_extraction,,,needs_manual_extraction,needs_manual_extraction,needs_manual_extraction,needs_manual_extraction,,,needs_manual_extraction,needs_manual_extraction,needs_manual_extraction
EUROPEPMC:33292434,needs_manual_extraction,PubMed,33292434,https://europepmc.org/article/MED/33292434,10.1186/s13098-020-00603-6,33292434,probiotic,,,needs_manual_extraction,needs_manual_extraction,needs_manual_extraction,needs_manual_extraction,,,needs_manual_extraction,needs_manual_extraction,needs_manual_extraction
EUROPEPMC:32549225,needs_manual_extraction,PubMed,32549225,https://europepmc.org/article/MED/32549225,10.3390/nu12061776,32549225,needs_manual_extraction,,,needs_manual_extraction,needs_manual_extraction,needs_manual_extraction,needs_manual_extraction,,,needs_manual_extraction,needs_manual_extraction,needs_manual_extraction
PMID:28618860,needs_manual_extraction,PubMed,28618860,https://pubmed.ncbi.nlm.nih.gov/28618860/,10.3920/BM2016.0170,28618860,needs_manual_extraction,Lactobacillus casei,,needs_manual_extraction,needs_manual_extraction,needs_manual_extraction,needs_manual_extraction,,,needs_manual_extraction,needs_manual_extraction,needs_manual_extraction
PMID:22634320,needs_manual_extraction,PubMed,22634320,https://pubmed.ncbi.nlm.nih.gov/22634320/,10.1016/j.micpath.2012.05.007,22634320,needs_manual_extraction,Lactobacillus species,,needs_manual_extraction,needs_manual_extraction,needs_manual_extraction,needs_manual_extraction,,,needs_manual_extraction,needs_manual_extraction,needs_manual_extraction
EUROPEPMC:42194074,needs_manual_extraction,PubMed,42194074,https://europepmc.org/article/MED/42194074,10.3390/biom16050726,42194074,needs_manual_extraction,Akkermansia muciniphila,,needs_manual_extraction,needs_manual_extraction,needs_manual_extraction,needs_manual_extraction,,,needs_manual_extraction,needs_manual_extraction,needs_manual_extraction
EUROPEPMC:42197043,needs_manual_extraction,PubMed,42197043,https://europepmc.org/article/MED/42197043,10.3390/nu18101583,42197043,needs_manual_extraction,,,needs_manual_extraction,needs_manual_extraction,needs_manual_extraction,needs_manual_extraction,,,needs_manual_extraction,needs_manual_extraction,needs_manual_extraction
EUROPEPMC:41754209,needs_manual_extraction,PubMed,41754209,https://europepmc.org/article/MED/41754209,10.3390/nu18040691,41754209,needs_manual_extraction,,,needs_manual_extraction,needs_manual_extraction,needs_manual_extraction,needs_manual_extraction,,,needs_manual_extraction,needs_manual_extraction,needs_manual_extraction
EUROPEPMC:42219654,needs_manual_extraction,PubMed,42219654,https://europepmc.org/article/MED/42219654,10.1080/19490976.2026.2673679,42219654,probiotic,,,needs_manual_extraction,needs_manual_extraction,needs_manual_extraction,needs_manual_extraction,,,needs_manual_extraction,needs_manual_extraction,needs_manual_extraction
EUROPEPMC:41978101,needs_manual_extraction,PubMed,41978101,https://europepmc.org/article/MED/41978101,10.3390/nu18071050,41978101,probiotic,,,needs_manual_extraction,needs_manual_extraction,needs_manual_extraction,needs_manual_extraction,,,needs_manual_extraction,needs_manual_extraction,needs_manual_extraction
EUROPEPMC:42158523,needs_manual_extraction,PubMed,42158523,https://europepmc.org/article/MED/42158523,10.2147/ijn.s607382,42158523,probiotic,,,needs_manual_extraction,needs_manual_extraction,needs_manual_extraction,needs_manual_extraction,,,needs_manual_extraction,needs_manual_extraction,needs_manual_extraction
EUROPEPMC:41815495,needs_manual_extraction,PubMed,41815495,https://europepmc.org/article/MED/41815495,10.3389/fvets.2026.1759381,41815495,prebiotic,Akkermansia muciniphila,,needs_manual_extraction,needs_manual_extraction,needs_manual_extraction,needs_manual_extraction,needs_manual_extraction,needs_manual_extraction,needs_manual_extraction,needs_manual_extraction,needs_manual_extraction
EUROPEPMC:41683196,needs_manual_extraction,PubMed,41683196,https://europepmc.org/article/MED/41683196,10.3390/nu18030372,41683196,prebiotic,,,needs_manual_extraction,needs_manual_extraction,needs_manual_extraction,needs_manual_extraction,needs_manual_extraction,needs_manual_extraction,needs_manual_extraction,needs_manual_extraction,needs_manual_extraction
EUROPEPMC:41557725,needs_manual_extraction,PubMed,41557725,https://europepmc.org/article/MED/41557725,10.1371/journal.pbio.3003617,41557725,needs_manual_extraction,,,needs_manual_extraction,needs_manual_extraction,needs_manual_extraction,needs_manual_extraction,,,needs_manual_extraction,needs_manual_extraction,needs_manual_extraction
PMID:42067693,needs_manual_extraction,PubMed,42067693,https://pubmed.ncbi.nlm.nih.gov/42067693/,10.1007/s13659-026-00612-4,42067693,needs_manual_extraction,Akkermansia muciniphila,,needs_manual_extraction,needs_manual_extraction,needs_manual_extraction,needs_manual_extraction,,,needs_manual_extraction,needs_manual_extraction,needs_manual_extraction
EUROPEPMC:41017972,needs_manual_extraction,PubMed,41017972,https://europepmc.org/article/MED/41017972,10.3389/fnins.2025.1650807,41017972,needs_manual_extraction,Akkermansia muciniphila,,needs_manual_extraction,needs_manual_extraction,needs_manual_extraction,needs_manual_extraction,,,needs_manual_extraction,needs_manual_extraction,needs_manual_extraction
EUROPEPMC:41536827,needs_manual_extraction,PubMed,41536827,https://europepmc.org/article/MED/41536827,10.3934/publichealth.2025061,41536827,needs_manual_extraction,,,needs_manual_extraction,needs_manual_extraction,needs_manual_extraction,needs_manual_extraction,,,needs_manual_extraction,needs_manual_extraction,needs_manual_extraction
EUROPEPMC:40788133,needs_manual_extraction,PubMed,40788133,https://europepmc.org/article/MED/40788133,10.1128/iai.00503-24,40788133,needs_manual_extraction,Akkermansia muciniphila,,needs_manual_extraction,needs_manual_extraction,needs_manual_extraction,needs_manual_extraction,,,needs_manual_extraction,needs_manual_extraction,needs_manual_extraction
EUROPEPMC:40871736,needs_manual_extraction,PubMed,40871736,https://europepmc.org/article/MED/40871736,10.3390/nu17162708,40871736,needs_manual_extraction,,,needs_manual_extraction,needs_manual_extraction,needs_manual_extraction,needs_manual_extraction,,,needs_manual_extraction,needs_manual_extraction,needs_manual_extraction
EUROPEPMC:40549339,needs_manual_extraction,PubMed,40549339,https://europepmc.org/article/MED/40549339,10.1007/s12602-025-10613-3,40549339,probiotic,,,needs_manual_extraction,needs_manual_extraction,needs_manual_extraction,needs_manual_extraction,,,needs_manual_extraction,needs_manual_extraction,needs_manual_extraction
EUROPEPMC:PMC12075107,needs_manual_extraction,publisher supplementary data,PMC12075107,,,,needs_manual_extraction,,,needs_manual_extraction,needs_manual_extraction,needs_manual_extraction,needs_manual_extraction,,,needs_manual_extraction,needs_manual_extraction,needs_manual_extraction
EUROPEPMC:PMC12496561,needs_manual_extraction,publisher supplementary data,PMC12496561,,,,needs_manual_extraction,,,needs_manual_extraction,needs_manual_extraction,needs_manual_extraction,needs_manual_extraction,,,needs_manual_extraction,needs_manual_extraction,needs_manual_extraction
EUROPEPMC:41601941,needs_manual_extraction,PubMed,41601941,https://europepmc.org/article/MED/41601941,10.3389/fendo.2025.1754430,41601941,probiotic,,,needs_manual_extraction,needs_manual_extraction,needs_manual_extraction,needs_manual_extraction,,,needs_manual_extraction,needs_manual_extraction,needs_manual_extraction
EUROPEPMC:41295329,needs_manual_extraction,PubMed,41295329,https://europepmc.org/article/MED/41295329,10.3390/metabo15110744,41295329,probiotic,,,needs_manual_extraction,needs_manual_extraction,needs_manual_extraction,needs_manual_extraction,needs_manual_extraction,needs_manual_extraction,needs_manual_extraction,needs_manual_extraction,needs_manual_extraction
EUROPEPMC:41321404,needs_manual_extraction,PubMed,41321404,https://europepmc.org/article/MED/41321404,10.1016/j.metop.2025.100419,41321404,probiotic,,,needs_manual_extraction,needs_manual_extraction,needs_manual_extraction,needs_manual_extraction,needs_manual_extraction,needs_manual_extraction,needs_manual_extraction,needs_manual_extraction,needs_manual_extraction
EUROPEPMC:40952551,needs_manual_extraction,PubMed,40952551,https://europepmc.org/article/MED/40952551,10.1007/s13668-025-00698-1,40952551,probiotic,,,needs_manual_extraction,needs_manual_extraction,needs_manual_extraction,needs_manual_extraction,needs_manual_extraction,needs_manual_extraction,needs_manual_extraction,needs_manual_extraction,needs_manual_extraction
EUROPEPMC:41479668,needs_manual_extraction,PubMed,41479668,https://europepmc.org/article/MED/41479668,10.3389/fnut.2025.1716791,41479668,postbiotic,,,needs_manual_extraction,needs_manual_extraction,needs_manual_extraction,needs_manual_extraction,,,needs_manual_extraction,needs_manual_extraction,needs_manual_extraction
EUROPEPMC:41178959,needs_manual_extraction,PubMed,41178959,https://europepmc.org/article/MED/41178959,10.3389/fmicb.2025.1651965,41178959,probiotic,,,needs_manual_extraction,needs_manual_extraction,needs_manual_extraction,needs_manual_extraction,needs_manual_extraction,needs_manual_extraction,needs_manual_extraction,needs_manual_extraction,needs_manual_extraction
EUROPEPMC:41170428,needs_manual_extraction,PubMed,41170428,https://europepmc.org/article/MED/41170428,10.3389/fmicb.2025.1697319,41170428,probiotic,,,needs_manual_extraction,needs_manual_extraction,needs_manual_extraction,needs_manual_extraction,,,needs_manual_extraction,needs_manual_extraction,needs_manual_extraction
PMID:40892275,needs_manual_extraction,PubMed,40892275,https://pubmed.ncbi.nlm.nih.gov/40892275/,10.1007/s40519-025-01784-7,40892275,needs_manual_extraction,,,needs_manual_extraction,needs_manual_extraction,needs_manual_extraction,needs_manual_extraction,,,needs_manual_extraction,needs_manual_extraction,needs_manual_extraction
PMID:40573134,needs_manual_extraction,PubMed,40573134,https://pubmed.ncbi.nlm.nih.gov/40573134/,10.3390/nu17122023,40573134,needs_manual_extraction,,,needs_manual_extraction,needs_manual_extraction,needs_manual_extraction,needs_manual_extraction,,,needs_manual_extraction,needs_manual_extraction,needs_manual_extraction
PMID:40736492,needs_manual_extraction,PubMed,40736492,https://pubmed.ncbi.nlm.nih.gov/40736492/,,40736492,needs_manual_extraction,,,needs_manual_extraction,needs_manual_extraction,needs_manual_extraction,needs_manual_extraction,,,needs_manual_extraction,needs_manual_extraction,needs_manual_extraction
PMID:40557185,needs_manual_extraction,PubMed,40557185,https://pubmed.ncbi.nlm.nih.gov/40557185/,10.31138/mjr.030624.dra,40557185,needs_manual_extraction,,,needs_manual_extraction,needs_manual_extraction,needs_manual_extraction,needs_manual_extraction,,,needs_manual_extraction,needs_manual_extraction,needs_manual_extraction
PMID:40178689,needs_manual_extraction,PubMed,40178689,https://pubmed.ncbi.nlm.nih.gov/40178689/,10.1186/s40643-025-00861-0,40178689,needs_manual_extraction,,,needs_manual_extraction,needs_manual_extraction,needs_manual_extraction,needs_manual_extraction,,,needs_manual_extraction,needs_manual_extraction,needs_manual_extraction
PMID:40099634,needs_manual_extraction,PubMed,40099634,https://pubmed.ncbi.nlm.nih.gov/40099634/,10.1097/BOR.0000000000001090,40099634,needs_manual_extraction,,,needs_manual_extraction,needs_manual_extraction,needs_manual_extraction,needs_manual_extraction,,,needs_manual_extraction,needs_manual_extraction,needs_manual_extraction
PMID:41022286,needs_manual_extraction,PubMed,41022286,https://pubmed.ncbi.nlm.nih.gov/41022286/,10.1016/j.advnut.2025.100526,41022286,probiotic,,,needs_manual_extraction,needs_manual_extraction,needs_manual_extraction,needs_manual_extraction,needs_manual_extraction,needs_manual_extraction,needs_manual_extraction,needs_manual_extraction,needs_manual_extraction
EUROPEPMC:38791478,needs_manual_extraction,PubMed,38791478,https://europepmc.org/article/MED/38791478,10.3390/ijms25105441,38791478,postbiotic,,,needs_manual_extraction,needs_manual_extraction,needs_manual_extraction,needs_manual_extraction,,,needs_manual_extraction,needs_manual_extraction,needs_manual_extraction
EUROPEPMC:39335866,needs_manual_extraction,PubMed,39335866,https://europepmc.org/article/MED/39335866,10.3390/foods13182937,39335866,postbiotic,,,needs_manual_extraction,needs_manual_extraction,needs_manual_extraction,needs_manual_extraction,,,needs_manual_extraction,needs_manual_extraction,needs_manual_extraction
EUROPEPMC:39599742,needs_manual_extraction,PubMed,39599742,https://europepmc.org/article/MED/39599742,10.3390/nu16223955,39599742,probiotic,,,needs_manual_extraction,needs_manual_extraction,needs_manual_extraction,needs_manual_extraction,needs_manual_extraction,needs_manual_extraction,needs_manual_extraction,needs_manual_extraction,needs_manual_extraction
EUROPEPMC:PMC11094350,needs_manual_extraction,publisher supplementary data,PMC11094350,,,,needs_manual_extraction,,,needs_manual_extraction,needs_manual_extraction,needs_manual_extraction,needs_manual_extraction,,,needs_manual_extraction,needs_manual_extraction,needs_manual_extraction
PMID:38946112,needs_manual_extraction,PubMed,38946112,https://pubmed.ncbi.nlm.nih.gov/38946112/,10.1111/1751-7915.14520,38946112,needs_manual_extraction,,,needs_manual_extraction,needs_manual_extraction,needs_manual_extraction,needs_manual_extraction,,,needs_manual_extraction,needs_manual_extraction,needs_manual_extraction
EUROPEPMC:36763279,needs_manual_extraction,PubMed,36763279,https://europepmc.org/article/MED/36763279,10.1007/s12602-023-10045-x,36763279,postbiotic,,,needs_manual_extraction,needs_manual_extraction,needs_manual_extraction,needs_manual_extraction,,,needs_manual_extraction,needs_manual_extraction,needs_manual_extraction
PMID:37359018,needs_manual_extraction,PubMed,37359018,https://pubmed.ncbi.nlm.nih.gov/37359018/,10.3389/fmed.2023.1141355,37359018,probiotic,,,needs_manual_extraction,needs_manual_extraction,needs_manual_extraction,needs_manual_extraction,needs_manual_extraction,needs_manual_extraction,needs_manual_extraction,needs_manual_extraction,needs_manual_extraction
EUROPEPMC:PMC9548091,needs_manual_extraction,publisher supplementary data,PMC9548091,,,,needs_manual_extraction,,,needs_manual_extraction,needs_manual_extraction,needs_manual_extraction,needs_manual_extraction,,,needs_manual_extraction,needs_manual_extraction,needs_manual_extraction
PMID:35278043,needs_manual_extraction,PubMed,35278043,https://pubmed.ncbi.nlm.nih.gov/35278043/,10.1002/jcsm.12964,35278043,probiotic,,,needs_manual_extraction,needs_manual_extraction,needs_manual_extraction,needs_manual_extraction,,,needs_manual_extraction,needs_manual_extraction,needs_manual_extraction
EUROPEPMC:35009009,needs_manual_extraction,PubMed,35009009,https://europepmc.org/article/MED/35009009,10.3390/plants11010004,35009009,needs_manual_extraction,,,needs_manual_extraction,needs_manual_extraction,needs_manual_extraction,needs_manual_extraction,,,needs_manual_extraction,needs_manual_extraction,needs_manual_extraction
PMID:33477821,needs_manual_extraction,PubMed,33477821,https://pubmed.ncbi.nlm.nih.gov/33477821/,10.3390/cells10010185,33477821,needs_manual_extraction,Akkermansia muciniphila,,needs_manual_extraction,needs_manual_extraction,needs_manual_extraction,needs_manual_extraction,,,needs_manual_extraction,needs_manual_extraction,needs_manual_extraction
EUROPEPMC:32394034,needs_manual_extraction,PubMed,32394034,https://europepmc.org/article/MED/32394034,10.1007/s10875-020-00764-z,32394034,needs_manual_extraction,,,needs_manual_extraction,needs_manual_extraction,needs_manual_extraction,needs_manual_extraction,,,needs_manual_extraction,needs_manual_extraction,needs_manual_extraction
EUROPEPMC:33043826,needs_manual_extraction,PubMed,33043826,https://europepmc.org/article/MED/33043826,10.1177/2050640620927345,33043826,needs_manual_extraction,,,needs_manual_extraction,needs_manual_extraction,needs_manual_extraction,needs_manual_extraction,,,needs_manual_extraction,needs_manual_extraction,needs_manual_extraction
EUROPEPMC:32213001,needs_manual_extraction,PubMed,32213001,https://europepmc.org/article/MED/32213001,10.1177/2050640619854671,32213001,needs_manual_extraction,,,needs_manual_extraction,needs_manual_extraction,needs_manual_extraction,needs_manual_extraction,,,needs_manual_extraction,needs_manual_extraction,needs_manual_extraction
EUROPEPMC:PMC6265820,needs_manual_extraction,publisher supplementary data,PMC6265820,,,,needs_manual_extraction,,,needs_manual_extraction,needs_manual_extraction,needs_manual_extraction,needs_manual_extraction,,,needs_manual_extraction,needs_manual_extraction,needs_manual_extraction
PMID:27367724,needs_manual_extraction,PubMed,27367724,https://pubmed.ncbi.nlm.nih.gov/27367724/,10.3390/nu8070397,27367724,synbiotic,,,needs_manual_extraction,needs_manual_extraction,needs_manual_extraction,needs_manual_extraction,needs_manual_extraction,needs_manual_extraction,needs_manual_extraction,needs_manual_extraction,needs_manual_extraction
EUROPEPMC:PMC4669991,needs_manual_extraction,publisher supplementary data,PMC4669991,,,,needs_manual_extraction,,,needs_manual_extraction,needs_manual_extraction,needs_manual_extraction,needs_manual_extraction,,,needs_manual_extraction,needs_manual_extraction,needs_manual_extraction
EUROPEPMC:42039766,needs_manual_extraction,PubMed,42039766,https://europepmc.org/article/MED/42039766,10.1002/fsn3.71801,42039766,needs_manual_extraction,,,needs_manual_extraction,needs_manual_extraction,needs_manual_extraction,needs_manual_extraction,,,needs_manual_extraction,needs_manual_extraction,needs_manual_extraction
PMID:41520055,needs_manual_extraction,PubMed,41520055,https://pubmed.ncbi.nlm.nih.gov/41520055/,10.1038/s41366-025-01971-7,41520055,needs_manual_extraction,,,needs_manual_extraction,needs_manual_extraction,needs_manual_extraction,needs_manual_extraction,,,needs_manual_extraction,needs_manual_extraction,needs_manual_extraction
PMID:42169267,needs_manual_extraction,PubMed,42169267,https://pubmed.ncbi.nlm.nih.gov/42169267/,10.1016/j.foodres.2026.119290,42169267,needs_manual_extraction,,,needs_manual_extraction,needs_manual_extraction,needs_manual_extraction,needs_manual_extraction,,,needs_manual_extraction,needs_manual_extraction,needs_manual_extraction
PMID:41469282,needs_manual_extraction,PubMed,41469282,https://pubmed.ncbi.nlm.nih.gov/41469282/,10.1016/j.soard.2025.11.021,41469282,needs_manual_extraction,,,needs_manual_extraction,needs_manual_extraction,needs_manual_extraction,needs_manual_extraction,,,needs_manual_extraction,needs_manual_extraction,needs_manual_extraction
PMID:41377121,needs_manual_extraction,PubMed,41377121,https://pubmed.ncbi.nlm.nih.gov/41377121/,10.1016/j.csbj.2025.11.043,41377121,needs_manual_extraction,,,needs_manual_extraction,needs_manual_extraction,needs_manual_extraction,needs_manual_extraction,,,needs_manual_extraction,needs_manual_extraction,needs_manual_extraction
PMID:40907063,needs_manual_extraction,PubMed,40907063,https://pubmed.ncbi.nlm.nih.gov/40907063/,10.1016/j.clnu.2025.08.018,40907063,needs_manual_extraction,,,needs_manual_extraction,needs_manual_extraction,needs_manual_extraction,needs_manual_extraction,,,needs_manual_extraction,needs_manual_extraction,needs_manual_extraction
PMID:40725626,needs_manual_extraction,PubMed,40725626,https://pubmed.ncbi.nlm.nih.gov/40725626/,10.3390/jcm14144933,40725626,needs_manual_extraction,,,needs_manual_extraction,needs_manual_extraction,needs_manual_extraction,needs_manual_extraction,,,needs_manual_extraction,needs_manual_extraction,needs_manual_extraction
PMID:39988008,needs_manual_extraction,PubMed,39988008,https://pubmed.ncbi.nlm.nih.gov/39988008/,10.1016/j.bbi.2025.02.014,39988008,needs_manual_extraction,Lactobacillus paracasei,F19,needs_manual_extraction,needs_manual_extraction,needs_manual_extraction,needs_manual_extraction,,,needs_manual_extraction,needs_manual_extraction,needs_manual_extraction
PMID:37503494,needs_manual_extraction,PubMed,37503494,https://pubmed.ncbi.nlm.nih.gov/37503494/,10.7759/cureus.40948,37503494,needs_manual_extraction,,,needs_manual_extraction,needs_manual_extraction,needs_manual_extraction,needs_manual_extraction,,,needs_manual_extraction,needs_manual_extraction,needs_manual_extraction
EUROPEPMC:41901128,needs_manual_extraction,PubMed,41901128,https://europepmc.org/article/MED/41901128,10.3390/nu18060952,41901128,needs_manual_extraction,,,needs_manual_extraction,needs_manual_extraction,needs_manual_extraction,needs_manual_extraction,,,needs_manual_extraction,needs_manual_extraction,needs_manual_extraction
EUROPEPMC:41892839,needs_manual_extraction,PubMed,41892839,https://europepmc.org/article/MED/41892839,10.3390/medsci14010124,41892839,needs_manual_extraction,,,needs_manual_extraction,needs_manual_extraction,needs_manual_extraction,needs_manual_extraction,,,needs_manual_extraction,needs_manual_extraction,needs_manual_extraction
EUROPEPMC:PMC13093803,needs_manual_extraction,publisher supplementary data,PMC13093803,,,,probiotic,,,needs_manual_extraction,needs_manual_extraction,needs_manual_extraction,needs_manual_extraction,,,needs_manual_extraction,needs_manual_extraction,needs_manual_extraction
EUROPEPMC:41717546,needs_manual_extraction,PubMed,41717546,https://europepmc.org/article/MED/41717546,10.3389/fendo.2026.1680182,41717546,probiotic,,,needs_manual_extraction,needs_manual_extraction,needs_manual_extraction,needs_manual_extraction,,,needs_manual_extraction,needs_manual_extraction,needs_manual_extraction
EUROPEPMC:10.64898/2026.04.01.715546,needs_manual_extraction,publisher supplementary data,10.64898/2026.04.01.715546,,10.64898/2026.04.01.715546,,needs_manual_extraction,Saccharomyces boulardii,,needs_manual_extraction,needs_manual_extraction,needs_manual_extraction,needs_manual_extraction,,,needs_manual_extraction,needs_manual_extraction,needs_manual_extraction
EUROPEPMC:42016853,needs_manual_extraction,PubMed,42016853,https://europepmc.org/article/MED/42016853,10.1002/btm2.70122,42016853,probiotic,,,needs_manual_extraction,needs_manual_extraction,needs_manual_extraction,needs_manual_extraction,,,needs_manual_extraction,needs_manual_extraction,needs_manual_extraction
EUROPEPMC:41594449,needs_manual_extraction,PubMed,41594449,https://europepmc.org/article/MED/41594449,10.3390/ani16020259,41594449,needs_manual_extraction,Bifidobacterium animalis,CECT 8145,needs_manual_extraction,needs_manual_extraction,needs_manual_extraction,needs_manual_extraction,,,needs_manual_extraction,needs_manual_extraction,needs_manual_extraction
PMID:42169316,needs_manual_extraction,PubMed,42169316,https://pubmed.ncbi.nlm.nih.gov/42169316/,10.1016/j.foodres.2026.119354,42169316,needs_manual_extraction,,,needs_manual_extraction,needs_manual_extraction,needs_manual_extraction,needs_manual_extraction,,,needs_manual_extraction,needs_manual_extraction,needs_manual_extraction
PMID:42047845,needs_manual_extraction,PubMed,42047845,https://pubmed.ncbi.nlm.nih.gov/42047845/,10.1007/s00394-026-03967-z,42047845,needs_manual_extraction,,,needs_manual_extraction,needs_manual_extraction,needs_manual_extraction,needs_manual_extraction,,,needs_manual_extraction,needs_manual_extraction,needs_manual_extraction
PMID:42042874,needs_manual_extraction,PubMed,42042874,https://pubmed.ncbi.nlm.nih.gov/42042874/,10.3390/metabo16040228,42042874,needs_manual_extraction,,BC99,needs_manual_extraction,needs_manual_extraction,needs_manual_extraction,needs_manual_extraction,,,needs_manual_extraction,needs_manual_extraction,needs_manual_extraction
PMID:41881081,needs_manual_extraction,PubMed,41881081,https://pubmed.ncbi.nlm.nih.gov/41881081/,10.1016/j.fitote.2026.107203,41881081,needs_manual_extraction,,,needs_manual_extraction,needs_manual_extraction,needs_manual_extraction,needs_manual_extraction,,,needs_manual_extraction,needs_manual_extraction,needs_manual_extraction
PMID:41834998,needs_manual_extraction,PubMed,41834998,https://pubmed.ncbi.nlm.nih.gov/41834998/,10.3389/fcimb.2026.1781222,41834998,needs_manual_extraction,,,needs_manual_extraction,needs_manual_extraction,needs_manual_extraction,needs_manual_extraction,,,needs_manual_extraction,needs_manual_extraction,needs_manual_extraction
PMID:41830637,needs_manual_extraction,PubMed,41830637,https://pubmed.ncbi.nlm.nih.gov/41830637/,10.1021/acs.jafc.5c14405,41830637,needs_manual_extraction,,,needs_manual_extraction,needs_manual_extraction,needs_manual_extraction,needs_manual_extraction,,,needs_manual_extraction,needs_manual_extraction,needs_manual_extraction
PMID:41800297,needs_manual_extraction,PubMed,41800297,https://pubmed.ncbi.nlm.nih.gov/41800297/,10.2147/DDDT.S595588,41800297,needs_manual_extraction,,CD36,needs_manual_extraction,needs_manual_extraction,needs_manual_extraction,needs_manual_extraction,,,needs_manual_extraction,needs_manual_extraction,needs_manual_extraction
PMID:41738389,needs_manual_extraction,PubMed,41738389,https://pubmed.ncbi.nlm.nih.gov/41738389/,10.1039/d5fo04941e,41738389,needs_manual_extraction,,,needs_manual_extraction,needs_manual_extraction,needs_manual_extraction,needs_manual_extraction,,,needs_manual_extraction,needs_manual_extraction,needs_manual_extraction
PMID:41697114,needs_manual_extraction,PubMed,41697114,https://pubmed.ncbi.nlm.nih.gov/41697114/,10.23736/S2724-6507.25.04483-5,41697114,needs_manual_extraction,,,needs_manual_extraction,needs_manual_extraction,needs_manual_extraction,needs_manual_extraction,,,needs_manual_extraction,needs_manual_extraction,needs_manual_extraction
PMID:41654113,needs_manual_extraction,PubMed,41654113,https://pubmed.ncbi.nlm.nih.gov/41654113/,10.1016/j.cireng.2026.800297,41654113,needs_manual_extraction,,,needs_manual_extraction,needs_manual_extraction,needs_manual_extraction,needs_manual_extraction,,,needs_manual_extraction,needs_manual_extraction,needs_manual_extraction
PMID:41598253,needs_manual_extraction,PubMed,41598253,https://pubmed.ncbi.nlm.nih.gov/41598253/,10.3390/life16010098,41598253,needs_manual_extraction,,,needs_manual_extraction,needs_manual_extraction,needs_manual_extraction,needs_manual_extraction,,,needs_manual_extraction,needs_manual_extraction,needs_manual_extraction
PMID:42060057,needs_manual_extraction,PubMed,42060057,https://pubmed.ncbi.nlm.nih.gov/42060057/,10.1007/s12602-026-11035-5,42060057,needs_manual_extraction,Lacticaseibacillus rhamnosus,,needs_manual_extraction,needs_manual_extraction,needs_manual_extraction,needs_manual_extraction,,,needs_manual_extraction,needs_manual_extraction,needs_manual_extraction
PMID:41727680,needs_manual_extraction,PubMed,41727680,https://pubmed.ncbi.nlm.nih.gov/41727680/,10.3389/fendo.2026.1734041,41727680,needs_manual_extraction,,,needs_manual_extraction,needs_manual_extraction,needs_manual_extraction,needs_manual_extraction,,,needs_manual_extraction,needs_manual_extraction,needs_manual_extraction
PMID:41475319,needs_manual_extraction,PubMed,41475319,https://pubmed.ncbi.nlm.nih.gov/41475319/,10.1016/j.nut.2025.113033,41475319,needs_manual_extraction,,,needs_manual_extraction,needs_manual_extraction,needs_manual_extraction,needs_manual_extraction,,,needs_manual_extraction,needs_manual_extraction,needs_manual_extraction
EUROPEPMC:41568048,needs_manual_extraction,PubMed,41568048,https://europepmc.org/article/MED/41568048,10.3389/fmicb.2025.1627870,41568048,probiotic,Akkermansia muciniphila,,needs_manual_extraction,needs_manual_extraction,needs_manual_extraction,needs_manual_extraction,,,needs_manual_extraction,needs_manual_extraction,needs_manual_extraction
EUROPEPMC:41007736,needs_manual_extraction,PubMed,41007736,https://europepmc.org/article/MED/41007736,10.3390/biomedicines13092173,41007736,needs_manual_extraction,,,needs_manual_extraction,needs_manual_extraction,needs_manual_extraction,needs_manual_extraction,,,needs_manual_extraction,needs_manual_extraction,needs_manual_extraction
EUROPEPMC:41010468,needs_manual_extraction,PubMed,41010468,https://europepmc.org/article/MED/41010468,10.3390/nu17182942,41010468,needs_manual_extraction,,,needs_manual_extraction,needs_manual_extraction,needs_manual_extraction,needs_manual_extraction,,,needs_manual_extraction,needs_manual_extraction,needs_manual_extraction
EUROPEPMC:40328980,needs_manual_extraction,PubMed,40328980,https://europepmc.org/article/MED/40328980,10.1038/s41564-025-01989-7,40328980,needs_manual_extraction,,,needs_manual_extraction,needs_manual_extraction,needs_manual_extraction,needs_manual_extraction,,,needs_manual_extraction,needs_manual_extraction,needs_manual_extraction
EUROPEPMC:40362873,needs_manual_extraction,PubMed,40362873,https://europepmc.org/article/MED/40362873,10.3390/nu17091564,40362873,needs_manual_extraction,,,needs_manual_extraction,needs_manual_extraction,needs_manual_extraction,needs_manual_extraction,,,needs_manual_extraction,needs_manual_extraction,needs_manual_extraction
PMID:40606560,needs_manual_extraction,PubMed,40606560,https://pubmed.ncbi.nlm.nih.gov/40606560/,10.1007/s43657-024-00165-x,40606560,needs_manual_extraction,,,needs_manual_extraction,needs_manual_extraction,needs_manual_extraction,needs_manual_extraction,,,needs_manual_extraction,needs_manual_extraction,needs_manual_extraction
PMID:40046174,needs_manual_extraction,PubMed,40046174,https://pubmed.ncbi.nlm.nih.gov/40046174/,10.2147/JAA.S478329,40046174,needs_manual_extraction,,,needs_manual_extraction,needs_manual_extraction,needs_manual_extraction,needs_manual_extraction,,,needs_manual_extraction,needs_manual_extraction,needs_manual_extraction
PMID:39778852,needs_manual_extraction,PubMed,39778852,https://pubmed.ncbi.nlm.nih.gov/39778852/,10.1016/j.ijbiomac.2025.139577,39778852,needs_manual_extraction,,,needs_manual_extraction,needs_manual_extraction,needs_manual_extraction,needs_manual_extraction,,,needs_manual_extraction,needs_manual_extraction,needs_manual_extraction
PMID:41313537,needs_manual_extraction,PubMed,41313537,https://pubmed.ncbi.nlm.nih.gov/41313537/,10.1007/s12602-025-10855-1,41313537,needs_manual_extraction,,,needs_manual_extraction,needs_manual_extraction,needs_manual_extraction,needs_manual_extraction,,,needs_manual_extraction,needs_manual_extraction,needs_manual_extraction
PMID:41061287,needs_manual_extraction,PubMed,41061287,https://pubmed.ncbi.nlm.nih.gov/41061287/,10.1016/j.phymed.2025.157314,41061287,needs_manual_extraction,,,needs_manual_extraction,needs_manual_extraction,needs_manual_extraction,needs_manual_extraction,,,needs_manual_extraction,needs_manual_extraction,needs_manual_extraction
PMID:40460250,needs_manual_extraction,PubMed,40460250,https://pubmed.ncbi.nlm.nih.gov/40460250/,10.1080/17446651.2025.2512551,40460250,needs_manual_extraction,,,needs_manual_extraction,needs_manual_extraction,needs_manual_extraction,needs_manual_extraction,,,needs_manual_extraction,needs_manual_extraction,needs_manual_extraction
PMID:40269059,needs_manual_extraction,PubMed,40269059,https://pubmed.ncbi.nlm.nih.gov/40269059/,10.1038/s41598-025-96893-9,40269059,probiotic,,,needs_manual_extraction,needs_manual_extraction,needs_manual_extraction,needs_manual_extraction,,,needs_manual_extraction,needs_manual_extraction,needs_manual_extraction
PMID:39539712,needs_manual_extraction,PubMed,39539712,https://pubmed.ncbi.nlm.nih.gov/39539712/,10.3389/fmicb.2024.1381423,39539712,needs_manual_extraction,,,needs_manual_extraction,needs_manual_extraction,needs_manual_extraction,needs_manual_extraction,,,needs_manual_extraction,needs_manual_extraction,needs_manual_extraction
PMID:38299011,needs_manual_extraction,PubMed,38299011,https://pubmed.ncbi.nlm.nih.gov/38299011/,10.1515/biol-2022-0803,38299011,needs_manual_extraction,,,needs_manual_extraction,needs_manual_extraction,needs_manual_extraction,needs_manual_extraction,,,needs_manual_extraction,needs_manual_extraction,needs_manual_extraction
PMID:39710683,needs_manual_extraction,PubMed,39710683,https://pubmed.ncbi.nlm.nih.gov/39710683/,10.1186/s13098-024-01561-z,39710683,needs_manual_extraction,,,needs_manual_extraction,needs_manual_extraction,needs_manual_extraction,needs_manual_extraction,,,needs_manual_extraction,needs_manual_extraction,needs_manual_extraction
PMID:39200335,needs_manual_extraction,PubMed,39200335,https://pubmed.ncbi.nlm.nih.gov/39200335/,10.3390/biomedicines12081871,39200335,needs_manual_extraction,,,needs_manual_extraction,needs_manual_extraction,needs_manual_extraction,needs_manual_extraction,,,needs_manual_extraction,needs_manual_extraction,needs_manual_extraction
PMID:39064763,needs_manual_extraction,PubMed,39064763,https://pubmed.ncbi.nlm.nih.gov/39064763/,10.3390/nu16142321,39064763,needs_manual_extraction,,,needs_manual_extraction,needs_manual_extraction,needs_manual_extraction,needs_manual_extraction,,,needs_manual_extraction,needs_manual_extraction,needs_manual_extraction
PMID:38612951,needs_manual_extraction,PubMed,38612951,https://pubmed.ncbi.nlm.nih.gov/38612951/,10.3390/nu16070917,38612951,needs_manual_extraction,,,needs_manual_extraction,needs_manual_extraction,needs_manual_extraction,needs_manual_extraction,,,needs_manual_extraction,needs_manual_extraction,needs_manual_extraction
PMID:37724572,needs_manual_extraction,PubMed,37724572,https://pubmed.ncbi.nlm.nih.gov/37724572/,10.1080/10408398.2023.2257782,37724572,needs_manual_extraction,,,needs_manual_extraction,needs_manual_extraction,needs_manual_extraction,needs_manual_extraction,,,needs_manual_extraction,needs_manual_extraction,needs_manual_extraction
PMID:37971504,needs_manual_extraction,PubMed,37971504,https://pubmed.ncbi.nlm.nih.gov/37971504/,10.1007/s00125-023-06044-w,37971504,needs_manual_extraction,,,needs_manual_extraction,needs_manual_extraction,needs_manual_extraction,needs_manual_extraction,,,needs_manual_extraction,needs_manual_extraction,needs_manual_extraction
PMID:37960202,needs_manual_extraction,PubMed,37960202,https://pubmed.ncbi.nlm.nih.gov/37960202/,10.3390/nu15214549,37960202,needs_manual_extraction,Lactobacillus kefiri,,needs_manual_extraction,needs_manual_extraction,needs_manual_extraction,needs_manual_extraction,,,needs_manual_extraction,needs_manual_extraction,needs_manual_extraction
PMID:35565835,needs_manual_extraction,PubMed,35565835,https://pubmed.ncbi.nlm.nih.gov/35565835/,10.3390/nu14091868,35565835,needs_manual_extraction,,,needs_manual_extraction,needs_manual_extraction,needs_manual_extraction,needs_manual_extraction,,,needs_manual_extraction,needs_manual_extraction,needs_manual_extraction
PMID:35108450,needs_manual_extraction,PubMed,35108450,https://pubmed.ncbi.nlm.nih.gov/35108450/,10.1002/mnfr.202100653,35108450,needs_manual_extraction,,,needs_manual_extraction,needs_manual_extraction,needs_manual_extraction,needs_manual_extraction,,,needs_manual_extraction,needs_manual_extraction,needs_manual_extraction
PMID:34592220,needs_manual_extraction,PubMed,34592220,https://pubmed.ncbi.nlm.nih.gov/34592220/,10.1016/j.ijbiomac.2021.09.150,34592220,needs_manual_extraction,,,needs_manual_extraction,needs_manual_extraction,needs_manual_extraction,needs_manual_extraction,,,needs_manual_extraction,needs_manual_extraction,needs_manual_extraction
PMID:31263284,needs_manual_extraction,PubMed,31263284,https://pubmed.ncbi.nlm.nih.gov/31263284/,10.1038/s41591-019-0495-2,31263284,needs_manual_extraction,Akkermansia muciniphila,,needs_manual_extraction,needs_manual_extraction,needs_manual_extraction,needs_manual_extraction,,,needs_manual_extraction,needs_manual_extraction,needs_manual_extraction
EUROPEPMC:42075007,needs_manual_extraction,PubMed,42075007,https://europepmc.org/article/MED/42075007,10.3390/nu18081195,42075007,needs_manual_extraction,Bifidobacterium animalis,,needs_manual_extraction,needs_manual_extraction,needs_manual_extraction,needs_manual_extraction,,,needs_manual_extraction,needs_manual_extraction,needs_manual_extraction
EUROPEPMC:42042904,needs_manual_extraction,PubMed,42042904,https://europepmc.org/article/MED/42042904,10.3390/metabo16040259,42042904,needs_manual_extraction,Lactiplantibacillus plantarum,,needs_manual_extraction,needs_manual_extraction,needs_manual_extraction,needs_manual_extraction,,,needs_manual_extraction,needs_manual_extraction,needs_manual_extraction
EUROPEPMC:42072347,needs_manual_extraction,PubMed,42072347,https://europepmc.org/article/MED/42072347,10.3390/biomedicines14040806,42072347,needs_manual_extraction,,,needs_manual_extraction,needs_manual_extraction,needs_manual_extraction,needs_manual_extraction,,,needs_manual_extraction,needs_manual_extraction,needs_manual_extraction
EUROPEPMC:41994099,needs_manual_extraction,PubMed,41994099,https://europepmc.org/article/MED/41994099,10.3389/fnut.2026.1785186,41994099,needs_manual_extraction,,,needs_manual_extraction,needs_manual_extraction,needs_manual_extraction,needs_manual_extraction,,,needs_manual_extraction,needs_manual_extraction,needs_manual_extraction
EUROPEPMC:41511159,needs_manual_extraction,PubMed,41511159,https://europepmc.org/article/MED/41511159,10.1080/19490976.2025.2612580,41511159,needs_manual_extraction,Akkermansia muciniphila,,needs_manual_extraction,needs_manual_extraction,needs_manual_extraction,needs_manual_extraction,,,needs_manual_extraction,needs_manual_extraction,needs_manual_extraction
EUROPEPMC:41990710,needs_manual_extraction,PubMed,41990710,https://europepmc.org/article/MED/41990710,10.1016/j.canep.2026.103079,41990710,needs_manual_extraction,,,needs_manual_extraction,needs_manual_extraction,needs_manual_extraction,needs_manual_extraction,,,needs_manual_extraction,needs_manual_extraction,needs_manual_extraction
EUROPEPMC:41978103,needs_manual_extraction,PubMed,41978103,https://europepmc.org/article/MED/41978103,10.3390/nu18071052,41978103,needs_manual_extraction,,,needs_manual_extraction,needs_manual_extraction,needs_manual_extraction,needs_manual_extraction,,,needs_manual_extraction,needs_manual_extraction,needs_manual_extraction
EUROPEPMC:41901543,needs_manual_extraction,PubMed,41901543,https://europepmc.org/article/MED/41901543,10.3390/medicina62030458,41901543,probiotic,,,needs_manual_extraction,needs_manual_extraction,needs_manual_extraction,needs_manual_extraction,needs_manual_extraction,needs_manual_extraction,needs_manual_extraction,needs_manual_extraction,needs_manual_extraction
EUROPEPMC:42073437,needs_manual_extraction,PubMed,42073437,https://europepmc.org/article/MED/42073437,10.3390/life16040628,42073437,postbiotic,,,needs_manual_extraction,needs_manual_extraction,needs_manual_extraction,needs_manual_extraction,,,needs_manual_extraction,needs_manual_extraction,needs_manual_extraction
EUROPEPMC:42193472,needs_manual_extraction,PubMed,42193472,https://europepmc.org/article/MED/42193472,10.3390/biomedicines14051147,42193472,probiotic,,,needs_manual_extraction,needs_manual_extraction,needs_manual_extraction,needs_manual_extraction,,,needs_manual_extraction,needs_manual_extraction,needs_manual_extraction
EUROPEPMC:41634593,needs_manual_extraction,PubMed,41634593,https://europepmc.org/article/MED/41634593,10.1186/s12876-026-04618-7,41634593,probiotic,,,needs_manual_extraction,needs_manual_extraction,needs_manual_extraction,needs_manual_extraction,,,needs_manual_extraction,needs_manual_extraction,needs_manual_extraction
EUROPEPMC:41721244,needs_manual_extraction,PubMed,41721244,https://europepmc.org/article/MED/41721244,10.1186/s12866-026-04840-z,41721244,synbiotic,Lactiplantibacillus plantarum,M10,needs_manual_extraction,needs_manual_extraction,needs_manual_extraction,needs_manual_extraction,needs_manual_extraction,needs_manual_extraction,needs_manual_extraction,needs_manual_extraction,needs_manual_extraction
EUROPEPMC:41555705,needs_manual_extraction,PubMed,41555705,https://europepmc.org/article/MED/41555705,10.1002/mnfr.70385,41555705,needs_manual_extraction,,,needs_manual_extraction,needs_manual_extraction,needs_manual_extraction,needs_manual_extraction,,,needs_manual_extraction,needs_manual_extraction,needs_manual_extraction
PMID:42075780,needs_manual_extraction,PubMed,42075780,https://pubmed.ncbi.nlm.nih.gov/42075780/,10.3390/ph19040523,42075780,needs_manual_extraction,,,needs_manual_extraction,needs_manual_extraction,needs_manual_extraction,needs_manual_extraction,,,needs_manual_extraction,needs_manual_extraction,needs_manual_extraction
PMID:41791485,needs_manual_extraction,PubMed,41791485,https://pubmed.ncbi.nlm.nih.gov/41791485/,10.1016/j.lfs.2026.124310,41791485,needs_manual_extraction,,,needs_manual_extraction,needs_manual_extraction,needs_manual_extraction,needs_manual_extraction,,,needs_manual_extraction,needs_manual_extraction,needs_manual_extraction
PMID:41767236,needs_manual_extraction,PubMed,41767236,https://pubmed.ncbi.nlm.nih.gov/41767236/,10.1155/jnme/9988966,41767236,needs_manual_extraction,,,needs_manual_extraction,needs_manual_extraction,needs_manual_extraction,needs_manual_extraction,,,needs_manual_extraction,needs_manual_extraction,needs_manual_extraction
PMID:41751341,needs_manual_extraction,PubMed,41751341,https://pubmed.ncbi.nlm.nih.gov/41751341/,10.3390/biomedicines14020442,41751341,needs_manual_extraction,,,needs_manual_extraction,needs_manual_extraction,needs_manual_extraction,needs_manual_extraction,,,needs_manual_extraction,needs_manual_extraction,needs_manual_extraction
PMID:41683253,needs_manual_extraction,PubMed,41683253,https://pubmed.ncbi.nlm.nih.gov/41683253/,10.3390/nu18030431,41683253,needs_manual_extraction,,,needs_manual_extraction,needs_manual_extraction,needs_manual_extraction,needs_manual_extraction,,,needs_manual_extraction,needs_manual_extraction,needs_manual_extraction
PMID:41660421,needs_manual_extraction,PubMed,41660421,https://pubmed.ncbi.nlm.nih.gov/41660421/,10.3389/fnut.2026.1710739,41660421,needs_manual_extraction,,,needs_manual_extraction,needs_manual_extraction,needs_manual_extraction,needs_manual_extraction,,,needs_manual_extraction,needs_manual_extraction,needs_manual_extraction
PMID:41599794,needs_manual_extraction,PubMed,41599794,https://pubmed.ncbi.nlm.nih.gov/41599794/,10.3390/nu18020181,41599794,needs_manual_extraction,,,needs_manual_extraction,needs_manual_extraction,needs_manual_extraction,needs_manual_extraction,,,needs_manual_extraction,needs_manual_extraction,needs_manual_extraction
PMID:41526984,needs_manual_extraction,PubMed,41526984,https://pubmed.ncbi.nlm.nih.gov/41526984/,10.1186/s13578-025-01525-4,41526984,needs_manual_extraction,Akkermansia muciniphila,,needs_manual_extraction,needs_manual_extraction,needs_manual_extraction,needs_manual_extraction,,,needs_manual_extraction,needs_manual_extraction,needs_manual_extraction
PMID:41491927,needs_manual_extraction,PubMed,41491927,https://pubmed.ncbi.nlm.nih.gov/41491927/,10.1186/s12866-025-04591-3,41491927,needs_manual_extraction,,,needs_manual_extraction,needs_manual_extraction,needs_manual_extraction,needs_manual_extraction,,,needs_manual_extraction,needs_manual_extraction,needs_manual_extraction
PMID:41673409,needs_manual_extraction,PubMed,41673409,https://pubmed.ncbi.nlm.nih.gov/41673409/,10.1038/s41598-026-35214-0,41673409,needs_manual_extraction,,,needs_manual_extraction,needs_manual_extraction,needs_manual_extraction,needs_manual_extraction,,,needs_manual_extraction,needs_manual_extraction,needs_manual_extraction
PMID:41898729,needs_manual_extraction,PubMed,41898729,https://pubmed.ncbi.nlm.nih.gov/41898729/,10.3390/ijms27062875,41898729,needs_manual_extraction,,,needs_manual_extraction,needs_manual_extraction,needs_manual_extraction,needs_manual_extraction,,,needs_manual_extraction,needs_manual_extraction,needs_manual_extraction
PMID:41553723,needs_manual_extraction,PubMed,41553723,https://pubmed.ncbi.nlm.nih.gov/41553723/,10.1152/ajpendo.00488.2025,41553723,postbiotic,,,needs_manual_extraction,needs_manual_extraction,needs_manual_extraction,needs_manual_extraction,,,needs_manual_extraction,needs_manual_extraction,needs_manual_extraction
PMID:41410828,needs_manual_extraction,PubMed,41410828,https://pubmed.ncbi.nlm.nih.gov/41410828/,10.1007/s11695-025-08437-9,41410828,needs_manual_extraction,,,needs_manual_extraction,needs_manual_extraction,needs_manual_extraction,needs_manual_extraction,,,needs_manual_extraction,needs_manual_extraction,needs_manual_extraction
PMID:40616774,needs_manual_extraction,PubMed,40616774,https://pubmed.ncbi.nlm.nih.gov/40616774/,10.1007/s12602-025-10639-7,40616774,needs_manual_extraction,,E24-,needs_manual_extraction,needs_manual_extraction,needs_manual_extraction,needs_manual_extraction,,,needs_manual_extraction,needs_manual_extraction,needs_manual_extraction
EUROPEPMC:41515236,needs_manual_extraction,PubMed,41515236,https://europepmc.org/article/MED/41515236,10.3390/nu18010119,41515236,probiotic,,,needs_manual_extraction,needs_manual_extraction,needs_manual_extraction,needs_manual_extraction,,,needs_manual_extraction,needs_manual_extraction,needs_manual_extraction
EUROPEPMC:40508171,needs_manual_extraction,PubMed,40508171,https://europepmc.org/article/MED/40508171,10.3390/ijms26115362,40508171,postbiotic,,,needs_manual_extraction,needs_manual_extraction,needs_manual_extraction,needs_manual_extraction,,,needs_manual_extraction,needs_manual_extraction,needs_manual_extraction
EUROPEPMC:40507435,needs_manual_extraction,PubMed,40507435,https://europepmc.org/article/MED/40507435,10.3390/jcm14113673,40507435,probiotic,,,needs_manual_extraction,needs_manual_extraction,needs_manual_extraction,needs_manual_extraction,needs_manual_extraction,needs_manual_extraction,needs_manual_extraction,needs_manual_extraction,needs_manual_extraction
EUROPEPMC:41624202,needs_manual_extraction,PubMed,41624202,https://europepmc.org/article/MED/41624202,10.3389/fnut.2025.1699600,41624202,probiotic,,,needs_manual_extraction,needs_manual_extraction,needs_manual_extraction,needs_manual_extraction,,,needs_manual_extraction,needs_manual_extraction,needs_manual_extraction
EUROPEPMC:40871398,needs_manual_extraction,PubMed,40871398,https://europepmc.org/article/MED/40871398,10.3390/microorganisms13081894,40871398,probiotic,,,needs_manual_extraction,needs_manual_extraction,needs_manual_extraction,needs_manual_extraction,,,needs_manual_extraction,needs_manual_extraction,needs_manual_extraction
EUROPEPMC:41215695,needs_manual_extraction,PubMed,41215695,https://europepmc.org/article/MED/41215695,10.1080/20565623.2025.2583020,41215695,needs_manual_extraction,,,needs_manual_extraction,needs_manual_extraction,needs_manual_extraction,needs_manual_extraction,,,needs_manual_extraction,needs_manual_extraction,needs_manual_extraction
EUROPEPMC:41228562,needs_manual_extraction,PubMed,41228562,https://europepmc.org/article/MED/41228562,10.3390/nu17213491,41228562,needs_manual_extraction,,,needs_manual_extraction,needs_manual_extraction,needs_manual_extraction,needs_manual_extraction,,,needs_manual_extraction,needs_manual_extraction,needs_manual_extraction
EUROPEPMC:41049923,needs_manual_extraction,PubMed,41049923,https://europepmc.org/article/MED/41049923,10.7759/cureus.91470,41049923,needs_manual_extraction,,COVID-19,needs_manual_extraction,needs_manual_extraction,needs_manual_extraction,needs_manual_extraction,,,needs_manual_extraction,needs_manual_extraction,needs_manual_extraction
EUROPEPMC:41515205,needs_manual_extraction,PubMed,41515205,https://europepmc.org/article/MED/41515205,10.3390/nu18010089,41515205,needs_manual_extraction,,,needs_manual_extraction,needs_manual_extraction,needs_manual_extraction,needs_manual_extraction,,,needs_manual_extraction,needs_manual_extraction,needs_manual_extraction
EUROPEPMC:40764272,needs_manual_extraction,PubMed,40764272,https://europepmc.org/article/MED/40764272,10.1080/19490976.2025.2541028,40764272,prebiotic,,,needs_manual_extraction,needs_manual_extraction,needs_manual_extraction,needs_manual_extraction,needs_manual_extraction,needs_manual_extraction,needs_manual_extraction,needs_manual_extraction,needs_manual_extraction
PMID:41365537,needs_manual_extraction,PubMed,41365537,https://pubmed.ncbi.nlm.nih.gov/41365537/,10.4014/jmb.2509.09005,41365537,needs_manual_extraction,Akkermansia muciniphila,,needs_manual_extraction,needs_manual_extraction,needs_manual_extraction,needs_manual_extraction,,,needs_manual_extraction,needs_manual_extraction,needs_manual_extraction
PMID:41216275,needs_manual_extraction,PubMed,41216275,https://pubmed.ncbi.nlm.nih.gov/41216275/,10.21037/tgh-24-161,41216275,needs_manual_extraction,Lactobacillus acidophilus,,needs_manual_extraction,needs_manual_extraction,needs_manual_extraction,needs_manual_extraction,,,needs_manual_extraction,needs_manual_extraction,needs_manual_extraction
PMID:41150739,needs_manual_extraction,PubMed,41150739,https://pubmed.ncbi.nlm.nih.gov/41150739/,10.3390/cimb47100791,41150739,needs_manual_extraction,,,needs_manual_extraction,needs_manual_extraction,needs_manual_extraction,needs_manual_extraction,,,needs_manual_extraction,needs_manual_extraction,needs_manual_extraction
PMID:39656675,needs_manual_extraction,PubMed,39656675,https://pubmed.ncbi.nlm.nih.gov/39656675/,10.1111/1750-3841.17564,39656675,needs_manual_extraction,,,needs_manual_extraction,needs_manual_extraction,needs_manual_extraction,needs_manual_extraction,,,needs_manual_extraction,needs_manual_extraction,needs_manual_extraction
EUROPEPMC:37047729,needs_manual_extraction,PubMed,37047729,https://europepmc.org/article/MED/37047729,10.3390/ijms24076755,37047729,probiotic,,,needs_manual_extraction,needs_manual_extraction,needs_manual_extraction,needs_manual_extraction,,,needs_manual_extraction,needs_manual_extraction,needs_manual_extraction
PMID:36904067,needs_manual_extraction,PubMed,36904067,https://pubmed.ncbi.nlm.nih.gov/36904067/,10.3390/nu15051067,36904067,probiotic,,,needs_manual_extraction,needs_manual_extraction,needs_manual_extraction,needs_manual_extraction,,,needs_manual_extraction,needs_manual_extraction,needs_manual_extraction
PMID:37840104,needs_manual_extraction,PubMed,37840104,https://pubmed.ncbi.nlm.nih.gov/37840104/,10.1007/s11154-023-09843-z,37840104,needs_manual_extraction,,,needs_manual_extraction,needs_manual_extraction,needs_manual_extraction,needs_manual_extraction,,,needs_manual_extraction,needs_manual_extraction,needs_manual_extraction
PMID:35685874,needs_manual_extraction,PubMed,35685874,https://pubmed.ncbi.nlm.nih.gov/35685874/,10.3389/fnut.2022.871556,35685874,needs_manual_extraction,,,needs_manual_extraction,needs_manual_extraction,needs_manual_extraction,needs_manual_extraction,,,needs_manual_extraction,needs_manual_extraction,needs_manual_extraction
PMID:35334927,needs_manual_extraction,PubMed,35334927,https://pubmed.ncbi.nlm.nih.gov/35334927/,10.3390/nu14061270,35334927,probiotic,,,needs_manual_extraction,needs_manual_extraction,needs_manual_extraction,needs_manual_extraction,,,needs_manual_extraction,needs_manual_extraction,needs_manual_extraction
PMID:36364814,needs_manual_extraction,PubMed,36364814,https://pubmed.ncbi.nlm.nih.gov/36364814/,10.3390/nu14214555,36364814,needs_manual_extraction,,,needs_manual_extraction,needs_manual_extraction,needs_manual_extraction,needs_manual_extraction,,,needs_manual_extraction,needs_manual_extraction,needs_manual_extraction
EUROPEPMC:34887627,needs_manual_extraction,PubMed,34887627,https://europepmc.org/article/MED/34887627,10.3748/wjg.v27.i41.7041,34887627,needs_manual_extraction,,,needs_manual_extraction,needs_manual_extraction,needs_manual_extraction,needs_manual_extraction,,,needs_manual_extraction,needs_manual_extraction,needs_manual_extraction
PMID:27892954,needs_manual_extraction,PubMed,27892954,https://pubmed.ncbi.nlm.nih.gov/27892954/,10.1038/nm.4236,27892954,needs_manual_extraction,Akkermansia muciniphila,,needs_manual_extraction,needs_manual_extraction,needs_manual_extraction,needs_manual_extraction,,,needs_manual_extraction,needs_manual_extraction,needs_manual_extraction
PMID:23886977,needs_manual_extraction,PubMed,23886977,https://pubmed.ncbi.nlm.nih.gov/23886977/,10.3920/BM2012.0069,23886977,probiotic,,,needs_manual_extraction,needs_manual_extraction,needs_manual_extraction,needs_manual_extraction,,,needs_manual_extraction,needs_manual_extraction,needs_manual_extraction
PMID:23917447,needs_manual_extraction,PubMed,23917447,https://pubmed.ncbi.nlm.nih.gov/23917447/,10.1007/s00394-013-0568-9,23917447,needs_manual_extraction,Lactobacillus gasseri,SBT2055,needs_manual_extraction,needs_manual_extraction,needs_manual_extraction,needs_manual_extraction,,,needs_manual_extraction,needs_manual_extraction,needs_manual_extraction
EUROPEPMC:42075218,needs_manual_extraction,PubMed,42075218,https://europepmc.org/article/MED/42075218,10.3390/microorganisms14040820,42075218,needs_manual_extraction,Akkermansia muciniphila,,needs_manual_extraction,needs_manual_extraction,needs_manual_extraction,needs_manual_extraction,,,needs_manual_extraction,needs_manual_extraction,needs_manual_extraction
EUROPEPMC:PMC12985339,needs_manual_extraction,publisher supplementary data,PMC12985339,,,,probiotic,,,needs_manual_extraction,needs_manual_extraction,needs_manual_extraction,needs_manual_extraction,,,needs_manual_extraction,needs_manual_extraction,needs_manual_extraction
EUROPEPMC:41987929,needs_manual_extraction,PubMed,41987929,https://europepmc.org/article/MED/41987929,10.3389/fnins.2026.1791299,41987929,probiotic,,,needs_manual_extraction,needs_manual_extraction,needs_manual_extraction,needs_manual_extraction,,,needs_manual_extraction,needs_manual_extraction,needs_manual_extraction
PMID:42130741,needs_manual_extraction,PubMed,42130741,https://pubmed.ncbi.nlm.nih.gov/42130741/,10.3389/fendo.2026.1829579,42130741,needs_manual_extraction,,,needs_manual_extraction,needs_manual_extraction,needs_manual_extraction,needs_manual_extraction,,,needs_manual_extraction,needs_manual_extraction,needs_manual_extraction
PMID:41862452,needs_manual_extraction,PubMed,41862452,https://pubmed.ncbi.nlm.nih.gov/41862452/,10.1038/s41467-026-70613-x,41862452,needs_manual_extraction,,,needs_manual_extraction,needs_manual_extraction,needs_manual_extraction,needs_manual_extraction,,,needs_manual_extraction,needs_manual_extraction,needs_manual_extraction
EUROPEPMC:10.20944/preprints202509.2367.v1,needs_manual_extraction,publisher supplementary data,10.20944/preprints202509.2367.v1,,10.20944/preprints202509.2367.v1,,needs_manual_extraction,Akkermansia muciniphila,,needs_manual_extraction,needs_manual_extraction,needs_manual_extraction,needs_manual_extraction,,,needs_manual_extraction,needs_manual_extraction,needs_manual_extraction
EUROPEPMC:41953220,needs_manual_extraction,PubMed,41953220,https://europepmc.org/article/MED/41953220,10.3389/fimmu.2025.1713426,41953220,probiotic,,,needs_manual_extraction,needs_manual_extraction,needs_manual_extraction,needs_manual_extraction,,,needs_manual_extraction,needs_manual_extraction,needs_manual_extraction
EUROPEPMC:40218922,needs_manual_extraction,PubMed,40218922,https://europepmc.org/article/MED/40218922,10.3390/nu17071165,40218922,needs_manual_extraction,Lactiplantibacillus plantarum,,needs_manual_extraction,needs_manual_extraction,needs_manual_extraction,needs_manual_extraction,,,needs_manual_extraction,needs_manual_extraction,needs_manual_extraction
EUROPEPMC:41425618,needs_manual_extraction,PubMed,41425618,https://europepmc.org/article/MED/41425618,10.3389/fnut.2025.1670598,41425618,needs_manual_extraction,,,needs_manual_extraction,needs_manual_extraction,needs_manual_extraction,needs_manual_extraction,,,needs_manual_extraction,needs_manual_extraction,needs_manual_extraction
EUROPEPMC:40825779,needs_manual_extraction,PubMed,40825779,https://europepmc.org/article/MED/40825779,10.1038/s41538-025-00539-z,40825779,probiotic,,,needs_manual_extraction,needs_manual_extraction,needs_manual_extraction,needs_manual_extraction,needs_manual_extraction,needs_manual_extraction,needs_manual_extraction,needs_manual_extraction,needs_manual_extraction
EUROPEPMC:41584438,needs_manual_extraction,PubMed,41584438,https://europepmc.org/article/MED/41584438,10.1016/j.jff.2025.107114,41584438,synbiotic,,,needs_manual_extraction,needs_manual_extraction,needs_manual_extraction,needs_manual_extraction,needs_manual_extraction,needs_manual_extraction,needs_manual_extraction,needs_manual_extraction,needs_manual_extraction
PMID:41462628,needs_manual_extraction,PubMed,41462628,https://pubmed.ncbi.nlm.nih.gov/41462628/,10.3390/antiox14121428,41462628,probiotic,Lactobacillus reuteri,,needs_manual_extraction,needs_manual_extraction,needs_manual_extraction,needs_manual_extraction,,,needs_manual_extraction,needs_manual_extraction,needs_manual_extraction
PMID:41368199,needs_manual_extraction,PubMed,41368199,https://pubmed.ncbi.nlm.nih.gov/41368199/,10.1016/j.obpill.2025.100209,41368199,needs_manual_extraction,,,needs_manual_extraction,needs_manual_extraction,needs_manual_extraction,needs_manual_extraction,,,needs_manual_extraction,needs_manual_extraction,needs_manual_extraction
PMID:40214965,needs_manual_extraction,PubMed,40214965,https://pubmed.ncbi.nlm.nih.gov/40214965/,10.1007/s42000-025-00649-z,40214965,probiotic,,,needs_manual_extraction,needs_manual_extraction,needs_manual_extraction,needs_manual_extraction,,,needs_manual_extraction,needs_manual_extraction,needs_manual_extraction
EUROPEPMC:39339675,needs_manual_extraction,PubMed,39339675,https://europepmc.org/article/MED/39339675,10.3390/nu16183075,39339675,needs_manual_extraction,Akkermansia muciniphila,,needs_manual_extraction,needs_manual_extraction,needs_manual_extraction,needs_manual_extraction,,,needs_manual_extraction,needs_manual_extraction,needs_manual_extraction
PMID:39481656,needs_manual_extraction,PubMed,39481656,https://pubmed.ncbi.nlm.nih.gov/39481656/,10.1016/j.bcp.2024.116596,39481656,needs_manual_extraction,,,needs_manual_extraction,needs_manual_extraction,needs_manual_extraction,needs_manual_extraction,,,needs_manual_extraction,needs_manual_extraction,needs_manual_extraction
EUROPEPMC:38274765,needs_manual_extraction,PubMed,38274765,https://europepmc.org/article/MED/38274765,10.3389/fmicb.2023.1241259,38274765,probiotic,,,needs_manual_extraction,needs_manual_extraction,needs_manual_extraction,needs_manual_extraction,,,needs_manual_extraction,needs_manual_extraction,needs_manual_extraction
EUROPEPMC:PMC10576946,needs_manual_extraction,publisher supplementary data,PMC10576946,,,,needs_manual_extraction,,,needs_manual_extraction,needs_manual_extraction,needs_manual_extraction,needs_manual_extraction,,,needs_manual_extraction,needs_manual_extraction,needs_manual_extraction
PMID:37630832,needs_manual_extraction,PubMed,37630832,https://pubmed.ncbi.nlm.nih.gov/37630832/,10.3390/nu15163642,37630832,needs_manual_extraction,,,needs_manual_extraction,needs_manual_extraction,needs_manual_extraction,needs_manual_extraction,,,needs_manual_extraction,needs_manual_extraction,needs_manual_extraction
PMID:37810928,needs_manual_extraction,PubMed,37810928,https://pubmed.ncbi.nlm.nih.gov/37810928/,10.3389/fnut.2023.1237237,37810928,needs_manual_extraction,,,needs_manual_extraction,needs_manual_extraction,needs_manual_extraction,needs_manual_extraction,,,needs_manual_extraction,needs_manual_extraction,needs_manual_extraction
PMID:36687706,needs_manual_extraction,PubMed,36687706,https://pubmed.ncbi.nlm.nih.gov/36687706/,10.3389/fnut.2022.988529,36687706,prebiotic,,,needs_manual_extraction,needs_manual_extraction,needs_manual_extraction,needs_manual_extraction,needs_manual_extraction,needs_manual_extraction,needs_manual_extraction,needs_manual_extraction,needs_manual_extraction
EUROPEPMC:34065873,needs_manual_extraction,PubMed,34065873,https://europepmc.org/article/MED/34065873,10.3390/nu13051617,34065873,probiotic,,,needs_manual_extraction,needs_manual_extraction,needs_manual_extraction,needs_manual_extraction,,,needs_manual_extraction,needs_manual_extraction,needs_manual_extraction
PMID:34855861,needs_manual_extraction,PubMed,34855861,https://pubmed.ncbi.nlm.nih.gov/34855861/,10.1371/journal.pone.0260765,34855861,needs_manual_extraction,Bifidobacterium animalis,,needs_manual_extraction,needs_manual_extraction,needs_manual_extraction,needs_manual_extraction,,,needs_manual_extraction,needs_manual_extraction,needs_manual_extraction
EUROPEPMC:32582673,needs_manual_extraction,PubMed,32582673,https://europepmc.org/article/MED/32582673,10.3389/fbioe.2020.00550,32582673,needs_manual_extraction,,,needs_manual_extraction,needs_manual_extraction,needs_manual_extraction,needs_manual_extraction,,,needs_manual_extraction,needs_manual_extraction,needs_manual_extraction
PMID:27293560,needs_manual_extraction,PubMed,27293560,https://pubmed.ncbi.nlm.nih.gov/27293560/,10.1017/jns.2016.12,27293560,needs_manual_extraction,Lactobacillus gasseri,SBT2055,needs_manual_extraction,needs_manual_extraction,needs_manual_extraction,needs_manual_extraction,,,needs_manual_extraction,needs_manual_extraction,needs_manual_extraction
