evidence_id,source_database,source_accession,title,outcome_domain,suggested_text,suggested_p_value,final_value,final_unit,final_direction,comparison,time_point,p_value_confirmed,sample_size_confirmed,extraction_source,reviewer,review_status,reviewer_note,pdf_source_file,pdf_match_score,pdf_pages,pdf_intervention_terms,pdf_duration_terms,pdf_cfu_terms,pdf_sample_size_terms,pdf_outcome_terms,pdf_text_excerpt
EUROPEPMC:PMC12938260,publisher supplementary data,PMC12938260,"Lactobacillus helveticus UA881 Improves Body Composition, Lipid Profiles, and Gut Microbiota in Overweight Adults: A Randomized Double-Blind Placebo-Controlled Trial",weight,"Lactobacillus helveticus UA881 Improves Body Composition, Lipid Profiles, and Gut Microbiota in Overweight Adults: A Randomized Double-Blind Placebo-Controlled Trial",,,,,,,,,detail_hint,supplement_queue,pending,,,,,,,,,,
EUROPEPMC:PMC12938260,publisher supplementary data,PMC12938260,"Lactobacillus helveticus UA881 Improves Body Composition, Lipid Profiles, and Gut Microbiota in Overweight Adults: A Randomized Double-Blind Placebo-Controlled Trial",lipid,"Lactobacillus helveticus UA881 Improves Body Composition, Lipid Profiles, and Gut Microbiota in Overweight Adults: A Randomized Double-Blind Placebo-Controlled Trial",,,,,,,,,detail_hint,supplement_queue,pending,,,,,,,,,,
EUROPEPMC:PMC12938260,publisher supplementary data,PMC12938260,"Lactobacillus helveticus UA881 Improves Body Composition, Lipid Profiles, and Gut Microbiota in Overweight Adults: A Randomized Double-Blind Placebo-Controlled Trial",microbiome,"Lactobacillus helveticus UA881 Improves Body Composition, Lipid Profiles, and Gut Microbiota in Overweight Adults: A Randomized Double-Blind Placebo-Controlled Trial",,,,,,,,,detail_hint,supplement_queue,pending,,,,,,,,,,
EUROPEPMC:42116047,PubMed,42116047,"Probiotic Bifidobacterium bifidum BGN4 supplementation modulates gut microbiome composition and reduces circulating zonulin, TNFα, and insulin in adults with excess adiposity: a randomized, double-blind, placebo-controlled trial.",BMI,"bifidum BGN4 did not result in significant changes in BMI, body fat percentage, or the primary outcome, hs-CRP.",,,,,,,,60 adults; 30 participants; 58 participants; 29 individuals,detail_hint,supplement_queue,pending,,s12986-026-01124-1_reference.pdf,0.899,48,Probiotic Bifidobacterium bifidum BGN4 supplementation modulates gut microbiome compositi; Bifidobacterium 7bifidum BGN4 alters gut microbiota composition and to assess its associated ef; probiotic intervention modulated 23the enrichment of several taxa; Bifidobacterium 24catenulatum group; Lactiplantibacillus plantarum group; Probiotic; Akkermansia muciniphila and Bifidobacterium longum; probiotic supplementation in obese 68individuals reported a significant mean reduction in,8 weeks,,60 adults; 30 participants; 58 participants,insulin; adiposity; body fat; microbiota; glucose; BMI; SCFA; body weight; waist circumference,"ARTICLE IN PRESS Article in Press Probiotic Bifidobacterium bifidum BGN4 supplementation modulates gut microbiome composition and reduces circulating zonulin, TNFα, and insulin in adults with excess adiposity: a randomized, double-blind, placebo-controlled trial Nutrition & Metabolism Received: 31 December 2025 Accepted: 16 April 2026 Cite this article as: Choi J., Kim H., Ham S. et al. Probiotic Bifidobacterium bifidum BGN4 supplementation modulates gut microbiome composition and reduces circulating zonulin, TNFα, and insulin in adults with excess adiposity: a randomized, double-blind, placebo-controlled trial. Nutr Metab (Lond) (2026). https://doi.org/10.1186/ s12986-026-01124-1 Ju-Won Choi, Hyeyoon Kim, Sung-Hee Ham, Ye-Jin Han, Sung-Eun Kim & Mi-Kyung Sung We are providing an unedited version of this manuscript to give early access to its findings. Before final publication, the manus"
EUROPEPMC:42116047,PubMed,42116047,"Probiotic Bifidobacterium bifidum BGN4 supplementation modulates gut microbiome composition and reduces circulating zonulin, TNFα, and insulin in adults with excess adiposity: a randomized, double-blind, placebo-controlled trial.",body_fat,"bifidum BGN4 did not result in significant changes in BMI, body fat percentage, or the primary outcome, hs-CRP.",,,,,,,,60 adults; 30 participants; 58 participants; 29 individuals,detail_hint,supplement_queue,pending,,s12986-026-01124-1_reference.pdf,0.899,48,Probiotic Bifidobacterium bifidum BGN4 supplementation modulates gut microbiome compositi; Bifidobacterium 7bifidum BGN4 alters gut microbiota composition and to assess its associated ef; probiotic intervention modulated 23the enrichment of several taxa; Bifidobacterium 24catenulatum group; Lactiplantibacillus plantarum group; Probiotic; Akkermansia muciniphila and Bifidobacterium longum; probiotic supplementation in obese 68individuals reported a significant mean reduction in,8 weeks,,60 adults; 30 participants; 58 participants,insulin; adiposity; body fat; microbiota; glucose; BMI; SCFA; body weight; waist circumference,"ARTICLE IN PRESS Article in Press Probiotic Bifidobacterium bifidum BGN4 supplementation modulates gut microbiome composition and reduces circulating zonulin, TNFα, and insulin in adults with excess adiposity: a randomized, double-blind, placebo-controlled trial Nutrition & Metabolism Received: 31 December 2025 Accepted: 16 April 2026 Cite this article as: Choi J., Kim H., Ham S. et al. Probiotic Bifidobacterium bifidum BGN4 supplementation modulates gut microbiome composition and reduces circulating zonulin, TNFα, and insulin in adults with excess adiposity: a randomized, double-blind, placebo-controlled trial. Nutr Metab (Lond) (2026). https://doi.org/10.1186/ s12986-026-01124-1 Ju-Won Choi, Hyeyoon Kim, Sung-Hee Ham, Ye-Jin Han, Sung-Eun Kim & Mi-Kyung Sung We are providing an unedited version of this manuscript to give early access to its findings. Before final publication, the manus"
EUROPEPMC:42116047,PubMed,42116047,"Probiotic Bifidobacterium bifidum BGN4 supplementation modulates gut microbiome composition and reduces circulating zonulin, TNFα, and insulin in adults with excess adiposity: a randomized, double-blind, placebo-controlled trial.",glucose,"Probiotic Bifidobacterium bifidum BGN4 supplementation modulates gut microbiome composition and reduces circulating zonulin, TNFα, and insulin in adults with excess adiposity: a randomized, double-blind, placebo-controlled trial.",,,,,,,,60 adults; 30 participants; 58 participants; 29 individuals,detail_hint,supplement_queue,pending,,s12986-026-01124-1_reference.pdf,0.899,48,Probiotic Bifidobacterium bifidum BGN4 supplementation modulates gut microbiome compositi; Bifidobacterium 7bifidum BGN4 alters gut microbiota composition and to assess its associated ef; probiotic intervention modulated 23the enrichment of several taxa; Bifidobacterium 24catenulatum group; Lactiplantibacillus plantarum group; Probiotic; Akkermansia muciniphila and Bifidobacterium longum; probiotic supplementation in obese 68individuals reported a significant mean reduction in,8 weeks,,60 adults; 30 participants; 58 participants,insulin; adiposity; body fat; microbiota; glucose; BMI; SCFA; body weight; waist circumference,"ARTICLE IN PRESS Article in Press Probiotic Bifidobacterium bifidum BGN4 supplementation modulates gut microbiome composition and reduces circulating zonulin, TNFα, and insulin in adults with excess adiposity: a randomized, double-blind, placebo-controlled trial Nutrition & Metabolism Received: 31 December 2025 Accepted: 16 April 2026 Cite this article as: Choi J., Kim H., Ham S. et al. Probiotic Bifidobacterium bifidum BGN4 supplementation modulates gut microbiome composition and reduces circulating zonulin, TNFα, and insulin in adults with excess adiposity: a randomized, double-blind, placebo-controlled trial. Nutr Metab (Lond) (2026). https://doi.org/10.1186/ s12986-026-01124-1 Ju-Won Choi, Hyeyoon Kim, Sung-Hee Ham, Ye-Jin Han, Sung-Eun Kim & Mi-Kyung Sung We are providing an unedited version of this manuscript to give early access to its findings. Before final publication, the manus"
EUROPEPMC:42116047,PubMed,42116047,"Probiotic Bifidobacterium bifidum BGN4 supplementation modulates gut microbiome composition and reduces circulating zonulin, TNFα, and insulin in adults with excess adiposity: a randomized, double-blind, placebo-controlled trial.",microbiome,"Probiotic Bifidobacterium bifidum BGN4 supplementation modulates gut microbiome composition and reduces circulating zonulin, TNFα, and insulin in adults with excess adiposity: a randomized, double-blind, placebo-controlled trial.",,,,,,,,60 adults; 30 participants; 58 participants; 29 individuals,detail_hint,supplement_queue,pending,,s12986-026-01124-1_reference.pdf,0.899,48,Probiotic Bifidobacterium bifidum BGN4 supplementation modulates gut microbiome compositi; Bifidobacterium 7bifidum BGN4 alters gut microbiota composition and to assess its associated ef; probiotic intervention modulated 23the enrichment of several taxa; Bifidobacterium 24catenulatum group; Lactiplantibacillus plantarum group; Probiotic; Akkermansia muciniphila and Bifidobacterium longum; probiotic supplementation in obese 68individuals reported a significant mean reduction in,8 weeks,,60 adults; 30 participants; 58 participants,insulin; adiposity; body fat; microbiota; glucose; BMI; SCFA; body weight; waist circumference,"ARTICLE IN PRESS Article in Press Probiotic Bifidobacterium bifidum BGN4 supplementation modulates gut microbiome composition and reduces circulating zonulin, TNFα, and insulin in adults with excess adiposity: a randomized, double-blind, placebo-controlled trial Nutrition & Metabolism Received: 31 December 2025 Accepted: 16 April 2026 Cite this article as: Choi J., Kim H., Ham S. et al. Probiotic Bifidobacterium bifidum BGN4 supplementation modulates gut microbiome composition and reduces circulating zonulin, TNFα, and insulin in adults with excess adiposity: a randomized, double-blind, placebo-controlled trial. Nutr Metab (Lond) (2026). https://doi.org/10.1186/ s12986-026-01124-1 Ju-Won Choi, Hyeyoon Kim, Sung-Hee Ham, Ye-Jin Han, Sung-Eun Kim & Mi-Kyung Sung We are providing an unedited version of this manuscript to give early access to its findings. Before final publication, the manus"
PMID:40598275,PubMed,40598275,"Differential effects of inulin and fructooligosaccharides on gut microbiota composition and glycemic metabolism in overweight/obese and healthy individuals: a randomized, double-blind clinical trial.",weight,"Inulin significantly reduced glucose levels at 1 h (Cohen's d = 0.71, p = 0.041) and 2 h (Cohen's d = 0.73, p = 0.028) during oral glucose tolerance test (OGTT), increased fasting insulin (Cohen's d = 0.70, p = 0.008), and lowered homocysteine (HCY) levels (Cohen's d = 0.76, p = 0.014) in overweight/obese individuals.",p = 0.041; p = 0.028; p = 0.008; p = 0.014; p = 0.023; p = 0.020,,,,,,,131 adults,detail_hint,supplement_queue,pending,,s12916-025-04189-6.pdf,1.000,17,inulin and fructooligosaccharides on gut microbiota composition and glycemic metabolis; inulin and fructooligosac- charides; inulin; Inulin significantly reduced glucose levels at 1 h; Inulin also reduced the abundance of Ruminococcus by 72.0; inulin. Functional prediction of gut microbiota revealed upregulation of microbial fol; inulin may be more suitable for managing glycemic dysregulation in overweight or obese; probiotic intervention holds broad applica - bility in intervening in metabolic health. D,4 weeks; 1 month; 2 days,,131 adults; 40 participants; 120 participants; N = 44; N = 43,microbiota; glucose; insulin; SCFA; body mass index; BMI; body weight; cholesterol; triglycerides,"Li et al. BMC Medicine (2025) 23:372 https://doi.org/10.1186/s12916-025-04189-6 RESEARCH Open Access © The Author(s) 2025. Open Access This article is licensed under a Creative Commons Attribution-NonCommercial-NoDerivatives 4.0 International License, which permits any non-commercial use, sharing, distribution and reproduction in any medium or format, as long as you give appropriate credit to the original author(s) and the source, provide a link to the Creative Commons licence, and indicate if you modified the licensed material. You do not have permission under this licence to share adapted material derived from this article or parts of it. The images or other third party material in this article are included in the article’s Creative Commons licence, unless indicated otherwise in a credit line to the material. If material is not included in the article’s Creative Commons licence and you"
PMID:40598275,PubMed,40598275,"Differential effects of inulin and fructooligosaccharides on gut microbiota composition and glycemic metabolism in overweight/obese and healthy individuals: a randomized, double-blind clinical trial.",glucose,"Inulin significantly reduced glucose levels at 1 h (Cohen's d = 0.71, p = 0.041) and 2 h (Cohen's d = 0.73, p = 0.028) during oral glucose tolerance test (OGTT), increased fasting insulin (Cohen's d = 0.70, p = 0.008), and lowered homocysteine (HCY) levels (Cohen's d = 0.76, p = 0.014) in overweight/obese individuals.",p = 0.041; p = 0.028; p = 0.008; p = 0.014; p = 0.023; p = 0.020,,,,,,,131 adults,detail_hint,supplement_queue,pending,,s12916-025-04189-6.pdf,1.000,17,inulin and fructooligosaccharides on gut microbiota composition and glycemic metabolis; inulin and fructooligosac- charides; inulin; Inulin significantly reduced glucose levels at 1 h; Inulin also reduced the abundance of Ruminococcus by 72.0; inulin. Functional prediction of gut microbiota revealed upregulation of microbial fol; inulin may be more suitable for managing glycemic dysregulation in overweight or obese; probiotic intervention holds broad applica - bility in intervening in metabolic health. D,4 weeks; 1 month; 2 days,,131 adults; 40 participants; 120 participants; N = 44; N = 43,microbiota; glucose; insulin; SCFA; body mass index; BMI; body weight; cholesterol; triglycerides,"Li et al. BMC Medicine (2025) 23:372 https://doi.org/10.1186/s12916-025-04189-6 RESEARCH Open Access © The Author(s) 2025. Open Access This article is licensed under a Creative Commons Attribution-NonCommercial-NoDerivatives 4.0 International License, which permits any non-commercial use, sharing, distribution and reproduction in any medium or format, as long as you give appropriate credit to the original author(s) and the source, provide a link to the Creative Commons licence, and indicate if you modified the licensed material. You do not have permission under this licence to share adapted material derived from this article or parts of it. The images or other third party material in this article are included in the article’s Creative Commons licence, unless indicated otherwise in a credit line to the material. If material is not included in the article’s Creative Commons licence and you"
PMID:40598275,PubMed,40598275,"Differential effects of inulin and fructooligosaccharides on gut microbiota composition and glycemic metabolism in overweight/obese and healthy individuals: a randomized, double-blind clinical trial.",microbiome,"Functional prediction of gut microbiota revealed upregulation of microbial folate and glutathione metabolism with inulin, and purine metabolism with FOS.; Practically, inulin may be more suitable for managing glycemic dysregulation in overweight or obese individuals, while FOS may be considered for HCY reduction in individuals with normal glycemic status.",p = 0.041; p = 0.028; p = 0.008; p = 0.014; p = 0.023; p = 0.020,,,,,,,131 adults,detail_hint,supplement_queue,pending,,s12916-025-04189-6.pdf,1.000,17,inulin and fructooligosaccharides on gut microbiota composition and glycemic metabolis; inulin and fructooligosac- charides; inulin; Inulin significantly reduced glucose levels at 1 h; Inulin also reduced the abundance of Ruminococcus by 72.0; inulin. Functional prediction of gut microbiota revealed upregulation of microbial fol; inulin may be more suitable for managing glycemic dysregulation in overweight or obese; probiotic intervention holds broad applica - bility in intervening in metabolic health. D,4 weeks; 1 month; 2 days,,131 adults; 40 participants; 120 participants; N = 44; N = 43,microbiota; glucose; insulin; SCFA; body mass index; BMI; body weight; cholesterol; triglycerides,"Li et al. BMC Medicine (2025) 23:372 https://doi.org/10.1186/s12916-025-04189-6 RESEARCH Open Access © The Author(s) 2025. Open Access This article is licensed under a Creative Commons Attribution-NonCommercial-NoDerivatives 4.0 International License, which permits any non-commercial use, sharing, distribution and reproduction in any medium or format, as long as you give appropriate credit to the original author(s) and the source, provide a link to the Creative Commons licence, and indicate if you modified the licensed material. You do not have permission under this licence to share adapted material derived from this article or parts of it. The images or other third party material in this article are included in the article’s Creative Commons licence, unless indicated otherwise in a credit line to the material. If material is not included in the article’s Creative Commons licence and you"
NCT:NCT07452757,ClinicalTrials.gov,NCT07452757,To Evaluate Efficacy and Safety of Proprietary Healthy Diet Combinations for Weight Management in Overweight Volunteers,weight,To Evaluate Efficacy and Safety of Proprietary Healthy Diet Combinations for Weight Management in Overweight Volunteers  Arm II; Arm III; Arm IV Change in Body Weight Change in BMI During Maintenance Phase; Change in Body Fat Percentage; Change in Waist Circumference; Change in Total Cholesterol; Change in Quality of Life; Incidence of Adverse Events; Change in Muscle Mass; Change in Fat-Free Mass; Change in Visceral Fat Level; Change in Waist-to-Hip Ratio; Change in Skinfold Thickness; Change i,,,,,,,,140,detail_hint,supplement_queue,pending,,NCT07452757.csv,1.000,csv,,10 days; 30 days; 60 days,,140 subjects,body mass index; BMI; body weight; waist circumference; Body Fat; Cholesterol; Visceral Fat; Triglycerides; HDL; LDL; Glucose; HbA1c,"NCT Number,Study Title,Study URL,Acronym,Study Status,Brief Summary,Study Results,Conditions,Interventions,Primary Outcome Measures,Secondary Outcome Measures,Other Outcome Measures,Sponsor,Collaborators,Sex,Age,Phases,Enrollment,Funder Type,Study Type,Study Design,Other IDs,Start Date,Primary Completion Date,Completion Date,First Posted,Results First Posted,Last Update Posted,Locations,Study Documents NCT07452757,To Evaluate Efficacy and Safety of Proprietary Healthy Diet Combinations for Weight Management in Overweight Volunteers,https://clinicaltrials.gov/study/NCT07452757,,COMPLETED,""This is an open-label, four-arm, randomized, controlled clinical study designed to evaluate the efficacy and safety of a structured Weight Management Program (WMP) in overweight and obese adults with a body mass index (BMI) ≥ 23 kg/m² (Asian Indian ethnicity cut-off). A total of 140 subjects will be enro"
NCT:NCT07452757,ClinicalTrials.gov,NCT07452757,To Evaluate Efficacy and Safety of Proprietary Healthy Diet Combinations for Weight Management in Overweight Volunteers,BMI,To Evaluate Efficacy and Safety of Proprietary Healthy Diet Combinations for Weight Management in Overweight Volunteers  Arm II; Arm III; Arm IV Change in Body Weight Change in BMI During Maintenance Phase; Change in Body Fat Percentage; Change in Waist Circumference; Change in Total Cholesterol; Change in Quality of Life; Incidence of Adverse Events; Change in Muscle Mass; Change in Fat-Free Mass; Change in Visceral Fat Level; Change in Waist-to-Hip Ratio; Change in Skinfold Thickness; Change i,,,,,,,,140,detail_hint,supplement_queue,pending,,NCT07452757.csv,1.000,csv,,10 days; 30 days; 60 days,,140 subjects,body mass index; BMI; body weight; waist circumference; Body Fat; Cholesterol; Visceral Fat; Triglycerides; HDL; LDL; Glucose; HbA1c,"NCT Number,Study Title,Study URL,Acronym,Study Status,Brief Summary,Study Results,Conditions,Interventions,Primary Outcome Measures,Secondary Outcome Measures,Other Outcome Measures,Sponsor,Collaborators,Sex,Age,Phases,Enrollment,Funder Type,Study Type,Study Design,Other IDs,Start Date,Primary Completion Date,Completion Date,First Posted,Results First Posted,Last Update Posted,Locations,Study Documents NCT07452757,To Evaluate Efficacy and Safety of Proprietary Healthy Diet Combinations for Weight Management in Overweight Volunteers,https://clinicaltrials.gov/study/NCT07452757,,COMPLETED,""This is an open-label, four-arm, randomized, controlled clinical study designed to evaluate the efficacy and safety of a structured Weight Management Program (WMP) in overweight and obese adults with a body mass index (BMI) ≥ 23 kg/m² (Asian Indian ethnicity cut-off). A total of 140 subjects will be enro"
NCT:NCT07452757,ClinicalTrials.gov,NCT07452757,To Evaluate Efficacy and Safety of Proprietary Healthy Diet Combinations for Weight Management in Overweight Volunteers,waist,To Evaluate Efficacy and Safety of Proprietary Healthy Diet Combinations for Weight Management in Overweight Volunteers  Arm II; Arm III; Arm IV Change in Body Weight Change in BMI During Maintenance Phase; Change in Body Fat Percentage; Change in Waist Circumference; Change in Total Cholesterol; Change in Quality of Life; Incidence of Adverse Events; Change in Muscle Mass; Change in Fat-Free Mass; Change in Visceral Fat Level; Change in Waist-to-Hip Ratio; Change in Skinfold Thickness; Change i,,,,,,,,140,detail_hint,supplement_queue,pending,,NCT07452757.csv,1.000,csv,,10 days; 30 days; 60 days,,140 subjects,body mass index; BMI; body weight; waist circumference; Body Fat; Cholesterol; Visceral Fat; Triglycerides; HDL; LDL; Glucose; HbA1c,"NCT Number,Study Title,Study URL,Acronym,Study Status,Brief Summary,Study Results,Conditions,Interventions,Primary Outcome Measures,Secondary Outcome Measures,Other Outcome Measures,Sponsor,Collaborators,Sex,Age,Phases,Enrollment,Funder Type,Study Type,Study Design,Other IDs,Start Date,Primary Completion Date,Completion Date,First Posted,Results First Posted,Last Update Posted,Locations,Study Documents NCT07452757,To Evaluate Efficacy and Safety of Proprietary Healthy Diet Combinations for Weight Management in Overweight Volunteers,https://clinicaltrials.gov/study/NCT07452757,,COMPLETED,""This is an open-label, four-arm, randomized, controlled clinical study designed to evaluate the efficacy and safety of a structured Weight Management Program (WMP) in overweight and obese adults with a body mass index (BMI) ≥ 23 kg/m² (Asian Indian ethnicity cut-off). A total of 140 subjects will be enro"
NCT:NCT07452757,ClinicalTrials.gov,NCT07452757,To Evaluate Efficacy and Safety of Proprietary Healthy Diet Combinations for Weight Management in Overweight Volunteers,body_fat,To Evaluate Efficacy and Safety of Proprietary Healthy Diet Combinations for Weight Management in Overweight Volunteers  Arm II; Arm III; Arm IV Change in Body Weight Change in BMI During Maintenance Phase; Change in Body Fat Percentage; Change in Waist Circumference; Change in Total Cholesterol; Change in Quality of Life; Incidence of Adverse Events; Change in Muscle Mass; Change in Fat-Free Mass; Change in Visceral Fat Level; Change in Waist-to-Hip Ratio; Change in Skinfold Thickness; Change i,,,,,,,,140,detail_hint,supplement_queue,pending,,NCT07452757.csv,1.000,csv,,10 days; 30 days; 60 days,,140 subjects,body mass index; BMI; body weight; waist circumference; Body Fat; Cholesterol; Visceral Fat; Triglycerides; HDL; LDL; Glucose; HbA1c,"NCT Number,Study Title,Study URL,Acronym,Study Status,Brief Summary,Study Results,Conditions,Interventions,Primary Outcome Measures,Secondary Outcome Measures,Other Outcome Measures,Sponsor,Collaborators,Sex,Age,Phases,Enrollment,Funder Type,Study Type,Study Design,Other IDs,Start Date,Primary Completion Date,Completion Date,First Posted,Results First Posted,Last Update Posted,Locations,Study Documents NCT07452757,To Evaluate Efficacy and Safety of Proprietary Healthy Diet Combinations for Weight Management in Overweight Volunteers,https://clinicaltrials.gov/study/NCT07452757,,COMPLETED,""This is an open-label, four-arm, randomized, controlled clinical study designed to evaluate the efficacy and safety of a structured Weight Management Program (WMP) in overweight and obese adults with a body mass index (BMI) ≥ 23 kg/m² (Asian Indian ethnicity cut-off). A total of 140 subjects will be enro"
NCT:NCT07452757,ClinicalTrials.gov,NCT07452757,To Evaluate Efficacy and Safety of Proprietary Healthy Diet Combinations for Weight Management in Overweight Volunteers,glucose,To Evaluate Efficacy and Safety of Proprietary Healthy Diet Combinations for Weight Management in Overweight Volunteers  Arm II; Arm III; Arm IV Change in Body Weight Change in BMI During Maintenance Phase; Change in Body Fat Percentage; Change in Waist Circumference; Change in Total Cholesterol; Change in Quality of Life; Incidence of Adverse Events; Change in Muscle Mass; Change in Fat-Free Mass; Change in Visceral Fat Level; Change in Waist-to-Hip Ratio; Change in Skinfold Thickness; Change i,,,,,,,,140,detail_hint,supplement_queue,pending,,NCT07452757.csv,1.000,csv,,10 days; 30 days; 60 days,,140 subjects,body mass index; BMI; body weight; waist circumference; Body Fat; Cholesterol; Visceral Fat; Triglycerides; HDL; LDL; Glucose; HbA1c,"NCT Number,Study Title,Study URL,Acronym,Study Status,Brief Summary,Study Results,Conditions,Interventions,Primary Outcome Measures,Secondary Outcome Measures,Other Outcome Measures,Sponsor,Collaborators,Sex,Age,Phases,Enrollment,Funder Type,Study Type,Study Design,Other IDs,Start Date,Primary Completion Date,Completion Date,First Posted,Results First Posted,Last Update Posted,Locations,Study Documents NCT07452757,To Evaluate Efficacy and Safety of Proprietary Healthy Diet Combinations for Weight Management in Overweight Volunteers,https://clinicaltrials.gov/study/NCT07452757,,COMPLETED,""This is an open-label, four-arm, randomized, controlled clinical study designed to evaluate the efficacy and safety of a structured Weight Management Program (WMP) in overweight and obese adults with a body mass index (BMI) ≥ 23 kg/m² (Asian Indian ethnicity cut-off). A total of 140 subjects will be enro"
NCT:NCT07452757,ClinicalTrials.gov,NCT07452757,To Evaluate Efficacy and Safety of Proprietary Healthy Diet Combinations for Weight Management in Overweight Volunteers,lipid,To Evaluate Efficacy and Safety of Proprietary Healthy Diet Combinations for Weight Management in Overweight Volunteers  Arm II; Arm III; Arm IV Change in Body Weight Change in BMI During Maintenance Phase; Change in Body Fat Percentage; Change in Waist Circumference; Change in Total Cholesterol; Change in Quality of Life; Incidence of Adverse Events; Change in Muscle Mass; Change in Fat-Free Mass; Change in Visceral Fat Level; Change in Waist-to-Hip Ratio; Change in Skinfold Thickness; Change i,,,,,,,,140,detail_hint,supplement_queue,pending,,NCT07452757.csv,1.000,csv,,10 days; 30 days; 60 days,,140 subjects,body mass index; BMI; body weight; waist circumference; Body Fat; Cholesterol; Visceral Fat; Triglycerides; HDL; LDL; Glucose; HbA1c,"NCT Number,Study Title,Study URL,Acronym,Study Status,Brief Summary,Study Results,Conditions,Interventions,Primary Outcome Measures,Secondary Outcome Measures,Other Outcome Measures,Sponsor,Collaborators,Sex,Age,Phases,Enrollment,Funder Type,Study Type,Study Design,Other IDs,Start Date,Primary Completion Date,Completion Date,First Posted,Results First Posted,Last Update Posted,Locations,Study Documents NCT07452757,To Evaluate Efficacy and Safety of Proprietary Healthy Diet Combinations for Weight Management in Overweight Volunteers,https://clinicaltrials.gov/study/NCT07452757,,COMPLETED,""This is an open-label, four-arm, randomized, controlled clinical study designed to evaluate the efficacy and safety of a structured Weight Management Program (WMP) in overweight and obese adults with a body mass index (BMI) ≥ 23 kg/m² (Asian Indian ethnicity cut-off). A total of 140 subjects will be enro"
EUROPEPMC:35126309,PubMed,35126309,Efficacy and Safety of,weight,"Changes in body fat, anthropometric parameters, and biomarkers of obesity were compared using a linear mixed-effect model.; After 12 weeks of treatment, body weight, fat mass, and abdominal fat area did not change significantly in the two groups.",P = 0.037,,,,,,,81 adults,detail_hint,supplement_queue,pending,,4.pdf,0.716,10,,,,,,
EUROPEPMC:35126309,PubMed,35126309,Efficacy and Safety of,body_fat,"Changes in body fat, anthropometric parameters, and biomarkers of obesity were compared using a linear mixed-effect model.; After 12 weeks of treatment, body weight, fat mass, and abdominal fat area did not change significantly in the two groups.",P = 0.037,,,,,,,81 adults,detail_hint,supplement_queue,pending,,4.pdf,0.716,10,,,,,,
EUROPEPMC:35126309,PubMed,35126309,Efficacy and Safety of,lipid,"However, total cholesterol levels decreased from 209.4 ± 34.4 mg/dL to 203.5 ± 30.9 mg/dL in the LPK group, but increased from 194.7 ± 37.5 mg/dL to 199.9 ± 30.7 mg/dL in the placebo group (P = 0.037).",P = 0.037,,,,,,,81 adults,detail_hint,supplement_queue,pending,,4.pdf,0.716,10,,,,,,
EUROPEPMC:35126309,PubMed,35126309,Efficacy and Safety of,microbiome,"It also changed the distribution of gut microbiota significantly, with an increase in L.",P = 0.037,,,,,,,81 adults,detail_hint,supplement_queue,pending,,4.pdf,0.716,10,,,,,,
NCT:NCT05832190,ClinicalTrials.gov,NCT05832190,Correcting GUT MicrobioTa by Combined Supplementation of FibERs and BIotiN to Improve Microbiome and Optimize Bariatric Surgery Outcomes,weight,"Correcting GUT MicrobioTa by Combined Supplementation of FibERs and BIotiN to Improve Microbiome and Optimize Bariatric Surgery Outcomes  Standard of care; Biotin supplement; Fiber supplement 3-month variation of gut microbiota richness 3 months after the start of the different dietary interventions Assess changes in body weight between the visit 3 months before surgery and the pre-surgery visit, the visit at 3 and 6 months after surgery.; Assess changes in BMI between the visit 3 months before",,,,,,,,5,detail_hint,supplement_queue,pending,,NCT05832190.csv,1.000,csv,,,,,MicrobioTa,"NCT Number,Study Title,Study URL,Study Status,Conditions,Interventions,Sponsor,Collaborators,Study Type NCT05832190,Correcting GUT MicrobioTa by Combined Supplementation of FibERs and BIotiN to Improve Microbiome and Optimize Bariatric Surgery Outcomes,https://clinicaltrials.gov/study/NCT05832190,TERMINATED,Severe Obesity|Metabolic Syndrome,OTHER: Standard of care|DIETARY_SUPPLEMENT: Biotin supplement|DIETARY_SUPPLEMENT: Fiber supplement,Assistance Publique - Hôpitaux de Paris,,INTERVENTIONAL"
NCT:NCT05832190,ClinicalTrials.gov,NCT05832190,Correcting GUT MicrobioTa by Combined Supplementation of FibERs and BIotiN to Improve Microbiome and Optimize Bariatric Surgery Outcomes,BMI,"Correcting GUT MicrobioTa by Combined Supplementation of FibERs and BIotiN to Improve Microbiome and Optimize Bariatric Surgery Outcomes  Standard of care; Biotin supplement; Fiber supplement 3-month variation of gut microbiota richness 3 months after the start of the different dietary interventions Assess changes in body weight between the visit 3 months before surgery and the pre-surgery visit, the visit at 3 and 6 months after surgery.; Assess changes in BMI between the visit 3 months before",,,,,,,,5,detail_hint,supplement_queue,pending,,NCT05832190.csv,1.000,csv,,,,,MicrobioTa,"NCT Number,Study Title,Study URL,Study Status,Conditions,Interventions,Sponsor,Collaborators,Study Type NCT05832190,Correcting GUT MicrobioTa by Combined Supplementation of FibERs and BIotiN to Improve Microbiome and Optimize Bariatric Surgery Outcomes,https://clinicaltrials.gov/study/NCT05832190,TERMINATED,Severe Obesity|Metabolic Syndrome,OTHER: Standard of care|DIETARY_SUPPLEMENT: Biotin supplement|DIETARY_SUPPLEMENT: Fiber supplement,Assistance Publique - Hôpitaux de Paris,,INTERVENTIONAL"
NCT:NCT05832190,ClinicalTrials.gov,NCT05832190,Correcting GUT MicrobioTa by Combined Supplementation of FibERs and BIotiN to Improve Microbiome and Optimize Bariatric Surgery Outcomes,waist,"Correcting GUT MicrobioTa by Combined Supplementation of FibERs and BIotiN to Improve Microbiome and Optimize Bariatric Surgery Outcomes  Standard of care; Biotin supplement; Fiber supplement 3-month variation of gut microbiota richness 3 months after the start of the different dietary interventions Assess changes in body weight between the visit 3 months before surgery and the pre-surgery visit, the visit at 3 and 6 months after surgery.; Assess changes in BMI between the visit 3 months before",,,,,,,,5,detail_hint,supplement_queue,pending,,NCT05832190.csv,1.000,csv,,,,,MicrobioTa,"NCT Number,Study Title,Study URL,Study Status,Conditions,Interventions,Sponsor,Collaborators,Study Type NCT05832190,Correcting GUT MicrobioTa by Combined Supplementation of FibERs and BIotiN to Improve Microbiome and Optimize Bariatric Surgery Outcomes,https://clinicaltrials.gov/study/NCT05832190,TERMINATED,Severe Obesity|Metabolic Syndrome,OTHER: Standard of care|DIETARY_SUPPLEMENT: Biotin supplement|DIETARY_SUPPLEMENT: Fiber supplement,Assistance Publique - Hôpitaux de Paris,,INTERVENTIONAL"
NCT:NCT05832190,ClinicalTrials.gov,NCT05832190,Correcting GUT MicrobioTa by Combined Supplementation of FibERs and BIotiN to Improve Microbiome and Optimize Bariatric Surgery Outcomes,body_fat,"Correcting GUT MicrobioTa by Combined Supplementation of FibERs and BIotiN to Improve Microbiome and Optimize Bariatric Surgery Outcomes  Standard of care; Biotin supplement; Fiber supplement 3-month variation of gut microbiota richness 3 months after the start of the different dietary interventions Assess changes in body weight between the visit 3 months before surgery and the pre-surgery visit, the visit at 3 and 6 months after surgery.; Assess changes in BMI between the visit 3 months before",,,,,,,,5,detail_hint,supplement_queue,pending,,NCT05832190.csv,1.000,csv,,,,,MicrobioTa,"NCT Number,Study Title,Study URL,Study Status,Conditions,Interventions,Sponsor,Collaborators,Study Type NCT05832190,Correcting GUT MicrobioTa by Combined Supplementation of FibERs and BIotiN to Improve Microbiome and Optimize Bariatric Surgery Outcomes,https://clinicaltrials.gov/study/NCT05832190,TERMINATED,Severe Obesity|Metabolic Syndrome,OTHER: Standard of care|DIETARY_SUPPLEMENT: Biotin supplement|DIETARY_SUPPLEMENT: Fiber supplement,Assistance Publique - Hôpitaux de Paris,,INTERVENTIONAL"
NCT:NCT05832190,ClinicalTrials.gov,NCT05832190,Correcting GUT MicrobioTa by Combined Supplementation of FibERs and BIotiN to Improve Microbiome and Optimize Bariatric Surgery Outcomes,glucose,"Correcting GUT MicrobioTa by Combined Supplementation of FibERs and BIotiN to Improve Microbiome and Optimize Bariatric Surgery Outcomes  Standard of care; Biotin supplement; Fiber supplement 3-month variation of gut microbiota richness 3 months after the start of the different dietary interventions Assess changes in body weight between the visit 3 months before surgery and the pre-surgery visit, the visit at 3 and 6 months after surgery.; Assess changes in BMI between the visit 3 months before",,,,,,,,5,detail_hint,supplement_queue,pending,,NCT05832190.csv,1.000,csv,,,,,MicrobioTa,"NCT Number,Study Title,Study URL,Study Status,Conditions,Interventions,Sponsor,Collaborators,Study Type NCT05832190,Correcting GUT MicrobioTa by Combined Supplementation of FibERs and BIotiN to Improve Microbiome and Optimize Bariatric Surgery Outcomes,https://clinicaltrials.gov/study/NCT05832190,TERMINATED,Severe Obesity|Metabolic Syndrome,OTHER: Standard of care|DIETARY_SUPPLEMENT: Biotin supplement|DIETARY_SUPPLEMENT: Fiber supplement,Assistance Publique - Hôpitaux de Paris,,INTERVENTIONAL"
NCT:NCT05832190,ClinicalTrials.gov,NCT05832190,Correcting GUT MicrobioTa by Combined Supplementation of FibERs and BIotiN to Improve Microbiome and Optimize Bariatric Surgery Outcomes,lipid,"Correcting GUT MicrobioTa by Combined Supplementation of FibERs and BIotiN to Improve Microbiome and Optimize Bariatric Surgery Outcomes  Standard of care; Biotin supplement; Fiber supplement 3-month variation of gut microbiota richness 3 months after the start of the different dietary interventions Assess changes in body weight between the visit 3 months before surgery and the pre-surgery visit, the visit at 3 and 6 months after surgery.; Assess changes in BMI between the visit 3 months before",,,,,,,,5,detail_hint,supplement_queue,pending,,NCT05832190.csv,1.000,csv,,,,,MicrobioTa,"NCT Number,Study Title,Study URL,Study Status,Conditions,Interventions,Sponsor,Collaborators,Study Type NCT05832190,Correcting GUT MicrobioTa by Combined Supplementation of FibERs and BIotiN to Improve Microbiome and Optimize Bariatric Surgery Outcomes,https://clinicaltrials.gov/study/NCT05832190,TERMINATED,Severe Obesity|Metabolic Syndrome,OTHER: Standard of care|DIETARY_SUPPLEMENT: Biotin supplement|DIETARY_SUPPLEMENT: Fiber supplement,Assistance Publique - Hôpitaux de Paris,,INTERVENTIONAL"
NCT:NCT05832190,ClinicalTrials.gov,NCT05832190,Correcting GUT MicrobioTa by Combined Supplementation of FibERs and BIotiN to Improve Microbiome and Optimize Bariatric Surgery Outcomes,microbiome,"Correcting GUT MicrobioTa by Combined Supplementation of FibERs and BIotiN to Improve Microbiome and Optimize Bariatric Surgery Outcomes  Standard of care; Biotin supplement; Fiber supplement 3-month variation of gut microbiota richness 3 months after the start of the different dietary interventions Assess changes in body weight between the visit 3 months before surgery and the pre-surgery visit, the visit at 3 and 6 months after surgery.; Assess changes in BMI between the visit 3 months before",,,,,,,,5,detail_hint,supplement_queue,pending,,NCT05832190.csv,1.000,csv,,,,,MicrobioTa,"NCT Number,Study Title,Study URL,Study Status,Conditions,Interventions,Sponsor,Collaborators,Study Type NCT05832190,Correcting GUT MicrobioTa by Combined Supplementation of FibERs and BIotiN to Improve Microbiome and Optimize Bariatric Surgery Outcomes,https://clinicaltrials.gov/study/NCT05832190,TERMINATED,Severe Obesity|Metabolic Syndrome,OTHER: Standard of care|DIETARY_SUPPLEMENT: Biotin supplement|DIETARY_SUPPLEMENT: Fiber supplement,Assistance Publique - Hôpitaux de Paris,,INTERVENTIONAL"
NCT:NCT04863313,ClinicalTrials.gov,NCT04863313,Effect of a Probiotic on the Glycemic Profile and the Fecal Microbiota of Prediabetic Subjects (PREDIABETCARE),weight,Change of metagenomic analysis of intestinal microbiota composition from baseline to week 12.; Change of fasting blood glucose concentration from baseline to week 4.; Change of fasting blood glucose concentration from baseline to week 8.; Change of fasting blood glucose concentration from baseline to week 12.; Oral glucose tolerance test; Change in the Area under the curve for glucose from baseline to week 12.; Change of fasting blood insulin concentration from baseline to week 12.; Change of HO,,,,,,,,73,detail_hint,supplement_queue,pending,,,,,,,,,,
NCT:NCT04863313,ClinicalTrials.gov,NCT04863313,Effect of a Probiotic on the Glycemic Profile and the Fecal Microbiota of Prediabetic Subjects (PREDIABETCARE),BMI,Change of metagenomic analysis of intestinal microbiota composition from baseline to week 12.; Change of fasting blood glucose concentration from baseline to week 4.; Change of fasting blood glucose concentration from baseline to week 8.; Change of fasting blood glucose concentration from baseline to week 12.; Oral glucose tolerance test; Change in the Area under the curve for glucose from baseline to week 12.; Change of fasting blood insulin concentration from baseline to week 12.; Change of HO,,,,,,,,73,detail_hint,supplement_queue,pending,,,,,,,,,,
NCT:NCT04863313,ClinicalTrials.gov,NCT04863313,Effect of a Probiotic on the Glycemic Profile and the Fecal Microbiota of Prediabetic Subjects (PREDIABETCARE),waist,Change of metagenomic analysis of intestinal microbiota composition from baseline to week 12.; Change of fasting blood glucose concentration from baseline to week 4.; Change of fasting blood glucose concentration from baseline to week 8.; Change of fasting blood glucose concentration from baseline to week 12.; Oral glucose tolerance test; Change in the Area under the curve for glucose from baseline to week 12.; Change of fasting blood insulin concentration from baseline to week 12.; Change of HO,,,,,,,,73,detail_hint,supplement_queue,pending,,,,,,,,,,
NCT:NCT04863313,ClinicalTrials.gov,NCT04863313,Effect of a Probiotic on the Glycemic Profile and the Fecal Microbiota of Prediabetic Subjects (PREDIABETCARE),body_fat,Change of metagenomic analysis of intestinal microbiota composition from baseline to week 12.; Change of fasting blood glucose concentration from baseline to week 4.; Change of fasting blood glucose concentration from baseline to week 8.; Change of fasting blood glucose concentration from baseline to week 12.; Oral glucose tolerance test; Change in the Area under the curve for glucose from baseline to week 12.; Change of fasting blood insulin concentration from baseline to week 12.; Change of HO,,,,,,,,73,detail_hint,supplement_queue,pending,,,,,,,,,,
NCT:NCT04863313,ClinicalTrials.gov,NCT04863313,Effect of a Probiotic on the Glycemic Profile and the Fecal Microbiota of Prediabetic Subjects (PREDIABETCARE),glucose,Change of metagenomic analysis of intestinal microbiota composition from baseline to week 12.; Change of fasting blood glucose concentration from baseline to week 4.; Change of fasting blood glucose concentration from baseline to week 8.; Change of fasting blood glucose concentration from baseline to week 12.; Oral glucose tolerance test; Change in the Area under the curve for glucose from baseline to week 12.; Change of fasting blood insulin concentration from baseline to week 12.; Change of HO,,,,,,,,73,detail_hint,supplement_queue,pending,,,,,,,,,,
NCT:NCT04863313,ClinicalTrials.gov,NCT04863313,Effect of a Probiotic on the Glycemic Profile and the Fecal Microbiota of Prediabetic Subjects (PREDIABETCARE),lipid,Change of metagenomic analysis of intestinal microbiota composition from baseline to week 12.; Change of fasting blood glucose concentration from baseline to week 4.; Change of fasting blood glucose concentration from baseline to week 8.; Change of fasting blood glucose concentration from baseline to week 12.; Oral glucose tolerance test; Change in the Area under the curve for glucose from baseline to week 12.; Change of fasting blood insulin concentration from baseline to week 12.; Change of HO,,,,,,,,73,detail_hint,supplement_queue,pending,,,,,,,,,,
NCT:NCT04863313,ClinicalTrials.gov,NCT04863313,Effect of a Probiotic on the Glycemic Profile and the Fecal Microbiota of Prediabetic Subjects (PREDIABETCARE),microbiome,Change of metagenomic analysis of intestinal microbiota composition from baseline to week 12.; Change of fasting blood glucose concentration from baseline to week 4.; Change of fasting blood glucose concentration from baseline to week 8.; Change of fasting blood glucose concentration from baseline to week 12.; Oral glucose tolerance test; Change in the Area under the curve for glucose from baseline to week 12.; Change of fasting blood insulin concentration from baseline to week 12.; Change of HO,,,,,,,,73,detail_hint,supplement_queue,pending,,,,,,,,,,
NCT:NCT01978691,ClinicalTrials.gov,NCT01978691,The Effect of a Bifidobacterium and Polydextrose on Body Fat Mass,weight,lactis 420; Polydextrose; Placebo Difference in body fat mass from baseline to end-of-treatment (6 months) Change in weight (absolute and relative); Change in BMI (absolute and relative); Change in lean body mass; Hip Change in waist and/or hip circumference (absolute and relative); Change in glycated haemoglobin (HbA1c) in blood; Change in fasting glucose levels; Change in fasting insulin levels; Change in insulin resistance; Change in inflammatory markers; Change in lipopolysaccharide (LPS) co,,,,,,,,225,detail_hint,supplement_queue,pending,,NCT01978691.csv,1.000,csv,Bifidobacterium and Polydextrose on Body Fat Mass; probiotic; Bifidobacterium animalis ssp. lactis 420; prebiotic; Polydextrose,6 months,,232 participants,Body Fat; glucose; Insulin; BMI; HbA1c; cholesterol; HDL; LDL; triglycerides; microbiota,"NCT Number,Study Title,Study URL,Acronym,Study Status,Brief Summary,Study Results,Conditions,Interventions,Primary Outcome Measures,Secondary Outcome Measures,Other Outcome Measures,Sponsor,Collaborators,Sex,Age,Phases,Enrollment,Funder Type,Study Type,Study Design,Other IDs,Start Date,Primary Completion Date,Completion Date,First Posted,Results First Posted,Last Update Posted,Locations,Study Documents NCT01978691,The Effect of a Bifidobacterium and Polydextrose on Body Fat Mass,https://clinicaltrials.gov/study/NCT01978691,MetSProb,COMPLETED,""Obesity is a major problem worldwide, and it is related to abnormalities in glucose and lipid metabolism. The purpose of this study is to investigate the effect of a dietary supplement containing probiotic (Bifidobacterium animalis ssp. lactis 420) and/or prebiotic (Litesse) on change in body fat mass in a double-blind, randomized, placebo-controlle"
NCT:NCT01978691,ClinicalTrials.gov,NCT01978691,The Effect of a Bifidobacterium and Polydextrose on Body Fat Mass,BMI,lactis 420; Polydextrose; Placebo Difference in body fat mass from baseline to end-of-treatment (6 months) Change in weight (absolute and relative); Change in BMI (absolute and relative); Change in lean body mass; Hip Change in waist and/or hip circumference (absolute and relative); Change in glycated haemoglobin (HbA1c) in blood; Change in fasting glucose levels; Change in fasting insulin levels; Change in insulin resistance; Change in inflammatory markers; Change in lipopolysaccharide (LPS) co,,,,,,,,225,detail_hint,supplement_queue,pending,,NCT01978691.csv,1.000,csv,Bifidobacterium and Polydextrose on Body Fat Mass; probiotic; Bifidobacterium animalis ssp. lactis 420; prebiotic; Polydextrose,6 months,,232 participants,Body Fat; glucose; Insulin; BMI; HbA1c; cholesterol; HDL; LDL; triglycerides; microbiota,"NCT Number,Study Title,Study URL,Acronym,Study Status,Brief Summary,Study Results,Conditions,Interventions,Primary Outcome Measures,Secondary Outcome Measures,Other Outcome Measures,Sponsor,Collaborators,Sex,Age,Phases,Enrollment,Funder Type,Study Type,Study Design,Other IDs,Start Date,Primary Completion Date,Completion Date,First Posted,Results First Posted,Last Update Posted,Locations,Study Documents NCT01978691,The Effect of a Bifidobacterium and Polydextrose on Body Fat Mass,https://clinicaltrials.gov/study/NCT01978691,MetSProb,COMPLETED,""Obesity is a major problem worldwide, and it is related to abnormalities in glucose and lipid metabolism. The purpose of this study is to investigate the effect of a dietary supplement containing probiotic (Bifidobacterium animalis ssp. lactis 420) and/or prebiotic (Litesse) on change in body fat mass in a double-blind, randomized, placebo-controlle"
NCT:NCT01978691,ClinicalTrials.gov,NCT01978691,The Effect of a Bifidobacterium and Polydextrose on Body Fat Mass,waist,lactis 420; Polydextrose; Placebo Difference in body fat mass from baseline to end-of-treatment (6 months) Change in weight (absolute and relative); Change in BMI (absolute and relative); Change in lean body mass; Hip Change in waist and/or hip circumference (absolute and relative); Change in glycated haemoglobin (HbA1c) in blood; Change in fasting glucose levels; Change in fasting insulin levels; Change in insulin resistance; Change in inflammatory markers; Change in lipopolysaccharide (LPS) co,,,,,,,,225,detail_hint,supplement_queue,pending,,NCT01978691.csv,1.000,csv,Bifidobacterium and Polydextrose on Body Fat Mass; probiotic; Bifidobacterium animalis ssp. lactis 420; prebiotic; Polydextrose,6 months,,232 participants,Body Fat; glucose; Insulin; BMI; HbA1c; cholesterol; HDL; LDL; triglycerides; microbiota,"NCT Number,Study Title,Study URL,Acronym,Study Status,Brief Summary,Study Results,Conditions,Interventions,Primary Outcome Measures,Secondary Outcome Measures,Other Outcome Measures,Sponsor,Collaborators,Sex,Age,Phases,Enrollment,Funder Type,Study Type,Study Design,Other IDs,Start Date,Primary Completion Date,Completion Date,First Posted,Results First Posted,Last Update Posted,Locations,Study Documents NCT01978691,The Effect of a Bifidobacterium and Polydextrose on Body Fat Mass,https://clinicaltrials.gov/study/NCT01978691,MetSProb,COMPLETED,""Obesity is a major problem worldwide, and it is related to abnormalities in glucose and lipid metabolism. The purpose of this study is to investigate the effect of a dietary supplement containing probiotic (Bifidobacterium animalis ssp. lactis 420) and/or prebiotic (Litesse) on change in body fat mass in a double-blind, randomized, placebo-controlle"
NCT:NCT01978691,ClinicalTrials.gov,NCT01978691,The Effect of a Bifidobacterium and Polydextrose on Body Fat Mass,body_fat,lactis 420; Polydextrose; Placebo Difference in body fat mass from baseline to end-of-treatment (6 months) Change in weight (absolute and relative); Change in BMI (absolute and relative); Change in lean body mass; Hip Change in waist and/or hip circumference (absolute and relative); Change in glycated haemoglobin (HbA1c) in blood; Change in fasting glucose levels; Change in fasting insulin levels; Change in insulin resistance; Change in inflammatory markers; Change in lipopolysaccharide (LPS) co,,,,,,,,225,detail_hint,supplement_queue,pending,,NCT01978691.csv,1.000,csv,Bifidobacterium and Polydextrose on Body Fat Mass; probiotic; Bifidobacterium animalis ssp. lactis 420; prebiotic; Polydextrose,6 months,,232 participants,Body Fat; glucose; Insulin; BMI; HbA1c; cholesterol; HDL; LDL; triglycerides; microbiota,"NCT Number,Study Title,Study URL,Acronym,Study Status,Brief Summary,Study Results,Conditions,Interventions,Primary Outcome Measures,Secondary Outcome Measures,Other Outcome Measures,Sponsor,Collaborators,Sex,Age,Phases,Enrollment,Funder Type,Study Type,Study Design,Other IDs,Start Date,Primary Completion Date,Completion Date,First Posted,Results First Posted,Last Update Posted,Locations,Study Documents NCT01978691,The Effect of a Bifidobacterium and Polydextrose on Body Fat Mass,https://clinicaltrials.gov/study/NCT01978691,MetSProb,COMPLETED,""Obesity is a major problem worldwide, and it is related to abnormalities in glucose and lipid metabolism. The purpose of this study is to investigate the effect of a dietary supplement containing probiotic (Bifidobacterium animalis ssp. lactis 420) and/or prebiotic (Litesse) on change in body fat mass in a double-blind, randomized, placebo-controlle"
NCT:NCT01978691,ClinicalTrials.gov,NCT01978691,The Effect of a Bifidobacterium and Polydextrose on Body Fat Mass,glucose,lactis 420; Polydextrose; Placebo Difference in body fat mass from baseline to end-of-treatment (6 months) Change in weight (absolute and relative); Change in BMI (absolute and relative); Change in lean body mass; Hip Change in waist and/or hip circumference (absolute and relative); Change in glycated haemoglobin (HbA1c) in blood; Change in fasting glucose levels; Change in fasting insulin levels; Change in insulin resistance; Change in inflammatory markers; Change in lipopolysaccharide (LPS) co,,,,,,,,225,detail_hint,supplement_queue,pending,,NCT01978691.csv,1.000,csv,Bifidobacterium and Polydextrose on Body Fat Mass; probiotic; Bifidobacterium animalis ssp. lactis 420; prebiotic; Polydextrose,6 months,,232 participants,Body Fat; glucose; Insulin; BMI; HbA1c; cholesterol; HDL; LDL; triglycerides; microbiota,"NCT Number,Study Title,Study URL,Acronym,Study Status,Brief Summary,Study Results,Conditions,Interventions,Primary Outcome Measures,Secondary Outcome Measures,Other Outcome Measures,Sponsor,Collaborators,Sex,Age,Phases,Enrollment,Funder Type,Study Type,Study Design,Other IDs,Start Date,Primary Completion Date,Completion Date,First Posted,Results First Posted,Last Update Posted,Locations,Study Documents NCT01978691,The Effect of a Bifidobacterium and Polydextrose on Body Fat Mass,https://clinicaltrials.gov/study/NCT01978691,MetSProb,COMPLETED,""Obesity is a major problem worldwide, and it is related to abnormalities in glucose and lipid metabolism. The purpose of this study is to investigate the effect of a dietary supplement containing probiotic (Bifidobacterium animalis ssp. lactis 420) and/or prebiotic (Litesse) on change in body fat mass in a double-blind, randomized, placebo-controlle"
NCT:NCT01978691,ClinicalTrials.gov,NCT01978691,The Effect of a Bifidobacterium and Polydextrose on Body Fat Mass,lipid,lactis 420; Polydextrose; Placebo Difference in body fat mass from baseline to end-of-treatment (6 months) Change in weight (absolute and relative); Change in BMI (absolute and relative); Change in lean body mass; Hip Change in waist and/or hip circumference (absolute and relative); Change in glycated haemoglobin (HbA1c) in blood; Change in fasting glucose levels; Change in fasting insulin levels; Change in insulin resistance; Change in inflammatory markers; Change in lipopolysaccharide (LPS) co,,,,,,,,225,detail_hint,supplement_queue,pending,,NCT01978691.csv,1.000,csv,Bifidobacterium and Polydextrose on Body Fat Mass; probiotic; Bifidobacterium animalis ssp. lactis 420; prebiotic; Polydextrose,6 months,,232 participants,Body Fat; glucose; Insulin; BMI; HbA1c; cholesterol; HDL; LDL; triglycerides; microbiota,"NCT Number,Study Title,Study URL,Acronym,Study Status,Brief Summary,Study Results,Conditions,Interventions,Primary Outcome Measures,Secondary Outcome Measures,Other Outcome Measures,Sponsor,Collaborators,Sex,Age,Phases,Enrollment,Funder Type,Study Type,Study Design,Other IDs,Start Date,Primary Completion Date,Completion Date,First Posted,Results First Posted,Last Update Posted,Locations,Study Documents NCT01978691,The Effect of a Bifidobacterium and Polydextrose on Body Fat Mass,https://clinicaltrials.gov/study/NCT01978691,MetSProb,COMPLETED,""Obesity is a major problem worldwide, and it is related to abnormalities in glucose and lipid metabolism. The purpose of this study is to investigate the effect of a dietary supplement containing probiotic (Bifidobacterium animalis ssp. lactis 420) and/or prebiotic (Litesse) on change in body fat mass in a double-blind, randomized, placebo-controlle"
NCT:NCT01978691,ClinicalTrials.gov,NCT01978691,The Effect of a Bifidobacterium and Polydextrose on Body Fat Mass,microbiome,lactis 420; Polydextrose; Placebo Difference in body fat mass from baseline to end-of-treatment (6 months) Change in weight (absolute and relative); Change in BMI (absolute and relative); Change in lean body mass; Hip Change in waist and/or hip circumference (absolute and relative); Change in glycated haemoglobin (HbA1c) in blood; Change in fasting glucose levels; Change in fasting insulin levels; Change in insulin resistance; Change in inflammatory markers; Change in lipopolysaccharide (LPS) co,,,,,,,,225,detail_hint,supplement_queue,pending,,NCT01978691.csv,1.000,csv,Bifidobacterium and Polydextrose on Body Fat Mass; probiotic; Bifidobacterium animalis ssp. lactis 420; prebiotic; Polydextrose,6 months,,232 participants,Body Fat; glucose; Insulin; BMI; HbA1c; cholesterol; HDL; LDL; triglycerides; microbiota,"NCT Number,Study Title,Study URL,Acronym,Study Status,Brief Summary,Study Results,Conditions,Interventions,Primary Outcome Measures,Secondary Outcome Measures,Other Outcome Measures,Sponsor,Collaborators,Sex,Age,Phases,Enrollment,Funder Type,Study Type,Study Design,Other IDs,Start Date,Primary Completion Date,Completion Date,First Posted,Results First Posted,Last Update Posted,Locations,Study Documents NCT01978691,The Effect of a Bifidobacterium and Polydextrose on Body Fat Mass,https://clinicaltrials.gov/study/NCT01978691,MetSProb,COMPLETED,""Obesity is a major problem worldwide, and it is related to abnormalities in glucose and lipid metabolism. The purpose of this study is to investigate the effect of a dietary supplement containing probiotic (Bifidobacterium animalis ssp. lactis 420) and/or prebiotic (Litesse) on change in body fat mass in a double-blind, randomized, placebo-controlle"
PMID:40827948,PubMed,40827948,Long-term efficacy of dapagliflozin combined with Bifidobacterium triple viable tablets on metabolic syndrome and gut microbiota in overweight/obese patients with type 2 diabetes.,weight,"Analyses used mixed-effects models (completers: 57 control, 58 experimental) and Spearman correlations.; The experimental group showed superior improvements in weight (-5.2 kg vs -3.1 kg), HbA1c (-1.8% vs -0.8%), LDL-C (-0.5 vs -0.3 mmol/L), HDL-C (+0.17 vs +0.07 mmol/L), and HOMA-IR (-1.2 vs -0.6) compared to controls (all P < 0.05).",P < 0.05; P < 0.001; P = 0.003; P = 0.001; P = 0.008; P = 0.041; P = 0.672,,,,,,,n = 60,detail_hint,supplement_queue,pending,,,,,,,,,,
PMID:40827948,PubMed,40827948,Long-term efficacy of dapagliflozin combined with Bifidobacterium triple viable tablets on metabolic syndrome and gut microbiota in overweight/obese patients with type 2 diabetes.,glucose,"Analyses used mixed-effects models (completers: 57 control, 58 experimental) and Spearman correlations.; The experimental group showed superior improvements in weight (-5.2 kg vs -3.1 kg), HbA1c (-1.8% vs -0.8%), LDL-C (-0.5 vs -0.3 mmol/L), HDL-C (+0.17 vs +0.07 mmol/L), and HOMA-IR (-1.2 vs -0.6) compared to controls (all P < 0.05).",P < 0.05; P < 0.001; P = 0.003; P = 0.001; P = 0.008; P = 0.041; P = 0.672,,,,,,,n = 60,detail_hint,supplement_queue,pending,,,,,,,,,,
PMID:40827948,PubMed,40827948,Long-term efficacy of dapagliflozin combined with Bifidobacterium triple viable tablets on metabolic syndrome and gut microbiota in overweight/obese patients with type 2 diabetes.,lipid,"SGLT2 inhibitors improve cardiorenal outcomes and may modulate gut microbiota, while specific probiotics demonstrate glycemic and lipid benefits.",P < 0.05; P < 0.001; P = 0.003; P = 0.001; P = 0.008; P = 0.041; P = 0.672,,,,,,,n = 60,detail_hint,supplement_queue,pending,,,,,,,,,,
PMID:40827948,PubMed,40827948,Long-term efficacy of dapagliflozin combined with Bifidobacterium triple viable tablets on metabolic syndrome and gut microbiota in overweight/obese patients with type 2 diabetes.,microbiome,"SGLT2 inhibitors improve cardiorenal outcomes and may modulate gut microbiota, while specific probiotics demonstrate glycemic and lipid benefits.",P < 0.05; P < 0.001; P = 0.003; P = 0.001; P = 0.008; P = 0.041; P = 0.672,,,,,,,n = 60,detail_hint,supplement_queue,pending,,,,,,,,,,
PMID:31126565,PubMed,31126565,Effects of pro-/synbiotic supplementation on anthropometric and metabolic indices in overweight or obese children and adolescents: A systematic review and meta-analysis.,weight,"Therefore, the present review was undertaken to evaluate the overall effects of pro-/synbiotics supplementation on anthropometric indices and metabolic indices in overweight or obese children and adolescents.; A systematic computerized literature search of PubMed, Scopus, ISI Web of science and Google Scholar databases was conducted up to November 2018.",,,,,,,,410 subjects,detail_hint,supplement_queue,pending,,Effects of pro-_synbiotic supplementation on anthropometric and metabolic indices in overweight or obese children and adolescent(科研通-ablesci.com) (1).pdf,1.000,24,synbiotic supplementation on anthropometric and metabolic indices in overweight or obese; synbiotic did not affect the anthropometric and metabolic indices. ACCEPTED MANUSCRIPT 2; Synbiotic supplementation can decrease BMI z -score in overweight or obese children and a; synbiotic subgroups. Conclusion; synbiotic supplements did not have favorable effects t o manage overweight or obese child; synbiotic; probiotic; probiotic and prebiotic synergistically. Prebiotics contain a group of fermentable dietar,16 weeks; 4 weeks; 8 weeks,,410 subjects; 5 participants; n=2; 215 subjects,BMI; waist circumference; body fat; cholesterol; microbiota; body mass index; glucose; HDL; LDL,"Accepted Manuscript Title: Effects of pro-/synbiotic supplementation on anthropometric and metabolic indices in overweight or obese children and adolescents: a systematic review and meta-analysis Authors: Hamed Mohammadi, Abed Ghavami, Amir Hadi, Gholamreza Askari, Michael Symonds, Maryam Miraghajani PII: S0965-2299(19)30339-5 DOI: https://doi.org/10.1016/j.ctim.2019.05.008 Reference: YCTIM 2104 To appear in: Complementary Therapies in Medicine Received date: 11 March 2019 Accepted date: 7 May 2019 Please cite this article as: Mohammadi H, Ghavami A, Hadi A, Askari G, Symonds M, Miraghajani M, Effects of pro-/synbiotic supplementation on anthropometric and metabolic indices in overweight or obese children and adolescents: a systematic review and meta-analysis, Complementary Therapies in Medicine (2019), https://doi.org/10.1016/j.ctim.2019.05.008 This is a PDF ﬁle of an unedited manuscrip"
PMID:31126565,PubMed,31126565,Effects of pro-/synbiotic supplementation on anthropometric and metabolic indices in overweight or obese children and adolescents: A systematic review and meta-analysis.,BMI,"Pooled analysis did not illustrate any significant changes in BMI z-score, waist circumference, weight, body fat, fasting blood sugar and lipid profiles (triglyceride, total cholesterol, high-density lipoprotein cholesterol, and low-density lipoprotein cholesterol) after supplementation with pro-/synbiotics for 4-16 weeks.",,,,,,,,410 subjects,detail_hint,supplement_queue,pending,,Effects of pro-_synbiotic supplementation on anthropometric and metabolic indices in overweight or obese children and adolescent(科研通-ablesci.com) (1).pdf,1.000,24,synbiotic supplementation on anthropometric and metabolic indices in overweight or obese; synbiotic did not affect the anthropometric and metabolic indices. ACCEPTED MANUSCRIPT 2; Synbiotic supplementation can decrease BMI z -score in overweight or obese children and a; synbiotic subgroups. Conclusion; synbiotic supplements did not have favorable effects t o manage overweight or obese child; synbiotic; probiotic; probiotic and prebiotic synergistically. Prebiotics contain a group of fermentable dietar,16 weeks; 4 weeks; 8 weeks,,410 subjects; 5 participants; n=2; 215 subjects,BMI; waist circumference; body fat; cholesterol; microbiota; body mass index; glucose; HDL; LDL,"Accepted Manuscript Title: Effects of pro-/synbiotic supplementation on anthropometric and metabolic indices in overweight or obese children and adolescents: a systematic review and meta-analysis Authors: Hamed Mohammadi, Abed Ghavami, Amir Hadi, Gholamreza Askari, Michael Symonds, Maryam Miraghajani PII: S0965-2299(19)30339-5 DOI: https://doi.org/10.1016/j.ctim.2019.05.008 Reference: YCTIM 2104 To appear in: Complementary Therapies in Medicine Received date: 11 March 2019 Accepted date: 7 May 2019 Please cite this article as: Mohammadi H, Ghavami A, Hadi A, Askari G, Symonds M, Miraghajani M, Effects of pro-/synbiotic supplementation on anthropometric and metabolic indices in overweight or obese children and adolescents: a systematic review and meta-analysis, Complementary Therapies in Medicine (2019), https://doi.org/10.1016/j.ctim.2019.05.008 This is a PDF ﬁle of an unedited manuscrip"
PMID:31126565,PubMed,31126565,Effects of pro-/synbiotic supplementation on anthropometric and metabolic indices in overweight or obese children and adolescents: A systematic review and meta-analysis.,waist,"Pooled analysis did not illustrate any significant changes in BMI z-score, waist circumference, weight, body fat, fasting blood sugar and lipid profiles (triglyceride, total cholesterol, high-density lipoprotein cholesterol, and low-density lipoprotein cholesterol) after supplementation with pro-/synbiotics for 4-16 weeks.",,,,,,,,410 subjects,detail_hint,supplement_queue,pending,,Effects of pro-_synbiotic supplementation on anthropometric and metabolic indices in overweight or obese children and adolescent(科研通-ablesci.com) (1).pdf,1.000,24,synbiotic supplementation on anthropometric and metabolic indices in overweight or obese; synbiotic did not affect the anthropometric and metabolic indices. ACCEPTED MANUSCRIPT 2; Synbiotic supplementation can decrease BMI z -score in overweight or obese children and a; synbiotic subgroups. Conclusion; synbiotic supplements did not have favorable effects t o manage overweight or obese child; synbiotic; probiotic; probiotic and prebiotic synergistically. Prebiotics contain a group of fermentable dietar,16 weeks; 4 weeks; 8 weeks,,410 subjects; 5 participants; n=2; 215 subjects,BMI; waist circumference; body fat; cholesterol; microbiota; body mass index; glucose; HDL; LDL,"Accepted Manuscript Title: Effects of pro-/synbiotic supplementation on anthropometric and metabolic indices in overweight or obese children and adolescents: a systematic review and meta-analysis Authors: Hamed Mohammadi, Abed Ghavami, Amir Hadi, Gholamreza Askari, Michael Symonds, Maryam Miraghajani PII: S0965-2299(19)30339-5 DOI: https://doi.org/10.1016/j.ctim.2019.05.008 Reference: YCTIM 2104 To appear in: Complementary Therapies in Medicine Received date: 11 March 2019 Accepted date: 7 May 2019 Please cite this article as: Mohammadi H, Ghavami A, Hadi A, Askari G, Symonds M, Miraghajani M, Effects of pro-/synbiotic supplementation on anthropometric and metabolic indices in overweight or obese children and adolescents: a systematic review and meta-analysis, Complementary Therapies in Medicine (2019), https://doi.org/10.1016/j.ctim.2019.05.008 This is a PDF ﬁle of an unedited manuscrip"
PMID:31126565,PubMed,31126565,Effects of pro-/synbiotic supplementation on anthropometric and metabolic indices in overweight or obese children and adolescents: A systematic review and meta-analysis.,body_fat,"Pooled analysis did not illustrate any significant changes in BMI z-score, waist circumference, weight, body fat, fasting blood sugar and lipid profiles (triglyceride, total cholesterol, high-density lipoprotein cholesterol, and low-density lipoprotein cholesterol) after supplementation with pro-/synbiotics for 4-16 weeks.",,,,,,,,410 subjects,detail_hint,supplement_queue,pending,,Effects of pro-_synbiotic supplementation on anthropometric and metabolic indices in overweight or obese children and adolescent(科研通-ablesci.com) (1).pdf,1.000,24,synbiotic supplementation on anthropometric and metabolic indices in overweight or obese; synbiotic did not affect the anthropometric and metabolic indices. ACCEPTED MANUSCRIPT 2; Synbiotic supplementation can decrease BMI z -score in overweight or obese children and a; synbiotic subgroups. Conclusion; synbiotic supplements did not have favorable effects t o manage overweight or obese child; synbiotic; probiotic; probiotic and prebiotic synergistically. Prebiotics contain a group of fermentable dietar,16 weeks; 4 weeks; 8 weeks,,410 subjects; 5 participants; n=2; 215 subjects,BMI; waist circumference; body fat; cholesterol; microbiota; body mass index; glucose; HDL; LDL,"Accepted Manuscript Title: Effects of pro-/synbiotic supplementation on anthropometric and metabolic indices in overweight or obese children and adolescents: a systematic review and meta-analysis Authors: Hamed Mohammadi, Abed Ghavami, Amir Hadi, Gholamreza Askari, Michael Symonds, Maryam Miraghajani PII: S0965-2299(19)30339-5 DOI: https://doi.org/10.1016/j.ctim.2019.05.008 Reference: YCTIM 2104 To appear in: Complementary Therapies in Medicine Received date: 11 March 2019 Accepted date: 7 May 2019 Please cite this article as: Mohammadi H, Ghavami A, Hadi A, Askari G, Symonds M, Miraghajani M, Effects of pro-/synbiotic supplementation on anthropometric and metabolic indices in overweight or obese children and adolescents: a systematic review and meta-analysis, Complementary Therapies in Medicine (2019), https://doi.org/10.1016/j.ctim.2019.05.008 This is a PDF ﬁle of an unedited manuscrip"
PMID:31126565,PubMed,31126565,Effects of pro-/synbiotic supplementation on anthropometric and metabolic indices in overweight or obese children and adolescents: A systematic review and meta-analysis.,lipid,"Pooled analysis did not illustrate any significant changes in BMI z-score, waist circumference, weight, body fat, fasting blood sugar and lipid profiles (triglyceride, total cholesterol, high-density lipoprotein cholesterol, and low-density lipoprotein cholesterol) after supplementation with pro-/synbiotics for 4-16 weeks.",,,,,,,,410 subjects,detail_hint,supplement_queue,pending,,Effects of pro-_synbiotic supplementation on anthropometric and metabolic indices in overweight or obese children and adolescent(科研通-ablesci.com) (1).pdf,1.000,24,synbiotic supplementation on anthropometric and metabolic indices in overweight or obese; synbiotic did not affect the anthropometric and metabolic indices. ACCEPTED MANUSCRIPT 2; Synbiotic supplementation can decrease BMI z -score in overweight or obese children and a; synbiotic subgroups. Conclusion; synbiotic supplements did not have favorable effects t o manage overweight or obese child; synbiotic; probiotic; probiotic and prebiotic synergistically. Prebiotics contain a group of fermentable dietar,16 weeks; 4 weeks; 8 weeks,,410 subjects; 5 participants; n=2; 215 subjects,BMI; waist circumference; body fat; cholesterol; microbiota; body mass index; glucose; HDL; LDL,"Accepted Manuscript Title: Effects of pro-/synbiotic supplementation on anthropometric and metabolic indices in overweight or obese children and adolescents: a systematic review and meta-analysis Authors: Hamed Mohammadi, Abed Ghavami, Amir Hadi, Gholamreza Askari, Michael Symonds, Maryam Miraghajani PII: S0965-2299(19)30339-5 DOI: https://doi.org/10.1016/j.ctim.2019.05.008 Reference: YCTIM 2104 To appear in: Complementary Therapies in Medicine Received date: 11 March 2019 Accepted date: 7 May 2019 Please cite this article as: Mohammadi H, Ghavami A, Hadi A, Askari G, Symonds M, Miraghajani M, Effects of pro-/synbiotic supplementation on anthropometric and metabolic indices in overweight or obese children and adolescents: a systematic review and meta-analysis, Complementary Therapies in Medicine (2019), https://doi.org/10.1016/j.ctim.2019.05.008 This is a PDF ﬁle of an unedited manuscrip"
PMID:31126565,PubMed,31126565,Effects of pro-/synbiotic supplementation on anthropometric and metabolic indices in overweight or obese children and adolescents: A systematic review and meta-analysis.,microbiome,"However, subgroup analysis by intervention type revealed a significant reduction of BMI z-score in synbiotic subgroups.; Based on our findings, modulation of gut microbiota composition through pro-/ synbiotic supplements did not have favorable effects to manage overweight or obese children and adolescents.",,,,,,,,410 subjects,detail_hint,supplement_queue,pending,,Effects of pro-_synbiotic supplementation on anthropometric and metabolic indices in overweight or obese children and adolescent(科研通-ablesci.com) (1).pdf,1.000,24,synbiotic supplementation on anthropometric and metabolic indices in overweight or obese; synbiotic did not affect the anthropometric and metabolic indices. ACCEPTED MANUSCRIPT 2; Synbiotic supplementation can decrease BMI z -score in overweight or obese children and a; synbiotic subgroups. Conclusion; synbiotic supplements did not have favorable effects t o manage overweight or obese child; synbiotic; probiotic; probiotic and prebiotic synergistically. Prebiotics contain a group of fermentable dietar,16 weeks; 4 weeks; 8 weeks,,410 subjects; 5 participants; n=2; 215 subjects,BMI; waist circumference; body fat; cholesterol; microbiota; body mass index; glucose; HDL; LDL,"Accepted Manuscript Title: Effects of pro-/synbiotic supplementation on anthropometric and metabolic indices in overweight or obese children and adolescents: a systematic review and meta-analysis Authors: Hamed Mohammadi, Abed Ghavami, Amir Hadi, Gholamreza Askari, Michael Symonds, Maryam Miraghajani PII: S0965-2299(19)30339-5 DOI: https://doi.org/10.1016/j.ctim.2019.05.008 Reference: YCTIM 2104 To appear in: Complementary Therapies in Medicine Received date: 11 March 2019 Accepted date: 7 May 2019 Please cite this article as: Mohammadi H, Ghavami A, Hadi A, Askari G, Symonds M, Miraghajani M, Effects of pro-/synbiotic supplementation on anthropometric and metabolic indices in overweight or obese children and adolescents: a systematic review and meta-analysis, Complementary Therapies in Medicine (2019), https://doi.org/10.1016/j.ctim.2019.05.008 This is a PDF ﬁle of an unedited manuscrip"
EUROPEPMC:40416368,PubMed,40416368,Effect of,weight,Effect of Probiotic supplementation is a safe and effective way to reduce overweight and obesity by regulating the gut microbiota.,P < 0.01; P < 0.05,,,,,,,,detail_hint,expansion_queue,pending,,5.pdf,0.616,10,,,,,,
EUROPEPMC:40416368,PubMed,40416368,Effect of,lipid,"This study aimed to assess the effects of BC99 on the gut microbiota, body weight and lipid profiles of overweight and obese individuals.; A total of 66 adult individuals were randomly assigned to a probiotic group (supplemented with 5 × 109 colony-forming units of BC99 per day along with 3 g of maltodextrin) and placebo group (supplemented with 3 g of maltodextrin daily) in a 1:1 ratio.; After 8 weeks of oral administration, BC99 intervention significantly decreased the body weight of overweigh",P < 0.01; P < 0.05,,,,,,,,detail_hint,expansion_queue,pending,,5.pdf,0.616,10,,,,,,
EUROPEPMC:40416368,PubMed,40416368,Effect of,microbiome,Effect of Probiotic supplementation is a safe and effective way to reduce overweight and obesity by regulating the gut microbiota.,P < 0.01; P < 0.05,,,,,,,,detail_hint,expansion_queue,pending,,5.pdf,0.616,10,,,,,,
PMID:41659802,PubMed,41659802,Effects of modified fasting therapy on tongue coating and gut microbiome in overweight and obese adults: a controlled clinical trial.,weight,"Caloric restriction facilitates weight loss and metabolic improvement, in part by altering the gut microbiota.",p < 0.01; p < 0.05,,,,,,,48 participants; n = 35; n = 13,detail_hint,expansion_queue,pending,,fnut-12-1686416.pdf,1.000,17,,3 days; 2 days,,48 participants; n = 35; n = 13; 48 patients,microbiota; body mass index; BMI; body weight; glucose; insulin; HOMA-IR,"Frontiers in Nutrition 01 frontiersin.org Effects of modified fasting therapy on tongue coating and gut microbiome in overweight and obese adults: a controlled clinical trial Dongkai Zeng †, Tingying Zhang †, Yunling Zhu , Jiahao Feng , Ziheng Ye , Jin Zhao , Peng Huang , Li Zhang * and Taoli Liu * Traditional Chinese Medicine Department, The Seventh Affiliated Hospital of Sun Yat-sen University, Shenzhen, China Introduction: Caloric restriction facilitates weight loss and metabolic improvement, in part by altering the gut microbiota. However, its influence via the tongue coating microbiota and gut microbiota remains largely unexplored. Methods: To address this gap, we conducted a single-center, prospective, controlled study from 23 April to 5 July 2021, enrolling 48 participants with a body mass index (BMI) ≥ 24 kg/m2. Participants were assigned to either a 7-day modified fasting group "
PMID:41659802,PubMed,41659802,Effects of modified fasting therapy on tongue coating and gut microbiome in overweight and obese adults: a controlled clinical trial.,BMI,"Participants were assigned to either a 7-day modified fasting group (550 kcal/day, n = 35) or a control group (n = 13) based on their personal preference.; In the fasting group, body weight decreased by 4.0 ± 1.6 kg (p < 0.01), BMI decreased by 1.51 ± 0.58 (p < 0.01), significantly, accompanied by marked improvements in blood glucose and lipid profiles (p < 0.05).",p < 0.01; p < 0.05,,,,,,,48 participants; n = 35; n = 13,detail_hint,expansion_queue,pending,,fnut-12-1686416.pdf,1.000,17,,3 days; 2 days,,48 participants; n = 35; n = 13; 48 patients,microbiota; body mass index; BMI; body weight; glucose; insulin; HOMA-IR,"Frontiers in Nutrition 01 frontiersin.org Effects of modified fasting therapy on tongue coating and gut microbiome in overweight and obese adults: a controlled clinical trial Dongkai Zeng †, Tingying Zhang †, Yunling Zhu , Jiahao Feng , Ziheng Ye , Jin Zhao , Peng Huang , Li Zhang * and Taoli Liu * Traditional Chinese Medicine Department, The Seventh Affiliated Hospital of Sun Yat-sen University, Shenzhen, China Introduction: Caloric restriction facilitates weight loss and metabolic improvement, in part by altering the gut microbiota. However, its influence via the tongue coating microbiota and gut microbiota remains largely unexplored. Methods: To address this gap, we conducted a single-center, prospective, controlled study from 23 April to 5 July 2021, enrolling 48 participants with a body mass index (BMI) ≥ 24 kg/m2. Participants were assigned to either a 7-day modified fasting group "
PMID:41659802,PubMed,41659802,Effects of modified fasting therapy on tongue coating and gut microbiome in overweight and obese adults: a controlled clinical trial.,glucose,"Participants were assigned to either a 7-day modified fasting group (550 kcal/day, n = 35) or a control group (n = 13) based on their personal preference.; In the fasting group, body weight decreased by 4.0 ± 1.6 kg (p < 0.01), BMI decreased by 1.51 ± 0.58 (p < 0.01), significantly, accompanied by marked improvements in blood glucose and lipid profiles (p < 0.05).",p < 0.01; p < 0.05,,,,,,,48 participants; n = 35; n = 13,detail_hint,expansion_queue,pending,,fnut-12-1686416.pdf,1.000,17,,3 days; 2 days,,48 participants; n = 35; n = 13; 48 patients,microbiota; body mass index; BMI; body weight; glucose; insulin; HOMA-IR,"Frontiers in Nutrition 01 frontiersin.org Effects of modified fasting therapy on tongue coating and gut microbiome in overweight and obese adults: a controlled clinical trial Dongkai Zeng †, Tingying Zhang †, Yunling Zhu , Jiahao Feng , Ziheng Ye , Jin Zhao , Peng Huang , Li Zhang * and Taoli Liu * Traditional Chinese Medicine Department, The Seventh Affiliated Hospital of Sun Yat-sen University, Shenzhen, China Introduction: Caloric restriction facilitates weight loss and metabolic improvement, in part by altering the gut microbiota. However, its influence via the tongue coating microbiota and gut microbiota remains largely unexplored. Methods: To address this gap, we conducted a single-center, prospective, controlled study from 23 April to 5 July 2021, enrolling 48 participants with a body mass index (BMI) ≥ 24 kg/m2. Participants were assigned to either a 7-day modified fasting group "
PMID:41659802,PubMed,41659802,Effects of modified fasting therapy on tongue coating and gut microbiome in overweight and obese adults: a controlled clinical trial.,lipid,"Participants were assigned to either a 7-day modified fasting group (550 kcal/day, n = 35) or a control group (n = 13) based on their personal preference.; In the fasting group, body weight decreased by 4.0 ± 1.6 kg (p < 0.01), BMI decreased by 1.51 ± 0.58 (p < 0.01), significantly, accompanied by marked improvements in blood glucose and lipid profiles (p < 0.05).",p < 0.01; p < 0.05,,,,,,,48 participants; n = 35; n = 13,detail_hint,expansion_queue,pending,,fnut-12-1686416.pdf,1.000,17,,3 days; 2 days,,48 participants; n = 35; n = 13; 48 patients,microbiota; body mass index; BMI; body weight; glucose; insulin; HOMA-IR,"Frontiers in Nutrition 01 frontiersin.org Effects of modified fasting therapy on tongue coating and gut microbiome in overweight and obese adults: a controlled clinical trial Dongkai Zeng †, Tingying Zhang †, Yunling Zhu , Jiahao Feng , Ziheng Ye , Jin Zhao , Peng Huang , Li Zhang * and Taoli Liu * Traditional Chinese Medicine Department, The Seventh Affiliated Hospital of Sun Yat-sen University, Shenzhen, China Introduction: Caloric restriction facilitates weight loss and metabolic improvement, in part by altering the gut microbiota. However, its influence via the tongue coating microbiota and gut microbiota remains largely unexplored. Methods: To address this gap, we conducted a single-center, prospective, controlled study from 23 April to 5 July 2021, enrolling 48 participants with a body mass index (BMI) ≥ 24 kg/m2. Participants were assigned to either a 7-day modified fasting group "
PMID:41659802,PubMed,41659802,Effects of modified fasting therapy on tongue coating and gut microbiome in overweight and obese adults: a controlled clinical trial.,microbiome,"Caloric restriction facilitates weight loss and metabolic improvement, in part by altering the gut microbiota.",p < 0.01; p < 0.05,,,,,,,48 participants; n = 35; n = 13,detail_hint,expansion_queue,pending,,fnut-12-1686416.pdf,1.000,17,,3 days; 2 days,,48 participants; n = 35; n = 13; 48 patients,microbiota; body mass index; BMI; body weight; glucose; insulin; HOMA-IR,"Frontiers in Nutrition 01 frontiersin.org Effects of modified fasting therapy on tongue coating and gut microbiome in overweight and obese adults: a controlled clinical trial Dongkai Zeng †, Tingying Zhang †, Yunling Zhu , Jiahao Feng , Ziheng Ye , Jin Zhao , Peng Huang , Li Zhang * and Taoli Liu * Traditional Chinese Medicine Department, The Seventh Affiliated Hospital of Sun Yat-sen University, Shenzhen, China Introduction: Caloric restriction facilitates weight loss and metabolic improvement, in part by altering the gut microbiota. However, its influence via the tongue coating microbiota and gut microbiota remains largely unexplored. Methods: To address this gap, we conducted a single-center, prospective, controlled study from 23 April to 5 July 2021, enrolling 48 participants with a body mass index (BMI) ≥ 24 kg/m2. Participants were assigned to either a 7-day modified fasting group "
PMID:39664910,PubMed,39664910,Effect of synbiotic supplementation on obesity and gut microbiota in obese adults: a double-blind randomized controlled trial.,waist,"Body composition, blood lipids, serum hormone, bile acids, and gut microbiota were measured pre-and post-intervention.; Synbiotics supplementation significantly decreased body fat percentage, waist, and serum low-density lipoprotein cholesterol (LDL-C), increased peptide YY, cholecystokinin, oxyntomodulin, GSH (glutathione peroxidase) in individuals with obesity.",,,,,,,,80 individuals,detail_hint,expansion_queue,pending,,fnut-11-1510318.pdf,1.000,11,synbiotic supplementation on obesity and gut microbiota in obese adults; Bifidobacterium animalis subsp. lactis MN-Gup; synbiotic supplementation led to an enrichment of beneficial bacteria and bile acids chen; Bifidobacterium and Romboutsia were significantly positively correlated with CDCA. A more favor; inulin; polydextrose are commonly combined with probiotics to form synbiotics; Lactobacillus acidophilus; Bifidobacterium lactis,12 weeks; 4 weeks; 1 month; 3 months,"1 × 1011 CFU/day, GOS 0.7 g/da; 1 × 10 11 CFU/day, GOS 0.7 g/da",,microbiota; body fat; cholesterol; LDL; glucose; body mass index; BMI; Waist circumference; triglycerides; HDL,"Frontiers in Nutrition 01 frontiersin.org Effect of synbiotic supplementation on obesity and gut microbiota in obese adults: a double-blind randomized controlled trial Xiaokang Niu 1†, Qi Zhang 2†, Julong Liu 3†, Yuyang Zhao 1, Nan Shang 1, Shusen Li 3, Yinghua Liu 4, Wei Xiong 5, Erna Sun 3, Yong Zhang 4, Hongfeng Zhao 3, Yixuan Li 1, Pengjie Wang 1, Bing Fang 2, Liang Zhao 2, Juan Chen 1, Fuqing Wang 6, Guofang Pang 7, Chenyuan Wang 3*, Jingjing He 2* and Ran Wang 1* 1 Key Laboratory of Functional Dairy, Co-Constructed by Ministry of Education and Beijing Government, Department of Nutrition and Health, China Agricultural University, Beijing, China, 2 Research Center for Probiotics, China Agricultural University, Beijing, China, 3 Mengniu Hi-Tech Dairy Product Beijing Co., Ltd., Beijing, China, 4 Department of Nutrition, The First Medical Center of Chinese PLA General Hospital, Beijing,"
PMID:39664910,PubMed,39664910,Effect of synbiotic supplementation on obesity and gut microbiota in obese adults: a double-blind randomized controlled trial.,body_fat,"Body composition, blood lipids, serum hormone, bile acids, and gut microbiota were measured pre-and post-intervention.; Synbiotics supplementation significantly decreased body fat percentage, waist, and serum low-density lipoprotein cholesterol (LDL-C), increased peptide YY, cholecystokinin, oxyntomodulin, GSH (glutathione peroxidase) in individuals with obesity.",,,,,,,,80 individuals,detail_hint,expansion_queue,pending,,fnut-11-1510318.pdf,1.000,11,synbiotic supplementation on obesity and gut microbiota in obese adults; Bifidobacterium animalis subsp. lactis MN-Gup; synbiotic supplementation led to an enrichment of beneficial bacteria and bile acids chen; Bifidobacterium and Romboutsia were significantly positively correlated with CDCA. A more favor; inulin; polydextrose are commonly combined with probiotics to form synbiotics; Lactobacillus acidophilus; Bifidobacterium lactis,12 weeks; 4 weeks; 1 month; 3 months,"1 × 1011 CFU/day, GOS 0.7 g/da; 1 × 10 11 CFU/day, GOS 0.7 g/da",,microbiota; body fat; cholesterol; LDL; glucose; body mass index; BMI; Waist circumference; triglycerides; HDL,"Frontiers in Nutrition 01 frontiersin.org Effect of synbiotic supplementation on obesity and gut microbiota in obese adults: a double-blind randomized controlled trial Xiaokang Niu 1†, Qi Zhang 2†, Julong Liu 3†, Yuyang Zhao 1, Nan Shang 1, Shusen Li 3, Yinghua Liu 4, Wei Xiong 5, Erna Sun 3, Yong Zhang 4, Hongfeng Zhao 3, Yixuan Li 1, Pengjie Wang 1, Bing Fang 2, Liang Zhao 2, Juan Chen 1, Fuqing Wang 6, Guofang Pang 7, Chenyuan Wang 3*, Jingjing He 2* and Ran Wang 1* 1 Key Laboratory of Functional Dairy, Co-Constructed by Ministry of Education and Beijing Government, Department of Nutrition and Health, China Agricultural University, Beijing, China, 2 Research Center for Probiotics, China Agricultural University, Beijing, China, 3 Mengniu Hi-Tech Dairy Product Beijing Co., Ltd., Beijing, China, 4 Department of Nutrition, The First Medical Center of Chinese PLA General Hospital, Beijing,"
PMID:39664910,PubMed,39664910,Effect of synbiotic supplementation on obesity and gut microbiota in obese adults: a double-blind randomized controlled trial.,lipid,"Body composition, blood lipids, serum hormone, bile acids, and gut microbiota were measured pre-and post-intervention.; Synbiotics supplementation significantly decreased body fat percentage, waist, and serum low-density lipoprotein cholesterol (LDL-C), increased peptide YY, cholecystokinin, oxyntomodulin, GSH (glutathione peroxidase) in individuals with obesity.",,,,,,,,80 individuals,detail_hint,expansion_queue,pending,,fnut-11-1510318.pdf,1.000,11,synbiotic supplementation on obesity and gut microbiota in obese adults; Bifidobacterium animalis subsp. lactis MN-Gup; synbiotic supplementation led to an enrichment of beneficial bacteria and bile acids chen; Bifidobacterium and Romboutsia were significantly positively correlated with CDCA. A more favor; inulin; polydextrose are commonly combined with probiotics to form synbiotics; Lactobacillus acidophilus; Bifidobacterium lactis,12 weeks; 4 weeks; 1 month; 3 months,"1 × 1011 CFU/day, GOS 0.7 g/da; 1 × 10 11 CFU/day, GOS 0.7 g/da",,microbiota; body fat; cholesterol; LDL; glucose; body mass index; BMI; Waist circumference; triglycerides; HDL,"Frontiers in Nutrition 01 frontiersin.org Effect of synbiotic supplementation on obesity and gut microbiota in obese adults: a double-blind randomized controlled trial Xiaokang Niu 1†, Qi Zhang 2†, Julong Liu 3†, Yuyang Zhao 1, Nan Shang 1, Shusen Li 3, Yinghua Liu 4, Wei Xiong 5, Erna Sun 3, Yong Zhang 4, Hongfeng Zhao 3, Yixuan Li 1, Pengjie Wang 1, Bing Fang 2, Liang Zhao 2, Juan Chen 1, Fuqing Wang 6, Guofang Pang 7, Chenyuan Wang 3*, Jingjing He 2* and Ran Wang 1* 1 Key Laboratory of Functional Dairy, Co-Constructed by Ministry of Education and Beijing Government, Department of Nutrition and Health, China Agricultural University, Beijing, China, 2 Research Center for Probiotics, China Agricultural University, Beijing, China, 3 Mengniu Hi-Tech Dairy Product Beijing Co., Ltd., Beijing, China, 4 Department of Nutrition, The First Medical Center of Chinese PLA General Hospital, Beijing,"
PMID:39664910,PubMed,39664910,Effect of synbiotic supplementation on obesity and gut microbiota in obese adults: a double-blind randomized controlled trial.,microbiome,"Body composition, blood lipids, serum hormone, bile acids, and gut microbiota were measured pre-and post-intervention.; Synbiotics supplementation significantly decreased body fat percentage, waist, and serum low-density lipoprotein cholesterol (LDL-C), increased peptide YY, cholecystokinin, oxyntomodulin, GSH (glutathione peroxidase) in individuals with obesity.",,,,,,,,80 individuals,detail_hint,expansion_queue,pending,,fnut-11-1510318.pdf,1.000,11,synbiotic supplementation on obesity and gut microbiota in obese adults; Bifidobacterium animalis subsp. lactis MN-Gup; synbiotic supplementation led to an enrichment of beneficial bacteria and bile acids chen; Bifidobacterium and Romboutsia were significantly positively correlated with CDCA. A more favor; inulin; polydextrose are commonly combined with probiotics to form synbiotics; Lactobacillus acidophilus; Bifidobacterium lactis,12 weeks; 4 weeks; 1 month; 3 months,"1 × 1011 CFU/day, GOS 0.7 g/da; 1 × 10 11 CFU/day, GOS 0.7 g/da",,microbiota; body fat; cholesterol; LDL; glucose; body mass index; BMI; Waist circumference; triglycerides; HDL,"Frontiers in Nutrition 01 frontiersin.org Effect of synbiotic supplementation on obesity and gut microbiota in obese adults: a double-blind randomized controlled trial Xiaokang Niu 1†, Qi Zhang 2†, Julong Liu 3†, Yuyang Zhao 1, Nan Shang 1, Shusen Li 3, Yinghua Liu 4, Wei Xiong 5, Erna Sun 3, Yong Zhang 4, Hongfeng Zhao 3, Yixuan Li 1, Pengjie Wang 1, Bing Fang 2, Liang Zhao 2, Juan Chen 1, Fuqing Wang 6, Guofang Pang 7, Chenyuan Wang 3*, Jingjing He 2* and Ran Wang 1* 1 Key Laboratory of Functional Dairy, Co-Constructed by Ministry of Education and Beijing Government, Department of Nutrition and Health, China Agricultural University, Beijing, China, 2 Research Center for Probiotics, China Agricultural University, Beijing, China, 3 Mengniu Hi-Tech Dairy Product Beijing Co., Ltd., Beijing, China, 4 Department of Nutrition, The First Medical Center of Chinese PLA General Hospital, Beijing,"
NCT:NCT04886778,ClinicalTrials.gov,NCT04886778,Efficacy and Safety of Low-Carbohydrate Diet Combined With Probiotics for Weight Loss in Male Obese Patients.,weight,Phased changes in body weight at 4th and 8th weeks.; Phased changes in body mass index at 4th and 8th weeks.; Changes in fasting blood glucose.; Changes in fasting insulin.; Changes in insulin resistance index (HOMA-IR) .; Changes in waist circumference.; Changes in waist-to-hip ratio.; Changes in triglycerides in the blood.; Changes in total cholesterol in the blood.; Changes in low-density lipoprotein in the blood.; Changes in high-density lipoprotein in the blood.; Changes in body fat percent,,,,,,,,44,detail_hint,expansion_queue,pending,,NCT04886778.csv,1.000,csv,probiotic strains may play a different role in the same species. Therefore; Lactobacillus reuteri PLBK1; Lactobacillus reuteri PLBK2; Lactobacillus gasseri PLBK3; Lactobacillus acidophilus PLBK4; Bifidobacterium lactis PLBK5; Probiotic compound preparations,12 weeks,,,microbiota; glucose; insulin; body fat; body weight; Body mass index; BMI; HOMA-IR; waist circumference; triglycerides; cholesterol,"NCT Number,Study Title,Study URL,Acronym,Study Status,Brief Summary,Study Results,Conditions,Interventions,Primary Outcome Measures,Secondary Outcome Measures,Other Outcome Measures,Sponsor,Collaborators,Sex,Age,Phases,Enrollment,Funder Type,Study Type,Study Design,Other IDs,Start Date,Primary Completion Date,Completion Date,First Posted,Results First Posted,Last Update Posted,Locations,Study Documents NCT04886778,Efficacy and Safety of Low-Carbohydrate Diet Combined With Probiotics for Weight Loss in Male Obese Patients.,https://clinicaltrials.gov/study/NCT04886778,,COMPLETED,""Over the years, increasing obesity prevalence represents an important threat to national and global public health. Many strategies studied for weight loss have reported that low-carbohydrate diets showed beneficial effects on weight loss for obese patients. However, individual weight losses have varied widely with"
NCT:NCT04886778,ClinicalTrials.gov,NCT04886778,Efficacy and Safety of Low-Carbohydrate Diet Combined With Probiotics for Weight Loss in Male Obese Patients.,BMI,Phased changes in body weight at 4th and 8th weeks.; Phased changes in body mass index at 4th and 8th weeks.; Changes in fasting blood glucose.; Changes in fasting insulin.; Changes in insulin resistance index (HOMA-IR) .; Changes in waist circumference.; Changes in waist-to-hip ratio.; Changes in triglycerides in the blood.; Changes in total cholesterol in the blood.; Changes in low-density lipoprotein in the blood.; Changes in high-density lipoprotein in the blood.; Changes in body fat percent,,,,,,,,44,detail_hint,expansion_queue,pending,,NCT04886778.csv,1.000,csv,probiotic strains may play a different role in the same species. Therefore; Lactobacillus reuteri PLBK1; Lactobacillus reuteri PLBK2; Lactobacillus gasseri PLBK3; Lactobacillus acidophilus PLBK4; Bifidobacterium lactis PLBK5; Probiotic compound preparations,12 weeks,,,microbiota; glucose; insulin; body fat; body weight; Body mass index; BMI; HOMA-IR; waist circumference; triglycerides; cholesterol,"NCT Number,Study Title,Study URL,Acronym,Study Status,Brief Summary,Study Results,Conditions,Interventions,Primary Outcome Measures,Secondary Outcome Measures,Other Outcome Measures,Sponsor,Collaborators,Sex,Age,Phases,Enrollment,Funder Type,Study Type,Study Design,Other IDs,Start Date,Primary Completion Date,Completion Date,First Posted,Results First Posted,Last Update Posted,Locations,Study Documents NCT04886778,Efficacy and Safety of Low-Carbohydrate Diet Combined With Probiotics for Weight Loss in Male Obese Patients.,https://clinicaltrials.gov/study/NCT04886778,,COMPLETED,""Over the years, increasing obesity prevalence represents an important threat to national and global public health. Many strategies studied for weight loss have reported that low-carbohydrate diets showed beneficial effects on weight loss for obese patients. However, individual weight losses have varied widely with"
NCT:NCT04886778,ClinicalTrials.gov,NCT04886778,Efficacy and Safety of Low-Carbohydrate Diet Combined With Probiotics for Weight Loss in Male Obese Patients.,waist,Phased changes in body weight at 4th and 8th weeks.; Phased changes in body mass index at 4th and 8th weeks.; Changes in fasting blood glucose.; Changes in fasting insulin.; Changes in insulin resistance index (HOMA-IR) .; Changes in waist circumference.; Changes in waist-to-hip ratio.; Changes in triglycerides in the blood.; Changes in total cholesterol in the blood.; Changes in low-density lipoprotein in the blood.; Changes in high-density lipoprotein in the blood.; Changes in body fat percent,,,,,,,,44,detail_hint,expansion_queue,pending,,NCT04886778.csv,1.000,csv,probiotic strains may play a different role in the same species. Therefore; Lactobacillus reuteri PLBK1; Lactobacillus reuteri PLBK2; Lactobacillus gasseri PLBK3; Lactobacillus acidophilus PLBK4; Bifidobacterium lactis PLBK5; Probiotic compound preparations,12 weeks,,,microbiota; glucose; insulin; body fat; body weight; Body mass index; BMI; HOMA-IR; waist circumference; triglycerides; cholesterol,"NCT Number,Study Title,Study URL,Acronym,Study Status,Brief Summary,Study Results,Conditions,Interventions,Primary Outcome Measures,Secondary Outcome Measures,Other Outcome Measures,Sponsor,Collaborators,Sex,Age,Phases,Enrollment,Funder Type,Study Type,Study Design,Other IDs,Start Date,Primary Completion Date,Completion Date,First Posted,Results First Posted,Last Update Posted,Locations,Study Documents NCT04886778,Efficacy and Safety of Low-Carbohydrate Diet Combined With Probiotics for Weight Loss in Male Obese Patients.,https://clinicaltrials.gov/study/NCT04886778,,COMPLETED,""Over the years, increasing obesity prevalence represents an important threat to national and global public health. Many strategies studied for weight loss have reported that low-carbohydrate diets showed beneficial effects on weight loss for obese patients. However, individual weight losses have varied widely with"
NCT:NCT04886778,ClinicalTrials.gov,NCT04886778,Efficacy and Safety of Low-Carbohydrate Diet Combined With Probiotics for Weight Loss in Male Obese Patients.,body_fat,Phased changes in body weight at 4th and 8th weeks.; Phased changes in body mass index at 4th and 8th weeks.; Changes in fasting blood glucose.; Changes in fasting insulin.; Changes in insulin resistance index (HOMA-IR) .; Changes in waist circumference.; Changes in waist-to-hip ratio.; Changes in triglycerides in the blood.; Changes in total cholesterol in the blood.; Changes in low-density lipoprotein in the blood.; Changes in high-density lipoprotein in the blood.; Changes in body fat percent,,,,,,,,44,detail_hint,expansion_queue,pending,,NCT04886778.csv,1.000,csv,probiotic strains may play a different role in the same species. Therefore; Lactobacillus reuteri PLBK1; Lactobacillus reuteri PLBK2; Lactobacillus gasseri PLBK3; Lactobacillus acidophilus PLBK4; Bifidobacterium lactis PLBK5; Probiotic compound preparations,12 weeks,,,microbiota; glucose; insulin; body fat; body weight; Body mass index; BMI; HOMA-IR; waist circumference; triglycerides; cholesterol,"NCT Number,Study Title,Study URL,Acronym,Study Status,Brief Summary,Study Results,Conditions,Interventions,Primary Outcome Measures,Secondary Outcome Measures,Other Outcome Measures,Sponsor,Collaborators,Sex,Age,Phases,Enrollment,Funder Type,Study Type,Study Design,Other IDs,Start Date,Primary Completion Date,Completion Date,First Posted,Results First Posted,Last Update Posted,Locations,Study Documents NCT04886778,Efficacy and Safety of Low-Carbohydrate Diet Combined With Probiotics for Weight Loss in Male Obese Patients.,https://clinicaltrials.gov/study/NCT04886778,,COMPLETED,""Over the years, increasing obesity prevalence represents an important threat to national and global public health. Many strategies studied for weight loss have reported that low-carbohydrate diets showed beneficial effects on weight loss for obese patients. However, individual weight losses have varied widely with"
NCT:NCT04886778,ClinicalTrials.gov,NCT04886778,Efficacy and Safety of Low-Carbohydrate Diet Combined With Probiotics for Weight Loss in Male Obese Patients.,glucose,Phased changes in body weight at 4th and 8th weeks.; Phased changes in body mass index at 4th and 8th weeks.; Changes in fasting blood glucose.; Changes in fasting insulin.; Changes in insulin resistance index (HOMA-IR) .; Changes in waist circumference.; Changes in waist-to-hip ratio.; Changes in triglycerides in the blood.; Changes in total cholesterol in the blood.; Changes in low-density lipoprotein in the blood.; Changes in high-density lipoprotein in the blood.; Changes in body fat percent,,,,,,,,44,detail_hint,expansion_queue,pending,,NCT04886778.csv,1.000,csv,probiotic strains may play a different role in the same species. Therefore; Lactobacillus reuteri PLBK1; Lactobacillus reuteri PLBK2; Lactobacillus gasseri PLBK3; Lactobacillus acidophilus PLBK4; Bifidobacterium lactis PLBK5; Probiotic compound preparations,12 weeks,,,microbiota; glucose; insulin; body fat; body weight; Body mass index; BMI; HOMA-IR; waist circumference; triglycerides; cholesterol,"NCT Number,Study Title,Study URL,Acronym,Study Status,Brief Summary,Study Results,Conditions,Interventions,Primary Outcome Measures,Secondary Outcome Measures,Other Outcome Measures,Sponsor,Collaborators,Sex,Age,Phases,Enrollment,Funder Type,Study Type,Study Design,Other IDs,Start Date,Primary Completion Date,Completion Date,First Posted,Results First Posted,Last Update Posted,Locations,Study Documents NCT04886778,Efficacy and Safety of Low-Carbohydrate Diet Combined With Probiotics for Weight Loss in Male Obese Patients.,https://clinicaltrials.gov/study/NCT04886778,,COMPLETED,""Over the years, increasing obesity prevalence represents an important threat to national and global public health. Many strategies studied for weight loss have reported that low-carbohydrate diets showed beneficial effects on weight loss for obese patients. However, individual weight losses have varied widely with"
NCT:NCT04886778,ClinicalTrials.gov,NCT04886778,Efficacy and Safety of Low-Carbohydrate Diet Combined With Probiotics for Weight Loss in Male Obese Patients.,lipid,Phased changes in body weight at 4th and 8th weeks.; Phased changes in body mass index at 4th and 8th weeks.; Changes in fasting blood glucose.; Changes in fasting insulin.; Changes in insulin resistance index (HOMA-IR) .; Changes in waist circumference.; Changes in waist-to-hip ratio.; Changes in triglycerides in the blood.; Changes in total cholesterol in the blood.; Changes in low-density lipoprotein in the blood.; Changes in high-density lipoprotein in the blood.; Changes in body fat percent,,,,,,,,44,detail_hint,expansion_queue,pending,,NCT04886778.csv,1.000,csv,probiotic strains may play a different role in the same species. Therefore; Lactobacillus reuteri PLBK1; Lactobacillus reuteri PLBK2; Lactobacillus gasseri PLBK3; Lactobacillus acidophilus PLBK4; Bifidobacterium lactis PLBK5; Probiotic compound preparations,12 weeks,,,microbiota; glucose; insulin; body fat; body weight; Body mass index; BMI; HOMA-IR; waist circumference; triglycerides; cholesterol,"NCT Number,Study Title,Study URL,Acronym,Study Status,Brief Summary,Study Results,Conditions,Interventions,Primary Outcome Measures,Secondary Outcome Measures,Other Outcome Measures,Sponsor,Collaborators,Sex,Age,Phases,Enrollment,Funder Type,Study Type,Study Design,Other IDs,Start Date,Primary Completion Date,Completion Date,First Posted,Results First Posted,Last Update Posted,Locations,Study Documents NCT04886778,Efficacy and Safety of Low-Carbohydrate Diet Combined With Probiotics for Weight Loss in Male Obese Patients.,https://clinicaltrials.gov/study/NCT04886778,,COMPLETED,""Over the years, increasing obesity prevalence represents an important threat to national and global public health. Many strategies studied for weight loss have reported that low-carbohydrate diets showed beneficial effects on weight loss for obese patients. However, individual weight losses have varied widely with"
PMID:34115318,PubMed,34115318,"The Effects of Limosilactobacillus reuteri LR-99 Supplementation on Body Mass Index, Social Communication, Fine Motor Function, and Gut Microbiome Composition in Individuals with Prader-Willi Syndrome: a Randomized Double-Blinded Placebo-Controlled Trial.",weight,Altered gut microbiota was observed in the probiotic group to favor weight loss and improve gut health.,P < 0.05,,,,,,,71 individuals,detail_hint,expansion_queue,pending,,,,,,,,,,
PMID:34115318,PubMed,34115318,"The Effects of Limosilactobacillus reuteri LR-99 Supplementation on Body Mass Index, Social Communication, Fine Motor Function, and Gut Microbiome Composition in Individuals with Prader-Willi Syndrome: a Randomized Double-Blinded Placebo-Controlled Trial.",BMI,We found a significant reduction in BMI for the probiotic group at both 6 weeks and 12 weeks relative to the baseline (P < 0.05).,P < 0.05,,,,,,,71 individuals,detail_hint,expansion_queue,pending,,,,,,,,,,
PMID:34115318,PubMed,34115318,"The Effects of Limosilactobacillus reuteri LR-99 Supplementation on Body Mass Index, Social Communication, Fine Motor Function, and Gut Microbiome Composition in Individuals with Prader-Willi Syndrome: a Randomized Double-Blinded Placebo-Controlled Trial.",microbiome,Altered gut microbiota was observed in the probiotic group to favor weight loss and improve gut health.,P < 0.05,,,,,,,71 individuals,detail_hint,expansion_queue,pending,,,,,,,,,,
EUROPEPMC:40827948,PubMed,40827948,Long-term efficacy of dapagliflozin combined with Bifidobacterium triple viable tablets on metabolic syndrome and gut microbiota in overweight/obese patients with type 2 diabetes.,weight,"Analyses used mixed-effects models (completers: 57 control, 58 experimental) and Spearman correlations.; The experimental group showed superior improvements in weight (-5.2 kg vs -3.1 kg), HbA1c (-1.8% vs -0.8%), LDL-C (-0.5 vs -0.3 mmol/L), HDL-C (+0.17 vs +0.07 mmol/L), and HOMA-IR (-1.2 vs -0.6) compared to controls (all P < 0.05).",P < 0.05; P < 0.001; P = 0.003; P = 0.001; P = 0.008; P = 0.041; P = 0.672,,,,,,,n = 60,detail_hint,expansion_queue,pending,,,,,,,,,,
EUROPEPMC:40827948,PubMed,40827948,Long-term efficacy of dapagliflozin combined with Bifidobacterium triple viable tablets on metabolic syndrome and gut microbiota in overweight/obese patients with type 2 diabetes.,glucose,"Analyses used mixed-effects models (completers: 57 control, 58 experimental) and Spearman correlations.; The experimental group showed superior improvements in weight (-5.2 kg vs -3.1 kg), HbA1c (-1.8% vs -0.8%), LDL-C (-0.5 vs -0.3 mmol/L), HDL-C (+0.17 vs +0.07 mmol/L), and HOMA-IR (-1.2 vs -0.6) compared to controls (all P < 0.05).",P < 0.05; P < 0.001; P = 0.003; P = 0.001; P = 0.008; P = 0.041; P = 0.672,,,,,,,n = 60,detail_hint,expansion_queue,pending,,,,,,,,,,
EUROPEPMC:40827948,PubMed,40827948,Long-term efficacy of dapagliflozin combined with Bifidobacterium triple viable tablets on metabolic syndrome and gut microbiota in overweight/obese patients with type 2 diabetes.,lipid,"SGLT2 inhibitors improve cardiorenal outcomes and may modulate gut microbiota, while specific probiotics demonstrate glycemic and lipid benefits.",P < 0.05; P < 0.001; P = 0.003; P = 0.001; P = 0.008; P = 0.041; P = 0.672,,,,,,,n = 60,detail_hint,expansion_queue,pending,,,,,,,,,,
EUROPEPMC:40827948,PubMed,40827948,Long-term efficacy of dapagliflozin combined with Bifidobacterium triple viable tablets on metabolic syndrome and gut microbiota in overweight/obese patients with type 2 diabetes.,microbiome,"SGLT2 inhibitors improve cardiorenal outcomes and may modulate gut microbiota, while specific probiotics demonstrate glycemic and lipid benefits.",P < 0.05; P < 0.001; P = 0.003; P = 0.001; P = 0.008; P = 0.041; P = 0.672,,,,,,,n = 60,detail_hint,expansion_queue,pending,,,,,,,,,,
PMID:41830022,PubMed,41830022,Green Tea Catechin Plus Inulin Improves Insulin Resistance Without Reducing Visceral Fat and Shows Exploratory Gut Microbiota Signals in Adults with Visceral Obesity: A Double-Blind Randomized Controlled Trial.,body_fat,Green Tea Catechin Plus Inulin Improves Insulin Resistance Without Reducing Visceral Fat and Shows Exploratory Gut Microbiota Signals in Adults with Visceral Obesity: A Double-Blind Randomized Controlled Trial.,p = 0.243; p = 0.020; p < 0.05; p = 0.010,,,,,,,n = 49; n = 47,detail_hint,expansion2_queue,pending,,nutrients-18-00851.pdf,1.000,15,Inulin Improves Insulin Resistance Without Reducing Visceral Fat and Shows Exploratory; inulin may improve metabolic health and modulate the gut microbiota; inulin beverage; inulin 2.3 g; inulin; inulin group and increased in the placebo group; Bifidobacterium showed nominal between-group differences; inulin for12 weeks Nutrients 2026,12 weeks; 6 weeks; 2 weeks; 3 months,,n = 49; n = 47,Insulin; Visceral Fat; Microbiota; BMI; HOMA-IR; body weight; body fat; LDL; cholesterol; glucose; HbA1c; waist circumference,"Academic Editors: Alina Kuryłowicz and Monika Stołyhwo-Gofron Received: 28 January 2026 Revised: 26 February 2026 Accepted: 3 March 2026 Published: 6 March 2026 Copyright: © 2026 by the authors. Licensee MDPI, Basel, Switzerland. This article is an open access article distributed under the terms and conditions of the Creative Commons Attribution (CC BY) license. Article Green Tea Catechin Plus Inulin Improves Insulin Resistance Without Reducing Visceral Fat and Shows Exploratory Gut Microbiota Signals in Adults with Visceral Obesity: A Double-Blind Randomized Controlled Trial Chikara Iino 1,* , Keita Mikami 1, Keisuke Furusawa 1, Satoshi Sato 1 , Kenta Yoshida 1 , Tohru Yamaguchi2,3 , Hiroto Bushita 2,3,4 , Keita Kinoshita 2,4 , Yuji Matsui 2,4 , Seiya Imoto 5 , Takuro Iwane 6, Yoshinori Tamada3 , Koichi Murashita 6, Shigeyuki Nakaji 7 , Tatsuya Mikami 7 and Hirotake Sakuraba 1 1 Departm"
PMID:41830022,PubMed,41830022,Green Tea Catechin Plus Inulin Improves Insulin Resistance Without Reducing Visceral Fat and Shows Exploratory Gut Microbiota Signals in Adults with Visceral Obesity: A Double-Blind Randomized Controlled Trial.,glucose,Green Tea Catechin Plus Inulin Improves Insulin Resistance Without Reducing Visceral Fat and Shows Exploratory Gut Microbiota Signals in Adults with Visceral Obesity: A Double-Blind Randomized Controlled Trial.,p = 0.243; p = 0.020; p < 0.05; p = 0.010,,,,,,,n = 49; n = 47,detail_hint,expansion2_queue,pending,,nutrients-18-00851.pdf,1.000,15,Inulin Improves Insulin Resistance Without Reducing Visceral Fat and Shows Exploratory; inulin may improve metabolic health and modulate the gut microbiota; inulin beverage; inulin 2.3 g; inulin; inulin group and increased in the placebo group; Bifidobacterium showed nominal between-group differences; inulin for12 weeks Nutrients 2026,12 weeks; 6 weeks; 2 weeks; 3 months,,n = 49; n = 47,Insulin; Visceral Fat; Microbiota; BMI; HOMA-IR; body weight; body fat; LDL; cholesterol; glucose; HbA1c; waist circumference,"Academic Editors: Alina Kuryłowicz and Monika Stołyhwo-Gofron Received: 28 January 2026 Revised: 26 February 2026 Accepted: 3 March 2026 Published: 6 March 2026 Copyright: © 2026 by the authors. Licensee MDPI, Basel, Switzerland. This article is an open access article distributed under the terms and conditions of the Creative Commons Attribution (CC BY) license. Article Green Tea Catechin Plus Inulin Improves Insulin Resistance Without Reducing Visceral Fat and Shows Exploratory Gut Microbiota Signals in Adults with Visceral Obesity: A Double-Blind Randomized Controlled Trial Chikara Iino 1,* , Keita Mikami 1, Keisuke Furusawa 1, Satoshi Sato 1 , Kenta Yoshida 1 , Tohru Yamaguchi2,3 , Hiroto Bushita 2,3,4 , Keita Kinoshita 2,4 , Yuji Matsui 2,4 , Seiya Imoto 5 , Takuro Iwane 6, Yoshinori Tamada3 , Koichi Murashita 6, Shigeyuki Nakaji 7 , Tatsuya Mikami 7 and Hirotake Sakuraba 1 1 Departm"
PMID:41830022,PubMed,41830022,Green Tea Catechin Plus Inulin Improves Insulin Resistance Without Reducing Visceral Fat and Shows Exploratory Gut Microbiota Signals in Adults with Visceral Obesity: A Double-Blind Randomized Controlled Trial.,microbiome,Green Tea Catechin Plus Inulin Improves Insulin Resistance Without Reducing Visceral Fat and Shows Exploratory Gut Microbiota Signals in Adults with Visceral Obesity: A Double-Blind Randomized Controlled Trial.,p = 0.243; p = 0.020; p < 0.05; p = 0.010,,,,,,,n = 49; n = 47,detail_hint,expansion2_queue,pending,,nutrients-18-00851.pdf,1.000,15,Inulin Improves Insulin Resistance Without Reducing Visceral Fat and Shows Exploratory; inulin may improve metabolic health and modulate the gut microbiota; inulin beverage; inulin 2.3 g; inulin; inulin group and increased in the placebo group; Bifidobacterium showed nominal between-group differences; inulin for12 weeks Nutrients 2026,12 weeks; 6 weeks; 2 weeks; 3 months,,n = 49; n = 47,Insulin; Visceral Fat; Microbiota; BMI; HOMA-IR; body weight; body fat; LDL; cholesterol; glucose; HbA1c; waist circumference,"Academic Editors: Alina Kuryłowicz and Monika Stołyhwo-Gofron Received: 28 January 2026 Revised: 26 February 2026 Accepted: 3 March 2026 Published: 6 March 2026 Copyright: © 2026 by the authors. Licensee MDPI, Basel, Switzerland. This article is an open access article distributed under the terms and conditions of the Creative Commons Attribution (CC BY) license. Article Green Tea Catechin Plus Inulin Improves Insulin Resistance Without Reducing Visceral Fat and Shows Exploratory Gut Microbiota Signals in Adults with Visceral Obesity: A Double-Blind Randomized Controlled Trial Chikara Iino 1,* , Keita Mikami 1, Keisuke Furusawa 1, Satoshi Sato 1 , Kenta Yoshida 1 , Tohru Yamaguchi2,3 , Hiroto Bushita 2,3,4 , Keita Kinoshita 2,4 , Yuji Matsui 2,4 , Seiya Imoto 5 , Takuro Iwane 6, Yoshinori Tamada3 , Koichi Murashita 6, Shigeyuki Nakaji 7 , Tatsuya Mikami 7 and Hirotake Sakuraba 1 1 Departm"
EUROPEPMC:37836532,PubMed,37836532,Effects of Synbiotic Supplementation on Metabolic Syndrome Traits and Gut Microbial Profile among Overweight and Obese Hong Kong Chinese Individuals: A Randomized Trial.,weight,Assessment of the metabolic syndrome traits and profiling of the fecal gut microbiota using 16S rRNA gene sequencing in overweight and obese Hong Kong Chinese individuals before and after dietary intervention with an 8-week increased consumption of fruits and vegetables and/or synbiotic supplementation was conducted.,,,,,,,,n = 19; n = 18,detail_hint,expansion2_queue,pending,,,,,,,,,,
EUROPEPMC:37836532,PubMed,37836532,Effects of Synbiotic Supplementation on Metabolic Syndrome Traits and Gut Microbial Profile among Overweight and Obese Hong Kong Chinese Individuals: A Randomized Trial.,glucose,"DSG showed the greatest weight loss effects and number of significant differences in clinical parameters compared to its baseline values-notably, decreases in fasting glucose, insulin, HOMA-IR, and triglycerides and an increase in HDL-cholesterol.",,,,,,,,n = 19; n = 18,detail_hint,expansion2_queue,pending,,,,,,,,,,
EUROPEPMC:37836532,PubMed,37836532,Effects of Synbiotic Supplementation on Metabolic Syndrome Traits and Gut Microbial Profile among Overweight and Obese Hong Kong Chinese Individuals: A Randomized Trial.,lipid,"DSG showed the greatest weight loss effects and number of significant differences in clinical parameters compared to its baseline values-notably, decreases in fasting glucose, insulin, HOMA-IR, and triglycerides and an increase in HDL-cholesterol.",,,,,,,,n = 19; n = 18,detail_hint,expansion2_queue,pending,,,,,,,,,,
EUROPEPMC:37836532,PubMed,37836532,Effects of Synbiotic Supplementation on Metabolic Syndrome Traits and Gut Microbial Profile among Overweight and Obese Hong Kong Chinese Individuals: A Randomized Trial.,microbiome,Assessment of the metabolic syndrome traits and profiling of the fecal gut microbiota using 16S rRNA gene sequencing in overweight and obese Hong Kong Chinese individuals before and after dietary intervention with an 8-week increased consumption of fruits and vegetables and/or synbiotic supplementation was conducted.,,,,,,,,n = 19; n = 18,detail_hint,expansion2_queue,pending,,,,,,,,,,
PMID:27221805,PubMed,27221805,Effect of fragmented Lactobacillus amylovorus CP1563 on lipid metabolism in overweight and mildly obese individuals: a randomized controlled trial.,body_fat,"In total, 197 subjects completed the study without any adverse effects.; Body fat percentage, whole body fat, and visceral fat were significantly decreased in the test group compared with the placebo group (p<0.001, p<0.001, and p<0.001, respectively).",p<0.001; p=0.004,,,,,,,200 participants; 197 subjects,detail_hint,expansion2_queue,pending,,,,,,,,,,
PMID:27221805,PubMed,27221805,Effect of fragmented Lactobacillus amylovorus CP1563 on lipid metabolism in overweight and mildly obese individuals: a randomized controlled trial.,glucose,"Additionally, significant differences in the changes in blood glucose, insulin, homeostasis model assessment-insulin resistance (HOMA-IR), and uric acid were observed between the two groups (p<0.001, p=0.004, p<0.001, and p<0.001, respectively).",p<0.001; p=0.004,,,,,,,200 participants; 197 subjects,detail_hint,expansion2_queue,pending,,,,,,,,,,
PMID:27221805,PubMed,27221805,Effect of fragmented Lactobacillus amylovorus CP1563 on lipid metabolism in overweight and mildly obese individuals: a randomized controlled trial.,lipid,"Triglycerides, total cholesterol, LDL-cholesterol, and diastolic blood pressure showed significant reductions in the test group compared with the placebo group (p<0.001, p<0.001, p<0.001, and p<0.001, respectively).",p<0.001; p=0.004,,,,,,,200 participants; 197 subjects,detail_hint,expansion2_queue,pending,,,,,,,,,,
EUROPEPMC:39792908,PubMed,39792908,"The efficacy of Lacticaseibacillus paracasei MSMC39-1 and Bifidobacterium animalis TA-1 probiotics in modulating gut microbiota and reducing the risk of the characteristics of metabolic syndrome: A randomized, double-blinded, placebo-controlled study.",weight,"Moreover, significant reductions in body weight, body mass index, waist circumference, systolic blood pressure, and total cholesterol were observed in the volunteers treated with probiotics compared to the placebo.",,,,,,,,n = 31; n = 27,detail_hint,expansion2_queue,pending,,,,,,,,,,
EUROPEPMC:39792908,PubMed,39792908,"The efficacy of Lacticaseibacillus paracasei MSMC39-1 and Bifidobacterium animalis TA-1 probiotics in modulating gut microbiota and reducing the risk of the characteristics of metabolic syndrome: A randomized, double-blinded, placebo-controlled study.",BMI,"Moreover, significant reductions in body weight, body mass index, waist circumference, systolic blood pressure, and total cholesterol were observed in the volunteers treated with probiotics compared to the placebo.",,,,,,,,n = 31; n = 27,detail_hint,expansion2_queue,pending,,,,,,,,,,
EUROPEPMC:39792908,PubMed,39792908,"The efficacy of Lacticaseibacillus paracasei MSMC39-1 and Bifidobacterium animalis TA-1 probiotics in modulating gut microbiota and reducing the risk of the characteristics of metabolic syndrome: A randomized, double-blinded, placebo-controlled study.",waist,"Moreover, significant reductions in body weight, body mass index, waist circumference, systolic blood pressure, and total cholesterol were observed in the volunteers treated with probiotics compared to the placebo.",,,,,,,,n = 31; n = 27,detail_hint,expansion2_queue,pending,,,,,,,,,,
EUROPEPMC:39792908,PubMed,39792908,"The efficacy of Lacticaseibacillus paracasei MSMC39-1 and Bifidobacterium animalis TA-1 probiotics in modulating gut microbiota and reducing the risk of the characteristics of metabolic syndrome: A randomized, double-blinded, placebo-controlled study.",lipid,"The primary outcome was achieved by the probiotics group as their low-density lipoprotein-cholesterol level dramatically lowered compared to the placebo group (the difference was 39.97 ± 26.83 mg/dl, p-value <0.001).",,,,,,,,n = 31; n = 27,detail_hint,expansion2_queue,pending,,,,,,,,,,
EUROPEPMC:39792908,PubMed,39792908,"The efficacy of Lacticaseibacillus paracasei MSMC39-1 and Bifidobacterium animalis TA-1 probiotics in modulating gut microbiota and reducing the risk of the characteristics of metabolic syndrome: A randomized, double-blinded, placebo-controlled study.",microbiome,"The efficacy of Lacticaseibacillus paracasei MSMC39-1 and Bifidobacterium animalis TA-1 probiotics in modulating gut microbiota and reducing the risk of the characteristics of metabolic syndrome: A randomized, double-blinded, placebo-controlled study.",,,,,,,,n = 31; n = 27,detail_hint,expansion2_queue,pending,,,,,,,,,,
PMID:36239189,PubMed,36239189,"Effect of faecal microbial transplant via colonoscopy in patients with severe obesity and insulin resistance: A randomized double-blind, placebo-controlled Phase 2 trial.",weight,"The main outcome was homeostatic model assessment of insulin resistance (HOMA-IR) and secondary outcomes were glycated haemoglobin levels, lipid profile, weight, gut hormones, endotoxin, appetite measures, intestinal microbiome (IM), metagenome, serum/faecal metabolites, quality of life, anxiety and depression scores.; In the allogenic versus autologous groups, HOMA-IR and clinical variables did not change significantly, but IM and metabolites changed favourably (P < 0.05): at 1 month, Coprococc",P < 0.05,,,,,,,n = 15; n = 13,detail_hint,expansion2_queue,pending,,,,,,,,,,
PMID:36239189,PubMed,36239189,"Effect of faecal microbial transplant via colonoscopy in patients with severe obesity and insulin resistance: A randomized double-blind, placebo-controlled Phase 2 trial.",glucose,"The main outcome was homeostatic model assessment of insulin resistance (HOMA-IR) and secondary outcomes were glycated haemoglobin levels, lipid profile, weight, gut hormones, endotoxin, appetite measures, intestinal microbiome (IM), metagenome, serum/faecal metabolites, quality of life, anxiety and depression scores.; In the allogenic versus autologous groups, HOMA-IR and clinical variables did not change significantly, but IM and metabolites changed favourably (P < 0.05): at 1 month, Coprococc",P < 0.05,,,,,,,n = 15; n = 13,detail_hint,expansion2_queue,pending,,,,,,,,,,
PMID:36239189,PubMed,36239189,"Effect of faecal microbial transplant via colonoscopy in patients with severe obesity and insulin resistance: A randomized double-blind, placebo-controlled Phase 2 trial.",lipid,"The main outcome was homeostatic model assessment of insulin resistance (HOMA-IR) and secondary outcomes were glycated haemoglobin levels, lipid profile, weight, gut hormones, endotoxin, appetite measures, intestinal microbiome (IM), metagenome, serum/faecal metabolites, quality of life, anxiety and depression scores.; In the allogenic versus autologous groups, HOMA-IR and clinical variables did not change significantly, but IM and metabolites changed favourably (P < 0.05): at 1 month, Coprococc",P < 0.05,,,,,,,n = 15; n = 13,detail_hint,expansion2_queue,pending,,,,,,,,,,
PMID:36239189,PubMed,36239189,"Effect of faecal microbial transplant via colonoscopy in patients with severe obesity and insulin resistance: A randomized double-blind, placebo-controlled Phase 2 trial.",microbiome,"The main outcome was homeostatic model assessment of insulin resistance (HOMA-IR) and secondary outcomes were glycated haemoglobin levels, lipid profile, weight, gut hormones, endotoxin, appetite measures, intestinal microbiome (IM), metagenome, serum/faecal metabolites, quality of life, anxiety and depression scores.; In the allogenic versus autologous groups, HOMA-IR and clinical variables did not change significantly, but IM and metabolites changed favourably (P < 0.05): at 1 month, Coprococc",P < 0.05,,,,,,,n = 15; n = 13,detail_hint,expansion2_queue,pending,,,,,,,,,,
NCT:NCT05440630,ClinicalTrials.gov,NCT05440630,Study of Efficacy of a Probiotic and Postbiotic in Overweight and Obese Individuals,weight,Study of Efficacy of a Probiotic and Postbiotic in Overweight and Obese Individuals  Probiotics; Postbiotic; Placebo Change in abdominal/visceral fat area Change in abdominal subcutaneous fat area; Change in body composition; Change in body weight; Change in BMI; Change in waist circumference; Change in hip circumference; Change in lipid profile; Change in systolic and diastolic blood pressure; Changes in glucose profile; Change in cortisol levels Probiotic; Postbiotic; Placebo,,,,,,,,0,detail_hint,expansion2_queue,pending,,,,,,,,,,
NCT:NCT05440630,ClinicalTrials.gov,NCT05440630,Study of Efficacy of a Probiotic and Postbiotic in Overweight and Obese Individuals,BMI,Study of Efficacy of a Probiotic and Postbiotic in Overweight and Obese Individuals  Probiotics; Postbiotic; Placebo Change in abdominal/visceral fat area Change in abdominal subcutaneous fat area; Change in body composition; Change in body weight; Change in BMI; Change in waist circumference; Change in hip circumference; Change in lipid profile; Change in systolic and diastolic blood pressure; Changes in glucose profile; Change in cortisol levels Probiotic; Postbiotic; Placebo,,,,,,,,0,detail_hint,expansion2_queue,pending,,,,,,,,,,
NCT:NCT05440630,ClinicalTrials.gov,NCT05440630,Study of Efficacy of a Probiotic and Postbiotic in Overweight and Obese Individuals,waist,Study of Efficacy of a Probiotic and Postbiotic in Overweight and Obese Individuals  Probiotics; Postbiotic; Placebo Change in abdominal/visceral fat area Change in abdominal subcutaneous fat area; Change in body composition; Change in body weight; Change in BMI; Change in waist circumference; Change in hip circumference; Change in lipid profile; Change in systolic and diastolic blood pressure; Changes in glucose profile; Change in cortisol levels Probiotic; Postbiotic; Placebo,,,,,,,,0,detail_hint,expansion2_queue,pending,,,,,,,,,,
NCT:NCT05440630,ClinicalTrials.gov,NCT05440630,Study of Efficacy of a Probiotic and Postbiotic in Overweight and Obese Individuals,body_fat,Study of Efficacy of a Probiotic and Postbiotic in Overweight and Obese Individuals  Probiotics; Postbiotic; Placebo Change in abdominal/visceral fat area Change in abdominal subcutaneous fat area; Change in body composition; Change in body weight; Change in BMI; Change in waist circumference; Change in hip circumference; Change in lipid profile; Change in systolic and diastolic blood pressure; Changes in glucose profile; Change in cortisol levels Probiotic; Postbiotic; Placebo,,,,,,,,0,detail_hint,expansion2_queue,pending,,,,,,,,,,
NCT:NCT05440630,ClinicalTrials.gov,NCT05440630,Study of Efficacy of a Probiotic and Postbiotic in Overweight and Obese Individuals,glucose,Study of Efficacy of a Probiotic and Postbiotic in Overweight and Obese Individuals  Probiotics; Postbiotic; Placebo Change in abdominal/visceral fat area Change in abdominal subcutaneous fat area; Change in body composition; Change in body weight; Change in BMI; Change in waist circumference; Change in hip circumference; Change in lipid profile; Change in systolic and diastolic blood pressure; Changes in glucose profile; Change in cortisol levels Probiotic; Postbiotic; Placebo,,,,,,,,0,detail_hint,expansion2_queue,pending,,,,,,,,,,
NCT:NCT05440630,ClinicalTrials.gov,NCT05440630,Study of Efficacy of a Probiotic and Postbiotic in Overweight and Obese Individuals,lipid,Study of Efficacy of a Probiotic and Postbiotic in Overweight and Obese Individuals  Probiotics; Postbiotic; Placebo Change in abdominal/visceral fat area Change in abdominal subcutaneous fat area; Change in body composition; Change in body weight; Change in BMI; Change in waist circumference; Change in hip circumference; Change in lipid profile; Change in systolic and diastolic blood pressure; Changes in glucose profile; Change in cortisol levels Probiotic; Postbiotic; Placebo,,,,,,,,0,detail_hint,expansion2_queue,pending,,,,,,,,,,
PMID:33718754,PubMed,33718754,Ingesting Yogurt Containing,weight,"We have suggested that the administration of heat-treated Lactobacillus plantarum OLL2712 (OLL2712) cells can improve glucose and lipid metabolism by suppressing chronic inflammation in mouse models and a preliminary clinical study.; The aim of this study was to investigate whether ingesting OLL2712 cells can reduce body fat accumulation and improve metabolic risk factors, in overweight, healthy adults.; This study was a randomized, double-blind, placebo-controlled, parallel-group trial conducte",P = 0.040; P = 0.021,,,,,,,n = 50,detail_hint,expansion2_queue,pending,,PIIS2475299122105160.pdf,1.000,11,Yogurt ContainingLactobacillus plantarum OLL2712 Reduces Abdominal Fat Accumulation an; Lactobacillus plantarum OLL2712; yogurt or yogurt containing; Lactobacillus plantarum; yogurt contain- ingheat-treatedOLL2712cellscouldreducebodyfataccumulationand improve m; yogurt is a relatively affordable dairy food containing var- iousnutrients; yogurt has been reported to be effective for reducing the risk of obesity and other me; yogurt on abdominal fat 3 Thiswasatriple-blindstudywiththegroupallocationsbeingwithhel,12 wk,,n = 50; 50 participants; n =15,insulin; glucose; body fat; BMI; HOMA-IR; HbA1c,"CURRENT DEVELOPMENTS IN NUTRITIONORIGINAL RESEARCH Nutrition in Health and Disease Ingesting Yogurt ContainingLactobacillus plantarum OLL2712 Reduces Abdominal Fat Accumulation and Chronic Inflammation in Overweight Adults in a Randomized Placebo-Controlled Trial T akayuki T oshimitsu,1 Ayako Gotou,1 T oshihiro Sashihara,1 Keisuke Furuichi,1 Satoshi Hachimura,2 Nobuhiko Shioya,3 Satoru Suzuki,4 and Yukio Asami1 1Applied Microbiology Research Department, Food Microbiology Research Laboratories, Division of Research and Development, Meiji Co., Ltd., Hachi ouji, T okyo, Japan; 2Research Center for Food Safety, Graduate School of Agricultural and Life Sciences, The University of T okyo, Bunkyo-ku, T okyo, Japan; 3Statistical Analysis Department, KSO Corporation, Minato-ku, T okyo, Japan; and 4Shinagawa Season T errace Health Care Clinic, Minato-ku, T okyo, Japan ABSTRACT Background: Chronic "
PMID:33718754,PubMed,33718754,Ingesting Yogurt Containing,body_fat,"We have suggested that the administration of heat-treated Lactobacillus plantarum OLL2712 (OLL2712) cells can improve glucose and lipid metabolism by suppressing chronic inflammation in mouse models and a preliminary clinical study.; The aim of this study was to investigate whether ingesting OLL2712 cells can reduce body fat accumulation and improve metabolic risk factors, in overweight, healthy adults.; This study was a randomized, double-blind, placebo-controlled, parallel-group trial conducte",P = 0.040; P = 0.021,,,,,,,n = 50,detail_hint,expansion2_queue,pending,,PIIS2475299122105160.pdf,1.000,11,Yogurt ContainingLactobacillus plantarum OLL2712 Reduces Abdominal Fat Accumulation an; Lactobacillus plantarum OLL2712; yogurt or yogurt containing; Lactobacillus plantarum; yogurt contain- ingheat-treatedOLL2712cellscouldreducebodyfataccumulationand improve m; yogurt is a relatively affordable dairy food containing var- iousnutrients; yogurt has been reported to be effective for reducing the risk of obesity and other me; yogurt on abdominal fat 3 Thiswasatriple-blindstudywiththegroupallocationsbeingwithhel,12 wk,,n = 50; 50 participants; n =15,insulin; glucose; body fat; BMI; HOMA-IR; HbA1c,"CURRENT DEVELOPMENTS IN NUTRITIONORIGINAL RESEARCH Nutrition in Health and Disease Ingesting Yogurt ContainingLactobacillus plantarum OLL2712 Reduces Abdominal Fat Accumulation and Chronic Inflammation in Overweight Adults in a Randomized Placebo-Controlled Trial T akayuki T oshimitsu,1 Ayako Gotou,1 T oshihiro Sashihara,1 Keisuke Furuichi,1 Satoshi Hachimura,2 Nobuhiko Shioya,3 Satoru Suzuki,4 and Yukio Asami1 1Applied Microbiology Research Department, Food Microbiology Research Laboratories, Division of Research and Development, Meiji Co., Ltd., Hachi ouji, T okyo, Japan; 2Research Center for Food Safety, Graduate School of Agricultural and Life Sciences, The University of T okyo, Bunkyo-ku, T okyo, Japan; 3Statistical Analysis Department, KSO Corporation, Minato-ku, T okyo, Japan; and 4Shinagawa Season T errace Health Care Clinic, Minato-ku, T okyo, Japan ABSTRACT Background: Chronic "
PMID:33718754,PubMed,33718754,Ingesting Yogurt Containing,glucose,"We have suggested that the administration of heat-treated Lactobacillus plantarum OLL2712 (OLL2712) cells can improve glucose and lipid metabolism by suppressing chronic inflammation in mouse models and a preliminary clinical study.; The aim of this study was to investigate whether ingesting OLL2712 cells can reduce body fat accumulation and improve metabolic risk factors, in overweight, healthy adults.; This study was a randomized, double-blind, placebo-controlled, parallel-group trial conducte",P = 0.040; P = 0.021,,,,,,,n = 50,detail_hint,expansion2_queue,pending,,PIIS2475299122105160.pdf,1.000,11,Yogurt ContainingLactobacillus plantarum OLL2712 Reduces Abdominal Fat Accumulation an; Lactobacillus plantarum OLL2712; yogurt or yogurt containing; Lactobacillus plantarum; yogurt contain- ingheat-treatedOLL2712cellscouldreducebodyfataccumulationand improve m; yogurt is a relatively affordable dairy food containing var- iousnutrients; yogurt has been reported to be effective for reducing the risk of obesity and other me; yogurt on abdominal fat 3 Thiswasatriple-blindstudywiththegroupallocationsbeingwithhel,12 wk,,n = 50; 50 participants; n =15,insulin; glucose; body fat; BMI; HOMA-IR; HbA1c,"CURRENT DEVELOPMENTS IN NUTRITIONORIGINAL RESEARCH Nutrition in Health and Disease Ingesting Yogurt ContainingLactobacillus plantarum OLL2712 Reduces Abdominal Fat Accumulation and Chronic Inflammation in Overweight Adults in a Randomized Placebo-Controlled Trial T akayuki T oshimitsu,1 Ayako Gotou,1 T oshihiro Sashihara,1 Keisuke Furuichi,1 Satoshi Hachimura,2 Nobuhiko Shioya,3 Satoru Suzuki,4 and Yukio Asami1 1Applied Microbiology Research Department, Food Microbiology Research Laboratories, Division of Research and Development, Meiji Co., Ltd., Hachi ouji, T okyo, Japan; 2Research Center for Food Safety, Graduate School of Agricultural and Life Sciences, The University of T okyo, Bunkyo-ku, T okyo, Japan; 3Statistical Analysis Department, KSO Corporation, Minato-ku, T okyo, Japan; and 4Shinagawa Season T errace Health Care Clinic, Minato-ku, T okyo, Japan ABSTRACT Background: Chronic "
PMID:33718754,PubMed,33718754,Ingesting Yogurt Containing,lipid,"We have suggested that the administration of heat-treated Lactobacillus plantarum OLL2712 (OLL2712) cells can improve glucose and lipid metabolism by suppressing chronic inflammation in mouse models and a preliminary clinical study.; The aim of this study was to investigate whether ingesting OLL2712 cells can reduce body fat accumulation and improve metabolic risk factors, in overweight, healthy adults.; This study was a randomized, double-blind, placebo-controlled, parallel-group trial conducte",P = 0.040; P = 0.021,,,,,,,n = 50,detail_hint,expansion2_queue,pending,,PIIS2475299122105160.pdf,1.000,11,Yogurt ContainingLactobacillus plantarum OLL2712 Reduces Abdominal Fat Accumulation an; Lactobacillus plantarum OLL2712; yogurt or yogurt containing; Lactobacillus plantarum; yogurt contain- ingheat-treatedOLL2712cellscouldreducebodyfataccumulationand improve m; yogurt is a relatively affordable dairy food containing var- iousnutrients; yogurt has been reported to be effective for reducing the risk of obesity and other me; yogurt on abdominal fat 3 Thiswasatriple-blindstudywiththegroupallocationsbeingwithhel,12 wk,,n = 50; 50 participants; n =15,insulin; glucose; body fat; BMI; HOMA-IR; HbA1c,"CURRENT DEVELOPMENTS IN NUTRITIONORIGINAL RESEARCH Nutrition in Health and Disease Ingesting Yogurt ContainingLactobacillus plantarum OLL2712 Reduces Abdominal Fat Accumulation and Chronic Inflammation in Overweight Adults in a Randomized Placebo-Controlled Trial T akayuki T oshimitsu,1 Ayako Gotou,1 T oshihiro Sashihara,1 Keisuke Furuichi,1 Satoshi Hachimura,2 Nobuhiko Shioya,3 Satoru Suzuki,4 and Yukio Asami1 1Applied Microbiology Research Department, Food Microbiology Research Laboratories, Division of Research and Development, Meiji Co., Ltd., Hachi ouji, T okyo, Japan; 2Research Center for Food Safety, Graduate School of Agricultural and Life Sciences, The University of T okyo, Bunkyo-ku, T okyo, Japan; 3Statistical Analysis Department, KSO Corporation, Minato-ku, T okyo, Japan; and 4Shinagawa Season T errace Health Care Clinic, Minato-ku, T okyo, Japan ABSTRACT Background: Chronic "
PMID:31987116,PubMed,31987116,"Effect of a low energy diet, containing a high protein, probiotic condensed yogurt, on biochemical and anthropometric measurements among women with overweight/obesity: A randomised controlled trial.",weight,"Within-group comparisons revealed significant reductions in systolic blood pressure (P = 0.035) and weight (P = 0.005) in the intervention group.; Long-term consumption of Kashk, as a high protein and calcium product enriched with probiotic that is accompanied by a low energy diet, might have beneficial effects on anthropometric and biochemical indices, though more cross-over and parallel blinded trials with placebo groups are needed to confirm these results.",P = 0.013; P = 0.049; P = 0.018; P = 0.037; P = 0.047; P = 0.035; P = 0.005,,,,,,,,detail_hint,expansion2_queue,pending,,"Effect of a low energy diet, containing a high protein, probiotic condensed yogurt, on biochemical and anthropometric measuremen(科研通-ablesci.com).pdf",1.000,7,probiotic condensed yogurt; yogurt; probiotic enriched product; probiotic that is accompanied by a low energy diet; probiotic contents; probiotic food and sup- plements on anthropometric and biochemical parameters among indiv; probiotic consumption on obesity reported that modulation of gut microbiota by probiotic; yogurt for a long time,8 weeks; 3 months,"- viation; CFU, colony forming u; unites (CFU)/g of L. acidophi; .79 /C2 106 CFU/g of B. lactis Bb; La5 (CFU/g) 1.85 /C2 10 6; Bb12 (CFU/g) 1.79 /C2 106 E",70 women,glucose; triglycerides; cholesterol; body mass index; waist circumference; BMI; HDL; LDL; insulin; microbiota; body weight; body fat,"Original article Effect of a low energy diet, containing a high protein, probiotic condensed yogurt, on biochemical and anthropometric measurements among women with overweight/obesity: A randomised controlled trial Elham Razmpoosh a, b, Saeideh Zare b, Hossein Fallahzadeh c, Sara Sa ﬁ a, b, Azadeh Nadjarzadeh a, b, * a Nutrition and Food Security Research Center, Shahid Sadoughi University of Medical Sciences, Yazd, Iran b Department of Nutrition, Faculty of Health, Shahid Sadoughi University of Medical Sciences, Yazd, Iran c Department of Biostatistics and Epidemiology, Faculty of Health, Shahid Sadoughi University of Medical Sciences, Yazd, Iran article info Article history: Received 16 July 2018 Accepted 2 October 2019 Keywords: Dairy product Obesity Anthropometry Blood pressure Blood glucose Lipids summary Background & aims: The aim of this study was to determine the effect of low en"
PMID:31987116,PubMed,31987116,"Effect of a low energy diet, containing a high protein, probiotic condensed yogurt, on biochemical and anthropometric measurements among women with overweight/obesity: A randomised controlled trial.",BMI,"Significantly greater reductions in body mass index (P = 0.018), fat percent (P = 0.037) and waist circumference (P = 0.047) were observed in the intervention group compared to control.",P = 0.013; P = 0.049; P = 0.018; P = 0.037; P = 0.047; P = 0.035; P = 0.005,,,,,,,,detail_hint,expansion2_queue,pending,,"Effect of a low energy diet, containing a high protein, probiotic condensed yogurt, on biochemical and anthropometric measuremen(科研通-ablesci.com).pdf",1.000,7,probiotic condensed yogurt; yogurt; probiotic enriched product; probiotic that is accompanied by a low energy diet; probiotic contents; probiotic food and sup- plements on anthropometric and biochemical parameters among indiv; probiotic consumption on obesity reported that modulation of gut microbiota by probiotic; yogurt for a long time,8 weeks; 3 months,"- viation; CFU, colony forming u; unites (CFU)/g of L. acidophi; .79 /C2 106 CFU/g of B. lactis Bb; La5 (CFU/g) 1.85 /C2 10 6; Bb12 (CFU/g) 1.79 /C2 106 E",70 women,glucose; triglycerides; cholesterol; body mass index; waist circumference; BMI; HDL; LDL; insulin; microbiota; body weight; body fat,"Original article Effect of a low energy diet, containing a high protein, probiotic condensed yogurt, on biochemical and anthropometric measurements among women with overweight/obesity: A randomised controlled trial Elham Razmpoosh a, b, Saeideh Zare b, Hossein Fallahzadeh c, Sara Sa ﬁ a, b, Azadeh Nadjarzadeh a, b, * a Nutrition and Food Security Research Center, Shahid Sadoughi University of Medical Sciences, Yazd, Iran b Department of Nutrition, Faculty of Health, Shahid Sadoughi University of Medical Sciences, Yazd, Iran c Department of Biostatistics and Epidemiology, Faculty of Health, Shahid Sadoughi University of Medical Sciences, Yazd, Iran article info Article history: Received 16 July 2018 Accepted 2 October 2019 Keywords: Dairy product Obesity Anthropometry Blood pressure Blood glucose Lipids summary Background & aims: The aim of this study was to determine the effect of low en"
PMID:31987116,PubMed,31987116,"Effect of a low energy diet, containing a high protein, probiotic condensed yogurt, on biochemical and anthropometric measurements among women with overweight/obesity: A randomised controlled trial.",waist,"Significantly greater reductions in body mass index (P = 0.018), fat percent (P = 0.037) and waist circumference (P = 0.047) were observed in the intervention group compared to control.",P = 0.013; P = 0.049; P = 0.018; P = 0.037; P = 0.047; P = 0.035; P = 0.005,,,,,,,,detail_hint,expansion2_queue,pending,,"Effect of a low energy diet, containing a high protein, probiotic condensed yogurt, on biochemical and anthropometric measuremen(科研通-ablesci.com).pdf",1.000,7,probiotic condensed yogurt; yogurt; probiotic enriched product; probiotic that is accompanied by a low energy diet; probiotic contents; probiotic food and sup- plements on anthropometric and biochemical parameters among indiv; probiotic consumption on obesity reported that modulation of gut microbiota by probiotic; yogurt for a long time,8 weeks; 3 months,"- viation; CFU, colony forming u; unites (CFU)/g of L. acidophi; .79 /C2 106 CFU/g of B. lactis Bb; La5 (CFU/g) 1.85 /C2 10 6; Bb12 (CFU/g) 1.79 /C2 106 E",70 women,glucose; triglycerides; cholesterol; body mass index; waist circumference; BMI; HDL; LDL; insulin; microbiota; body weight; body fat,"Original article Effect of a low energy diet, containing a high protein, probiotic condensed yogurt, on biochemical and anthropometric measurements among women with overweight/obesity: A randomised controlled trial Elham Razmpoosh a, b, Saeideh Zare b, Hossein Fallahzadeh c, Sara Sa ﬁ a, b, Azadeh Nadjarzadeh a, b, * a Nutrition and Food Security Research Center, Shahid Sadoughi University of Medical Sciences, Yazd, Iran b Department of Nutrition, Faculty of Health, Shahid Sadoughi University of Medical Sciences, Yazd, Iran c Department of Biostatistics and Epidemiology, Faculty of Health, Shahid Sadoughi University of Medical Sciences, Yazd, Iran article info Article history: Received 16 July 2018 Accepted 2 October 2019 Keywords: Dairy product Obesity Anthropometry Blood pressure Blood glucose Lipids summary Background & aims: The aim of this study was to determine the effect of low en"
PMID:31987116,PubMed,31987116,"Effect of a low energy diet, containing a high protein, probiotic condensed yogurt, on biochemical and anthropometric measurements among women with overweight/obesity: A randomised controlled trial.",lipid,"Anthropometric, blood pressure and biochemical measurements were obtained before and after the intervention.; Between-group comparisons showed that the intervention group significantly decreased triglycerides (P = 0.013) and low density lipoprotein cholesterol (P = 0.049) levels relative to the control group.",P = 0.013; P = 0.049; P = 0.018; P = 0.037; P = 0.047; P = 0.035; P = 0.005,,,,,,,,detail_hint,expansion2_queue,pending,,"Effect of a low energy diet, containing a high protein, probiotic condensed yogurt, on biochemical and anthropometric measuremen(科研通-ablesci.com).pdf",1.000,7,probiotic condensed yogurt; yogurt; probiotic enriched product; probiotic that is accompanied by a low energy diet; probiotic contents; probiotic food and sup- plements on anthropometric and biochemical parameters among indiv; probiotic consumption on obesity reported that modulation of gut microbiota by probiotic; yogurt for a long time,8 weeks; 3 months,"- viation; CFU, colony forming u; unites (CFU)/g of L. acidophi; .79 /C2 106 CFU/g of B. lactis Bb; La5 (CFU/g) 1.85 /C2 10 6; Bb12 (CFU/g) 1.79 /C2 106 E",70 women,glucose; triglycerides; cholesterol; body mass index; waist circumference; BMI; HDL; LDL; insulin; microbiota; body weight; body fat,"Original article Effect of a low energy diet, containing a high protein, probiotic condensed yogurt, on biochemical and anthropometric measurements among women with overweight/obesity: A randomised controlled trial Elham Razmpoosh a, b, Saeideh Zare b, Hossein Fallahzadeh c, Sara Sa ﬁ a, b, Azadeh Nadjarzadeh a, b, * a Nutrition and Food Security Research Center, Shahid Sadoughi University of Medical Sciences, Yazd, Iran b Department of Nutrition, Faculty of Health, Shahid Sadoughi University of Medical Sciences, Yazd, Iran c Department of Biostatistics and Epidemiology, Faculty of Health, Shahid Sadoughi University of Medical Sciences, Yazd, Iran article info Article history: Received 16 July 2018 Accepted 2 October 2019 Keywords: Dairy product Obesity Anthropometry Blood pressure Blood glucose Lipids summary Background & aims: The aim of this study was to determine the effect of low en"
PMID:33054635,PubMed,33054635,"The combined effects of probiotics and restricted calorie diet on the anthropometric indices, eating behavior, and hormone levels of obese women with food addiction",weight,"Anthropometric measurements, biochemical markers, eating behavior and appetite were assessed during the study period.; Probiotics administration significantly reduced weight, body mass index (BMI), waist circumference (WC), waist to hip ratio (WHR), body fat percentage (BFP), and trunk fat percentage (TFP) compared to the placebo group (p < 0.001).",p < 0.001; p = 0.02; p = 0.002,,,,,,,n = 62,detail_hint,expansion2_queue,pending,,"The combined effects of probiotics and restricted calorie diet on the anthropometric indices, eating behavior, and hormone level(科研通-ablesci.com).pdf",0.873,14,probiotic supplementation on the anthropometric indices; probiotic; probiotic group compared to the placebo group; probiotic group compared to the baseline values; probiotic supplementation may have beneﬁcial eﬀects on anthropometric indices; probiotic administration on obesity management have been demonstrated in several meta-ana; probiotic sup- plementation along with a restricted calorie diet; probiotic group,12 weeks; 1 month; 2 months,"1.8 × 10 9 CFU/capsule), Biﬁdoba; (1.8 × 109 CFU/capsule), Biﬁdoba; (1.8 × 109 CFU/capsule), Lactoba; (1 × 109 CFU/ capsule), Lactob; (1 × 109 CFU/capsule), magnesi",n = 62; 62 women; n = 31,microbiota; body mass index; BMI; waist circumference; body weight,"Full Terms & Conditions of access and use can be found at https://www.tandfonline.com/action/journalInformation?journalCode=ynns20 Nutritional Neuroscience An International Journal on Nutrition, Diet and Nervous System ISSN: (Print) (Online) Journal homepage: https://www.tandfonline.com/loi/ynns20 The combined effects of probiotics and restricted calorie diet on the anthropometric indices, eating behavior, and hormone levels of obese women with food addiction: a randomized clinical trial Elham Narmaki , Mohaddeseh Borazjani , Asal Ataie-Jafari , Nastaran Hariri , Azita Hekmat Doost , Mostafa Qorbani & Atoosa Saidpour To cite this article: Elham Narmaki , Mohaddeseh Borazjani , Asal Ataie-Jafari , Nastaran Hariri , Azita Hekmat Doost , Mostafa Qorbani & Atoosa Saidpour (2020): The combined effects of probiotics and restricted calorie diet on the anthropometric indices, eating behavior, an"
PMID:33054635,PubMed,33054635,"The combined effects of probiotics and restricted calorie diet on the anthropometric indices, eating behavior, and hormone levels of obese women with food addiction",BMI,"Anthropometric measurements, biochemical markers, eating behavior and appetite were assessed during the study period.; Probiotics administration significantly reduced weight, body mass index (BMI), waist circumference (WC), waist to hip ratio (WHR), body fat percentage (BFP), and trunk fat percentage (TFP) compared to the placebo group (p < 0.001).",p < 0.001; p = 0.02; p = 0.002,,,,,,,n = 62,detail_hint,expansion2_queue,pending,,"The combined effects of probiotics and restricted calorie diet on the anthropometric indices, eating behavior, and hormone level(科研通-ablesci.com).pdf",0.873,14,probiotic supplementation on the anthropometric indices; probiotic; probiotic group compared to the placebo group; probiotic group compared to the baseline values; probiotic supplementation may have beneﬁcial eﬀects on anthropometric indices; probiotic administration on obesity management have been demonstrated in several meta-ana; probiotic sup- plementation along with a restricted calorie diet; probiotic group,12 weeks; 1 month; 2 months,"1.8 × 10 9 CFU/capsule), Biﬁdoba; (1.8 × 109 CFU/capsule), Biﬁdoba; (1.8 × 109 CFU/capsule), Lactoba; (1 × 109 CFU/ capsule), Lactob; (1 × 109 CFU/capsule), magnesi",n = 62; 62 women; n = 31,microbiota; body mass index; BMI; waist circumference; body weight,"Full Terms & Conditions of access and use can be found at https://www.tandfonline.com/action/journalInformation?journalCode=ynns20 Nutritional Neuroscience An International Journal on Nutrition, Diet and Nervous System ISSN: (Print) (Online) Journal homepage: https://www.tandfonline.com/loi/ynns20 The combined effects of probiotics and restricted calorie diet on the anthropometric indices, eating behavior, and hormone levels of obese women with food addiction: a randomized clinical trial Elham Narmaki , Mohaddeseh Borazjani , Asal Ataie-Jafari , Nastaran Hariri , Azita Hekmat Doost , Mostafa Qorbani & Atoosa Saidpour To cite this article: Elham Narmaki , Mohaddeseh Borazjani , Asal Ataie-Jafari , Nastaran Hariri , Azita Hekmat Doost , Mostafa Qorbani & Atoosa Saidpour (2020): The combined effects of probiotics and restricted calorie diet on the anthropometric indices, eating behavior, an"
PMID:33054635,PubMed,33054635,"The combined effects of probiotics and restricted calorie diet on the anthropometric indices, eating behavior, and hormone levels of obese women with food addiction",waist,"Anthropometric measurements, biochemical markers, eating behavior and appetite were assessed during the study period.; Probiotics administration significantly reduced weight, body mass index (BMI), waist circumference (WC), waist to hip ratio (WHR), body fat percentage (BFP), and trunk fat percentage (TFP) compared to the placebo group (p < 0.001).",p < 0.001; p = 0.02; p = 0.002,,,,,,,n = 62,detail_hint,expansion2_queue,pending,,"The combined effects of probiotics and restricted calorie diet on the anthropometric indices, eating behavior, and hormone level(科研通-ablesci.com).pdf",0.873,14,probiotic supplementation on the anthropometric indices; probiotic; probiotic group compared to the placebo group; probiotic group compared to the baseline values; probiotic supplementation may have beneﬁcial eﬀects on anthropometric indices; probiotic administration on obesity management have been demonstrated in several meta-ana; probiotic sup- plementation along with a restricted calorie diet; probiotic group,12 weeks; 1 month; 2 months,"1.8 × 10 9 CFU/capsule), Biﬁdoba; (1.8 × 109 CFU/capsule), Biﬁdoba; (1.8 × 109 CFU/capsule), Lactoba; (1 × 109 CFU/ capsule), Lactob; (1 × 109 CFU/capsule), magnesi",n = 62; 62 women; n = 31,microbiota; body mass index; BMI; waist circumference; body weight,"Full Terms & Conditions of access and use can be found at https://www.tandfonline.com/action/journalInformation?journalCode=ynns20 Nutritional Neuroscience An International Journal on Nutrition, Diet and Nervous System ISSN: (Print) (Online) Journal homepage: https://www.tandfonline.com/loi/ynns20 The combined effects of probiotics and restricted calorie diet on the anthropometric indices, eating behavior, and hormone levels of obese women with food addiction: a randomized clinical trial Elham Narmaki , Mohaddeseh Borazjani , Asal Ataie-Jafari , Nastaran Hariri , Azita Hekmat Doost , Mostafa Qorbani & Atoosa Saidpour To cite this article: Elham Narmaki , Mohaddeseh Borazjani , Asal Ataie-Jafari , Nastaran Hariri , Azita Hekmat Doost , Mostafa Qorbani & Atoosa Saidpour (2020): The combined effects of probiotics and restricted calorie diet on the anthropometric indices, eating behavior, an"
PMID:33054635,PubMed,33054635,"The combined effects of probiotics and restricted calorie diet on the anthropometric indices, eating behavior, and hormone levels of obese women with food addiction",body_fat,"Anthropometric measurements, biochemical markers, eating behavior and appetite were assessed during the study period.; Probiotics administration significantly reduced weight, body mass index (BMI), waist circumference (WC), waist to hip ratio (WHR), body fat percentage (BFP), and trunk fat percentage (TFP) compared to the placebo group (p < 0.001).",p < 0.001; p = 0.02; p = 0.002,,,,,,,n = 62,detail_hint,expansion2_queue,pending,,"The combined effects of probiotics and restricted calorie diet on the anthropometric indices, eating behavior, and hormone level(科研通-ablesci.com).pdf",0.873,14,probiotic supplementation on the anthropometric indices; probiotic; probiotic group compared to the placebo group; probiotic group compared to the baseline values; probiotic supplementation may have beneﬁcial eﬀects on anthropometric indices; probiotic administration on obesity management have been demonstrated in several meta-ana; probiotic sup- plementation along with a restricted calorie diet; probiotic group,12 weeks; 1 month; 2 months,"1.8 × 10 9 CFU/capsule), Biﬁdoba; (1.8 × 109 CFU/capsule), Biﬁdoba; (1.8 × 109 CFU/capsule), Lactoba; (1 × 109 CFU/ capsule), Lactob; (1 × 109 CFU/capsule), magnesi",n = 62; 62 women; n = 31,microbiota; body mass index; BMI; waist circumference; body weight,"Full Terms & Conditions of access and use can be found at https://www.tandfonline.com/action/journalInformation?journalCode=ynns20 Nutritional Neuroscience An International Journal on Nutrition, Diet and Nervous System ISSN: (Print) (Online) Journal homepage: https://www.tandfonline.com/loi/ynns20 The combined effects of probiotics and restricted calorie diet on the anthropometric indices, eating behavior, and hormone levels of obese women with food addiction: a randomized clinical trial Elham Narmaki , Mohaddeseh Borazjani , Asal Ataie-Jafari , Nastaran Hariri , Azita Hekmat Doost , Mostafa Qorbani & Atoosa Saidpour To cite this article: Elham Narmaki , Mohaddeseh Borazjani , Asal Ataie-Jafari , Nastaran Hariri , Azita Hekmat Doost , Mostafa Qorbani & Atoosa Saidpour (2020): The combined effects of probiotics and restricted calorie diet on the anthropometric indices, eating behavior, an"
