evidence_id,source_database,source_accession,title,outcome_domain,suggested_text,suggested_p_value,final_value,final_unit,final_direction,comparison,time_point,p_value_confirmed,sample_size_confirmed,extraction_source,reviewer,review_status,reviewer_note
PMID:37111082,PubMed,37111082,"Effect of a Multispecies Synbiotic Supplementation on Body Composition, Antioxidant Status, and Gut Microbiomes in Overweight and Obese Subjects: A Randomized, Double-Blind, Placebo-Controlled Study.",weight,"At the end of the study, there were no significant differences observed in body weight, BMI, waist circumference, or percentage of body fat between the synbiotic group and the placebo group.",,,,,,,,63 individuals,detail_hint,codex,pending,
PMID:37111082,PubMed,37111082,"Effect of a Multispecies Synbiotic Supplementation on Body Composition, Antioxidant Status, and Gut Microbiomes in Overweight and Obese Subjects: A Randomized, Double-Blind, Placebo-Controlled Study.",BMI,"At the end of the study, there were no significant differences observed in body weight, BMI, waist circumference, or percentage of body fat between the synbiotic group and the placebo group.",,,,,,,,63 individuals,detail_hint,codex,pending,
PMID:37111082,PubMed,37111082,"Effect of a Multispecies Synbiotic Supplementation on Body Composition, Antioxidant Status, and Gut Microbiomes in Overweight and Obese Subjects: A Randomized, Double-Blind, Placebo-Controlled Study.",waist,"The results of the study indicated that synbiotic supplementation resulted in a significant reduction in waist circumference and body fat percentage compared to the baseline measurements, as observed at 12 weeks.",,,,,,,,63 individuals,detail_hint,codex,pending,
PMID:37111082,PubMed,37111082,"Effect of a Multispecies Synbiotic Supplementation on Body Composition, Antioxidant Status, and Gut Microbiomes in Overweight and Obese Subjects: A Randomized, Double-Blind, Placebo-Controlled Study.",body_fat,"The results of the study indicated that synbiotic supplementation resulted in a significant reduction in waist circumference and body fat percentage compared to the baseline measurements, as observed at 12 weeks.",,,,,,,,63 individuals,detail_hint,codex,pending,
PMID:37111082,PubMed,37111082,"Effect of a Multispecies Synbiotic Supplementation on Body Composition, Antioxidant Status, and Gut Microbiomes in Overweight and Obese Subjects: A Randomized, Double-Blind, Placebo-Controlled Study.",microbiome,"For the gut microbiota analysis, synbiotic supplementation significantly decreased Firmicutes abundance and the Firmicutes/Bacteroidetes (F/B) ratio at week 12 as compared to the placebo group.",,,,,,,,63 individuals,detail_hint,codex,pending,
PMID:41163054,PubMed,41163054,"The effects of a newly developed beverage powder supplement on anthropometric measures, body composition, metabolic syndrome components, and appetite in obese or overweight adults: a protocol for a randomized clinical trial study.",weight,Overweight and obesity result from excessive fat accumulation and pose significant global health challenges linked to various diseases.,,,,,,,,,detail_hint,codex,pending,
PMID:41163054,PubMed,41163054,"The effects of a newly developed beverage powder supplement on anthropometric measures, body composition, metabolic syndrome components, and appetite in obese or overweight adults: a protocol for a randomized clinical trial study.",BMI,"Evaluations of anthropometry (body mass index, waist and hip circumference), body composition (fat mass, fat-free mass, total body water, etc.), appetite using a visual analogue scale, blood pressure, and biochemical parameters including fasting blood glucose (FBS), total cholesterol (TC), triglycerides (TG), low- and high-density lipoprotein (LDL and HDL) will be conducted.; The results of this study will provide evidence for the synergistic effects of Akkermansia muciniphila combined with preb",,,,,,,,,detail_hint,codex,pending,
PMID:41163054,PubMed,41163054,"The effects of a newly developed beverage powder supplement on anthropometric measures, body composition, metabolic syndrome components, and appetite in obese or overweight adults: a protocol for a randomized clinical trial study.",waist,"Evaluations of anthropometry (body mass index, waist and hip circumference), body composition (fat mass, fat-free mass, total body water, etc.), appetite using a visual analogue scale, blood pressure, and biochemical parameters including fasting blood glucose (FBS), total cholesterol (TC), triglycerides (TG), low- and high-density lipoprotein (LDL and HDL) will be conducted.; The results of this study will provide evidence for the synergistic effects of Akkermansia muciniphila combined with preb",,,,,,,,,detail_hint,codex,pending,
PMID:41163054,PubMed,41163054,"The effects of a newly developed beverage powder supplement on anthropometric measures, body composition, metabolic syndrome components, and appetite in obese or overweight adults: a protocol for a randomized clinical trial study.",body_fat,"Evaluations of anthropometry (body mass index, waist and hip circumference), body composition (fat mass, fat-free mass, total body water, etc.), appetite using a visual analogue scale, blood pressure, and biochemical parameters including fasting blood glucose (FBS), total cholesterol (TC), triglycerides (TG), low- and high-density lipoprotein (LDL and HDL) will be conducted.; The results of this study will provide evidence for the synergistic effects of Akkermansia muciniphila combined with preb",,,,,,,,,detail_hint,codex,pending,
PMID:41163054,PubMed,41163054,"The effects of a newly developed beverage powder supplement on anthropometric measures, body composition, metabolic syndrome components, and appetite in obese or overweight adults: a protocol for a randomized clinical trial study.",glucose,"Evaluations of anthropometry (body mass index, waist and hip circumference), body composition (fat mass, fat-free mass, total body water, etc.), appetite using a visual analogue scale, blood pressure, and biochemical parameters including fasting blood glucose (FBS), total cholesterol (TC), triglycerides (TG), low- and high-density lipoprotein (LDL and HDL) will be conducted.; The results of this study will provide evidence for the synergistic effects of Akkermansia muciniphila combined with preb",,,,,,,,,detail_hint,codex,pending,
PMID:41163054,PubMed,41163054,"The effects of a newly developed beverage powder supplement on anthropometric measures, body composition, metabolic syndrome components, and appetite in obese or overweight adults: a protocol for a randomized clinical trial study.",lipid,"Evaluations of anthropometry (body mass index, waist and hip circumference), body composition (fat mass, fat-free mass, total body water, etc.), appetite using a visual analogue scale, blood pressure, and biochemical parameters including fasting blood glucose (FBS), total cholesterol (TC), triglycerides (TG), low- and high-density lipoprotein (LDL and HDL) will be conducted.; The results of this study will provide evidence for the synergistic effects of Akkermansia muciniphila combined with preb",,,,,,,,,detail_hint,codex,pending,
PMID:40409234,PubMed,40409234,Effects of multi-strain probiotics supplementation on body adiposity and metabolic profile in individuals with hypertension and overweight following an energy-restricted diet: A randomized clinical trial.,weight,"Participants underwent anthropometric, body composition (dual-energy radiological absorptiometry) and biochemical (glucose metabolism, lipid profile, adiponectin, and leptin) evaluation at baseline and at the end of the study.; After 12 weeks of intervention, the probiotics group presented: a) reduction of body weight, BMI, circumferences of waist, hip and neck and waist-to-height ratio; b) decrease in total fat mass (kg); and c) reduction of glycated hemoglobin (HbA1c).",p < 0.05,,,,,,,66 individuals,detail_hint,codex,pending,
PMID:40409234,PubMed,40409234,Effects of multi-strain probiotics supplementation on body adiposity and metabolic profile in individuals with hypertension and overweight following an energy-restricted diet: A randomized clinical trial.,BMI,"Participants underwent anthropometric, body composition (dual-energy radiological absorptiometry) and biochemical (glucose metabolism, lipid profile, adiponectin, and leptin) evaluation at baseline and at the end of the study.; After 12 weeks of intervention, the probiotics group presented: a) reduction of body weight, BMI, circumferences of waist, hip and neck and waist-to-height ratio; b) decrease in total fat mass (kg); and c) reduction of glycated hemoglobin (HbA1c).",p < 0.05,,,,,,,66 individuals,detail_hint,codex,pending,
PMID:40409234,PubMed,40409234,Effects of multi-strain probiotics supplementation on body adiposity and metabolic profile in individuals with hypertension and overweight following an energy-restricted diet: A randomized clinical trial.,waist,"Participants underwent anthropometric, body composition (dual-energy radiological absorptiometry) and biochemical (glucose metabolism, lipid profile, adiponectin, and leptin) evaluation at baseline and at the end of the study.; After 12 weeks of intervention, the probiotics group presented: a) reduction of body weight, BMI, circumferences of waist, hip and neck and waist-to-height ratio; b) decrease in total fat mass (kg); and c) reduction of glycated hemoglobin (HbA1c).",p < 0.05,,,,,,,66 individuals,detail_hint,codex,pending,
PMID:40409234,PubMed,40409234,Effects of multi-strain probiotics supplementation on body adiposity and metabolic profile in individuals with hypertension and overweight following an energy-restricted diet: A randomized clinical trial.,body_fat,"Participants underwent anthropometric, body composition (dual-energy radiological absorptiometry) and biochemical (glucose metabolism, lipid profile, adiponectin, and leptin) evaluation at baseline and at the end of the study.; After 12 weeks of intervention, the probiotics group presented: a) reduction of body weight, BMI, circumferences of waist, hip and neck and waist-to-height ratio; b) decrease in total fat mass (kg); and c) reduction of glycated hemoglobin (HbA1c).",p < 0.05,,,,,,,66 individuals,detail_hint,codex,pending,
PMID:40409234,PubMed,40409234,Effects of multi-strain probiotics supplementation on body adiposity and metabolic profile in individuals with hypertension and overweight following an energy-restricted diet: A randomized clinical trial.,glucose,"Participants underwent anthropometric, body composition (dual-energy radiological absorptiometry) and biochemical (glucose metabolism, lipid profile, adiponectin, and leptin) evaluation at baseline and at the end of the study.; After 12 weeks of intervention, the probiotics group presented: a) reduction of body weight, BMI, circumferences of waist, hip and neck and waist-to-height ratio; b) decrease in total fat mass (kg); and c) reduction of glycated hemoglobin (HbA1c).",p < 0.05,,,,,,,66 individuals,detail_hint,codex,pending,
PMID:40409234,PubMed,40409234,Effects of multi-strain probiotics supplementation on body adiposity and metabolic profile in individuals with hypertension and overweight following an energy-restricted diet: A randomized clinical trial.,lipid,"Participants underwent anthropometric, body composition (dual-energy radiological absorptiometry) and biochemical (glucose metabolism, lipid profile, adiponectin, and leptin) evaluation at baseline and at the end of the study.; After 12 weeks of intervention, the probiotics group presented: a) reduction of body weight, BMI, circumferences of waist, hip and neck and waist-to-height ratio; b) decrease in total fat mass (kg); and c) reduction of glycated hemoglobin (HbA1c).",p < 0.05,,,,,,,66 individuals,detail_hint,codex,pending,
EUROPEPMC:42065141,PubMed,42065141,Effects of,weight,"The KABP051 group experienced significantly greater improvements compared with placebo on body composition measurements, including a reduction in body weight and waist circumference, which decreased in 1.97 ± 0.77 (mean ± SE) kg and 2.15 ± 0.81 (mean ± SE) cm versus placebo at the end of the intervention (both P < .05, mixed model for repeated measures [MMRM] and post-hoc analysis).",P < .05; P = .015; P = .014; P = .016,,,,,,,,detail_hint,codex,pending,
EUROPEPMC:42065141,PubMed,42065141,Effects of,waist,"The KABP051 group experienced significantly greater improvements compared with placebo on body composition measurements, including a reduction in body weight and waist circumference, which decreased in 1.97 ± 0.77 (mean ± SE) kg and 2.15 ± 0.81 (mean ± SE) cm versus placebo at the end of the intervention (both P < .05, mixed model for repeated measures [MMRM] and post-hoc analysis).",P < .05; P = .015; P = .014; P = .016,,,,,,,,detail_hint,codex,pending,
EUROPEPMC:42065141,PubMed,42065141,Effects of,body_fat,"Body fat percentage, profile of mood states fatigue, and confusion sub-scores showed a global trend toward improvement compared with placebo, with the change at 12 weeks being significant in the three measurements in post-hoc analysis (P = .015, P = .014, and P = .016, respectively).",P < .05; P = .015; P = .014; P = .016,,,,,,,,detail_hint,codex,pending,
EUROPEPMC:42065141,PubMed,42065141,Effects of,microbiome,"Microbiome composition improved in KABP051 group, with significant increase in the relative abundance of Lactiplantibacillus spp.",P < .05; P = .015; P = .014; P = .016,,,,,,,,detail_hint,codex,pending,
PMID:33763720,PubMed,33763720,"Mediterranean diet consumption affects the endocannabinoid system in overweight and obese subjects: possible links with gut microbiome, insulin resistance and inflammation.",weight,"To identify the relationship between circulating levels of these compounds and gut microbiome, insulin resistance and systemic inflammation.; A parallel 8-week randomised controlled trial was performed involving 82 overweight and obese subjects aged (mean ± SEM) 43 ± 1.4 years with a BMI of 31.1 ± 0.5 kg/m2, habitual Western diet (CT) and sedentary lifestyle.",p = 0.02; p = 0.009; p = 0.006; p = 0.026; p = 0.01,,,,,,,n = 43; n = 39,detail_hint,codex,pending,
PMID:33763720,PubMed,33763720,"Mediterranean diet consumption affects the endocannabinoid system in overweight and obese subjects: possible links with gut microbiome, insulin resistance and inflammation.",BMI,"To identify the relationship between circulating levels of these compounds and gut microbiome, insulin resistance and systemic inflammation.; A parallel 8-week randomised controlled trial was performed involving 82 overweight and obese subjects aged (mean ± SEM) 43 ± 1.4 years with a BMI of 31.1 ± 0.5 kg/m2, habitual Western diet (CT) and sedentary lifestyle.",p = 0.02; p = 0.009; p = 0.006; p = 0.026; p = 0.01,,,,,,,n = 43; n = 39,detail_hint,codex,pending,
PMID:33763720,PubMed,33763720,"Mediterranean diet consumption affects the endocannabinoid system in overweight and obese subjects: possible links with gut microbiome, insulin resistance and inflammation.",glucose,"To identify the relationship between circulating levels of these compounds and gut microbiome, insulin resistance and systemic inflammation.; A parallel 8-week randomised controlled trial was performed involving 82 overweight and obese subjects aged (mean ± SEM) 43 ± 1.4 years with a BMI of 31.1 ± 0.5 kg/m2, habitual Western diet (CT) and sedentary lifestyle.",p = 0.02; p = 0.009; p = 0.006; p = 0.026; p = 0.01,,,,,,,n = 43; n = 39,detail_hint,codex,pending,
PMID:33763720,PubMed,33763720,"Mediterranean diet consumption affects the endocannabinoid system in overweight and obese subjects: possible links with gut microbiome, insulin resistance and inflammation.",microbiome,"To identify the relationship between circulating levels of these compounds and gut microbiome, insulin resistance and systemic inflammation.; A parallel 8-week randomised controlled trial was performed involving 82 overweight and obese subjects aged (mean ± SEM) 43 ± 1.4 years with a BMI of 31.1 ± 0.5 kg/m2, habitual Western diet (CT) and sedentary lifestyle.",p = 0.02; p = 0.009; p = 0.006; p = 0.026; p = 0.01,,,,,,,n = 43; n = 39,detail_hint,codex,pending,
PMID:36879442,PubMed,36879442,"Effects of weight loss and feeding specially formulated diets on the body composition, blood metabolite profiles, voluntary physical activity, and fecal metabolites and microbiota of obese dogs.",weight,"Restricted feeding, dietary intervention, and consequent weight loss may be used to improve health and modify gastrointestinal microbiota.",P < 0.05,,,,,,,,detail_hint,codex,pending,
PMID:36879442,PubMed,36879442,"Effects of weight loss and feeding specially formulated diets on the body composition, blood metabolite profiles, voluntary physical activity, and fecal metabolites and microbiota of obese dogs.",body_fat,"Restricted feeding led to reduced BW, BCS, fat mass, and blood cholesterol, triglyceride, glucose, and leptin concentrations, and increased MCS and lean body mass percentage.",P < 0.05,,,,,,,,detail_hint,codex,pending,
PMID:36879442,PubMed,36879442,"Effects of weight loss and feeding specially formulated diets on the body composition, blood metabolite profiles, voluntary physical activity, and fecal metabolites and microbiota of obese dogs.",glucose,"Restricted feeding led to reduced BW, BCS, fat mass, and blood cholesterol, triglyceride, glucose, and leptin concentrations, and increased MCS and lean body mass percentage.",P < 0.05,,,,,,,,detail_hint,codex,pending,
PMID:36879442,PubMed,36879442,"Effects of weight loss and feeding specially formulated diets on the body composition, blood metabolite profiles, voluntary physical activity, and fecal metabolites and microbiota of obese dogs.",lipid,"Restricted feeding led to reduced BW, BCS, fat mass, and blood cholesterol, triglyceride, glucose, and leptin concentrations, and increased MCS and lean body mass percentage.",P < 0.05,,,,,,,,detail_hint,codex,pending,
PMID:36879442,PubMed,36879442,"Effects of weight loss and feeding specially formulated diets on the body composition, blood metabolite profiles, voluntary physical activity, and fecal metabolites and microbiota of obese dogs.",microbiome,"Restricted feeding, dietary intervention, and consequent weight loss may be used to improve health and modify gastrointestinal microbiota.",P < 0.05,,,,,,,,detail_hint,codex,pending,
PMID:37181156,PubMed,37181156,Supplementation with inulin-type fructans affects gut microbiota and attenuates some of the cardiometabolic benefits of a plant-based diet in individuals with overweight or obesity.,weight,"Changes from baseline to end-of-trial in gut microbiota composition (16S rRNA gene amplicon sequencing), body composition, cardiometabolic health and inflammatory markers were evaluated in the whole cohort (n = 82), and also compared in the subgroup of subjects who were supplemented with an additional 20 g/d ITF-prebiotics (n = 21) or their controls (n = 22).; In response to the plant-based diet, all subjects lost weight (-3.2 [95% CI -3.9, -2.5] kg) and experienced significant improvements in b",p = 0.53,,,,,,,100 subjects; n = 82; n = 21; n = 22,detail_hint,codex,pending,
PMID:37181156,PubMed,37181156,Supplementation with inulin-type fructans affects gut microbiota and attenuates some of the cardiometabolic benefits of a plant-based diet in individuals with overweight or obesity.,glucose,The change in the latter was significantly associated with higher values of insulin and HOMA-IR and lower HDL cholesterol.,p = 0.53,,,,,,,100 subjects; n = 82; n = 21; n = 22,detail_hint,codex,pending,
PMID:37181156,PubMed,37181156,Supplementation with inulin-type fructans affects gut microbiota and attenuates some of the cardiometabolic benefits of a plant-based diet in individuals with overweight or obesity.,lipid,The change in the latter was significantly associated with higher values of insulin and HOMA-IR and lower HDL cholesterol.,p = 0.53,,,,,,,100 subjects; n = 82; n = 21; n = 22,detail_hint,codex,pending,
PMID:37181156,PubMed,37181156,Supplementation with inulin-type fructans affects gut microbiota and attenuates some of the cardiometabolic benefits of a plant-based diet in individuals with overweight or obesity.,microbiome,"The gut microbiota has emerged as a potential therapeutic target to improve the management of obesity and its comorbidities.; We investigated the impact of a high fiber (∼38 g/d) plant-based diet, consumed ad libitum, with or without added inulin-type fructans (ITF), on the gut microbiota composition and cardiometabolic outcomes in subjects with obesity.",p = 0.53,,,,,,,100 subjects; n = 82; n = 21; n = 22,detail_hint,codex,pending,
PMID:40827948,PubMed,40827948,Long-term efficacy of dapagliflozin combined with Bifidobacterium triple viable tablets on metabolic syndrome and gut microbiota in overweight/obese patients with type 2 diabetes.,weight,"Analyses used mixed-effects models (completers: 57 control, 58 experimental) and Spearman correlations.; The experimental group showed superior improvements in weight (-5.2 kg vs -3.1 kg), HbA1c (-1.8% vs -0.8%), LDL-C (-0.5 vs -0.3 mmol/L), HDL-C (+0.17 vs +0.07 mmol/L), and HOMA-IR (-1.2 vs -0.6) compared to controls (all P < 0.05).",P < 0.05; P < 0.001; P = 0.003; P = 0.001; P = 0.008; P = 0.041; P = 0.672,,,,,,,n = 60,detail_hint,codex,pending,
PMID:40827948,PubMed,40827948,Long-term efficacy of dapagliflozin combined with Bifidobacterium triple viable tablets on metabolic syndrome and gut microbiota in overweight/obese patients with type 2 diabetes.,glucose,"Analyses used mixed-effects models (completers: 57 control, 58 experimental) and Spearman correlations.; The experimental group showed superior improvements in weight (-5.2 kg vs -3.1 kg), HbA1c (-1.8% vs -0.8%), LDL-C (-0.5 vs -0.3 mmol/L), HDL-C (+0.17 vs +0.07 mmol/L), and HOMA-IR (-1.2 vs -0.6) compared to controls (all P < 0.05).",P < 0.05; P < 0.001; P = 0.003; P = 0.001; P = 0.008; P = 0.041; P = 0.672,,,,,,,n = 60,detail_hint,codex,pending,
PMID:40827948,PubMed,40827948,Long-term efficacy of dapagliflozin combined with Bifidobacterium triple viable tablets on metabolic syndrome and gut microbiota in overweight/obese patients with type 2 diabetes.,lipid,"SGLT2 inhibitors improve cardiorenal outcomes and may modulate gut microbiota, while specific probiotics demonstrate glycemic and lipid benefits.",P < 0.05; P < 0.001; P = 0.003; P = 0.001; P = 0.008; P = 0.041; P = 0.672,,,,,,,n = 60,detail_hint,codex,pending,
PMID:40827948,PubMed,40827948,Long-term efficacy of dapagliflozin combined with Bifidobacterium triple viable tablets on metabolic syndrome and gut microbiota in overweight/obese patients with type 2 diabetes.,microbiome,"SGLT2 inhibitors improve cardiorenal outcomes and may modulate gut microbiota, while specific probiotics demonstrate glycemic and lipid benefits.",P < 0.05; P < 0.001; P = 0.003; P = 0.001; P = 0.008; P = 0.041; P = 0.672,,,,,,,n = 60,detail_hint,codex,pending,
PMID:41586244,PubMed,41586244,"The effects of a very low-energy ketogenic therapy on body composition, gut microbiota and metabolites in overweight subjects.",weight,"Results showed significant reductions in body weight, BMI, and fat mass.",,,,,,,,,detail_hint,codex,pending,
PMID:41586244,PubMed,41586244,"The effects of a very low-energy ketogenic therapy on body composition, gut microbiota and metabolites in overweight subjects.",BMI,"Results showed significant reductions in body weight, BMI, and fat mass.",,,,,,,,,detail_hint,codex,pending,
PMID:41586244,PubMed,41586244,"The effects of a very low-energy ketogenic therapy on body composition, gut microbiota and metabolites in overweight subjects.",body_fat,"Results showed significant reductions in body weight, BMI, and fat mass.",,,,,,,,,detail_hint,codex,pending,
PMID:41586244,PubMed,41586244,"The effects of a very low-energy ketogenic therapy on body composition, gut microbiota and metabolites in overweight subjects.",microbiome,"Microbiota analysis revealed decreased Firmicutes and Actinobacteria, and increased Bacteroidetes and Verrucomicrobia.",,,,,,,,,detail_hint,codex,pending,
EUROPEPMC:41444876,PubMed,41444876,The role of microbiome-modulating supplements in managing metabolic syndrome risk factors among overweight and obese youth: a GRADE-assessed meta-analysis.,weight,"Data were pooled using a random-effects model.; Prebiotic supplementation was associated with significant reductions in weight (SMD = - 0.81; 95% CI: - 1.44 to - 0.19) and BMI (SMD = - 0.76; 95% CI: - 1.38 to - 0.14), whereas BMI z-scores remained unchanged (p > 0.05).",,,,,,,,,detail_hint,codex,pending,
EUROPEPMC:41444876,PubMed,41444876,The role of microbiome-modulating supplements in managing metabolic syndrome risk factors among overweight and obese youth: a GRADE-assessed meta-analysis.,BMI,"Data were pooled using a random-effects model.; Prebiotic supplementation was associated with significant reductions in weight (SMD = - 0.81; 95% CI: - 1.44 to - 0.19) and BMI (SMD = - 0.76; 95% CI: - 1.38 to - 0.14), whereas BMI z-scores remained unchanged (p > 0.05).",,,,,,,,,detail_hint,codex,pending,
EUROPEPMC:41444876,PubMed,41444876,The role of microbiome-modulating supplements in managing metabolic syndrome risk factors among overweight and obese youth: a GRADE-assessed meta-analysis.,lipid,Glycemic and lipid profile parameters were not significantly altered by any biotic supplementation (p > 0.05).,,,,,,,,,detail_hint,codex,pending,
PMID:41930918,PubMed,41930918,Gut Microbiota and Metabolic Profiles Reveal the Mechanism of Weight Loss in Patients with Obesity Stimulated By Acupuncture.,weight,"These findings suggest that QLIA exerts its weight-loss effects by reshaping the gut microbiota structure and modulating host metabolic profiles, thereby highlighting a synergistic mechanism involving the gut-host metabolic axis.; QLIA significantly promoted weight loss in simple obesity by modulating key metabolic pathways and altering gut microbiota composition.",,,,,,,,n=10,detail_hint,codex,pending,
PMID:41930918,PubMed,41930918,Gut Microbiota and Metabolic Profiles Reveal the Mechanism of Weight Loss in Patients with Obesity Stimulated By Acupuncture.,microbiome,"16S rRNA sequencing was performed on fecal samples, and serum samples were analyzed using ultra-high-performance liquid chromatography-tandem mass spectrometry (UHPLCMS/ MS) metabolomics.; QLIA significantly altered gut microbiota α-diversity and β- diversity.",,,,,,,,n=10,detail_hint,codex,pending,
PMID:31952249,PubMed,31952249,"Effects of Synbiotic Supplement on Human Gut Microbiota, Body Composition and Weight Loss in Obesity.",weight,Weight loss resulting from low-carbohydrate high-protein diets can be significant but has also been linked to potentially negative health effects due to increased bacterial fermentation of undigested protein within the colon and subsequent changes in gut microbiota composition.,,,,,,,,,detail_hint,codex,pending,
PMID:31952249,PubMed,31952249,"Effects of Synbiotic Supplement on Human Gut Microbiota, Body Composition and Weight Loss in Obesity.",BMI,"The results showed no statistically significant differences in body composition (body mass, BMI, body fat mass, body fat percentage, body lean mass, and bone mineral content) between the placebo and synbiotic groups at the end of the clinical trial (3-month intervention, 20 human subjects participating in weight loss intervention based on a low-carbohydrate, high-protein, reduced energy diet).",,,,,,,,,detail_hint,codex,pending,
PMID:31952249,PubMed,31952249,"Effects of Synbiotic Supplement on Human Gut Microbiota, Body Composition and Weight Loss in Obesity.",waist,"However, the decrease over time in body mass, BMI, waist circumstance, and body fat mass was associated with a decrease in Bifidobacterium abundance.",,,,,,,,,detail_hint,codex,pending,
PMID:31952249,PubMed,31952249,"Effects of Synbiotic Supplement on Human Gut Microbiota, Body Composition and Weight Loss in Obesity.",body_fat,"The results showed no statistically significant differences in body composition (body mass, BMI, body fat mass, body fat percentage, body lean mass, and bone mineral content) between the placebo and synbiotic groups at the end of the clinical trial (3-month intervention, 20 human subjects participating in weight loss intervention based on a low-carbohydrate, high-protein, reduced energy diet).",,,,,,,,,detail_hint,codex,pending,
PMID:31952249,PubMed,31952249,"Effects of Synbiotic Supplement on Human Gut Microbiota, Body Composition and Weight Loss in Obesity.",glucose,"Regression analysis performed to correlate abundance of species following supplementation with body composition parameters and biomarkers of obesity found an association between a decrease over time in blood glucose and an increase in Lactobacillus abundance, particularly in the synbiotic group.",,,,,,,,,detail_hint,codex,pending,
PMID:31952249,PubMed,31952249,"Effects of Synbiotic Supplement on Human Gut Microbiota, Body Composition and Weight Loss in Obesity.",microbiome,Targeting gut microbiota with synbiotics (probiotic supplements containing prebiotic components) is emerging as a promising intervention in the comprehensive nutritional approach to reducing obesity.,,,,,,,,,detail_hint,codex,pending,
PMID:37447365,PubMed,37447365,"Effect of a Probiotic and a Synbiotic on Body Fat Mass, Body Weight and Traits of Metabolic Syndrome in Individuals with Abdominal Overweight: A Human, Double-Blind, Randomised, Controlled Clinical Study.",weight,"Accordingly, differences were found in ∆ body weight (p = 0.012), BMI (p = 0.011), waist circumference (p = 0.03), waist-to-height ratio (p = 0.033), visceral adipose tissue (SAD) (p < 0.001) and liver steatosis grade (LSG) (p < 0.001), as assessed using sonography.",p = 0.039; p = 0.012; p = 0.011; p = 0.03; p = 0.033; p < 0.001; p = 0.002; p = 0.009,,,,,,,180 individuals,detail_hint,codex,pending,
PMID:37447365,PubMed,37447365,"Effect of a Probiotic and a Synbiotic on Body Fat Mass, Body Weight and Traits of Metabolic Syndrome in Individuals with Abdominal Overweight: A Human, Double-Blind, Randomised, Controlled Clinical Study.",BMI,"Accordingly, differences were found in ∆ body weight (p = 0.012), BMI (p = 0.011), waist circumference (p = 0.03), waist-to-height ratio (p = 0.033), visceral adipose tissue (SAD) (p < 0.001) and liver steatosis grade (LSG) (p < 0.001), as assessed using sonography.",p = 0.039; p = 0.012; p = 0.011; p = 0.03; p = 0.033; p < 0.001; p = 0.002; p = 0.009,,,,,,,180 individuals,detail_hint,codex,pending,
PMID:37447365,PubMed,37447365,"Effect of a Probiotic and a Synbiotic on Body Fat Mass, Body Weight and Traits of Metabolic Syndrome in Individuals with Abdominal Overweight: A Human, Double-Blind, Randomised, Controlled Clinical Study.",waist,"Accordingly, differences were found in ∆ body weight (p = 0.012), BMI (p = 0.011), waist circumference (p = 0.03), waist-to-height ratio (p = 0.033), visceral adipose tissue (SAD) (p < 0.001) and liver steatosis grade (LSG) (p < 0.001), as assessed using sonography.",p = 0.039; p = 0.012; p = 0.011; p = 0.03; p = 0.033; p < 0.001; p = 0.002; p = 0.009,,,,,,,180 individuals,detail_hint,codex,pending,
PMID:37447365,PubMed,37447365,"Effect of a Probiotic and a Synbiotic on Body Fat Mass, Body Weight and Traits of Metabolic Syndrome in Individuals with Abdominal Overweight: A Human, Double-Blind, Randomised, Controlled Clinical Study.",body_fat,The alteration (∆) in body fat mass (kg) (primary parameter) during intervention was significantly (p = 0.039) more pronounced in the Probiotic group (-0.61 ± 1.94; mean ± SD) compared with the Placebo group (+0.13 ± 1.64).,p = 0.039; p = 0.012; p = 0.011; p = 0.03; p = 0.033; p < 0.001; p = 0.002; p = 0.009,,,,,,,180 individuals,detail_hint,codex,pending,
PMID:27810310,PubMed,27810310,"Probiotic With or Without Fiber Controls Body Fat Mass, Associated With Serum Zonulin, in Overweight and Obese Adults-Randomized Controlled Trial.",weight,"However, LU+B420 and B420 seemed to improve weight management in the PP population.",P=0.02; P=0.28; P=0.095; P=0.002,,,,,,,n=209; n=134; N=37; N=35; N=24,detail_hint,codex,pending,
PMID:27810310,PubMed,27810310,"Probiotic With or Without Fiber Controls Body Fat Mass, Associated With Serum Zonulin, in Overweight and Obese Adults-Randomized Controlled Trial.",waist,"B420 and LU+B420 also reduced waist circumference and food intake, whereas LU alone had no effect on the measured outcomes.",P=0.02; P=0.28; P=0.095; P=0.002,,,,,,,n=209; n=134; N=37; N=35; N=24,detail_hint,codex,pending,
PMID:27810310,PubMed,27810310,"Probiotic With or Without Fiber Controls Body Fat Mass, Associated With Serum Zonulin, in Overweight and Obese Adults-Randomized Controlled Trial.",body_fat,There were no significant differences between groups in body fat mass in the ITT population.,P=0.02; P=0.28; P=0.095; P=0.002,,,,,,,n=209; n=134; N=37; N=35; N=24,detail_hint,codex,pending,
PMID:29547587,PubMed,29547587,Dietary Alteration of the Gut Microbiome and Its Impact on Weight and Fat Mass: A Systematic Review and Meta-Analysis.,weight,"Probiotic use was associated with significant decreases in BMI, weight and fat mass.",,,,,,,,,detail_hint,codex,pending,
PMID:29547587,PubMed,29547587,Dietary Alteration of the Gut Microbiome and Its Impact on Weight and Fat Mass: A Systematic Review and Meta-Analysis.,BMI,"Probiotic use was associated with significant decreases in BMI, weight and fat mass.",,,,,,,,,detail_hint,codex,pending,
PMID:29547587,PubMed,29547587,Dietary Alteration of the Gut Microbiome and Its Impact on Weight and Fat Mass: A Systematic Review and Meta-Analysis.,body_fat,"Probiotic use was associated with significant decreases in BMI, weight and fat mass.",,,,,,,,,detail_hint,codex,pending,
PMID:29547587,PubMed,29547587,Dietary Alteration of the Gut Microbiome and Its Impact on Weight and Fat Mass: A Systematic Review and Meta-Analysis.,microbiome,"Overall, when the utilization of gut microbiome-modulating dietary agents (prebiotic/probiotic/synbiotic) was compared to placebo, there were significant decreases in BMI, weight and fat mass.",,,,,,,,,detail_hint,codex,pending,
PMID:30468509,PubMed,30468509,"Probiotics, prebiotics and synbiotics for weight loss and metabolic syndrome in the microbiome era.",weight,Clinical studies and significant pre-clinical results showing molecular mechanisms supporting clinical results were also discussed.; Several studies in humans and in animal models have elucidated biological mechanisms supporting the observed clinical efficacy of selected probiotic and prebiotic compounds for weight management.,,,,,,,,,detail_hint,codex,pending,
PMID:30468509,PubMed,30468509,"Probiotics, prebiotics and synbiotics for weight loss and metabolic syndrome in the microbiome era.",microbiome,"Their administration, together with galactomannan and/or inulin fibers, may increase weight management effects due to synergistic effect on short chain fatty acid production and microbiota 're-configuration'.",,,,,,,,,detail_hint,codex,pending,
PMID:31126565,PubMed,31126565,Effects of pro-/synbiotic supplementation on anthropometric and metabolic indices in overweight or obese children and adolescents: A systematic review and meta-analysis.,weight,"Therefore, the present review was undertaken to evaluate the overall effects of pro-/synbiotics supplementation on anthropometric indices and metabolic indices in overweight or obese children and adolescents.; A systematic computerized literature search of PubMed, Scopus, ISI Web of science and Google Scholar databases was conducted up to November 2018.",,,,,,,,410 subjects,detail_hint,codex,pending,
PMID:31126565,PubMed,31126565,Effects of pro-/synbiotic supplementation on anthropometric and metabolic indices in overweight or obese children and adolescents: A systematic review and meta-analysis.,BMI,"Pooled analysis did not illustrate any significant changes in BMI z-score, waist circumference, weight, body fat, fasting blood sugar and lipid profiles (triglyceride, total cholesterol, high-density lipoprotein cholesterol, and low-density lipoprotein cholesterol) after supplementation with pro-/synbiotics for 4-16 weeks.",,,,,,,,410 subjects,detail_hint,codex,pending,
PMID:31126565,PubMed,31126565,Effects of pro-/synbiotic supplementation on anthropometric and metabolic indices in overweight or obese children and adolescents: A systematic review and meta-analysis.,waist,"Pooled analysis did not illustrate any significant changes in BMI z-score, waist circumference, weight, body fat, fasting blood sugar and lipid profiles (triglyceride, total cholesterol, high-density lipoprotein cholesterol, and low-density lipoprotein cholesterol) after supplementation with pro-/synbiotics for 4-16 weeks.",,,,,,,,410 subjects,detail_hint,codex,pending,
PMID:31126565,PubMed,31126565,Effects of pro-/synbiotic supplementation on anthropometric and metabolic indices in overweight or obese children and adolescents: A systematic review and meta-analysis.,body_fat,"Pooled analysis did not illustrate any significant changes in BMI z-score, waist circumference, weight, body fat, fasting blood sugar and lipid profiles (triglyceride, total cholesterol, high-density lipoprotein cholesterol, and low-density lipoprotein cholesterol) after supplementation with pro-/synbiotics for 4-16 weeks.",,,,,,,,410 subjects,detail_hint,codex,pending,
PMID:31126565,PubMed,31126565,Effects of pro-/synbiotic supplementation on anthropometric and metabolic indices in overweight or obese children and adolescents: A systematic review and meta-analysis.,lipid,"Pooled analysis did not illustrate any significant changes in BMI z-score, waist circumference, weight, body fat, fasting blood sugar and lipid profiles (triglyceride, total cholesterol, high-density lipoprotein cholesterol, and low-density lipoprotein cholesterol) after supplementation with pro-/synbiotics for 4-16 weeks.",,,,,,,,410 subjects,detail_hint,codex,pending,
PMID:31126565,PubMed,31126565,Effects of pro-/synbiotic supplementation on anthropometric and metabolic indices in overweight or obese children and adolescents: A systematic review and meta-analysis.,microbiome,"However, subgroup analysis by intervention type revealed a significant reduction of BMI z-score in synbiotic subgroups.; Based on our findings, modulation of gut microbiota composition through pro-/ synbiotic supplements did not have favorable effects to manage overweight or obese children and adolescents.",,,,,,,,410 subjects,detail_hint,codex,pending,
EUROPEPMC:32718098,PubMed,32718098,"Modulation of the Gut Microbiota by Olive Oil Phenolic Compounds: Implications for Lipid Metabolism, Immune System, and Obesity.",lipid,OOPCs also increase certain beneficial bacteria and gut-bacteria diversity which can be therapeutic for lipid-immune disorders and obesity.,,,,,,,,,detail_hint,codex,pending,
PMID:32152146,PubMed,32152146,Genistein stimulates insulin sensitivity through gut microbiota reshaping and skeletal muscle AMPK activation in obese subjects.,glucose,"Previous studies demonstrated that genistein intake modifies the gut microbiota in mice by selectively increasing Akkermansia muciniphila, leading to reduction of metabolic endotoxemia and insulin sensitivity.",,,,,,,,45 participants,detail_hint,codex,pending,
PMID:32152146,PubMed,32152146,Genistein stimulates insulin sensitivity through gut microbiota reshaping and skeletal muscle AMPK activation in obese subjects.,microbiome,"Previous studies demonstrated that genistein intake modifies the gut microbiota in mice by selectively increasing Akkermansia muciniphila, leading to reduction of metabolic endotoxemia and insulin sensitivity.",,,,,,,,45 participants,detail_hint,codex,pending,
PMID:34967874,PubMed,34967874,"Weight loss and high-protein, high-fiber diet consumption impact blood metabolite profiles, body composition, voluntary physical activity, fecal microbiota, and fecal metabolites of adult dogs.",weight,"BCS decreased (P < 0.0001) by 2.7 units, fat mass decreased (P < 0.0001) by 3.1 kg, and fat percentage decreased (P < 0.0001) by 11.7% with weight loss.",P < 0.0001; P < 0.05; P < 0.01,,,,,,,,detail_hint,codex,pending,
PMID:34967874,PubMed,34967874,"Weight loss and high-protein, high-fiber diet consumption impact blood metabolite profiles, body composition, voluntary physical activity, fecal microbiota, and fecal metabolites of adult dogs.",body_fat,"BCS decreased (P < 0.0001) by 2.7 units, fat mass decreased (P < 0.0001) by 3.1 kg, and fat percentage decreased (P < 0.0001) by 11.7% with weight loss.",P < 0.0001; P < 0.05; P < 0.01,,,,,,,,detail_hint,codex,pending,
PMID:34967874,PubMed,34967874,"Weight loss and high-protein, high-fiber diet consumption impact blood metabolite profiles, body composition, voluntary physical activity, fecal microbiota, and fecal metabolites of adult dogs.",glucose,"Many serum metabolites and hormones were altered, with triglycerides, leptin, insulin, C-reactive protein, and interleukin-6 decreasing (P < 0.05) with weight loss.",P < 0.0001; P < 0.05; P < 0.01,,,,,,,,detail_hint,codex,pending,
PMID:34967874,PubMed,34967874,"Weight loss and high-protein, high-fiber diet consumption impact blood metabolite profiles, body composition, voluntary physical activity, fecal microbiota, and fecal metabolites of adult dogs.",lipid,"Many serum metabolites and hormones were altered, with triglycerides, leptin, insulin, C-reactive protein, and interleukin-6 decreasing (P < 0.05) with weight loss.",P < 0.0001; P < 0.05; P < 0.01,,,,,,,,detail_hint,codex,pending,
PMID:34967874,PubMed,34967874,"Weight loss and high-protein, high-fiber diet consumption impact blood metabolite profiles, body composition, voluntary physical activity, fecal microbiota, and fecal metabolites of adult dogs.",microbiome,"Our results suggest that restricted feeding of a HPHF diet and weight loss promotes fat mass loss, minimizes lean mass loss, reduces inflammatory marker and triglyceride concentrations, and modulates fecal microbiota phylogeny and activity in overweight dogs.",P < 0.0001; P < 0.05; P < 0.01,,,,,,,,detail_hint,codex,pending,
PMID:36944956,PubMed,36944956,Effect of different doses of Lacticaseibacillus paracasei K56 on body fat and metabolic parameters in adult individuals with obesity: a pilot study.,weight,"There were non-significant reductions in Body weight and BMI in the L_K56, H_K56, VL_K56 groups, whereas increases were observed in the placebo and VH_K56 groups compared with baseline values.",p = 0.004; p = 0.0007; p = 0.018; p = 0.003; p = 0.002,,,,,,,,detail_hint,codex,pending,
PMID:36944956,PubMed,36944956,Effect of different doses of Lacticaseibacillus paracasei K56 on body fat and metabolic parameters in adult individuals with obesity: a pilot study.,BMI,"The purpose of this study was to evaluate the effect of a novel probiotic strain Lacticaseibacillus paracasei K56 on body fat and metabolic biomarkers in adult individuals with obesity.; 74 adult subjects with obesity (body mass index ≥ 30 kg/m2, or percent body fat > 25% for men, percent body fat > 30% for women) were randomized into 5 groups and supplemented with different doses of K56 (groups VL_K56, L_K56, H_K56, and VH_K56: K56 capsules, 2 × 107 CFU/day, 2 × 109 CFU/day, 2 × 1010 CFU/day, 2",p = 0.004; p = 0.0007; p = 0.018; p = 0.003; p = 0.002,,,,,,,,detail_hint,codex,pending,
PMID:36944956,PubMed,36944956,Effect of different doses of Lacticaseibacillus paracasei K56 on body fat and metabolic parameters in adult individuals with obesity: a pilot study.,waist,"Anthropometric measurements, body composition assessment, and metabolic parameters were measured at baseline and after 60 days of intervention.; The results showed that the L_K56 group had significant decreases in percent body fat (p = 0.004), visceral fat area (p = 0.0007), total body fat mass (p = 0.018), trunk body fat mass (p = 0.003), waist circumference (p = 0.003), glycosylated hemoglobin(p = 0.002) at the end of the study compared with baseline.",p = 0.004; p = 0.0007; p = 0.018; p = 0.003; p = 0.002,,,,,,,,detail_hint,codex,pending,
PMID:36944956,PubMed,36944956,Effect of different doses of Lacticaseibacillus paracasei K56 on body fat and metabolic parameters in adult individuals with obesity: a pilot study.,body_fat,Studies have shown that probiotics have an effect on reducing body fat on a strain-specific and dose-response bases.,p = 0.004; p = 0.0007; p = 0.018; p = 0.003; p = 0.002,,,,,,,,detail_hint,codex,pending,
PMID:38068829,PubMed,38068829,Combating Obesity: Harnessing the Synergy of Postbiotics and Prebiotics for Enhanced Lipid Excretion and Microbiota Regulation.,weight,"After 12 weeks of feeding, the weight gain of mice that were fed with high-dose AYS (group H) and low-dose AYS (group L) from 4 to 12 weeks was 6.72 g and 5.25 g (p < 0.05), both of which were significantly lower than that of the high-fat diet (group DM, control group) group (7.73 g) (p < 0.05).",p < 0.05,,,,,,,,detail_hint,codex,pending,
PMID:38068829,PubMed,38068829,Combating Obesity: Harnessing the Synergy of Postbiotics and Prebiotics for Enhanced Lipid Excretion and Microbiota Regulation.,lipid,"In addition, the fecal lipid content of mice in the L group reached 5.89%, which was significantly higher than that of the DM group at 4.02% (p < 0.05).",p < 0.05,,,,,,,,detail_hint,codex,pending,
PMID:38068829,PubMed,38068829,Combating Obesity: Harnessing the Synergy of Postbiotics and Prebiotics for Enhanced Lipid Excretion and Microbiota Regulation.,microbiome,"The study showed that AYS changed the structure of the intestinal microbiota in mice on a high-fat diet, resulting in a decrease in the relative abundance of Firmicutes and Muribaculaceae and an increase in the relative abundance of Bacteroidetes, Verrucomicrobia, and Lactobacillus.",p < 0.05,,,,,,,,detail_hint,codex,pending,
PMID:37685493,PubMed,37685493,Exploring Gut Microbiota and the Influence of Physical Activity Interventions on Overweight and Obese Children and Adolescents: A Systematic Review.,weight,Interventions with physical activity seem to improve the alpha diversity and beneficial bacteria linked to body weight loss in children and adolescents.,,,,,,,,,detail_hint,codex,pending,
PMID:37685493,PubMed,37685493,Exploring Gut Microbiota and the Influence of Physical Activity Interventions on Overweight and Obese Children and Adolescents: A Systematic Review.,microbiome,"The analysis indicated that obese gut microbiota is reduced in Bacteroidetes, Bifidobacterium and alpha diversity but enriched in Proteobacteria and Lactobacillus.",,,,,,,,,detail_hint,codex,pending,
PMID:38744950,PubMed,38744950,"Effect of weight loss program using prebiotics and probiotics on body composition, physique, and metabolic products: longitudinal intervention study.",weight,"The relationship between gut microbiota and obesity has recently been an important subject for research as the gut microbiota is thought to affect body homeostasis including body weight and composition, intervening with pro and prebiotics is an intelligent possible way for obesity management.",,,,,,,,,detail_hint,codex,pending,
PMID:38744950,PubMed,38744950,"Effect of weight loss program using prebiotics and probiotics on body composition, physique, and metabolic products: longitudinal intervention study.",microbiome,"The relationship between gut microbiota and obesity has recently been an important subject for research as the gut microbiota is thought to affect body homeostasis including body weight and composition, intervening with pro and prebiotics is an intelligent possible way for obesity management.",,,,,,,,,detail_hint,codex,pending,
PMID:38270436,PubMed,38270436,Dietary supplementation with probiotics promotes weight loss by reshaping the gut microbiome and energy metabolism in obese dogs.,weight,"Obesity and overweight among companion animals are significant concerns, paralleling the issues observed in human populations.",,,,,,,,,detail_hint,codex,pending,
PMID:38270436,PubMed,38270436,Dietary supplementation with probiotics promotes weight loss by reshaping the gut microbiome and energy metabolism in obese dogs.,glucose,This stimulation led to the restoration of eating behavior and improvements in glucose and insulin tolerance.,,,,,,,,,detail_hint,codex,pending,
PMID:38270436,PubMed,38270436,Dietary supplementation with probiotics promotes weight loss by reshaping the gut microbiome and energy metabolism in obese dogs.,lipid,"In this study, we delved into the beneficial probiotic mechanisms in high-fat-induced obese canines, revealing that Enterococcus faecium IDCC 2102 (IDCC 2102) and Bifidobacterium lactis IDCC 4301 (IDCC 4301) have the capacity to mitigate the increase in body weight and lipid accumulation in obese canines subjected to a high-fat diet and hyperlipidemic Caenorhabditis elegans (C.",,,,,,,,,detail_hint,codex,pending,
NCT:NCT01004120,ClinicalTrials.gov,NCT01004120,Efficacy of a Prebiotic Galactooligosaccharide to Reduce Metabolic Syndrome Risk Factors in Overweight Adults,weight,"Efficacy of a Prebiotic Galactooligosaccharide to Reduce Metabolic Syndrome Risk Factors in Overweight Adults  Bimuno; Maltodextrin Faecal microbiota changes enumerated by Fluorescent In Situ Hybridisation and qualitatively assessed by Denaturing Gradient Gel Electrophoresis.; Lipid profile (total, LDL and HDL cholesterol, triglycerides and non-esterified fatty acids); Inflammatory/thrombotic biomarkers (including C-reactive protein, TNF-a, IL6, IL-8, IL-10, sCD40L, sP-selectin, t-PA) Insulin re",,,,,,,,48,detail_hint,codex,pending,
NCT:NCT01004120,ClinicalTrials.gov,NCT01004120,Efficacy of a Prebiotic Galactooligosaccharide to Reduce Metabolic Syndrome Risk Factors in Overweight Adults,glucose,"Efficacy of a Prebiotic Galactooligosaccharide to Reduce Metabolic Syndrome Risk Factors in Overweight Adults  Bimuno; Maltodextrin Faecal microbiota changes enumerated by Fluorescent In Situ Hybridisation and qualitatively assessed by Denaturing Gradient Gel Electrophoresis.; Lipid profile (total, LDL and HDL cholesterol, triglycerides and non-esterified fatty acids); Inflammatory/thrombotic biomarkers (including C-reactive protein, TNF-a, IL6, IL-8, IL-10, sCD40L, sP-selectin, t-PA) Insulin re",,,,,,,,48,detail_hint,codex,pending,
NCT:NCT01004120,ClinicalTrials.gov,NCT01004120,Efficacy of a Prebiotic Galactooligosaccharide to Reduce Metabolic Syndrome Risk Factors in Overweight Adults,lipid,"Efficacy of a Prebiotic Galactooligosaccharide to Reduce Metabolic Syndrome Risk Factors in Overweight Adults  Bimuno; Maltodextrin Faecal microbiota changes enumerated by Fluorescent In Situ Hybridisation and qualitatively assessed by Denaturing Gradient Gel Electrophoresis.; Lipid profile (total, LDL and HDL cholesterol, triglycerides and non-esterified fatty acids); Inflammatory/thrombotic biomarkers (including C-reactive protein, TNF-a, IL6, IL-8, IL-10, sCD40L, sP-selectin, t-PA) Insulin re",,,,,,,,48,detail_hint,codex,pending,
NCT:NCT01004120,ClinicalTrials.gov,NCT01004120,Efficacy of a Prebiotic Galactooligosaccharide to Reduce Metabolic Syndrome Risk Factors in Overweight Adults,microbiome,"Efficacy of a Prebiotic Galactooligosaccharide to Reduce Metabolic Syndrome Risk Factors in Overweight Adults  Bimuno; Maltodextrin Faecal microbiota changes enumerated by Fluorescent In Situ Hybridisation and qualitatively assessed by Denaturing Gradient Gel Electrophoresis.; Lipid profile (total, LDL and HDL cholesterol, triglycerides and non-esterified fatty acids); Inflammatory/thrombotic biomarkers (including C-reactive protein, TNF-a, IL6, IL-8, IL-10, sCD40L, sP-selectin, t-PA) Insulin re",,,,,,,,48,detail_hint,codex,pending,
EUROPEPMC:40851363,PubMed,40851363,The effect of probiotics on weight management in patients with severe obesity undergoing metabolic and bariatric surgery: a systematic review and meta-analysis.,weight,"Although metabolic and bariatric surgery (MBS) remains an effective intervention for severe obesity, postoperative weight regain persists as a significant clinical challenge.",,,,,,,,693 patients,detail_hint,codex,pending,
EUROPEPMC:40851363,PubMed,40851363,The effect of probiotics on weight management in patients with severe obesity undergoing metabolic and bariatric surgery: a systematic review and meta-analysis.,BMI,"Primary outcomes including percent excess weight loss (%EWL), postoperative body mass index (BMI), and BMI reduction.",,,,,,,,693 patients,detail_hint,codex,pending,
PMID:41486934,PubMed,41486934,Synergistic anti-obesity effects of Bifidobacterium breve BR3 and Lactiplantibacillus plantarum LP3 via coordinated regulation of lipid metabolism and gut microbiota.,weight,"breve BR3 mixture exhibited significant reductions in body weight and total fat mass, as assessed by Dual-energy X-ray Absorptiometry (DXA) and Echo Magnetic Resonance Imaging (EchoMRI).",,,,,,,,,detail_hint,codex,pending,
PMID:41486934,PubMed,41486934,Synergistic anti-obesity effects of Bifidobacterium breve BR3 and Lactiplantibacillus plantarum LP3 via coordinated regulation of lipid metabolism and gut microbiota.,body_fat,"breve BR3 mixture exhibited significant reductions in body weight and total fat mass, as assessed by Dual-energy X-ray Absorptiometry (DXA) and Echo Magnetic Resonance Imaging (EchoMRI).",,,,,,,,,detail_hint,codex,pending,
PMID:41486934,PubMed,41486934,Synergistic anti-obesity effects of Bifidobacterium breve BR3 and Lactiplantibacillus plantarum LP3 via coordinated regulation of lipid metabolism and gut microbiota.,microbiome,"Gut microbiota analysis demonstrated an increased relative abundance of beneficial genera, including Akkermansia and Bacteroides, highlighting a microbiome-mediated contribution to the observed metabolic benefits.",,,,,,,,,detail_hint,codex,pending,
PMID:40732984,PubMed,40732984,Gut Microbiota Shifts After a Weight Loss Program in Adults with Obesity: The WLM3P Study.,weight,Gut Microbiota Shifts After a Weight Loss Program in Adults with Obesity: The WLM3P Study.,p = 0.03; p < 0.01,,,,,,,58 adults; n = 29,detail_hint,codex,pending,
PMID:40732984,PubMed,40732984,Gut Microbiota Shifts After a Weight Loss Program in Adults with Obesity: The WLM3P Study.,BMI,"The analysis focused exclusively on the 6-month weight loss period corresponding to Phases 1 and 2 of the WLM3P intervention.; In this sub-analysis of a randomized controlled trial (ClinicalTrials.gov Identifier: NCT04192357), 58 adults with obesity (BMI 30.0-39.9 kg/m2) were randomized to the WLM3P (n = 29) or LCD (n = 29) groups.",p = 0.03; p < 0.01,,,,,,,58 adults; n = 29,detail_hint,codex,pending,
PMID:40732984,PubMed,40732984,Gut Microbiota Shifts After a Weight Loss Program in Adults with Obesity: The WLM3P Study.,body_fat,"Notably, higher Faecalibacterium abundance was associated with greater reductions in fat mass (kg, %) and visceral adiposity (cm2) in the WLM3P group compared to LCD (p < 0.01).; These findings suggest a potential microbiota-mediated mechanism in weight loss, where Faecalibacterium may enhance fat reduction effectiveness in the context of the WLM3P intervention.",p = 0.03; p < 0.01,,,,,,,58 adults; n = 29,detail_hint,codex,pending,
PMID:40732984,PubMed,40732984,Gut Microbiota Shifts After a Weight Loss Program in Adults with Obesity: The WLM3P Study.,lipid,"The gut microbiota is increasingly recognized as a key modulator in obesity management, influencing host energy balance, lipid metabolism, and inflammatory pathways.",p = 0.03; p < 0.01,,,,,,,58 adults; n = 29,detail_hint,codex,pending,
PMID:40732984,PubMed,40732984,Gut Microbiota Shifts After a Weight Loss Program in Adults with Obesity: The WLM3P Study.,microbiome,Gut Microbiota Shifts After a Weight Loss Program in Adults with Obesity: The WLM3P Study.,p = 0.03; p < 0.01,,,,,,,58 adults; n = 29,detail_hint,codex,pending,
PMID:39340527,PubMed,39340527,"Effects of probiotics, prebiotics, and synbiotics on cardiometabolic risk factors in children and adolescents with overweight or obesity: a systematic review and Bayesian network meta-analysis.",BMI,"Multiple-strain probiotics (MSP) showed significant efficacy in reducing BMI (Mean Difference (MD) -2.13 kg/m2, 95% credible interval (CrI) [-2.7, -1.57]), waist circumference (MD -1.34 cm, 95% CrI [-2.33, -0.35]), total cholesterol (MD -6.55 mg/dL, 95% CrI [-10.61, -2.45]), triglycerides (MD -3.71 mg/dL, 95% CrI [-5.76, -1.67]), leptin (MD -3.99 ng/mL, 95% CrI [-4.68, -3.3]), and hypersensitive C-reactive protein (Hs-CRP) (MD -1.21 mg/L, 95% CrI [-1.45, -0.97]).",,,,,,,,820 participants,detail_hint,codex,pending,
PMID:39340527,PubMed,39340527,"Effects of probiotics, prebiotics, and synbiotics on cardiometabolic risk factors in children and adolescents with overweight or obesity: a systematic review and Bayesian network meta-analysis.",waist,"Multiple-strain probiotics (MSP) showed significant efficacy in reducing BMI (Mean Difference (MD) -2.13 kg/m2, 95% credible interval (CrI) [-2.7, -1.57]), waist circumference (MD -1.34 cm, 95% CrI [-2.33, -0.35]), total cholesterol (MD -6.55 mg/dL, 95% CrI [-10.61, -2.45]), triglycerides (MD -3.71 mg/dL, 95% CrI [-5.76, -1.67]), leptin (MD -3.99 ng/mL, 95% CrI [-4.68, -3.3]), and hypersensitive C-reactive protein (Hs-CRP) (MD -1.21 mg/L, 95% CrI [-1.45, -0.97]).",,,,,,,,820 participants,detail_hint,codex,pending,
PMID:39340527,PubMed,39340527,"Effects of probiotics, prebiotics, and synbiotics on cardiometabolic risk factors in children and adolescents with overweight or obesity: a systematic review and Bayesian network meta-analysis.",glucose,"Synbiotics were effective in reducing BMI-z score (MD -0.07, 95% CrI [-0.10, -0.04]) and LDL-C (MD -1.54 mg/dL, 95% CrI [-1.98, -1.09]) but led to a slight increase in fasting glucose (MD 1.12 mg/dL, 95% CrI [0.75, 1.49]).",,,,,,,,820 participants,detail_hint,codex,pending,
PMID:39340527,PubMed,39340527,"Effects of probiotics, prebiotics, and synbiotics on cardiometabolic risk factors in children and adolescents with overweight or obesity: a systematic review and Bayesian network meta-analysis.",lipid,"Multiple-strain probiotics (MSP) showed significant efficacy in reducing BMI (Mean Difference (MD) -2.13 kg/m2, 95% credible interval (CrI) [-2.7, -1.57]), waist circumference (MD -1.34 cm, 95% CrI [-2.33, -0.35]), total cholesterol (MD -6.55 mg/dL, 95% CrI [-10.61, -2.45]), triglycerides (MD -3.71 mg/dL, 95% CrI [-5.76, -1.67]), leptin (MD -3.99 ng/mL, 95% CrI [-4.68, -3.3]), and hypersensitive C-reactive protein (Hs-CRP) (MD -1.21 mg/L, 95% CrI [-1.45, -0.97]).",,,,,,,,820 participants,detail_hint,codex,pending,
PMID:39340527,PubMed,39340527,"Effects of probiotics, prebiotics, and synbiotics on cardiometabolic risk factors in children and adolescents with overweight or obesity: a systematic review and Bayesian network meta-analysis.",microbiome,"Moderate to low evidence suggests MSP may be a potential choice for improving BMI and reducing lipids, leptin, and Hs-CRP levels, implying that MSP could aid in managing pediatric obesity and related metabolic issues by modulating the gut microbiota.",,,,,,,,820 participants,detail_hint,codex,pending,
PMID:39455650,PubMed,39455650,Effects of Lactiplantibacillus plantarum CBT LP3 and Bifidobacterium breve CBT BR3 supplementation on weight loss and gut microbiota of overweight dogs.,weight,"A significant decrease in body weight (p < 0.0001), BCS (p < 0.0001), serum TG (p < 0.0001), serum TC (p = 0.0400), and serum leptin (p = 0.0252), and a significantly increased serum adiponectin levels (p = 0.0007) were observed in the treatment group compared with the values in the control group.",p < 0.0001; p = 0.0400; p = 0.0252; p = 0.0007,,,,,,,,detail_hint,codex,pending,
PMID:39455650,PubMed,39455650,Effects of Lactiplantibacillus plantarum CBT LP3 and Bifidobacterium breve CBT BR3 supplementation on weight loss and gut microbiota of overweight dogs.,microbiome,"Microbiota analysis showed that Lactiplantibacillus increased and Erysipelatoclostridium, Staphylococcus, and Gemella decreased more significantly in the treatment group than in the control group.",p < 0.0001; p = 0.0400; p = 0.0252; p = 0.0007,,,,,,,,detail_hint,codex,pending,
PMID:37424169,PubMed,37424169,Effect of synbiotics on weight loss and metabolic health in adults with overweight and obesity: A randomized controlled trial.,weight,"Secondary outcomes were changes in weight, other metabolic health and inflammatory markers, gastrointestinal quality of life, and eating behaviors.; The V5 and V7 groups had a significant reduction in BMI (p < 0.0001) from baseline to the end of the study, as opposed to the nonsignificant change in the placebo group (p = 0.0711).",p < 0.0001; p = 0.0711; p = 0.0205,,,,,,,172 participants,detail_hint,codex,pending,
PMID:37424169,PubMed,37424169,Effect of synbiotics on weight loss and metabolic health in adults with overweight and obesity: A randomized controlled trial.,BMI,"Secondary outcomes were changes in weight, other metabolic health and inflammatory markers, gastrointestinal quality of life, and eating behaviors.; The V5 and V7 groups had a significant reduction in BMI (p < 0.0001) from baseline to the end of the study, as opposed to the nonsignificant change in the placebo group (p = 0.0711).",p < 0.0001; p = 0.0711; p = 0.0205,,,,,,,172 participants,detail_hint,codex,pending,
PMID:36352899,PubMed,36352899,Effect of garlic extract on weight loss and gut microbiota composition in obese women: A double-blind randomized controlled trial.,BMI,"Baseline body mass index (BMI) was significantly different between groups, subjects in the placebo group had lower BMI compared with the Allium group (P < 0.05).",P < 0.05; P < 0.01; P = 0.007,,,,,,,16 subjects,detail_hint,codex,pending,
PMID:36352899,PubMed,36352899,Effect of garlic extract on weight loss and gut microbiota composition in obese women: A double-blind randomized controlled trial.,glucose,Fasting insulin level significantly decreased in the both groups (P < 0.01).,P < 0.05; P < 0.01; P = 0.007,,,,,,,16 subjects,detail_hint,codex,pending,
PMID:36352899,PubMed,36352899,Effect of garlic extract on weight loss and gut microbiota composition in obese women: A double-blind randomized controlled trial.,microbiome,"We evaluated the gut microbiota composition using quantitative real-time PCR.; In total, 16 subjects in each group completed the 2-month trial.",P < 0.05; P < 0.01; P = 0.007,,,,,,,16 subjects,detail_hint,codex,pending,
PMID:34434546,PubMed,34434546,Effects of synbiotic supplement on body weight and fasting blood glucose levels in obesity: A randomized placebo-controlled trial.,weight,"BW, BMI, and FBG level were measured at baseline, 8 weeks after supplementation, and 4 weeks after terminating the supplementation.; There were no significant change of body weight and BMI after 8 weeks synbiotics supplementation and 4 weeks after supplement discontinuation, but there were significant increases in body weight by 3.38 kg and BMI by 1.37 kg/m2 in the control group.",,,,,,,,8 participants,detail_hint,codex,pending,
PMID:34434546,PubMed,34434546,Effects of synbiotic supplement on body weight and fasting blood glucose levels in obesity: A randomized placebo-controlled trial.,BMI,"BW, BMI, and FBG level were measured at baseline, 8 weeks after supplementation, and 4 weeks after terminating the supplementation.; There were no significant change of body weight and BMI after 8 weeks synbiotics supplementation and 4 weeks after supplement discontinuation, but there were significant increases in body weight by 3.38 kg and BMI by 1.37 kg/m2 in the control group.",,,,,,,,8 participants,detail_hint,codex,pending,
PMID:34434546,PubMed,34434546,Effects of synbiotic supplement on body weight and fasting blood glucose levels in obesity: A randomized placebo-controlled trial.,glucose,Fasting blood glucose levels were significantly decreased by 6.125 mg/dL after synbiotic supplementation.,,,,,,,,8 participants,detail_hint,codex,pending,
NCT:NCT04611477,ClinicalTrials.gov,NCT04611477,Effect of Synbiotic 365 on Body Composition in Overweight and Obese Individuals,weight,"Effect of Synbiotic 365 on Body Composition in Overweight and Obese Individuals  Rice Hulk; Synbiotic365 Ver 5; Synbiotic365 Ver 7 Change in body mass index (BMI) and the percentage of body fat f • Total body weight change in comparison to placebo on day 28, 56 and 84, from baseline, as assessed by weighing scale method.; • Change in central obesity in comparison to placebo on day 28, 56 and 84, from baseline as assessed by the anthropometric index of waist-to-hip ratio.; • Change in coronary ri",,,,,,,,180,detail_hint,codex,pending,
NCT:NCT04611477,ClinicalTrials.gov,NCT04611477,Effect of Synbiotic 365 on Body Composition in Overweight and Obese Individuals,BMI,"Effect of Synbiotic 365 on Body Composition in Overweight and Obese Individuals  Rice Hulk; Synbiotic365 Ver 5; Synbiotic365 Ver 7 Change in body mass index (BMI) and the percentage of body fat f • Total body weight change in comparison to placebo on day 28, 56 and 84, from baseline, as assessed by weighing scale method.; • Change in central obesity in comparison to placebo on day 28, 56 and 84, from baseline as assessed by the anthropometric index of waist-to-hip ratio.; • Change in coronary ri",,,,,,,,180,detail_hint,codex,pending,
NCT:NCT04611477,ClinicalTrials.gov,NCT04611477,Effect of Synbiotic 365 on Body Composition in Overweight and Obese Individuals,waist,"Effect of Synbiotic 365 on Body Composition in Overweight and Obese Individuals  Rice Hulk; Synbiotic365 Ver 5; Synbiotic365 Ver 7 Change in body mass index (BMI) and the percentage of body fat f • Total body weight change in comparison to placebo on day 28, 56 and 84, from baseline, as assessed by weighing scale method.; • Change in central obesity in comparison to placebo on day 28, 56 and 84, from baseline as assessed by the anthropometric index of waist-to-hip ratio.; • Change in coronary ri",,,,,,,,180,detail_hint,codex,pending,
NCT:NCT04611477,ClinicalTrials.gov,NCT04611477,Effect of Synbiotic 365 on Body Composition in Overweight and Obese Individuals,body_fat,"Effect of Synbiotic 365 on Body Composition in Overweight and Obese Individuals  Rice Hulk; Synbiotic365 Ver 5; Synbiotic365 Ver 7 Change in body mass index (BMI) and the percentage of body fat f • Total body weight change in comparison to placebo on day 28, 56 and 84, from baseline, as assessed by weighing scale method.; • Change in central obesity in comparison to placebo on day 28, 56 and 84, from baseline as assessed by the anthropometric index of waist-to-hip ratio.; • Change in coronary ri",,,,,,,,180,detail_hint,codex,pending,
NCT:NCT04611477,ClinicalTrials.gov,NCT04611477,Effect of Synbiotic 365 on Body Composition in Overweight and Obese Individuals,glucose,"Effect of Synbiotic 365 on Body Composition in Overweight and Obese Individuals  Rice Hulk; Synbiotic365 Ver 5; Synbiotic365 Ver 7 Change in body mass index (BMI) and the percentage of body fat f • Total body weight change in comparison to placebo on day 28, 56 and 84, from baseline, as assessed by weighing scale method.; • Change in central obesity in comparison to placebo on day 28, 56 and 84, from baseline as assessed by the anthropometric index of waist-to-hip ratio.; • Change in coronary ri",,,,,,,,180,detail_hint,codex,pending,
PMID:30525950,PubMed,30525950,Probiotic or synbiotic alters the gut microbiota and metabolism in a randomised controlled trial of weight management in overweight adults.,waist,"Christensenellaceae was consistently increased in the LU and LU+B420 groups across the intervention time points, and correlated negatively to waist-hip ratio and energy intake at baseline, and waist-area body fat mass after 6 months treatment with LU+B420.",,,,,,,,n=134,detail_hint,codex,pending,
PMID:30525950,PubMed,30525950,Probiotic or synbiotic alters the gut microbiota and metabolism in a randomised controlled trial of weight management in overweight adults.,body_fat,"Christensenellaceae was consistently increased in the LU and LU+B420 groups across the intervention time points, and correlated negatively to waist-hip ratio and energy intake at baseline, and waist-area body fat mass after 6 months treatment with LU+B420.",,,,,,,,n=134,detail_hint,codex,pending,
PMID:30525950,PubMed,30525950,Probiotic or synbiotic alters the gut microbiota and metabolism in a randomised controlled trial of weight management in overweight adults.,microbiome,"Consumption of B420 and its combination with LU resulted in alterations of the gut microbiota and its metabolism, and may support improved gut barrier function and obesity-related markers.",,,,,,,,n=134,detail_hint,codex,pending,
NCT:NCT02893943,ClinicalTrials.gov,NCT02893943,Impact of Probiotics on Weight Control and Body Composition in Overweight and Obese Individuals,weight,Impact of Probiotics on Weight Control and Body Composition in Overweight and Obese Individuals  Probiotics; Placebo Body weight Body mass index; Body fat percentage; Waist circumference; Hip circumference; Total fat mass; Total lean mass; Gut microbiome; Blood pressure; Blood total cholesterol; Blood low-density lipoprotein cholesterol; Blood high-density lipoprotein cholesterol; Blood triglycerides; Blood glucose; Blood insulin; Aspartate aminotransferase; Alanine transaminase Probiotics; Plac,,,,,,,,30,detail_hint,codex,pending,
NCT:NCT02893943,ClinicalTrials.gov,NCT02893943,Impact of Probiotics on Weight Control and Body Composition in Overweight and Obese Individuals,BMI,Impact of Probiotics on Weight Control and Body Composition in Overweight and Obese Individuals  Probiotics; Placebo Body weight Body mass index; Body fat percentage; Waist circumference; Hip circumference; Total fat mass; Total lean mass; Gut microbiome; Blood pressure; Blood total cholesterol; Blood low-density lipoprotein cholesterol; Blood high-density lipoprotein cholesterol; Blood triglycerides; Blood glucose; Blood insulin; Aspartate aminotransferase; Alanine transaminase Probiotics; Plac,,,,,,,,30,detail_hint,codex,pending,
NCT:NCT02893943,ClinicalTrials.gov,NCT02893943,Impact of Probiotics on Weight Control and Body Composition in Overweight and Obese Individuals,waist,Impact of Probiotics on Weight Control and Body Composition in Overweight and Obese Individuals  Probiotics; Placebo Body weight Body mass index; Body fat percentage; Waist circumference; Hip circumference; Total fat mass; Total lean mass; Gut microbiome; Blood pressure; Blood total cholesterol; Blood low-density lipoprotein cholesterol; Blood high-density lipoprotein cholesterol; Blood triglycerides; Blood glucose; Blood insulin; Aspartate aminotransferase; Alanine transaminase Probiotics; Plac,,,,,,,,30,detail_hint,codex,pending,
NCT:NCT02893943,ClinicalTrials.gov,NCT02893943,Impact of Probiotics on Weight Control and Body Composition in Overweight and Obese Individuals,body_fat,Impact of Probiotics on Weight Control and Body Composition in Overweight and Obese Individuals  Probiotics; Placebo Body weight Body mass index; Body fat percentage; Waist circumference; Hip circumference; Total fat mass; Total lean mass; Gut microbiome; Blood pressure; Blood total cholesterol; Blood low-density lipoprotein cholesterol; Blood high-density lipoprotein cholesterol; Blood triglycerides; Blood glucose; Blood insulin; Aspartate aminotransferase; Alanine transaminase Probiotics; Plac,,,,,,,,30,detail_hint,codex,pending,
NCT:NCT02893943,ClinicalTrials.gov,NCT02893943,Impact of Probiotics on Weight Control and Body Composition in Overweight and Obese Individuals,glucose,Impact of Probiotics on Weight Control and Body Composition in Overweight and Obese Individuals  Probiotics; Placebo Body weight Body mass index; Body fat percentage; Waist circumference; Hip circumference; Total fat mass; Total lean mass; Gut microbiome; Blood pressure; Blood total cholesterol; Blood low-density lipoprotein cholesterol; Blood high-density lipoprotein cholesterol; Blood triglycerides; Blood glucose; Blood insulin; Aspartate aminotransferase; Alanine transaminase Probiotics; Plac,,,,,,,,30,detail_hint,codex,pending,
NCT:NCT02893943,ClinicalTrials.gov,NCT02893943,Impact of Probiotics on Weight Control and Body Composition in Overweight and Obese Individuals,lipid,Impact of Probiotics on Weight Control and Body Composition in Overweight and Obese Individuals  Probiotics; Placebo Body weight Body mass index; Body fat percentage; Waist circumference; Hip circumference; Total fat mass; Total lean mass; Gut microbiome; Blood pressure; Blood total cholesterol; Blood low-density lipoprotein cholesterol; Blood high-density lipoprotein cholesterol; Blood triglycerides; Blood glucose; Blood insulin; Aspartate aminotransferase; Alanine transaminase Probiotics; Plac,,,,,,,,30,detail_hint,codex,pending,
NCT:NCT02893943,ClinicalTrials.gov,NCT02893943,Impact of Probiotics on Weight Control and Body Composition in Overweight and Obese Individuals,microbiome,Impact of Probiotics on Weight Control and Body Composition in Overweight and Obese Individuals  Probiotics; Placebo Body weight Body mass index; Body fat percentage; Waist circumference; Hip circumference; Total fat mass; Total lean mass; Gut microbiome; Blood pressure; Blood total cholesterol; Blood low-density lipoprotein cholesterol; Blood high-density lipoprotein cholesterol; Blood triglycerides; Blood glucose; Blood insulin; Aspartate aminotransferase; Alanine transaminase Probiotics; Plac,,,,,,,,30,detail_hint,codex,pending,
PMID:28792488,PubMed,28792488,Effect of Lactobacillus on body weight and body fat in overweight subjects: a systematic review of randomized controlled clinical trials.,weight,Modulation of gut microbiota by probiotics may result in weight loss and thus help in obesity treatment.,,,,,,,,,detail_hint,codex,pending,
PMID:28792488,PubMed,28792488,Effect of Lactobacillus on body weight and body fat in overweight subjects: a systematic review of randomized controlled clinical trials.,body_fat,"Of these nine showed decreased body weight and/or body fat, three did not find effect and two showed weight gain.",,,,,,,,,detail_hint,codex,pending,
PMID:28792488,PubMed,28792488,Effect of Lactobacillus on body weight and body fat in overweight subjects: a systematic review of randomized controlled clinical trials.,microbiome,Modulation of gut microbiota by probiotics may result in weight loss and thus help in obesity treatment.,,,,,,,,,detail_hint,codex,pending,
EUROPEPMC:41372103,PubMed,41372103,Impacts of Lifestyle and Microbiota-Targeted Interventions for Overweight and Obesity on the Human Gut Microbiome: A Systematic Review.,weight,"However, evidence demonstrating a causal link between these changes and long-term weight loss or metabolic improvements remains limited.",,,,,,,,6086 adults,detail_hint,codex,pending,
EUROPEPMC:41372103,PubMed,41372103,Impacts of Lifestyle and Microbiota-Targeted Interventions for Overweight and Obesity on the Human Gut Microbiome: A Systematic Review.,body_fat,"Most interventions did not cause any significant changes in microbial alpha or beta diversity, however, positive associations between prebiotic consumption and abundance of Actinobacteria and Bifidobacterium were observed, and intake of probiotics was related to increased levels of Lactobacillus and reduced body weight and body fat.",,,,,,,,6086 adults,detail_hint,codex,pending,
EUROPEPMC:41372103,PubMed,41372103,Impacts of Lifestyle and Microbiota-Targeted Interventions for Overweight and Obesity on the Human Gut Microbiome: A Systematic Review.,microbiome,"Obesity is intricately associated with the gut microbiome, and emerging research suggests that lifestyle interventions, such as dietary changes and active lifestyle, can significantly affect the composition and function of the gut microbiome.",,,,,,,,6086 adults,detail_hint,codex,pending,
PMID:41907517,PubMed,41907517,Obesity-associated gut microbiome influences diet-induced metabolic and cognitive outcomes in older adults.,body_fat,"In contrast, increased fat mass was associated with improved memory in non-obese participants.",,,,,,,,31 adults,detail_hint,codex,pending,
PMID:41907517,PubMed,41907517,Obesity-associated gut microbiome influences diet-induced metabolic and cognitive outcomes in older adults.,microbiome,"The gut-brain axis, influenced by diet and the gut microbiome, is increasingly recognized as a contributor to neurodegeneration.",,,,,,,,31 adults,detail_hint,codex,pending,
PMID:41599863,PubMed,41599863,"Efficacy and Safety of CKDB-322, a Combination of",weight,Additional improvements were observed in body weight and anthropometric parameters.,p < 0.05,,,,,,,n = 50,detail_hint,codex,pending,
PMID:41599863,PubMed,41599863,"Efficacy and Safety of CKDB-322, a Combination of",body_fat,"tricornutum daily (n = 50), or a placebo (n = 50).; CKDB-322 supplementation resulted in statistically significant reductions in body fat mass and body fat percentage, as measured by dual-energy X-ray absorptiometry (DEXA), compared to the placebo group (p < 0.05).",p < 0.05,,,,,,,n = 50,detail_hint,codex,pending,
PMID:41599863,PubMed,41599863,"Efficacy and Safety of CKDB-322, a Combination of",lipid,"Among metabolic biomarkers, serum triglycerides and leptin levels decreased significantly in the CKDB-322 group compared to the placebo.",p < 0.05,,,,,,,n = 50,detail_hint,codex,pending,
PMID:41599863,PubMed,41599863,"Efficacy and Safety of CKDB-322, a Combination of",microbiome,"Exploratory microbiome analyses indicated an increase in the relative abundance of Lactobacillus, suggesting potential modulation of the gut-adipose axis.",p < 0.05,,,,,,,n = 50,detail_hint,codex,pending,
PMID:41835385,PubMed,41835385,Maternal overweight/obesity and yoghurt supplementation from early pregnancy to postpartum augments infant gut microbiota.,weight,This study examined the effect of probiotic-rich yoghurt supplementation in overweight or obese women on infant weight and gut microbiota.; The intervention group (YC) comprised 90 infants born to mothers with a pre-pregnancy body mass index (BMI) ≥ 25 kg/m2 who were provided with yoghurt from early pregnancy to 3 years postpartum.,,,,,,,,,detail_hint,codex,pending,
PMID:41835385,PubMed,41835385,Maternal overweight/obesity and yoghurt supplementation from early pregnancy to postpartum augments infant gut microbiota.,BMI,This study examined the effect of probiotic-rich yoghurt supplementation in overweight or obese women on infant weight and gut microbiota.; The intervention group (YC) comprised 90 infants born to mothers with a pre-pregnancy body mass index (BMI) ≥ 25 kg/m2 who were provided with yoghurt from early pregnancy to 3 years postpartum.,,,,,,,,,detail_hint,codex,pending,
PMID:41835385,PubMed,41835385,Maternal overweight/obesity and yoghurt supplementation from early pregnancy to postpartum augments infant gut microbiota.,microbiome,This study examined the effect of probiotic-rich yoghurt supplementation in overweight or obese women on infant weight and gut microbiota.; The intervention group (YC) comprised 90 infants born to mothers with a pre-pregnancy body mass index (BMI) ≥ 25 kg/m2 who were provided with yoghurt from early pregnancy to 3 years postpartum.,,,,,,,,,detail_hint,codex,pending,
EUROPEPMC:41804549,PubMed,41804549,Unravelling the role of the gut microbiome in antipsychotic-induced weight gain and metabolic dysfunction in humans and rodents: A systematic review.,weight,"Thus, while the relationship between antipsychotic-induced weight gain, metabolic dysfunction, and changes in the gut microbiome are evident, further research is warranted to establish definitive causal relationships and to aid in the development of precision microbiota-targeted interventions to counteract these adverse effects.",,,,,,,,,detail_hint,codex,pending,
EUROPEPMC:41804549,PubMed,41804549,Unravelling the role of the gut microbiome in antipsychotic-induced weight gain and metabolic dysfunction in humans and rodents: A systematic review.,microbiome,"Thus, while the relationship between antipsychotic-induced weight gain, metabolic dysfunction, and changes in the gut microbiome are evident, further research is warranted to establish definitive causal relationships and to aid in the development of precision microbiota-targeted interventions to counteract these adverse effects.",,,,,,,,,detail_hint,codex,pending,
PMID:42010766,PubMed,42010766,Exercise intensity as a modulator of gut microbiota and host metabolic health in obesity.,microbiome,"HIIT and MIT are linked to improved expression of tight junction proteins (ZO-1, Claudin, Occludin), reducing circulating lipopolysaccharide (LPS), and increasing SCFA-producing taxa; thus, supporting a role for the gut microbiome in mediating exercise-induced metabolic benefits.",,,,,,,,n = 17; n = 5,detail_hint,codex,pending,
PMID:36606510,PubMed,36606510,"A clinical trial about effects of prebiotic and probiotic supplementation on weight loss, psychological profile and metabolic parameters in obese subjects.",weight,"The aim of our work was to study the influence of pre and probiotics on weight loss psychological profile and metabolic parameters in obese patients.; It is a clinical trial involving 45 obese patients, recruited from the Obesity Unit of the National Institute of Nutrition between March and August 2022 divided into three groups: diet only (low-carbohydrate and reduced energy diet), prebiotics (30 g of carob/day) and probiotics (one tablet containing Bifidobacterium longum, Lactobacillus helvetic",p < .05; p = .001; p = .008; p = .03; p = .012; p = .02,,,,,,,,detail_hint,codex,pending,
PMID:36606510,PubMed,36606510,"A clinical trial about effects of prebiotic and probiotic supplementation on weight loss, psychological profile and metabolic parameters in obese subjects.",BMI,"All three groups showed a significant decrease in weight, BMI and waist circumference with p < .05.",p < .05; p = .001; p = .008; p = .03; p = .012; p = .02,,,,,,,,detail_hint,codex,pending,
PMID:36606510,PubMed,36606510,"A clinical trial about effects of prebiotic and probiotic supplementation on weight loss, psychological profile and metabolic parameters in obese subjects.",waist,"All three groups showed a significant decrease in weight, BMI and waist circumference with p < .05.",p < .05; p = .001; p = .008; p = .03; p = .012; p = .02,,,,,,,,detail_hint,codex,pending,
PMID:36606510,PubMed,36606510,"A clinical trial about effects of prebiotic and probiotic supplementation on weight loss, psychological profile and metabolic parameters in obese subjects.",body_fat,"Only the prebiotic and probiotic group showed a significant decrease in fat mass (p = .001) and a significant increase in muscle strength with p = .008 and .004, but the differences were not significant between the three groups.",p < .05; p = .001; p = .008; p = .03; p = .012; p = .02,,,,,,,,detail_hint,codex,pending,
PMID:36606510,PubMed,36606510,"A clinical trial about effects of prebiotic and probiotic supplementation on weight loss, psychological profile and metabolic parameters in obese subjects.",glucose,Our results showed also a significant decrease in insulinemia and HOMA-IR in the prebiotic group compared to the diet-alone group (p = .03; p = .012) and the probiotic group showed a significant decrease in fasting blood glucose compared to the diet alone group (p = .02).,p < .05; p = .001; p = .008; p = .03; p = .012; p = .02,,,,,,,,detail_hint,codex,pending,
PMID:37836532,PubMed,37836532,Effects of Synbiotic Supplementation on Metabolic Syndrome Traits and Gut Microbial Profile among Overweight and Obese Hong Kong Chinese Individuals: A Randomized Trial.,weight,Assessment of the metabolic syndrome traits and profiling of the fecal gut microbiota using 16S rRNA gene sequencing in overweight and obese Hong Kong Chinese individuals before and after dietary intervention with an 8-week increased consumption of fruits and vegetables and/or synbiotic supplementation was conducted.,,,,,,,,n = 19; n = 18,detail_hint,codex,pending,
PMID:37836532,PubMed,37836532,Effects of Synbiotic Supplementation on Metabolic Syndrome Traits and Gut Microbial Profile among Overweight and Obese Hong Kong Chinese Individuals: A Randomized Trial.,glucose,"DSG showed the greatest weight loss effects and number of significant differences in clinical parameters compared to its baseline values-notably, decreases in fasting glucose, insulin, HOMA-IR, and triglycerides and an increase in HDL-cholesterol.",,,,,,,,n = 19; n = 18,detail_hint,codex,pending,
PMID:37836532,PubMed,37836532,Effects of Synbiotic Supplementation on Metabolic Syndrome Traits and Gut Microbial Profile among Overweight and Obese Hong Kong Chinese Individuals: A Randomized Trial.,lipid,"DSG showed the greatest weight loss effects and number of significant differences in clinical parameters compared to its baseline values-notably, decreases in fasting glucose, insulin, HOMA-IR, and triglycerides and an increase in HDL-cholesterol.",,,,,,,,n = 19; n = 18,detail_hint,codex,pending,
PMID:37836532,PubMed,37836532,Effects of Synbiotic Supplementation on Metabolic Syndrome Traits and Gut Microbial Profile among Overweight and Obese Hong Kong Chinese Individuals: A Randomized Trial.,microbiome,Assessment of the metabolic syndrome traits and profiling of the fecal gut microbiota using 16S rRNA gene sequencing in overweight and obese Hong Kong Chinese individuals before and after dietary intervention with an 8-week increased consumption of fruits and vegetables and/or synbiotic supplementation was conducted.,,,,,,,,n = 19; n = 18,detail_hint,codex,pending,
PMID:40416368,PubMed,40416368,Effect of,weight,Effect of Probiotic supplementation is a safe and effective way to reduce overweight and obesity by regulating the gut microbiota.,P < 0.01; P < 0.05,,,,,,,,detail_hint,codex,pending,
PMID:40416368,PubMed,40416368,Effect of,lipid,"This study aimed to assess the effects of BC99 on the gut microbiota, body weight and lipid profiles of overweight and obese individuals.; A total of 66 adult individuals were randomly assigned to a probiotic group (supplemented with 5 × 109 colony-forming units of BC99 per day along with 3 g of maltodextrin) and placebo group (supplemented with 3 g of maltodextrin daily) in a 1:1 ratio.; After 8 weeks of oral administration, BC99 intervention significantly decreased the body weight of overweigh",P < 0.01; P < 0.05,,,,,,,,detail_hint,codex,pending,
PMID:40416368,PubMed,40416368,Effect of,microbiome,Effect of Probiotic supplementation is a safe and effective way to reduce overweight and obesity by regulating the gut microbiota.,P < 0.01; P < 0.05,,,,,,,,detail_hint,codex,pending,
PMID:40385498,PubMed,40385498,"Effects of multi-strain synbiotic supplementation on liver enzymes, insulin resistance, anthropometric, and inflammatory indices in overweight and obese adults with fatty liver and diabetes: a randomized controlled trial.",weight,"The intervention group showed significant reductions in within group analysis for insulin levels, weight, and BMI (P < 0.05).",P < 0.05,,,,,,,20 individuals,detail_hint,codex,pending,
PMID:40385498,PubMed,40385498,"Effects of multi-strain synbiotic supplementation on liver enzymes, insulin resistance, anthropometric, and inflammatory indices in overweight and obese adults with fatty liver and diabetes: a randomized controlled trial.",BMI,"The intervention group showed significant reductions in within group analysis for insulin levels, weight, and BMI (P < 0.05).",P < 0.05,,,,,,,20 individuals,detail_hint,codex,pending,
PMID:40385498,PubMed,40385498,"Effects of multi-strain synbiotic supplementation on liver enzymes, insulin resistance, anthropometric, and inflammatory indices in overweight and obese adults with fatty liver and diabetes: a randomized controlled trial.",glucose,"The intervention group showed significant reductions in within group analysis for insulin levels, weight, and BMI (P < 0.05).",P < 0.05,,,,,,,20 individuals,detail_hint,codex,pending,
PMID:40385498,PubMed,40385498,"Effects of multi-strain synbiotic supplementation on liver enzymes, insulin resistance, anthropometric, and inflammatory indices in overweight and obese adults with fatty liver and diabetes: a randomized controlled trial.",lipid,"Additionally, changes in inflammatory markers, lipid profiles, and insulin resistance indices were not statistically significant.; In the present study, synbiotic supplements showed improvements in insulin levels, weight, BMI, and AST.",P < 0.05,,,,,,,20 individuals,detail_hint,codex,pending,
PMID:39456659,PubMed,39456659,Gut Microbiome and Metabolome Alterations in Overweight or Obese Adult Population after Weight-Loss,weight,"This study involved 75 overweight or obese young adults, randomly assigned to either a Bifidobacterium breve BBr60 (BBr60) group or a placebo group.",p < 0.05,,,,,,,,detail_hint,codex,pending,
PMID:39456659,PubMed,39456659,Gut Microbiome and Metabolome Alterations in Overweight or Obese Adult Population after Weight-Loss,BMI,"After 12 weeks, BBr60 significantly reduced weight and BMI compared to pretreatment levels and outperformed the placebo.",p < 0.05,,,,,,,,detail_hint,codex,pending,
PMID:39456659,PubMed,39456659,Gut Microbiome and Metabolome Alterations in Overweight or Obese Adult Population after Weight-Loss,glucose,"The BBr60 group also showed improved blood biochemistry, with notably lower fasting blood glucose (FBG) levels than the placebo group (p < 0.05).",p < 0.05,,,,,,,,detail_hint,codex,pending,
PMID:39051504,PubMed,39051504,,BMI,"In addition, BMI (26.6 ± 1.9 kg m-2 to 26.4 ± 2.0 kg m-2, p = 0.0009) and leg fat (42 ± 5% to 41 ± 5%, p = 0.0006) significantly decreased in the probiotics group after 12 weeks, but there was no difference in the placebo group.",p = 0.0407; p = 0.0200; p = 0.0088; p = 0.0112; p = 0.0009; p = 0.0006,,,,,,,n = 49; n = 50,detail_hint,codex,pending,
PMID:39051504,PubMed,39051504,,body_fat,"A significant positive correlation was found between the change in total fat mass and log leptin/adiponectin ratio (R = 0.371, p = 0.0112) in the probiotics group.",p = 0.0407; p = 0.0200; p = 0.0088; p = 0.0112; p = 0.0009; p = 0.0006,,,,,,,n = 49; n = 50,detail_hint,codex,pending,
PMID:39051504,PubMed,39051504,,lipid,"After 12 weeks, changes in total fat (placebo -0.16 ± 0.83 kg; probiotics -0.45 ± 0.83 kg; p = 0.0407), trunk fat (placebo -0.03 ± 0.50 kg; probiotics -0.22 ± 0.51 kg; p = 0.0200), and serum triglyceride concentration (placebo 13 ± 60 mg dL-1; probiotics -15 ± 62 mg dL-1; p = 0.0088) were significantly different between the groups.",p = 0.0407; p = 0.0200; p = 0.0088; p = 0.0112; p = 0.0009; p = 0.0006,,,,,,,n = 49; n = 50,detail_hint,codex,pending,
PMID:38999741,PubMed,38999741,The Effect of the,weight,Body fat reduction effect and safety of BN-202M were assessed in overweight participants.,p = 0.009; p = 0.023; p = 0.004; p = 0.003,,,,,,,150 participants,detail_hint,codex,pending,
PMID:38999741,PubMed,38999741,The Effect of the,BMI,"The body weight (-0.58 kg, p = 0.004) and body mass index (BMI; -0.23, p = 0.003) was found to decrease significantly at 12 weeks in the BN-202M group, but not in the placebo group.",p = 0.009; p = 0.023; p = 0.004; p = 0.003,,,,,,,150 participants,detail_hint,codex,pending,
PMID:38999741,PubMed,38999741,The Effect of the,body_fat,Body fat reduction effect and safety of BN-202M were assessed in overweight participants.,p = 0.009; p = 0.023; p = 0.004; p = 0.003,,,,,,,150 participants,detail_hint,codex,pending,
PMID:38999741,PubMed,38999741,The Effect of the,microbiome,"In the gut microbiota analysis, Akkermansia showed a statistically significant increase in the BN-202M group post-intake compared to the placebo group.",p = 0.009; p = 0.023; p = 0.004; p = 0.003,,,,,,,150 participants,detail_hint,codex,pending,
PMID:38542727,PubMed,38542727,Effects of,weight,"breve MCC1274 reduced abdominal visceral fat and total fat levels in healthy normal and overweight adults, suggesting their beneficial effects on body composition.",,,,,,,,,detail_hint,codex,pending,
PMID:38542727,PubMed,38542727,Effects of,BMI,"Additionally, the increase in BMI observed in the placebo group was significantly suppressed in the probiotics group.",,,,,,,,,detail_hint,codex,pending,
PMID:38542727,PubMed,38542727,Effects of,body_fat,"In the probiotics group, abdominal visceral fat area, total abdominal fat area, and serum triglyceride levels were significantly decreased compared to those in the placebo group.",,,,,,,,,detail_hint,codex,pending,
PMID:38542727,PubMed,38542727,Effects of,lipid,"In the probiotics group, abdominal visceral fat area, total abdominal fat area, and serum triglyceride levels were significantly decreased compared to those in the placebo group.",,,,,,,,,detail_hint,codex,pending,
PMID:41512635,PubMed,41512635,"Effects of a novel synbiotic intervention on abdominal visceral fat reductions and gut microbiota in overweight and obese adults: A randomized, double-blind, placebo-controlled trial.",weight,"Effects of a novel synbiotic intervention on abdominal visceral fat reductions and gut microbiota in overweight and obese adults: A randomized, double-blind, placebo-controlled trial.",p = 0.048; p = 0.051; p = 0.003; p = 0.027; p = 0.077,,,,,,,112 participants,detail_hint,codex,pending,
PMID:41512635,PubMed,41512635,"Effects of a novel synbiotic intervention on abdominal visceral fat reductions and gut microbiota in overweight and obese adults: A randomized, double-blind, placebo-controlled trial.",BMI,"We hypothesized that this intervention would improve metabolic health parameters, particularly visceral adiposity.; In a 12-week, double-blind, randomized, placebo-controlled, parallel-group trial with a 6-week post-intervention follow-up, 112 participants (BMI: 24.0-34.9 kg/m2) received daily synbiotic or a matched placebo.",p = 0.048; p = 0.051; p = 0.003; p = 0.027; p = 0.077,,,,,,,112 participants,detail_hint,codex,pending,
PMID:41512635,PubMed,41512635,"Effects of a novel synbiotic intervention on abdominal visceral fat reductions and gut microbiota in overweight and obese adults: A randomized, double-blind, placebo-controlled trial.",waist,"Although no significant changes occurred in blood biochemistry, BMI, or waist circumference, the synbiotic group showed a trend toward greater total body fat reduction between weeks 12-18 (p = 0.077).",p = 0.048; p = 0.051; p = 0.003; p = 0.027; p = 0.077,,,,,,,112 participants,detail_hint,codex,pending,
PMID:41512635,PubMed,41512635,"Effects of a novel synbiotic intervention on abdominal visceral fat reductions and gut microbiota in overweight and obese adults: A randomized, double-blind, placebo-controlled trial.",body_fat,"Effects of a novel synbiotic intervention on abdominal visceral fat reductions and gut microbiota in overweight and obese adults: A randomized, double-blind, placebo-controlled trial.",p = 0.048; p = 0.051; p = 0.003; p = 0.027; p = 0.077,,,,,,,112 participants,detail_hint,codex,pending,
PMID:41512635,PubMed,41512635,"Effects of a novel synbiotic intervention on abdominal visceral fat reductions and gut microbiota in overweight and obese adults: A randomized, double-blind, placebo-controlled trial.",microbiome,"Effects of a novel synbiotic intervention on abdominal visceral fat reductions and gut microbiota in overweight and obese adults: A randomized, double-blind, placebo-controlled trial.",p = 0.048; p = 0.051; p = 0.003; p = 0.027; p = 0.077,,,,,,,112 participants,detail_hint,codex,pending,
PMID:35807808,PubMed,35807808,Prolonged Isolated Soluble Dietary Fibre Supplementation in Overweight and Obese Patients: A Systematic Review with Meta-Analysis of Randomised Controlled Trials.,weight,Prebiotic dietary fibre supplementation is a promising approach to improve weight loss and reduce metabolic complications in overweight and obese subjects due to modifications of the microbiota composition and function.,,,,,,,,1428 participants,detail_hint,codex,pending,
PMID:35807808,PubMed,35807808,Prolonged Isolated Soluble Dietary Fibre Supplementation in Overweight and Obese Patients: A Systematic Review with Meta-Analysis of Randomised Controlled Trials.,BMI,"The participants with dietary fibre supplementation showed a significantly higher reduction in body weight (MD -1.25 kg, 95% CI -2.24, -0.25; 27 RCTs; 1428 participants) accompanied by a significant decrease in BMI, waist circumference, fasting blood insulin, and HOMA-IR compared to the control group.",,,,,,,,1428 participants,detail_hint,codex,pending,
PMID:35807808,PubMed,35807808,Prolonged Isolated Soluble Dietary Fibre Supplementation in Overweight and Obese Patients: A Systematic Review with Meta-Analysis of Randomised Controlled Trials.,waist,"The participants with dietary fibre supplementation showed a significantly higher reduction in body weight (MD -1.25 kg, 95% CI -2.24, -0.25; 27 RCTs; 1428 participants) accompanied by a significant decrease in BMI, waist circumference, fasting blood insulin, and HOMA-IR compared to the control group.",,,,,,,,1428 participants,detail_hint,codex,pending,
PMID:35807808,PubMed,35807808,Prolonged Isolated Soluble Dietary Fibre Supplementation in Overweight and Obese Patients: A Systematic Review with Meta-Analysis of Randomised Controlled Trials.,glucose,"The participants with dietary fibre supplementation showed a significantly higher reduction in body weight (MD -1.25 kg, 95% CI -2.24, -0.25; 27 RCTs; 1428 participants) accompanied by a significant decrease in BMI, waist circumference, fasting blood insulin, and HOMA-IR compared to the control group.",,,,,,,,1428 participants,detail_hint,codex,pending,
PMID:35807808,PubMed,35807808,Prolonged Isolated Soluble Dietary Fibre Supplementation in Overweight and Obese Patients: A Systematic Review with Meta-Analysis of Randomised Controlled Trials.,microbiome,Prebiotic dietary fibre supplementation is a promising approach to improve weight loss and reduce metabolic complications in overweight and obese subjects due to modifications of the microbiota composition and function.,,,,,,,,1428 participants,detail_hint,codex,pending,
PMID:35264213,PubMed,35264213,The effects of the Green-Mediterranean diet on cardiometabolic health are linked to gut microbiome modifications: a randomized controlled trial.,weight,"The MED and Green-MED diets were also associated with stepwise beneficial changes in body weight and cardiometabolic biomarkers, concomitantly with the increased plant intake and reduced meat intake.",,,,,,,,294 participants,detail_hint,codex,pending,
PMID:35264213,PubMed,35264213,The effects of the Green-Mediterranean diet on cardiometabolic health are linked to gut microbiome modifications: a randomized controlled trial.,microbiome,"Previous studies have linked the Mediterranean diet (MED) with improved cardiometabolic health, showing preliminary evidence for a mediating role of the gut microbiome.",,,,,,,,294 participants,detail_hint,codex,pending,
PMID:35845797,PubMed,35845797,"Effects of Multispecies Synbiotic Supplementation on Anthropometric Measurements, Glucose and Lipid Parameters in Children With Exogenous Obesity: A Randomized, Double Blind, Placebo-Controlled Clinical Trial (Probesity-2 Trial).",weight,"After 12 weeks; changes (% reduction comparing to baseline) in weight (p < 0.01), BMI (p < 0.05), waist circumference (p < 0.05) and waist circumference to height ratio (p < 0.05) were significantly higher in the children receiving the synbiotic supplement.",p < 0.01; p < 0.05,,,,,,,61 children,detail_hint,codex,pending,
PMID:35845797,PubMed,35845797,"Effects of Multispecies Synbiotic Supplementation on Anthropometric Measurements, Glucose and Lipid Parameters in Children With Exogenous Obesity: A Randomized, Double Blind, Placebo-Controlled Clinical Trial (Probesity-2 Trial).",BMI,"After 12 weeks; changes (% reduction comparing to baseline) in weight (p < 0.01), BMI (p < 0.05), waist circumference (p < 0.05) and waist circumference to height ratio (p < 0.05) were significantly higher in the children receiving the synbiotic supplement.",p < 0.01; p < 0.05,,,,,,,61 children,detail_hint,codex,pending,
PMID:35845797,PubMed,35845797,"Effects of Multispecies Synbiotic Supplementation on Anthropometric Measurements, Glucose and Lipid Parameters in Children With Exogenous Obesity: A Randomized, Double Blind, Placebo-Controlled Clinical Trial (Probesity-2 Trial).",waist,"After 12 weeks; changes (% reduction comparing to baseline) in weight (p < 0.01), BMI (p < 0.05), waist circumference (p < 0.05) and waist circumference to height ratio (p < 0.05) were significantly higher in the children receiving the synbiotic supplement.",p < 0.01; p < 0.05,,,,,,,61 children,detail_hint,codex,pending,
PMID:35845797,PubMed,35845797,"Effects of Multispecies Synbiotic Supplementation on Anthropometric Measurements, Glucose and Lipid Parameters in Children With Exogenous Obesity: A Randomized, Double Blind, Placebo-Controlled Clinical Trial (Probesity-2 Trial).",glucose,"At baseline, no statistically significant differences existed in anthropometric measurements, glucose and lipid parameters between both groups.",p < 0.01; p < 0.05,,,,,,,61 children,detail_hint,codex,pending,
PMID:35845797,PubMed,35845797,"Effects of Multispecies Synbiotic Supplementation on Anthropometric Measurements, Glucose and Lipid Parameters in Children With Exogenous Obesity: A Randomized, Double Blind, Placebo-Controlled Clinical Trial (Probesity-2 Trial).",lipid,"At baseline, no statistically significant differences existed in anthropometric measurements, glucose and lipid parameters between both groups.",p < 0.01; p < 0.05,,,,,,,61 children,detail_hint,codex,pending,
PMID:31064150,PubMed,31064150,Mulberry Leaf Polyphenols and Fiber Induce Synergistic Antiobesity and Display a Modulation Effect on Gut Microbiota and Metabolites.,weight,"The results demonstrated that the MLM group had the best efficiency on weight loss, indicating synergistic interactions between MLPS and MLF.",,,,,,,,,detail_hint,codex,pending,
PMID:31064150,PubMed,31064150,Mulberry Leaf Polyphenols and Fiber Induce Synergistic Antiobesity and Display a Modulation Effect on Gut Microbiota and Metabolites.,lipid,The increased abundances of Lactobacillus vaginalis and Lactobacillus gasseri might result in lipid metabolism disorder.,,,,,,,,,detail_hint,codex,pending,
EUROPEPMC:34836254,PubMed,34836254,Impact of Exercise on Gut Microbiota in Obesity.,weight,"Studies describing changes in intestinal microbiota have stated that physical activity could increase the microbial variance and enhance the ratio of Firmicutes/Bacteroidetes, and both actions could neutralize the obesity progression and diminish body weight.",,,,,,,,,detail_hint,codex,pending,
EUROPEPMC:34836254,PubMed,34836254,Impact of Exercise on Gut Microbiota in Obesity.,microbiome,"Studies describing changes in intestinal microbiota have stated that physical activity could increase the microbial variance and enhance the ratio of Firmicutes/Bacteroidetes, and both actions could neutralize the obesity progression and diminish body weight.",,,,,,,,,detail_hint,codex,pending,
EUROPEPMC:34065217,PubMed,34065217,,glucose,muciniphila modulates obesity by regulating metabolism and energy hemostasis and improving insulin sensitivity and glucose hemostasis.,,,,,,,,,detail_hint,codex,pending,
PMID:33459204,PubMed,33459204,Probiotics as a therapeutic strategy in obesity and overweight: a systematic review.,weight,"Obesity and overweight are two of the most health challenges with an increasing prevalence in recent years, in which several complications have been identified to have a high impact in patients' health conditions.",,,,,,,,,detail_hint,codex,pending,
PMID:33459204,PubMed,33459204,Probiotics as a therapeutic strategy in obesity and overweight: a systematic review.,BMI,"The role of probiotics in reducing body mass index and weight as well as changing the visceral abdominal fat area, waist and hip circumference were shown in 14 of 23 trials (60.87%); 14 trials (60.87%) showed changes on patients' fatty acids and biomarkers; and 4 trials (17.39%) studied the role of the gut microbiota in obese and overweight patients.",,,,,,,,,detail_hint,codex,pending,
PMID:33459204,PubMed,33459204,Probiotics as a therapeutic strategy in obesity and overweight: a systematic review.,waist,"The role of probiotics in reducing body mass index and weight as well as changing the visceral abdominal fat area, waist and hip circumference were shown in 14 of 23 trials (60.87%); 14 trials (60.87%) showed changes on patients' fatty acids and biomarkers; and 4 trials (17.39%) studied the role of the gut microbiota in obese and overweight patients.",,,,,,,,,detail_hint,codex,pending,
PMID:33459204,PubMed,33459204,Probiotics as a therapeutic strategy in obesity and overweight: a systematic review.,body_fat,"The role of probiotics in reducing body mass index and weight as well as changing the visceral abdominal fat area, waist and hip circumference were shown in 14 of 23 trials (60.87%); 14 trials (60.87%) showed changes on patients' fatty acids and biomarkers; and 4 trials (17.39%) studied the role of the gut microbiota in obese and overweight patients.",,,,,,,,,detail_hint,codex,pending,
PMID:33459204,PubMed,33459204,Probiotics as a therapeutic strategy in obesity and overweight: a systematic review.,microbiome,"In this vein, an increasing interest in the gut microbiota has emerged as a target for therapeutic strategies in obesity and overweight due to its direct relation with the aforementioned health conditions and complications.",,,,,,,,,detail_hint,codex,pending,
PMID:34684633,PubMed,34684633,Effects of Probiotics and Synbiotics on Weight Loss in Subjects with Overweight or Obesity: A Systematic Review.,weight,"The intake of probiotics or synbiotics could lead to significant weight reductions, either maintaining habitual lifestyle habits or in combination with energy restriction and/or increased physical activity for an average of 12 weeks.",,,,,,,,,detail_hint,codex,pending,
PMID:34946095,PubMed,34946095,Metagenome-Scale Metabolic Network Suggests Folate Produced by,weight,"The high-fiber diet reduced the overall amount of metabolite secretions, but the secretions of folic acid derivatives by Bifidobacterium longum strains were increased and were significantly relevant to the observed weight loss.",,,,,,,,,detail_hint,codex,pending,
EUROPEPMC:34973469,PubMed,34973469,Microbiota and body weight control: Weight watchers within?,weight,"There is an increased interest in utilising the gut microbiota for body weight control, as it responds to intervention and plays an important role in energy extraction from food, as well as biotransformation of nutrients.; This review provides an overview of the role of the gut microbiota in the physiological and metabolic alterations observed in two body weight dysregulation-related disorders, namely obesity and cachexia.",,,,,,,,,detail_hint,codex,pending,
EUROPEPMC:34973469,PubMed,34973469,Microbiota and body weight control: Weight watchers within?,microbiome,"There is an increased interest in utilising the gut microbiota for body weight control, as it responds to intervention and plays an important role in energy extraction from food, as well as biotransformation of nutrients.; This review provides an overview of the role of the gut microbiota in the physiological and metabolic alterations observed in two body weight dysregulation-related disorders, namely obesity and cachexia.",,,,,,,,,detail_hint,codex,pending,
PMID:36281657,PubMed,36281657,Algal polysaccharides and derivatives as potential therapeutics for obesity and related metabolic diseases.,weight,"Relevant studies have demonstrated that a variety of algal polysaccharides can play a significant role in weight loss and treatment of obesity-related metabolic diseases by improving the composition of gut microbiota, promoting bile acid formation, and upregulating cholesterol receptors in the liver.",,,,,,,,,detail_hint,codex,pending,
PMID:36281657,PubMed,36281657,Algal polysaccharides and derivatives as potential therapeutics for obesity and related metabolic diseases.,lipid,"Relevant studies have demonstrated that a variety of algal polysaccharides can play a significant role in weight loss and treatment of obesity-related metabolic diseases by improving the composition of gut microbiota, promoting bile acid formation, and upregulating cholesterol receptors in the liver.",,,,,,,,,detail_hint,codex,pending,
PMID:36281657,PubMed,36281657,Algal polysaccharides and derivatives as potential therapeutics for obesity and related metabolic diseases.,microbiome,"Relevant studies have demonstrated that a variety of algal polysaccharides can play a significant role in weight loss and treatment of obesity-related metabolic diseases by improving the composition of gut microbiota, promoting bile acid formation, and upregulating cholesterol receptors in the liver.",,,,,,,,,detail_hint,codex,pending,
PMID:36530587,PubMed,36530587,Microbiome-Targeted Therapies as an Adjunct to Traditional Weight Loss Interventions: A Systematic Review and Meta-Analysis.,weight,"Compared with dietary or dietary and exercise interventions only, probiotics resulted in reductions in body weight (MD: -0.73 kg; 95% confidence interval [CI]: -1.02 to -0.44, p < 0.001), fat mass (MD: -0.61 kg; 95% CI: -0.77 to -0.45; p<0.001) and waist circumference (MD: -0.53 cm; 95% CI: -0.99 to -0.07, p=0.024) while synbiotics resulted in reductions in fat mass (MD: -1.53 kg; 95% CI: -2.95 to -0.12, p=0.034) and waist circumference (MD: -1.31 cm; 95% CI: -2.05 to -0.57, p<0.001).; This anal",p < 0.001; p<0.001; p=0.024; p=0.034,,,,,,,n=11; n=10,detail_hint,codex,pending,
PMID:36530587,PubMed,36530587,Microbiome-Targeted Therapies as an Adjunct to Traditional Weight Loss Interventions: A Systematic Review and Meta-Analysis.,waist,"Compared with dietary or dietary and exercise interventions only, probiotics resulted in reductions in body weight (MD: -0.73 kg; 95% confidence interval [CI]: -1.02 to -0.44, p < 0.001), fat mass (MD: -0.61 kg; 95% CI: -0.77 to -0.45; p<0.001) and waist circumference (MD: -0.53 cm; 95% CI: -0.99 to -0.07, p=0.024) while synbiotics resulted in reductions in fat mass (MD: -1.53 kg; 95% CI: -2.95 to -0.12, p=0.034) and waist circumference (MD: -1.31 cm; 95% CI: -2.05 to -0.57, p<0.001).; This anal",p < 0.001; p<0.001; p=0.024; p=0.034,,,,,,,n=11; n=10,detail_hint,codex,pending,
PMID:36530587,PubMed,36530587,Microbiome-Targeted Therapies as an Adjunct to Traditional Weight Loss Interventions: A Systematic Review and Meta-Analysis.,body_fat,"Compared with dietary or dietary and exercise interventions only, probiotics resulted in reductions in body weight (MD: -0.73 kg; 95% confidence interval [CI]: -1.02 to -0.44, p < 0.001), fat mass (MD: -0.61 kg; 95% CI: -0.77 to -0.45; p<0.001) and waist circumference (MD: -0.53 cm; 95% CI: -0.99 to -0.07, p=0.024) while synbiotics resulted in reductions in fat mass (MD: -1.53 kg; 95% CI: -2.95 to -0.12, p=0.034) and waist circumference (MD: -1.31 cm; 95% CI: -2.05 to -0.57, p<0.001).; This anal",p < 0.001; p<0.001; p=0.024; p=0.034,,,,,,,n=11; n=10,detail_hint,codex,pending,
PMID:36530587,PubMed,36530587,Microbiome-Targeted Therapies as an Adjunct to Traditional Weight Loss Interventions: A Systematic Review and Meta-Analysis.,microbiome,"Compared with dietary or dietary and exercise interventions only, probiotics resulted in reductions in body weight (MD: -0.73 kg; 95% confidence interval [CI]: -1.02 to -0.44, p < 0.001), fat mass (MD: -0.61 kg; 95% CI: -0.77 to -0.45; p<0.001) and waist circumference (MD: -0.53 cm; 95% CI: -0.99 to -0.07, p=0.024) while synbiotics resulted in reductions in fat mass (MD: -1.53 kg; 95% CI: -2.95 to -0.12, p=0.034) and waist circumference (MD: -1.31 cm; 95% CI: -2.05 to -0.57, p<0.001).; This anal",p < 0.001; p<0.001; p=0.024; p=0.034,,,,,,,n=11; n=10,detail_hint,codex,pending,
PMID:35467389,PubMed,35467389,Whole-Genome Shotgun Metagenomic Sequencing Reveals Distinct Gut Microbiome Signatures of Obese Cats.,weight,"Overweight and obesity are growing health problems in domestic cats, increasing the risks of insulin resistance, lipid dyscrasias, neoplasia, cardiovascular disease, and decreasing longevity.",P < 0.01; P = 0.005; P = 0.02,,,,,,,,detail_hint,codex,pending,
PMID:35467389,PubMed,35467389,Whole-Genome Shotgun Metagenomic Sequencing Reveals Distinct Gut Microbiome Signatures of Obese Cats.,glucose,"Overweight and obesity are growing health problems in domestic cats, increasing the risks of insulin resistance, lipid dyscrasias, neoplasia, cardiovascular disease, and decreasing longevity.",P < 0.01; P = 0.005; P = 0.02,,,,,,,,detail_hint,codex,pending,
PMID:35467389,PubMed,35467389,Whole-Genome Shotgun Metagenomic Sequencing Reveals Distinct Gut Microbiome Signatures of Obese Cats.,lipid,"Overweight and obesity are growing health problems in domestic cats, increasing the risks of insulin resistance, lipid dyscrasias, neoplasia, cardiovascular disease, and decreasing longevity.",P < 0.01; P = 0.005; P = 0.02,,,,,,,,detail_hint,codex,pending,
PMID:35467389,PubMed,35467389,Whole-Genome Shotgun Metagenomic Sequencing Reveals Distinct Gut Microbiome Signatures of Obese Cats.,microbiome,"In the obese cat microbiome, we discovered a significant reduction in microbial diversity (P < 0.01) and Firmicutes abundance (P = 0.005), as well as decreased Firmicutes/Bacteroidetes ratios (P = 0.02), which is the inverse of obese human/mouse microbiota.",P < 0.01; P = 0.005; P = 0.02,,,,,,,,detail_hint,codex,pending,
PMID:36091491,PubMed,36091491,Multi-omic analyses identify mucosa bacteria and fecal metabolites associated with weight loss after fecal microbiota transplantation.,weight,"Subjects who lost weight after FMT sustained enrichment of Bifidobacterium bifidum and Alistipes onderdonkii in the duodenal, colonic mucosal, and fecal microbiome and increased levels of phosphopantothenate biosynthesis and fecal metabolite eicosapentaenoic acid (EPA), compared with those without weight loss.",,,,,,,,,detail_hint,codex,pending,
PMID:36091491,PubMed,36091491,Multi-omic analyses identify mucosa bacteria and fecal metabolites associated with weight loss after fecal microbiota transplantation.,microbiome,"The colonic microbiome in patients showed more marked variance after FMT compared with the duodenal microbiome, characterized by an increased relative abundance of Bacteroides.",,,,,,,,,detail_hint,codex,pending,
EUROPEPMC:37661739,PubMed,37661739,Questioning the foundations of the gut microbiota and obesity.,body_fat,The role of the gut microbiota in determining body fatness has been a prominent area of research and has received significant public attention.,,,,,,,,,detail_hint,codex,pending,
EUROPEPMC:37661739,PubMed,37661739,Questioning the foundations of the gut microbiota and obesity.,microbiome,The role of the gut microbiota in determining body fatness has been a prominent area of research and has received significant public attention.,,,,,,,,,detail_hint,codex,pending,
PMID:37474971,PubMed,37474971,Effects of synbiotic supplementation on intestinal microbiota composition in children and adolescents with exogenous obesity: (Probesity-2 trial).,BMI,"At the end of the 12th week of the study, when the synbiotic and placebo groups were compared, Bacteroides eggerthi species were dominant in the placebo group, while Collinsella stercoris species were dominant in the synbiotic group.; This study is the first pediatric obesity study to show that a synbiotic treatment is associated with both changes intestinal microbiota composition and decreases in BMI.",p < 0.001; p < 0.01; p < 0.05,,,,,,,,detail_hint,codex,pending,
PMID:37474971,PubMed,37474971,Effects of synbiotic supplementation on intestinal microbiota composition in children and adolescents with exogenous obesity: (Probesity-2 trial).,microbiome,Gut microbiota manipulation may be a potential therapeutic target to reduce host energy storage.,p < 0.001; p < 0.01; p < 0.05,,,,,,,,detail_hint,codex,pending,
PMID:37915619,PubMed,37915619,A nutritional supplement taken during preconception and pregnancy influences human milk macronutrients in women with overweight/obesity and gestational diabetes mellitus.,weight,Maternal overweight/obesity and gestational diabetes mellitus (GDM) are associated with an increased risk of their offspring developing overweight/obesity or type 2 diabetes later in life.,p = 0.049; p = 0.029,,,,,,,,detail_hint,codex,pending,
PMID:37562188,PubMed,37562188,Does gut microbiota affect the success of weight loss? Evidence and speculation.,weight,"Many studies have focused on assessing the effectiveness of probiotics, prebiotics, or synbiotics in weight control, although with inconclusive results, mainly because of the significant heterogeneity of the studies (with different strains, doses, forms, interventional durations, and outcomes).",,,,,,,,,detail_hint,codex,pending,
PMID:37642346,PubMed,37642346,"Gut microbiome diversity, variability, and latent community types compared with shifts in body weight during the freshman year of college in dormitory-housed adolescents.",weight,"Significant human gut microbiome changes during adolescence suggest that microbial community evolution occurs throughout important developmental periods including the transition to college, a typical life phase of weight gain.",,,,,,,,,detail_hint,codex,pending,
PMID:37642346,PubMed,37642346,"Gut microbiome diversity, variability, and latent community types compared with shifts in body weight during the freshman year of college in dormitory-housed adolescents.",waist,"Finally, we found 30 latent community structures within the microbiome with significant associations with waist circumference, sleep, and dietary factors, with alcohol consumption chief among them.",,,,,,,,,detail_hint,codex,pending,
PMID:37642346,PubMed,37642346,"Gut microbiome diversity, variability, and latent community types compared with shifts in body weight during the freshman year of college in dormitory-housed adolescents.",microbiome,"Significant human gut microbiome changes during adolescence suggest that microbial community evolution occurs throughout important developmental periods including the transition to college, a typical life phase of weight gain.",,,,,,,,,detail_hint,codex,pending,
EUROPEPMC:39421246,PubMed,39421246,"Probiotics, prebiotics, synbiotics and other microbiome-based innovative therapeutics to mitigate obesity and enhance longevity via the gut-brain axis.",microbiome,"This review discusses the interrelationship between obesity and aging, with a particular emphasis on the gut microbiome, and presents biotics as novel therapeutic agents for obesity, aging and related disease states.",,,,,,,,,detail_hint,codex,pending,
EUROPEPMC:37771199,PubMed,37771199,Human gut microbiome: Therapeutic opportunities for metabolic syndrome-Hype or hope?,microbiome,"Furthermore, clinical trial results on the effects of common drugs used to treat metabolic diseases are synopsized to highlight the bidirectional relationship between the microbiome and metabolic diseases.",,,,,,,,,detail_hint,codex,pending,
PMID:20216555,PubMed,20216555,Regulation of abdominal adiposity by probiotics (Lactobacillus gasseri SBT2055) in adults with obese tendencies in a randomized controlled trial.,weight,"Body weight and other measures also decreased significantly (P<0.001) as follows: body weight, 1.4% (-1.1 (-1.5, -0.7) kg); BMI, 1.5% (-0.4 (-0.5, -0.2) kg/m(2)); waist, 1.8% (-1.7 (-2.1, -1.4) cm); hip, 1.5% (-1.5 (-1.8, -1.1) cm).",P<0.01; P<0.001,,,,,,,n=87; n=43; n=44,detail_hint,codex,pending,
PMID:20216555,PubMed,20216555,Regulation of abdominal adiposity by probiotics (Lactobacillus gasseri SBT2055) in adults with obese tendencies in a randomized controlled trial.,BMI,"Body weight and other measures also decreased significantly (P<0.001) as follows: body weight, 1.4% (-1.1 (-1.5, -0.7) kg); BMI, 1.5% (-0.4 (-0.5, -0.2) kg/m(2)); waist, 1.8% (-1.7 (-2.1, -1.4) cm); hip, 1.5% (-1.5 (-1.8, -1.1) cm).",P<0.01; P<0.001,,,,,,,n=87; n=43; n=44,detail_hint,codex,pending,
PMID:20216555,PubMed,20216555,Regulation of abdominal adiposity by probiotics (Lactobacillus gasseri SBT2055) in adults with obese tendencies in a randomized controlled trial.,waist,"Body weight and other measures also decreased significantly (P<0.001) as follows: body weight, 1.4% (-1.1 (-1.5, -0.7) kg); BMI, 1.5% (-0.4 (-0.5, -0.2) kg/m(2)); waist, 1.8% (-1.7 (-2.1, -1.4) cm); hip, 1.5% (-1.5 (-1.8, -1.1) cm).",P<0.01; P<0.001,,,,,,,n=87; n=43; n=44,detail_hint,codex,pending,
PMID:20216555,PubMed,20216555,Regulation of abdominal adiposity by probiotics (Lactobacillus gasseri SBT2055) in adults with obese tendencies in a randomized controlled trial.,body_fat,"Abdominal fat area was determined by computed tomography.; In the active FM group, abdominal visceral and subcutaneous fat areas significantly (P<0.01) decreased from baseline by an average of 4.6% (mean (confidence interval): -5.8 (-10.0, -1.7) cm(2)) and 3.3% (-7.4 (-11.6, -3.1) cm(2)), respectively.",P<0.01; P<0.001,,,,,,,n=87; n=43; n=44,detail_hint,codex,pending,
NCT:NCT05671731,ClinicalTrials.gov,NCT05671731,Combining Prebiotic and Diet/Physical Activity Educational Program Effects on Body Composition and Intestinal Microbiota in Children,BMI,Combining Prebiotic and Diet/Physical Activity Educational Program Effects on Body Composition and Intestinal Microbiota in Children  Beneo Synergy 1; Project FUN Body mass index percentile mean change from baseline after 12 weeks Body fat percentage mean change from baseline after 12 weeks; Gut microbiota mean change from baseline after 12 weeks (Intervention group only) Intervention; Control,,,,,,,,123,detail_hint,codex,pending,
NCT:NCT05671731,ClinicalTrials.gov,NCT05671731,Combining Prebiotic and Diet/Physical Activity Educational Program Effects on Body Composition and Intestinal Microbiota in Children,body_fat,Combining Prebiotic and Diet/Physical Activity Educational Program Effects on Body Composition and Intestinal Microbiota in Children  Beneo Synergy 1; Project FUN Body mass index percentile mean change from baseline after 12 weeks Body fat percentage mean change from baseline after 12 weeks; Gut microbiota mean change from baseline after 12 weeks (Intervention group only) Intervention; Control,,,,,,,,123,detail_hint,codex,pending,
NCT:NCT05671731,ClinicalTrials.gov,NCT05671731,Combining Prebiotic and Diet/Physical Activity Educational Program Effects on Body Composition and Intestinal Microbiota in Children,microbiome,Combining Prebiotic and Diet/Physical Activity Educational Program Effects on Body Composition and Intestinal Microbiota in Children  Beneo Synergy 1; Project FUN Body mass index percentile mean change from baseline after 12 weeks Body fat percentage mean change from baseline after 12 weeks; Gut microbiota mean change from baseline after 12 weeks (Intervention group only) Intervention; Control,,,,,,,,123,detail_hint,codex,pending,
PMID:24184299,PubMed,24184299,A randomized triple-masked controlled trial on the effects of synbiotics on inflammation markers in overweight children.,weight,"There was no significant change in the mean values of high-sensitive C-reactive protein.; the present findings suggest the positive influence of synbiotic supplementation on inflammation factors, which are dependent to its effect on weight reduction in overweight and obese children.",,,,,,,,70 participants,detail_hint,codex,pending,
PMID:24184299,PubMed,24184299,A randomized triple-masked controlled trial on the effects of synbiotics on inflammation markers in overweight children.,BMI,"Compared with the placebo group, the synbiotic group had significant decrease in mean values of tumor necrosis-α and interleukin-6, with significant increase in adiponectin; these changes were no longer significant after adjustment for BMI.",,,,,,,,70 participants,detail_hint,codex,pending,
PMID:38953736,PubMed,38953736,"Beneficial effects of a new probiotic formulation on adipocytokines, appetite-regulating hormones, and metabolic parameters in obese women.",BMI,Significant changes in BMI between groups were not observed.,p = 0.005; p = 0.012; p = 0.026; p = 0.03; p = 0.023; p = 0.006,,,,,,,,detail_hint,codex,pending,
PMID:38953736,PubMed,38953736,"Beneficial effects of a new probiotic formulation on adipocytokines, appetite-regulating hormones, and metabolic parameters in obese women.",lipid,"After the intervention, significantly lower median concentrations of CRP (p = 0.005) and IL-6 (p = 0.012) were measured in the intervention group than the baseline, while the median concentrations of ghrelin (p = 0.026) and HDL-cholesterol (p = 0.03) were significantly increased.",p = 0.005; p = 0.012; p = 0.026; p = 0.03; p = 0.023; p = 0.006,,,,,,,,detail_hint,codex,pending,
PMID:39125666,PubMed,39125666,Metabolic Syndrome and Psoriasis: Pivotal Roles of Chronic Inflammation and Gut Microbiota.,weight,A link between metabolic disorders and Psoriasis has emerged from evidence indicating that weight loss obtained through healthy diets and exercise was able to improve the clinical course and therapeutic response of Psoriasis in patients with obesity or overweight patients and even prevent its occurrence.,,,,,,,,,detail_hint,codex,pending,
PMID:39125666,PubMed,39125666,Metabolic Syndrome and Psoriasis: Pivotal Roles of Chronic Inflammation and Gut Microbiota.,body_fat,"Indeed, an increase in visceral adipose tissue, typical of obesity, contributes to the development of an inflammatory state, which, in turn, induces the production of several proinflammatory cytokines responsible for insulin resistance.",,,,,,,,,detail_hint,codex,pending,
PMID:39125666,PubMed,39125666,Metabolic Syndrome and Psoriasis: Pivotal Roles of Chronic Inflammation and Gut Microbiota.,glucose,"Indeed, an increase in visceral adipose tissue, typical of obesity, contributes to the development of an inflammatory state, which, in turn, induces the production of several proinflammatory cytokines responsible for insulin resistance.",,,,,,,,,detail_hint,codex,pending,
PMID:39125666,PubMed,39125666,Metabolic Syndrome and Psoriasis: Pivotal Roles of Chronic Inflammation and Gut Microbiota.,microbiome,"Given this, the gut microbiota represents an additional therapeutic target that can improve metabolism in different clinical conditions.",,,,,,,,,detail_hint,codex,pending,
PMID:39400776,PubMed,39400776,Impact of bariatric surgery on gut microbiota composition in obese patients compared to healthy controls.,weight,"Bariatric surgery is vital for sustainable weight loss and metabolic improvement in obese individuals, but its effects on gut microbiota and their role in these benefits require further investigation.",,,,,,,,,detail_hint,codex,pending,
PMID:39400776,PubMed,39400776,Impact of bariatric surgery on gut microbiota composition in obese patients compared to healthy controls.,BMI,"Post-surgery, patients showed significant reductions in weight and BMI, with changes in dietary habits and physical activity.",,,,,,,,,detail_hint,codex,pending,
PMID:39400776,PubMed,39400776,Impact of bariatric surgery on gut microbiota composition in obese patients compared to healthy controls.,microbiome,"Bariatric surgery is vital for sustainable weight loss and metabolic improvement in obese individuals, but its effects on gut microbiota and their role in these benefits require further investigation.",,,,,,,,,detail_hint,codex,pending,
PMID:38409604,PubMed,38409604,Resistant starch intake facilitates weight loss in humans by reshaping the gut microbiota.,weight,"Here, we show that RS supplementation for 8 weeks can help to achieve weight loss (mean -2.8 kg) and improve insulin resistance in individuals with excess body weight.",,,,,,,,37 participants,detail_hint,codex,pending,
PMID:38409604,PubMed,38409604,Resistant starch intake facilitates weight loss in humans by reshaping the gut microbiota.,glucose,"Here, we show that RS supplementation for 8 weeks can help to achieve weight loss (mean -2.8 kg) and improve insulin resistance in individuals with excess body weight.",,,,,,,,37 participants,detail_hint,codex,pending,
PMID:38409604,PubMed,38409604,Resistant starch intake facilitates weight loss in humans by reshaping the gut microbiota.,lipid,"Mechanistically, the RS-induced changes in the gut microbiota alter the bile acid profile, reduce inflammation by restoring the intestinal barrier and inhibit lipid absorption.",,,,,,,,37 participants,detail_hint,codex,pending,
PMID:38409604,PubMed,38409604,Resistant starch intake facilitates weight loss in humans by reshaping the gut microbiota.,microbiome,"Mechanistically, the RS-induced changes in the gut microbiota alter the bile acid profile, reduce inflammation by restoring the intestinal barrier and inhibit lipid absorption.",,,,,,,,37 participants,detail_hint,codex,pending,
EUROPEPMC:40295195,PubMed,40295195,"Microbiome, Potential Therapeutic Agents: New Players of Obesity Treatment.",microbiome,Understanding these mechanisms could pave the way for interventions targeting the gut microbiome to reduce obesity-related adiposity.,,,,,,,,,detail_hint,codex,pending,
EUROPEPMC:41426235,PubMed,41426235,Modulating Metabolic Health and Physiological Functions: Advances in Dietary Interventions Targeting Gut Microbiota.,microbiome,The possibility of tailoring nutritional interventions based on individual microbiota profiles represents a promising frontier for personalized and effective approaches to improve metabolic health.,,,,,,,,,detail_hint,codex,pending,
EUROPEPMC:41220421,PubMed,41220421,Therapeutic Potential Targeting Gut Microbiota Modulation With Emphasis on,microbiome,"Short-chain fatty acids (SCFAs) are a key metabolite produced by gut microbiota and exhibit significant therapeutic potential by serving as an energy source for colonocytes, enhancing gut barrier integrity, and modulating inflammation.",,,,,,,,,detail_hint,codex,pending,
PMID:39984625,PubMed,39984625,Effects of oral supplementation of probiotics on body weight and visceral fat in obese patients: a meta-analysis and systematic review.,weight,Meta-analysis showed that the weight loss of the experimental group taking probiotics was significantly higher than that of the control group (P < 0.00001).,P < 0.00001; P = 0.01,,,,,,,412 patients,detail_hint,codex,pending,
PMID:39984625,PubMed,39984625,Effects of oral supplementation of probiotics on body weight and visceral fat in obese patients: a meta-analysis and systematic review.,BMI,There was no significant difference in BMI and LDL-C levels between the experimental group and the control group.,P < 0.00001; P = 0.01,,,,,,,412 patients,detail_hint,codex,pending,
PMID:39984625,PubMed,39984625,Effects of oral supplementation of probiotics on body weight and visceral fat in obese patients: a meta-analysis and systematic review.,waist,The reduction of waist circumference in the experimental group taking probiotics was significantly different from that in the control group (P = 0.01).,P < 0.00001; P = 0.01,,,,,,,412 patients,detail_hint,codex,pending,
PMID:39984625,PubMed,39984625,Effects of oral supplementation of probiotics on body weight and visceral fat in obese patients: a meta-analysis and systematic review.,body_fat,"In recent years, it has been reported that probiotics can reduce obesity and visceral fat content, and some studies have put forward the opposite conclusion.",P < 0.00001; P = 0.01,,,,,,,412 patients,detail_hint,codex,pending,
PMID:40637175,PubMed,40637175,Gut microbiome-based interventions for the management of obesity in children and adolescents aged up to 19 years.,weight,"However, evidence regarding the effect of gut microbiome-based interventions for the management of obesity is limited.; To assess the effects of gut microbiome-based interventions in the management of overweight or obesity in children and adolescents in all their diversity aged 0 to 19 years.; We searched CENTRAL, MEDLINE, CINAHL, Web of Science Core Collection, BIOSIS Previews, Global Index Medicus (all regions), IBECS, SciELO, PAHO, PAHO IRIS, WHO IRIS, WHOLIS, Bibliomap, TRoPHI as well as ICT",,,,,,,,838 participants; 41 participants; 56 participants; 48 participants,detail_hint,codex,pending,
PMID:40637175,PubMed,40637175,Gut microbiome-based interventions for the management of obesity in children and adolescents aged up to 19 years.,BMI,"According to one study with 41 participants and in children and adolescents 0 to 19 years of age, intervention with prebiotics compared to placebo may result in a small reduction in BMI (mean difference = -0.70, 95% CI = -1.25 to -0.15) and body weight (mean difference = -1.5, 95% CI = -2.61 to -0.39).",,,,,,,,838 participants; 41 participants; 56 participants; 48 participants,detail_hint,codex,pending,
PMID:40637175,PubMed,40637175,Gut microbiome-based interventions for the management of obesity in children and adolescents aged up to 19 years.,waist,"According to one study with 48 participants and very low-certainty of evidence, SCFAs compared to placebo may result in a reduction in waist circumference (mean difference = -5.08, 95% CI = -7.40 to -2.76) and BMI (mean difference = -2.26, 95% CI = -3.24 to -1.28) in children and adolescents (0-19 years).",,,,,,,,838 participants; 41 participants; 56 participants; 48 participants,detail_hint,codex,pending,
PMID:40637175,PubMed,40637175,Gut microbiome-based interventions for the management of obesity in children and adolescents aged up to 19 years.,microbiome,Gut microbiome-based interventions for the management of obesity in children and adolescents aged up to 19 years.,,,,,,,,838 participants; 41 participants; 56 participants; 48 participants,detail_hint,codex,pending,
PMID:39997695,PubMed,39997695,Synergistic Effects of Probiotics and Lifestyle Interventions on Intestinal Microbiota Composition and Clinical Outcomes in Obese Adults.,BMI,"A reduction in BMI, fasting glucose, insulin, HOMA-IR, LDL cholesterol, and triglycerides was observed, in addition to an increase in HDL cholesterol, improvement in bowel movement frequency, and stool consistency.; The treatment with probiotics and healthy lifestyle habits contributed to improving the composition of the intestinal microbiota and clinical outcomes individuals with obesity.",,,,,,,,45 adults,detail_hint,codex,pending,
PMID:39997695,PubMed,39997695,Synergistic Effects of Probiotics and Lifestyle Interventions on Intestinal Microbiota Composition and Clinical Outcomes in Obese Adults.,glucose,"A reduction in BMI, fasting glucose, insulin, HOMA-IR, LDL cholesterol, and triglycerides was observed, in addition to an increase in HDL cholesterol, improvement in bowel movement frequency, and stool consistency.; The treatment with probiotics and healthy lifestyle habits contributed to improving the composition of the intestinal microbiota and clinical outcomes individuals with obesity.",,,,,,,,45 adults,detail_hint,codex,pending,
PMID:39997695,PubMed,39997695,Synergistic Effects of Probiotics and Lifestyle Interventions on Intestinal Microbiota Composition and Clinical Outcomes in Obese Adults.,lipid,"A reduction in BMI, fasting glucose, insulin, HOMA-IR, LDL cholesterol, and triglycerides was observed, in addition to an increase in HDL cholesterol, improvement in bowel movement frequency, and stool consistency.; The treatment with probiotics and healthy lifestyle habits contributed to improving the composition of the intestinal microbiota and clinical outcomes individuals with obesity.",,,,,,,,45 adults,detail_hint,codex,pending,
PMID:39997695,PubMed,39997695,Synergistic Effects of Probiotics and Lifestyle Interventions on Intestinal Microbiota Composition and Clinical Outcomes in Obese Adults.,microbiome,"Clinical parameters, body composition, biochemical analysis, and intestinal microbiota assessment were evaluated before and after treatment.; After 60 days, an analysis of the intestinal microbiota showed an increase in microbial diversity (including alfa and beta) and a better balance between the bacterial phyla Firmicutes and Bacteroidetes.",,,,,,,,45 adults,detail_hint,codex,pending,
PMID:40192559,PubMed,40192559,The Effect of Prebiotics and Probiotics (Synbiotics) on Weight Loss and Biochemical Parameters in Obese Individuals.,weight,"A significant decrease was found in weight, body mass index (BMI), and waist circumference values compared with baseline in both groups (P: .001; P < .05).",P < .05,,,,,,,110 participants,detail_hint,codex,pending,
PMID:40192559,PubMed,40192559,The Effect of Prebiotics and Probiotics (Synbiotics) on Weight Loss and Biochemical Parameters in Obese Individuals.,BMI,"A significant decrease was found in weight, body mass index (BMI), and waist circumference values compared with baseline in both groups (P: .001; P < .05).",P < .05,,,,,,,110 participants,detail_hint,codex,pending,
PMID:40192559,PubMed,40192559,The Effect of Prebiotics and Probiotics (Synbiotics) on Weight Loss and Biochemical Parameters in Obese Individuals.,waist,"A significant decrease was found in weight, body mass index (BMI), and waist circumference values compared with baseline in both groups (P: .001; P < .05).",P < .05,,,,,,,110 participants,detail_hint,codex,pending,
PMID:40192559,PubMed,40192559,The Effect of Prebiotics and Probiotics (Synbiotics) on Weight Loss and Biochemical Parameters in Obese Individuals.,glucose,A significant decrease was found in fasting blood sugar and HOMA-IR values compared with baseline in both groups.,P < .05,,,,,,,110 participants,detail_hint,codex,pending,
PMID:40434504,PubMed,40434504,Harnessing Probiotics: Exploring the Role of the Gut Microbiome in Combating Obesity.,weight,"Probiotics, particularly Lactobacillus and Bifidobacterium strains, have shown promise in clinical trials by promoting weight loss, improving lipid profiles, and addressing gut dysbiosis associated with obesity.",,,,,,,,,detail_hint,codex,pending,
PMID:40434504,PubMed,40434504,Harnessing Probiotics: Exploring the Role of the Gut Microbiome in Combating Obesity.,lipid,"Probiotics, particularly Lactobacillus and Bifidobacterium strains, have shown promise in clinical trials by promoting weight loss, improving lipid profiles, and addressing gut dysbiosis associated with obesity.",,,,,,,,,detail_hint,codex,pending,
PMID:41348832,PubMed,41348832,"Human-derived fecal virome transplantation (FVT) reshapes the murine gut microbiota and virome, enhancing glucose regulation.",glucose,"Despite persistent dietary stress, FVT significantly improved glucose tolerance.",,,,,,,,,detail_hint,codex,pending,
PMID:41374064,PubMed,41374064,Marine-Algal-Derived Postbiotics Modulating the Gut Microbiota-Adipose Tissue Axis in Obesity: A New Frontier.,weight,"Animal studies consistently demonstrate reduced body weight, improved insulin sensitivity, and decreased inflammation following algae supplementation.",,,,,,,,,detail_hint,codex,pending,
PMID:41374064,PubMed,41374064,Marine-Algal-Derived Postbiotics Modulating the Gut Microbiota-Adipose Tissue Axis in Obesity: A New Frontier.,glucose,"Animal studies consistently demonstrate reduced body weight, improved insulin sensitivity, and decreased inflammation following algae supplementation.",,,,,,,,,detail_hint,codex,pending,
PMID:41374064,PubMed,41374064,Marine-Algal-Derived Postbiotics Modulating the Gut Microbiota-Adipose Tissue Axis in Obesity: A New Frontier.,microbiome,Background: Obesity is increasingly recognized as a metabolic disorder driven by gut microbiota dysbiosis and chronic low-grade inflammation within adipose tissue.,,,,,,,,,detail_hint,codex,pending,
EUROPEPMC:41246285,PubMed,41246285,Microbiome-based therapeutics for metabolic disorders: harnessing microbial intrusions for treatment.,lipid,Probiotics show significant promise in improving blood sugar control and enhancing lipid levels.,,,,,,,,,detail_hint,codex,pending,
EUROPEPMC:41246285,PubMed,41246285,Microbiome-based therapeutics for metabolic disorders: harnessing microbial intrusions for treatment.,microbiome,"The human gut microbiota, made up of trillions of microorganisms that plays a crucial role in maintaining metabolic balance through complex biochemical processes and interactions between hosts and microbes.",,,,,,,,,detail_hint,codex,pending,
EUROPEPMC:41133047,PubMed,41133047,Efficacy of Gut Microbiome-Targeted Therapies in Modulating Systemic Inflammation and Low-Grade Chronic Inflammatory States in Adults With Metabolic Disorders: A Systematic Review.,weight,"Prebiotic therapies showed significant decreases in fasting glucose in overweight people, and insulin levels and HOMA-IR in patients with metabolic syndrome, enhanced anti-inflammatory effects (31% C-reactive protein (CRP) reduction, decreased interleukin (IL)-6, tumor necrosis factor-alpha (TNF)-α, and lipopolysaccharide (LPS) levels), and promoted butyrate-producing bacteria.",,,,,,,,,detail_hint,codex,pending,
EUROPEPMC:41133047,PubMed,41133047,Efficacy of Gut Microbiome-Targeted Therapies in Modulating Systemic Inflammation and Low-Grade Chronic Inflammatory States in Adults With Metabolic Disorders: A Systematic Review.,BMI,"We found that probiotics significantly enhanced insulin resistance (HOMA-IR), reduced circulating endotoxin levels, decreased visceral fat, BMI, and fat mass, and increased beneficial taxa with obesity-associated bacteria reduction.",,,,,,,,,detail_hint,codex,pending,
EUROPEPMC:41133047,PubMed,41133047,Efficacy of Gut Microbiome-Targeted Therapies in Modulating Systemic Inflammation and Low-Grade Chronic Inflammatory States in Adults With Metabolic Disorders: A Systematic Review.,body_fat,"We found that probiotics significantly enhanced insulin resistance (HOMA-IR), reduced circulating endotoxin levels, decreased visceral fat, BMI, and fat mass, and increased beneficial taxa with obesity-associated bacteria reduction.",,,,,,,,,detail_hint,codex,pending,
EUROPEPMC:41133047,PubMed,41133047,Efficacy of Gut Microbiome-Targeted Therapies in Modulating Systemic Inflammation and Low-Grade Chronic Inflammatory States in Adults With Metabolic Disorders: A Systematic Review.,glucose,"We found that probiotics significantly enhanced insulin resistance (HOMA-IR), reduced circulating endotoxin levels, decreased visceral fat, BMI, and fat mass, and increased beneficial taxa with obesity-associated bacteria reduction.",,,,,,,,,detail_hint,codex,pending,
EUROPEPMC:41133047,PubMed,41133047,Efficacy of Gut Microbiome-Targeted Therapies in Modulating Systemic Inflammation and Low-Grade Chronic Inflammatory States in Adults With Metabolic Disorders: A Systematic Review.,microbiome,Fecal microbiota transplantation (FMT) studies indicated improved insulin sensitivity and donor microbiota engraftment in responders.,,,,,,,,,detail_hint,codex,pending,
EUROPEPMC:41373952,PubMed,41373952,Obesity and Diabetes in Mexico: An Approach to the Intestinal Microbiota.,glucose,"The intestinal microbiota plays a significant role in metabolic regulation, and its dysbiosis has been associated with insulin resistance, chronic inflammation, and increased fat accumulation.",,,,,,,,,detail_hint,codex,pending,
EUROPEPMC:41373952,PubMed,41373952,Obesity and Diabetes in Mexico: An Approach to the Intestinal Microbiota.,microbiome,"The intestinal microbiota plays a significant role in metabolic regulation, and its dysbiosis has been associated with insulin resistance, chronic inflammation, and increased fat accumulation.",,,,,,,,,detail_hint,codex,pending,
EUROPEPMC:41576942,PubMed,41576942,"Gut microbiome and obesity care: Bridging dietary, surgical, and pharmacological interventions.",microbiome,"Since then, our understanding of the gut microbiome's role in obesity has advanced significantly.",,,,,,,,,detail_hint,codex,pending,
PMID:41871887,PubMed,41871887,Effects of Nutritional Supplement Intake on Pregnancy Outcomes in Overweight and Obese Women: A Systematic Review and Meta-Analysis.,weight,"Unsaturated fatty acids lowered macrosomia incidence (RR 0.53; 95% CI 0.29-0.95).; Routine unsaturated fatty acids and inositol supplementation should be considered for overweight or obese pregnant women to reduce macrosomia, preterm birth, preeclampsia, and gestational hypertension.",,,,,,,,3482 participants,detail_hint,codex,pending,
PMID:41961895,PubMed,41961895,"Effects of Probiotic and Synbiotic Supplementation on Metabolic and Hepatic Outcomes in Children and Adolescents With Obesity, Including Those With Obesity-Related Metabolic Dysfunction-Associated Steatotic Liver Disease: A Systematic Review and Meta-Analysis.",BMI,"No significant improvements were observed in BMI z-score, waist circumference, triglycerides, HDL-C or fasting blood sugar.",,,,,,,,n = 848,detail_hint,codex,pending,
PMID:41961895,PubMed,41961895,"Effects of Probiotic and Synbiotic Supplementation on Metabolic and Hepatic Outcomes in Children and Adolescents With Obesity, Including Those With Obesity-Related Metabolic Dysfunction-Associated Steatotic Liver Disease: A Systematic Review and Meta-Analysis.",waist,"No significant improvements were observed in BMI z-score, waist circumference, triglycerides, HDL-C or fasting blood sugar.",,,,,,,,n = 848,detail_hint,codex,pending,
PMID:41961895,PubMed,41961895,"Effects of Probiotic and Synbiotic Supplementation on Metabolic and Hepatic Outcomes in Children and Adolescents With Obesity, Including Those With Obesity-Related Metabolic Dysfunction-Associated Steatotic Liver Disease: A Systematic Review and Meta-Analysis.",glucose,"A significant increase in HOMA-IR was found (WMD: 0.68, 95% CI: 0.53, 0.83).",,,,,,,,n = 848,detail_hint,codex,pending,
PMID:41961895,PubMed,41961895,"Effects of Probiotic and Synbiotic Supplementation on Metabolic and Hepatic Outcomes in Children and Adolescents With Obesity, Including Those With Obesity-Related Metabolic Dysfunction-Associated Steatotic Liver Disease: A Systematic Review and Meta-Analysis.",lipid,"Pooled analyses demonstrated significant reductions in total cholesterol (WMD: -6.40 mg/dL, 95% CI: -8.78, -4.01), LDL-C (WMD: -2.68 mg/dL, 95% CI: -4.85, -0.50) and alanine aminotransferase (ALT) (WMD: -6.15 U/L, 95% CI: -10.14, -2.16).",,,,,,,,n = 848,detail_hint,codex,pending,
PMID:41205303,PubMed,41205303,Bacteroides acidifaciens alleviates high-fat diet-induced obesity-related osteoporosis by regulating gut microbiota and bile acid metabolism via the gut-bone axis.,weight,"acidifaciens sharply improved weight gain, glucose and lipid metabolism in 16 weeks HFD mice.",,,,,,,,,detail_hint,codex,pending,
PMID:41205303,PubMed,41205303,Bacteroides acidifaciens alleviates high-fat diet-induced obesity-related osteoporosis by regulating gut microbiota and bile acid metabolism via the gut-bone axis.,glucose,"acidifaciens sharply improved weight gain, glucose and lipid metabolism in 16 weeks HFD mice.",,,,,,,,,detail_hint,codex,pending,
PMID:41205303,PubMed,41205303,Bacteroides acidifaciens alleviates high-fat diet-induced obesity-related osteoporosis by regulating gut microbiota and bile acid metabolism via the gut-bone axis.,lipid,"acidifaciens) in modulating metabolic homeostasis, reducing inflammation, and improving lipid metabolism, its impact on obesity-associated osteoporosis is still not well understood.",,,,,,,,,detail_hint,codex,pending,
PMID:41499920,PubMed,41499920,Gut microbiota composition and derived enterotypes are associated with ponderal status in preschool children. Childhood obesity risk assessment longitudinal study (CORALS) cohort.,weight,"Four enterotypes were identified: obesity was associated with Enterotype 3 (Segatella-dominated, p = 0.023), while Enterotype 1 (Alistipes, Akkermansia, Coprococcus) was enriched in underweight/normal weight.",P = 0.00301; P = 0.00158; p = 0.001; p = 0.023; P = 0.003; P = 0.001; P = 0.03,,,,,,,1134 children,detail_hint,codex,pending,
PMID:41499920,PubMed,41499920,Gut microbiota composition and derived enterotypes are associated with ponderal status in preschool children. Childhood obesity risk assessment longitudinal study (CORALS) cohort.,BMI,"Analyses in R assessed alpha/beta diversity, taxonomic composition, enterotypes, and microbial pathways.; Alpha diversity decreased with increasing BMI, particularly in obesity (Shannon adj.P = 0.00301; Simpson adj.P = 0.00158).",P = 0.00301; P = 0.00158; p = 0.001; p = 0.023; P = 0.003; P = 0.001; P = 0.03,,,,,,,1134 children,detail_hint,codex,pending,
PMID:41499920,PubMed,41499920,Gut microbiota composition and derived enterotypes are associated with ponderal status in preschool children. Childhood obesity risk assessment longitudinal study (CORALS) cohort.,microbiome,Childhood obesity is a growing public health concern increasingly linked to gut microbiota.,P = 0.00301; P = 0.00158; p = 0.001; p = 0.023; P = 0.003; P = 0.001; P = 0.03,,,,,,,1134 children,detail_hint,codex,pending,
PMID:41599902,PubMed,41599902,Personalized Nutrition Through the Gut Microbiome in Metabolic Syndrome and Related Comorbidities.,microbiome,"Diet quality (e.g., Mediterranean-style patterns, higher fermentable fiber, or lower ultra-processed food intake) consistently relates to more favorable microbial functions, and intervention studies show that high-fiber/prebiotic strategies can improve glycemic control alongside microbiome shifts.",,,,,,,,,detail_hint,codex,pending,
PMID:41812148,PubMed,41812148,"Effects of Polyphenols on Gut Health and Inflammation in Overweight and Obese Populations: A Systematic Review and Meta-analysis of Dose, Duration, and Food Matrix.",weight,"Polyphenols are bioactive compounds found in plant-based foods and have shown promise in improving gut health and regulating inflammatory responses.; This systematic review and meta-analysis evaluated the effects of polyphenol interventions on gut microbiota composition and inflammatory biomarkers in overweight and obese individuals, based on 32 randomized controlled trials.; This systematic review and meta-analysis was conducted using electronic databases including PubMed, Web of Science, Cochr",P = .001; P = .0004; P = .000,,,,,,,,detail_hint,codex,pending,
PMID:41812148,PubMed,41812148,"Effects of Polyphenols on Gut Health and Inflammation in Overweight and Obese Populations: A Systematic Review and Meta-analysis of Dose, Duration, and Food Matrix.",microbiome,"Polyphenols are bioactive compounds found in plant-based foods and have shown promise in improving gut health and regulating inflammatory responses.; This systematic review and meta-analysis evaluated the effects of polyphenol interventions on gut microbiota composition and inflammatory biomarkers in overweight and obese individuals, based on 32 randomized controlled trials.; This systematic review and meta-analysis was conducted using electronic databases including PubMed, Web of Science, Cochr",P = .001; P = .0004; P = .000,,,,,,,,detail_hint,codex,pending,
PMID:41882376,PubMed,41882376,Genetically mediated causal relationship between gut microbiota composition and childhood obesity.,weight,"Inverse variance weighting was used to examine the causal relationship between GM and childhood obesity.; An increase in Akkermansia and Butyricimonas abundance can reduce the risk of obesity in children (OR = 0.476, 95% CI: 0.311-0.726, P = 0.001; OR = 0.682, 95% CI: 0.471-0.990, P = 0.044).",P = 0.001; P = 0.044; P = 0.031,,,,,,,,detail_hint,codex,pending,
PMID:41882376,PubMed,41882376,Genetically mediated causal relationship between gut microbiota composition and childhood obesity.,microbiome,Genetically mediated causal relationship between gut microbiota composition and childhood obesity.,P = 0.001; P = 0.044; P = 0.031,,,,,,,,detail_hint,codex,pending,
PMID:42157654,PubMed,42157654,"Gut Microbiota as a Mediator of Sarcopenic Obesity: Mechanisms, Modifiable Factors, and Healthcare Burden.",body_fat,Sarcopenic obesity (SO) is condition characterized by coexistence of reduced skeletal muscle mass and increased body fat mass.,,,,,,,,,detail_hint,codex,pending,
PMID:42157654,PubMed,42157654,"Gut Microbiota as a Mediator of Sarcopenic Obesity: Mechanisms, Modifiable Factors, and Healthcare Burden.",microbiome,"The gut microbiota plays a significant role in the development of SO through dysbiosis, while restoration of microbial balance may contribute to the alleviation of clinical symptoms.",,,,,,,,,detail_hint,codex,pending,
EUROPEPMC:41850442,PubMed,41850442,Targeting 7-ketocholesterol-driven metabolic dysfunction in obesity: Therapeutic potential of Bifidobacterium and dietary antioxidants.,lipid,"7-Ketocholesterol (7-KC), a highly cytotoxic oxysterol generated during cholesterol oxidation, accumulates in obesity-associated dyslipidemia and plays a significant role in sustaining chronic low-grade inflammation, oxidative stress, and apoptosis.",,,,,,,,,detail_hint,codex,pending,
EUROPEPMC:41999447,PubMed,41999447,Reconsidering Obesity in India Through a Gut-Metabolic Lens: Mechanistic Insights and the Emerging Role of Synbiotics in Individuals with the Thin-Fat Phenotype.,BMI,"India's escalating burden of obesity and metabolic disease is characterized by a distinctive ""thin-fat"" phenotype, in which individuals with normal or near-normal body mass index exhibit disproportionate visceral adiposity, reduced skeletal muscle mass, and heightened susceptibility to insulin resistance.",,,,,,,,,detail_hint,codex,pending,
EUROPEPMC:41999447,PubMed,41999447,Reconsidering Obesity in India Through a Gut-Metabolic Lens: Mechanistic Insights and the Emerging Role of Synbiotics in Individuals with the Thin-Fat Phenotype.,body_fat,"India's escalating burden of obesity and metabolic disease is characterized by a distinctive ""thin-fat"" phenotype, in which individuals with normal or near-normal body mass index exhibit disproportionate visceral adiposity, reduced skeletal muscle mass, and heightened susceptibility to insulin resistance.",,,,,,,,,detail_hint,codex,pending,
EUROPEPMC:41999447,PubMed,41999447,Reconsidering Obesity in India Through a Gut-Metabolic Lens: Mechanistic Insights and the Emerging Role of Synbiotics in Individuals with the Thin-Fat Phenotype.,glucose,"India's escalating burden of obesity and metabolic disease is characterized by a distinctive ""thin-fat"" phenotype, in which individuals with normal or near-normal body mass index exhibit disproportionate visceral adiposity, reduced skeletal muscle mass, and heightened susceptibility to insulin resistance.",,,,,,,,,detail_hint,codex,pending,
EUROPEPMC:41999447,PubMed,41999447,Reconsidering Obesity in India Through a Gut-Metabolic Lens: Mechanistic Insights and the Emerging Role of Synbiotics in Individuals with the Thin-Fat Phenotype.,microbiome,"Emerging evidence implicates gut microbiome dysbiosis, impaired fermentation of dietary fibers, reduced short-chain fatty acid (SCFA) signaling, altered bile acid metabolism, metabolic endotoxemia, and dysregulated adipose tissue crosstalk as key contributors to metabolic vulnerability in South Asian populations.",,,,,,,,,detail_hint,codex,pending,
EUROPEPMC:42015346,PubMed,42015346,Gut microbiome and metabolic health: mechanisms and precision interventions.,glucose,"The gut microbiome is increasingly recognized as a fundamental regulator of metabolic health, shaping energy balance, insulin sensitivity, inflammatory tone, and inter-organ communication through a broad spectrum of microbial metabolites that engage host signaling pathways.",,,,,,,,,detail_hint,codex,pending,
EUROPEPMC:42015346,PubMed,42015346,Gut microbiome and metabolic health: mechanisms and precision interventions.,microbiome,"The gut microbiome is increasingly recognized as a fundamental regulator of metabolic health, shaping energy balance, insulin sensitivity, inflammatory tone, and inter-organ communication through a broad spectrum of microbial metabolites that engage host signaling pathways.",,,,,,,,,detail_hint,codex,pending,
EUROPEPMC:41507594,PubMed,41507594,"Impact of probiotic, prebiotic, and synbiotic supplementation on the gut microbiome in older adults with sarcopenia, obesity, and sarcopenic obesity.",glucose,"Probiotics, containing live beneficial microorganisms, have shown potential in enhancing SCFA production, reducing inflammation, and improving insulin sensitivity.",,,,,,,,,detail_hint,codex,pending,
EUROPEPMC:41507594,PubMed,41507594,"Impact of probiotic, prebiotic, and synbiotic supplementation on the gut microbiome in older adults with sarcopenia, obesity, and sarcopenic obesity.",microbiome,"These age-related conditions are closely associated with alterations to the gut microbiome, including microbial profiles and a reduction in beneficial metabolites such as short-chain fatty acids (SCFAs).",,,,,,,,,detail_hint,codex,pending,
EUROPEPMC:41921070,PubMed,41921070,Anti-obesity effects of probiotics beyond BMI: a critical review of human clinical trials.,weight,The increasing prevalence of obesity worldwide has highlighted the need for adjunct strategies targeting metabolic dysfunction beyond simple weight reduction.,,,,,,,,,detail_hint,codex,pending,
EUROPEPMC:41921070,PubMed,41921070,Anti-obesity effects of probiotics beyond BMI: a critical review of human clinical trials.,BMI,"This review aimed to evaluate the hypothesis that the anti-obesity effects of probiotics are mediated through modifications in fat distribution, metabolic inflammation, and appetite regulation rather than reductions in body weight or body mass index (BMI).",,,,,,,,,detail_hint,codex,pending,
EUROPEPMC:41921070,PubMed,41921070,Anti-obesity effects of probiotics beyond BMI: a critical review of human clinical trials.,waist,"The evidence indicates that probiotic strains, particularly Lactobacillus gasseri and Bifidobacterium breve, are consistently associated with reductions in visceral fat, total body fat, waist circumference (WC), and body fat percentage, while effects on body weight and BMI remain modest.",,,,,,,,,detail_hint,codex,pending,
EUROPEPMC:41921070,PubMed,41921070,Anti-obesity effects of probiotics beyond BMI: a critical review of human clinical trials.,body_fat,"The evidence indicates that probiotic strains, particularly Lactobacillus gasseri and Bifidobacterium breve, are consistently associated with reductions in visceral fat, total body fat, waist circumference (WC), and body fat percentage, while effects on body weight and BMI remain modest.",,,,,,,,,detail_hint,codex,pending,
EUROPEPMC:41921070,PubMed,41921070,Anti-obesity effects of probiotics beyond BMI: a critical review of human clinical trials.,glucose,"plantarum Inducia were also linked to improvements in lipid metabolism, glucose homeostasis, inflammatory markers, and appetite regulation.",,,,,,,,,detail_hint,codex,pending,
EUROPEPMC:41921070,PubMed,41921070,Anti-obesity effects of probiotics beyond BMI: a critical review of human clinical trials.,lipid,"plantarum Inducia were also linked to improvements in lipid metabolism, glucose homeostasis, inflammatory markers, and appetite regulation.",,,,,,,,,detail_hint,codex,pending,
NCT:NCT06710106,ClinicalTrials.gov,NCT06710106,Effect of a Low-calorie Diet With a Prebiotic Supplement on Health of Overweight-obese Subjects.,weight,Prebiotic + hypocaloric diet; Placebo + hypocaloric diet Fecal microbiota Body weight; Height; Body mass index; Body fat percentage; Body muscle mass; Body lean mass; Body water mass; Body bone mass; Gastrointestinal symptoms; Dietary intake; Physical activity; Adherence to capsule consumption; Waist circumference; Hip circumference; Neck circumference; Systolic blood pressure; Diastolic blood pressure; Heart rate; Glucose concentration; Insulin concentration; Blood glycated hemoglobin; HOMA ind,,,,,,,,156,detail_hint,codex,pending,
NCT:NCT06710106,ClinicalTrials.gov,NCT06710106,Effect of a Low-calorie Diet With a Prebiotic Supplement on Health of Overweight-obese Subjects.,BMI,Prebiotic + hypocaloric diet; Placebo + hypocaloric diet Fecal microbiota Body weight; Height; Body mass index; Body fat percentage; Body muscle mass; Body lean mass; Body water mass; Body bone mass; Gastrointestinal symptoms; Dietary intake; Physical activity; Adherence to capsule consumption; Waist circumference; Hip circumference; Neck circumference; Systolic blood pressure; Diastolic blood pressure; Heart rate; Glucose concentration; Insulin concentration; Blood glycated hemoglobin; HOMA ind,,,,,,,,156,detail_hint,codex,pending,
NCT:NCT06710106,ClinicalTrials.gov,NCT06710106,Effect of a Low-calorie Diet With a Prebiotic Supplement on Health of Overweight-obese Subjects.,waist,Prebiotic + hypocaloric diet; Placebo + hypocaloric diet Fecal microbiota Body weight; Height; Body mass index; Body fat percentage; Body muscle mass; Body lean mass; Body water mass; Body bone mass; Gastrointestinal symptoms; Dietary intake; Physical activity; Adherence to capsule consumption; Waist circumference; Hip circumference; Neck circumference; Systolic blood pressure; Diastolic blood pressure; Heart rate; Glucose concentration; Insulin concentration; Blood glycated hemoglobin; HOMA ind,,,,,,,,156,detail_hint,codex,pending,
NCT:NCT06710106,ClinicalTrials.gov,NCT06710106,Effect of a Low-calorie Diet With a Prebiotic Supplement on Health of Overweight-obese Subjects.,body_fat,Prebiotic + hypocaloric diet; Placebo + hypocaloric diet Fecal microbiota Body weight; Height; Body mass index; Body fat percentage; Body muscle mass; Body lean mass; Body water mass; Body bone mass; Gastrointestinal symptoms; Dietary intake; Physical activity; Adherence to capsule consumption; Waist circumference; Hip circumference; Neck circumference; Systolic blood pressure; Diastolic blood pressure; Heart rate; Glucose concentration; Insulin concentration; Blood glycated hemoglobin; HOMA ind,,,,,,,,156,detail_hint,codex,pending,
NCT:NCT06710106,ClinicalTrials.gov,NCT06710106,Effect of a Low-calorie Diet With a Prebiotic Supplement on Health of Overweight-obese Subjects.,glucose,Prebiotic + hypocaloric diet; Placebo + hypocaloric diet Fecal microbiota Body weight; Height; Body mass index; Body fat percentage; Body muscle mass; Body lean mass; Body water mass; Body bone mass; Gastrointestinal symptoms; Dietary intake; Physical activity; Adherence to capsule consumption; Waist circumference; Hip circumference; Neck circumference; Systolic blood pressure; Diastolic blood pressure; Heart rate; Glucose concentration; Insulin concentration; Blood glycated hemoglobin; HOMA ind,,,,,,,,156,detail_hint,codex,pending,
NCT:NCT06710106,ClinicalTrials.gov,NCT06710106,Effect of a Low-calorie Diet With a Prebiotic Supplement on Health of Overweight-obese Subjects.,lipid,Prebiotic + hypocaloric diet; Placebo + hypocaloric diet Fecal microbiota Body weight; Height; Body mass index; Body fat percentage; Body muscle mass; Body lean mass; Body water mass; Body bone mass; Gastrointestinal symptoms; Dietary intake; Physical activity; Adherence to capsule consumption; Waist circumference; Hip circumference; Neck circumference; Systolic blood pressure; Diastolic blood pressure; Heart rate; Glucose concentration; Insulin concentration; Blood glycated hemoglobin; HOMA ind,,,,,,,,156,detail_hint,codex,pending,
NCT:NCT06710106,ClinicalTrials.gov,NCT06710106,Effect of a Low-calorie Diet With a Prebiotic Supplement on Health of Overweight-obese Subjects.,microbiome,Prebiotic + hypocaloric diet; Placebo + hypocaloric diet Fecal microbiota Body weight; Height; Body mass index; Body fat percentage; Body muscle mass; Body lean mass; Body water mass; Body bone mass; Gastrointestinal symptoms; Dietary intake; Physical activity; Adherence to capsule consumption; Waist circumference; Hip circumference; Neck circumference; Systolic blood pressure; Diastolic blood pressure; Heart rate; Glucose concentration; Insulin concentration; Blood glycated hemoglobin; HOMA ind,,,,,,,,156,detail_hint,codex,pending,
PMID:41455007,PubMed,41455007,"Bifidobacterium Breve BBr60 Improves Obesity Via the Gut Microbiota-Short-Chain Fatty Acid-IL-27/GLP-1 Axis: Evidence from a Randomized, Double-Blind, Placebo-Controlled Trial.",BMI,A total of 75 individuals with obesity subjects (BMI ≥ 28) were enrolled and randomly assigned to either the BBr60 intervention group (10 billion CFU daily) and the placebo group.,p < 0.001; p < 0.05; p < 0.01,,,,,,,75 individuals; 65 participants; n = 33; n = 32,detail_hint,codex,pending,
PMID:41455007,PubMed,41455007,"Bifidobacterium Breve BBr60 Improves Obesity Via the Gut Microbiota-Short-Chain Fatty Acid-IL-27/GLP-1 Axis: Evidence from a Randomized, Double-Blind, Placebo-Controlled Trial.",glucose,"In terms of metabolic hormones, leptin (LEP), adiponectin (ADPN), connecting peptide (C-P), pancreatic polypeptide (PP), peptide YY (PYY), Glucose-dependent insulinotropic polypeptide (GIP), and Glucagon-Like Peptide-1 (GLP-1) were all significantly elevated (p < 0.05), while Homeostasis Model Assessment for Insulin Resistance(HOMA-IR) was significantly reduced in the BBr60 group (p < 0.05).",p < 0.001; p < 0.05; p < 0.01,,,,,,,75 individuals; 65 participants; n = 33; n = 32,detail_hint,codex,pending,
PMID:41455007,PubMed,41455007,"Bifidobacterium Breve BBr60 Improves Obesity Via the Gut Microbiota-Short-Chain Fatty Acid-IL-27/GLP-1 Axis: Evidence from a Randomized, Double-Blind, Placebo-Controlled Trial.",microbiome,"Bifidobacterium Breve BBr60 Improves Obesity Via the Gut Microbiota-Short-Chain Fatty Acid-IL-27/GLP-1 Axis: Evidence from a Randomized, Double-Blind, Placebo-Controlled Trial.",p < 0.001; p < 0.05; p < 0.01,,,,,,,75 individuals; 65 participants; n = 33; n = 32,detail_hint,codex,pending,
PMID:40902730,PubMed,40902730,Can Probiotics Influence Adaptive Thermogenesis Induced by Continuous Energy Restriction after a 12-Week Intervention in Adult Males Living with Obesity? A Secondary Analysis of a Randomized Clinical Trial (São Paulo Clinical Study of Obesity and Intestinal Microbiota).,weight,"Both groups experienced reductions in body weight, FM, and REEm over 12 wk (P < 0.001), with no differences between groups (P > 0.05).",P < 0.001; P = 0.966,,,,,,,n = 25; n = 24,detail_hint,codex,pending,
PMID:40902730,PubMed,40902730,Can Probiotics Influence Adaptive Thermogenesis Induced by Continuous Energy Restriction after a 12-Week Intervention in Adult Males Living with Obesity? A Secondary Analysis of a Randomized Clinical Trial (São Paulo Clinical Study of Obesity and Intestinal Microbiota).,body_fat,Adaptive thermogenesis represents a metabolic adaptation that reduces energy expenditure beyond what is expected from changes in fat-free mass (FFM) and fat mass (FM) following continuous energy restriction (CER).,P < 0.001; P = 0.966,,,,,,,n = 25; n = 24,detail_hint,codex,pending,
PMID:39981988,PubMed,39981988,"Nutraceutical Blends Promote Weight Loss, Inflammation Reduction, and Better Sleep: The Role of Faecalibacterium prausnitzii in Overweight Adults-A Double-Blind Trial.",weight,"Nutraceutical Blends Promote Weight Loss, Inflammation Reduction, and Better Sleep: The Role of Faecalibacterium prausnitzii in Overweight Adults-A Double-Blind Trial.",,,,,,,,77 participants,detail_hint,codex,pending,
PMID:39981988,PubMed,39981988,"Nutraceutical Blends Promote Weight Loss, Inflammation Reduction, and Better Sleep: The Role of Faecalibacterium prausnitzii in Overweight Adults-A Double-Blind Trial.",waist,"The results showed a reduction in body weight, waist-to-height ratio, total cholesterol, and fractions in the NSupple_Silybum group.",,,,,,,,77 participants,detail_hint,codex,pending,
PMID:39981988,PubMed,39981988,"Nutraceutical Blends Promote Weight Loss, Inflammation Reduction, and Better Sleep: The Role of Faecalibacterium prausnitzii in Overweight Adults-A Double-Blind Trial.",lipid,"The results showed a reduction in body weight, waist-to-height ratio, total cholesterol, and fractions in the NSupple_Silybum group.",,,,,,,,77 participants,detail_hint,codex,pending,
PMID:39981988,PubMed,39981988,"Nutraceutical Blends Promote Weight Loss, Inflammation Reduction, and Better Sleep: The Role of Faecalibacterium prausnitzii in Overweight Adults-A Double-Blind Trial.",microbiome,"This study explores the effects of a nutraceutical blend with prebiotics, β-glucans, essential minerals, and silymarin on gut microbiota, inflammation, and sleep quality in obesity through microbiota reshaping and metabolic improvements over 90 days.",,,,,,,,77 participants,detail_hint,codex,pending,
PMID:39842252,PubMed,39842252,"Effect of caloric restriction with probiotic supplementation on body composition, quality of life, and psychobiological factors of obese men: A randomized, double-blinded placebo-controlled clinical trial.",weight,"We verified that CR resulted in weight loss (p < 0.001; η2ρ = 0.754) in both CRPLA (MD: -6.30 kg; p < 0.001) and CRPRO (MD: -5.97 kg; p < 0.001), without differences between groups (p = 0.823; η2ρ = 0.002).",p < 0.001; p = 0.823; p = 0.712; p = 0.028; p = 0.039; p = 0.013; p = 0.003,,,,,,,n = 12; n = 13,detail_hint,codex,pending,
PMID:39842252,PubMed,39842252,"Effect of caloric restriction with probiotic supplementation on body composition, quality of life, and psychobiological factors of obese men: A randomized, double-blinded placebo-controlled clinical trial.",body_fat,"Moreover, both CRPLA (MD: -4.83 kg; p < 0.001) and CRPRO (MD: -5.20 kg; p < 0.001) decreased body fat without difference between groups (p = 0.712; η2ρ = 0.006).",p < 0.001; p = 0.823; p = 0.712; p = 0.028; p = 0.039; p = 0.013; p = 0.003,,,,,,,n = 12; n = 13,detail_hint,codex,pending,
PMID:39842252,PubMed,39842252,"Effect of caloric restriction with probiotic supplementation on body composition, quality of life, and psychobiological factors of obese men: A randomized, double-blinded placebo-controlled clinical trial.",microbiome,"As such, we aimed to verify the effect of CR with probiotic supplementation on the body composition, quality of life, sleep quality, anxiety, stress, and depression symptoms of adult men living with obesity.; The study is called the Clinical Study of Obesity and Intestinal Microbiota (ECOMI).",p < 0.001; p = 0.823; p = 0.712; p = 0.028; p = 0.039; p = 0.013; p = 0.003,,,,,,,n = 12; n = 13,detail_hint,codex,pending,
PMID:40066582,PubMed,40066582,"Effects of probiotic supplementation on blood lipids ın hypercholesterolemic obese patients: a randomized, double-blind, placebo-controlled pilot trial.",weight,"Body weight, BMI, body fat ratio, and waist circumference also significantly decreased after the dietary intervention in both groups (p < 0.05).",p < 0.05,,,,,,,n = 12,detail_hint,codex,pending,
PMID:40066582,PubMed,40066582,"Effects of probiotic supplementation on blood lipids ın hypercholesterolemic obese patients: a randomized, double-blind, placebo-controlled pilot trial.",BMI,"Body weight, BMI, body fat ratio, and waist circumference also significantly decreased after the dietary intervention in both groups (p < 0.05).",p < 0.05,,,,,,,n = 12,detail_hint,codex,pending,
PMID:40066582,PubMed,40066582,"Effects of probiotic supplementation on blood lipids ın hypercholesterolemic obese patients: a randomized, double-blind, placebo-controlled pilot trial.",waist,"Body weight, BMI, body fat ratio, and waist circumference also significantly decreased after the dietary intervention in both groups (p < 0.05).",p < 0.05,,,,,,,n = 12,detail_hint,codex,pending,
PMID:40066582,PubMed,40066582,"Effects of probiotic supplementation on blood lipids ın hypercholesterolemic obese patients: a randomized, double-blind, placebo-controlled pilot trial.",body_fat,"Body weight, BMI, body fat ratio, and waist circumference also significantly decreased after the dietary intervention in both groups (p < 0.05).",p < 0.05,,,,,,,n = 12,detail_hint,codex,pending,
PMID:40066582,PubMed,40066582,"Effects of probiotic supplementation on blood lipids ın hypercholesterolemic obese patients: a randomized, double-blind, placebo-controlled pilot trial.",lipid,"Results: after the 8-week dietary intervention, both probiotic and placebo groups showed significant decreased in total cholesterol (-36.50 ± 19.27 vs -25.91 ± 19.25, mg/dl), LDL-C (-(31.75 ± 18.11 vs -31.91 ± 31.00 mg/dl) and TG (-31.83 ± 67.37 vs -28.25 ± 59.09), respectively (p < 0.05).",p < 0.05,,,,,,,n = 12,detail_hint,codex,pending,
EUROPEPMC:40987620,PubMed,40987620,Can pre-/pro and synbiotics affect cardiovascular risk factors in children and adolescence with overweight and obesity? A grade-assessed systematic review and meta-analysis of randomized controlled trials.,weight,"Data were pooled using a random-effects model.; Meta-analysis showed no significant effect of prebiotic/probiotic/synbiotic supplementation on weight (WMD = -0.25 kg; 95 % CI: -1.96, 1.47), BMI (WMD = -0.18 kg/m²; 95 % CI: -0.66, 0.29), BMI-z score (WMD = -0.02 unit; 95 % CI: -0.12, 0.05), FBS (WMD = -0.27 mg/dl; 95 % CI: -1.11, 0.57), insulin (WMD = 0.70 μIU/mL; 95 % CI: -1.18, 2.59), HOMA-IR (WMD = 0.24 unit; 95 % CI: -0.28, 0.75), TG (WMD = -0.73 mg/dl; 95 % CI: -7.11-8.57), TC (WMD = 0.99 mg",P < 0.001; P < 0.05,,,,,,,,detail_hint,codex,pending,
EUROPEPMC:40987620,PubMed,40987620,Can pre-/pro and synbiotics affect cardiovascular risk factors in children and adolescence with overweight and obesity? A grade-assessed systematic review and meta-analysis of randomized controlled trials.,BMI,"Data were pooled using a random-effects model.; Meta-analysis showed no significant effect of prebiotic/probiotic/synbiotic supplementation on weight (WMD = -0.25 kg; 95 % CI: -1.96, 1.47), BMI (WMD = -0.18 kg/m²; 95 % CI: -0.66, 0.29), BMI-z score (WMD = -0.02 unit; 95 % CI: -0.12, 0.05), FBS (WMD = -0.27 mg/dl; 95 % CI: -1.11, 0.57), insulin (WMD = 0.70 μIU/mL; 95 % CI: -1.18, 2.59), HOMA-IR (WMD = 0.24 unit; 95 % CI: -0.28, 0.75), TG (WMD = -0.73 mg/dl; 95 % CI: -7.11-8.57), TC (WMD = 0.99 mg",P < 0.001; P < 0.05,,,,,,,,detail_hint,codex,pending,
EUROPEPMC:40987620,PubMed,40987620,Can pre-/pro and synbiotics affect cardiovascular risk factors in children and adolescence with overweight and obesity? A grade-assessed systematic review and meta-analysis of randomized controlled trials.,glucose,"Data were pooled using a random-effects model.; Meta-analysis showed no significant effect of prebiotic/probiotic/synbiotic supplementation on weight (WMD = -0.25 kg; 95 % CI: -1.96, 1.47), BMI (WMD = -0.18 kg/m²; 95 % CI: -0.66, 0.29), BMI-z score (WMD = -0.02 unit; 95 % CI: -0.12, 0.05), FBS (WMD = -0.27 mg/dl; 95 % CI: -1.11, 0.57), insulin (WMD = 0.70 μIU/mL; 95 % CI: -1.18, 2.59), HOMA-IR (WMD = 0.24 unit; 95 % CI: -0.28, 0.75), TG (WMD = -0.73 mg/dl; 95 % CI: -7.11-8.57), TC (WMD = 0.99 mg",P < 0.001; P < 0.05,,,,,,,,detail_hint,codex,pending,
NCT:NCT06213480,ClinicalTrials.gov,NCT06213480,Next-Generation Synbiotic in Individuals With Overweight or Obesity,weight,Next-Generation Synbiotic in Individuals With Overweight or Obesity  Synbiotic Group; Placebo Group Total Body Fat Mass through DXA (percentage); Total Body Fat Mass through BodPod (percentage); Fat Mass to Height (kg/m2); Fat Mass (kg); Body Lean Mass to Height (kg/m2); Fat Free Mass (%); Fat Free Mass (Kg); Visceral Fat Volume (cm3); Visceral Fat Mass (grams); Fasting Glucose (mg/dL); Fasting Insulin (mIU/L); HbA1c (%); Anxiety (number in 0-63 scale); Depression (number in 0-63 scale); Food cr,,,,,,,,60,detail_hint,codex,pending,
NCT:NCT06213480,ClinicalTrials.gov,NCT06213480,Next-Generation Synbiotic in Individuals With Overweight or Obesity,body_fat,Next-Generation Synbiotic in Individuals With Overweight or Obesity  Synbiotic Group; Placebo Group Total Body Fat Mass through DXA (percentage); Total Body Fat Mass through BodPod (percentage); Fat Mass to Height (kg/m2); Fat Mass (kg); Body Lean Mass to Height (kg/m2); Fat Free Mass (%); Fat Free Mass (Kg); Visceral Fat Volume (cm3); Visceral Fat Mass (grams); Fasting Glucose (mg/dL); Fasting Insulin (mIU/L); HbA1c (%); Anxiety (number in 0-63 scale); Depression (number in 0-63 scale); Food cr,,,,,,,,60,detail_hint,codex,pending,
NCT:NCT06213480,ClinicalTrials.gov,NCT06213480,Next-Generation Synbiotic in Individuals With Overweight or Obesity,glucose,Next-Generation Synbiotic in Individuals With Overweight or Obesity  Synbiotic Group; Placebo Group Total Body Fat Mass through DXA (percentage); Total Body Fat Mass through BodPod (percentage); Fat Mass to Height (kg/m2); Fat Mass (kg); Body Lean Mass to Height (kg/m2); Fat Free Mass (%); Fat Free Mass (Kg); Visceral Fat Volume (cm3); Visceral Fat Mass (grams); Fasting Glucose (mg/dL); Fasting Insulin (mIU/L); HbA1c (%); Anxiety (number in 0-63 scale); Depression (number in 0-63 scale); Food cr,,,,,,,,60,detail_hint,codex,pending,
NCT:NCT05949255,ClinicalTrials.gov,NCT05949255,Probiotics and Insulin Resistance in Obese Asthmatics,weight,Probiotics and Insulin Resistance in Obese Asthmatics  Probiotic; Placebo Determine if probiotic administration modulates airway microbiome/metabolome in obese insulin resistant asthmatics; Determine if modulation of leptin levels and insulin sensitivity by probiotics administration correlates with airway metabolome alterations and weight loss in obese insulin resistant asthmatics; Determine if microbiome/metabolome changes in probiotics group correlates with changes in asthma biomarkers and imp,,,,,,,,7,detail_hint,codex,pending,
NCT:NCT05949255,ClinicalTrials.gov,NCT05949255,Probiotics and Insulin Resistance in Obese Asthmatics,glucose,Probiotics and Insulin Resistance in Obese Asthmatics  Probiotic; Placebo Determine if probiotic administration modulates airway microbiome/metabolome in obese insulin resistant asthmatics; Determine if modulation of leptin levels and insulin sensitivity by probiotics administration correlates with airway metabolome alterations and weight loss in obese insulin resistant asthmatics; Determine if microbiome/metabolome changes in probiotics group correlates with changes in asthma biomarkers and imp,,,,,,,,7,detail_hint,codex,pending,
NCT:NCT05949255,ClinicalTrials.gov,NCT05949255,Probiotics and Insulin Resistance in Obese Asthmatics,microbiome,Probiotics and Insulin Resistance in Obese Asthmatics  Probiotic; Placebo Determine if probiotic administration modulates airway microbiome/metabolome in obese insulin resistant asthmatics; Determine if modulation of leptin levels and insulin sensitivity by probiotics administration correlates with airway metabolome alterations and weight loss in obese insulin resistant asthmatics; Determine if microbiome/metabolome changes in probiotics group correlates with changes in asthma biomarkers and imp,,,,,,,,7,detail_hint,codex,pending,
PMID:41410576,PubMed,41410576,Daily mango (,weight,"Main objective of this double-blind, randomized, controlled pilot study was to evaluate whether 8 weeks of mango and probiotic intake would enhance microbial gallotannin-metabolite levels, reduce inflammation, and improve cognitive function in overweight/obese individuals.",,,,,,,,,detail_hint,codex,pending,
PMID:41410576,PubMed,41410576,Daily mango (,microbiome,"Microbiota analysis identified enrichment of Lactobacillus and Lachnospiraceae in the mango-probiotics group, while Clostridium and Streptococcus decreased.",,,,,,,,,detail_hint,codex,pending,
PMID:41524907,PubMed,41524907,A multifaceted lifestyle program for weight loss in overweight adults: evidence from a randomised clinical trial.,weight,"The secondary outcome was the effect of the different fibres.; At week 4, participants receiving MLP + P and MLP + BioPB exhibited significant reductions (p < 0.001) in body weight (− 4.8 kg; and − 5.1 kg, respectively), BMI (− 1.7 kg/m2 and − 1.7 kg/m2, respectively), body fat mass (− 3.7 kg and − 4.2 kg) and visceral fat scores (− 1.9 and − 2.4).",p < 0.001,,,,,,,,detail_hint,codex,pending,
PMID:41524907,PubMed,41524907,A multifaceted lifestyle program for weight loss in overweight adults: evidence from a randomised clinical trial.,BMI,"The secondary outcome was the effect of the different fibres.; At week 4, participants receiving MLP + P and MLP + BioPB exhibited significant reductions (p < 0.001) in body weight (− 4.8 kg; and − 5.1 kg, respectively), BMI (− 1.7 kg/m2 and − 1.7 kg/m2, respectively), body fat mass (− 3.7 kg and − 4.2 kg) and visceral fat scores (− 1.9 and − 2.4).",p < 0.001,,,,,,,,detail_hint,codex,pending,
PMID:41524907,PubMed,41524907,A multifaceted lifestyle program for weight loss in overweight adults: evidence from a randomised clinical trial.,body_fat,"The secondary outcome was the effect of the different fibres.; At week 4, participants receiving MLP + P and MLP + BioPB exhibited significant reductions (p < 0.001) in body weight (− 4.8 kg; and − 5.1 kg, respectively), BMI (− 1.7 kg/m2 and − 1.7 kg/m2, respectively), body fat mass (− 3.7 kg and − 4.2 kg) and visceral fat scores (− 1.9 and − 2.4).",p < 0.001,,,,,,,,detail_hint,codex,pending,
PMID:41524907,PubMed,41524907,A multifaceted lifestyle program for weight loss in overweight adults: evidence from a randomised clinical trial.,lipid,"MLP + P and MLP + BioPB showed differing effects on blood lipids and inflammatory markers: reductions in cholesterol and LDL-cholesterol were greater and more persistent in the MLP + BioPB group, whereas the CRP levels (high CRP levels are linked to inflammation and metabolic disorders) were significantly reduced in the MLP + P group only.",p < 0.001,,,,,,,,detail_hint,codex,pending,
PMID:42120725,PubMed,42120725,Pasteurized Akkermansia muciniphila Muc,weight,"Here we show that MucT led to lower body weight regain versus placebo at the end of the weight maintenance period (MucT: 1.2 ± 0.7 kg, placebo: 3.2 ± 0.4 kg, P = 0.012).",P = 0.012; P = 0.009,,,,,,,n = 90,detail_hint,codex,pending,
EUROPEPMC:41814326,PubMed,41814326,Effects of synbiotic supplementation on metabolic profiles in children with obesity: a randomized double-blinded placebo-controlled trial.,BMI,No significant changes were observed in BMI z-score or other metabolic parameters.,P = 0.001,,,,,,,,detail_hint,codex,pending,
EUROPEPMC:41814326,PubMed,41814326,Effects of synbiotic supplementation on metabolic profiles in children with obesity: a randomized double-blinded placebo-controlled trial.,glucose,"Synbiotics may improve metabolic health by modulating gut microbiota.; To evaluate the effects of synbiotic supplementation on lipid profiles, fasting blood glucose (FBG), insulin, and alanine aminotransferase (ALT) in children with obesity.; This randomized, double-blind, placebo-controlled trial (April 2024-June 2025), children aged 7–18 years with obesity received either a new freeze-dried synbiotic (10 g inulin from Thai Jerusalem artichoke plus Bifidobacterium animalis and Lactobacillus par",P = 0.001,,,,,,,,detail_hint,codex,pending,
EUROPEPMC:41814326,PubMed,41814326,Effects of synbiotic supplementation on metabolic profiles in children with obesity: a randomized double-blinded placebo-controlled trial.,lipid,"Synbiotics may improve metabolic health by modulating gut microbiota.; To evaluate the effects of synbiotic supplementation on lipid profiles, fasting blood glucose (FBG), insulin, and alanine aminotransferase (ALT) in children with obesity.; This randomized, double-blind, placebo-controlled trial (April 2024-June 2025), children aged 7–18 years with obesity received either a new freeze-dried synbiotic (10 g inulin from Thai Jerusalem artichoke plus Bifidobacterium animalis and Lactobacillus par",P = 0.001,,,,,,,,detail_hint,codex,pending,
EUROPEPMC:41814326,PubMed,41814326,Effects of synbiotic supplementation on metabolic profiles in children with obesity: a randomized double-blinded placebo-controlled trial.,microbiome,"Synbiotics may improve metabolic health by modulating gut microbiota.; To evaluate the effects of synbiotic supplementation on lipid profiles, fasting blood glucose (FBG), insulin, and alanine aminotransferase (ALT) in children with obesity.; This randomized, double-blind, placebo-controlled trial (April 2024-June 2025), children aged 7–18 years with obesity received either a new freeze-dried synbiotic (10 g inulin from Thai Jerusalem artichoke plus Bifidobacterium animalis and Lactobacillus par",P = 0.001,,,,,,,,detail_hint,codex,pending,
EUROPEPMC:42141362,PubMed,42141362,Effect of Sevelamer and B. longum on Insulin Sensitivity in Participants With Obesity: A Randomized Clinical Trial.,glucose,"This study evaluated whether two interventions with putative lipopolysaccharide (LPS)-lowering properties, the phosphate binder sevelamer or a synbiotic, improve insulin sensitivity in humans.; We conducted a randomized, double-blind, placebo-controlled, three-arm parallel-group trial.",p = 0.022; p = 0.016,,,,,,,,detail_hint,codex,pending,
EUROPEPMC:42141362,PubMed,42141362,Effect of Sevelamer and B. longum on Insulin Sensitivity in Participants With Obesity: A Randomized Clinical Trial.,lipid,"Sevelamer increased plasma levels of metabolites linked to improved glucose and lipid metabolism, such as bile acids, amino acids (citrulline, betaine), NAD+ precursors (trigonelline), and xenobiotics (genistein, umbelliferone).; Sevelamer improves insulin sensitivity and LDL-C in participants with obesity.",p = 0.022; p = 0.016,,,,,,,,detail_hint,codex,pending,
EUROPEPMC:42074987,PubMed,42074987,"A Randomized, Double-Blind, Placebo-Controlled Study to Evaluate the Effect of",weight,"In this randomized, double-blind clinical trial, the efficacy of a postbiotic product in managing overweight and associated parameters was assessed.; Sixty individuals were randomized into two groups: one group (n = 30) received the Postbiotic (heat-killed L.",p = 0.016; p = 0.047; p = 0.034; p = 0.053; p = 0.066; p = 0.062; p = 0.014,,,,,,,n = 30,detail_hint,codex,pending,
EUROPEPMC:42074987,PubMed,42074987,"A Randomized, Double-Blind, Placebo-Controlled Study to Evaluate the Effect of",waist,"Body weight, waist circumference, body composition, vital signs, blood biomarkers and questionnaires for quality of life, eating behavior, eating control and gastrointestinal symptoms were assessed.; After a 12-week intervention, body fat mass (primary parameter) was significantly (p = 0.016) reduced in the Postbiotic group (98.15 ± 3.32% of baseline) compared to the Placebo group (100.41 ± 3.39%).",p = 0.016; p = 0.047; p = 0.034; p = 0.053; p = 0.066; p = 0.062; p = 0.014,,,,,,,n = 30,detail_hint,codex,pending,
EUROPEPMC:42074987,PubMed,42074987,"A Randomized, Double-Blind, Placebo-Controlled Study to Evaluate the Effect of",body_fat,"Body weight, waist circumference, body composition, vital signs, blood biomarkers and questionnaires for quality of life, eating behavior, eating control and gastrointestinal symptoms were assessed.; After a 12-week intervention, body fat mass (primary parameter) was significantly (p = 0.016) reduced in the Postbiotic group (98.15 ± 3.32% of baseline) compared to the Placebo group (100.41 ± 3.39%).",p = 0.016; p = 0.047; p = 0.034; p = 0.053; p = 0.066; p = 0.062; p = 0.014,,,,,,,n = 30,detail_hint,codex,pending,
EUROPEPMC:42074987,PubMed,42074987,"A Randomized, Double-Blind, Placebo-Controlled Study to Evaluate the Effect of",glucose,Estimated average glucose (eAG) differed significantly between the groups in individuals with normal fasting glucose levels.,p = 0.016; p = 0.047; p = 0.034; p = 0.053; p = 0.066; p = 0.062; p = 0.014,,,,,,,n = 30,detail_hint,codex,pending,
EUROPEPMC:41938967,PubMed,41938967,Efficacy of probiotic supplementation for body weight management in overweight and obese adults: a meta-analysis of randomized controlled trials predominantly from East Asia.,weight,"Statistical analysis was performed using Review Manager 5.4, and sources of heterogeneity were explored through subgroup analysis.; A meta-analysis of 12 randomized controlled trials demonstrated that probiotics effectively improve body weight (MD = -0.52, 95% CI - 0.90 to -0.13, p < 0.01), BMI (MD = -0.22, 95% CI - 0.34 to -0.11, p < 0.01), waist circumference (MD = -0.29, 95% CI - 0.56 to -0.02, p = 0.03), and body fat percentage (MD = -0.59, 95% CI - 0.96 to -0.21, p < 0.01) in obese patients",p < 0.01; p = 0.03; p = 0.06; p = 0.09,,,,,,,,detail_hint,codex,pending,
EUROPEPMC:41938967,PubMed,41938967,Efficacy of probiotic supplementation for body weight management in overweight and obese adults: a meta-analysis of randomized controlled trials predominantly from East Asia.,BMI,"Statistical analysis was performed using Review Manager 5.4, and sources of heterogeneity were explored through subgroup analysis.; A meta-analysis of 12 randomized controlled trials demonstrated that probiotics effectively improve body weight (MD = -0.52, 95% CI - 0.90 to -0.13, p < 0.01), BMI (MD = -0.22, 95% CI - 0.34 to -0.11, p < 0.01), waist circumference (MD = -0.29, 95% CI - 0.56 to -0.02, p = 0.03), and body fat percentage (MD = -0.59, 95% CI - 0.96 to -0.21, p < 0.01) in obese patients",p < 0.01; p = 0.03; p = 0.06; p = 0.09,,,,,,,,detail_hint,codex,pending,
EUROPEPMC:41938967,PubMed,41938967,Efficacy of probiotic supplementation for body weight management in overweight and obese adults: a meta-analysis of randomized controlled trials predominantly from East Asia.,waist,"Statistical analysis was performed using Review Manager 5.4, and sources of heterogeneity were explored through subgroup analysis.; A meta-analysis of 12 randomized controlled trials demonstrated that probiotics effectively improve body weight (MD = -0.52, 95% CI - 0.90 to -0.13, p < 0.01), BMI (MD = -0.22, 95% CI - 0.34 to -0.11, p < 0.01), waist circumference (MD = -0.29, 95% CI - 0.56 to -0.02, p = 0.03), and body fat percentage (MD = -0.59, 95% CI - 0.96 to -0.21, p < 0.01) in obese patients",p < 0.01; p = 0.03; p = 0.06; p = 0.09,,,,,,,,detail_hint,codex,pending,
EUROPEPMC:41938967,PubMed,41938967,Efficacy of probiotic supplementation for body weight management in overweight and obese adults: a meta-analysis of randomized controlled trials predominantly from East Asia.,body_fat,"Statistical analysis was performed using Review Manager 5.4, and sources of heterogeneity were explored through subgroup analysis.; A meta-analysis of 12 randomized controlled trials demonstrated that probiotics effectively improve body weight (MD = -0.52, 95% CI - 0.90 to -0.13, p < 0.01), BMI (MD = -0.22, 95% CI - 0.34 to -0.11, p < 0.01), waist circumference (MD = -0.29, 95% CI - 0.56 to -0.02, p = 0.03), and body fat percentage (MD = -0.59, 95% CI - 0.96 to -0.21, p < 0.01) in obese patients",p < 0.01; p = 0.03; p = 0.06; p = 0.09,,,,,,,,detail_hint,codex,pending,
EUROPEPMC:41938967,PubMed,41938967,Efficacy of probiotic supplementation for body weight management in overweight and obese adults: a meta-analysis of randomized controlled trials predominantly from East Asia.,lipid,"Statistical analysis was performed using Review Manager 5.4, and sources of heterogeneity were explored through subgroup analysis.; A meta-analysis of 12 randomized controlled trials demonstrated that probiotics effectively improve body weight (MD = -0.52, 95% CI - 0.90 to -0.13, p < 0.01), BMI (MD = -0.22, 95% CI - 0.34 to -0.11, p < 0.01), waist circumference (MD = -0.29, 95% CI - 0.56 to -0.02, p = 0.03), and body fat percentage (MD = -0.59, 95% CI - 0.96 to -0.21, p < 0.01) in obese patients",p < 0.01; p = 0.03; p = 0.06; p = 0.09,,,,,,,,detail_hint,codex,pending,
PMID:37239916,PubMed,37239916,"Potential Modulation of Inflammation and Physical Function by Combined Probiotics, Omega-3 Supplementation and Vitamin D Supplementation in Overweight/Obese Patients with Chronic Low-Grade Inflammation: A Randomized, Placebo-Controlled Trial.",weight,"The results suggest that hs-CRP may not be the most useful inflammatory marker, but probiotics, n-3 FAs, and vitamin D, as non-pharmaceutical supplements, may exert modest effects on inflammation, plasma FA levels, and physical function in patients with overweight and obesity and associated low-grade inflammation.",p = 0.018; p < 0.001; p = 0.006,,,,,,,76 adults; n = 37; n = 39,detail_hint,codex,pending,
PMID:37875559,PubMed,37875559,"Evaluating probiotic efficacy on weight loss in adults with overweight through a double-blind, placebo-controlled randomized trial.",weight,The aim was to assess the weight-reducing effects of various doses of a probiotic dietary supplement and evaluate the tolerance and safety of increased dosage.,p = 0.34; p = 0.027,,,,,,,n = 81,detail_hint,codex,pending,
PMID:37929031,PubMed,37929031,Ameliorating effects of L-carnitine and synbiotic co-supplementation on anthropometric measures and cardiometabolic traits in women with obesity: a randomized controlled clinical trial.,weight,"Current literature supports the weight-reducing efficacy of pro/pre/synbiotics or L-carnitine; however, the superiority of the nutraceutical joint supplementation approach over common single therapies to counter obesity and accompanying comorbidities is well documented.",p < 0.001; p = 0.014; p = 0.009,,,,,,,,detail_hint,codex,pending,
PMID:37929031,PubMed,37929031,Ameliorating effects of L-carnitine and synbiotic co-supplementation on anthropometric measures and cardiometabolic traits in women with obesity: a randomized controlled clinical trial.,BMI,"Participants in both groups received healthy eating dietary advice.; Anthropometric, lipid, and glycemic indices significantly improved in both intervention groups; however, L-carnitine + synbiotic co-administration elicited a greater reduction in the anthropometric measures including body mass index (BMI), body weight, and neck, waist, and hip circumferences (p < 0.001, <0.001, <0.001, = 0.012, and =0.030, respectively) after adjusting for probable confounders.",p < 0.001; p = 0.014; p = 0.009,,,,,,,,detail_hint,codex,pending,
PMID:37929031,PubMed,37929031,Ameliorating effects of L-carnitine and synbiotic co-supplementation on anthropometric measures and cardiometabolic traits in women with obesity: a randomized controlled clinical trial.,waist,"Participants in both groups received healthy eating dietary advice.; Anthropometric, lipid, and glycemic indices significantly improved in both intervention groups; however, L-carnitine + synbiotic co-administration elicited a greater reduction in the anthropometric measures including body mass index (BMI), body weight, and neck, waist, and hip circumferences (p < 0.001, <0.001, <0.001, = 0.012, and =0.030, respectively) after adjusting for probable confounders.",p < 0.001; p = 0.014; p = 0.009,,,,,,,,detail_hint,codex,pending,
PMID:37929031,PubMed,37929031,Ameliorating effects of L-carnitine and synbiotic co-supplementation on anthropometric measures and cardiometabolic traits in women with obesity: a randomized controlled clinical trial.,glucose,"Moreover, L-carnitine + synbiotic joint supplementation resulted in a greater reduction in fasting blood sugar (FBS), insulin (though marginal), and homeostatic model assessment of insulin resistance (HOMA-IR) and more increment in quantitative insulin sensitivity check index (QUICKI; p = 0.014, 0.051, 0.024, and 0.019, respectively) compared with the L-carnitine + placebo monosupplementation.",p < 0.001; p = 0.014; p = 0.009,,,,,,,,detail_hint,codex,pending,
PMID:37929031,PubMed,37929031,Ameliorating effects of L-carnitine and synbiotic co-supplementation on anthropometric measures and cardiometabolic traits in women with obesity: a randomized controlled clinical trial.,lipid,"Participants in both groups received healthy eating dietary advice.; Anthropometric, lipid, and glycemic indices significantly improved in both intervention groups; however, L-carnitine + synbiotic co-administration elicited a greater reduction in the anthropometric measures including body mass index (BMI), body weight, and neck, waist, and hip circumferences (p < 0.001, <0.001, <0.001, = 0.012, and =0.030, respectively) after adjusting for probable confounders.",p < 0.001; p = 0.014; p = 0.009,,,,,,,,detail_hint,codex,pending,
