evidence_id,source_database,source_accession,title,outcome_domain,suggested_text,suggested_p_value,final_value,final_unit,final_direction,comparison,time_point,p_value_confirmed,sample_size_confirmed,extraction_source,reviewer,review_status,reviewer_note,pdf_source_file,pdf_match_score,pdf_pages,pdf_intervention_terms,pdf_duration_terms,pdf_cfu_terms,pdf_sample_size_terms,pdf_outcome_terms,pdf_text_excerpt,pdf_deep_species_strain_terms,pdf_deep_strain_codes,pdf_deep_dose_terms,pdf_deep_duration_terms,pdf_deep_sample_size_terms,pdf_deep_design_terms,pdf_deep_dosage_form_terms,pdf_deep_p_value_terms,pdf_deep_numeric_value_terms,pdf_deep_result_snippets,pdf_deep_methods_excerpt,pdf_deep_extraction_status,pdf_deep_error,download_deep_species_strain_terms,download_deep_strain_codes,download_deep_dose_terms,download_deep_duration_terms,download_deep_sample_size_terms,download_deep_design_terms,download_deep_dosage_form_terms,download_deep_p_value_terms,download_deep_numeric_value_terms,download_deep_result_snippets,download_deep_methods_excerpt,download_deep_extraction_status,download_deep_error,second_pass_source_file,second_pass_match_score,second_pass_pages_total,second_pass_intervention_snippets,second_pass_results_snippets,second_pass_anthropometric_snippets,second_pass_metabolic_snippets,second_pass_microbiome_snippets,second_pass_safety_snippets,second_pass_value_pvalue_candidates,second_pass_table_like_lines,second_pass_arm_terms,second_pass_dose_terms,second_pass_duration_terms,second_pass_sample_terms,second_pass_extraction_status,second_pass_error
NCT:NCT01433120,ClinicalTrials.gov,NCT01433120,Targeting the Gut Microbiome to Investigate the Pathways of Progression From Obesity to Metabolic Diseases in an At-risk Population.,body_fat,Lactobacillus paracasei ssp paracasei F19; Flax seed fibres; Maltodextrin (Placebo) Insulin resistance; Changes in the gut microbiota Inflammatory markers; Lipid metabolism; Total fat mass and abdominal fat Probiotic L.,,,,,,,,58,detail_hint,supplement_queue,pending,,,,,,,,,,,,,,,,,,,,,,,,,,,,,,,,,,,,,,,,,,,,,,,,,,,,,
NCT:NCT01433120,ClinicalTrials.gov,NCT01433120,Targeting the Gut Microbiome to Investigate the Pathways of Progression From Obesity to Metabolic Diseases in an At-risk Population.,glucose,Lactobacillus paracasei ssp paracasei F19; Flax seed fibres; Maltodextrin (Placebo) Insulin resistance; Changes in the gut microbiota Inflammatory markers; Lipid metabolism; Total fat mass and abdominal fat Probiotic L.,,,,,,,,58,detail_hint,supplement_queue,pending,,,,,,,,,,,,,,,,,,,,,,,,,,,,,,,,,,,,,,,,,,,,,,,,,,,,,
NCT:NCT01433120,ClinicalTrials.gov,NCT01433120,Targeting the Gut Microbiome to Investigate the Pathways of Progression From Obesity to Metabolic Diseases in an At-risk Population.,lipid,Lactobacillus paracasei ssp paracasei F19; Flax seed fibres; Maltodextrin (Placebo) Insulin resistance; Changes in the gut microbiota Inflammatory markers; Lipid metabolism; Total fat mass and abdominal fat Probiotic L.,,,,,,,,58,detail_hint,supplement_queue,pending,,,,,,,,,,,,,,,,,,,,,,,,,,,,,,,,,,,,,,,,,,,,,,,,,,,,,
NCT:NCT01433120,ClinicalTrials.gov,NCT01433120,Targeting the Gut Microbiome to Investigate the Pathways of Progression From Obesity to Metabolic Diseases in an At-risk Population.,microbiome,Lactobacillus paracasei ssp paracasei F19; Flax seed fibres; Maltodextrin (Placebo) Insulin resistance; Changes in the gut microbiota Inflammatory markers; Lipid metabolism; Total fat mass and abdominal fat Probiotic L.,,,,,,,,58,detail_hint,supplement_queue,pending,,,,,,,,,,,,,,,,,,,,,,,,,,,,,,,,,,,,,,,,,,,,,,,,,,,,,
EUROPEPMC:40951500,PubMed,40951500,Probiotic,weight,"Primary outcomes included changes in body mass index (BMI), body weight, waist and hip circumferences, visceral and subcutaneous fat areas, and total body fat content.",p<0.00001; p=0.0003; p=0.005; p=0.004,,,,,,,058 individuals,detail_hint,supplement_queue,pending,,,,,,,,,,,,,,,,,,,,,,,,,,,,,,,,,,,,,,,,,,,,,,,,,,,,,
EUROPEPMC:40951500,PubMed,40951500,Probiotic,BMI,"Primary outcomes included changes in body mass index (BMI), body weight, waist and hip circumferences, visceral and subcutaneous fat areas, and total body fat content.",p<0.00001; p=0.0003; p=0.005; p=0.004,,,,,,,058 individuals,detail_hint,supplement_queue,pending,,,,,,,,,,,,,,,,,,,,,,,,,,,,,,,,,,,,,,,,,,,,,,,,,,,,,
EUROPEPMC:40951500,PubMed,40951500,Probiotic,waist,"Primary outcomes included changes in body mass index (BMI), body weight, waist and hip circumferences, visceral and subcutaneous fat areas, and total body fat content.",p<0.00001; p=0.0003; p=0.005; p=0.004,,,,,,,058 individuals,detail_hint,supplement_queue,pending,,,,,,,,,,,,,,,,,,,,,,,,,,,,,,,,,,,,,,,,,,,,,,,,,,,,,
EUROPEPMC:40951500,PubMed,40951500,Probiotic,body_fat,"Primary outcomes included changes in body mass index (BMI), body weight, waist and hip circumferences, visceral and subcutaneous fat areas, and total body fat content.",p<0.00001; p=0.0003; p=0.005; p=0.004,,,,,,,058 individuals,detail_hint,supplement_queue,pending,,,,,,,,,,,,,,,,,,,,,,,,,,,,,,,,,,,,,,,,,,,,,,,,,,,,,
NCT:NCT04962633,ClinicalTrials.gov,NCT04962633,Dietary Intervention With Probiotic Pasta and Evaluation of the Effects on Metabolic and Inflammatory Status,weight,Dietary Intervention With Probiotic Pasta and Evaluation of the Effects on Metabolic and Inflammatory Status  Probiotic Pasta; Control Pasta Changes in fasting inflammatory blood markers; Changes in fasting plasma lipids; Changes in fasting plasma glucose Changes in small intestine permeability; Changes in colonic permeability; Changes in stool consistency; Changes in stool weight; Changes in stool frequency; Changes in gastrointestinal functionality; Changes in faecal microbiome; Variation of p,,,,,,,,40,detail_hint,supplement_queue,pending,,,,,,,,,,,,,,,,,,,,,,,,,,,,,,,,,,,,,,,,,,,,,,,,,,,,,
NCT:NCT04962633,ClinicalTrials.gov,NCT04962633,Dietary Intervention With Probiotic Pasta and Evaluation of the Effects on Metabolic and Inflammatory Status,BMI,Dietary Intervention With Probiotic Pasta and Evaluation of the Effects on Metabolic and Inflammatory Status  Probiotic Pasta; Control Pasta Changes in fasting inflammatory blood markers; Changes in fasting plasma lipids; Changes in fasting plasma glucose Changes in small intestine permeability; Changes in colonic permeability; Changes in stool consistency; Changes in stool weight; Changes in stool frequency; Changes in gastrointestinal functionality; Changes in faecal microbiome; Variation of p,,,,,,,,40,detail_hint,supplement_queue,pending,,,,,,,,,,,,,,,,,,,,,,,,,,,,,,,,,,,,,,,,,,,,,,,,,,,,,
NCT:NCT04962633,ClinicalTrials.gov,NCT04962633,Dietary Intervention With Probiotic Pasta and Evaluation of the Effects on Metabolic and Inflammatory Status,waist,Dietary Intervention With Probiotic Pasta and Evaluation of the Effects on Metabolic and Inflammatory Status  Probiotic Pasta; Control Pasta Changes in fasting inflammatory blood markers; Changes in fasting plasma lipids; Changes in fasting plasma glucose Changes in small intestine permeability; Changes in colonic permeability; Changes in stool consistency; Changes in stool weight; Changes in stool frequency; Changes in gastrointestinal functionality; Changes in faecal microbiome; Variation of p,,,,,,,,40,detail_hint,supplement_queue,pending,,,,,,,,,,,,,,,,,,,,,,,,,,,,,,,,,,,,,,,,,,,,,,,,,,,,,
NCT:NCT04962633,ClinicalTrials.gov,NCT04962633,Dietary Intervention With Probiotic Pasta and Evaluation of the Effects on Metabolic and Inflammatory Status,glucose,Dietary Intervention With Probiotic Pasta and Evaluation of the Effects on Metabolic and Inflammatory Status  Probiotic Pasta; Control Pasta Changes in fasting inflammatory blood markers; Changes in fasting plasma lipids; Changes in fasting plasma glucose Changes in small intestine permeability; Changes in colonic permeability; Changes in stool consistency; Changes in stool weight; Changes in stool frequency; Changes in gastrointestinal functionality; Changes in faecal microbiome; Variation of p,,,,,,,,40,detail_hint,supplement_queue,pending,,,,,,,,,,,,,,,,,,,,,,,,,,,,,,,,,,,,,,,,,,,,,,,,,,,,,
NCT:NCT04962633,ClinicalTrials.gov,NCT04962633,Dietary Intervention With Probiotic Pasta and Evaluation of the Effects on Metabolic and Inflammatory Status,lipid,Dietary Intervention With Probiotic Pasta and Evaluation of the Effects on Metabolic and Inflammatory Status  Probiotic Pasta; Control Pasta Changes in fasting inflammatory blood markers; Changes in fasting plasma lipids; Changes in fasting plasma glucose Changes in small intestine permeability; Changes in colonic permeability; Changes in stool consistency; Changes in stool weight; Changes in stool frequency; Changes in gastrointestinal functionality; Changes in faecal microbiome; Variation of p,,,,,,,,40,detail_hint,supplement_queue,pending,,,,,,,,,,,,,,,,,,,,,,,,,,,,,,,,,,,,,,,,,,,,,,,,,,,,,
NCT:NCT04962633,ClinicalTrials.gov,NCT04962633,Dietary Intervention With Probiotic Pasta and Evaluation of the Effects on Metabolic and Inflammatory Status,microbiome,Dietary Intervention With Probiotic Pasta and Evaluation of the Effects on Metabolic and Inflammatory Status  Probiotic Pasta; Control Pasta Changes in fasting inflammatory blood markers; Changes in fasting plasma lipids; Changes in fasting plasma glucose Changes in small intestine permeability; Changes in colonic permeability; Changes in stool consistency; Changes in stool weight; Changes in stool frequency; Changes in gastrointestinal functionality; Changes in faecal microbiome; Variation of p,,,,,,,,40,detail_hint,supplement_queue,pending,,,,,,,,,,,,,,,,,,,,,,,,,,,,,,,,,,,,,,,,,,,,,,,,,,,,,
PMID:32521799,PubMed,32521799,The Effect of Probiotics and Synbiotics on Risk Factors Associated with Cardiometabolic Diseases in Healthy People-A Systematic Review and Meta-Analysis with Meta-Regression of Randomized Controlled Trials.,weight,"Random-effect meta-analysis subgroup and meta-regression analysis of co-primary (haemoglobin A1c (HbA1C), glucose, insulin, body weight, waist circumference (WC), body mass index (BMI), cholesterol, low-density lipoproteins (LDL), high-density lipoproteins (HDL), triglycerides, and blood pressure) and secondary outcomes (uric acid, plasminogen activator inhibitor-1-PAI-1, fibrinogen, and any variable related to inflammation/endothelial dysfunction).",p = 0.006; p = 0.00; p = 0.05; p = 0.02; p = 0.04; p = 0.03; p = 0.049,,,,,,,,detail_hint,supplement_queue,pending,,,,,,,,,,,,,,,,,,,,,,,,,,,,,,,,,,,,,,,,,,,,,,,,,,,,,
PMID:32521799,PubMed,32521799,The Effect of Probiotics and Synbiotics on Risk Factors Associated with Cardiometabolic Diseases in Healthy People-A Systematic Review and Meta-Analysis with Meta-Regression of Randomized Controlled Trials.,BMI,"Random-effect meta-analysis subgroup and meta-regression analysis of co-primary (haemoglobin A1c (HbA1C), glucose, insulin, body weight, waist circumference (WC), body mass index (BMI), cholesterol, low-density lipoproteins (LDL), high-density lipoproteins (HDL), triglycerides, and blood pressure) and secondary outcomes (uric acid, plasminogen activator inhibitor-1-PAI-1, fibrinogen, and any variable related to inflammation/endothelial dysfunction).",p = 0.006; p = 0.00; p = 0.05; p = 0.02; p = 0.04; p = 0.03; p = 0.049,,,,,,,,detail_hint,supplement_queue,pending,,,,,,,,,,,,,,,,,,,,,,,,,,,,,,,,,,,,,,,,,,,,,,,,,,,,,
PMID:32521799,PubMed,32521799,The Effect of Probiotics and Synbiotics on Risk Factors Associated with Cardiometabolic Diseases in Healthy People-A Systematic Review and Meta-Analysis with Meta-Regression of Randomized Controlled Trials.,waist,"Random-effect meta-analysis subgroup and meta-regression analysis of co-primary (haemoglobin A1c (HbA1C), glucose, insulin, body weight, waist circumference (WC), body mass index (BMI), cholesterol, low-density lipoproteins (LDL), high-density lipoproteins (HDL), triglycerides, and blood pressure) and secondary outcomes (uric acid, plasminogen activator inhibitor-1-PAI-1, fibrinogen, and any variable related to inflammation/endothelial dysfunction).",p = 0.006; p = 0.00; p = 0.05; p = 0.02; p = 0.04; p = 0.03; p = 0.049,,,,,,,,detail_hint,supplement_queue,pending,,,,,,,,,,,,,,,,,,,,,,,,,,,,,,,,,,,,,,,,,,,,,,,,,,,,,
PMID:32521799,PubMed,32521799,The Effect of Probiotics and Synbiotics on Risk Factors Associated with Cardiometabolic Diseases in Healthy People-A Systematic Review and Meta-Analysis with Meta-Regression of Randomized Controlled Trials.,glucose,"Random-effect meta-analysis subgroup and meta-regression analysis of co-primary (haemoglobin A1c (HbA1C), glucose, insulin, body weight, waist circumference (WC), body mass index (BMI), cholesterol, low-density lipoproteins (LDL), high-density lipoproteins (HDL), triglycerides, and blood pressure) and secondary outcomes (uric acid, plasminogen activator inhibitor-1-PAI-1, fibrinogen, and any variable related to inflammation/endothelial dysfunction).",p = 0.006; p = 0.00; p = 0.05; p = 0.02; p = 0.04; p = 0.03; p = 0.049,,,,,,,,detail_hint,supplement_queue,pending,,,,,,,,,,,,,,,,,,,,,,,,,,,,,,,,,,,,,,,,,,,,,,,,,,,,,
PMID:32521799,PubMed,32521799,The Effect of Probiotics and Synbiotics on Risk Factors Associated with Cardiometabolic Diseases in Healthy People-A Systematic Review and Meta-Analysis with Meta-Regression of Randomized Controlled Trials.,lipid,"Random-effect meta-analysis subgroup and meta-regression analysis of co-primary (haemoglobin A1c (HbA1C), glucose, insulin, body weight, waist circumference (WC), body mass index (BMI), cholesterol, low-density lipoproteins (LDL), high-density lipoproteins (HDL), triglycerides, and blood pressure) and secondary outcomes (uric acid, plasminogen activator inhibitor-1-PAI-1, fibrinogen, and any variable related to inflammation/endothelial dysfunction).",p = 0.006; p = 0.00; p = 0.05; p = 0.02; p = 0.04; p = 0.03; p = 0.049,,,,,,,,detail_hint,supplement_queue,pending,,,,,,,,,,,,,,,,,,,,,,,,,,,,,,,,,,,,,,,,,,,,,,,,,,,,,
EUROPEPMC:42065141,PubMed,42065141,Effects of,weight,"The KABP051 group experienced significantly greater improvements compared with placebo on body composition measurements, including a reduction in body weight and waist circumference, which decreased in 1.97 ± 0.77 (mean ± SE) kg and 2.15 ± 0.81 (mean ± SE) cm versus placebo at the end of the intervention (both P < .05, mixed model for repeated measures [MMRM] and post-hoc analysis).",P < .05; P = .015; P = .014; P = .016,,,,,,,,detail_hint,supplement_queue,pending,,,,,,,,,,,,,,,,,,,,,,,,,,,,,,,,,,,,,,,,,,,,,,,,,,,,,
EUROPEPMC:42065141,PubMed,42065141,Effects of,waist,"The KABP051 group experienced significantly greater improvements compared with placebo on body composition measurements, including a reduction in body weight and waist circumference, which decreased in 1.97 ± 0.77 (mean ± SE) kg and 2.15 ± 0.81 (mean ± SE) cm versus placebo at the end of the intervention (both P < .05, mixed model for repeated measures [MMRM] and post-hoc analysis).",P < .05; P = .015; P = .014; P = .016,,,,,,,,detail_hint,supplement_queue,pending,,,,,,,,,,,,,,,,,,,,,,,,,,,,,,,,,,,,,,,,,,,,,,,,,,,,,
EUROPEPMC:42065141,PubMed,42065141,Effects of,body_fat,"Body fat percentage, profile of mood states fatigue, and confusion sub-scores showed a global trend toward improvement compared with placebo, with the change at 12 weeks being significant in the three measurements in post-hoc analysis (P = .015, P = .014, and P = .016, respectively).",P < .05; P = .015; P = .014; P = .016,,,,,,,,detail_hint,supplement_queue,pending,,,,,,,,,,,,,,,,,,,,,,,,,,,,,,,,,,,,,,,,,,,,,,,,,,,,,
EUROPEPMC:42065141,PubMed,42065141,Effects of,microbiome,"Microbiome composition improved in KABP051 group, with significant increase in the relative abundance of Lactiplantibacillus spp.",P < .05; P = .015; P = .014; P = .016,,,,,,,,detail_hint,supplement_queue,pending,,,,,,,,,,,,,,,,,,,,,,,,,,,,,,,,,,,,,,,,,,,,,,,,,,,,,
PMID:36879442,PubMed,36879442,"Effects of weight loss and feeding specially formulated diets on the body composition, blood metabolite profiles, voluntary physical activity, and fecal metabolites and microbiota of obese dogs.",weight,"Restricted feeding, dietary intervention, and consequent weight loss may be used to improve health and modify gastrointestinal microbiota.",P < 0.05,,,,,,,,detail_hint,supplement_queue,pending,,,,,,,,,,,,,,,,,,,,,,,,,,,,,,,,,,,,,,,,,,,,,,,,,,,,,
PMID:36879442,PubMed,36879442,"Effects of weight loss and feeding specially formulated diets on the body composition, blood metabolite profiles, voluntary physical activity, and fecal metabolites and microbiota of obese dogs.",body_fat,"Restricted feeding led to reduced BW, BCS, fat mass, and blood cholesterol, triglyceride, glucose, and leptin concentrations, and increased MCS and lean body mass percentage.",P < 0.05,,,,,,,,detail_hint,supplement_queue,pending,,,,,,,,,,,,,,,,,,,,,,,,,,,,,,,,,,,,,,,,,,,,,,,,,,,,,
PMID:36879442,PubMed,36879442,"Effects of weight loss and feeding specially formulated diets on the body composition, blood metabolite profiles, voluntary physical activity, and fecal metabolites and microbiota of obese dogs.",glucose,"Restricted feeding led to reduced BW, BCS, fat mass, and blood cholesterol, triglyceride, glucose, and leptin concentrations, and increased MCS and lean body mass percentage.",P < 0.05,,,,,,,,detail_hint,supplement_queue,pending,,,,,,,,,,,,,,,,,,,,,,,,,,,,,,,,,,,,,,,,,,,,,,,,,,,,,
PMID:36879442,PubMed,36879442,"Effects of weight loss and feeding specially formulated diets on the body composition, blood metabolite profiles, voluntary physical activity, and fecal metabolites and microbiota of obese dogs.",lipid,"Restricted feeding led to reduced BW, BCS, fat mass, and blood cholesterol, triglyceride, glucose, and leptin concentrations, and increased MCS and lean body mass percentage.",P < 0.05,,,,,,,,detail_hint,supplement_queue,pending,,,,,,,,,,,,,,,,,,,,,,,,,,,,,,,,,,,,,,,,,,,,,,,,,,,,,
PMID:36879442,PubMed,36879442,"Effects of weight loss and feeding specially formulated diets on the body composition, blood metabolite profiles, voluntary physical activity, and fecal metabolites and microbiota of obese dogs.",microbiome,"Restricted feeding, dietary intervention, and consequent weight loss may be used to improve health and modify gastrointestinal microbiota.",P < 0.05,,,,,,,,detail_hint,supplement_queue,pending,,,,,,,,,,,,,,,,,,,,,,,,,,,,,,,,,,,,,,,,,,,,,,,,,,,,,
PMID:39340527,PubMed,39340527,"Effects of probiotics, prebiotics, and synbiotics on cardiometabolic risk factors in children and adolescents with overweight or obesity: a systematic review and Bayesian network meta-analysis.",BMI,"Multiple-strain probiotics (MSP) showed significant efficacy in reducing BMI (Mean Difference (MD) -2.13 kg/m2, 95% credible interval (CrI) [-2.7, -1.57]), waist circumference (MD -1.34 cm, 95% CrI [-2.33, -0.35]), total cholesterol (MD -6.55 mg/dL, 95% CrI [-10.61, -2.45]), triglycerides (MD -3.71 mg/dL, 95% CrI [-5.76, -1.67]), leptin (MD -3.99 ng/mL, 95% CrI [-4.68, -3.3]), and hypersensitive C-reactive protein (Hs-CRP) (MD -1.21 mg/L, 95% CrI [-1.45, -0.97]).",,,,,,,,820 participants,detail_hint,supplement_queue,pending,,,,,,,,,,,,,,,,,,,,,,,,,,,,,,,,,,,,,,,,,,,,,,,,,,,,,
PMID:39340527,PubMed,39340527,"Effects of probiotics, prebiotics, and synbiotics on cardiometabolic risk factors in children and adolescents with overweight or obesity: a systematic review and Bayesian network meta-analysis.",waist,"Multiple-strain probiotics (MSP) showed significant efficacy in reducing BMI (Mean Difference (MD) -2.13 kg/m2, 95% credible interval (CrI) [-2.7, -1.57]), waist circumference (MD -1.34 cm, 95% CrI [-2.33, -0.35]), total cholesterol (MD -6.55 mg/dL, 95% CrI [-10.61, -2.45]), triglycerides (MD -3.71 mg/dL, 95% CrI [-5.76, -1.67]), leptin (MD -3.99 ng/mL, 95% CrI [-4.68, -3.3]), and hypersensitive C-reactive protein (Hs-CRP) (MD -1.21 mg/L, 95% CrI [-1.45, -0.97]).",,,,,,,,820 participants,detail_hint,supplement_queue,pending,,,,,,,,,,,,,,,,,,,,,,,,,,,,,,,,,,,,,,,,,,,,,,,,,,,,,
PMID:39340527,PubMed,39340527,"Effects of probiotics, prebiotics, and synbiotics on cardiometabolic risk factors in children and adolescents with overweight or obesity: a systematic review and Bayesian network meta-analysis.",glucose,"Synbiotics were effective in reducing BMI-z score (MD -0.07, 95% CrI [-0.10, -0.04]) and LDL-C (MD -1.54 mg/dL, 95% CrI [-1.98, -1.09]) but led to a slight increase in fasting glucose (MD 1.12 mg/dL, 95% CrI [0.75, 1.49]).",,,,,,,,820 participants,detail_hint,supplement_queue,pending,,,,,,,,,,,,,,,,,,,,,,,,,,,,,,,,,,,,,,,,,,,,,,,,,,,,,
PMID:39340527,PubMed,39340527,"Effects of probiotics, prebiotics, and synbiotics on cardiometabolic risk factors in children and adolescents with overweight or obesity: a systematic review and Bayesian network meta-analysis.",lipid,"Multiple-strain probiotics (MSP) showed significant efficacy in reducing BMI (Mean Difference (MD) -2.13 kg/m2, 95% credible interval (CrI) [-2.7, -1.57]), waist circumference (MD -1.34 cm, 95% CrI [-2.33, -0.35]), total cholesterol (MD -6.55 mg/dL, 95% CrI [-10.61, -2.45]), triglycerides (MD -3.71 mg/dL, 95% CrI [-5.76, -1.67]), leptin (MD -3.99 ng/mL, 95% CrI [-4.68, -3.3]), and hypersensitive C-reactive protein (Hs-CRP) (MD -1.21 mg/L, 95% CrI [-1.45, -0.97]).",,,,,,,,820 participants,detail_hint,supplement_queue,pending,,,,,,,,,,,,,,,,,,,,,,,,,,,,,,,,,,,,,,,,,,,,,,,,,,,,,
PMID:39340527,PubMed,39340527,"Effects of probiotics, prebiotics, and synbiotics on cardiometabolic risk factors in children and adolescents with overweight or obesity: a systematic review and Bayesian network meta-analysis.",microbiome,"Moderate to low evidence suggests MSP may be a potential choice for improving BMI and reducing lipids, leptin, and Hs-CRP levels, implying that MSP could aid in managing pediatric obesity and related metabolic issues by modulating the gut microbiota.",,,,,,,,820 participants,detail_hint,supplement_queue,pending,,,,,,,,,,,,,,,,,,,,,,,,,,,,,,,,,,,,,,,,,,,,,,,,,,,,,
PMID:36944956,PubMed,36944956,Effect of different doses of Lacticaseibacillus paracasei K56 on body fat and metabolic parameters in adult individuals with obesity: a pilot study.,weight,"There were non-significant reductions in Body weight and BMI in the L_K56, H_K56, VL_K56 groups, whereas increases were observed in the placebo and VH_K56 groups compared with baseline values.",p = 0.004; p = 0.0007; p = 0.018; p = 0.003; p = 0.002,,,,,,,,detail_hint,supplement_queue,pending,,,,,,,,,,,,,,,,,,,,,,,,,,,,,,,,,,,,,,,,,,,,,,,,,,,,,
PMID:36944956,PubMed,36944956,Effect of different doses of Lacticaseibacillus paracasei K56 on body fat and metabolic parameters in adult individuals with obesity: a pilot study.,BMI,"The purpose of this study was to evaluate the effect of a novel probiotic strain Lacticaseibacillus paracasei K56 on body fat and metabolic biomarkers in adult individuals with obesity.; 74 adult subjects with obesity (body mass index ≥ 30 kg/m2, or percent body fat > 25% for men, percent body fat > 30% for women) were randomized into 5 groups and supplemented with different doses of K56 (groups VL_K56, L_K56, H_K56, and VH_K56: K56 capsules, 2 × 107 CFU/day, 2 × 109 CFU/day, 2 × 1010 CFU/day, 2",p = 0.004; p = 0.0007; p = 0.018; p = 0.003; p = 0.002,,,,,,,,detail_hint,supplement_queue,pending,,,,,,,,,,,,,,,,,,,,,,,,,,,,,,,,,,,,,,,,,,,,,,,,,,,,,
PMID:36944956,PubMed,36944956,Effect of different doses of Lacticaseibacillus paracasei K56 on body fat and metabolic parameters in adult individuals with obesity: a pilot study.,waist,"Anthropometric measurements, body composition assessment, and metabolic parameters were measured at baseline and after 60 days of intervention.; The results showed that the L_K56 group had significant decreases in percent body fat (p = 0.004), visceral fat area (p = 0.0007), total body fat mass (p = 0.018), trunk body fat mass (p = 0.003), waist circumference (p = 0.003), glycosylated hemoglobin(p = 0.002) at the end of the study compared with baseline.",p = 0.004; p = 0.0007; p = 0.018; p = 0.003; p = 0.002,,,,,,,,detail_hint,supplement_queue,pending,,,,,,,,,,,,,,,,,,,,,,,,,,,,,,,,,,,,,,,,,,,,,,,,,,,,,
PMID:36944956,PubMed,36944956,Effect of different doses of Lacticaseibacillus paracasei K56 on body fat and metabolic parameters in adult individuals with obesity: a pilot study.,body_fat,Studies have shown that probiotics have an effect on reducing body fat on a strain-specific and dose-response bases.,p = 0.004; p = 0.0007; p = 0.018; p = 0.003; p = 0.002,,,,,,,,detail_hint,supplement_queue,pending,,,,,,,,,,,,,,,,,,,,,,,,,,,,,,,,,,,,,,,,,,,,,,,,,,,,,
PMID:37252684,PubMed,37252684,Effect of green-lipped mussel (,body_fat,"At the baseline, the body fat (BF)% and gynoid fat% were higher in the GSM group compared with the placebo (P < 0⋅05).",,,,,,,,,detail_hint,expansion_queue,pending,,,,,,,,,,,,,,,,,,,,,,,,,,,,,,,,,,,,,,,,,,,,,,,,,,,,,
EUROPEPMC:41459804,PubMed,41459804,"Effects of a slowly fermentable fiber mixture against the background of a high-protein diet on insulin sensitivity and metabolic health in individuals with overweight: a randomized, placebo-controlled trial.",glucose,Fiber mitigated the increase in insulin-mediated carbohydrate oxidation (p = 0.027) and decrease in fat oxidation (p = 0.006) that occurred in the placebo group.,p = 0.081; p = 0.034; p = 0.027; p = 0.006; p = 0.048; p = 0.046; p = 0.025,,,,,,,n = 19; n = 21,detail_hint,expansion_queue,pending,,,,,,,,,,,,,,,,,,,,,,,,,,,,,,,,,,,,,,,,,,,,,,,,,,,,,
PMID:36484872,PubMed,36484872,"Effects of synbiotic supplementation on anthropometric indices and body composition in overweight or obese children and adolescents: a randomized, double-blind, placebo-controlled clinical trial.",waist,The waist-height ratio (WHtR) decreased significantly at the end of the intervention in comparison with baseline in the synbiotic group (0.54 ± 0.05 vs.,P = 0.770; P = 0.05,,,,,,,60 participants; n = 30,detail_hint,expansion_queue,pending,,,,,,,,,,,,,,,,,,,,,,,,,,,,,,,,,,,,,,,,,,,,,,,,,,,,,
PMID:42097279,PubMed,42097279,Gut microbiota responses to isocaloric macronutrient modulation in tissue-specific insulin resistance: a secondary analysis of the PERSonalized glucose Optimization through Nutritional intervention (PERSON) randomized trial.,BMI,"It remains unclear whether these improvements may partially be explained by gut microbiota-related mechanisms.; We investigated whether 12-wk high monounsaturated fatty acid (HMUFA) and low-fat, high-protein, high-fiber diets (LFHP) impact gut microbiota composition and functionality in people with predominant muscle IR (MIR) compared with liver IR (LIR) in relation to cardiometabolic health improvements.; This 2-center, randomized, double-blind, dietary intervention trial included 179 individua",P < 0.05; P < 0.001; P = 0.0001,,,,,,,179 individuals,detail_hint,expansion_queue,pending,,,,,,,,,,,,,,,,,,,,,,,,,,,,,,,,,,,,,,,,,,,,,,,,,,,,,
PMID:42097279,PubMed,42097279,Gut microbiota responses to isocaloric macronutrient modulation in tissue-specific insulin resistance: a secondary analysis of the PERSonalized glucose Optimization through Nutritional intervention (PERSON) randomized trial.,glucose,We previously showed that dietary macronutrient modulation targeting tissue-specific insulin resistance (IR) phenotypes induced pronounced improvements in cardiometabolic health.,P < 0.05; P < 0.001; P = 0.0001,,,,,,,179 individuals,detail_hint,expansion_queue,pending,,,,,,,,,,,,,,,,,,,,,,,,,,,,,,,,,,,,,,,,,,,,,,,,,,,,,
PMID:42097279,PubMed,42097279,Gut microbiota responses to isocaloric macronutrient modulation in tissue-specific insulin resistance: a secondary analysis of the PERSonalized glucose Optimization through Nutritional intervention (PERSON) randomized trial.,microbiome,"It remains unclear whether these improvements may partially be explained by gut microbiota-related mechanisms.; We investigated whether 12-wk high monounsaturated fatty acid (HMUFA) and low-fat, high-protein, high-fiber diets (LFHP) impact gut microbiota composition and functionality in people with predominant muscle IR (MIR) compared with liver IR (LIR) in relation to cardiometabolic health improvements.; This 2-center, randomized, double-blind, dietary intervention trial included 179 individua",P < 0.05; P < 0.001; P = 0.0001,,,,,,,179 individuals,detail_hint,expansion_queue,pending,,,,,,,,,,,,,,,,,,,,,,,,,,,,,,,,,,,,,,,,,,,,,,,,,,,,,
PMID:40977640,PubMed,40977640,Effects of dietary energy restriction of ultra-processed foods compared to a generic energy restriction on the intestinal microbiota of individuals with obesity: a secondary analysis of a randomized clinical trial.,waist,"%UPF consumption significantly decreased in the group that restricted UPF (p-interaction = 0.01), whereas waist circumference and body fat decreased in both groups (p-moment < 0.01).",p = 0.02,,,,,,,43 individuals; 34 individuals,detail_hint,expansion_queue,pending,,,,,,,,,,,,,,,,,,,,,,,,,,,,,,,,,,,,,,,,,,,,,,,,,,,,,
PMID:40977640,PubMed,40977640,Effects of dietary energy restriction of ultra-processed foods compared to a generic energy restriction on the intestinal microbiota of individuals with obesity: a secondary analysis of a randomized clinical trial.,body_fat,"%UPF consumption significantly decreased in the group that restricted UPF (p-interaction = 0.01), whereas waist circumference and body fat decreased in both groups (p-moment < 0.01).",p = 0.02,,,,,,,43 individuals; 34 individuals,detail_hint,expansion_queue,pending,,,,,,,,,,,,,,,,,,,,,,,,,,,,,,,,,,,,,,,,,,,,,,,,,,,,,
PMID:38713231,PubMed,38713231,"Effect of prebiotic fiber on physical function and gut microbiota in adults, mostly women, with knee osteoarthritis and obesity: a randomized controlled trial.",body_fat,Prebiotics enhance beneficial gut microbes and can reduce body fat and inflammation.,p = 0.059,,,,,,,n = 54; n = 31; n = 21,detail_hint,expansion_queue,pending,,,,,,,,,,,,,,,,,,,,,,,,,,,,,,,,,,,,,,,,,,,,,,,,,,,,,
PMID:38713231,PubMed,38713231,"Effect of prebiotic fiber on physical function and gut microbiota in adults, mostly women, with knee osteoarthritis and obesity: a randomized controlled trial.",microbiome,"Performance based-tests, knee pain, quality of life, serum metabolomics and inflammatory markers, and fecal microbiota and short-chain fatty acids were assessed.; Significant between group differences were detected for the change in timed-up-and-go test, 40 m fast paced walk test, and hand grip strength test from baseline that favored prebiotic over placebo.",p = 0.059,,,,,,,n = 54; n = 31; n = 21,detail_hint,expansion_queue,pending,,,,,,,,,,,,,,,,,,,,,,,,,,,,,,,,,,,,,,,,,,,,,,,,,,,,,
PMID:32615727,PubMed,32615727,"Effect of Lactobacillus sakei, a Probiotic Derived from Kimchi, on Body Fat in Koreans with Obesity: A Randomized Controlled Study.",waist,"After the 12 weeks, waist circumference was 0.8 cm smaller in the CJLS03 group than in the placebo group (P=0.013).",P=0.018; P=0.013,,,,,,,114 adults,detail_hint,expansion_queue,pending,,,,,,,,,,,,,,,,,,,,,,,,,,,,,,,,,,,,,,,,,,,,,,,,,,,,,
PMID:32615727,PubMed,32615727,"Effect of Lactobacillus sakei, a Probiotic Derived from Kimchi, on Body Fat in Koreans with Obesity: A Randomized Controlled Study.",body_fat,"Adverse events were monitored during study period.; Body fat mass decreased by 0.2 kg in the CJLS03 group and increased by 0.6 kg in the placebo group (0.8 kg difference, P=0.018).",P=0.018; P=0.013,,,,,,,114 adults,detail_hint,expansion_queue,pending,,,,,,,,,,,,,,,,,,,,,,,,,,,,,,,,,,,,,,,,,,,,,,,,,,,,,
PMID:30659070,PubMed,30659070,Probiotics for the Prevention of Gestational Diabetes Mellitus in Overweight and Obese Women: Findings From the SPRING Double-Blind Randomized Controlled Trial.,weight,Excessive weight gain occurred in 32.5% of women in the probiotics arm (55 of 169) compared with 46% in the placebo arm (81 of 176) (P = 0.01).,P = 0.10; P = 0.049; P = 0.09; P = 0.01; P = 0.042,,,,,,,,detail_hint,expansion_queue,pending,,,,,,,,,,,,,,,,,,,,,,,,,,,,,,,,,,,,,,,,,,,,,,,,,,,,,
PMID:30659070,PubMed,30659070,Probiotics for the Prevention of Gestational Diabetes Mellitus in Overweight and Obese Women: Findings From the SPRING Double-Blind Randomized Controlled Trial.,glucose,"At OGTT, mean fasting glucose was higher in women randomized to probiotics (79.3 mg/dL) compared with placebo (77.5 mg/dL) (P = 0.049).",P = 0.10; P = 0.049; P = 0.09; P = 0.01; P = 0.042,,,,,,,,detail_hint,expansion_queue,pending,,,,,,,,,,,,,,,,,,,,,,,,,,,,,,,,,,,,,,,,,,,,,,,,,,,,,
EUROPEPMC:40218949,PubMed,40218949,"A 12-Week, Randomized, Double-Blind, Placebo-Controlled Study to Evaluate the Efficacy and Safety of",BMI,"A 12-Week, Randomized, Double-Blind, Placebo-Controlled Study to Evaluate the Efficacy and Safety of This study aims to evaluate the efficacy and safety of probiotics for body fat reduction in obese individuals.; A total of 106 participants with a body mass index between 25 and 30 kg/m2 were randomly assigned to either the experimental group treating with Lactobacillus plantarum LMT1-48 or the placebo group in the placebo-controlled clinical trial.",p = 0.009; p = 0.004,,,,,,,106 participants,detail_hint,expansion_queue,pending,,,,,,,,,,,,,,,,,,,,,,,,,,,,,,,,,,,,,,,,,,,,,,,,,,,,,
EUROPEPMC:40218949,PubMed,40218949,"A 12-Week, Randomized, Double-Blind, Placebo-Controlled Study to Evaluate the Efficacy and Safety of",body_fat,"A 12-Week, Randomized, Double-Blind, Placebo-Controlled Study to Evaluate the Efficacy and Safety of This study aims to evaluate the efficacy and safety of probiotics for body fat reduction in obese individuals.; A total of 106 participants with a body mass index between 25 and 30 kg/m2 were randomly assigned to either the experimental group treating with Lactobacillus plantarum LMT1-48 or the placebo group in the placebo-controlled clinical trial.",p = 0.009; p = 0.004,,,,,,,106 participants,detail_hint,expansion_queue,pending,,,,,,,,,,,,,,,,,,,,,,,,,,,,,,,,,,,,,,,,,,,,,,,,,,,,,
EUROPEPMC:40218949,PubMed,40218949,"A 12-Week, Randomized, Double-Blind, Placebo-Controlled Study to Evaluate the Efficacy and Safety of",microbiome,"Fecal samples between the groups were contrasted via DNA sequencing for evaluation of the microbiota and its diversity.; After 12 weeks of follow-up period, the body fat mass decreased significantly, from 30.0 ± 4.4 to 28.3 ± 4.1 kg in the experimental group (p = 0.009).",p = 0.009; p = 0.004,,,,,,,106 participants,detail_hint,expansion_queue,pending,,,,,,,,,,,,,,,,,,,,,,,,,,,,,,,,,,,,,,,,,,,,,,,,,,,,,
NCT:NCT06989177,ClinicalTrials.gov,NCT06989177,Probiotic Intervention on Body Weight,weight,Probiotic Intervention on Body Weight  General lifestyle and nutritional education; Energy-restricted nutritional and lifestyle intervention; Placebo; Probiotic; semaglutide Change in Body Weight (kg) from Baseline to Week 12 Change in Energy Expenditure Rate (kcal/min) from Baseline to Week 12; Change in Respiratory Quotient from Baseline to Week 12; Change in Fat Oxidation Rate (g/min) from Baseline to Week 12; Change in Carbohydrate Oxidation Rate (g/min) from Baseline to Week 12; Change in W,,,,,,,,140,detail_hint,expansion_queue,pending,,,,,,,,,,,,,,,,,,,,,,,,,,,,,,,,,,,,,,,,,,,,,,,,,,,,,
NCT:NCT06989177,ClinicalTrials.gov,NCT06989177,Probiotic Intervention on Body Weight,waist,Probiotic Intervention on Body Weight  General lifestyle and nutritional education; Energy-restricted nutritional and lifestyle intervention; Placebo; Probiotic; semaglutide Change in Body Weight (kg) from Baseline to Week 12 Change in Energy Expenditure Rate (kcal/min) from Baseline to Week 12; Change in Respiratory Quotient from Baseline to Week 12; Change in Fat Oxidation Rate (g/min) from Baseline to Week 12; Change in Carbohydrate Oxidation Rate (g/min) from Baseline to Week 12; Change in W,,,,,,,,140,detail_hint,expansion_queue,pending,,,,,,,,,,,,,,,,,,,,,,,,,,,,,,,,,,,,,,,,,,,,,,,,,,,,,
NCT:NCT06989177,ClinicalTrials.gov,NCT06989177,Probiotic Intervention on Body Weight,body_fat,Probiotic Intervention on Body Weight  General lifestyle and nutritional education; Energy-restricted nutritional and lifestyle intervention; Placebo; Probiotic; semaglutide Change in Body Weight (kg) from Baseline to Week 12 Change in Energy Expenditure Rate (kcal/min) from Baseline to Week 12; Change in Respiratory Quotient from Baseline to Week 12; Change in Fat Oxidation Rate (g/min) from Baseline to Week 12; Change in Carbohydrate Oxidation Rate (g/min) from Baseline to Week 12; Change in W,,,,,,,,140,detail_hint,expansion_queue,pending,,,,,,,,,,,,,,,,,,,,,,,,,,,,,,,,,,,,,,,,,,,,,,,,,,,,,
NCT:NCT06989177,ClinicalTrials.gov,NCT06989177,Probiotic Intervention on Body Weight,glucose,Probiotic Intervention on Body Weight  General lifestyle and nutritional education; Energy-restricted nutritional and lifestyle intervention; Placebo; Probiotic; semaglutide Change in Body Weight (kg) from Baseline to Week 12 Change in Energy Expenditure Rate (kcal/min) from Baseline to Week 12; Change in Respiratory Quotient from Baseline to Week 12; Change in Fat Oxidation Rate (g/min) from Baseline to Week 12; Change in Carbohydrate Oxidation Rate (g/min) from Baseline to Week 12; Change in W,,,,,,,,140,detail_hint,expansion_queue,pending,,,,,,,,,,,,,,,,,,,,,,,,,,,,,,,,,,,,,,,,,,,,,,,,,,,,,
NCT:NCT06989177,ClinicalTrials.gov,NCT06989177,Probiotic Intervention on Body Weight,lipid,Probiotic Intervention on Body Weight  General lifestyle and nutritional education; Energy-restricted nutritional and lifestyle intervention; Placebo; Probiotic; semaglutide Change in Body Weight (kg) from Baseline to Week 12 Change in Energy Expenditure Rate (kcal/min) from Baseline to Week 12; Change in Respiratory Quotient from Baseline to Week 12; Change in Fat Oxidation Rate (g/min) from Baseline to Week 12; Change in Carbohydrate Oxidation Rate (g/min) from Baseline to Week 12; Change in W,,,,,,,,140,detail_hint,expansion_queue,pending,,,,,,,,,,,,,,,,,,,,,,,,,,,,,,,,,,,,,,,,,,,,,,,,,,,,,
PMID:37545298,PubMed,37545298,Intermittent dietary carbohydrate restriction versus calorie restriction and cardiometabolic profiles: A randomized trial.,weight,"Differences in changes in obesity measures, glycemic and lipid profiles, gut microbiota composition, and three serum biomarkers were compared.; The ILCD and ICR similarly reduced body weight, waist circumference, fasting glucose, insulin, postprandial glucose variation, monocyte chemoattractant protein-1, free fatty acid, and fibroblast growth factor 21, whereas ILCD produced significantly different alterations in the following outcomes compared with ICR: greater increases in low-density lipopro",,,,,,,,,detail_hint,expansion_queue,pending,,,,,,,,,,,,,,,,,,,,,,,,,,,,,,,,,,,,,,,,,,,,,,,,,,,,,
PMID:37545298,PubMed,37545298,Intermittent dietary carbohydrate restriction versus calorie restriction and cardiometabolic profiles: A randomized trial.,waist,"Differences in changes in obesity measures, glycemic and lipid profiles, gut microbiota composition, and three serum biomarkers were compared.; The ILCD and ICR similarly reduced body weight, waist circumference, fasting glucose, insulin, postprandial glucose variation, monocyte chemoattractant protein-1, free fatty acid, and fibroblast growth factor 21, whereas ILCD produced significantly different alterations in the following outcomes compared with ICR: greater increases in low-density lipopro",,,,,,,,,detail_hint,expansion_queue,pending,,,,,,,,,,,,,,,,,,,,,,,,,,,,,,,,,,,,,,,,,,,,,,,,,,,,,
PMID:37545298,PubMed,37545298,Intermittent dietary carbohydrate restriction versus calorie restriction and cardiometabolic profiles: A randomized trial.,glucose,"Differences in changes in obesity measures, glycemic and lipid profiles, gut microbiota composition, and three serum biomarkers were compared.; The ILCD and ICR similarly reduced body weight, waist circumference, fasting glucose, insulin, postprandial glucose variation, monocyte chemoattractant protein-1, free fatty acid, and fibroblast growth factor 21, whereas ILCD produced significantly different alterations in the following outcomes compared with ICR: greater increases in low-density lipopro",,,,,,,,,detail_hint,expansion_queue,pending,,,,,,,,,,,,,,,,,,,,,,,,,,,,,,,,,,,,,,,,,,,,,,,,,,,,,
PMID:37545298,PubMed,37545298,Intermittent dietary carbohydrate restriction versus calorie restriction and cardiometabolic profiles: A randomized trial.,lipid,"Differences in changes in obesity measures, glycemic and lipid profiles, gut microbiota composition, and three serum biomarkers were compared.; The ILCD and ICR similarly reduced body weight, waist circumference, fasting glucose, insulin, postprandial glucose variation, monocyte chemoattractant protein-1, free fatty acid, and fibroblast growth factor 21, whereas ILCD produced significantly different alterations in the following outcomes compared with ICR: greater increases in low-density lipopro",,,,,,,,,detail_hint,expansion_queue,pending,,,,,,,,,,,,,,,,,,,,,,,,,,,,,,,,,,,,,,,,,,,,,,,,,,,,,
PMID:37545298,PubMed,37545298,Intermittent dietary carbohydrate restriction versus calorie restriction and cardiometabolic profiles: A randomized trial.,microbiome,"Differences in changes in obesity measures, glycemic and lipid profiles, gut microbiota composition, and three serum biomarkers were compared.; The ILCD and ICR similarly reduced body weight, waist circumference, fasting glucose, insulin, postprandial glucose variation, monocyte chemoattractant protein-1, free fatty acid, and fibroblast growth factor 21, whereas ILCD produced significantly different alterations in the following outcomes compared with ICR: greater increases in low-density lipopro",,,,,,,,,detail_hint,expansion_queue,pending,,,,,,,,,,,,,,,,,,,,,,,,,,,,,,,,,,,,,,,,,,,,,,,,,,,,,
PMID:40965226,PubMed,40965226,"Effects of a Probiotic Formulation Based on SF68, Phytosterols, and 6S-5-Methyltetrahydrofolic Acid on Body Composition, Biochemical Parameters, Gut Microbiota, and Gastrointestinal and General Symptoms of Overweight/Obese Subjects: The PrObesity Study.",waist,"While both groups showed significant (p < 0.05) improvements, the probiotic group showed greater reductions in waist circumference (-1.8 cm), fat mass (-1.8 kg; -1.7%), total cholesterol (-11 mg/dL), and LDL-cholesterol (-10.3 mg/dL), along with an increased HDL/LDL ratio (+0.1).",p < 0.05,,,,,,,,detail_hint,expansion_queue,pending,,,,,,,,,,,,,,,,,,,,,,,,,,,,,,,,,,,,,,,,,,,,,,,,,,,,,
PMID:40965226,PubMed,40965226,"Effects of a Probiotic Formulation Based on SF68, Phytosterols, and 6S-5-Methyltetrahydrofolic Acid on Body Composition, Biochemical Parameters, Gut Microbiota, and Gastrointestinal and General Symptoms of Overweight/Obese Subjects: The PrObesity Study.",body_fat,"While both groups showed significant (p < 0.05) improvements, the probiotic group showed greater reductions in waist circumference (-1.8 cm), fat mass (-1.8 kg; -1.7%), total cholesterol (-11 mg/dL), and LDL-cholesterol (-10.3 mg/dL), along with an increased HDL/LDL ratio (+0.1).",p < 0.05,,,,,,,,detail_hint,expansion_queue,pending,,,,,,,,,,,,,,,,,,,,,,,,,,,,,,,,,,,,,,,,,,,,,,,,,,,,,
PMID:40965226,PubMed,40965226,"Effects of a Probiotic Formulation Based on SF68, Phytosterols, and 6S-5-Methyltetrahydrofolic Acid on Body Composition, Biochemical Parameters, Gut Microbiota, and Gastrointestinal and General Symptoms of Overweight/Obese Subjects: The PrObesity Study.",glucose,"Both probiotic and placebo resulted in a significant reduction in HbA1c (-1.7 mmol/mol and -1.5 mmol/mol, respectively).",p < 0.05,,,,,,,,detail_hint,expansion_queue,pending,,,,,,,,,,,,,,,,,,,,,,,,,,,,,,,,,,,,,,,,,,,,,,,,,,,,,
PMID:40965226,PubMed,40965226,"Effects of a Probiotic Formulation Based on SF68, Phytosterols, and 6S-5-Methyltetrahydrofolic Acid on Body Composition, Biochemical Parameters, Gut Microbiota, and Gastrointestinal and General Symptoms of Overweight/Obese Subjects: The PrObesity Study.",lipid,Obesity and dyslipidemia are increasingly widespread.,p < 0.05,,,,,,,,detail_hint,expansion_queue,pending,,,,,,,,,,,,,,,,,,,,,,,,,,,,,,,,,,,,,,,,,,,,,,,,,,,,,
PMID:28596023,PubMed,28596023,Prebiotics Reduce Body Fat and Alter Intestinal Microbiota in Children Who Are Overweight or With Obesity.,weight,Prebiotics Reduce Body Fat and Alter Intestinal Microbiota in Children Who Are Overweight or With Obesity.,,,,,,,,n=22; n=20,detail_hint,expansion_queue,pending,,,,,,,,,,,,,,,,,,,,,,,,Lactobacillus and,,,16 weeks; 4 weeks; 12 weeks; 3 months; 2 weeks; 14 weeks; 3 days,18 subjects; 4 subjects; 42 subjects; 38 children,randomized; controlled trial; double-blind; placebo-controlled; clinical trial; double blind,prebiotic; diet; supplement; exercise; powder; synbiotic,P < .05; P < .01,Reduce Body Fat and Alter Intestinal Microbiota in Children Who Are Overweight or With Obesity A; reduce body weight; 8 g/day; change in percent body fat from baseline to 16 weeks; decreases in body weight z-score (decrease of 3; 1%; decrease of 2; 4%; decrease of 3; 8%; increase of 0; 5%; 05%; decrease of 0; 3%; decrease of 15%) compared with the placebo group (increase of 25%); decrease in serum triglycerides (decrease of 19%) in the OI group; increase in Biﬁdobacterium spp,"4Department of Biochemistry and Molecular Biology, University of Calgary, Calgary, Alberta, Canada BACKGROUND & AIMS: It might be possible to manipulate the intestinal microbiota with prebiotics or other agents to prevent or treat obesity. || Participants included children, 7 –12 years old, with overweight or obesity ( >85th percentile of body mass index) but otherwise healthy. || Height, weight, and waist circumference were measured at baseline and every 4 weeks thereafter. || Blood samples were collected at baseline and 16 weeks, and analyzed for lipids, cytokines, lipopolysaccharide, and insulin. || bile acids were pro ﬁled using high-performance liquid chromatography and the composition of the microbiota was analyzed by 16S rRNA sequencing and quantitative polymerase chain reaction. || The primary outcome was change in percent body fat from baseline to 16 weeks. || RESULTS: After 16 weeks, children who consumed OI had signi ﬁcant decreases in body weight z-score (decrease of 3.1%), percent body fat (decrease of 2.4%), and percent trunk fat (decrease of 3.8%) compared with children given placebo (increase of 0.5%, increase of 0.05%, and decrease of 0.3%, respectively).","Prebiotics Reduce Body Fat and Alter Intestinal Microbiota in Children Who Are Overweight or With Obesity Alissa C. Nicolucci, 1 Megan P. Hume, 1 Inés Martínez, 2 Shyamchand Mayengbam, 1 Jens Walter, 2,3 and Raylene A. Reimer 1,4 1Faculty of Kinesiology, University of Calgary, Calgary, Alberta, Canada; 2Department of Agricultural, Food and Nutritional Science, University of Alberta, Edmonton, Alberta, Canada; 3Department of Biological Sciences, University of Alberta, Edmonton, Alberta, Canada; 4Department of Biochemistry and Molecular Biology, University of Calgary, Calgary, Alberta, Canada BACKGROUND & AIMS: It might be possible to manipulate the intestinal microbiota with prebiotics or oth",ok,,PIIS0016508517356986.pdf,1.000,12,"9,10 These promising outcomes in adults justify the assessment of prebiotics as a dietary intervention to modulate gut microbiota and metabolic outcomes in pedi- atric obesity. || Prebiotics Induced Marginal Changes in Systemic In ﬂammation There was little change in the serum in ﬂammatory proﬁle within the prebiotic and placebo groups (Supplementary Table 1 ). || 30 Based on our 4-month intervention data, the annual projected body weight increase in the prebiotic group would be 3 kg, within the expected range, whereas the projected increase in the placebo group was 8 kg, almost triple the expected yearly increase. || The interac- tion of treatment and time signi ﬁcantly in ﬂuenced BMI (P ¼ .009) whereby there was no change in BMI within the prebiotic group compared with baseline, but at all 4 time points compared with baseline, BMI signi ﬁcantly increased in the placebo group ( Supplementary Figure 2 ). || Exclusion criteria included type 1 or 2 diabetes, liver disease, cardiovascular abnormal- ities, supplement or medication use in ﬂuencing appetite, weight or metabolism, currently following a weight loss diet, > 3 kg weight loss 12 weeks before the initial test day, extreme changes in exercise intensity 4 weeks prior, or anti- biotic use < 3 months prior. || IMPACT Prebiotics are a potential dietary intervention in children with overweight/obesity. || Prebiotics are inexpensive and non-invasive and, therefore, a plausible dietary intervention in the overweight and obese pediatric population. || aValues are mean ± SEM, n¼22 prebiotics and n¼20 placebo;","Actino- bacteria, the only observed phylum level change, signi ﬁ- cantly increased 1.4 fold ( P ¼ .008, FDR ¼0.217) and at the genus level Biﬁdobacterium abundance signi ﬁcantly increased. || The Shannon and Simpson Index, which were used to assess alpha-diversity, signi ﬁcantly decreased within both groups and no signi ﬁcant change in observed OTUs was detected within either group ( Table 4 ). || The interac- tion of treatment and time signi ﬁcantly in ﬂuenced BMI (P ¼ .009) whereby there was no change in BMI within the prebiotic group compared with baseline, but at all 4 time points compared with baseline, BMI signi ﬁcantly increased in the placebo group ( Supplementary Figure 2 ). || Characterization of Gut Microbial Changes Quantitative analysis of speci ﬁc taxa (qPCR) showed a within-group difference of increased Biﬁdobacterium spp. || 3 CLINICAL AT change in Ruminococcus gauvreauii (OTU_2376) (r s¼0.479, P ¼ .005). || There was a trend (P ¼ .088) for LPS to be decreased (-1.9 /C2 ) with OI intake and increased with placebo (1.4 /C2 ). || Between-group analysis did show a signiﬁcant reduction in interleukin (IL)-6 from baseline with OI, whereas placebo increased ( P ¼ .01). || OTU level analysis of within-group differences revealed OI signi ﬁcantly decreased Bacteroides vulgatus (OTU_2492, P ¼ .005, FDR ¼0.155) ( Table 4 ).","When assessing correlations with change in body composition, changes in body weight (r s¼0.414, P ¼ .012), fat mass (rs¼0.358, P ¼ .032), and BMI (r s¼0.373, P ¼ .025) were signi ﬁcantly and positively correlated with changes in OTU_2559 representing Clostridium clostridioforme and change in trunk body fat was signi ﬁcantly and positively correlated with change in Bacteroides vulgatus (OTU_2492) (rs¼0.494, P ¼ .002) and change in bacterium mpn-isolate (OTU_1554) (rs¼0.394, P ¼ .017). || Changes in Anthropometric Outcomes in Children (7 –12 Years) With Overweight and Obesity Consuming OI (Prebiotic) or Placebo for 16 Weeks a Outcome Prebiotics Placebo Between groups P valueInitial Final Within group P value Change Initial Final Within group P value Change Height ( cm) 148.1 ± 2.4 150.5 ± 2.4 <.001 2.3 ± 0.3 147.1 ± 2.8 149.1 ± 2.9 <.001 2.0 ± 0.2 .354 Height z-score 1.31 ± 0.24 1.37 ± 0.24 .139 0.06 ± 0.04 0.97 ± 0.22 0.99 ± 0.23 .481 0.03 ± 0.04 .509 Body weight ( kg) 58.5 ± 3.1 59.6 ± 3.1 .009 1. || 31 In the present study, the reduction in percent body fat observed in the subjects consuming OI was similarly observed by Abrams et al 13 as a reduction in total fat mass in normal weight and overweight children consuming 8 g of OI with supplemental calcium for a year. || RESULTS: After 16 weeks, children who consumed OI had signi ﬁcant decreases in body weight z-score (decrease of 3.1%), percent body fat (decrease of 2.4%), and percent trunk fat (decrease of 3.8%) compared with children given placebo (increase of 0.5%, increase of 0.05%, and decrease of 0.3%, respectively). || Male 12 12 .721 Female 10 8 Age, y 10.4 ± 0.3 10.2 ± 0.4 .724 Body weight, kg 58.5 ± 3.1 59.6 ± 4.5 .837 Body weight z-score 2.25 ± 0.12 2.14 ± 0.16 .573 Height, cm 148.1 ± 2.4 147.1 ± 2.8 .783 Height z-score 1.31 ± 0.24 0.97 ± 0.22 .304 BMI, kg/m2 26.3 ± 0.7 26.9 ± 1.3 .653 % Total body fat 42.5 ± 1.3 41.8 ± 1.2 .688 Abbreviations: z-score, standard score; || At the end of the trial, howev- er, 4 of the subjects in the prebiotic group (3 male, 1 female, baseline BMI 29.0 ± 2.9 kg/m 2, baseline percent total body fat 46.7 ± 2.2%, baseline trunk fat 46.7 ± 2.2%, baseline HOMA2-IR 2.5 ± 0.2), compared with zero in the placebo group, were no longer classi ﬁed as insulin-resistant as deﬁned by HOMA2-IR (HOMA2-IR > 2.10).28 Fecal Bile Acids Primary FBAs, cholic acid and chenodeoxycholic acid (CDCA) were signi ﬁcantly different between the OI and placebo group after adjusting || in particular, body weight is expected to increase 2 –3k g annually. || The primary outcome was change in percent body fat from baseline to 16 weeks.","42 There was also a positive correlation between CDCA% and BMI, HbA1c, LDL-cholesterol, and tri- glycerides. || There was a signi ﬁcant decrease in serum triglycerides (decrease of 19%) in the OI group. || There were no differences in fasting glucose, insulin, or HOMA2-IR within or between groups. || Blood samples were collected at baseline and 16 weeks, and analyzed for lipids, cytokines, lipopolysaccharide, and insulin. || In a systematic review of clinical trials, prebiotic intake was associated with a signi ﬁcant improvement in satiety, postprandial glucose, and insulin concentrations in adult subjects8. || At the end of the trial, howev- er, 4 of the subjects in the prebiotic group (3 male, 1 female, baseline BMI 29.0 ± 2.9 kg/m 2, baseline percent total body fat 46.7 ± 2.2%, baseline trunk fat 46.7 ± 2.2%, baseline HOMA2-IR 2.5 ± 0.2), compared with zero in the placebo group, were no longer classi ﬁed as insulin-resistant as deﬁned by HOMA2-IR (HOMA2-IR > 2.10).28 Fecal Bile Acids Primary FBAs, cholic acid and chenodeoxycholic acid (CDCA) were signi ﬁcantly different between the OI and placebo group after adjusting || * P < .05 and †P < .01 with independent t-test between the 2 groups. || Therefore, our objective was to assess the ef- fect of prebiotic supplementation on gut microbiota, FBAs, and associated metabolic outcomes (body composition, serum in ﬂammatory markers, lipid pro ﬁle, and fasting glucose and insulin concentrations) in otherwise healthy children with overweight and obesity.","Parametric tests were used to compare baseline measurements (independent t-test), between-group differences using mean September 2017 Prebiotic and Microbiota in Pediatric Obesity 713 CLINICAL AT differences from the 2 time points (independent t-test) and within-group differences (dependent t-test). || val.) Phyla Actinobacteria 8.6 ± 4.7 13.5 ± 8.6 .008 (.217) 9.4 ± 5.5 9.5 ± 6.4 .410 (.938) Bacteroidetes 14.7 ± 8.6 16.7 ± 14.8 .663 (.913) 14.7 ± 9.5 19.1 ± 14.2 .244 (.900) Firmicutes 68.6 ± 8.5 62.8 ± 13.5 .338 (.842) 68.0 ± 7.9 63.8 ± 13.2 .201 (.881) Proteobacteria 4.8 ± 2.4 4.0 ± 2.1 .151 (.704) 4.5 ± 2.5 4.2 ± 2.2 .379 (.933) Verrucomicrobia 0.6 ± 0.8 0.6 ± 0.9 .887 (.933) 1.1 ± 2.7 1.7 ± 3.4 .754 (.965) Genera Actinomyces 0.017 ± 0.016 0.016 ± 0.017 .408 (.866) 0.020 ± 0.016 0.009 ± 0.008 .018 (.487) Biﬁdo || Microbiota and SCFA in lean and overweight healthy subjects. || * P < .05 and †P < .01 with independent t-test between the 2 groups. || Pediatric obesity is associated with an altered gut microbiota and discordant shifts in Firmicutes populations. || Fecal samples were collected at baseline and 16 weeks; || aValues are mean ± SEM, n¼22 prebiotics and n¼20 placebo; || aValues are mean ± SEM, n¼22 for prebiotic and n¼19 for placebo.","* P < .05 and †P < .01 with independent t-test between the 2 groups. || Fecal samples were collected at baseline and 16 weeks; || aValues are mean ± SEM, n¼22 prebiotics and n¼20 placebo; || aValues are mean ± SEM, n¼22 for prebiotic and n¼19 for placebo. || aValues are mean ± SEM, n¼16 for prebiotic and n¼13 for placebo.","baseline and every 4 || baseline and 16 || change in percent body fat from baseline to 16 || decrease of 3.1% || decrease of 2.4% || decrease of 3.8% || increase of 0.5% || increase of 0.05% || decrease of 0.3% || reduction in level of interleukin 6 || baseline (decrease of 15% || increase of 25% || decrease in serum triglycerides (decrease of 19% || reduction in percent body fat with 80% || baseline measurements (independent t-test), between-group differences using mean September 2017 || baseline characteristics between the groups ( Table 1 || increase was signi ﬁcantly higher in placebo (2.4 || change in BMI within the prebiotic group compared with baseline, but at all 4","Prebiotics Reduce Body Fat and Alter Intestinal Microbiota in Children Who Are Overweight or With Obesity Alissa C. Nicolucci, 1 Megan P. Hume, 1 Inés Martínez, 2 Shyamchand Mayengbam, 1 Jens Walter, 2,3 and Raylene A. Reimer 1,4 1Faculty of Kinesiology, University of Calgary, Calgary, Alberta, Canada; 2Department of Agricultural, Food and Nutritional Science, University of Alberta, Edmonton, Alberta, Canada; 3Depart",placebo || inulin || prebiotic || diet || intervention || control || exercise || synbiotic,8 g/day || 05.055 G || 3.3 g/day || 20 mg || 12 mg || 21 G || 2 g || 8 g || 10 g/day,16 weeks || 4 weeks || 12 weeks || 3 months || 2 weeks || 14 weeks || 3 days,18 subjects || 4 subjects || 42 subjects || 38 children,ok,
PMID:28596023,PubMed,28596023,Prebiotics Reduce Body Fat and Alter Intestinal Microbiota in Children Who Are Overweight or With Obesity.,body_fat,Prebiotics Reduce Body Fat and Alter Intestinal Microbiota in Children Who Are Overweight or With Obesity.,,,,,,,,n=22; n=20,detail_hint,expansion_queue,pending,,,,,,,,,,,,,,,,,,,,,,,,Lactobacillus and,,,16 weeks; 4 weeks; 12 weeks; 3 months; 2 weeks; 14 weeks; 3 days,18 subjects; 4 subjects; 42 subjects; 38 children,randomized; controlled trial; double-blind; placebo-controlled; clinical trial; double blind,prebiotic; diet; supplement; exercise; powder; synbiotic,P < .05; P < .01,Reduce Body Fat and Alter Intestinal Microbiota in Children Who Are Overweight or With Obesity A; reduce body weight; 8 g/day; change in percent body fat from baseline to 16 weeks; decreases in body weight z-score (decrease of 3; 1%; decrease of 2; 4%; decrease of 3; 8%; increase of 0; 5%; 05%; decrease of 0; 3%; decrease of 15%) compared with the placebo group (increase of 25%); decrease in serum triglycerides (decrease of 19%) in the OI group; increase in Biﬁdobacterium spp,"4Department of Biochemistry and Molecular Biology, University of Calgary, Calgary, Alberta, Canada BACKGROUND & AIMS: It might be possible to manipulate the intestinal microbiota with prebiotics or other agents to prevent or treat obesity. || Participants included children, 7 –12 years old, with overweight or obesity ( >85th percentile of body mass index) but otherwise healthy. || Height, weight, and waist circumference were measured at baseline and every 4 weeks thereafter. || Blood samples were collected at baseline and 16 weeks, and analyzed for lipids, cytokines, lipopolysaccharide, and insulin. || bile acids were pro ﬁled using high-performance liquid chromatography and the composition of the microbiota was analyzed by 16S rRNA sequencing and quantitative polymerase chain reaction. || The primary outcome was change in percent body fat from baseline to 16 weeks. || RESULTS: After 16 weeks, children who consumed OI had signi ﬁcant decreases in body weight z-score (decrease of 3.1%), percent body fat (decrease of 2.4%), and percent trunk fat (decrease of 3.8%) compared with children given placebo (increase of 0.5%, increase of 0.05%, and decrease of 0.3%, respectively).","Prebiotics Reduce Body Fat and Alter Intestinal Microbiota in Children Who Are Overweight or With Obesity Alissa C. Nicolucci, 1 Megan P. Hume, 1 Inés Martínez, 2 Shyamchand Mayengbam, 1 Jens Walter, 2,3 and Raylene A. Reimer 1,4 1Faculty of Kinesiology, University of Calgary, Calgary, Alberta, Canada; 2Department of Agricultural, Food and Nutritional Science, University of Alberta, Edmonton, Alberta, Canada; 3Department of Biological Sciences, University of Alberta, Edmonton, Alberta, Canada; 4Department of Biochemistry and Molecular Biology, University of Calgary, Calgary, Alberta, Canada BACKGROUND & AIMS: It might be possible to manipulate the intestinal microbiota with prebiotics or oth",ok,,PIIS0016508517356986.pdf,1.000,12,"9,10 These promising outcomes in adults justify the assessment of prebiotics as a dietary intervention to modulate gut microbiota and metabolic outcomes in pedi- atric obesity. || Prebiotics Induced Marginal Changes in Systemic In ﬂammation There was little change in the serum in ﬂammatory proﬁle within the prebiotic and placebo groups (Supplementary Table 1 ). || 30 Based on our 4-month intervention data, the annual projected body weight increase in the prebiotic group would be 3 kg, within the expected range, whereas the projected increase in the placebo group was 8 kg, almost triple the expected yearly increase. || The interac- tion of treatment and time signi ﬁcantly in ﬂuenced BMI (P ¼ .009) whereby there was no change in BMI within the prebiotic group compared with baseline, but at all 4 time points compared with baseline, BMI signi ﬁcantly increased in the placebo group ( Supplementary Figure 2 ). || Exclusion criteria included type 1 or 2 diabetes, liver disease, cardiovascular abnormal- ities, supplement or medication use in ﬂuencing appetite, weight or metabolism, currently following a weight loss diet, > 3 kg weight loss 12 weeks before the initial test day, extreme changes in exercise intensity 4 weeks prior, or anti- biotic use < 3 months prior. || IMPACT Prebiotics are a potential dietary intervention in children with overweight/obesity. || Prebiotics are inexpensive and non-invasive and, therefore, a plausible dietary intervention in the overweight and obese pediatric population. || aValues are mean ± SEM, n¼22 prebiotics and n¼20 placebo;","Actino- bacteria, the only observed phylum level change, signi ﬁ- cantly increased 1.4 fold ( P ¼ .008, FDR ¼0.217) and at the genus level Biﬁdobacterium abundance signi ﬁcantly increased. || The Shannon and Simpson Index, which were used to assess alpha-diversity, signi ﬁcantly decreased within both groups and no signi ﬁcant change in observed OTUs was detected within either group ( Table 4 ). || The interac- tion of treatment and time signi ﬁcantly in ﬂuenced BMI (P ¼ .009) whereby there was no change in BMI within the prebiotic group compared with baseline, but at all 4 time points compared with baseline, BMI signi ﬁcantly increased in the placebo group ( Supplementary Figure 2 ). || Characterization of Gut Microbial Changes Quantitative analysis of speci ﬁc taxa (qPCR) showed a within-group difference of increased Biﬁdobacterium spp. || 3 CLINICAL AT change in Ruminococcus gauvreauii (OTU_2376) (r s¼0.479, P ¼ .005). || There was a trend (P ¼ .088) for LPS to be decreased (-1.9 /C2 ) with OI intake and increased with placebo (1.4 /C2 ). || Between-group analysis did show a signiﬁcant reduction in interleukin (IL)-6 from baseline with OI, whereas placebo increased ( P ¼ .01). || OTU level analysis of within-group differences revealed OI signi ﬁcantly decreased Bacteroides vulgatus (OTU_2492, P ¼ .005, FDR ¼0.155) ( Table 4 ).","When assessing correlations with change in body composition, changes in body weight (r s¼0.414, P ¼ .012), fat mass (rs¼0.358, P ¼ .032), and BMI (r s¼0.373, P ¼ .025) were signi ﬁcantly and positively correlated with changes in OTU_2559 representing Clostridium clostridioforme and change in trunk body fat was signi ﬁcantly and positively correlated with change in Bacteroides vulgatus (OTU_2492) (rs¼0.494, P ¼ .002) and change in bacterium mpn-isolate (OTU_1554) (rs¼0.394, P ¼ .017). || Changes in Anthropometric Outcomes in Children (7 –12 Years) With Overweight and Obesity Consuming OI (Prebiotic) or Placebo for 16 Weeks a Outcome Prebiotics Placebo Between groups P valueInitial Final Within group P value Change Initial Final Within group P value Change Height ( cm) 148.1 ± 2.4 150.5 ± 2.4 <.001 2.3 ± 0.3 147.1 ± 2.8 149.1 ± 2.9 <.001 2.0 ± 0.2 .354 Height z-score 1.31 ± 0.24 1.37 ± 0.24 .139 0.06 ± 0.04 0.97 ± 0.22 0.99 ± 0.23 .481 0.03 ± 0.04 .509 Body weight ( kg) 58.5 ± 3.1 59.6 ± 3.1 .009 1. || 31 In the present study, the reduction in percent body fat observed in the subjects consuming OI was similarly observed by Abrams et al 13 as a reduction in total fat mass in normal weight and overweight children consuming 8 g of OI with supplemental calcium for a year. || RESULTS: After 16 weeks, children who consumed OI had signi ﬁcant decreases in body weight z-score (decrease of 3.1%), percent body fat (decrease of 2.4%), and percent trunk fat (decrease of 3.8%) compared with children given placebo (increase of 0.5%, increase of 0.05%, and decrease of 0.3%, respectively). || Male 12 12 .721 Female 10 8 Age, y 10.4 ± 0.3 10.2 ± 0.4 .724 Body weight, kg 58.5 ± 3.1 59.6 ± 4.5 .837 Body weight z-score 2.25 ± 0.12 2.14 ± 0.16 .573 Height, cm 148.1 ± 2.4 147.1 ± 2.8 .783 Height z-score 1.31 ± 0.24 0.97 ± 0.22 .304 BMI, kg/m2 26.3 ± 0.7 26.9 ± 1.3 .653 % Total body fat 42.5 ± 1.3 41.8 ± 1.2 .688 Abbreviations: z-score, standard score; || At the end of the trial, howev- er, 4 of the subjects in the prebiotic group (3 male, 1 female, baseline BMI 29.0 ± 2.9 kg/m 2, baseline percent total body fat 46.7 ± 2.2%, baseline trunk fat 46.7 ± 2.2%, baseline HOMA2-IR 2.5 ± 0.2), compared with zero in the placebo group, were no longer classi ﬁed as insulin-resistant as deﬁned by HOMA2-IR (HOMA2-IR > 2.10).28 Fecal Bile Acids Primary FBAs, cholic acid and chenodeoxycholic acid (CDCA) were signi ﬁcantly different between the OI and placebo group after adjusting || in particular, body weight is expected to increase 2 –3k g annually. || The primary outcome was change in percent body fat from baseline to 16 weeks.","42 There was also a positive correlation between CDCA% and BMI, HbA1c, LDL-cholesterol, and tri- glycerides. || There was a signi ﬁcant decrease in serum triglycerides (decrease of 19%) in the OI group. || There were no differences in fasting glucose, insulin, or HOMA2-IR within or between groups. || Blood samples were collected at baseline and 16 weeks, and analyzed for lipids, cytokines, lipopolysaccharide, and insulin. || In a systematic review of clinical trials, prebiotic intake was associated with a signi ﬁcant improvement in satiety, postprandial glucose, and insulin concentrations in adult subjects8. || At the end of the trial, howev- er, 4 of the subjects in the prebiotic group (3 male, 1 female, baseline BMI 29.0 ± 2.9 kg/m 2, baseline percent total body fat 46.7 ± 2.2%, baseline trunk fat 46.7 ± 2.2%, baseline HOMA2-IR 2.5 ± 0.2), compared with zero in the placebo group, were no longer classi ﬁed as insulin-resistant as deﬁned by HOMA2-IR (HOMA2-IR > 2.10).28 Fecal Bile Acids Primary FBAs, cholic acid and chenodeoxycholic acid (CDCA) were signi ﬁcantly different between the OI and placebo group after adjusting || * P < .05 and †P < .01 with independent t-test between the 2 groups. || Therefore, our objective was to assess the ef- fect of prebiotic supplementation on gut microbiota, FBAs, and associated metabolic outcomes (body composition, serum in ﬂammatory markers, lipid pro ﬁle, and fasting glucose and insulin concentrations) in otherwise healthy children with overweight and obesity.","Parametric tests were used to compare baseline measurements (independent t-test), between-group differences using mean September 2017 Prebiotic and Microbiota in Pediatric Obesity 713 CLINICAL AT differences from the 2 time points (independent t-test) and within-group differences (dependent t-test). || val.) Phyla Actinobacteria 8.6 ± 4.7 13.5 ± 8.6 .008 (.217) 9.4 ± 5.5 9.5 ± 6.4 .410 (.938) Bacteroidetes 14.7 ± 8.6 16.7 ± 14.8 .663 (.913) 14.7 ± 9.5 19.1 ± 14.2 .244 (.900) Firmicutes 68.6 ± 8.5 62.8 ± 13.5 .338 (.842) 68.0 ± 7.9 63.8 ± 13.2 .201 (.881) Proteobacteria 4.8 ± 2.4 4.0 ± 2.1 .151 (.704) 4.5 ± 2.5 4.2 ± 2.2 .379 (.933) Verrucomicrobia 0.6 ± 0.8 0.6 ± 0.9 .887 (.933) 1.1 ± 2.7 1.7 ± 3.4 .754 (.965) Genera Actinomyces 0.017 ± 0.016 0.016 ± 0.017 .408 (.866) 0.020 ± 0.016 0.009 ± 0.008 .018 (.487) Biﬁdo || Microbiota and SCFA in lean and overweight healthy subjects. || * P < .05 and †P < .01 with independent t-test between the 2 groups. || Pediatric obesity is associated with an altered gut microbiota and discordant shifts in Firmicutes populations. || Fecal samples were collected at baseline and 16 weeks; || aValues are mean ± SEM, n¼22 prebiotics and n¼20 placebo; || aValues are mean ± SEM, n¼22 for prebiotic and n¼19 for placebo.","* P < .05 and †P < .01 with independent t-test between the 2 groups. || Fecal samples were collected at baseline and 16 weeks; || aValues are mean ± SEM, n¼22 prebiotics and n¼20 placebo; || aValues are mean ± SEM, n¼22 for prebiotic and n¼19 for placebo. || aValues are mean ± SEM, n¼16 for prebiotic and n¼13 for placebo.","baseline and every 4 || baseline and 16 || change in percent body fat from baseline to 16 || decrease of 3.1% || decrease of 2.4% || decrease of 3.8% || increase of 0.5% || increase of 0.05% || decrease of 0.3% || reduction in level of interleukin 6 || baseline (decrease of 15% || increase of 25% || decrease in serum triglycerides (decrease of 19% || reduction in percent body fat with 80% || baseline measurements (independent t-test), between-group differences using mean September 2017 || baseline characteristics between the groups ( Table 1 || increase was signi ﬁcantly higher in placebo (2.4 || change in BMI within the prebiotic group compared with baseline, but at all 4","Prebiotics Reduce Body Fat and Alter Intestinal Microbiota in Children Who Are Overweight or With Obesity Alissa C. Nicolucci, 1 Megan P. Hume, 1 Inés Martínez, 2 Shyamchand Mayengbam, 1 Jens Walter, 2,3 and Raylene A. Reimer 1,4 1Faculty of Kinesiology, University of Calgary, Calgary, Alberta, Canada; 2Department of Agricultural, Food and Nutritional Science, University of Alberta, Edmonton, Alberta, Canada; 3Depart",placebo || inulin || prebiotic || diet || intervention || control || exercise || synbiotic,8 g/day || 05.055 G || 3.3 g/day || 20 mg || 12 mg || 21 G || 2 g || 8 g || 10 g/day,16 weeks || 4 weeks || 12 weeks || 3 months || 2 weeks || 14 weeks || 3 days,18 subjects || 4 subjects || 42 subjects || 38 children,ok,
PMID:28596023,PubMed,28596023,Prebiotics Reduce Body Fat and Alter Intestinal Microbiota in Children Who Are Overweight or With Obesity.,lipid,There was a significant decrease in serum triglycerides (decrease of 19%) in the OI group.,,,,,,,,n=22; n=20,detail_hint,expansion_queue,pending,,,,,,,,,,,,,,,,,,,,,,,,Lactobacillus and,,,16 weeks; 4 weeks; 12 weeks; 3 months; 2 weeks; 14 weeks; 3 days,18 subjects; 4 subjects; 42 subjects; 38 children,randomized; controlled trial; double-blind; placebo-controlled; clinical trial; double blind,prebiotic; diet; supplement; exercise; powder; synbiotic,P < .05; P < .01,Reduce Body Fat and Alter Intestinal Microbiota in Children Who Are Overweight or With Obesity A; reduce body weight; 8 g/day; change in percent body fat from baseline to 16 weeks; decreases in body weight z-score (decrease of 3; 1%; decrease of 2; 4%; decrease of 3; 8%; increase of 0; 5%; 05%; decrease of 0; 3%; decrease of 15%) compared with the placebo group (increase of 25%); decrease in serum triglycerides (decrease of 19%) in the OI group; increase in Biﬁdobacterium spp,"4Department of Biochemistry and Molecular Biology, University of Calgary, Calgary, Alberta, Canada BACKGROUND & AIMS: It might be possible to manipulate the intestinal microbiota with prebiotics or other agents to prevent or treat obesity. || Participants included children, 7 –12 years old, with overweight or obesity ( >85th percentile of body mass index) but otherwise healthy. || Height, weight, and waist circumference were measured at baseline and every 4 weeks thereafter. || Blood samples were collected at baseline and 16 weeks, and analyzed for lipids, cytokines, lipopolysaccharide, and insulin. || bile acids were pro ﬁled using high-performance liquid chromatography and the composition of the microbiota was analyzed by 16S rRNA sequencing and quantitative polymerase chain reaction. || The primary outcome was change in percent body fat from baseline to 16 weeks. || RESULTS: After 16 weeks, children who consumed OI had signi ﬁcant decreases in body weight z-score (decrease of 3.1%), percent body fat (decrease of 2.4%), and percent trunk fat (decrease of 3.8%) compared with children given placebo (increase of 0.5%, increase of 0.05%, and decrease of 0.3%, respectively).","Prebiotics Reduce Body Fat and Alter Intestinal Microbiota in Children Who Are Overweight or With Obesity Alissa C. Nicolucci, 1 Megan P. Hume, 1 Inés Martínez, 2 Shyamchand Mayengbam, 1 Jens Walter, 2,3 and Raylene A. Reimer 1,4 1Faculty of Kinesiology, University of Calgary, Calgary, Alberta, Canada; 2Department of Agricultural, Food and Nutritional Science, University of Alberta, Edmonton, Alberta, Canada; 3Department of Biological Sciences, University of Alberta, Edmonton, Alberta, Canada; 4Department of Biochemistry and Molecular Biology, University of Calgary, Calgary, Alberta, Canada BACKGROUND & AIMS: It might be possible to manipulate the intestinal microbiota with prebiotics or oth",ok,,PIIS0016508517356986.pdf,1.000,12,"9,10 These promising outcomes in adults justify the assessment of prebiotics as a dietary intervention to modulate gut microbiota and metabolic outcomes in pedi- atric obesity. || Prebiotics Induced Marginal Changes in Systemic In ﬂammation There was little change in the serum in ﬂammatory proﬁle within the prebiotic and placebo groups (Supplementary Table 1 ). || 30 Based on our 4-month intervention data, the annual projected body weight increase in the prebiotic group would be 3 kg, within the expected range, whereas the projected increase in the placebo group was 8 kg, almost triple the expected yearly increase. || The interac- tion of treatment and time signi ﬁcantly in ﬂuenced BMI (P ¼ .009) whereby there was no change in BMI within the prebiotic group compared with baseline, but at all 4 time points compared with baseline, BMI signi ﬁcantly increased in the placebo group ( Supplementary Figure 2 ). || Exclusion criteria included type 1 or 2 diabetes, liver disease, cardiovascular abnormal- ities, supplement or medication use in ﬂuencing appetite, weight or metabolism, currently following a weight loss diet, > 3 kg weight loss 12 weeks before the initial test day, extreme changes in exercise intensity 4 weeks prior, or anti- biotic use < 3 months prior. || IMPACT Prebiotics are a potential dietary intervention in children with overweight/obesity. || Prebiotics are inexpensive and non-invasive and, therefore, a plausible dietary intervention in the overweight and obese pediatric population. || aValues are mean ± SEM, n¼22 prebiotics and n¼20 placebo;","Actino- bacteria, the only observed phylum level change, signi ﬁ- cantly increased 1.4 fold ( P ¼ .008, FDR ¼0.217) and at the genus level Biﬁdobacterium abundance signi ﬁcantly increased. || The Shannon and Simpson Index, which were used to assess alpha-diversity, signi ﬁcantly decreased within both groups and no signi ﬁcant change in observed OTUs was detected within either group ( Table 4 ). || The interac- tion of treatment and time signi ﬁcantly in ﬂuenced BMI (P ¼ .009) whereby there was no change in BMI within the prebiotic group compared with baseline, but at all 4 time points compared with baseline, BMI signi ﬁcantly increased in the placebo group ( Supplementary Figure 2 ). || Characterization of Gut Microbial Changes Quantitative analysis of speci ﬁc taxa (qPCR) showed a within-group difference of increased Biﬁdobacterium spp. || 3 CLINICAL AT change in Ruminococcus gauvreauii (OTU_2376) (r s¼0.479, P ¼ .005). || There was a trend (P ¼ .088) for LPS to be decreased (-1.9 /C2 ) with OI intake and increased with placebo (1.4 /C2 ). || Between-group analysis did show a signiﬁcant reduction in interleukin (IL)-6 from baseline with OI, whereas placebo increased ( P ¼ .01). || OTU level analysis of within-group differences revealed OI signi ﬁcantly decreased Bacteroides vulgatus (OTU_2492, P ¼ .005, FDR ¼0.155) ( Table 4 ).","When assessing correlations with change in body composition, changes in body weight (r s¼0.414, P ¼ .012), fat mass (rs¼0.358, P ¼ .032), and BMI (r s¼0.373, P ¼ .025) were signi ﬁcantly and positively correlated with changes in OTU_2559 representing Clostridium clostridioforme and change in trunk body fat was signi ﬁcantly and positively correlated with change in Bacteroides vulgatus (OTU_2492) (rs¼0.494, P ¼ .002) and change in bacterium mpn-isolate (OTU_1554) (rs¼0.394, P ¼ .017). || Changes in Anthropometric Outcomes in Children (7 –12 Years) With Overweight and Obesity Consuming OI (Prebiotic) or Placebo for 16 Weeks a Outcome Prebiotics Placebo Between groups P valueInitial Final Within group P value Change Initial Final Within group P value Change Height ( cm) 148.1 ± 2.4 150.5 ± 2.4 <.001 2.3 ± 0.3 147.1 ± 2.8 149.1 ± 2.9 <.001 2.0 ± 0.2 .354 Height z-score 1.31 ± 0.24 1.37 ± 0.24 .139 0.06 ± 0.04 0.97 ± 0.22 0.99 ± 0.23 .481 0.03 ± 0.04 .509 Body weight ( kg) 58.5 ± 3.1 59.6 ± 3.1 .009 1. || 31 In the present study, the reduction in percent body fat observed in the subjects consuming OI was similarly observed by Abrams et al 13 as a reduction in total fat mass in normal weight and overweight children consuming 8 g of OI with supplemental calcium for a year. || RESULTS: After 16 weeks, children who consumed OI had signi ﬁcant decreases in body weight z-score (decrease of 3.1%), percent body fat (decrease of 2.4%), and percent trunk fat (decrease of 3.8%) compared with children given placebo (increase of 0.5%, increase of 0.05%, and decrease of 0.3%, respectively). || Male 12 12 .721 Female 10 8 Age, y 10.4 ± 0.3 10.2 ± 0.4 .724 Body weight, kg 58.5 ± 3.1 59.6 ± 4.5 .837 Body weight z-score 2.25 ± 0.12 2.14 ± 0.16 .573 Height, cm 148.1 ± 2.4 147.1 ± 2.8 .783 Height z-score 1.31 ± 0.24 0.97 ± 0.22 .304 BMI, kg/m2 26.3 ± 0.7 26.9 ± 1.3 .653 % Total body fat 42.5 ± 1.3 41.8 ± 1.2 .688 Abbreviations: z-score, standard score; || At the end of the trial, howev- er, 4 of the subjects in the prebiotic group (3 male, 1 female, baseline BMI 29.0 ± 2.9 kg/m 2, baseline percent total body fat 46.7 ± 2.2%, baseline trunk fat 46.7 ± 2.2%, baseline HOMA2-IR 2.5 ± 0.2), compared with zero in the placebo group, were no longer classi ﬁed as insulin-resistant as deﬁned by HOMA2-IR (HOMA2-IR > 2.10).28 Fecal Bile Acids Primary FBAs, cholic acid and chenodeoxycholic acid (CDCA) were signi ﬁcantly different between the OI and placebo group after adjusting || in particular, body weight is expected to increase 2 –3k g annually. || The primary outcome was change in percent body fat from baseline to 16 weeks.","42 There was also a positive correlation between CDCA% and BMI, HbA1c, LDL-cholesterol, and tri- glycerides. || There was a signi ﬁcant decrease in serum triglycerides (decrease of 19%) in the OI group. || There were no differences in fasting glucose, insulin, or HOMA2-IR within or between groups. || Blood samples were collected at baseline and 16 weeks, and analyzed for lipids, cytokines, lipopolysaccharide, and insulin. || In a systematic review of clinical trials, prebiotic intake was associated with a signi ﬁcant improvement in satiety, postprandial glucose, and insulin concentrations in adult subjects8. || At the end of the trial, howev- er, 4 of the subjects in the prebiotic group (3 male, 1 female, baseline BMI 29.0 ± 2.9 kg/m 2, baseline percent total body fat 46.7 ± 2.2%, baseline trunk fat 46.7 ± 2.2%, baseline HOMA2-IR 2.5 ± 0.2), compared with zero in the placebo group, were no longer classi ﬁed as insulin-resistant as deﬁned by HOMA2-IR (HOMA2-IR > 2.10).28 Fecal Bile Acids Primary FBAs, cholic acid and chenodeoxycholic acid (CDCA) were signi ﬁcantly different between the OI and placebo group after adjusting || * P < .05 and †P < .01 with independent t-test between the 2 groups. || Therefore, our objective was to assess the ef- fect of prebiotic supplementation on gut microbiota, FBAs, and associated metabolic outcomes (body composition, serum in ﬂammatory markers, lipid pro ﬁle, and fasting glucose and insulin concentrations) in otherwise healthy children with overweight and obesity.","Parametric tests were used to compare baseline measurements (independent t-test), between-group differences using mean September 2017 Prebiotic and Microbiota in Pediatric Obesity 713 CLINICAL AT differences from the 2 time points (independent t-test) and within-group differences (dependent t-test). || val.) Phyla Actinobacteria 8.6 ± 4.7 13.5 ± 8.6 .008 (.217) 9.4 ± 5.5 9.5 ± 6.4 .410 (.938) Bacteroidetes 14.7 ± 8.6 16.7 ± 14.8 .663 (.913) 14.7 ± 9.5 19.1 ± 14.2 .244 (.900) Firmicutes 68.6 ± 8.5 62.8 ± 13.5 .338 (.842) 68.0 ± 7.9 63.8 ± 13.2 .201 (.881) Proteobacteria 4.8 ± 2.4 4.0 ± 2.1 .151 (.704) 4.5 ± 2.5 4.2 ± 2.2 .379 (.933) Verrucomicrobia 0.6 ± 0.8 0.6 ± 0.9 .887 (.933) 1.1 ± 2.7 1.7 ± 3.4 .754 (.965) Genera Actinomyces 0.017 ± 0.016 0.016 ± 0.017 .408 (.866) 0.020 ± 0.016 0.009 ± 0.008 .018 (.487) Biﬁdo || Microbiota and SCFA in lean and overweight healthy subjects. || * P < .05 and †P < .01 with independent t-test between the 2 groups. || Pediatric obesity is associated with an altered gut microbiota and discordant shifts in Firmicutes populations. || Fecal samples were collected at baseline and 16 weeks; || aValues are mean ± SEM, n¼22 prebiotics and n¼20 placebo; || aValues are mean ± SEM, n¼22 for prebiotic and n¼19 for placebo.","* P < .05 and †P < .01 with independent t-test between the 2 groups. || Fecal samples were collected at baseline and 16 weeks; || aValues are mean ± SEM, n¼22 prebiotics and n¼20 placebo; || aValues are mean ± SEM, n¼22 for prebiotic and n¼19 for placebo. || aValues are mean ± SEM, n¼16 for prebiotic and n¼13 for placebo.","baseline and every 4 || baseline and 16 || change in percent body fat from baseline to 16 || decrease of 3.1% || decrease of 2.4% || decrease of 3.8% || increase of 0.5% || increase of 0.05% || decrease of 0.3% || reduction in level of interleukin 6 || baseline (decrease of 15% || increase of 25% || decrease in serum triglycerides (decrease of 19% || reduction in percent body fat with 80% || baseline measurements (independent t-test), between-group differences using mean September 2017 || baseline characteristics between the groups ( Table 1 || increase was signi ﬁcantly higher in placebo (2.4 || change in BMI within the prebiotic group compared with baseline, but at all 4","Prebiotics Reduce Body Fat and Alter Intestinal Microbiota in Children Who Are Overweight or With Obesity Alissa C. Nicolucci, 1 Megan P. Hume, 1 Inés Martínez, 2 Shyamchand Mayengbam, 1 Jens Walter, 2,3 and Raylene A. Reimer 1,4 1Faculty of Kinesiology, University of Calgary, Calgary, Alberta, Canada; 2Department of Agricultural, Food and Nutritional Science, University of Alberta, Edmonton, Alberta, Canada; 3Depart",placebo || inulin || prebiotic || diet || intervention || control || exercise || synbiotic,8 g/day || 05.055 G || 3.3 g/day || 20 mg || 12 mg || 21 G || 2 g || 8 g || 10 g/day,16 weeks || 4 weeks || 12 weeks || 3 months || 2 weeks || 14 weeks || 3 days,18 subjects || 4 subjects || 42 subjects || 38 children,ok,
PMID:28596023,PubMed,28596023,Prebiotics Reduce Body Fat and Alter Intestinal Microbiota in Children Who Are Overweight or With Obesity.,microbiome,Prebiotics Reduce Body Fat and Alter Intestinal Microbiota in Children Who Are Overweight or With Obesity.,,,,,,,,n=22; n=20,detail_hint,expansion_queue,pending,,,,,,,,,,,,,,,,,,,,,,,,Lactobacillus and,,,16 weeks; 4 weeks; 12 weeks; 3 months; 2 weeks; 14 weeks; 3 days,18 subjects; 4 subjects; 42 subjects; 38 children,randomized; controlled trial; double-blind; placebo-controlled; clinical trial; double blind,prebiotic; diet; supplement; exercise; powder; synbiotic,P < .05; P < .01,Reduce Body Fat and Alter Intestinal Microbiota in Children Who Are Overweight or With Obesity A; reduce body weight; 8 g/day; change in percent body fat from baseline to 16 weeks; decreases in body weight z-score (decrease of 3; 1%; decrease of 2; 4%; decrease of 3; 8%; increase of 0; 5%; 05%; decrease of 0; 3%; decrease of 15%) compared with the placebo group (increase of 25%); decrease in serum triglycerides (decrease of 19%) in the OI group; increase in Biﬁdobacterium spp,"4Department of Biochemistry and Molecular Biology, University of Calgary, Calgary, Alberta, Canada BACKGROUND & AIMS: It might be possible to manipulate the intestinal microbiota with prebiotics or other agents to prevent or treat obesity. || Participants included children, 7 –12 years old, with overweight or obesity ( >85th percentile of body mass index) but otherwise healthy. || Height, weight, and waist circumference were measured at baseline and every 4 weeks thereafter. || Blood samples were collected at baseline and 16 weeks, and analyzed for lipids, cytokines, lipopolysaccharide, and insulin. || bile acids were pro ﬁled using high-performance liquid chromatography and the composition of the microbiota was analyzed by 16S rRNA sequencing and quantitative polymerase chain reaction. || The primary outcome was change in percent body fat from baseline to 16 weeks. || RESULTS: After 16 weeks, children who consumed OI had signi ﬁcant decreases in body weight z-score (decrease of 3.1%), percent body fat (decrease of 2.4%), and percent trunk fat (decrease of 3.8%) compared with children given placebo (increase of 0.5%, increase of 0.05%, and decrease of 0.3%, respectively).","Prebiotics Reduce Body Fat and Alter Intestinal Microbiota in Children Who Are Overweight or With Obesity Alissa C. Nicolucci, 1 Megan P. Hume, 1 Inés Martínez, 2 Shyamchand Mayengbam, 1 Jens Walter, 2,3 and Raylene A. Reimer 1,4 1Faculty of Kinesiology, University of Calgary, Calgary, Alberta, Canada; 2Department of Agricultural, Food and Nutritional Science, University of Alberta, Edmonton, Alberta, Canada; 3Department of Biological Sciences, University of Alberta, Edmonton, Alberta, Canada; 4Department of Biochemistry and Molecular Biology, University of Calgary, Calgary, Alberta, Canada BACKGROUND & AIMS: It might be possible to manipulate the intestinal microbiota with prebiotics or oth",ok,,PIIS0016508517356986.pdf,1.000,12,"9,10 These promising outcomes in adults justify the assessment of prebiotics as a dietary intervention to modulate gut microbiota and metabolic outcomes in pedi- atric obesity. || Prebiotics Induced Marginal Changes in Systemic In ﬂammation There was little change in the serum in ﬂammatory proﬁle within the prebiotic and placebo groups (Supplementary Table 1 ). || 30 Based on our 4-month intervention data, the annual projected body weight increase in the prebiotic group would be 3 kg, within the expected range, whereas the projected increase in the placebo group was 8 kg, almost triple the expected yearly increase. || The interac- tion of treatment and time signi ﬁcantly in ﬂuenced BMI (P ¼ .009) whereby there was no change in BMI within the prebiotic group compared with baseline, but at all 4 time points compared with baseline, BMI signi ﬁcantly increased in the placebo group ( Supplementary Figure 2 ). || Exclusion criteria included type 1 or 2 diabetes, liver disease, cardiovascular abnormal- ities, supplement or medication use in ﬂuencing appetite, weight or metabolism, currently following a weight loss diet, > 3 kg weight loss 12 weeks before the initial test day, extreme changes in exercise intensity 4 weeks prior, or anti- biotic use < 3 months prior. || IMPACT Prebiotics are a potential dietary intervention in children with overweight/obesity. || Prebiotics are inexpensive and non-invasive and, therefore, a plausible dietary intervention in the overweight and obese pediatric population. || aValues are mean ± SEM, n¼22 prebiotics and n¼20 placebo;","Actino- bacteria, the only observed phylum level change, signi ﬁ- cantly increased 1.4 fold ( P ¼ .008, FDR ¼0.217) and at the genus level Biﬁdobacterium abundance signi ﬁcantly increased. || The Shannon and Simpson Index, which were used to assess alpha-diversity, signi ﬁcantly decreased within both groups and no signi ﬁcant change in observed OTUs was detected within either group ( Table 4 ). || The interac- tion of treatment and time signi ﬁcantly in ﬂuenced BMI (P ¼ .009) whereby there was no change in BMI within the prebiotic group compared with baseline, but at all 4 time points compared with baseline, BMI signi ﬁcantly increased in the placebo group ( Supplementary Figure 2 ). || Characterization of Gut Microbial Changes Quantitative analysis of speci ﬁc taxa (qPCR) showed a within-group difference of increased Biﬁdobacterium spp. || 3 CLINICAL AT change in Ruminococcus gauvreauii (OTU_2376) (r s¼0.479, P ¼ .005). || There was a trend (P ¼ .088) for LPS to be decreased (-1.9 /C2 ) with OI intake and increased with placebo (1.4 /C2 ). || Between-group analysis did show a signiﬁcant reduction in interleukin (IL)-6 from baseline with OI, whereas placebo increased ( P ¼ .01). || OTU level analysis of within-group differences revealed OI signi ﬁcantly decreased Bacteroides vulgatus (OTU_2492, P ¼ .005, FDR ¼0.155) ( Table 4 ).","When assessing correlations with change in body composition, changes in body weight (r s¼0.414, P ¼ .012), fat mass (rs¼0.358, P ¼ .032), and BMI (r s¼0.373, P ¼ .025) were signi ﬁcantly and positively correlated with changes in OTU_2559 representing Clostridium clostridioforme and change in trunk body fat was signi ﬁcantly and positively correlated with change in Bacteroides vulgatus (OTU_2492) (rs¼0.494, P ¼ .002) and change in bacterium mpn-isolate (OTU_1554) (rs¼0.394, P ¼ .017). || Changes in Anthropometric Outcomes in Children (7 –12 Years) With Overweight and Obesity Consuming OI (Prebiotic) or Placebo for 16 Weeks a Outcome Prebiotics Placebo Between groups P valueInitial Final Within group P value Change Initial Final Within group P value Change Height ( cm) 148.1 ± 2.4 150.5 ± 2.4 <.001 2.3 ± 0.3 147.1 ± 2.8 149.1 ± 2.9 <.001 2.0 ± 0.2 .354 Height z-score 1.31 ± 0.24 1.37 ± 0.24 .139 0.06 ± 0.04 0.97 ± 0.22 0.99 ± 0.23 .481 0.03 ± 0.04 .509 Body weight ( kg) 58.5 ± 3.1 59.6 ± 3.1 .009 1. || 31 In the present study, the reduction in percent body fat observed in the subjects consuming OI was similarly observed by Abrams et al 13 as a reduction in total fat mass in normal weight and overweight children consuming 8 g of OI with supplemental calcium for a year. || RESULTS: After 16 weeks, children who consumed OI had signi ﬁcant decreases in body weight z-score (decrease of 3.1%), percent body fat (decrease of 2.4%), and percent trunk fat (decrease of 3.8%) compared with children given placebo (increase of 0.5%, increase of 0.05%, and decrease of 0.3%, respectively). || Male 12 12 .721 Female 10 8 Age, y 10.4 ± 0.3 10.2 ± 0.4 .724 Body weight, kg 58.5 ± 3.1 59.6 ± 4.5 .837 Body weight z-score 2.25 ± 0.12 2.14 ± 0.16 .573 Height, cm 148.1 ± 2.4 147.1 ± 2.8 .783 Height z-score 1.31 ± 0.24 0.97 ± 0.22 .304 BMI, kg/m2 26.3 ± 0.7 26.9 ± 1.3 .653 % Total body fat 42.5 ± 1.3 41.8 ± 1.2 .688 Abbreviations: z-score, standard score; || At the end of the trial, howev- er, 4 of the subjects in the prebiotic group (3 male, 1 female, baseline BMI 29.0 ± 2.9 kg/m 2, baseline percent total body fat 46.7 ± 2.2%, baseline trunk fat 46.7 ± 2.2%, baseline HOMA2-IR 2.5 ± 0.2), compared with zero in the placebo group, were no longer classi ﬁed as insulin-resistant as deﬁned by HOMA2-IR (HOMA2-IR > 2.10).28 Fecal Bile Acids Primary FBAs, cholic acid and chenodeoxycholic acid (CDCA) were signi ﬁcantly different between the OI and placebo group after adjusting || in particular, body weight is expected to increase 2 –3k g annually. || The primary outcome was change in percent body fat from baseline to 16 weeks.","42 There was also a positive correlation between CDCA% and BMI, HbA1c, LDL-cholesterol, and tri- glycerides. || There was a signi ﬁcant decrease in serum triglycerides (decrease of 19%) in the OI group. || There were no differences in fasting glucose, insulin, or HOMA2-IR within or between groups. || Blood samples were collected at baseline and 16 weeks, and analyzed for lipids, cytokines, lipopolysaccharide, and insulin. || In a systematic review of clinical trials, prebiotic intake was associated with a signi ﬁcant improvement in satiety, postprandial glucose, and insulin concentrations in adult subjects8. || At the end of the trial, howev- er, 4 of the subjects in the prebiotic group (3 male, 1 female, baseline BMI 29.0 ± 2.9 kg/m 2, baseline percent total body fat 46.7 ± 2.2%, baseline trunk fat 46.7 ± 2.2%, baseline HOMA2-IR 2.5 ± 0.2), compared with zero in the placebo group, were no longer classi ﬁed as insulin-resistant as deﬁned by HOMA2-IR (HOMA2-IR > 2.10).28 Fecal Bile Acids Primary FBAs, cholic acid and chenodeoxycholic acid (CDCA) were signi ﬁcantly different between the OI and placebo group after adjusting || * P < .05 and †P < .01 with independent t-test between the 2 groups. || Therefore, our objective was to assess the ef- fect of prebiotic supplementation on gut microbiota, FBAs, and associated metabolic outcomes (body composition, serum in ﬂammatory markers, lipid pro ﬁle, and fasting glucose and insulin concentrations) in otherwise healthy children with overweight and obesity.","Parametric tests were used to compare baseline measurements (independent t-test), between-group differences using mean September 2017 Prebiotic and Microbiota in Pediatric Obesity 713 CLINICAL AT differences from the 2 time points (independent t-test) and within-group differences (dependent t-test). || val.) Phyla Actinobacteria 8.6 ± 4.7 13.5 ± 8.6 .008 (.217) 9.4 ± 5.5 9.5 ± 6.4 .410 (.938) Bacteroidetes 14.7 ± 8.6 16.7 ± 14.8 .663 (.913) 14.7 ± 9.5 19.1 ± 14.2 .244 (.900) Firmicutes 68.6 ± 8.5 62.8 ± 13.5 .338 (.842) 68.0 ± 7.9 63.8 ± 13.2 .201 (.881) Proteobacteria 4.8 ± 2.4 4.0 ± 2.1 .151 (.704) 4.5 ± 2.5 4.2 ± 2.2 .379 (.933) Verrucomicrobia 0.6 ± 0.8 0.6 ± 0.9 .887 (.933) 1.1 ± 2.7 1.7 ± 3.4 .754 (.965) Genera Actinomyces 0.017 ± 0.016 0.016 ± 0.017 .408 (.866) 0.020 ± 0.016 0.009 ± 0.008 .018 (.487) Biﬁdo || Microbiota and SCFA in lean and overweight healthy subjects. || * P < .05 and †P < .01 with independent t-test between the 2 groups. || Pediatric obesity is associated with an altered gut microbiota and discordant shifts in Firmicutes populations. || Fecal samples were collected at baseline and 16 weeks; || aValues are mean ± SEM, n¼22 prebiotics and n¼20 placebo; || aValues are mean ± SEM, n¼22 for prebiotic and n¼19 for placebo.","* P < .05 and †P < .01 with independent t-test between the 2 groups. || Fecal samples were collected at baseline and 16 weeks; || aValues are mean ± SEM, n¼22 prebiotics and n¼20 placebo; || aValues are mean ± SEM, n¼22 for prebiotic and n¼19 for placebo. || aValues are mean ± SEM, n¼16 for prebiotic and n¼13 for placebo.","baseline and every 4 || baseline and 16 || change in percent body fat from baseline to 16 || decrease of 3.1% || decrease of 2.4% || decrease of 3.8% || increase of 0.5% || increase of 0.05% || decrease of 0.3% || reduction in level of interleukin 6 || baseline (decrease of 15% || increase of 25% || decrease in serum triglycerides (decrease of 19% || reduction in percent body fat with 80% || baseline measurements (independent t-test), between-group differences using mean September 2017 || baseline characteristics between the groups ( Table 1 || increase was signi ﬁcantly higher in placebo (2.4 || change in BMI within the prebiotic group compared with baseline, but at all 4","Prebiotics Reduce Body Fat and Alter Intestinal Microbiota in Children Who Are Overweight or With Obesity Alissa C. Nicolucci, 1 Megan P. Hume, 1 Inés Martínez, 2 Shyamchand Mayengbam, 1 Jens Walter, 2,3 and Raylene A. Reimer 1,4 1Faculty of Kinesiology, University of Calgary, Calgary, Alberta, Canada; 2Department of Agricultural, Food and Nutritional Science, University of Alberta, Edmonton, Alberta, Canada; 3Depart",placebo || inulin || prebiotic || diet || intervention || control || exercise || synbiotic,8 g/day || 05.055 G || 3.3 g/day || 20 mg || 12 mg || 21 G || 2 g || 8 g || 10 g/day,16 weeks || 4 weeks || 12 weeks || 3 months || 2 weeks || 14 weeks || 3 days,18 subjects || 4 subjects || 42 subjects || 38 children,ok,
PMID:40814108,PubMed,40814108,Postbiotics as a novel intervention for obesity management and improving metabolic parameters: a systematic review and meta-analysis of animal studies.,weight,"Therefore, the present study aimed to systematically assess the effect of postbiotics consumption on weight management, dietary intake, and metabolic indices in animal models of obesity.; The search was conducted using the PubMed, Scopus, Web of Science, and Google Scholar databases for relevant articles published in English up to May 2025.",P = 0.001; P = 0.011; P = 0.497,,,,,,,,detail_hint,expansion_queue,pending,,,,,,,,,,,,,,,,,,,,,,,,,,,,,,,,,,,,,,,,,,,,,,,,,,,,,
PMID:40814108,PubMed,40814108,Postbiotics as a novel intervention for obesity management and improving metabolic parameters: a systematic review and meta-analysis of animal studies.,body_fat,"Accordingly, supplementation with different forms of postbiotics was accompanied by a significant decrease in the body weight, body fat, and serum levels of LDL-C, TG, TC, FBG, insulin, and HOMA-IR (P = 0.001, 0.040, < 0.001, < 0.001, < 0.001, < 0.001, < 0.001, 0.014 respectively) and significant increase of serum HDL-C level (P = 0.011).",P = 0.001; P = 0.011; P = 0.497,,,,,,,,detail_hint,expansion_queue,pending,,,,,,,,,,,,,,,,,,,,,,,,,,,,,,,,,,,,,,,,,,,,,,,,,,,,,
PMID:40814108,PubMed,40814108,Postbiotics as a novel intervention for obesity management and improving metabolic parameters: a systematic review and meta-analysis of animal studies.,glucose,"Accordingly, supplementation with different forms of postbiotics was accompanied by a significant decrease in the body weight, body fat, and serum levels of LDL-C, TG, TC, FBG, insulin, and HOMA-IR (P = 0.001, 0.040, < 0.001, < 0.001, < 0.001, < 0.001, < 0.001, 0.014 respectively) and significant increase of serum HDL-C level (P = 0.011).",P = 0.001; P = 0.011; P = 0.497,,,,,,,,detail_hint,expansion_queue,pending,,,,,,,,,,,,,,,,,,,,,,,,,,,,,,,,,,,,,,,,,,,,,,,,,,,,,
PMID:40814108,PubMed,40814108,Postbiotics as a novel intervention for obesity management and improving metabolic parameters: a systematic review and meta-analysis of animal studies.,lipid,"Upon the subgroup analyses, SCFAs as a postbiotic supplement, the treatment dose of ≥ 100 mg/kg, and intervention duration ≥ 8 weeks were more effective in improving body weight and fat mass and FBG, HOMA-IR, and HDL-C levels; reducing FBG and HOMA-IR levels; and lowering serum FBG levels, respectively.; Overall, the intake of postbiotics demonstrated potential anti-obesity effects and metabolic improvements through gut microbiota modulations, decreasing obesity-related inflammation, reducing ad",P = 0.001; P = 0.011; P = 0.497,,,,,,,,detail_hint,expansion_queue,pending,,,,,,,,,,,,,,,,,,,,,,,,,,,,,,,,,,,,,,,,,,,,,,,,,,,,,
PMID:40814108,PubMed,40814108,Postbiotics as a novel intervention for obesity management and improving metabolic parameters: a systematic review and meta-analysis of animal studies.,microbiome,"Upon the subgroup analyses, SCFAs as a postbiotic supplement, the treatment dose of ≥ 100 mg/kg, and intervention duration ≥ 8 weeks were more effective in improving body weight and fat mass and FBG, HOMA-IR, and HDL-C levels; reducing FBG and HOMA-IR levels; and lowering serum FBG levels, respectively.; Overall, the intake of postbiotics demonstrated potential anti-obesity effects and metabolic improvements through gut microbiota modulations, decreasing obesity-related inflammation, reducing ad",P = 0.001; P = 0.011; P = 0.497,,,,,,,,detail_hint,expansion_queue,pending,,,,,,,,,,,,,,,,,,,,,,,,,,,,,,,,,,,,,,,,,,,,,,,,,,,,,
PMID:40375569,PubMed,40375569,"Mental health and health-related quality of life response to curcumin-probiotic drink powder co-supplementation in adults with overweight/obesity and metabolic syndrome: a four-arm randomised, double-blind, placebo-controlled, clinical trial.",weight,Curcumin-probiotics co-supplementation could improve the mental health and HRQOL of adults with overweight/obesity and MetS.,,,,,,,,104 participants,detail_hint,expansion2_queue,pending,,,,,,,,,,,,,,,,,,,,,,,,,,,,,,,,,,,,,,,,,,,,,,,,,,,,,
PMID:34229263,PubMed,34229263,"Supplementation with Bifidobacterium breve BR03 and B632 strains improved insulin sensitivity in children and adolescents with obesity in a cross-over, randomized double-blind placebo-controlled trial.",weight,"All subjects improved metabolic parameters, and decreased weight and Escherichia coli counts.",p < 0.02,,,,,,,,detail_hint,expansion2_queue,pending,,,,,,,,,,,,,,,,,,,,,,,,,,,,,,,,,,,,,,,,,,,,,,,,,,,,,
PMID:34229263,PubMed,34229263,"Supplementation with Bifidobacterium breve BR03 and B632 strains improved insulin sensitivity in children and adolescents with obesity in a cross-over, randomized double-blind placebo-controlled trial.",glucose,"Supplementation with Bifidobacterium breve BR03 and B632 strains improved insulin sensitivity in children and adolescents with obesity in a cross-over, randomized double-blind placebo-controlled trial.",p < 0.02,,,,,,,,detail_hint,expansion2_queue,pending,,,,,,,,,,,,,,,,,,,,,,,,,,,,,,,,,,,,,,,,,,,,,,,,,,,,,
PMID:30928918,PubMed,30928918,"Impact of bacterial probiotics on obesity, diabetes and non-alcoholic fatty liver disease related variables: a systematic review and meta-analysis of randomised controlled trials.",weight,"In overweight but not obese subjects, probiotics induced improvements in: body weight (k=25 trials, d=-0.94 kg mean difference, 95% CI -1.17 to -0.70, I²=0.0%), body mass index (k=32, d=-0.55 kg/m², 95% CI -0.86 to -0.23, I²=91.9%), waist circumference (k=13, d=-1.31 cm, 95% CI -1.79 to -0.83, I²=14.5%), body fat mass (k=11, d=-0.96 kg, 95% CI -1.21 to -0.71, I²=0.0%) and visceral adipose tissue mass (k=5, d=-6.30 cm², 95% CI -9.05 to -3.56, I²=0.0%).",,,,,,,,6826 subjects,detail_hint,expansion2_queue,pending,,,,,,,,,,,,,,,,,,,,,,,,,,,,,,,,,,,,,,,,,,,,,,,,,,,,,
PMID:30928918,PubMed,30928918,"Impact of bacterial probiotics on obesity, diabetes and non-alcoholic fatty liver disease related variables: a systematic review and meta-analysis of randomised controlled trials.",BMI,"In overweight but not obese subjects, probiotics induced improvements in: body weight (k=25 trials, d=-0.94 kg mean difference, 95% CI -1.17 to -0.70, I²=0.0%), body mass index (k=32, d=-0.55 kg/m², 95% CI -0.86 to -0.23, I²=91.9%), waist circumference (k=13, d=-1.31 cm, 95% CI -1.79 to -0.83, I²=14.5%), body fat mass (k=11, d=-0.96 kg, 95% CI -1.21 to -0.71, I²=0.0%) and visceral adipose tissue mass (k=5, d=-6.30 cm², 95% CI -9.05 to -3.56, I²=0.0%).",,,,,,,,6826 subjects,detail_hint,expansion2_queue,pending,,,,,,,,,,,,,,,,,,,,,,,,,,,,,,,,,,,,,,,,,,,,,,,,,,,,,
PMID:30928918,PubMed,30928918,"Impact of bacterial probiotics on obesity, diabetes and non-alcoholic fatty liver disease related variables: a systematic review and meta-analysis of randomised controlled trials.",waist,"In overweight but not obese subjects, probiotics induced improvements in: body weight (k=25 trials, d=-0.94 kg mean difference, 95% CI -1.17 to -0.70, I²=0.0%), body mass index (k=32, d=-0.55 kg/m², 95% CI -0.86 to -0.23, I²=91.9%), waist circumference (k=13, d=-1.31 cm, 95% CI -1.79 to -0.83, I²=14.5%), body fat mass (k=11, d=-0.96 kg, 95% CI -1.21 to -0.71, I²=0.0%) and visceral adipose tissue mass (k=5, d=-6.30 cm², 95% CI -9.05 to -3.56, I²=0.0%).",,,,,,,,6826 subjects,detail_hint,expansion2_queue,pending,,,,,,,,,,,,,,,,,,,,,,,,,,,,,,,,,,,,,,,,,,,,,,,,,,,,,
PMID:30928918,PubMed,30928918,"Impact of bacterial probiotics on obesity, diabetes and non-alcoholic fatty liver disease related variables: a systematic review and meta-analysis of randomised controlled trials.",body_fat,"In overweight but not obese subjects, probiotics induced improvements in: body weight (k=25 trials, d=-0.94 kg mean difference, 95% CI -1.17 to -0.70, I²=0.0%), body mass index (k=32, d=-0.55 kg/m², 95% CI -0.86 to -0.23, I²=91.9%), waist circumference (k=13, d=-1.31 cm, 95% CI -1.79 to -0.83, I²=14.5%), body fat mass (k=11, d=-0.96 kg, 95% CI -1.21 to -0.71, I²=0.0%) and visceral adipose tissue mass (k=5, d=-6.30 cm², 95% CI -9.05 to -3.56, I²=0.0%).",,,,,,,,6826 subjects,detail_hint,expansion2_queue,pending,,,,,,,,,,,,,,,,,,,,,,,,,,,,,,,,,,,,,,,,,,,,,,,,,,,,,
PMID:30928918,PubMed,30928918,"Impact of bacterial probiotics on obesity, diabetes and non-alcoholic fatty liver disease related variables: a systematic review and meta-analysis of randomised controlled trials.",glucose,"In type 2 diabetics, probiotics reduced fasting glucose (k=19, d=-0.66 mmol/L, 95% CI -1.00 to -0.31, I²=27.7%), glycated haemoglobin (k=13, d=-0.28 pp, 95% CI -0.46 to -0.11, I²=54.1%), insulin (k=13, d=-1.66 mU/L, 95% CI -2.70 to -0.61, I²=37.8%) and homeostatic model of insulin resistance (k=10, d=-1.05 pp, 95% CI -1.48 to -0.61, I²=18.2%).",,,,,,,,6826 subjects,detail_hint,expansion2_queue,pending,,,,,,,,,,,,,,,,,,,,,,,,,,,,,,,,,,,,,,,,,,,,,,,,,,,,,
