evidence_id,source_database,source_accession,title,outcome_domain,suggested_text,suggested_p_value,final_value,final_unit,final_direction,comparison,time_point,p_value_confirmed,sample_size_confirmed,extraction_source,reviewer,review_status,reviewer_note,pdf_source_file,pdf_match_score,pdf_pages,pdf_intervention_terms,pdf_duration_terms,pdf_cfu_terms,pdf_sample_size_terms,pdf_outcome_terms,pdf_text_excerpt,pdf_deep_species_strain_terms,pdf_deep_strain_codes,pdf_deep_dose_terms,pdf_deep_duration_terms,pdf_deep_sample_size_terms,pdf_deep_design_terms,pdf_deep_dosage_form_terms,pdf_deep_p_value_terms,pdf_deep_numeric_value_terms,pdf_deep_result_snippets,pdf_deep_methods_excerpt,pdf_deep_extraction_status,pdf_deep_error
EUROPEPMC:41163054,PubMed,41163054,"The effects of a newly developed beverage powder supplement on anthropometric measures, body composition, metabolic syndrome components, and appetite in obese or overweight adults: a protocol for a randomized clinical trial study.",weight,Overweight and obesity result from excessive fat accumulation and pose significant global health challenges linked to various diseases.,,,,,,,,,detail_hint,supplement_queue,pending,,,,,,,,,,,,,,,,,,,,,,,
EUROPEPMC:41163054,PubMed,41163054,"The effects of a newly developed beverage powder supplement on anthropometric measures, body composition, metabolic syndrome components, and appetite in obese or overweight adults: a protocol for a randomized clinical trial study.",BMI,"Evaluations of anthropometry (body mass index, waist and hip circumference), body composition (fat mass, fat-free mass, total body water, etc.), appetite using a visual analogue scale, blood pressure, and biochemical parameters including fasting blood glucose (FBS), total cholesterol (TC), triglycerides (TG), low- and high-density lipoprotein (LDL and HDL) will be conducted.; The results of this study will provide evidence for the synergistic effects of Akkermansia muciniphila combined with preb",,,,,,,,,detail_hint,supplement_queue,pending,,,,,,,,,,,,,,,,,,,,,,,
EUROPEPMC:41163054,PubMed,41163054,"The effects of a newly developed beverage powder supplement on anthropometric measures, body composition, metabolic syndrome components, and appetite in obese or overweight adults: a protocol for a randomized clinical trial study.",waist,"Evaluations of anthropometry (body mass index, waist and hip circumference), body composition (fat mass, fat-free mass, total body water, etc.), appetite using a visual analogue scale, blood pressure, and biochemical parameters including fasting blood glucose (FBS), total cholesterol (TC), triglycerides (TG), low- and high-density lipoprotein (LDL and HDL) will be conducted.; The results of this study will provide evidence for the synergistic effects of Akkermansia muciniphila combined with preb",,,,,,,,,detail_hint,supplement_queue,pending,,,,,,,,,,,,,,,,,,,,,,,
EUROPEPMC:41163054,PubMed,41163054,"The effects of a newly developed beverage powder supplement on anthropometric measures, body composition, metabolic syndrome components, and appetite in obese or overweight adults: a protocol for a randomized clinical trial study.",body_fat,"Evaluations of anthropometry (body mass index, waist and hip circumference), body composition (fat mass, fat-free mass, total body water, etc.), appetite using a visual analogue scale, blood pressure, and biochemical parameters including fasting blood glucose (FBS), total cholesterol (TC), triglycerides (TG), low- and high-density lipoprotein (LDL and HDL) will be conducted.; The results of this study will provide evidence for the synergistic effects of Akkermansia muciniphila combined with preb",,,,,,,,,detail_hint,supplement_queue,pending,,,,,,,,,,,,,,,,,,,,,,,
EUROPEPMC:41163054,PubMed,41163054,"The effects of a newly developed beverage powder supplement on anthropometric measures, body composition, metabolic syndrome components, and appetite in obese or overweight adults: a protocol for a randomized clinical trial study.",glucose,"Evaluations of anthropometry (body mass index, waist and hip circumference), body composition (fat mass, fat-free mass, total body water, etc.), appetite using a visual analogue scale, blood pressure, and biochemical parameters including fasting blood glucose (FBS), total cholesterol (TC), triglycerides (TG), low- and high-density lipoprotein (LDL and HDL) will be conducted.; The results of this study will provide evidence for the synergistic effects of Akkermansia muciniphila combined with preb",,,,,,,,,detail_hint,supplement_queue,pending,,,,,,,,,,,,,,,,,,,,,,,
EUROPEPMC:41163054,PubMed,41163054,"The effects of a newly developed beverage powder supplement on anthropometric measures, body composition, metabolic syndrome components, and appetite in obese or overweight adults: a protocol for a randomized clinical trial study.",lipid,"Evaluations of anthropometry (body mass index, waist and hip circumference), body composition (fat mass, fat-free mass, total body water, etc.), appetite using a visual analogue scale, blood pressure, and biochemical parameters including fasting blood glucose (FBS), total cholesterol (TC), triglycerides (TG), low- and high-density lipoprotein (LDL and HDL) will be conducted.; The results of this study will provide evidence for the synergistic effects of Akkermansia muciniphila combined with preb",,,,,,,,,detail_hint,supplement_queue,pending,,,,,,,,,,,,,,,,,,,,,,,
EUROPEPMC:41512635,PubMed,41512635,"Effects of a novel synbiotic intervention on abdominal visceral fat reductions and gut microbiota in overweight and obese adults: A randomized, double-blind, placebo-controlled trial.",weight,"Effects of a novel synbiotic intervention on abdominal visceral fat reductions and gut microbiota in overweight and obese adults: A randomized, double-blind, placebo-controlled trial.",p = 0.048; p = 0.051; p = 0.003; p = 0.027; p = 0.077,,,,,,,112 participants,detail_hint,supplement_queue,pending,,,,,,,,,,,,,,,,,,,,,,,
EUROPEPMC:41512635,PubMed,41512635,"Effects of a novel synbiotic intervention on abdominal visceral fat reductions and gut microbiota in overweight and obese adults: A randomized, double-blind, placebo-controlled trial.",BMI,"We hypothesized that this intervention would improve metabolic health parameters, particularly visceral adiposity.; In a 12-week, double-blind, randomized, placebo-controlled, parallel-group trial with a 6-week post-intervention follow-up, 112 participants (BMI: 24.0-34.9 kg/m2) received daily synbiotic or a matched placebo.",p = 0.048; p = 0.051; p = 0.003; p = 0.027; p = 0.077,,,,,,,112 participants,detail_hint,supplement_queue,pending,,,,,,,,,,,,,,,,,,,,,,,
EUROPEPMC:41512635,PubMed,41512635,"Effects of a novel synbiotic intervention on abdominal visceral fat reductions and gut microbiota in overweight and obese adults: A randomized, double-blind, placebo-controlled trial.",waist,"Although no significant changes occurred in blood biochemistry, BMI, or waist circumference, the synbiotic group showed a trend toward greater total body fat reduction between weeks 12-18 (p = 0.077).",p = 0.048; p = 0.051; p = 0.003; p = 0.027; p = 0.077,,,,,,,112 participants,detail_hint,supplement_queue,pending,,,,,,,,,,,,,,,,,,,,,,,
EUROPEPMC:41512635,PubMed,41512635,"Effects of a novel synbiotic intervention on abdominal visceral fat reductions and gut microbiota in overweight and obese adults: A randomized, double-blind, placebo-controlled trial.",body_fat,"Effects of a novel synbiotic intervention on abdominal visceral fat reductions and gut microbiota in overweight and obese adults: A randomized, double-blind, placebo-controlled trial.",p = 0.048; p = 0.051; p = 0.003; p = 0.027; p = 0.077,,,,,,,112 participants,detail_hint,supplement_queue,pending,,,,,,,,,,,,,,,,,,,,,,,
EUROPEPMC:41512635,PubMed,41512635,"Effects of a novel synbiotic intervention on abdominal visceral fat reductions and gut microbiota in overweight and obese adults: A randomized, double-blind, placebo-controlled trial.",microbiome,"Effects of a novel synbiotic intervention on abdominal visceral fat reductions and gut microbiota in overweight and obese adults: A randomized, double-blind, placebo-controlled trial.",p = 0.048; p = 0.051; p = 0.003; p = 0.027; p = 0.077,,,,,,,112 participants,detail_hint,supplement_queue,pending,,,,,,,,,,,,,,,,,,,,,,,
PMID:29688793,PubMed,29688793,"Lactobacillus gasseri BNR17 Supplementation Reduces the Visceral Fat Accumulation and Waist Circumference in Obese Adults: A Randomized, Double-Blind, Placebo-Controlled Trial.",weight,Animal studies reported that BNR17 inhibited increases in body weight and adipose tissue weights.,P = .038; P = .012; P = .045,,,,,,,,detail_hint,supplement_queue,pending,,,,,,,,,,,,,,,,,,,,,,,
PMID:29688793,PubMed,29688793,"Lactobacillus gasseri BNR17 Supplementation Reduces the Visceral Fat Accumulation and Waist Circumference in Obese Adults: A Randomized, Double-Blind, Placebo-Controlled Trial.",BMI,"Body weight, BMI, waist and hip circumferences, waist-to-hip ratio, abdominal adipose tissue areas, body fat mass, lean body mass, and biochemical parameters were assessed at the beginning and end of the trial.",P = .038; P = .012; P = .045,,,,,,,,detail_hint,supplement_queue,pending,,,,,,,,,,,,,,,,,,,,,,,
PMID:29688793,PubMed,29688793,"Lactobacillus gasseri BNR17 Supplementation Reduces the Visceral Fat Accumulation and Waist Circumference in Obese Adults: A Randomized, Double-Blind, Placebo-Controlled Trial.",waist,"Lactobacillus gasseri BNR17 Supplementation Reduces the Visceral Fat Accumulation and Waist Circumference in Obese Adults: A Randomized, Double-Blind, Placebo-Controlled Trial.",P = .038; P = .012; P = .045,,,,,,,,detail_hint,supplement_queue,pending,,,,,,,,,,,,,,,,,,,,,,,
PMID:29688793,PubMed,29688793,"Lactobacillus gasseri BNR17 Supplementation Reduces the Visceral Fat Accumulation and Waist Circumference in Obese Adults: A Randomized, Double-Blind, Placebo-Controlled Trial.",body_fat,"Lactobacillus gasseri BNR17 Supplementation Reduces the Visceral Fat Accumulation and Waist Circumference in Obese Adults: A Randomized, Double-Blind, Placebo-Controlled Trial.",P = .038; P = .012; P = .045,,,,,,,,detail_hint,supplement_queue,pending,,,,,,,,,,,,,,,,,,,,,,,
PMID:20216555,PubMed,20216555,Regulation of abdominal adiposity by probiotics (Lactobacillus gasseri SBT2055) in adults with obese tendencies in a randomized controlled trial.,weight,"Body weight and other measures also decreased significantly (P<0.001) as follows: body weight, 1.4% (-1.1 (-1.5, -0.7) kg); BMI, 1.5% (-0.4 (-0.5, -0.2) kg/m(2)); waist, 1.8% (-1.7 (-2.1, -1.4) cm); hip, 1.5% (-1.5 (-1.8, -1.1) cm).",P<0.01; P<0.001,,,,,,,n=87; n=43; n=44,detail_hint,supplement_queue,pending,,Regulation of abdominal adiposity by probiotics (Lactobacillus gasseri SBT2055) in adults with obese tendencies in a randomized (科研通-ablesci.com).pdf,1.000,8,Lactobacillus gasseri SBT2055; probiotic Lactobacillus gasseri SBT2055; probiotic LG2055 showed lowering effects on abdominal adiposity; probiotic that originates from human intestine and has been selected for its ability to i; probiotic LG2055 lowered adipocyte enlargement caused by a high-fat diet in rats. As enla; probiotic LG2055 in healthy adults with obese tendencies in a randomized controlled trial; Probiotic FM Lactobacillus gasseri SBT2055; Lactobacillus delbrueckii ssp. bulgaricus,12 weeks,5 /C2 10 10 cfu/100 g of FM on th,59 men; 28 women,adiposity; body weight; body mass index; BMI; visceral fat; cholesterol; body fat; waist circumference,"ORIGINAL ARTICLE Regulation of abdominal adiposity by probiotics (Lactobacillus gasseri SBT2055) in adults with obese tendencies in a randomized controlled trial Y Kadooka1, M Sato 2, K Imaizumi 2, A Ogawa 1, K Ikuyama 3, Y Akai3, M Okano 3, M Kagoshima 4 and T Tsuchida5 1Technology and Research Institute, Snow Brand Milk Products Co. Ltd., Saitama, Japan; 2Laboratory of Nutrition Chemistry, Department of Bioscience and Biotechnology, Faculty of Agriculture, Graduate School, Kyushu University, Fukuoka, Japan; 3Nippon Milk Community Co. Ltd., Saitama, Japan; 4Department of Pharmacy, Faculty of Pharmacy, Iwaki Meisei University, Fukushima, Japan and 5Isogo Central and Neurosurgical Hospital, Kanagawa, Japan Background/Objectives: In spite of the much evidence for the beneficial effects of probiotics, their anti-obesity effects have not been well examined. We evaluated the effects of the pr",Lactobacillus gasseri SBT2055; Streptococcus thermophilus; Lactobacillus delbrueckii; Lactobacillus gasseri; Lactobacillus gasseri SBT2055S; Lactobacillus acidophilus; Lactobacillus gasseri BNR17,SBT2055; BNR17,10 10 cfu,12 weeks,59 men; 28 women,randomized; controlled trial; double-blind; placebo-controlled,Milk; diet; yogurt; powder; yoghurt,,"30.7 kg/m; 178.5 cm; 200 g/day; decreased from baseline by an average of 4; 6%; 3.3%; decreased significantly ( Po0; 1.4%; 1.5%; 1.8%; decreased significantly; increased significantly (Po0; 12.7%; 13.6%; 11%; 43 kcal; change ( D) from W0 to W4 (DW4), from W0 to W8 ( DW8) and from W0 to W12 ( DW12) by ap; decrease in the visceral, subcutaneous and total fat areas in the active group","ORIGINAL ARTICLE Regulation of abdominal adiposity by probiotics (Lactobacillus gasseri SBT2055) in adults with obese tendencies in a randomized controlled trial Y Kadooka1, M Sato 2, K Imaizumi 2, A Ogawa 1, K Ikuyama 3, Y Akai3, M Okano 3, M Kagoshima 4 and T Tsuchida5 1Technology and Research Institute, Snow Brand Milk Products Co. || We evaluated the effects of the probiotic Lactobacillus gasseri SBT2055 (LG2055) on abdominal adiposity, body weight and other body measures in adults with obese tendencies. || Subjects (n ¼ 87) with higher body mass index (BMI) (24.2–30.7 kg/m 2) and abdominal visceral fat area (81.2–178.5 cm 2) were randomly assigned to receive either fermented milk (FM) containing LG2055 (active FM; || Body weight and other measures also decreased significantly ( Po0.001) as follows: body weight, 1.4% ( /C0 1.1 (/C0 1.5, /C0 0.7) kg); || BMI, 1.5% ( /C0 0.4 (/C0 0.5, /C0 0.2) kg/m2); || waist, 1.8% ( /C0 1.7 (/C0 2.1, /C0 1.4) cm);","ORIGINAL ARTICLE Regulation of abdominal adiposity by probiotics (Lactobacillus gasseri SBT2055) in adults with obese tendencies in a randomized controlled trial Y Kadooka1, M Sato 2, K Imaizumi 2, A Ogawa 1, K Ikuyama 3, Y Akai3, M Okano 3, M Kagoshima 4 and T Tsuchida5 1Technology and Research Institute, Snow Brand Milk Products Co. Ltd., Saitama, Japan; 2Laboratory of Nutrition Chemistry, Department of Bioscience and Biotechnology, Faculty of Agriculture, Graduate School, Kyushu University, Fukuoka, Japan; 3Nippon Milk Community Co. Ltd., Saitama, Japan; 4Department of Pharmacy, Faculty of Pharmacy, Iwaki Meisei University, Fukushima, Japan and 5Isogo Central and Neurosurgical Hospital, K",ok,
PMID:20216555,PubMed,20216555,Regulation of abdominal adiposity by probiotics (Lactobacillus gasseri SBT2055) in adults with obese tendencies in a randomized controlled trial.,BMI,"Body weight and other measures also decreased significantly (P<0.001) as follows: body weight, 1.4% (-1.1 (-1.5, -0.7) kg); BMI, 1.5% (-0.4 (-0.5, -0.2) kg/m(2)); waist, 1.8% (-1.7 (-2.1, -1.4) cm); hip, 1.5% (-1.5 (-1.8, -1.1) cm).",P<0.01; P<0.001,,,,,,,n=87; n=43; n=44,detail_hint,supplement_queue,pending,,Regulation of abdominal adiposity by probiotics (Lactobacillus gasseri SBT2055) in adults with obese tendencies in a randomized (科研通-ablesci.com).pdf,1.000,8,Lactobacillus gasseri SBT2055; probiotic Lactobacillus gasseri SBT2055; probiotic LG2055 showed lowering effects on abdominal adiposity; probiotic that originates from human intestine and has been selected for its ability to i; probiotic LG2055 lowered adipocyte enlargement caused by a high-fat diet in rats. As enla; probiotic LG2055 in healthy adults with obese tendencies in a randomized controlled trial; Probiotic FM Lactobacillus gasseri SBT2055; Lactobacillus delbrueckii ssp. bulgaricus,12 weeks,5 /C2 10 10 cfu/100 g of FM on th,59 men; 28 women,adiposity; body weight; body mass index; BMI; visceral fat; cholesterol; body fat; waist circumference,"ORIGINAL ARTICLE Regulation of abdominal adiposity by probiotics (Lactobacillus gasseri SBT2055) in adults with obese tendencies in a randomized controlled trial Y Kadooka1, M Sato 2, K Imaizumi 2, A Ogawa 1, K Ikuyama 3, Y Akai3, M Okano 3, M Kagoshima 4 and T Tsuchida5 1Technology and Research Institute, Snow Brand Milk Products Co. Ltd., Saitama, Japan; 2Laboratory of Nutrition Chemistry, Department of Bioscience and Biotechnology, Faculty of Agriculture, Graduate School, Kyushu University, Fukuoka, Japan; 3Nippon Milk Community Co. Ltd., Saitama, Japan; 4Department of Pharmacy, Faculty of Pharmacy, Iwaki Meisei University, Fukushima, Japan and 5Isogo Central and Neurosurgical Hospital, Kanagawa, Japan Background/Objectives: In spite of the much evidence for the beneficial effects of probiotics, their anti-obesity effects have not been well examined. We evaluated the effects of the pr",Lactobacillus gasseri SBT2055; Streptococcus thermophilus; Lactobacillus delbrueckii; Lactobacillus gasseri; Lactobacillus gasseri SBT2055S; Lactobacillus acidophilus; Lactobacillus gasseri BNR17,SBT2055; BNR17,10 10 cfu,12 weeks,59 men; 28 women,randomized; controlled trial; double-blind; placebo-controlled,Milk; diet; yogurt; powder; yoghurt,,"30.7 kg/m; 178.5 cm; 200 g/day; decreased from baseline by an average of 4; 6%; 3.3%; decreased significantly ( Po0; 1.4%; 1.5%; 1.8%; decreased significantly; increased significantly (Po0; 12.7%; 13.6%; 11%; 43 kcal; change ( D) from W0 to W4 (DW4), from W0 to W8 ( DW8) and from W0 to W12 ( DW12) by ap; decrease in the visceral, subcutaneous and total fat areas in the active group","ORIGINAL ARTICLE Regulation of abdominal adiposity by probiotics (Lactobacillus gasseri SBT2055) in adults with obese tendencies in a randomized controlled trial Y Kadooka1, M Sato 2, K Imaizumi 2, A Ogawa 1, K Ikuyama 3, Y Akai3, M Okano 3, M Kagoshima 4 and T Tsuchida5 1Technology and Research Institute, Snow Brand Milk Products Co. || We evaluated the effects of the probiotic Lactobacillus gasseri SBT2055 (LG2055) on abdominal adiposity, body weight and other body measures in adults with obese tendencies. || Subjects (n ¼ 87) with higher body mass index (BMI) (24.2–30.7 kg/m 2) and abdominal visceral fat area (81.2–178.5 cm 2) were randomly assigned to receive either fermented milk (FM) containing LG2055 (active FM; || Body weight and other measures also decreased significantly ( Po0.001) as follows: body weight, 1.4% ( /C0 1.1 (/C0 1.5, /C0 0.7) kg); || BMI, 1.5% ( /C0 0.4 (/C0 0.5, /C0 0.2) kg/m2); || waist, 1.8% ( /C0 1.7 (/C0 2.1, /C0 1.4) cm);","ORIGINAL ARTICLE Regulation of abdominal adiposity by probiotics (Lactobacillus gasseri SBT2055) in adults with obese tendencies in a randomized controlled trial Y Kadooka1, M Sato 2, K Imaizumi 2, A Ogawa 1, K Ikuyama 3, Y Akai3, M Okano 3, M Kagoshima 4 and T Tsuchida5 1Technology and Research Institute, Snow Brand Milk Products Co. Ltd., Saitama, Japan; 2Laboratory of Nutrition Chemistry, Department of Bioscience and Biotechnology, Faculty of Agriculture, Graduate School, Kyushu University, Fukuoka, Japan; 3Nippon Milk Community Co. Ltd., Saitama, Japan; 4Department of Pharmacy, Faculty of Pharmacy, Iwaki Meisei University, Fukushima, Japan and 5Isogo Central and Neurosurgical Hospital, K",ok,
PMID:20216555,PubMed,20216555,Regulation of abdominal adiposity by probiotics (Lactobacillus gasseri SBT2055) in adults with obese tendencies in a randomized controlled trial.,waist,"Body weight and other measures also decreased significantly (P<0.001) as follows: body weight, 1.4% (-1.1 (-1.5, -0.7) kg); BMI, 1.5% (-0.4 (-0.5, -0.2) kg/m(2)); waist, 1.8% (-1.7 (-2.1, -1.4) cm); hip, 1.5% (-1.5 (-1.8, -1.1) cm).",P<0.01; P<0.001,,,,,,,n=87; n=43; n=44,detail_hint,supplement_queue,pending,,Regulation of abdominal adiposity by probiotics (Lactobacillus gasseri SBT2055) in adults with obese tendencies in a randomized (科研通-ablesci.com).pdf,1.000,8,Lactobacillus gasseri SBT2055; probiotic Lactobacillus gasseri SBT2055; probiotic LG2055 showed lowering effects on abdominal adiposity; probiotic that originates from human intestine and has been selected for its ability to i; probiotic LG2055 lowered adipocyte enlargement caused by a high-fat diet in rats. As enla; probiotic LG2055 in healthy adults with obese tendencies in a randomized controlled trial; Probiotic FM Lactobacillus gasseri SBT2055; Lactobacillus delbrueckii ssp. bulgaricus,12 weeks,5 /C2 10 10 cfu/100 g of FM on th,59 men; 28 women,adiposity; body weight; body mass index; BMI; visceral fat; cholesterol; body fat; waist circumference,"ORIGINAL ARTICLE Regulation of abdominal adiposity by probiotics (Lactobacillus gasseri SBT2055) in adults with obese tendencies in a randomized controlled trial Y Kadooka1, M Sato 2, K Imaizumi 2, A Ogawa 1, K Ikuyama 3, Y Akai3, M Okano 3, M Kagoshima 4 and T Tsuchida5 1Technology and Research Institute, Snow Brand Milk Products Co. Ltd., Saitama, Japan; 2Laboratory of Nutrition Chemistry, Department of Bioscience and Biotechnology, Faculty of Agriculture, Graduate School, Kyushu University, Fukuoka, Japan; 3Nippon Milk Community Co. Ltd., Saitama, Japan; 4Department of Pharmacy, Faculty of Pharmacy, Iwaki Meisei University, Fukushima, Japan and 5Isogo Central and Neurosurgical Hospital, Kanagawa, Japan Background/Objectives: In spite of the much evidence for the beneficial effects of probiotics, their anti-obesity effects have not been well examined. We evaluated the effects of the pr",Lactobacillus gasseri SBT2055; Streptococcus thermophilus; Lactobacillus delbrueckii; Lactobacillus gasseri; Lactobacillus gasseri SBT2055S; Lactobacillus acidophilus; Lactobacillus gasseri BNR17,SBT2055; BNR17,10 10 cfu,12 weeks,59 men; 28 women,randomized; controlled trial; double-blind; placebo-controlled,Milk; diet; yogurt; powder; yoghurt,,"30.7 kg/m; 178.5 cm; 200 g/day; decreased from baseline by an average of 4; 6%; 3.3%; decreased significantly ( Po0; 1.4%; 1.5%; 1.8%; decreased significantly; increased significantly (Po0; 12.7%; 13.6%; 11%; 43 kcal; change ( D) from W0 to W4 (DW4), from W0 to W8 ( DW8) and from W0 to W12 ( DW12) by ap; decrease in the visceral, subcutaneous and total fat areas in the active group","ORIGINAL ARTICLE Regulation of abdominal adiposity by probiotics (Lactobacillus gasseri SBT2055) in adults with obese tendencies in a randomized controlled trial Y Kadooka1, M Sato 2, K Imaizumi 2, A Ogawa 1, K Ikuyama 3, Y Akai3, M Okano 3, M Kagoshima 4 and T Tsuchida5 1Technology and Research Institute, Snow Brand Milk Products Co. || We evaluated the effects of the probiotic Lactobacillus gasseri SBT2055 (LG2055) on abdominal adiposity, body weight and other body measures in adults with obese tendencies. || Subjects (n ¼ 87) with higher body mass index (BMI) (24.2–30.7 kg/m 2) and abdominal visceral fat area (81.2–178.5 cm 2) were randomly assigned to receive either fermented milk (FM) containing LG2055 (active FM; || Body weight and other measures also decreased significantly ( Po0.001) as follows: body weight, 1.4% ( /C0 1.1 (/C0 1.5, /C0 0.7) kg); || BMI, 1.5% ( /C0 0.4 (/C0 0.5, /C0 0.2) kg/m2); || waist, 1.8% ( /C0 1.7 (/C0 2.1, /C0 1.4) cm);","ORIGINAL ARTICLE Regulation of abdominal adiposity by probiotics (Lactobacillus gasseri SBT2055) in adults with obese tendencies in a randomized controlled trial Y Kadooka1, M Sato 2, K Imaizumi 2, A Ogawa 1, K Ikuyama 3, Y Akai3, M Okano 3, M Kagoshima 4 and T Tsuchida5 1Technology and Research Institute, Snow Brand Milk Products Co. Ltd., Saitama, Japan; 2Laboratory of Nutrition Chemistry, Department of Bioscience and Biotechnology, Faculty of Agriculture, Graduate School, Kyushu University, Fukuoka, Japan; 3Nippon Milk Community Co. Ltd., Saitama, Japan; 4Department of Pharmacy, Faculty of Pharmacy, Iwaki Meisei University, Fukushima, Japan and 5Isogo Central and Neurosurgical Hospital, K",ok,
PMID:20216555,PubMed,20216555,Regulation of abdominal adiposity by probiotics (Lactobacillus gasseri SBT2055) in adults with obese tendencies in a randomized controlled trial.,body_fat,"Abdominal fat area was determined by computed tomography.; In the active FM group, abdominal visceral and subcutaneous fat areas significantly (P<0.01) decreased from baseline by an average of 4.6% (mean (confidence interval): -5.8 (-10.0, -1.7) cm(2)) and 3.3% (-7.4 (-11.6, -3.1) cm(2)), respectively.",P<0.01; P<0.001,,,,,,,n=87; n=43; n=44,detail_hint,supplement_queue,pending,,Regulation of abdominal adiposity by probiotics (Lactobacillus gasseri SBT2055) in adults with obese tendencies in a randomized (科研通-ablesci.com).pdf,1.000,8,Lactobacillus gasseri SBT2055; probiotic Lactobacillus gasseri SBT2055; probiotic LG2055 showed lowering effects on abdominal adiposity; probiotic that originates from human intestine and has been selected for its ability to i; probiotic LG2055 lowered adipocyte enlargement caused by a high-fat diet in rats. As enla; probiotic LG2055 in healthy adults with obese tendencies in a randomized controlled trial; Probiotic FM Lactobacillus gasseri SBT2055; Lactobacillus delbrueckii ssp. bulgaricus,12 weeks,5 /C2 10 10 cfu/100 g of FM on th,59 men; 28 women,adiposity; body weight; body mass index; BMI; visceral fat; cholesterol; body fat; waist circumference,"ORIGINAL ARTICLE Regulation of abdominal adiposity by probiotics (Lactobacillus gasseri SBT2055) in adults with obese tendencies in a randomized controlled trial Y Kadooka1, M Sato 2, K Imaizumi 2, A Ogawa 1, K Ikuyama 3, Y Akai3, M Okano 3, M Kagoshima 4 and T Tsuchida5 1Technology and Research Institute, Snow Brand Milk Products Co. Ltd., Saitama, Japan; 2Laboratory of Nutrition Chemistry, Department of Bioscience and Biotechnology, Faculty of Agriculture, Graduate School, Kyushu University, Fukuoka, Japan; 3Nippon Milk Community Co. Ltd., Saitama, Japan; 4Department of Pharmacy, Faculty of Pharmacy, Iwaki Meisei University, Fukushima, Japan and 5Isogo Central and Neurosurgical Hospital, Kanagawa, Japan Background/Objectives: In spite of the much evidence for the beneficial effects of probiotics, their anti-obesity effects have not been well examined. We evaluated the effects of the pr",Lactobacillus gasseri SBT2055; Streptococcus thermophilus; Lactobacillus delbrueckii; Lactobacillus gasseri; Lactobacillus gasseri SBT2055S; Lactobacillus acidophilus; Lactobacillus gasseri BNR17,SBT2055; BNR17,10 10 cfu,12 weeks,59 men; 28 women,randomized; controlled trial; double-blind; placebo-controlled,Milk; diet; yogurt; powder; yoghurt,,"30.7 kg/m; 178.5 cm; 200 g/day; decreased from baseline by an average of 4; 6%; 3.3%; decreased significantly ( Po0; 1.4%; 1.5%; 1.8%; decreased significantly; increased significantly (Po0; 12.7%; 13.6%; 11%; 43 kcal; change ( D) from W0 to W4 (DW4), from W0 to W8 ( DW8) and from W0 to W12 ( DW12) by ap; decrease in the visceral, subcutaneous and total fat areas in the active group","ORIGINAL ARTICLE Regulation of abdominal adiposity by probiotics (Lactobacillus gasseri SBT2055) in adults with obese tendencies in a randomized controlled trial Y Kadooka1, M Sato 2, K Imaizumi 2, A Ogawa 1, K Ikuyama 3, Y Akai3, M Okano 3, M Kagoshima 4 and T Tsuchida5 1Technology and Research Institute, Snow Brand Milk Products Co. || We evaluated the effects of the probiotic Lactobacillus gasseri SBT2055 (LG2055) on abdominal adiposity, body weight and other body measures in adults with obese tendencies. || Subjects (n ¼ 87) with higher body mass index (BMI) (24.2–30.7 kg/m 2) and abdominal visceral fat area (81.2–178.5 cm 2) were randomly assigned to receive either fermented milk (FM) containing LG2055 (active FM; || Body weight and other measures also decreased significantly ( Po0.001) as follows: body weight, 1.4% ( /C0 1.1 (/C0 1.5, /C0 0.7) kg); || BMI, 1.5% ( /C0 0.4 (/C0 0.5, /C0 0.2) kg/m2); || waist, 1.8% ( /C0 1.7 (/C0 2.1, /C0 1.4) cm);","ORIGINAL ARTICLE Regulation of abdominal adiposity by probiotics (Lactobacillus gasseri SBT2055) in adults with obese tendencies in a randomized controlled trial Y Kadooka1, M Sato 2, K Imaizumi 2, A Ogawa 1, K Ikuyama 3, Y Akai3, M Okano 3, M Kagoshima 4 and T Tsuchida5 1Technology and Research Institute, Snow Brand Milk Products Co. Ltd., Saitama, Japan; 2Laboratory of Nutrition Chemistry, Department of Bioscience and Biotechnology, Faculty of Agriculture, Graduate School, Kyushu University, Fukuoka, Japan; 3Nippon Milk Community Co. Ltd., Saitama, Japan; 4Department of Pharmacy, Faculty of Pharmacy, Iwaki Meisei University, Fukushima, Japan and 5Isogo Central and Neurosurgical Hospital, K",ok,
PMID:40077569,PubMed,40077569,"Effects of Liupao Tea with Different Years of Aging on Glycolipid Metabolism, Body Composition, and Gut Microbiota in Adults with Obesity or Overweight: A Randomized, Double-Blind Study.",weight,"Body weight, body fat mass (BFM), body mass index (BMI), waist circumference (WC), body fat percentage (BFP), and visceral fat area (VFA) significantly declined across all groups (p < 0.05).",p < 0.001; p < 0.05,,,,,,,106 adults,detail_hint,expansion_queue,pending,,,,,,,,,,,,,,,,,,,,,,,
PMID:40077569,PubMed,40077569,"Effects of Liupao Tea with Different Years of Aging on Glycolipid Metabolism, Body Composition, and Gut Microbiota in Adults with Obesity or Overweight: A Randomized, Double-Blind Study.",BMI,"Body weight, body fat mass (BFM), body mass index (BMI), waist circumference (WC), body fat percentage (BFP), and visceral fat area (VFA) significantly declined across all groups (p < 0.05).",p < 0.001; p < 0.05,,,,,,,106 adults,detail_hint,expansion_queue,pending,,,,,,,,,,,,,,,,,,,,,,,
PMID:40077569,PubMed,40077569,"Effects of Liupao Tea with Different Years of Aging on Glycolipid Metabolism, Body Composition, and Gut Microbiota in Adults with Obesity or Overweight: A Randomized, Double-Blind Study.",waist,"Body weight, body fat mass (BFM), body mass index (BMI), waist circumference (WC), body fat percentage (BFP), and visceral fat area (VFA) significantly declined across all groups (p < 0.05).",p < 0.001; p < 0.05,,,,,,,106 adults,detail_hint,expansion_queue,pending,,,,,,,,,,,,,,,,,,,,,,,
PMID:40077569,PubMed,40077569,"Effects of Liupao Tea with Different Years of Aging on Glycolipid Metabolism, Body Composition, and Gut Microbiota in Adults with Obesity or Overweight: A Randomized, Double-Blind Study.",body_fat,"Body weight, body fat mass (BFM), body mass index (BMI), waist circumference (WC), body fat percentage (BFP), and visceral fat area (VFA) significantly declined across all groups (p < 0.05).",p < 0.001; p < 0.05,,,,,,,106 adults,detail_hint,expansion_queue,pending,,,,,,,,,,,,,,,,,,,,,,,
PMID:40077569,PubMed,40077569,"Effects of Liupao Tea with Different Years of Aging on Glycolipid Metabolism, Body Composition, and Gut Microbiota in Adults with Obesity or Overweight: A Randomized, Double-Blind Study.",lipid,"Total cholesterol (TC) and low-density lipoprotein cholesterol (LDL-C) levels decreased significantly in the 1-, 4-, and 10-year-aged groups (p < 0.05), while high-density lipoprotein cholesterol (HDL-C) increased in the 7-year-aged group (p < 0.05).",p < 0.001; p < 0.05,,,,,,,106 adults,detail_hint,expansion_queue,pending,,,,,,,,,,,,,,,,,,,,,,,
PMID:40077569,PubMed,40077569,"Effects of Liupao Tea with Different Years of Aging on Glycolipid Metabolism, Body Composition, and Gut Microbiota in Adults with Obesity or Overweight: A Randomized, Double-Blind Study.",microbiome,"The metabolic parameters, body composition, and gut microbiota were assessed at baseline and after the 90-day intervention.; All LPT groups experienced significant reductions in systolic blood pressure (SBP) and diastolic blood pressure (DBP), with the 10-year-aged group showing the most notable SBP decrease (p < 0.001).",p < 0.001; p < 0.05,,,,,,,106 adults,detail_hint,expansion_queue,pending,,,,,,,,,,,,,,,,,,,,,,,
EUROPEPMC:40409234,PubMed,40409234,Effects of multi-strain probiotics supplementation on body adiposity and metabolic profile in individuals with hypertension and overweight following an energy-restricted diet: A randomized clinical trial.,weight,"Participants underwent anthropometric, body composition (dual-energy radiological absorptiometry) and biochemical (glucose metabolism, lipid profile, adiponectin, and leptin) evaluation at baseline and at the end of the study.; After 12 weeks of intervention, the probiotics group presented: a) reduction of body weight, BMI, circumferences of waist, hip and neck and waist-to-height ratio; b) decrease in total fat mass (kg); and c) reduction of glycated hemoglobin (HbA1c).",p < 0.05,,,,,,,66 individuals,detail_hint,expansion_queue,pending,,,,,,,,,,,,,,,,,,,,,,,
EUROPEPMC:40409234,PubMed,40409234,Effects of multi-strain probiotics supplementation on body adiposity and metabolic profile in individuals with hypertension and overweight following an energy-restricted diet: A randomized clinical trial.,BMI,"Participants underwent anthropometric, body composition (dual-energy radiological absorptiometry) and biochemical (glucose metabolism, lipid profile, adiponectin, and leptin) evaluation at baseline and at the end of the study.; After 12 weeks of intervention, the probiotics group presented: a) reduction of body weight, BMI, circumferences of waist, hip and neck and waist-to-height ratio; b) decrease in total fat mass (kg); and c) reduction of glycated hemoglobin (HbA1c).",p < 0.05,,,,,,,66 individuals,detail_hint,expansion_queue,pending,,,,,,,,,,,,,,,,,,,,,,,
EUROPEPMC:40409234,PubMed,40409234,Effects of multi-strain probiotics supplementation on body adiposity and metabolic profile in individuals with hypertension and overweight following an energy-restricted diet: A randomized clinical trial.,waist,"Participants underwent anthropometric, body composition (dual-energy radiological absorptiometry) and biochemical (glucose metabolism, lipid profile, adiponectin, and leptin) evaluation at baseline and at the end of the study.; After 12 weeks of intervention, the probiotics group presented: a) reduction of body weight, BMI, circumferences of waist, hip and neck and waist-to-height ratio; b) decrease in total fat mass (kg); and c) reduction of glycated hemoglobin (HbA1c).",p < 0.05,,,,,,,66 individuals,detail_hint,expansion_queue,pending,,,,,,,,,,,,,,,,,,,,,,,
EUROPEPMC:40409234,PubMed,40409234,Effects of multi-strain probiotics supplementation on body adiposity and metabolic profile in individuals with hypertension and overweight following an energy-restricted diet: A randomized clinical trial.,body_fat,"Participants underwent anthropometric, body composition (dual-energy radiological absorptiometry) and biochemical (glucose metabolism, lipid profile, adiponectin, and leptin) evaluation at baseline and at the end of the study.; After 12 weeks of intervention, the probiotics group presented: a) reduction of body weight, BMI, circumferences of waist, hip and neck and waist-to-height ratio; b) decrease in total fat mass (kg); and c) reduction of glycated hemoglobin (HbA1c).",p < 0.05,,,,,,,66 individuals,detail_hint,expansion_queue,pending,,,,,,,,,,,,,,,,,,,,,,,
EUROPEPMC:40409234,PubMed,40409234,Effects of multi-strain probiotics supplementation on body adiposity and metabolic profile in individuals with hypertension and overweight following an energy-restricted diet: A randomized clinical trial.,glucose,"Participants underwent anthropometric, body composition (dual-energy radiological absorptiometry) and biochemical (glucose metabolism, lipid profile, adiponectin, and leptin) evaluation at baseline and at the end of the study.; After 12 weeks of intervention, the probiotics group presented: a) reduction of body weight, BMI, circumferences of waist, hip and neck and waist-to-height ratio; b) decrease in total fat mass (kg); and c) reduction of glycated hemoglobin (HbA1c).",p < 0.05,,,,,,,66 individuals,detail_hint,expansion_queue,pending,,,,,,,,,,,,,,,,,,,,,,,
EUROPEPMC:40409234,PubMed,40409234,Effects of multi-strain probiotics supplementation on body adiposity and metabolic profile in individuals with hypertension and overweight following an energy-restricted diet: A randomized clinical trial.,lipid,"Participants underwent anthropometric, body composition (dual-energy radiological absorptiometry) and biochemical (glucose metabolism, lipid profile, adiponectin, and leptin) evaluation at baseline and at the end of the study.; After 12 weeks of intervention, the probiotics group presented: a) reduction of body weight, BMI, circumferences of waist, hip and neck and waist-to-height ratio; b) decrease in total fat mass (kg); and c) reduction of glycated hemoglobin (HbA1c).",p < 0.05,,,,,,,66 individuals,detail_hint,expansion_queue,pending,,,,,,,,,,,,,,,,,,,,,,,
PMID:39802638,PubMed,39802638,"Comparison of diet and exercise on cardiometabolic factors in young adults with overweight/obesity: multiomics analysis and gut microbiota prediction, a randomized controlled trial.",weight,"The results showed that single interventions were as effective as combined interventions in improving weight, waist circumference, body fat, and lipid profile compared with control group.",p < 0.05,,,,,,,,detail_hint,expansion_queue,pending,,MCO2-6-e70044.pdf,1.000,18,,8 weeks,,123 participants; n=29; n=32; n=30,LDL; microbiota; glucose; waist circumference; body fat; body mass index; BMI; cholesterol; HDL; insulin,"Received:31July2024 Revised:13November2024 Accepted:22November2024 DOI:10.1002/mco2.70044 ORIGINAL ARTICLE Comparisonofdietandexerciseoncardiometabolicfactors inyoungadultswithoverweight/obesity:multiomics analysisandgutmicrobiotaprediction,arandomized controlledtrial ZongyuLin1,# TianzeLi1,# FenglianHuang1,# MiaoWu1 LeweiZhu1 YueqinZhou1 Ying-AnMing2 ZhijunLu1 WeiPeng1 FeiGao3 YannaZhu1,4,∗ 1DepartmentofMaternalandChild Health,SchoolofPublicHealth,Sun Yat-senUniversity,Guangzhou,China 2DepartmentofPhysicalEducation,Sun Yat-senUniversity,Guangzhou,China 3AgriculturalGenomicsInstituteat Shenzhen,ChineseAcademyof AgriculturalSciences,Shenzhen,China 4GuangdongProvincialKeyLaboratoryof Food,NutritionandHealth,Guangzhou, China ∗Correspondence YannaZhu,DepartmentofMaternaland ChildHealth,SchoolofPublicHealth, SunYat-senUniversity,No.74Zhongshan SecondRd,Guangzhou,Guangdong Province510080,China",,,,8 weeks; 8weeks,123 participants; n=29; n=32; n=30,randomized; controlled trial; parallel,diet,p<0.05; p < 0.05; p<0.01; p < 0.01; p=0.15,"reducedlow-densitylipopro- tein(LDL-C)anduricacid(UA)(all p<0; change&PromotionAssociation(SCIMEA)andJohnWiley&SonsAustralia,Ltd; 32%; 40%; increasedoverthepasttwodecades; increased risk of CVDs in later life for this population; increase gut microbiota diversity14and restore a healthy bacterial composition; 44.7%; increased dietaryfiberintake(seeTable S1fordetails); reduced body mass index (BMI) and triglyceride (TG) compared with the control group (a; decreases in serum total cholesterol (TC), uric acid (UA), andlow-densitylipoproteinchol; changesofthepeakintensityofindividualmetabolitesof8-week/baseline; Changea −1; Changea −0; Changea 0; Changea 1; Changea −29; 95%","Received:31July2024 Revised:13November2024 Accepted:22November2024 DOI:10.1002/mco2.70044 ORIGINAL ARTICLE Comparisonofdietandexerciseoncardiometabolicfactors inyoungadultswithoverweight/obesity:multiomics analysisandgutmicrobiotaprediction,arandomized controlledtrial ZongyuLin1,# TianzeLi1,# FenglianHuang1,# MiaoWu1 LeweiZhu1 YueqinZhou1 Ying-AnMing2 Zhijun || We conducted an 8-week randomized controlled trial to com- paretheeffectsofdifferentinterventionsinyouthwithoverweight/obesity.Gut microbes and serum metabolites were examined to identify regulating mech- anisms. || A total of 129 undergraduates were randomly assigned to fiber-rich (FR)diet,rope-skipping(RS),combinedFR–RSandcontrolgroups.Theresults showed that single interventions were as effective as combined interventions inimprovingweight,waistcircumference,bodyfat,andlipidprofilecompared withcontrolgroup.Notably,theFRgroupfurtherreducedlow-densitylipopro- tein(LDL-C || 1 INTRODUCTION Currently, cardiovascular diseases (CVDs) remain the leading cause of death globally, accounting for 32% of all deaths in 2019.1 Notably, this proportion reaches 40% in China,making it thenation with thehighestglobalCVD burden.1,2Theabnormallevelsofcardiometabolicfactors (CMFs) among young individuals, such as obesity, lipid irregularities,and || Although both fiber-rich (FR) diet and aerobic exer- cise(AE)havedemonstratedbenefitsforweightcontrol, 6,7 improvement in lipid metabolism,8,9 and reduction of fasting plasma glucose (FPG),8,10there is still a lack of sufficient research evidence to determine the optimal intervention strategy for each indicator due to the com- plexityanddiversityofCMFs.Moreo || A series ofstudieshave reportedthat bothFR dietand AE interventions alone can regulate CMF levels through the gut microbiota and its metabolites.11–15Dietary fiber serves as a substrate for intestinal flora, improving gut microbiotadiversityandrichness 11andleadingtothepro- ductionofshort-chainfattyacids(SCFAs).","Received:31July2024 Revised:13November2024 Accepted:22November2024 DOI:10.1002/mco2.70044 ORIGINAL ARTICLE Comparisonofdietandexerciseoncardiometabolicfactors inyoungadultswithoverweight/obesity:multiomics analysisandgutmicrobiotaprediction,arandomized controlledtrial ZongyuLin1,# TianzeLi1,# FenglianHuang1,# MiaoWu1 LeweiZhu1 YueqinZhou1 Ying-AnMing2 ZhijunLu1 WeiPeng1 FeiGao3 YannaZhu1,4,∗ 1DepartmentofMaternalandChild Health,SchoolofPublicHealth,Sun Yat-senUniversity,Guangzhou,China 2DepartmentofPhysicalEducation,Sun Yat-senUniversity,Guangzhou,China 3AgriculturalGenomicsInstituteat Shenzhen,ChineseAcademyof AgriculturalSciences,Shenzhen,China 4GuangdongProvincialKeyLaboratoryof Food,Nutr",ok,
PMID:39802638,PubMed,39802638,"Comparison of diet and exercise on cardiometabolic factors in young adults with overweight/obesity: multiomics analysis and gut microbiota prediction, a randomized controlled trial.",waist,"The results showed that single interventions were as effective as combined interventions in improving weight, waist circumference, body fat, and lipid profile compared with control group.",p < 0.05,,,,,,,,detail_hint,expansion_queue,pending,,MCO2-6-e70044.pdf,1.000,18,,8 weeks,,123 participants; n=29; n=32; n=30,LDL; microbiota; glucose; waist circumference; body fat; body mass index; BMI; cholesterol; HDL; insulin,"Received:31July2024 Revised:13November2024 Accepted:22November2024 DOI:10.1002/mco2.70044 ORIGINAL ARTICLE Comparisonofdietandexerciseoncardiometabolicfactors inyoungadultswithoverweight/obesity:multiomics analysisandgutmicrobiotaprediction,arandomized controlledtrial ZongyuLin1,# TianzeLi1,# FenglianHuang1,# MiaoWu1 LeweiZhu1 YueqinZhou1 Ying-AnMing2 ZhijunLu1 WeiPeng1 FeiGao3 YannaZhu1,4,∗ 1DepartmentofMaternalandChild Health,SchoolofPublicHealth,Sun Yat-senUniversity,Guangzhou,China 2DepartmentofPhysicalEducation,Sun Yat-senUniversity,Guangzhou,China 3AgriculturalGenomicsInstituteat Shenzhen,ChineseAcademyof AgriculturalSciences,Shenzhen,China 4GuangdongProvincialKeyLaboratoryof Food,NutritionandHealth,Guangzhou, China ∗Correspondence YannaZhu,DepartmentofMaternaland ChildHealth,SchoolofPublicHealth, SunYat-senUniversity,No.74Zhongshan SecondRd,Guangzhou,Guangdong Province510080,China",,,,8 weeks; 8weeks,123 participants; n=29; n=32; n=30,randomized; controlled trial; parallel,diet,p<0.05; p < 0.05; p<0.01; p < 0.01; p=0.15,"reducedlow-densitylipopro- tein(LDL-C)anduricacid(UA)(all p<0; change&PromotionAssociation(SCIMEA)andJohnWiley&SonsAustralia,Ltd; 32%; 40%; increasedoverthepasttwodecades; increased risk of CVDs in later life for this population; increase gut microbiota diversity14and restore a healthy bacterial composition; 44.7%; increased dietaryfiberintake(seeTable S1fordetails); reduced body mass index (BMI) and triglyceride (TG) compared with the control group (a; decreases in serum total cholesterol (TC), uric acid (UA), andlow-densitylipoproteinchol; changesofthepeakintensityofindividualmetabolitesof8-week/baseline; Changea −1; Changea −0; Changea 0; Changea 1; Changea −29; 95%","Received:31July2024 Revised:13November2024 Accepted:22November2024 DOI:10.1002/mco2.70044 ORIGINAL ARTICLE Comparisonofdietandexerciseoncardiometabolicfactors inyoungadultswithoverweight/obesity:multiomics analysisandgutmicrobiotaprediction,arandomized controlledtrial ZongyuLin1,# TianzeLi1,# FenglianHuang1,# MiaoWu1 LeweiZhu1 YueqinZhou1 Ying-AnMing2 Zhijun || We conducted an 8-week randomized controlled trial to com- paretheeffectsofdifferentinterventionsinyouthwithoverweight/obesity.Gut microbes and serum metabolites were examined to identify regulating mech- anisms. || A total of 129 undergraduates were randomly assigned to fiber-rich (FR)diet,rope-skipping(RS),combinedFR–RSandcontrolgroups.Theresults showed that single interventions were as effective as combined interventions inimprovingweight,waistcircumference,bodyfat,andlipidprofilecompared withcontrolgroup.Notably,theFRgroupfurtherreducedlow-densitylipopro- tein(LDL-C || 1 INTRODUCTION Currently, cardiovascular diseases (CVDs) remain the leading cause of death globally, accounting for 32% of all deaths in 2019.1 Notably, this proportion reaches 40% in China,making it thenation with thehighestglobalCVD burden.1,2Theabnormallevelsofcardiometabolicfactors (CMFs) among young individuals, such as obesity, lipid irregularities,and || Although both fiber-rich (FR) diet and aerobic exer- cise(AE)havedemonstratedbenefitsforweightcontrol, 6,7 improvement in lipid metabolism,8,9 and reduction of fasting plasma glucose (FPG),8,10there is still a lack of sufficient research evidence to determine the optimal intervention strategy for each indicator due to the com- plexityanddiversityofCMFs.Moreo || A series ofstudieshave reportedthat bothFR dietand AE interventions alone can regulate CMF levels through the gut microbiota and its metabolites.11–15Dietary fiber serves as a substrate for intestinal flora, improving gut microbiotadiversityandrichness 11andleadingtothepro- ductionofshort-chainfattyacids(SCFAs).","Received:31July2024 Revised:13November2024 Accepted:22November2024 DOI:10.1002/mco2.70044 ORIGINAL ARTICLE Comparisonofdietandexerciseoncardiometabolicfactors inyoungadultswithoverweight/obesity:multiomics analysisandgutmicrobiotaprediction,arandomized controlledtrial ZongyuLin1,# TianzeLi1,# FenglianHuang1,# MiaoWu1 LeweiZhu1 YueqinZhou1 Ying-AnMing2 ZhijunLu1 WeiPeng1 FeiGao3 YannaZhu1,4,∗ 1DepartmentofMaternalandChild Health,SchoolofPublicHealth,Sun Yat-senUniversity,Guangzhou,China 2DepartmentofPhysicalEducation,Sun Yat-senUniversity,Guangzhou,China 3AgriculturalGenomicsInstituteat Shenzhen,ChineseAcademyof AgriculturalSciences,Shenzhen,China 4GuangdongProvincialKeyLaboratoryof Food,Nutr",ok,
PMID:39802638,PubMed,39802638,"Comparison of diet and exercise on cardiometabolic factors in young adults with overweight/obesity: multiomics analysis and gut microbiota prediction, a randomized controlled trial.",body_fat,"The results showed that single interventions were as effective as combined interventions in improving weight, waist circumference, body fat, and lipid profile compared with control group.",p < 0.05,,,,,,,,detail_hint,expansion_queue,pending,,MCO2-6-e70044.pdf,1.000,18,,8 weeks,,123 participants; n=29; n=32; n=30,LDL; microbiota; glucose; waist circumference; body fat; body mass index; BMI; cholesterol; HDL; insulin,"Received:31July2024 Revised:13November2024 Accepted:22November2024 DOI:10.1002/mco2.70044 ORIGINAL ARTICLE Comparisonofdietandexerciseoncardiometabolicfactors inyoungadultswithoverweight/obesity:multiomics analysisandgutmicrobiotaprediction,arandomized controlledtrial ZongyuLin1,# TianzeLi1,# FenglianHuang1,# MiaoWu1 LeweiZhu1 YueqinZhou1 Ying-AnMing2 ZhijunLu1 WeiPeng1 FeiGao3 YannaZhu1,4,∗ 1DepartmentofMaternalandChild Health,SchoolofPublicHealth,Sun Yat-senUniversity,Guangzhou,China 2DepartmentofPhysicalEducation,Sun Yat-senUniversity,Guangzhou,China 3AgriculturalGenomicsInstituteat Shenzhen,ChineseAcademyof AgriculturalSciences,Shenzhen,China 4GuangdongProvincialKeyLaboratoryof Food,NutritionandHealth,Guangzhou, China ∗Correspondence YannaZhu,DepartmentofMaternaland ChildHealth,SchoolofPublicHealth, SunYat-senUniversity,No.74Zhongshan SecondRd,Guangzhou,Guangdong Province510080,China",,,,8 weeks; 8weeks,123 participants; n=29; n=32; n=30,randomized; controlled trial; parallel,diet,p<0.05; p < 0.05; p<0.01; p < 0.01; p=0.15,"reducedlow-densitylipopro- tein(LDL-C)anduricacid(UA)(all p<0; change&PromotionAssociation(SCIMEA)andJohnWiley&SonsAustralia,Ltd; 32%; 40%; increasedoverthepasttwodecades; increased risk of CVDs in later life for this population; increase gut microbiota diversity14and restore a healthy bacterial composition; 44.7%; increased dietaryfiberintake(seeTable S1fordetails); reduced body mass index (BMI) and triglyceride (TG) compared with the control group (a; decreases in serum total cholesterol (TC), uric acid (UA), andlow-densitylipoproteinchol; changesofthepeakintensityofindividualmetabolitesof8-week/baseline; Changea −1; Changea −0; Changea 0; Changea 1; Changea −29; 95%","Received:31July2024 Revised:13November2024 Accepted:22November2024 DOI:10.1002/mco2.70044 ORIGINAL ARTICLE Comparisonofdietandexerciseoncardiometabolicfactors inyoungadultswithoverweight/obesity:multiomics analysisandgutmicrobiotaprediction,arandomized controlledtrial ZongyuLin1,# TianzeLi1,# FenglianHuang1,# MiaoWu1 LeweiZhu1 YueqinZhou1 Ying-AnMing2 Zhijun || We conducted an 8-week randomized controlled trial to com- paretheeffectsofdifferentinterventionsinyouthwithoverweight/obesity.Gut microbes and serum metabolites were examined to identify regulating mech- anisms. || A total of 129 undergraduates were randomly assigned to fiber-rich (FR)diet,rope-skipping(RS),combinedFR–RSandcontrolgroups.Theresults showed that single interventions were as effective as combined interventions inimprovingweight,waistcircumference,bodyfat,andlipidprofilecompared withcontrolgroup.Notably,theFRgroupfurtherreducedlow-densitylipopro- tein(LDL-C || 1 INTRODUCTION Currently, cardiovascular diseases (CVDs) remain the leading cause of death globally, accounting for 32% of all deaths in 2019.1 Notably, this proportion reaches 40% in China,making it thenation with thehighestglobalCVD burden.1,2Theabnormallevelsofcardiometabolicfactors (CMFs) among young individuals, such as obesity, lipid irregularities,and || Although both fiber-rich (FR) diet and aerobic exer- cise(AE)havedemonstratedbenefitsforweightcontrol, 6,7 improvement in lipid metabolism,8,9 and reduction of fasting plasma glucose (FPG),8,10there is still a lack of sufficient research evidence to determine the optimal intervention strategy for each indicator due to the com- plexityanddiversityofCMFs.Moreo || A series ofstudieshave reportedthat bothFR dietand AE interventions alone can regulate CMF levels through the gut microbiota and its metabolites.11–15Dietary fiber serves as a substrate for intestinal flora, improving gut microbiotadiversityandrichness 11andleadingtothepro- ductionofshort-chainfattyacids(SCFAs).","Received:31July2024 Revised:13November2024 Accepted:22November2024 DOI:10.1002/mco2.70044 ORIGINAL ARTICLE Comparisonofdietandexerciseoncardiometabolicfactors inyoungadultswithoverweight/obesity:multiomics analysisandgutmicrobiotaprediction,arandomized controlledtrial ZongyuLin1,# TianzeLi1,# FenglianHuang1,# MiaoWu1 LeweiZhu1 YueqinZhou1 Ying-AnMing2 ZhijunLu1 WeiPeng1 FeiGao3 YannaZhu1,4,∗ 1DepartmentofMaternalandChild Health,SchoolofPublicHealth,Sun Yat-senUniversity,Guangzhou,China 2DepartmentofPhysicalEducation,Sun Yat-senUniversity,Guangzhou,China 3AgriculturalGenomicsInstituteat Shenzhen,ChineseAcademyof AgriculturalSciences,Shenzhen,China 4GuangdongProvincialKeyLaboratoryof Food,Nutr",ok,
PMID:39802638,PubMed,39802638,"Comparison of diet and exercise on cardiometabolic factors in young adults with overweight/obesity: multiomics analysis and gut microbiota prediction, a randomized controlled trial.",lipid,"The results showed that single interventions were as effective as combined interventions in improving weight, waist circumference, body fat, and lipid profile compared with control group.",p < 0.05,,,,,,,,detail_hint,expansion_queue,pending,,MCO2-6-e70044.pdf,1.000,18,,8 weeks,,123 participants; n=29; n=32; n=30,LDL; microbiota; glucose; waist circumference; body fat; body mass index; BMI; cholesterol; HDL; insulin,"Received:31July2024 Revised:13November2024 Accepted:22November2024 DOI:10.1002/mco2.70044 ORIGINAL ARTICLE Comparisonofdietandexerciseoncardiometabolicfactors inyoungadultswithoverweight/obesity:multiomics analysisandgutmicrobiotaprediction,arandomized controlledtrial ZongyuLin1,# TianzeLi1,# FenglianHuang1,# MiaoWu1 LeweiZhu1 YueqinZhou1 Ying-AnMing2 ZhijunLu1 WeiPeng1 FeiGao3 YannaZhu1,4,∗ 1DepartmentofMaternalandChild Health,SchoolofPublicHealth,Sun Yat-senUniversity,Guangzhou,China 2DepartmentofPhysicalEducation,Sun Yat-senUniversity,Guangzhou,China 3AgriculturalGenomicsInstituteat Shenzhen,ChineseAcademyof AgriculturalSciences,Shenzhen,China 4GuangdongProvincialKeyLaboratoryof Food,NutritionandHealth,Guangzhou, China ∗Correspondence YannaZhu,DepartmentofMaternaland ChildHealth,SchoolofPublicHealth, SunYat-senUniversity,No.74Zhongshan SecondRd,Guangzhou,Guangdong Province510080,China",,,,8 weeks; 8weeks,123 participants; n=29; n=32; n=30,randomized; controlled trial; parallel,diet,p<0.05; p < 0.05; p<0.01; p < 0.01; p=0.15,"reducedlow-densitylipopro- tein(LDL-C)anduricacid(UA)(all p<0; change&PromotionAssociation(SCIMEA)andJohnWiley&SonsAustralia,Ltd; 32%; 40%; increasedoverthepasttwodecades; increased risk of CVDs in later life for this population; increase gut microbiota diversity14and restore a healthy bacterial composition; 44.7%; increased dietaryfiberintake(seeTable S1fordetails); reduced body mass index (BMI) and triglyceride (TG) compared with the control group (a; decreases in serum total cholesterol (TC), uric acid (UA), andlow-densitylipoproteinchol; changesofthepeakintensityofindividualmetabolitesof8-week/baseline; Changea −1; Changea −0; Changea 0; Changea 1; Changea −29; 95%","Received:31July2024 Revised:13November2024 Accepted:22November2024 DOI:10.1002/mco2.70044 ORIGINAL ARTICLE Comparisonofdietandexerciseoncardiometabolicfactors inyoungadultswithoverweight/obesity:multiomics analysisandgutmicrobiotaprediction,arandomized controlledtrial ZongyuLin1,# TianzeLi1,# FenglianHuang1,# MiaoWu1 LeweiZhu1 YueqinZhou1 Ying-AnMing2 Zhijun || We conducted an 8-week randomized controlled trial to com- paretheeffectsofdifferentinterventionsinyouthwithoverweight/obesity.Gut microbes and serum metabolites were examined to identify regulating mech- anisms. || A total of 129 undergraduates were randomly assigned to fiber-rich (FR)diet,rope-skipping(RS),combinedFR–RSandcontrolgroups.Theresults showed that single interventions were as effective as combined interventions inimprovingweight,waistcircumference,bodyfat,andlipidprofilecompared withcontrolgroup.Notably,theFRgroupfurtherreducedlow-densitylipopro- tein(LDL-C || 1 INTRODUCTION Currently, cardiovascular diseases (CVDs) remain the leading cause of death globally, accounting for 32% of all deaths in 2019.1 Notably, this proportion reaches 40% in China,making it thenation with thehighestglobalCVD burden.1,2Theabnormallevelsofcardiometabolicfactors (CMFs) among young individuals, such as obesity, lipid irregularities,and || Although both fiber-rich (FR) diet and aerobic exer- cise(AE)havedemonstratedbenefitsforweightcontrol, 6,7 improvement in lipid metabolism,8,9 and reduction of fasting plasma glucose (FPG),8,10there is still a lack of sufficient research evidence to determine the optimal intervention strategy for each indicator due to the com- plexityanddiversityofCMFs.Moreo || A series ofstudieshave reportedthat bothFR dietand AE interventions alone can regulate CMF levels through the gut microbiota and its metabolites.11–15Dietary fiber serves as a substrate for intestinal flora, improving gut microbiotadiversityandrichness 11andleadingtothepro- ductionofshort-chainfattyacids(SCFAs).","Received:31July2024 Revised:13November2024 Accepted:22November2024 DOI:10.1002/mco2.70044 ORIGINAL ARTICLE Comparisonofdietandexerciseoncardiometabolicfactors inyoungadultswithoverweight/obesity:multiomics analysisandgutmicrobiotaprediction,arandomized controlledtrial ZongyuLin1,# TianzeLi1,# FenglianHuang1,# MiaoWu1 LeweiZhu1 YueqinZhou1 Ying-AnMing2 ZhijunLu1 WeiPeng1 FeiGao3 YannaZhu1,4,∗ 1DepartmentofMaternalandChild Health,SchoolofPublicHealth,Sun Yat-senUniversity,Guangzhou,China 2DepartmentofPhysicalEducation,Sun Yat-senUniversity,Guangzhou,China 3AgriculturalGenomicsInstituteat Shenzhen,ChineseAcademyof AgriculturalSciences,Shenzhen,China 4GuangdongProvincialKeyLaboratoryof Food,Nutr",ok,
PMID:39802638,PubMed,39802638,"Comparison of diet and exercise on cardiometabolic factors in young adults with overweight/obesity: multiomics analysis and gut microbiota prediction, a randomized controlled trial.",microbiome,Mediation analysis revealed four gut microbiota-metabolite-host axes in improving CMFs.,p < 0.05,,,,,,,,detail_hint,expansion_queue,pending,,MCO2-6-e70044.pdf,1.000,18,,8 weeks,,123 participants; n=29; n=32; n=30,LDL; microbiota; glucose; waist circumference; body fat; body mass index; BMI; cholesterol; HDL; insulin,"Received:31July2024 Revised:13November2024 Accepted:22November2024 DOI:10.1002/mco2.70044 ORIGINAL ARTICLE Comparisonofdietandexerciseoncardiometabolicfactors inyoungadultswithoverweight/obesity:multiomics analysisandgutmicrobiotaprediction,arandomized controlledtrial ZongyuLin1,# TianzeLi1,# FenglianHuang1,# MiaoWu1 LeweiZhu1 YueqinZhou1 Ying-AnMing2 ZhijunLu1 WeiPeng1 FeiGao3 YannaZhu1,4,∗ 1DepartmentofMaternalandChild Health,SchoolofPublicHealth,Sun Yat-senUniversity,Guangzhou,China 2DepartmentofPhysicalEducation,Sun Yat-senUniversity,Guangzhou,China 3AgriculturalGenomicsInstituteat Shenzhen,ChineseAcademyof AgriculturalSciences,Shenzhen,China 4GuangdongProvincialKeyLaboratoryof Food,NutritionandHealth,Guangzhou, China ∗Correspondence YannaZhu,DepartmentofMaternaland ChildHealth,SchoolofPublicHealth, SunYat-senUniversity,No.74Zhongshan SecondRd,Guangzhou,Guangdong Province510080,China",,,,8 weeks; 8weeks,123 participants; n=29; n=32; n=30,randomized; controlled trial; parallel,diet,p<0.05; p < 0.05; p<0.01; p < 0.01; p=0.15,"reducedlow-densitylipopro- tein(LDL-C)anduricacid(UA)(all p<0; change&PromotionAssociation(SCIMEA)andJohnWiley&SonsAustralia,Ltd; 32%; 40%; increasedoverthepasttwodecades; increased risk of CVDs in later life for this population; increase gut microbiota diversity14and restore a healthy bacterial composition; 44.7%; increased dietaryfiberintake(seeTable S1fordetails); reduced body mass index (BMI) and triglyceride (TG) compared with the control group (a; decreases in serum total cholesterol (TC), uric acid (UA), andlow-densitylipoproteinchol; changesofthepeakintensityofindividualmetabolitesof8-week/baseline; Changea −1; Changea −0; Changea 0; Changea 1; Changea −29; 95%","Received:31July2024 Revised:13November2024 Accepted:22November2024 DOI:10.1002/mco2.70044 ORIGINAL ARTICLE Comparisonofdietandexerciseoncardiometabolicfactors inyoungadultswithoverweight/obesity:multiomics analysisandgutmicrobiotaprediction,arandomized controlledtrial ZongyuLin1,# TianzeLi1,# FenglianHuang1,# MiaoWu1 LeweiZhu1 YueqinZhou1 Ying-AnMing2 Zhijun || We conducted an 8-week randomized controlled trial to com- paretheeffectsofdifferentinterventionsinyouthwithoverweight/obesity.Gut microbes and serum metabolites were examined to identify regulating mech- anisms. || A total of 129 undergraduates were randomly assigned to fiber-rich (FR)diet,rope-skipping(RS),combinedFR–RSandcontrolgroups.Theresults showed that single interventions were as effective as combined interventions inimprovingweight,waistcircumference,bodyfat,andlipidprofilecompared withcontrolgroup.Notably,theFRgroupfurtherreducedlow-densitylipopro- tein(LDL-C || 1 INTRODUCTION Currently, cardiovascular diseases (CVDs) remain the leading cause of death globally, accounting for 32% of all deaths in 2019.1 Notably, this proportion reaches 40% in China,making it thenation with thehighestglobalCVD burden.1,2Theabnormallevelsofcardiometabolicfactors (CMFs) among young individuals, such as obesity, lipid irregularities,and || Although both fiber-rich (FR) diet and aerobic exer- cise(AE)havedemonstratedbenefitsforweightcontrol, 6,7 improvement in lipid metabolism,8,9 and reduction of fasting plasma glucose (FPG),8,10there is still a lack of sufficient research evidence to determine the optimal intervention strategy for each indicator due to the com- plexityanddiversityofCMFs.Moreo || A series ofstudieshave reportedthat bothFR dietand AE interventions alone can regulate CMF levels through the gut microbiota and its metabolites.11–15Dietary fiber serves as a substrate for intestinal flora, improving gut microbiotadiversityandrichness 11andleadingtothepro- ductionofshort-chainfattyacids(SCFAs).","Received:31July2024 Revised:13November2024 Accepted:22November2024 DOI:10.1002/mco2.70044 ORIGINAL ARTICLE Comparisonofdietandexerciseoncardiometabolicfactors inyoungadultswithoverweight/obesity:multiomics analysisandgutmicrobiotaprediction,arandomized controlledtrial ZongyuLin1,# TianzeLi1,# FenglianHuang1,# MiaoWu1 LeweiZhu1 YueqinZhou1 Ying-AnMing2 ZhijunLu1 WeiPeng1 FeiGao3 YannaZhu1,4,∗ 1DepartmentofMaternalandChild Health,SchoolofPublicHealth,Sun Yat-senUniversity,Guangzhou,China 2DepartmentofPhysicalEducation,Sun Yat-senUniversity,Guangzhou,China 3AgriculturalGenomicsInstituteat Shenzhen,ChineseAcademyof AgriculturalSciences,Shenzhen,China 4GuangdongProvincialKeyLaboratoryof Food,Nutr",ok,
PMID:41479657,PubMed,41479657,"Targeting gut microbiota with short-chain fructo-oligosaccharides prebiotic fibers to support metabolic health in overweight prediabetic adults: a randomized, double-blinded, placebo-controlled study.",weight,Body weight remained stable with scFOS while it tended to increase with placebo (estimated means: +0.14 kg vs +0.70 kg; global treatment effect: p = 0.0718).,p = 0.6835; p = 0.0273; p = 0.0279; p = 0.0718; p < 0.004; p = 0.0202; p < 0.05; p = 0.0310; p = 0.0062,,,,,,,n = 66; 30 participants,detail_hint,expansion_queue,pending,,fnut-12-1718169.pdf,1.000,14,prebiotic fibers to support metabolic health in overweight prediabetic adults; Prebiotic dietary fibers may help mitigate this trend by modulating gut microbiota. This; Bifidobacterium; prebiotic; prebiotic properties have been shown to beneficially modulate the gut microbiota and impr; prebiotic dietary fibers; inulin is primarily extracted from chicory roots and has a broader DP range; inulin and typically has a DP of 2 to 9. These structural differences influence their,12 weeks; 3 months,,n = 66; 30 participants,microbiota; glucose; BMI; HbA1c; fat mass; Body weight; body mass index; triglycerides; cholesterol,"Frontiers in Nutrition 01 frontiersin.org Targeting gut microbiota with short-chain fructo-oligosaccharides prebiotic fibers to support metabolic health in overweight prediabetic adults: a randomized, double-blinded, placebo-controlled study Cindy Le Bourgot 1*, Odile Capronnier 2, Sahara Graf 2 and Thomas Carton 2 1Department of Scientific and Regulatory Affairs, TEREOS, Moussy-le-Vieux, France, 2Department of Biometry, BIOFORTIS SAS, Saint-Herblain, France Background and objectives: The global rise in metabolic disorders such as obesity and type 2 diabetes is largely driven by dietary changes and sedentary lifestyles. Prebiotic dietary fibers may help mitigate this trend by modulating gut microbiota. This study aimed to evaluate the effects of short-chain fructo- oligosaccharides (scFOS) on glucose homeostasis, body composition and gut microbiota in overweight individuals with prediabe",Bifidobacterium genus; Bifidobacterium relative; Bifidobacterium and; Bifidobacterium species; Bifidobacterium level; Bifidobacterium abundance; Bifidobacterium Placebo,,,12 weeks; 3 months; 4 weeks; 8 weeks; 6 months; 6 weeks; 18 weeks,n = 66; 30 participants; 35 patients; 66 participants; 233 participants; 66 subjects; n = 35; n = 31; 30 subjects; 15 participants; n = 51; 7 participants,randomized; placebo-controlled; double-blind; parallel; Clinical Trial,prebiotic; diet; powder,p = 0.6835; p = 0.0273; p = 0.0279; p = 0.0718; p < 0.004; p = 0.0202; p < 0.05; p = 0.0310; p = 0.0062; p = 0.7308; p < 0.1; p = 0.0824; p = 0.0758; p = 0.0663; p = 0.031; p = 0.1249,"changes and sedentary lifestyles; 35 kg/m2; 20 g/day; change in HbA1c level, with a hypothesis of superiority, tested using a linear mixed m; 2.7 kg/m2; 97%; +0.055%; +0.030%; decreased (medians: −0; 26%; +0.20%; increased (+0; 27%; 0.30%; increase with placebo (estimated means: +0; 14 kg; +0.70 kg; decreased in the scFOS arm and increased in placebo across three of four indices ( p < 0","Frontiers in Nutrition 01 frontiersin.org Targeting gut microbiota with short-chain fructo-oligosaccharides prebiotic fibers to support metabolic health in overweight prediabetic adults: a randomized, double-blinded, placebo-controlled study Cindy Le Bourgot 1*, Odile Capronnier 2, Sahara Graf 2 and Thomas Carton 2 1Department of Scientific and Regulatory Af || Methods: In this randomized, double-blind, placebo-controlled, parallel arms trial, participants with fasting glycemia between 1 and 1.25 g/L and BMI between 23 and 35 kg/m2 received either 20 g/day of scFOS (Actilight ® 950P; || The primary endpoint was the change in HbA1c level, with a hypothesis of superiority, tested using a linear mixed model. || Results: Participants ( n = 66, 35 scFOS, 31 placebo) had a mean age of 50.6 ± 9.0 years and BMI of 28.2 ± 2.7 kg/m2. || No significant treatment effect was observed for glucose metabolism markers, including the primary outcome HbA1c (+0.055% with scFOS vs +0.030% with placebo, p = 0.6835). || However, body composition outcomes favored scFOS: fat mass decreased (medians: −0.26% vs +0.20%, p = 0.0273), lean mass increased (+0.27% vs −0.30%;","Frontiers in Nutrition 01 frontiersin.org Targeting gut microbiota with short-chain fructo-oligosaccharides prebiotic fibers to support metabolic health in overweight prediabetic adults: a randomized, double-blinded, placebo-controlled study Cindy Le Bourgot 1*, Odile Capronnier 2, Sahara Graf 2 and Thomas Carton 2 1Department of Scientific and Regulatory Affairs, TEREOS, Moussy-le-Vieux, France, 2Department of Biometry, BIOFORTIS SAS, Saint-Herblain, France Background and objectives: The global rise in metabolic disorders such as obesity and type 2 diabetes is largely driven by dietary changes and sedentary lifestyles. Prebiotic dietary fibers may help mitigate this trend by modulating gut ",ok,
PMID:41479657,PubMed,41479657,"Targeting gut microbiota with short-chain fructo-oligosaccharides prebiotic fibers to support metabolic health in overweight prediabetic adults: a randomized, double-blinded, placebo-controlled study.",body_fat,"However, body composition outcomes favored scFOS: fat mass decreased (medians: -0.26% vs +0.20%, p = 0.0273), lean mass increased (+0.27% vs -0.30%; p = 0.0279).",p = 0.6835; p = 0.0273; p = 0.0279; p = 0.0718; p < 0.004; p = 0.0202; p < 0.05; p = 0.0310; p = 0.0062,,,,,,,n = 66; 30 participants,detail_hint,expansion_queue,pending,,fnut-12-1718169.pdf,1.000,14,prebiotic fibers to support metabolic health in overweight prediabetic adults; Prebiotic dietary fibers may help mitigate this trend by modulating gut microbiota. This; Bifidobacterium; prebiotic; prebiotic properties have been shown to beneficially modulate the gut microbiota and impr; prebiotic dietary fibers; inulin is primarily extracted from chicory roots and has a broader DP range; inulin and typically has a DP of 2 to 9. These structural differences influence their,12 weeks; 3 months,,n = 66; 30 participants,microbiota; glucose; BMI; HbA1c; fat mass; Body weight; body mass index; triglycerides; cholesterol,"Frontiers in Nutrition 01 frontiersin.org Targeting gut microbiota with short-chain fructo-oligosaccharides prebiotic fibers to support metabolic health in overweight prediabetic adults: a randomized, double-blinded, placebo-controlled study Cindy Le Bourgot 1*, Odile Capronnier 2, Sahara Graf 2 and Thomas Carton 2 1Department of Scientific and Regulatory Affairs, TEREOS, Moussy-le-Vieux, France, 2Department of Biometry, BIOFORTIS SAS, Saint-Herblain, France Background and objectives: The global rise in metabolic disorders such as obesity and type 2 diabetes is largely driven by dietary changes and sedentary lifestyles. Prebiotic dietary fibers may help mitigate this trend by modulating gut microbiota. This study aimed to evaluate the effects of short-chain fructo- oligosaccharides (scFOS) on glucose homeostasis, body composition and gut microbiota in overweight individuals with prediabe",Bifidobacterium genus; Bifidobacterium relative; Bifidobacterium and; Bifidobacterium species; Bifidobacterium level; Bifidobacterium abundance; Bifidobacterium Placebo,,,12 weeks; 3 months; 4 weeks; 8 weeks; 6 months; 6 weeks; 18 weeks,n = 66; 30 participants; 35 patients; 66 participants; 233 participants; 66 subjects; n = 35; n = 31; 30 subjects; 15 participants; n = 51; 7 participants,randomized; placebo-controlled; double-blind; parallel; Clinical Trial,prebiotic; diet; powder,p = 0.6835; p = 0.0273; p = 0.0279; p = 0.0718; p < 0.004; p = 0.0202; p < 0.05; p = 0.0310; p = 0.0062; p = 0.7308; p < 0.1; p = 0.0824; p = 0.0758; p = 0.0663; p = 0.031; p = 0.1249,"changes and sedentary lifestyles; 35 kg/m2; 20 g/day; change in HbA1c level, with a hypothesis of superiority, tested using a linear mixed m; 2.7 kg/m2; 97%; +0.055%; +0.030%; decreased (medians: −0; 26%; +0.20%; increased (+0; 27%; 0.30%; increase with placebo (estimated means: +0; 14 kg; +0.70 kg; decreased in the scFOS arm and increased in placebo across three of four indices ( p < 0","Frontiers in Nutrition 01 frontiersin.org Targeting gut microbiota with short-chain fructo-oligosaccharides prebiotic fibers to support metabolic health in overweight prediabetic adults: a randomized, double-blinded, placebo-controlled study Cindy Le Bourgot 1*, Odile Capronnier 2, Sahara Graf 2 and Thomas Carton 2 1Department of Scientific and Regulatory Af || Methods: In this randomized, double-blind, placebo-controlled, parallel arms trial, participants with fasting glycemia between 1 and 1.25 g/L and BMI between 23 and 35 kg/m2 received either 20 g/day of scFOS (Actilight ® 950P; || The primary endpoint was the change in HbA1c level, with a hypothesis of superiority, tested using a linear mixed model. || Results: Participants ( n = 66, 35 scFOS, 31 placebo) had a mean age of 50.6 ± 9.0 years and BMI of 28.2 ± 2.7 kg/m2. || No significant treatment effect was observed for glucose metabolism markers, including the primary outcome HbA1c (+0.055% with scFOS vs +0.030% with placebo, p = 0.6835). || However, body composition outcomes favored scFOS: fat mass decreased (medians: −0.26% vs +0.20%, p = 0.0273), lean mass increased (+0.27% vs −0.30%;","Frontiers in Nutrition 01 frontiersin.org Targeting gut microbiota with short-chain fructo-oligosaccharides prebiotic fibers to support metabolic health in overweight prediabetic adults: a randomized, double-blinded, placebo-controlled study Cindy Le Bourgot 1*, Odile Capronnier 2, Sahara Graf 2 and Thomas Carton 2 1Department of Scientific and Regulatory Affairs, TEREOS, Moussy-le-Vieux, France, 2Department of Biometry, BIOFORTIS SAS, Saint-Herblain, France Background and objectives: The global rise in metabolic disorders such as obesity and type 2 diabetes is largely driven by dietary changes and sedentary lifestyles. Prebiotic dietary fibers may help mitigate this trend by modulating gut ",ok,
PMID:41479657,PubMed,41479657,"Targeting gut microbiota with short-chain fructo-oligosaccharides prebiotic fibers to support metabolic health in overweight prediabetic adults: a randomized, double-blinded, placebo-controlled study.",glucose,"No significant treatment effect was observed for glucose metabolism markers, including the primary outcome HbA1c (+0.055% with scFOS vs +0.030% with placebo, p = 0.6835).",p = 0.6835; p = 0.0273; p = 0.0279; p = 0.0718; p < 0.004; p = 0.0202; p < 0.05; p = 0.0310; p = 0.0062,,,,,,,n = 66; 30 participants,detail_hint,expansion_queue,pending,,fnut-12-1718169.pdf,1.000,14,prebiotic fibers to support metabolic health in overweight prediabetic adults; Prebiotic dietary fibers may help mitigate this trend by modulating gut microbiota. This; Bifidobacterium; prebiotic; prebiotic properties have been shown to beneficially modulate the gut microbiota and impr; prebiotic dietary fibers; inulin is primarily extracted from chicory roots and has a broader DP range; inulin and typically has a DP of 2 to 9. These structural differences influence their,12 weeks; 3 months,,n = 66; 30 participants,microbiota; glucose; BMI; HbA1c; fat mass; Body weight; body mass index; triglycerides; cholesterol,"Frontiers in Nutrition 01 frontiersin.org Targeting gut microbiota with short-chain fructo-oligosaccharides prebiotic fibers to support metabolic health in overweight prediabetic adults: a randomized, double-blinded, placebo-controlled study Cindy Le Bourgot 1*, Odile Capronnier 2, Sahara Graf 2 and Thomas Carton 2 1Department of Scientific and Regulatory Affairs, TEREOS, Moussy-le-Vieux, France, 2Department of Biometry, BIOFORTIS SAS, Saint-Herblain, France Background and objectives: The global rise in metabolic disorders such as obesity and type 2 diabetes is largely driven by dietary changes and sedentary lifestyles. Prebiotic dietary fibers may help mitigate this trend by modulating gut microbiota. This study aimed to evaluate the effects of short-chain fructo- oligosaccharides (scFOS) on glucose homeostasis, body composition and gut microbiota in overweight individuals with prediabe",Bifidobacterium genus; Bifidobacterium relative; Bifidobacterium and; Bifidobacterium species; Bifidobacterium level; Bifidobacterium abundance; Bifidobacterium Placebo,,,12 weeks; 3 months; 4 weeks; 8 weeks; 6 months; 6 weeks; 18 weeks,n = 66; 30 participants; 35 patients; 66 participants; 233 participants; 66 subjects; n = 35; n = 31; 30 subjects; 15 participants; n = 51; 7 participants,randomized; placebo-controlled; double-blind; parallel; Clinical Trial,prebiotic; diet; powder,p = 0.6835; p = 0.0273; p = 0.0279; p = 0.0718; p < 0.004; p = 0.0202; p < 0.05; p = 0.0310; p = 0.0062; p = 0.7308; p < 0.1; p = 0.0824; p = 0.0758; p = 0.0663; p = 0.031; p = 0.1249,"changes and sedentary lifestyles; 35 kg/m2; 20 g/day; change in HbA1c level, with a hypothesis of superiority, tested using a linear mixed m; 2.7 kg/m2; 97%; +0.055%; +0.030%; decreased (medians: −0; 26%; +0.20%; increased (+0; 27%; 0.30%; increase with placebo (estimated means: +0; 14 kg; +0.70 kg; decreased in the scFOS arm and increased in placebo across three of four indices ( p < 0","Frontiers in Nutrition 01 frontiersin.org Targeting gut microbiota with short-chain fructo-oligosaccharides prebiotic fibers to support metabolic health in overweight prediabetic adults: a randomized, double-blinded, placebo-controlled study Cindy Le Bourgot 1*, Odile Capronnier 2, Sahara Graf 2 and Thomas Carton 2 1Department of Scientific and Regulatory Af || Methods: In this randomized, double-blind, placebo-controlled, parallel arms trial, participants with fasting glycemia between 1 and 1.25 g/L and BMI between 23 and 35 kg/m2 received either 20 g/day of scFOS (Actilight ® 950P; || The primary endpoint was the change in HbA1c level, with a hypothesis of superiority, tested using a linear mixed model. || Results: Participants ( n = 66, 35 scFOS, 31 placebo) had a mean age of 50.6 ± 9.0 years and BMI of 28.2 ± 2.7 kg/m2. || No significant treatment effect was observed for glucose metabolism markers, including the primary outcome HbA1c (+0.055% with scFOS vs +0.030% with placebo, p = 0.6835). || However, body composition outcomes favored scFOS: fat mass decreased (medians: −0.26% vs +0.20%, p = 0.0273), lean mass increased (+0.27% vs −0.30%;","Frontiers in Nutrition 01 frontiersin.org Targeting gut microbiota with short-chain fructo-oligosaccharides prebiotic fibers to support metabolic health in overweight prediabetic adults: a randomized, double-blinded, placebo-controlled study Cindy Le Bourgot 1*, Odile Capronnier 2, Sahara Graf 2 and Thomas Carton 2 1Department of Scientific and Regulatory Affairs, TEREOS, Moussy-le-Vieux, France, 2Department of Biometry, BIOFORTIS SAS, Saint-Herblain, France Background and objectives: The global rise in metabolic disorders such as obesity and type 2 diabetes is largely driven by dietary changes and sedentary lifestyles. Prebiotic dietary fibers may help mitigate this trend by modulating gut ",ok,
PMID:41479657,PubMed,41479657,"Targeting gut microbiota with short-chain fructo-oligosaccharides prebiotic fibers to support metabolic health in overweight prediabetic adults: a randomized, double-blinded, placebo-controlled study.",microbiome,Prebiotic dietary fibers may help mitigate this trend by modulating gut microbiota.,p = 0.6835; p = 0.0273; p = 0.0279; p = 0.0718; p < 0.004; p = 0.0202; p < 0.05; p = 0.0310; p = 0.0062,,,,,,,n = 66; 30 participants,detail_hint,expansion_queue,pending,,fnut-12-1718169.pdf,1.000,14,prebiotic fibers to support metabolic health in overweight prediabetic adults; Prebiotic dietary fibers may help mitigate this trend by modulating gut microbiota. This; Bifidobacterium; prebiotic; prebiotic properties have been shown to beneficially modulate the gut microbiota and impr; prebiotic dietary fibers; inulin is primarily extracted from chicory roots and has a broader DP range; inulin and typically has a DP of 2 to 9. These structural differences influence their,12 weeks; 3 months,,n = 66; 30 participants,microbiota; glucose; BMI; HbA1c; fat mass; Body weight; body mass index; triglycerides; cholesterol,"Frontiers in Nutrition 01 frontiersin.org Targeting gut microbiota with short-chain fructo-oligosaccharides prebiotic fibers to support metabolic health in overweight prediabetic adults: a randomized, double-blinded, placebo-controlled study Cindy Le Bourgot 1*, Odile Capronnier 2, Sahara Graf 2 and Thomas Carton 2 1Department of Scientific and Regulatory Affairs, TEREOS, Moussy-le-Vieux, France, 2Department of Biometry, BIOFORTIS SAS, Saint-Herblain, France Background and objectives: The global rise in metabolic disorders such as obesity and type 2 diabetes is largely driven by dietary changes and sedentary lifestyles. Prebiotic dietary fibers may help mitigate this trend by modulating gut microbiota. This study aimed to evaluate the effects of short-chain fructo- oligosaccharides (scFOS) on glucose homeostasis, body composition and gut microbiota in overweight individuals with prediabe",Bifidobacterium genus; Bifidobacterium relative; Bifidobacterium and; Bifidobacterium species; Bifidobacterium level; Bifidobacterium abundance; Bifidobacterium Placebo,,,12 weeks; 3 months; 4 weeks; 8 weeks; 6 months; 6 weeks; 18 weeks,n = 66; 30 participants; 35 patients; 66 participants; 233 participants; 66 subjects; n = 35; n = 31; 30 subjects; 15 participants; n = 51; 7 participants,randomized; placebo-controlled; double-blind; parallel; Clinical Trial,prebiotic; diet; powder,p = 0.6835; p = 0.0273; p = 0.0279; p = 0.0718; p < 0.004; p = 0.0202; p < 0.05; p = 0.0310; p = 0.0062; p = 0.7308; p < 0.1; p = 0.0824; p = 0.0758; p = 0.0663; p = 0.031; p = 0.1249,"changes and sedentary lifestyles; 35 kg/m2; 20 g/day; change in HbA1c level, with a hypothesis of superiority, tested using a linear mixed m; 2.7 kg/m2; 97%; +0.055%; +0.030%; decreased (medians: −0; 26%; +0.20%; increased (+0; 27%; 0.30%; increase with placebo (estimated means: +0; 14 kg; +0.70 kg; decreased in the scFOS arm and increased in placebo across three of four indices ( p < 0","Frontiers in Nutrition 01 frontiersin.org Targeting gut microbiota with short-chain fructo-oligosaccharides prebiotic fibers to support metabolic health in overweight prediabetic adults: a randomized, double-blinded, placebo-controlled study Cindy Le Bourgot 1*, Odile Capronnier 2, Sahara Graf 2 and Thomas Carton 2 1Department of Scientific and Regulatory Af || Methods: In this randomized, double-blind, placebo-controlled, parallel arms trial, participants with fasting glycemia between 1 and 1.25 g/L and BMI between 23 and 35 kg/m2 received either 20 g/day of scFOS (Actilight ® 950P; || The primary endpoint was the change in HbA1c level, with a hypothesis of superiority, tested using a linear mixed model. || Results: Participants ( n = 66, 35 scFOS, 31 placebo) had a mean age of 50.6 ± 9.0 years and BMI of 28.2 ± 2.7 kg/m2. || No significant treatment effect was observed for glucose metabolism markers, including the primary outcome HbA1c (+0.055% with scFOS vs +0.030% with placebo, p = 0.6835). || However, body composition outcomes favored scFOS: fat mass decreased (medians: −0.26% vs +0.20%, p = 0.0273), lean mass increased (+0.27% vs −0.30%;","Frontiers in Nutrition 01 frontiersin.org Targeting gut microbiota with short-chain fructo-oligosaccharides prebiotic fibers to support metabolic health in overweight prediabetic adults: a randomized, double-blinded, placebo-controlled study Cindy Le Bourgot 1*, Odile Capronnier 2, Sahara Graf 2 and Thomas Carton 2 1Department of Scientific and Regulatory Affairs, TEREOS, Moussy-le-Vieux, France, 2Department of Biometry, BIOFORTIS SAS, Saint-Herblain, France Background and objectives: The global rise in metabolic disorders such as obesity and type 2 diabetes is largely driven by dietary changes and sedentary lifestyles. Prebiotic dietary fibers may help mitigate this trend by modulating gut ",ok,
PMID:41861447,PubMed,41861447,"Effects of hypocaloric wholegrain rye vs refined wheat diets on weight loss, cardiometabolic risk factors and gut microbiota: A 12-week randomized controlled trial.",weight,"Weight loss was 3.2 kg in the rye-group and 2.9 kg in the wheat-group, with no significant difference between groups (p = 0.32).",p = 0.32; p = 0.003; p = 0.03; p = 0.001; p = 0.02; p < 0.001,,,,,,,255 participants,detail_hint,expansion_queue,pending,,PIIS0261561426000452.pdf,1.000,18,,6 weeks; 2 weeks,,255 participants,fat mass; Body weight; HOMA-IR; insulin; LDL; HDL; BMI; body fat,"Randomized Contro l T rials Effects of h ypocaloric wholegr ain ry e v s r efined wheat diets on weig ht loss, car diometabolic risk fact ors and gut micr obio ta: A 1 2- wee k r andomized contr olled trial Sebastian Åberg a , b , * , 1 , Elise Nor din a , 1 , Kia Nøhr Iv ersen a , Pan pan Qin c , Per M. Hellstr € om d , Karsten Kristiansen c , Rikar d Landberg a , e a Department of Life Sciences, Division of Food and Nutrition Science, Chalmers Univ ersity of T echnology , SE-4 1 2 96 Gothenburg, Sweden b Institute of Neur oscience and Physiology , Department of Physiology , Sahlgrenska Academy , Univ ersity of Gothenburg, 40530 Gothenburg, Sweden c 4 Labor atory of Integr ative Biomedicine, Department of Biology , Univ ersity of Copenhagen, Copenhagen, Denmark d Department of Medical Sciences, Gastroenter ology and Hepatology , Uppsala Univ ersity , SE-75 1 85 Uppsala, Sweden e W allen",,,,6 weeks; 2 weeks; 2 Week; 0 Week; 4 Week; 6 Week; 8 Week; 10 Week; 12 weeks; 7 day,255 participants; 06 participants; 30 participants; 3 participants; n = 1; 584 participants; 26 participants; n = 2; n = 3; n = 229; n = 113; n = 116,Randomized; controlled trial; parallel,diet; milk,p = 0.32; p = 0.0; p = 0.03; p = 0.02; p < 0.0; p < 0.025; p < 0.05; p > 0.05; p = 0.025; p = 0.024; p = 0.04; p < 0.02; p > 0.025,"3.2 kg; 2.9 kg; reduced in the ry e-group; 7 %; change in the wheat-group; change across groups (r =   0; reduced CRP and induced changes in gut microbio ta and short-chain fatty acids which m; 0 %; 40 %; reduced incidence of obesity and relat ed conditions such as type 2 diabetes, heart di; reduced inflammation [ 8 – 1 0 ]; increased production of short-chain fatty acids (SCF As), which are known to act as sign; 1 kg; 35 kg/m2; 0 mIU/L; 5.3 mmol/L; 8 mmol/L; 0.5 kg","Hellstr € om d , Karsten Kristiansen c , Rikar d Landberg a , e a Department of Life Sciences, Division of Food and Nutrition Science, Chalmers Univ ersity of T echnology , SE-4 1 2 96 Gothenburg, Sweden b Institute of Neur oscience and Physiology , Department of Physiology , Sahlgrenska Academy , Univ ersity of Gothenburg, 40530 Gothenburg, Sweden c 4 Labor || Methods : Participants with ov erweight or obesity wer e randomized (1:1) to 1 2-week h ypocaloric diets, substituting habitual cereals with wholegrain ry e or refined wheat foods. || Body weight and composition wer e measured and fecal- and blood samples wer e collected at baseline, after 6 weeks and 1 2 weeks. || 1 3, p = 0.02) at baseline wer e associated with fat mass change in the wheat-group. || Introduction Globally , an estimat ed 2.5 billion adults wer e ov erweight in 2022, of whom 890 million wer e obese — conditions appro ximatel y accounting for 1 0 % of global deaths annually [ 1 , 2 ]. || About 40 % of deaths due to high BMI are attributed to BMI < 30, highlighting the severity of moder ate ov erweight [ 3 ].","Randomized Contro l T rials Effects of h ypocaloric wholegr ain ry e v s r efined wheat diets on weig ht loss, car diometabolic risk fact ors and gut micr obio ta: A 1 2- wee k r andomized contr olled trial Sebastian Åberg a , b , * , 1 , Elise Nor din a , 1 , Kia Nøhr Iv ersen a , Pan pan Qin c , Per M. Hellstr € om d , Karsten Kristiansen c , Rikar d Landberg a , e a Department of Life Sciences, Division of Food and Nutrition Science, Chalmers Univ ersity of T echnology , SE-4 1 2 96 Gothenburg, Sweden b Institute of Neur oscience and Physiology , Department of Physiology , Sahlgrenska Academy , Univ ersity of Gothenburg, 40530 Gothenburg, Sweden c 4 Labor atory of Integr ative Biomedicine",ok,
PMID:41861447,PubMed,41861447,"Effects of hypocaloric wholegrain rye vs refined wheat diets on weight loss, cardiometabolic risk factors and gut microbiota: A 12-week randomized controlled trial.",body_fat,"Reductions in CRP by 17 % (p = 0.03) were observed in the rye-group, while both CRP (r = 0.17, p = 0.001) and HOMA-IR (r = 0.13, p = 0.02) at baseline were associated with fat mass change in the wheat-group.",p = 0.32; p = 0.003; p = 0.03; p = 0.001; p = 0.02; p < 0.001,,,,,,,255 participants,detail_hint,expansion_queue,pending,,PIIS0261561426000452.pdf,1.000,18,,6 weeks; 2 weeks,,255 participants,fat mass; Body weight; HOMA-IR; insulin; LDL; HDL; BMI; body fat,"Randomized Contro l T rials Effects of h ypocaloric wholegr ain ry e v s r efined wheat diets on weig ht loss, car diometabolic risk fact ors and gut micr obio ta: A 1 2- wee k r andomized contr olled trial Sebastian Åberg a , b , * , 1 , Elise Nor din a , 1 , Kia Nøhr Iv ersen a , Pan pan Qin c , Per M. Hellstr € om d , Karsten Kristiansen c , Rikar d Landberg a , e a Department of Life Sciences, Division of Food and Nutrition Science, Chalmers Univ ersity of T echnology , SE-4 1 2 96 Gothenburg, Sweden b Institute of Neur oscience and Physiology , Department of Physiology , Sahlgrenska Academy , Univ ersity of Gothenburg, 40530 Gothenburg, Sweden c 4 Labor atory of Integr ative Biomedicine, Department of Biology , Univ ersity of Copenhagen, Copenhagen, Denmark d Department of Medical Sciences, Gastroenter ology and Hepatology , Uppsala Univ ersity , SE-75 1 85 Uppsala, Sweden e W allen",,,,6 weeks; 2 weeks; 2 Week; 0 Week; 4 Week; 6 Week; 8 Week; 10 Week; 12 weeks; 7 day,255 participants; 06 participants; 30 participants; 3 participants; n = 1; 584 participants; 26 participants; n = 2; n = 3; n = 229; n = 113; n = 116,Randomized; controlled trial; parallel,diet; milk,p = 0.32; p = 0.0; p = 0.03; p = 0.02; p < 0.0; p < 0.025; p < 0.05; p > 0.05; p = 0.025; p = 0.024; p = 0.04; p < 0.02; p > 0.025,"3.2 kg; 2.9 kg; reduced in the ry e-group; 7 %; change in the wheat-group; change across groups (r =   0; reduced CRP and induced changes in gut microbio ta and short-chain fatty acids which m; 0 %; 40 %; reduced incidence of obesity and relat ed conditions such as type 2 diabetes, heart di; reduced inflammation [ 8 – 1 0 ]; increased production of short-chain fatty acids (SCF As), which are known to act as sign; 1 kg; 35 kg/m2; 0 mIU/L; 5.3 mmol/L; 8 mmol/L; 0.5 kg","Hellstr € om d , Karsten Kristiansen c , Rikar d Landberg a , e a Department of Life Sciences, Division of Food and Nutrition Science, Chalmers Univ ersity of T echnology , SE-4 1 2 96 Gothenburg, Sweden b Institute of Neur oscience and Physiology , Department of Physiology , Sahlgrenska Academy , Univ ersity of Gothenburg, 40530 Gothenburg, Sweden c 4 Labor || Methods : Participants with ov erweight or obesity wer e randomized (1:1) to 1 2-week h ypocaloric diets, substituting habitual cereals with wholegrain ry e or refined wheat foods. || Body weight and composition wer e measured and fecal- and blood samples wer e collected at baseline, after 6 weeks and 1 2 weeks. || 1 3, p = 0.02) at baseline wer e associated with fat mass change in the wheat-group. || Introduction Globally , an estimat ed 2.5 billion adults wer e ov erweight in 2022, of whom 890 million wer e obese — conditions appro ximatel y accounting for 1 0 % of global deaths annually [ 1 , 2 ]. || About 40 % of deaths due to high BMI are attributed to BMI < 30, highlighting the severity of moder ate ov erweight [ 3 ].","Randomized Contro l T rials Effects of h ypocaloric wholegr ain ry e v s r efined wheat diets on weig ht loss, car diometabolic risk fact ors and gut micr obio ta: A 1 2- wee k r andomized contr olled trial Sebastian Åberg a , b , * , 1 , Elise Nor din a , 1 , Kia Nøhr Iv ersen a , Pan pan Qin c , Per M. Hellstr € om d , Karsten Kristiansen c , Rikar d Landberg a , e a Department of Life Sciences, Division of Food and Nutrition Science, Chalmers Univ ersity of T echnology , SE-4 1 2 96 Gothenburg, Sweden b Institute of Neur oscience and Physiology , Department of Physiology , Sahlgrenska Academy , Univ ersity of Gothenburg, 40530 Gothenburg, Sweden c 4 Labor atory of Integr ative Biomedicine",ok,
PMID:41861447,PubMed,41861447,"Effects of hypocaloric wholegrain rye vs refined wheat diets on weight loss, cardiometabolic risk factors and gut microbiota: A 12-week randomized controlled trial.",glucose,"Reductions in CRP by 17 % (p = 0.03) were observed in the rye-group, while both CRP (r = 0.17, p = 0.001) and HOMA-IR (r = 0.13, p = 0.02) at baseline were associated with fat mass change in the wheat-group.",p = 0.32; p = 0.003; p = 0.03; p = 0.001; p = 0.02; p < 0.001,,,,,,,255 participants,detail_hint,expansion_queue,pending,,PIIS0261561426000452.pdf,1.000,18,,6 weeks; 2 weeks,,255 participants,fat mass; Body weight; HOMA-IR; insulin; LDL; HDL; BMI; body fat,"Randomized Contro l T rials Effects of h ypocaloric wholegr ain ry e v s r efined wheat diets on weig ht loss, car diometabolic risk fact ors and gut micr obio ta: A 1 2- wee k r andomized contr olled trial Sebastian Åberg a , b , * , 1 , Elise Nor din a , 1 , Kia Nøhr Iv ersen a , Pan pan Qin c , Per M. Hellstr € om d , Karsten Kristiansen c , Rikar d Landberg a , e a Department of Life Sciences, Division of Food and Nutrition Science, Chalmers Univ ersity of T echnology , SE-4 1 2 96 Gothenburg, Sweden b Institute of Neur oscience and Physiology , Department of Physiology , Sahlgrenska Academy , Univ ersity of Gothenburg, 40530 Gothenburg, Sweden c 4 Labor atory of Integr ative Biomedicine, Department of Biology , Univ ersity of Copenhagen, Copenhagen, Denmark d Department of Medical Sciences, Gastroenter ology and Hepatology , Uppsala Univ ersity , SE-75 1 85 Uppsala, Sweden e W allen",,,,6 weeks; 2 weeks; 2 Week; 0 Week; 4 Week; 6 Week; 8 Week; 10 Week; 12 weeks; 7 day,255 participants; 06 participants; 30 participants; 3 participants; n = 1; 584 participants; 26 participants; n = 2; n = 3; n = 229; n = 113; n = 116,Randomized; controlled trial; parallel,diet; milk,p = 0.32; p = 0.0; p = 0.03; p = 0.02; p < 0.0; p < 0.025; p < 0.05; p > 0.05; p = 0.025; p = 0.024; p = 0.04; p < 0.02; p > 0.025,"3.2 kg; 2.9 kg; reduced in the ry e-group; 7 %; change in the wheat-group; change across groups (r =   0; reduced CRP and induced changes in gut microbio ta and short-chain fatty acids which m; 0 %; 40 %; reduced incidence of obesity and relat ed conditions such as type 2 diabetes, heart di; reduced inflammation [ 8 – 1 0 ]; increased production of short-chain fatty acids (SCF As), which are known to act as sign; 1 kg; 35 kg/m2; 0 mIU/L; 5.3 mmol/L; 8 mmol/L; 0.5 kg","Hellstr € om d , Karsten Kristiansen c , Rikar d Landberg a , e a Department of Life Sciences, Division of Food and Nutrition Science, Chalmers Univ ersity of T echnology , SE-4 1 2 96 Gothenburg, Sweden b Institute of Neur oscience and Physiology , Department of Physiology , Sahlgrenska Academy , Univ ersity of Gothenburg, 40530 Gothenburg, Sweden c 4 Labor || Methods : Participants with ov erweight or obesity wer e randomized (1:1) to 1 2-week h ypocaloric diets, substituting habitual cereals with wholegrain ry e or refined wheat foods. || Body weight and composition wer e measured and fecal- and blood samples wer e collected at baseline, after 6 weeks and 1 2 weeks. || 1 3, p = 0.02) at baseline wer e associated with fat mass change in the wheat-group. || Introduction Globally , an estimat ed 2.5 billion adults wer e ov erweight in 2022, of whom 890 million wer e obese — conditions appro ximatel y accounting for 1 0 % of global deaths annually [ 1 , 2 ]. || About 40 % of deaths due to high BMI are attributed to BMI < 30, highlighting the severity of moder ate ov erweight [ 3 ].","Randomized Contro l T rials Effects of h ypocaloric wholegr ain ry e v s r efined wheat diets on weig ht loss, car diometabolic risk fact ors and gut micr obio ta: A 1 2- wee k r andomized contr olled trial Sebastian Åberg a , b , * , 1 , Elise Nor din a , 1 , Kia Nøhr Iv ersen a , Pan pan Qin c , Per M. Hellstr € om d , Karsten Kristiansen c , Rikar d Landberg a , e a Department of Life Sciences, Division of Food and Nutrition Science, Chalmers Univ ersity of T echnology , SE-4 1 2 96 Gothenburg, Sweden b Institute of Neur oscience and Physiology , Department of Physiology , Sahlgrenska Academy , Univ ersity of Gothenburg, 40530 Gothenburg, Sweden c 4 Labor atory of Integr ative Biomedicine",ok,
PMID:41861447,PubMed,41861447,"Effects of hypocaloric wholegrain rye vs refined wheat diets on weight loss, cardiometabolic risk factors and gut microbiota: A 12-week randomized controlled trial.",microbiome,"However, wholegrain rye reduced CRP and induced changes in gut microbiota and short-chain fatty acids which may have positive implications for cardiometabolic health.",p = 0.32; p = 0.003; p = 0.03; p = 0.001; p = 0.02; p < 0.001,,,,,,,255 participants,detail_hint,expansion_queue,pending,,PIIS0261561426000452.pdf,1.000,18,,6 weeks; 2 weeks,,255 participants,fat mass; Body weight; HOMA-IR; insulin; LDL; HDL; BMI; body fat,"Randomized Contro l T rials Effects of h ypocaloric wholegr ain ry e v s r efined wheat diets on weig ht loss, car diometabolic risk fact ors and gut micr obio ta: A 1 2- wee k r andomized contr olled trial Sebastian Åberg a , b , * , 1 , Elise Nor din a , 1 , Kia Nøhr Iv ersen a , Pan pan Qin c , Per M. Hellstr € om d , Karsten Kristiansen c , Rikar d Landberg a , e a Department of Life Sciences, Division of Food and Nutrition Science, Chalmers Univ ersity of T echnology , SE-4 1 2 96 Gothenburg, Sweden b Institute of Neur oscience and Physiology , Department of Physiology , Sahlgrenska Academy , Univ ersity of Gothenburg, 40530 Gothenburg, Sweden c 4 Labor atory of Integr ative Biomedicine, Department of Biology , Univ ersity of Copenhagen, Copenhagen, Denmark d Department of Medical Sciences, Gastroenter ology and Hepatology , Uppsala Univ ersity , SE-75 1 85 Uppsala, Sweden e W allen",,,,6 weeks; 2 weeks; 2 Week; 0 Week; 4 Week; 6 Week; 8 Week; 10 Week; 12 weeks; 7 day,255 participants; 06 participants; 30 participants; 3 participants; n = 1; 584 participants; 26 participants; n = 2; n = 3; n = 229; n = 113; n = 116,Randomized; controlled trial; parallel,diet; milk,p = 0.32; p = 0.0; p = 0.03; p = 0.02; p < 0.0; p < 0.025; p < 0.05; p > 0.05; p = 0.025; p = 0.024; p = 0.04; p < 0.02; p > 0.025,"3.2 kg; 2.9 kg; reduced in the ry e-group; 7 %; change in the wheat-group; change across groups (r =   0; reduced CRP and induced changes in gut microbio ta and short-chain fatty acids which m; 0 %; 40 %; reduced incidence of obesity and relat ed conditions such as type 2 diabetes, heart di; reduced inflammation [ 8 – 1 0 ]; increased production of short-chain fatty acids (SCF As), which are known to act as sign; 1 kg; 35 kg/m2; 0 mIU/L; 5.3 mmol/L; 8 mmol/L; 0.5 kg","Hellstr € om d , Karsten Kristiansen c , Rikar d Landberg a , e a Department of Life Sciences, Division of Food and Nutrition Science, Chalmers Univ ersity of T echnology , SE-4 1 2 96 Gothenburg, Sweden b Institute of Neur oscience and Physiology , Department of Physiology , Sahlgrenska Academy , Univ ersity of Gothenburg, 40530 Gothenburg, Sweden c 4 Labor || Methods : Participants with ov erweight or obesity wer e randomized (1:1) to 1 2-week h ypocaloric diets, substituting habitual cereals with wholegrain ry e or refined wheat foods. || Body weight and composition wer e measured and fecal- and blood samples wer e collected at baseline, after 6 weeks and 1 2 weeks. || 1 3, p = 0.02) at baseline wer e associated with fat mass change in the wheat-group. || Introduction Globally , an estimat ed 2.5 billion adults wer e ov erweight in 2022, of whom 890 million wer e obese — conditions appro ximatel y accounting for 1 0 % of global deaths annually [ 1 , 2 ]. || About 40 % of deaths due to high BMI are attributed to BMI < 30, highlighting the severity of moder ate ov erweight [ 3 ].","Randomized Contro l T rials Effects of h ypocaloric wholegr ain ry e v s r efined wheat diets on weig ht loss, car diometabolic risk fact ors and gut micr obio ta: A 1 2- wee k r andomized contr olled trial Sebastian Åberg a , b , * , 1 , Elise Nor din a , 1 , Kia Nøhr Iv ersen a , Pan pan Qin c , Per M. Hellstr € om d , Karsten Kristiansen c , Rikar d Landberg a , e a Department of Life Sciences, Division of Food and Nutrition Science, Chalmers Univ ersity of T echnology , SE-4 1 2 96 Gothenburg, Sweden b Institute of Neur oscience and Physiology , Department of Physiology , Sahlgrenska Academy , Univ ersity of Gothenburg, 40530 Gothenburg, Sweden c 4 Labor atory of Integr ative Biomedicine",ok,
PMID:42044842,PubMed,42044842,"The effect of a two-week low glycaemic index, higher fibre diet versus high glycaemic index diet on body composition, ectopic lipids, inflammatory biomarkers, gastrointestinal hormones and gut microbiota in metabolic dysfunction-associated steatotic liver disease (MASLD): A pilot randomized cross-over study.",weight,"Additionally, the LGI diet resulted in significant reductions in body weight (-1.2 kg, p = 0.018) and body mass index (-0.38 kg/m2, p = 0.017), as well as increased pre-meal appetite scores during the middle of the diet period and decreased interleukin 6; IL-6 (-0.9 pg/mL) and glucagon (-13.7 pg/mL) levels (all p < 0.05).",p = 0.043; p = 0.018; p = 0.017; p < 0.05,,,,,,,7 participants,detail_hint,expansion_queue,pending,,PIIS240545772600402X.pdf,1.000,10,,,,7 participants; 269 participants,microbiota; glucose; HOMA-IR; body weight; body mass index; insulin; BMI,"Original article The effect of a two-w eek low glycaemic index, higher fibre diet versus high glycaemic index diet on body composition, ectopic lipids, inflammatory biomarkers, gastrointestinal hormones and gut microbiota in metabolic dysfunction-associated steatotic liver disease (MASLD): A pilot randomized cross-over study Amina A. Al-Aw adi a,b,c,d,1 , Jane I. Grove a,b , Stephen Bawden b,e,f,g , Amrita Vijay b,h , Ana M. Valdes b,h , Penny Gow land b,e , Moir a A. Taylor b,i,2 , Guruprasad P. Aithal a,b,*,2 a Nottingham Digestive Diseases Centre, Translational Medical Sciences, School of Medicine, University of Nottingham, Nottingham, UK b National Institute for Health Research (NIHR) Nottingham Biomedical Research Centre, Nottingham University Hospitals NHS Trust and the University of Nottingham, Nottingham, UK c Al-Sabah Hospital, Ministry of Health, Civil Service Commission, Kuwai",Bifidobacterium and; Lactobacillus levels; Lactobacillus and,,,2 weeks; 12 months; 1 week; 24 weeks,7 participants; 269 participants; 8 participants; n = 7; n = 13; n = 154; n = 71; n = 98; n = 15; n = 5,pilot; randomized; randomised; crossover; controlled trial; clinical trial,diet,p = 0.043; p = 0.018; p = 0.017; p < 0.05; p > 0.05; p < 0.0001; p = 0.0001; p = 0.4; p = 0.51; p = 0.59; p = 0.66; p = 0.63; p = 0.028; p = 0.61; p = 0.23; p = 0.09,"reduce liver fat, blood glucose, and gut microbiota imbalance arresting MASLD progress; reduce liver fat more than a high GI (HGI) diet, despite matched energy (isoenergetic); reduced following the LGI diet (8; 57%; changes in blood glycaemic biomarkers, including a significant reduction in HOMA-IR ( ; 1.2 kg; 0.38 kg/; increased pre-meal appetite scores during the middle of the diet period and decreased in; reduce liver fat in patients with MASLD and may be an important factor in preventative; increased globally, leading to significant risks of metabolic dysfunction, liver disease; increase from 18th in 1990 [2]; 5%; 38%; increase in hepatic stores of fat when compared with isoenergetic low GI (LGI) diet cons; reduce circulating glucose spikes, insulin resistance, hepatic glucose influx, and de; reduced liver fat compared with baseline, but confounding factors, such as other lifes; changes[15–17]; 25 kg/m","The impact of the LGI diet on liver fat content, measured using Magnetic Resonance Spectroscopy ( 1 H-MRS) liver-related blood biomarkers, appetite (using subjective visual analogue scales) and gut microbiome composition w as identified. || Relative liver fat fraction w as mar kedly reduced following the LGI diet (8.57%).Observ ations in the LGI group coincided with changes in blood glycaemic biomarkers, including a significant reduction in HOMA-IR (  1.78, p = 0.043). || Additionally, the LGI diet resulted in significant reductions in body weight (  1.2 kg, p = 0.018) and body mass index (  0.38 kg/ m 2 , p = 0.017), as well as increased pre-meal appetite scores during the middle of the diet period and decreased interleukin 6; || Patients with MASLD often consume high GI (HGI) foods, which are associated with insulin resistance, inflammation, metabolic dysfunction, and liver damag e [7,9]. || LGI diets have been proposed as an effective lifestyle intervention in MASLD due to their potential ability to reduce circulating glucose spikes, insulin resistance, hepatic glucose influx, and de novo lipogenesis [11]. || High-fibre diets, how ever, are not always associated with LGI, as some fibre types can have a lesser impact on postprandial glycemia and hyperinsulinemia [14].","Original article The effect of a two-w eek low glycaemic index, higher fibre diet versus high glycaemic index diet on body composition, ectopic lipids, inflammatory biomarkers, gastrointestinal hormones and gut microbiota in metabolic dysfunction-associated steatotic liver disease (MASLD): A pilot randomized cross-over study Amina A. Al-Aw adi a,b,c,d,1 , Jane I. Grove a,b , Stephen Bawden b,e,f,g , Amrita Vijay b,h , Ana M. Valdes b,h , Penny Gow land b,e , Moir a A. Taylor b,i,2 , Guruprasad P. Aithal a,b,*,2 a Nottingham Digestive Diseases Centre, Translational Medical Sciences, School of Medicine, University of Nottingham, Nottingham, UK b National Institute for Health Research (NIHR) No",ok,
PMID:42044842,PubMed,42044842,"The effect of a two-week low glycaemic index, higher fibre diet versus high glycaemic index diet on body composition, ectopic lipids, inflammatory biomarkers, gastrointestinal hormones and gut microbiota in metabolic dysfunction-associated steatotic liver disease (MASLD): A pilot randomized cross-over study.",BMI,"Additionally, the LGI diet resulted in significant reductions in body weight (-1.2 kg, p = 0.018) and body mass index (-0.38 kg/m2, p = 0.017), as well as increased pre-meal appetite scores during the middle of the diet period and decreased interleukin 6; IL-6 (-0.9 pg/mL) and glucagon (-13.7 pg/mL) levels (all p < 0.05).",p = 0.043; p = 0.018; p = 0.017; p < 0.05,,,,,,,7 participants,detail_hint,expansion_queue,pending,,PIIS240545772600402X.pdf,1.000,10,,,,7 participants; 269 participants,microbiota; glucose; HOMA-IR; body weight; body mass index; insulin; BMI,"Original article The effect of a two-w eek low glycaemic index, higher fibre diet versus high glycaemic index diet on body composition, ectopic lipids, inflammatory biomarkers, gastrointestinal hormones and gut microbiota in metabolic dysfunction-associated steatotic liver disease (MASLD): A pilot randomized cross-over study Amina A. Al-Aw adi a,b,c,d,1 , Jane I. Grove a,b , Stephen Bawden b,e,f,g , Amrita Vijay b,h , Ana M. Valdes b,h , Penny Gow land b,e , Moir a A. Taylor b,i,2 , Guruprasad P. Aithal a,b,*,2 a Nottingham Digestive Diseases Centre, Translational Medical Sciences, School of Medicine, University of Nottingham, Nottingham, UK b National Institute for Health Research (NIHR) Nottingham Biomedical Research Centre, Nottingham University Hospitals NHS Trust and the University of Nottingham, Nottingham, UK c Al-Sabah Hospital, Ministry of Health, Civil Service Commission, Kuwai",Bifidobacterium and; Lactobacillus levels; Lactobacillus and,,,2 weeks; 12 months; 1 week; 24 weeks,7 participants; 269 participants; 8 participants; n = 7; n = 13; n = 154; n = 71; n = 98; n = 15; n = 5,pilot; randomized; randomised; crossover; controlled trial; clinical trial,diet,p = 0.043; p = 0.018; p = 0.017; p < 0.05; p > 0.05; p < 0.0001; p = 0.0001; p = 0.4; p = 0.51; p = 0.59; p = 0.66; p = 0.63; p = 0.028; p = 0.61; p = 0.23; p = 0.09,"reduce liver fat, blood glucose, and gut microbiota imbalance arresting MASLD progress; reduce liver fat more than a high GI (HGI) diet, despite matched energy (isoenergetic); reduced following the LGI diet (8; 57%; changes in blood glycaemic biomarkers, including a significant reduction in HOMA-IR ( ; 1.2 kg; 0.38 kg/; increased pre-meal appetite scores during the middle of the diet period and decreased in; reduce liver fat in patients with MASLD and may be an important factor in preventative; increased globally, leading to significant risks of metabolic dysfunction, liver disease; increase from 18th in 1990 [2]; 5%; 38%; increase in hepatic stores of fat when compared with isoenergetic low GI (LGI) diet cons; reduce circulating glucose spikes, insulin resistance, hepatic glucose influx, and de; reduced liver fat compared with baseline, but confounding factors, such as other lifes; changes[15–17]; 25 kg/m","The impact of the LGI diet on liver fat content, measured using Magnetic Resonance Spectroscopy ( 1 H-MRS) liver-related blood biomarkers, appetite (using subjective visual analogue scales) and gut microbiome composition w as identified. || Relative liver fat fraction w as mar kedly reduced following the LGI diet (8.57%).Observ ations in the LGI group coincided with changes in blood glycaemic biomarkers, including a significant reduction in HOMA-IR (  1.78, p = 0.043). || Additionally, the LGI diet resulted in significant reductions in body weight (  1.2 kg, p = 0.018) and body mass index (  0.38 kg/ m 2 , p = 0.017), as well as increased pre-meal appetite scores during the middle of the diet period and decreased interleukin 6; || Patients with MASLD often consume high GI (HGI) foods, which are associated with insulin resistance, inflammation, metabolic dysfunction, and liver damag e [7,9]. || LGI diets have been proposed as an effective lifestyle intervention in MASLD due to their potential ability to reduce circulating glucose spikes, insulin resistance, hepatic glucose influx, and de novo lipogenesis [11]. || High-fibre diets, how ever, are not always associated with LGI, as some fibre types can have a lesser impact on postprandial glycemia and hyperinsulinemia [14].","Original article The effect of a two-w eek low glycaemic index, higher fibre diet versus high glycaemic index diet on body composition, ectopic lipids, inflammatory biomarkers, gastrointestinal hormones and gut microbiota in metabolic dysfunction-associated steatotic liver disease (MASLD): A pilot randomized cross-over study Amina A. Al-Aw adi a,b,c,d,1 , Jane I. Grove a,b , Stephen Bawden b,e,f,g , Amrita Vijay b,h , Ana M. Valdes b,h , Penny Gow land b,e , Moir a A. Taylor b,i,2 , Guruprasad P. Aithal a,b,*,2 a Nottingham Digestive Diseases Centre, Translational Medical Sciences, School of Medicine, University of Nottingham, Nottingham, UK b National Institute for Health Research (NIHR) No",ok,
PMID:42044842,PubMed,42044842,"The effect of a two-week low glycaemic index, higher fibre diet versus high glycaemic index diet on body composition, ectopic lipids, inflammatory biomarkers, gastrointestinal hormones and gut microbiota in metabolic dysfunction-associated steatotic liver disease (MASLD): A pilot randomized cross-over study.",glucose,"Low glycaemic index (LGI) diets, which tend to be naturally higher in dietary fibre, may reduce liver fat, blood glucose, and gut microbiota imbalance arresting MASLD progression.",p = 0.043; p = 0.018; p = 0.017; p < 0.05,,,,,,,7 participants,detail_hint,expansion_queue,pending,,PIIS240545772600402X.pdf,1.000,10,,,,7 participants; 269 participants,microbiota; glucose; HOMA-IR; body weight; body mass index; insulin; BMI,"Original article The effect of a two-w eek low glycaemic index, higher fibre diet versus high glycaemic index diet on body composition, ectopic lipids, inflammatory biomarkers, gastrointestinal hormones and gut microbiota in metabolic dysfunction-associated steatotic liver disease (MASLD): A pilot randomized cross-over study Amina A. Al-Aw adi a,b,c,d,1 , Jane I. Grove a,b , Stephen Bawden b,e,f,g , Amrita Vijay b,h , Ana M. Valdes b,h , Penny Gow land b,e , Moir a A. Taylor b,i,2 , Guruprasad P. Aithal a,b,*,2 a Nottingham Digestive Diseases Centre, Translational Medical Sciences, School of Medicine, University of Nottingham, Nottingham, UK b National Institute for Health Research (NIHR) Nottingham Biomedical Research Centre, Nottingham University Hospitals NHS Trust and the University of Nottingham, Nottingham, UK c Al-Sabah Hospital, Ministry of Health, Civil Service Commission, Kuwai",Bifidobacterium and; Lactobacillus levels; Lactobacillus and,,,2 weeks; 12 months; 1 week; 24 weeks,7 participants; 269 participants; 8 participants; n = 7; n = 13; n = 154; n = 71; n = 98; n = 15; n = 5,pilot; randomized; randomised; crossover; controlled trial; clinical trial,diet,p = 0.043; p = 0.018; p = 0.017; p < 0.05; p > 0.05; p < 0.0001; p = 0.0001; p = 0.4; p = 0.51; p = 0.59; p = 0.66; p = 0.63; p = 0.028; p = 0.61; p = 0.23; p = 0.09,"reduce liver fat, blood glucose, and gut microbiota imbalance arresting MASLD progress; reduce liver fat more than a high GI (HGI) diet, despite matched energy (isoenergetic); reduced following the LGI diet (8; 57%; changes in blood glycaemic biomarkers, including a significant reduction in HOMA-IR ( ; 1.2 kg; 0.38 kg/; increased pre-meal appetite scores during the middle of the diet period and decreased in; reduce liver fat in patients with MASLD and may be an important factor in preventative; increased globally, leading to significant risks of metabolic dysfunction, liver disease; increase from 18th in 1990 [2]; 5%; 38%; increase in hepatic stores of fat when compared with isoenergetic low GI (LGI) diet cons; reduce circulating glucose spikes, insulin resistance, hepatic glucose influx, and de; reduced liver fat compared with baseline, but confounding factors, such as other lifes; changes[15–17]; 25 kg/m","The impact of the LGI diet on liver fat content, measured using Magnetic Resonance Spectroscopy ( 1 H-MRS) liver-related blood biomarkers, appetite (using subjective visual analogue scales) and gut microbiome composition w as identified. || Relative liver fat fraction w as mar kedly reduced following the LGI diet (8.57%).Observ ations in the LGI group coincided with changes in blood glycaemic biomarkers, including a significant reduction in HOMA-IR (  1.78, p = 0.043). || Additionally, the LGI diet resulted in significant reductions in body weight (  1.2 kg, p = 0.018) and body mass index (  0.38 kg/ m 2 , p = 0.017), as well as increased pre-meal appetite scores during the middle of the diet period and decreased interleukin 6; || Patients with MASLD often consume high GI (HGI) foods, which are associated with insulin resistance, inflammation, metabolic dysfunction, and liver damag e [7,9]. || LGI diets have been proposed as an effective lifestyle intervention in MASLD due to their potential ability to reduce circulating glucose spikes, insulin resistance, hepatic glucose influx, and de novo lipogenesis [11]. || High-fibre diets, how ever, are not always associated with LGI, as some fibre types can have a lesser impact on postprandial glycemia and hyperinsulinemia [14].","Original article The effect of a two-w eek low glycaemic index, higher fibre diet versus high glycaemic index diet on body composition, ectopic lipids, inflammatory biomarkers, gastrointestinal hormones and gut microbiota in metabolic dysfunction-associated steatotic liver disease (MASLD): A pilot randomized cross-over study Amina A. Al-Aw adi a,b,c,d,1 , Jane I. Grove a,b , Stephen Bawden b,e,f,g , Amrita Vijay b,h , Ana M. Valdes b,h , Penny Gow land b,e , Moir a A. Taylor b,i,2 , Guruprasad P. Aithal a,b,*,2 a Nottingham Digestive Diseases Centre, Translational Medical Sciences, School of Medicine, University of Nottingham, Nottingham, UK b National Institute for Health Research (NIHR) No",ok,
PMID:42044842,PubMed,42044842,"The effect of a two-week low glycaemic index, higher fibre diet versus high glycaemic index diet on body composition, ectopic lipids, inflammatory biomarkers, gastrointestinal hormones and gut microbiota in metabolic dysfunction-associated steatotic liver disease (MASLD): A pilot randomized cross-over study.",microbiome,"Low glycaemic index (LGI) diets, which tend to be naturally higher in dietary fibre, may reduce liver fat, blood glucose, and gut microbiota imbalance arresting MASLD progression.",p = 0.043; p = 0.018; p = 0.017; p < 0.05,,,,,,,7 participants,detail_hint,expansion_queue,pending,,PIIS240545772600402X.pdf,1.000,10,,,,7 participants; 269 participants,microbiota; glucose; HOMA-IR; body weight; body mass index; insulin; BMI,"Original article The effect of a two-w eek low glycaemic index, higher fibre diet versus high glycaemic index diet on body composition, ectopic lipids, inflammatory biomarkers, gastrointestinal hormones and gut microbiota in metabolic dysfunction-associated steatotic liver disease (MASLD): A pilot randomized cross-over study Amina A. Al-Aw adi a,b,c,d,1 , Jane I. Grove a,b , Stephen Bawden b,e,f,g , Amrita Vijay b,h , Ana M. Valdes b,h , Penny Gow land b,e , Moir a A. Taylor b,i,2 , Guruprasad P. Aithal a,b,*,2 a Nottingham Digestive Diseases Centre, Translational Medical Sciences, School of Medicine, University of Nottingham, Nottingham, UK b National Institute for Health Research (NIHR) Nottingham Biomedical Research Centre, Nottingham University Hospitals NHS Trust and the University of Nottingham, Nottingham, UK c Al-Sabah Hospital, Ministry of Health, Civil Service Commission, Kuwai",Bifidobacterium and; Lactobacillus levels; Lactobacillus and,,,2 weeks; 12 months; 1 week; 24 weeks,7 participants; 269 participants; 8 participants; n = 7; n = 13; n = 154; n = 71; n = 98; n = 15; n = 5,pilot; randomized; randomised; crossover; controlled trial; clinical trial,diet,p = 0.043; p = 0.018; p = 0.017; p < 0.05; p > 0.05; p < 0.0001; p = 0.0001; p = 0.4; p = 0.51; p = 0.59; p = 0.66; p = 0.63; p = 0.028; p = 0.61; p = 0.23; p = 0.09,"reduce liver fat, blood glucose, and gut microbiota imbalance arresting MASLD progress; reduce liver fat more than a high GI (HGI) diet, despite matched energy (isoenergetic); reduced following the LGI diet (8; 57%; changes in blood glycaemic biomarkers, including a significant reduction in HOMA-IR ( ; 1.2 kg; 0.38 kg/; increased pre-meal appetite scores during the middle of the diet period and decreased in; reduce liver fat in patients with MASLD and may be an important factor in preventative; increased globally, leading to significant risks of metabolic dysfunction, liver disease; increase from 18th in 1990 [2]; 5%; 38%; increase in hepatic stores of fat when compared with isoenergetic low GI (LGI) diet cons; reduce circulating glucose spikes, insulin resistance, hepatic glucose influx, and de; reduced liver fat compared with baseline, but confounding factors, such as other lifes; changes[15–17]; 25 kg/m","The impact of the LGI diet on liver fat content, measured using Magnetic Resonance Spectroscopy ( 1 H-MRS) liver-related blood biomarkers, appetite (using subjective visual analogue scales) and gut microbiome composition w as identified. || Relative liver fat fraction w as mar kedly reduced following the LGI diet (8.57%).Observ ations in the LGI group coincided with changes in blood glycaemic biomarkers, including a significant reduction in HOMA-IR (  1.78, p = 0.043). || Additionally, the LGI diet resulted in significant reductions in body weight (  1.2 kg, p = 0.018) and body mass index (  0.38 kg/ m 2 , p = 0.017), as well as increased pre-meal appetite scores during the middle of the diet period and decreased interleukin 6; || Patients with MASLD often consume high GI (HGI) foods, which are associated with insulin resistance, inflammation, metabolic dysfunction, and liver damag e [7,9]. || LGI diets have been proposed as an effective lifestyle intervention in MASLD due to their potential ability to reduce circulating glucose spikes, insulin resistance, hepatic glucose influx, and de novo lipogenesis [11]. || High-fibre diets, how ever, are not always associated with LGI, as some fibre types can have a lesser impact on postprandial glycemia and hyperinsulinemia [14].","Original article The effect of a two-w eek low glycaemic index, higher fibre diet versus high glycaemic index diet on body composition, ectopic lipids, inflammatory biomarkers, gastrointestinal hormones and gut microbiota in metabolic dysfunction-associated steatotic liver disease (MASLD): A pilot randomized cross-over study Amina A. Al-Aw adi a,b,c,d,1 , Jane I. Grove a,b , Stephen Bawden b,e,f,g , Amrita Vijay b,h , Ana M. Valdes b,h , Penny Gow land b,e , Moir a A. Taylor b,i,2 , Guruprasad P. Aithal a,b,*,2 a Nottingham Digestive Diseases Centre, Translational Medical Sciences, School of Medicine, University of Nottingham, Nottingham, UK b National Institute for Health Research (NIHR) No",ok,
EUROPEPMC:40400804,PubMed,40400804,"Impact of a Probiotic-Fiber Blend on Body Weight, Metabolic Regulation, and Digestive Function in Obese Adults: A Randomized, Placebo-Controlled, Multicentric Trial.",weight,"Primary outcomes included body weight, BMI, waist/hip circumference, and body fat percentage.",p < 0.001,,,,,,,n = 53; n = 51,detail_hint,expansion_queue,pending,,,,,,,,,,,,,,,,,,,,,,,
EUROPEPMC:40400804,PubMed,40400804,"Impact of a Probiotic-Fiber Blend on Body Weight, Metabolic Regulation, and Digestive Function in Obese Adults: A Randomized, Placebo-Controlled, Multicentric Trial.",BMI,"Primary outcomes included body weight, BMI, waist/hip circumference, and body fat percentage.",p < 0.001,,,,,,,n = 53; n = 51,detail_hint,expansion_queue,pending,,,,,,,,,,,,,,,,,,,,,,,
EUROPEPMC:40400804,PubMed,40400804,"Impact of a Probiotic-Fiber Blend on Body Weight, Metabolic Regulation, and Digestive Function in Obese Adults: A Randomized, Placebo-Controlled, Multicentric Trial.",waist,"Primary outcomes included body weight, BMI, waist/hip circumference, and body fat percentage.",p < 0.001,,,,,,,n = 53; n = 51,detail_hint,expansion_queue,pending,,,,,,,,,,,,,,,,,,,,,,,
EUROPEPMC:40400804,PubMed,40400804,"Impact of a Probiotic-Fiber Blend on Body Weight, Metabolic Regulation, and Digestive Function in Obese Adults: A Randomized, Placebo-Controlled, Multicentric Trial.",body_fat,"Primary outcomes included body weight, BMI, waist/hip circumference, and body fat percentage.",p < 0.001,,,,,,,n = 53; n = 51,detail_hint,expansion_queue,pending,,,,,,,,,,,,,,,,,,,,,,,
EUROPEPMC:40400804,PubMed,40400804,"Impact of a Probiotic-Fiber Blend on Body Weight, Metabolic Regulation, and Digestive Function in Obese Adults: A Randomized, Placebo-Controlled, Multicentric Trial.",lipid,"Additionally, statistically significant reductions were observed in the MetS-Z score (54.02%), triglycerides (25.75%), and perceived stress (37.62%), along with a notable increase in HDL levels (16.55%).",p < 0.001,,,,,,,n = 53; n = 51,detail_hint,expansion_queue,pending,,,,,,,,,,,,,,,,,,,,,,,
PMID:40451504,PubMed,40451504,"Comparing the effects of yogurt containing Akkermansia muciniphilia postbiotic with yogurt containing Lactobacillus rhamnosus postbiotic on body composition, biochemical indices, appetite, and depression scores in overweight or obese adults: A randomized, double-blind, controlled clinical trial.",weight,"The objective of this study was to compare the impact of daily consumption of Akkermansia muciniphila postbiotic-fortified yogurt (AMY) with Lactobacillus rhamnosus postbiotic-fortified yogurt (LRY) on the health parameters in overweight and obese patients.; In this 8-week randomized double-blinded clinical trial, 66 people with overweight and obesity were randomly allocated to three groups: 1) AMY group (n = 22), 2) LRY group (n = 22), and 3) low-fat yogurt (LFY) as placebo (n = 22).",P = 0.003; P = 0.004; P = 0.032; P = 0.045; P = 0.047,,,,,,,n = 22,detail_hint,expansion_queue,pending,,Comparing the effects of yogurt containing Akkermansia muciniphilia postbiotic with yogurt containing Lactobacillus rhamnosus po(科研通-ablesci.com).pdf,1.000,9,Akkermansia muciniphilia postbio tic with y ogurt containing Lact obacillus r hamnosus post; Akkermansia muciniphila Lactobacillus rhamnosus summary Objective; Akkermansia muciniphila postbiotic-fortified yog urt; Lactobacillus rhamnosus postbiotic-fortified y ogurt; Lactobacillus rhamnosus -fortified yogurt did not demonstrat e an y beneficial impact on the; Akkermansia muciniphila postbiotic may ha ve fav orable effects on w eight management and l; Akkermansia muciniphila and Lacticaseibacillus rhamnosus; Akkermansia muciniphila and Lacti - caseibacillus rhamnosus,3 months; 8 weeks,,n = 22; 7 participants; 66 participants,glucose; body fat; BMI,"Randomized Contro lled T rial Comparing the effects of y ogurt containing Akkermansia muciniphilia postbio tic with y ogurt containing Lact obacillus r hamnosus postbio tic on body composition, biochemical indices, appetit e, and depr ession scor es in o v erwe ight or obese adults: A r andomized, double-blind, control led clinical trial Erfaneh Aalipanah a , b , Moein Askarpour g , Mohammad Hadi Eskandari e , Mort eza Zar e c , Mandana F amouri f , Alir eza Bedelta v ana f , Mohammad Ali Mohsen pour a , b , Zahra Sohrab i c , d , * a Department of Clinical Nutrition, School of Nutrition and Food Sciences, Shir az Univ ersity of Medical Sciences, Shir az, Ir an b Student Resear ch Committee, Shir az Univ ersity of Medical Sciences, Shir az, Ir an c Nutrition Resear ch Center , School of Nutrition and Food Sciences, Shir az Univ ersity of Medical Sciences, Shir az, Ir an d Department of C",Akkermansia muciniphilia; Akkermansia muciniphila; Lactobacillus rhamnosus; Lacticaseibacillus rhamnosus; Lacticaseibacillus rhamnosu; Lactobacillus amy; Akkermansia muciniphila-; bacillus rhamnosus; lactobacillus on; Lactobacillus rhamnosus CGMCC1; Lactobacillus amylovorus CP1563,B3,,3 months; 8 weeks,n = 22; 7 participants; 66 participants; 1 participants; n = 4; n = 1; n = 21,Randomized; double-blind; clinical trial; parallel; controlled trial,postbiotic; yogurt; diet; powder; drink; milk,P = 0.0; P = 0.032; P = 0.045; P = 0.04; P > 0.05; P < 0.0; P = 0.033; P = 0.02; P = 0.03,"30 kg/m; 6 kg; 80 %; 20 %; 20 g/day; 1 cm; changes of ph y sical acti vity and dietary intakes during the inter - vention period; decrease within the AMY group in v arious paramet ers, including wei ght ( P < 0; decrease in W C ( P = 0; changes in the outcomes of inter est within the LR Y group wer e not statistically sig; changes in other v ariables within or between the groups during the study phase; decrease in aspartate aminot ransfer ase (AST) levels w as observed in the AMY group in; changes did not reach statistical significance; increase in acetate produced by Akkermansia muciniphila, which helps prev ent weigh t ga; decrease in W C, and this might ha ve an impact on the results; 55 %; increased secr etion of appetite-r egulating hormones (peptide YY and glucagon-like pept; reduced calorie intake), and long-term administr ation (impro ved weight loss, abdomin","Randomized Contro lled T rial Comparing the effects of y ogurt containing Akkermansia muciniphilia postbio tic with y ogurt containing Lact obacillus r hamnosus postbio tic on body composition, biochemical indices, appetit e, and depr ession scor es in o v erwe ight or obese adults: A r andomized, double-blind, control led clinical trial Erfaneh Aalipanah a  || Methodes : In this 8-week randomized double-blinded clinical trial, 66 people with ov erweight and obesity wer e randoml y allocated t o three groups: 1) AMY group (n = 22), 2) LR Y group (n = 22), and 3) low- fat yog urt (LFY) as placebo (n = 22). || Results : In the AMY group, significant re ductions w ere observed in w aist circumfer ence (P = 0.0 03), w aist-to-heig ht ra tio (P = 0.0 04), body fat percentag e (P = 0.032), aspartate aminot ransfer ase levels (P = 0.045), and appetite scores (P = 0.04 7) compared with the control group. || Over the past few decades, mounting evidence suggests that gut dysbiosis play s a piv otal role in the rising prev alence of obesity and ov erweight [ 6 – 8 ]. || These components include cell surface pro teins, short-chain fatty acids (SCF As), en - zymes, e x opoly saccharides, and peptides [ 1 1 ]. || This effect is particularl y relev ant in individuals with ov er - weight and obesity , where gut dys biosis is commonly observed [ 1 4 ].","Randomized Contro lled T rial Comparing the effects of y ogurt containing Akkermansia muciniphilia postbio tic with y ogurt containing Lact obacillus r hamnosus postbio tic on body composition, biochemical indices, appetit e, and depr ession scor es in o v erwe ight or obese adults: A r andomized, double-blind, control led clinical trial Erfaneh Aalipanah a , b , Moein Askarpour g , Mohammad Hadi Eskandari e , Mort eza Zar e c , Mandana F amouri f , Alir eza Bedelta v ana f , Mohammad Ali Mohsen pour a , b , Zahra Sohrab i c , d , * a Department of Clinical Nutrition, School of Nutrition and Food Sciences, Shir az Univ ersity of Medical Sciences, Shir az, Ir an b Student Resear ch Committee,",ok,
PMID:40451504,PubMed,40451504,"Comparing the effects of yogurt containing Akkermansia muciniphilia postbiotic with yogurt containing Lactobacillus rhamnosus postbiotic on body composition, biochemical indices, appetite, and depression scores in overweight or obese adults: A randomized, double-blind, controlled clinical trial.",waist,"The registration number was IRCT20230522058257N1.; In the AMY group, significant reductions were observed in waist circumference (P = 0.003), waist-to-height ratio (P = 0.004), body fat percentage (P = 0.032), aspartate aminotransferase levels (P = 0.045), and appetite scores (P = 0.047) compared with the control group.",P = 0.003; P = 0.004; P = 0.032; P = 0.045; P = 0.047,,,,,,,n = 22,detail_hint,expansion_queue,pending,,Comparing the effects of yogurt containing Akkermansia muciniphilia postbiotic with yogurt containing Lactobacillus rhamnosus po(科研通-ablesci.com).pdf,1.000,9,Akkermansia muciniphilia postbio tic with y ogurt containing Lact obacillus r hamnosus post; Akkermansia muciniphila Lactobacillus rhamnosus summary Objective; Akkermansia muciniphila postbiotic-fortified yog urt; Lactobacillus rhamnosus postbiotic-fortified y ogurt; Lactobacillus rhamnosus -fortified yogurt did not demonstrat e an y beneficial impact on the; Akkermansia muciniphila postbiotic may ha ve fav orable effects on w eight management and l; Akkermansia muciniphila and Lacticaseibacillus rhamnosus; Akkermansia muciniphila and Lacti - caseibacillus rhamnosus,3 months; 8 weeks,,n = 22; 7 participants; 66 participants,glucose; body fat; BMI,"Randomized Contro lled T rial Comparing the effects of y ogurt containing Akkermansia muciniphilia postbio tic with y ogurt containing Lact obacillus r hamnosus postbio tic on body composition, biochemical indices, appetit e, and depr ession scor es in o v erwe ight or obese adults: A r andomized, double-blind, control led clinical trial Erfaneh Aalipanah a , b , Moein Askarpour g , Mohammad Hadi Eskandari e , Mort eza Zar e c , Mandana F amouri f , Alir eza Bedelta v ana f , Mohammad Ali Mohsen pour a , b , Zahra Sohrab i c , d , * a Department of Clinical Nutrition, School of Nutrition and Food Sciences, Shir az Univ ersity of Medical Sciences, Shir az, Ir an b Student Resear ch Committee, Shir az Univ ersity of Medical Sciences, Shir az, Ir an c Nutrition Resear ch Center , School of Nutrition and Food Sciences, Shir az Univ ersity of Medical Sciences, Shir az, Ir an d Department of C",Akkermansia muciniphilia; Akkermansia muciniphila; Lactobacillus rhamnosus; Lacticaseibacillus rhamnosus; Lacticaseibacillus rhamnosu; Lactobacillus amy; Akkermansia muciniphila-; bacillus rhamnosus; lactobacillus on; Lactobacillus rhamnosus CGMCC1; Lactobacillus amylovorus CP1563,B3,,3 months; 8 weeks,n = 22; 7 participants; 66 participants; 1 participants; n = 4; n = 1; n = 21,Randomized; double-blind; clinical trial; parallel; controlled trial,postbiotic; yogurt; diet; powder; drink; milk,P = 0.0; P = 0.032; P = 0.045; P = 0.04; P > 0.05; P < 0.0; P = 0.033; P = 0.02; P = 0.03,"30 kg/m; 6 kg; 80 %; 20 %; 20 g/day; 1 cm; changes of ph y sical acti vity and dietary intakes during the inter - vention period; decrease within the AMY group in v arious paramet ers, including wei ght ( P < 0; decrease in W C ( P = 0; changes in the outcomes of inter est within the LR Y group wer e not statistically sig; changes in other v ariables within or between the groups during the study phase; decrease in aspartate aminot ransfer ase (AST) levels w as observed in the AMY group in; changes did not reach statistical significance; increase in acetate produced by Akkermansia muciniphila, which helps prev ent weigh t ga; decrease in W C, and this might ha ve an impact on the results; 55 %; increased secr etion of appetite-r egulating hormones (peptide YY and glucagon-like pept; reduced calorie intake), and long-term administr ation (impro ved weight loss, abdomin","Randomized Contro lled T rial Comparing the effects of y ogurt containing Akkermansia muciniphilia postbio tic with y ogurt containing Lact obacillus r hamnosus postbio tic on body composition, biochemical indices, appetit e, and depr ession scor es in o v erwe ight or obese adults: A r andomized, double-blind, control led clinical trial Erfaneh Aalipanah a  || Methodes : In this 8-week randomized double-blinded clinical trial, 66 people with ov erweight and obesity wer e randoml y allocated t o three groups: 1) AMY group (n = 22), 2) LR Y group (n = 22), and 3) low- fat yog urt (LFY) as placebo (n = 22). || Results : In the AMY group, significant re ductions w ere observed in w aist circumfer ence (P = 0.0 03), w aist-to-heig ht ra tio (P = 0.0 04), body fat percentag e (P = 0.032), aspartate aminot ransfer ase levels (P = 0.045), and appetite scores (P = 0.04 7) compared with the control group. || Over the past few decades, mounting evidence suggests that gut dysbiosis play s a piv otal role in the rising prev alence of obesity and ov erweight [ 6 – 8 ]. || These components include cell surface pro teins, short-chain fatty acids (SCF As), en - zymes, e x opoly saccharides, and peptides [ 1 1 ]. || This effect is particularl y relev ant in individuals with ov er - weight and obesity , where gut dys biosis is commonly observed [ 1 4 ].","Randomized Contro lled T rial Comparing the effects of y ogurt containing Akkermansia muciniphilia postbio tic with y ogurt containing Lact obacillus r hamnosus postbio tic on body composition, biochemical indices, appetit e, and depr ession scor es in o v erwe ight or obese adults: A r andomized, double-blind, control led clinical trial Erfaneh Aalipanah a , b , Moein Askarpour g , Mohammad Hadi Eskandari e , Mort eza Zar e c , Mandana F amouri f , Alir eza Bedelta v ana f , Mohammad Ali Mohsen pour a , b , Zahra Sohrab i c , d , * a Department of Clinical Nutrition, School of Nutrition and Food Sciences, Shir az Univ ersity of Medical Sciences, Shir az, Ir an b Student Resear ch Committee,",ok,
PMID:40451504,PubMed,40451504,"Comparing the effects of yogurt containing Akkermansia muciniphilia postbiotic with yogurt containing Lactobacillus rhamnosus postbiotic on body composition, biochemical indices, appetite, and depression scores in overweight or obese adults: A randomized, double-blind, controlled clinical trial.",body_fat,"The registration number was IRCT20230522058257N1.; In the AMY group, significant reductions were observed in waist circumference (P = 0.003), waist-to-height ratio (P = 0.004), body fat percentage (P = 0.032), aspartate aminotransferase levels (P = 0.045), and appetite scores (P = 0.047) compared with the control group.",P = 0.003; P = 0.004; P = 0.032; P = 0.045; P = 0.047,,,,,,,n = 22,detail_hint,expansion_queue,pending,,Comparing the effects of yogurt containing Akkermansia muciniphilia postbiotic with yogurt containing Lactobacillus rhamnosus po(科研通-ablesci.com).pdf,1.000,9,Akkermansia muciniphilia postbio tic with y ogurt containing Lact obacillus r hamnosus post; Akkermansia muciniphila Lactobacillus rhamnosus summary Objective; Akkermansia muciniphila postbiotic-fortified yog urt; Lactobacillus rhamnosus postbiotic-fortified y ogurt; Lactobacillus rhamnosus -fortified yogurt did not demonstrat e an y beneficial impact on the; Akkermansia muciniphila postbiotic may ha ve fav orable effects on w eight management and l; Akkermansia muciniphila and Lacticaseibacillus rhamnosus; Akkermansia muciniphila and Lacti - caseibacillus rhamnosus,3 months; 8 weeks,,n = 22; 7 participants; 66 participants,glucose; body fat; BMI,"Randomized Contro lled T rial Comparing the effects of y ogurt containing Akkermansia muciniphilia postbio tic with y ogurt containing Lact obacillus r hamnosus postbio tic on body composition, biochemical indices, appetit e, and depr ession scor es in o v erwe ight or obese adults: A r andomized, double-blind, control led clinical trial Erfaneh Aalipanah a , b , Moein Askarpour g , Mohammad Hadi Eskandari e , Mort eza Zar e c , Mandana F amouri f , Alir eza Bedelta v ana f , Mohammad Ali Mohsen pour a , b , Zahra Sohrab i c , d , * a Department of Clinical Nutrition, School of Nutrition and Food Sciences, Shir az Univ ersity of Medical Sciences, Shir az, Ir an b Student Resear ch Committee, Shir az Univ ersity of Medical Sciences, Shir az, Ir an c Nutrition Resear ch Center , School of Nutrition and Food Sciences, Shir az Univ ersity of Medical Sciences, Shir az, Ir an d Department of C",Akkermansia muciniphilia; Akkermansia muciniphila; Lactobacillus rhamnosus; Lacticaseibacillus rhamnosus; Lacticaseibacillus rhamnosu; Lactobacillus amy; Akkermansia muciniphila-; bacillus rhamnosus; lactobacillus on; Lactobacillus rhamnosus CGMCC1; Lactobacillus amylovorus CP1563,B3,,3 months; 8 weeks,n = 22; 7 participants; 66 participants; 1 participants; n = 4; n = 1; n = 21,Randomized; double-blind; clinical trial; parallel; controlled trial,postbiotic; yogurt; diet; powder; drink; milk,P = 0.0; P = 0.032; P = 0.045; P = 0.04; P > 0.05; P < 0.0; P = 0.033; P = 0.02; P = 0.03,"30 kg/m; 6 kg; 80 %; 20 %; 20 g/day; 1 cm; changes of ph y sical acti vity and dietary intakes during the inter - vention period; decrease within the AMY group in v arious paramet ers, including wei ght ( P < 0; decrease in W C ( P = 0; changes in the outcomes of inter est within the LR Y group wer e not statistically sig; changes in other v ariables within or between the groups during the study phase; decrease in aspartate aminot ransfer ase (AST) levels w as observed in the AMY group in; changes did not reach statistical significance; increase in acetate produced by Akkermansia muciniphila, which helps prev ent weigh t ga; decrease in W C, and this might ha ve an impact on the results; 55 %; increased secr etion of appetite-r egulating hormones (peptide YY and glucagon-like pept; reduced calorie intake), and long-term administr ation (impro ved weight loss, abdomin","Randomized Contro lled T rial Comparing the effects of y ogurt containing Akkermansia muciniphilia postbio tic with y ogurt containing Lact obacillus r hamnosus postbio tic on body composition, biochemical indices, appetit e, and depr ession scor es in o v erwe ight or obese adults: A r andomized, double-blind, control led clinical trial Erfaneh Aalipanah a  || Methodes : In this 8-week randomized double-blinded clinical trial, 66 people with ov erweight and obesity wer e randoml y allocated t o three groups: 1) AMY group (n = 22), 2) LR Y group (n = 22), and 3) low- fat yog urt (LFY) as placebo (n = 22). || Results : In the AMY group, significant re ductions w ere observed in w aist circumfer ence (P = 0.0 03), w aist-to-heig ht ra tio (P = 0.0 04), body fat percentag e (P = 0.032), aspartate aminot ransfer ase levels (P = 0.045), and appetite scores (P = 0.04 7) compared with the control group. || Over the past few decades, mounting evidence suggests that gut dysbiosis play s a piv otal role in the rising prev alence of obesity and ov erweight [ 6 – 8 ]. || These components include cell surface pro teins, short-chain fatty acids (SCF As), en - zymes, e x opoly saccharides, and peptides [ 1 1 ]. || This effect is particularl y relev ant in individuals with ov er - weight and obesity , where gut dys biosis is commonly observed [ 1 4 ].","Randomized Contro lled T rial Comparing the effects of y ogurt containing Akkermansia muciniphilia postbio tic with y ogurt containing Lact obacillus r hamnosus postbio tic on body composition, biochemical indices, appetit e, and depr ession scor es in o v erwe ight or obese adults: A r andomized, double-blind, control led clinical trial Erfaneh Aalipanah a , b , Moein Askarpour g , Mohammad Hadi Eskandari e , Mort eza Zar e c , Mandana F amouri f , Alir eza Bedelta v ana f , Mohammad Ali Mohsen pour a , b , Zahra Sohrab i c , d , * a Department of Clinical Nutrition, School of Nutrition and Food Sciences, Shir az Univ ersity of Medical Sciences, Shir az, Ir an b Student Resear ch Committee,",ok,
PMID:39415279,PubMed,39415279,Effect of Sinetrol,weight,"There was a trend for decrease in visceral adipose tissue (VAT), BMI over time and body weight displayed a trend for dose dependent decrease.",,,,,,,,n = 20,detail_hint,expansion_queue,pending,,s12986-024-00851-7.pdf,1.000,9,Bifidobacterium have also shown to increase with polyphenol consumption,16 weeks,,n = 20,adiposity; microbiota; HDL; HbA1C; LDL; BMI; body weight; glucose; body fat; fat mass,"Muralidharan et al. Nutrition & Metabolism (2024) 21:83 https://doi.org/10.1186/s12986-024-00851-7 RESEARCH Effect of Sinetrol® Xpur on metabolic health and adiposity by interactions with gut microbiota: a randomized, open label, dose– response clinical trial Jananee Muralidharan1, Cindy Romain1, Linda Chung2, Pedro Alcaraz2, Francisco Javier Martínez‑Noguera2, Mayoura Keophiphath3, Benjamin Lelouvier4, Patricia Ancel5, Benedicte Gaborit5 and Julien Cases1* Abstract Background Sinetrol ® Xpur is a polyphenolic ingredient rich in citrus flavonoids that has shown weight loss effects in previous studies. The dose dependent nature, gut microbial actions of this product has not been explored previ‑ ously, thus presented in this study. Methods In this open label study, we evaluated the effect of Sinetrol® Xpur supplementation on healthy but over‑ weight/obese adults (20–50 yrs) for 16 weeks. P",bacillus and; Bifidobacterium have,,,16 weeks; 90 days,n = 20; 2 participants,randomized; open label; clinical trial; parallel; pilot; crossover; controlled trial,diet; supplement,p = 0.06; p < 0.005; p = 0.01; p = 0.04,"1800 mg/day; 900 mg/day; decrease in visceral adipose tissue (VAT), BMI over time and body weight displayed a tre; decrease; increased in HD and LD respectively were negatively associated to VAT; increased butyrate producers such as Eubacterium ruminantium and Ruminococcaceae NK4A214; decrease visceral adipose tissue via changes in gut microbiota; changes were made; increase in the global obesity epidemic have led to the development of several preventio; 10%; changes in gut microbiota is an important part of elucidating the mechanism of action; increase with polyphenol consumption [16]; changes in gut microbiota; 0.24%; 0.54%; 30 kg/m; 25%; 32%","Nutrition & Metabolism (2024) 21:83 https://doi.org/10.1186/s12986-024-00851-7 RESEARCH Effect of Sinetrol® Xpur on metabolic health and adiposity by interactions with gut microbiota: a randomized, open label, dose– response clinical trial Jananee Muralidharan1, Cindy Romain1, Linda Chung2, Pedro Alcaraz2, Francisco Javier Martínez‑Noguera2, Mayoura Keophiph || Methods In this open label study, we evaluated the effect of Sinetrol® Xpur supplementation on healthy but over‑ weight/obese adults (20–50 yrs) for 16 weeks. || Results We observed HDL, HbA1C, LDL and leptin improved significantly over 16 weeks, irrespective of the dosage. || Conclusions Overall chronic supplementation of Sinetrol® Xpur, irrespective of their dose improved HDL, HbA1c, LDL and leptin and tended to decrease visceral adipose tissue via changes in gut microbiota. || Keywords Obesity, Polyphenols, Gut microbiota, Fat loss, Metabolism Open Access © The Author(s) 2024. || Fla - vanones such as naringenin and hesperidin have shown glucose lowering and lipid modulating effects in invitro studies, however the human studies have shown incon - sistent results [10, 11].","Muralidharan et al. Nutrition & Metabolism (2024) 21:83 https://doi.org/10.1186/s12986-024-00851-7 RESEARCH Effect of Sinetrol® Xpur on metabolic health and adiposity by interactions with gut microbiota: a randomized, open label, dose– response clinical trial Jananee Muralidharan1, Cindy Romain1, Linda Chung2, Pedro Alcaraz2, Francisco Javier Martínez‑Noguera2, Mayoura Keophiphath3, Benjamin Lelouvier4, Patricia Ancel5, Benedicte Gaborit5 and Julien Cases1* Abstract Background Sinetrol ® Xpur is a polyphenolic ingredient rich in citrus flavonoids that has shown weight loss effects in previous studies. The dose dependent nature, gut microbial actions of this product has not been explored prev",ok,
PMID:39415279,PubMed,39415279,Effect of Sinetrol,BMI,"There was a trend for decrease in visceral adipose tissue (VAT), BMI over time and body weight displayed a trend for dose dependent decrease.",,,,,,,,n = 20,detail_hint,expansion_queue,pending,,s12986-024-00851-7.pdf,1.000,9,Bifidobacterium have also shown to increase with polyphenol consumption,16 weeks,,n = 20,adiposity; microbiota; HDL; HbA1C; LDL; BMI; body weight; glucose; body fat; fat mass,"Muralidharan et al. Nutrition & Metabolism (2024) 21:83 https://doi.org/10.1186/s12986-024-00851-7 RESEARCH Effect of Sinetrol® Xpur on metabolic health and adiposity by interactions with gut microbiota: a randomized, open label, dose– response clinical trial Jananee Muralidharan1, Cindy Romain1, Linda Chung2, Pedro Alcaraz2, Francisco Javier Martínez‑Noguera2, Mayoura Keophiphath3, Benjamin Lelouvier4, Patricia Ancel5, Benedicte Gaborit5 and Julien Cases1* Abstract Background Sinetrol ® Xpur is a polyphenolic ingredient rich in citrus flavonoids that has shown weight loss effects in previous studies. The dose dependent nature, gut microbial actions of this product has not been explored previ‑ ously, thus presented in this study. Methods In this open label study, we evaluated the effect of Sinetrol® Xpur supplementation on healthy but over‑ weight/obese adults (20–50 yrs) for 16 weeks. P",bacillus and; Bifidobacterium have,,,16 weeks; 90 days,n = 20; 2 participants,randomized; open label; clinical trial; parallel; pilot; crossover; controlled trial,diet; supplement,p = 0.06; p < 0.005; p = 0.01; p = 0.04,"1800 mg/day; 900 mg/day; decrease in visceral adipose tissue (VAT), BMI over time and body weight displayed a tre; decrease; increased in HD and LD respectively were negatively associated to VAT; increased butyrate producers such as Eubacterium ruminantium and Ruminococcaceae NK4A214; decrease visceral adipose tissue via changes in gut microbiota; changes were made; increase in the global obesity epidemic have led to the development of several preventio; 10%; changes in gut microbiota is an important part of elucidating the mechanism of action; increase with polyphenol consumption [16]; changes in gut microbiota; 0.24%; 0.54%; 30 kg/m; 25%; 32%","Nutrition & Metabolism (2024) 21:83 https://doi.org/10.1186/s12986-024-00851-7 RESEARCH Effect of Sinetrol® Xpur on metabolic health and adiposity by interactions with gut microbiota: a randomized, open label, dose– response clinical trial Jananee Muralidharan1, Cindy Romain1, Linda Chung2, Pedro Alcaraz2, Francisco Javier Martínez‑Noguera2, Mayoura Keophiph || Methods In this open label study, we evaluated the effect of Sinetrol® Xpur supplementation on healthy but over‑ weight/obese adults (20–50 yrs) for 16 weeks. || Results We observed HDL, HbA1C, LDL and leptin improved significantly over 16 weeks, irrespective of the dosage. || Conclusions Overall chronic supplementation of Sinetrol® Xpur, irrespective of their dose improved HDL, HbA1c, LDL and leptin and tended to decrease visceral adipose tissue via changes in gut microbiota. || Keywords Obesity, Polyphenols, Gut microbiota, Fat loss, Metabolism Open Access © The Author(s) 2024. || Fla - vanones such as naringenin and hesperidin have shown glucose lowering and lipid modulating effects in invitro studies, however the human studies have shown incon - sistent results [10, 11].","Muralidharan et al. Nutrition & Metabolism (2024) 21:83 https://doi.org/10.1186/s12986-024-00851-7 RESEARCH Effect of Sinetrol® Xpur on metabolic health and adiposity by interactions with gut microbiota: a randomized, open label, dose– response clinical trial Jananee Muralidharan1, Cindy Romain1, Linda Chung2, Pedro Alcaraz2, Francisco Javier Martínez‑Noguera2, Mayoura Keophiphath3, Benjamin Lelouvier4, Patricia Ancel5, Benedicte Gaborit5 and Julien Cases1* Abstract Background Sinetrol ® Xpur is a polyphenolic ingredient rich in citrus flavonoids that has shown weight loss effects in previous studies. The dose dependent nature, gut microbial actions of this product has not been explored prev",ok,
PMID:39415279,PubMed,39415279,Effect of Sinetrol,body_fat,"There was a trend for decrease in visceral adipose tissue (VAT), BMI over time and body weight displayed a trend for dose dependent decrease.",,,,,,,,n = 20,detail_hint,expansion_queue,pending,,s12986-024-00851-7.pdf,1.000,9,Bifidobacterium have also shown to increase with polyphenol consumption,16 weeks,,n = 20,adiposity; microbiota; HDL; HbA1C; LDL; BMI; body weight; glucose; body fat; fat mass,"Muralidharan et al. Nutrition & Metabolism (2024) 21:83 https://doi.org/10.1186/s12986-024-00851-7 RESEARCH Effect of Sinetrol® Xpur on metabolic health and adiposity by interactions with gut microbiota: a randomized, open label, dose– response clinical trial Jananee Muralidharan1, Cindy Romain1, Linda Chung2, Pedro Alcaraz2, Francisco Javier Martínez‑Noguera2, Mayoura Keophiphath3, Benjamin Lelouvier4, Patricia Ancel5, Benedicte Gaborit5 and Julien Cases1* Abstract Background Sinetrol ® Xpur is a polyphenolic ingredient rich in citrus flavonoids that has shown weight loss effects in previous studies. The dose dependent nature, gut microbial actions of this product has not been explored previ‑ ously, thus presented in this study. Methods In this open label study, we evaluated the effect of Sinetrol® Xpur supplementation on healthy but over‑ weight/obese adults (20–50 yrs) for 16 weeks. P",bacillus and; Bifidobacterium have,,,16 weeks; 90 days,n = 20; 2 participants,randomized; open label; clinical trial; parallel; pilot; crossover; controlled trial,diet; supplement,p = 0.06; p < 0.005; p = 0.01; p = 0.04,"1800 mg/day; 900 mg/day; decrease in visceral adipose tissue (VAT), BMI over time and body weight displayed a tre; decrease; increased in HD and LD respectively were negatively associated to VAT; increased butyrate producers such as Eubacterium ruminantium and Ruminococcaceae NK4A214; decrease visceral adipose tissue via changes in gut microbiota; changes were made; increase in the global obesity epidemic have led to the development of several preventio; 10%; changes in gut microbiota is an important part of elucidating the mechanism of action; increase with polyphenol consumption [16]; changes in gut microbiota; 0.24%; 0.54%; 30 kg/m; 25%; 32%","Nutrition & Metabolism (2024) 21:83 https://doi.org/10.1186/s12986-024-00851-7 RESEARCH Effect of Sinetrol® Xpur on metabolic health and adiposity by interactions with gut microbiota: a randomized, open label, dose– response clinical trial Jananee Muralidharan1, Cindy Romain1, Linda Chung2, Pedro Alcaraz2, Francisco Javier Martínez‑Noguera2, Mayoura Keophiph || Methods In this open label study, we evaluated the effect of Sinetrol® Xpur supplementation on healthy but over‑ weight/obese adults (20–50 yrs) for 16 weeks. || Results We observed HDL, HbA1C, LDL and leptin improved significantly over 16 weeks, irrespective of the dosage. || Conclusions Overall chronic supplementation of Sinetrol® Xpur, irrespective of their dose improved HDL, HbA1c, LDL and leptin and tended to decrease visceral adipose tissue via changes in gut microbiota. || Keywords Obesity, Polyphenols, Gut microbiota, Fat loss, Metabolism Open Access © The Author(s) 2024. || Fla - vanones such as naringenin and hesperidin have shown glucose lowering and lipid modulating effects in invitro studies, however the human studies have shown incon - sistent results [10, 11].","Muralidharan et al. Nutrition & Metabolism (2024) 21:83 https://doi.org/10.1186/s12986-024-00851-7 RESEARCH Effect of Sinetrol® Xpur on metabolic health and adiposity by interactions with gut microbiota: a randomized, open label, dose– response clinical trial Jananee Muralidharan1, Cindy Romain1, Linda Chung2, Pedro Alcaraz2, Francisco Javier Martínez‑Noguera2, Mayoura Keophiphath3, Benjamin Lelouvier4, Patricia Ancel5, Benedicte Gaborit5 and Julien Cases1* Abstract Background Sinetrol ® Xpur is a polyphenolic ingredient rich in citrus flavonoids that has shown weight loss effects in previous studies. The dose dependent nature, gut microbial actions of this product has not been explored prev",ok,
PMID:39415279,PubMed,39415279,Effect of Sinetrol,glucose,"Fat composition, gut microbial composition, were evaluated using MRI and 16S rDNA sequencing respectively at week 1 and 16.; We observed HDL, HbA1C, LDL and leptin improved significantly over 16 weeks, irrespective of the dosage.",,,,,,,,n = 20,detail_hint,expansion_queue,pending,,s12986-024-00851-7.pdf,1.000,9,Bifidobacterium have also shown to increase with polyphenol consumption,16 weeks,,n = 20,adiposity; microbiota; HDL; HbA1C; LDL; BMI; body weight; glucose; body fat; fat mass,"Muralidharan et al. Nutrition & Metabolism (2024) 21:83 https://doi.org/10.1186/s12986-024-00851-7 RESEARCH Effect of Sinetrol® Xpur on metabolic health and adiposity by interactions with gut microbiota: a randomized, open label, dose– response clinical trial Jananee Muralidharan1, Cindy Romain1, Linda Chung2, Pedro Alcaraz2, Francisco Javier Martínez‑Noguera2, Mayoura Keophiphath3, Benjamin Lelouvier4, Patricia Ancel5, Benedicte Gaborit5 and Julien Cases1* Abstract Background Sinetrol ® Xpur is a polyphenolic ingredient rich in citrus flavonoids that has shown weight loss effects in previous studies. The dose dependent nature, gut microbial actions of this product has not been explored previ‑ ously, thus presented in this study. Methods In this open label study, we evaluated the effect of Sinetrol® Xpur supplementation on healthy but over‑ weight/obese adults (20–50 yrs) for 16 weeks. P",bacillus and; Bifidobacterium have,,,16 weeks; 90 days,n = 20; 2 participants,randomized; open label; clinical trial; parallel; pilot; crossover; controlled trial,diet; supplement,p = 0.06; p < 0.005; p = 0.01; p = 0.04,"1800 mg/day; 900 mg/day; decrease in visceral adipose tissue (VAT), BMI over time and body weight displayed a tre; decrease; increased in HD and LD respectively were negatively associated to VAT; increased butyrate producers such as Eubacterium ruminantium and Ruminococcaceae NK4A214; decrease visceral adipose tissue via changes in gut microbiota; changes were made; increase in the global obesity epidemic have led to the development of several preventio; 10%; changes in gut microbiota is an important part of elucidating the mechanism of action; increase with polyphenol consumption [16]; changes in gut microbiota; 0.24%; 0.54%; 30 kg/m; 25%; 32%","Nutrition & Metabolism (2024) 21:83 https://doi.org/10.1186/s12986-024-00851-7 RESEARCH Effect of Sinetrol® Xpur on metabolic health and adiposity by interactions with gut microbiota: a randomized, open label, dose– response clinical trial Jananee Muralidharan1, Cindy Romain1, Linda Chung2, Pedro Alcaraz2, Francisco Javier Martínez‑Noguera2, Mayoura Keophiph || Methods In this open label study, we evaluated the effect of Sinetrol® Xpur supplementation on healthy but over‑ weight/obese adults (20–50 yrs) for 16 weeks. || Results We observed HDL, HbA1C, LDL and leptin improved significantly over 16 weeks, irrespective of the dosage. || Conclusions Overall chronic supplementation of Sinetrol® Xpur, irrespective of their dose improved HDL, HbA1c, LDL and leptin and tended to decrease visceral adipose tissue via changes in gut microbiota. || Keywords Obesity, Polyphenols, Gut microbiota, Fat loss, Metabolism Open Access © The Author(s) 2024. || Fla - vanones such as naringenin and hesperidin have shown glucose lowering and lipid modulating effects in invitro studies, however the human studies have shown incon - sistent results [10, 11].","Muralidharan et al. Nutrition & Metabolism (2024) 21:83 https://doi.org/10.1186/s12986-024-00851-7 RESEARCH Effect of Sinetrol® Xpur on metabolic health and adiposity by interactions with gut microbiota: a randomized, open label, dose– response clinical trial Jananee Muralidharan1, Cindy Romain1, Linda Chung2, Pedro Alcaraz2, Francisco Javier Martínez‑Noguera2, Mayoura Keophiphath3, Benjamin Lelouvier4, Patricia Ancel5, Benedicte Gaborit5 and Julien Cases1* Abstract Background Sinetrol ® Xpur is a polyphenolic ingredient rich in citrus flavonoids that has shown weight loss effects in previous studies. The dose dependent nature, gut microbial actions of this product has not been explored prev",ok,
PMID:39415279,PubMed,39415279,Effect of Sinetrol,microbiome,"Both doses increased butyrate producers such as Eubacterium ruminantium and Ruminococcaceae NK4A214 genus.; Overall chronic supplementation of Sinetrol® Xpur, irrespective of their dose improved HDL, HbA1c, LDL and leptin and tended to decrease visceral adipose tissue via changes in gut microbiota.",,,,,,,,n = 20,detail_hint,expansion_queue,pending,,s12986-024-00851-7.pdf,1.000,9,Bifidobacterium have also shown to increase with polyphenol consumption,16 weeks,,n = 20,adiposity; microbiota; HDL; HbA1C; LDL; BMI; body weight; glucose; body fat; fat mass,"Muralidharan et al. Nutrition & Metabolism (2024) 21:83 https://doi.org/10.1186/s12986-024-00851-7 RESEARCH Effect of Sinetrol® Xpur on metabolic health and adiposity by interactions with gut microbiota: a randomized, open label, dose– response clinical trial Jananee Muralidharan1, Cindy Romain1, Linda Chung2, Pedro Alcaraz2, Francisco Javier Martínez‑Noguera2, Mayoura Keophiphath3, Benjamin Lelouvier4, Patricia Ancel5, Benedicte Gaborit5 and Julien Cases1* Abstract Background Sinetrol ® Xpur is a polyphenolic ingredient rich in citrus flavonoids that has shown weight loss effects in previous studies. The dose dependent nature, gut microbial actions of this product has not been explored previ‑ ously, thus presented in this study. Methods In this open label study, we evaluated the effect of Sinetrol® Xpur supplementation on healthy but over‑ weight/obese adults (20–50 yrs) for 16 weeks. P",bacillus and; Bifidobacterium have,,,16 weeks; 90 days,n = 20; 2 participants,randomized; open label; clinical trial; parallel; pilot; crossover; controlled trial,diet; supplement,p = 0.06; p < 0.005; p = 0.01; p = 0.04,"1800 mg/day; 900 mg/day; decrease in visceral adipose tissue (VAT), BMI over time and body weight displayed a tre; decrease; increased in HD and LD respectively were negatively associated to VAT; increased butyrate producers such as Eubacterium ruminantium and Ruminococcaceae NK4A214; decrease visceral adipose tissue via changes in gut microbiota; changes were made; increase in the global obesity epidemic have led to the development of several preventio; 10%; changes in gut microbiota is an important part of elucidating the mechanism of action; increase with polyphenol consumption [16]; changes in gut microbiota; 0.24%; 0.54%; 30 kg/m; 25%; 32%","Nutrition & Metabolism (2024) 21:83 https://doi.org/10.1186/s12986-024-00851-7 RESEARCH Effect of Sinetrol® Xpur on metabolic health and adiposity by interactions with gut microbiota: a randomized, open label, dose– response clinical trial Jananee Muralidharan1, Cindy Romain1, Linda Chung2, Pedro Alcaraz2, Francisco Javier Martínez‑Noguera2, Mayoura Keophiph || Methods In this open label study, we evaluated the effect of Sinetrol® Xpur supplementation on healthy but over‑ weight/obese adults (20–50 yrs) for 16 weeks. || Results We observed HDL, HbA1C, LDL and leptin improved significantly over 16 weeks, irrespective of the dosage. || Conclusions Overall chronic supplementation of Sinetrol® Xpur, irrespective of their dose improved HDL, HbA1c, LDL and leptin and tended to decrease visceral adipose tissue via changes in gut microbiota. || Keywords Obesity, Polyphenols, Gut microbiota, Fat loss, Metabolism Open Access © The Author(s) 2024. || Fla - vanones such as naringenin and hesperidin have shown glucose lowering and lipid modulating effects in invitro studies, however the human studies have shown incon - sistent results [10, 11].","Muralidharan et al. Nutrition & Metabolism (2024) 21:83 https://doi.org/10.1186/s12986-024-00851-7 RESEARCH Effect of Sinetrol® Xpur on metabolic health and adiposity by interactions with gut microbiota: a randomized, open label, dose– response clinical trial Jananee Muralidharan1, Cindy Romain1, Linda Chung2, Pedro Alcaraz2, Francisco Javier Martínez‑Noguera2, Mayoura Keophiphath3, Benjamin Lelouvier4, Patricia Ancel5, Benedicte Gaborit5 and Julien Cases1* Abstract Background Sinetrol ® Xpur is a polyphenolic ingredient rich in citrus flavonoids that has shown weight loss effects in previous studies. The dose dependent nature, gut microbial actions of this product has not been explored prev",ok,
PMID:35487505,PubMed,35487505,"Effect of Lactobacillus plantarum LMT1-48 on Body Fat in Overweight Subjects: A Randomized, Double-Blind, Placebo-Controlled Trial.",weight,"Changes in body fat, VFA, anthropometric parameters, and biomarkers were compared between the two treatment groups (ClinicalTrials.gov number: NCT03759743).; After 12 weeks of treatment, the body weight decreased significantly from 76.6±9.4 to 75.7±9.2 kg in the LMT1-48 group but did not change in the placebo group (P=0.022 between groups).",P=0.022; P=0.041; P<0.05,,,,,,,,detail_hint,expansion_queue,pending,,,,,,,,,,,,,,,,,,,,,,,
PMID:35487505,PubMed,35487505,"Effect of Lactobacillus plantarum LMT1-48 on Body Fat in Overweight Subjects: A Randomized, Double-Blind, Placebo-Controlled Trial.",BMI,Decrease in body weight and body mass index by treatment with LMT1-48 was correlated with increase in Lactobacillus levels significantly.,P=0.022; P=0.041; P<0.05,,,,,,,,detail_hint,expansion_queue,pending,,,,,,,,,,,,,,,,,,,,,,,
PMID:35487505,PubMed,35487505,"Effect of Lactobacillus plantarum LMT1-48 on Body Fat in Overweight Subjects: A Randomized, Double-Blind, Placebo-Controlled Trial.",body_fat,"Changes in body fat, VFA, anthropometric parameters, and biomarkers were compared between the two treatment groups (ClinicalTrials.gov number: NCT03759743).; After 12 weeks of treatment, the body weight decreased significantly from 76.6±9.4 to 75.7±9.2 kg in the LMT1-48 group but did not change in the placebo group (P=0.022 between groups).",P=0.022; P=0.041; P<0.05,,,,,,,,detail_hint,expansion_queue,pending,,,,,,,,,,,,,,,,,,,,,,,
PMID:35487505,PubMed,35487505,"Effect of Lactobacillus plantarum LMT1-48 on Body Fat in Overweight Subjects: A Randomized, Double-Blind, Placebo-Controlled Trial.",glucose,"Serum insulin levels, the corresponding homeostasis model assessment of insulin resistance, and leptin levels decreased in the LMT1-48 group but increased in the placebo group (all P<0.05).",P=0.022; P=0.041; P<0.05,,,,,,,,detail_hint,expansion_queue,pending,,,,,,,,,,,,,,,,,,,,,,,
PMID:35487505,PubMed,35487505,"Effect of Lactobacillus plantarum LMT1-48 on Body Fat in Overweight Subjects: A Randomized, Double-Blind, Placebo-Controlled Trial.",lipid,"LMT1-48 also increased Oscillibacter levels significantly, which were negatively correlated with triglyceride and alanine transaminase levels.; Administration of LMT1-48 decreased body weight, abdominal VFA, insulin resistance, and leptin levels in these subjects with overweight, suggesting its anti-obesogenic therapeutic potential.",P=0.022; P=0.041; P<0.05,,,,,,,,detail_hint,expansion_queue,pending,,,,,,,,,,,,,,,,,,,,,,,
PMID:37084470,PubMed,37084470,Randomized controlled trials reporting the effects of probiotics in individuals with overweight and obesity: A critical review of the interventions and body adiposity parameters.,weight,As main results we observed that ∼30% of the RCTs reported a significant decrease in body weight and body mass index (BMI) and ∼50% found a significant reduction in waist circumference and total fat mass.,,,,,,,,,detail_hint,expansion_queue,pending,,Randomized controlled trials reporting the effects of probiotics in individuals with overweight and obesity_ A critical review o(科研通-ablesci.com) (1).pdf,1.000,13,Lactobacillus in over- weight adults; probiotic supplementation; probiotic supple- mentation; probiotic supplementation for the treatment of obesity. 1.1. Gut microbiota The gut micro; probiotic; Lactobacillus and Biﬁdobacterium genera; Saccharomyces boulardii; Lactobacillus,12 weeks,"/C21 10 10 CFU/day, in capsules,; 1 /C2 109 CFU (colony-forming u",5 women; 7 men; 366 participants,adiposity; Body weight; microbiota; body mass index; BMI; waist circumference; fat mass; body fat,"Narrative Review Randomized controlled trials reporting the effects of probiotics in individuals with overweight and obesity: A critical review of the interventions and body adiposity parameters Marcella Rodrigues Guedes a, Karine Scanci da Silva Pontes a, Maria In ^es Barreto Silva b, c, Mario Fritsch Neves d,M /C19arcia Regina Simas Torres Klein b, * a Post-Graduation Program in Clinical and Experimental Pathophysiology, State University of Rio de Janeiro (UERJ), Rio de Janeiro, Brazil b Department of Applied Nutrition, Nutrition Institute, State University of Rio de Janeiro (UERJ), Rio de Janeiro, Brazil c Human Nutrition Research Unit, Department of Agricultural, Food and Nutritional Science, Division of Human Nutrition, University of Alberta, Albe rta, Canada d Department of Clinical Medicine, State University of Rio de Janeiro (UERJ), Rio de Janeiro, Brazil article info Article his",Lactobacillus in; Lactobacillus and; Streptococcus thermophilus; Saccharomyces boulardii; Akkermansia muciniphila; Lactobacillus plantarum; Bacillus coagulans,SBT2055; BNR17; B3,10 10 CFU/day; 109 CFU; 10 7 CFU/day; 1011 CFU/day; 1010 CFU/day; 10 10 CFU/ day,12 weeks; 24 weeks,5 women; 7 men; 366 participants; 220 participants,Randomized; Double-blind; Placebo controlled; Crossover,capsules; powder; diet; Yogurt; milk; Capsule; Sachet,p < 0.001; P < 0.0001,"reduces lifespan; 30%; decrease in body weight and body mass index (BMI) and ~50% found a signi ﬁcant reduction; 30 kg/m2; 25 kg/m2; increased over the last decades reaching epidemic proportions in many countries [ 4,5]; increases the risk of several cardiovascular risk factors, including dyslipidemia, type; increased risk of other diseases such as nonalcoholic fatty liver disease, osteoarthriti; 25 kg/; 5 kg/m; increase in BMI is associated on average with an * Corresponding author; increase of 30% in overall mortality, 40% in vascular mortality, 60e120% in diabetic, re; 10%; 20%; reduced by 2 e4 years at 30 e35 kg/m 2 and by 8 e10 years and at 40 e45 kg/m 2 [11]; increase in the prevalence of obesity [ 2]; changes, pharmacological treatment, and bariatric surgery [ 14]; reduced body weight and/or body fat, three did not ﬁnd effect and two showed weight ga","Narrative Review Randomized controlled trials reporting the effects of probiotics in individuals with overweight and obesity: A critical review of the interventions and body adiposity parameters Marcella Rodrigues Guedes a, Karine Scanci da Silva Pontes a, Maria In ^es Barreto Silva b, c, Mario Fritsch Neves d,M /C19arcia Regina Simas Torres Klein b, * a Pos || As main results we observed that ~30% of the RCTs reported a signi ﬁcant decrease in body weight and body mass index (BMI) and ~50% found a signi ﬁcant reduction in waist circumference and total fat mass. || Introduction Obesity is a complex chronic metabolic disease characterized by abnormal or excessive body fat [ 1,2] commonly de ﬁned as a body mass index (BMI) /C21 30 kg/m2, while overweight is de ﬁned as a BMI /C21 25 kg/m2 [3]. || Excessive body adiposity is associated with an increased risk of other diseases such as nonalcoholic fatty liver disease, osteoarthritis, dementia, depression and some types of cancers [ 8e10]. || It has been estimated that above a BMI of 25 kg/ m2, each 5 kg/m 2 increase in BMI is associated on average with an * Corresponding author. || Several interventions can be recommended for the reduction of body adiposity, including dietary modiﬁcations, physical activity, behavioral changes, pharmacological treatment, and bariatric surgery [ 14].","Narrative Review Randomized controlled trials reporting the effects of probiotics in individuals with overweight and obesity: A critical review of the interventions and body adiposity parameters Marcella Rodrigues Guedes a, Karine Scanci da Silva Pontes a, Maria In ^es Barreto Silva b, c, Mario Fritsch Neves d,M /C19arcia Regina Simas Torres Klein b, * a Post-Graduation Program in Clinical and Experimental Pathophysiology, State University of Rio de Janeiro (UERJ), Rio de Janeiro, Brazil b Department of Applied Nutrition, Nutrition Institute, State University of Rio de Janeiro (UERJ), Rio de Janeiro, Brazil c Human Nutrition Research Unit, Department of Agricultural, Food and Nutritional Sci",ok,
PMID:37084470,PubMed,37084470,Randomized controlled trials reporting the effects of probiotics in individuals with overweight and obesity: A critical review of the interventions and body adiposity parameters.,BMI,As main results we observed that ∼30% of the RCTs reported a significant decrease in body weight and body mass index (BMI) and ∼50% found a significant reduction in waist circumference and total fat mass.,,,,,,,,,detail_hint,expansion_queue,pending,,Randomized controlled trials reporting the effects of probiotics in individuals with overweight and obesity_ A critical review o(科研通-ablesci.com) (1).pdf,1.000,13,Lactobacillus in over- weight adults; probiotic supplementation; probiotic supple- mentation; probiotic supplementation for the treatment of obesity. 1.1. Gut microbiota The gut micro; probiotic; Lactobacillus and Biﬁdobacterium genera; Saccharomyces boulardii; Lactobacillus,12 weeks,"/C21 10 10 CFU/day, in capsules,; 1 /C2 109 CFU (colony-forming u",5 women; 7 men; 366 participants,adiposity; Body weight; microbiota; body mass index; BMI; waist circumference; fat mass; body fat,"Narrative Review Randomized controlled trials reporting the effects of probiotics in individuals with overweight and obesity: A critical review of the interventions and body adiposity parameters Marcella Rodrigues Guedes a, Karine Scanci da Silva Pontes a, Maria In ^es Barreto Silva b, c, Mario Fritsch Neves d,M /C19arcia Regina Simas Torres Klein b, * a Post-Graduation Program in Clinical and Experimental Pathophysiology, State University of Rio de Janeiro (UERJ), Rio de Janeiro, Brazil b Department of Applied Nutrition, Nutrition Institute, State University of Rio de Janeiro (UERJ), Rio de Janeiro, Brazil c Human Nutrition Research Unit, Department of Agricultural, Food and Nutritional Science, Division of Human Nutrition, University of Alberta, Albe rta, Canada d Department of Clinical Medicine, State University of Rio de Janeiro (UERJ), Rio de Janeiro, Brazil article info Article his",Lactobacillus in; Lactobacillus and; Streptococcus thermophilus; Saccharomyces boulardii; Akkermansia muciniphila; Lactobacillus plantarum; Bacillus coagulans,SBT2055; BNR17; B3,10 10 CFU/day; 109 CFU; 10 7 CFU/day; 1011 CFU/day; 1010 CFU/day; 10 10 CFU/ day,12 weeks; 24 weeks,5 women; 7 men; 366 participants; 220 participants,Randomized; Double-blind; Placebo controlled; Crossover,capsules; powder; diet; Yogurt; milk; Capsule; Sachet,p < 0.001; P < 0.0001,"reduces lifespan; 30%; decrease in body weight and body mass index (BMI) and ~50% found a signi ﬁcant reduction; 30 kg/m2; 25 kg/m2; increased over the last decades reaching epidemic proportions in many countries [ 4,5]; increases the risk of several cardiovascular risk factors, including dyslipidemia, type; increased risk of other diseases such as nonalcoholic fatty liver disease, osteoarthriti; 25 kg/; 5 kg/m; increase in BMI is associated on average with an * Corresponding author; increase of 30% in overall mortality, 40% in vascular mortality, 60e120% in diabetic, re; 10%; 20%; reduced by 2 e4 years at 30 e35 kg/m 2 and by 8 e10 years and at 40 e45 kg/m 2 [11]; increase in the prevalence of obesity [ 2]; changes, pharmacological treatment, and bariatric surgery [ 14]; reduced body weight and/or body fat, three did not ﬁnd effect and two showed weight ga","Narrative Review Randomized controlled trials reporting the effects of probiotics in individuals with overweight and obesity: A critical review of the interventions and body adiposity parameters Marcella Rodrigues Guedes a, Karine Scanci da Silva Pontes a, Maria In ^es Barreto Silva b, c, Mario Fritsch Neves d,M /C19arcia Regina Simas Torres Klein b, * a Pos || As main results we observed that ~30% of the RCTs reported a signi ﬁcant decrease in body weight and body mass index (BMI) and ~50% found a signi ﬁcant reduction in waist circumference and total fat mass. || Introduction Obesity is a complex chronic metabolic disease characterized by abnormal or excessive body fat [ 1,2] commonly de ﬁned as a body mass index (BMI) /C21 30 kg/m2, while overweight is de ﬁned as a BMI /C21 25 kg/m2 [3]. || Excessive body adiposity is associated with an increased risk of other diseases such as nonalcoholic fatty liver disease, osteoarthritis, dementia, depression and some types of cancers [ 8e10]. || It has been estimated that above a BMI of 25 kg/ m2, each 5 kg/m 2 increase in BMI is associated on average with an * Corresponding author. || Several interventions can be recommended for the reduction of body adiposity, including dietary modiﬁcations, physical activity, behavioral changes, pharmacological treatment, and bariatric surgery [ 14].","Narrative Review Randomized controlled trials reporting the effects of probiotics in individuals with overweight and obesity: A critical review of the interventions and body adiposity parameters Marcella Rodrigues Guedes a, Karine Scanci da Silva Pontes a, Maria In ^es Barreto Silva b, c, Mario Fritsch Neves d,M /C19arcia Regina Simas Torres Klein b, * a Post-Graduation Program in Clinical and Experimental Pathophysiology, State University of Rio de Janeiro (UERJ), Rio de Janeiro, Brazil b Department of Applied Nutrition, Nutrition Institute, State University of Rio de Janeiro (UERJ), Rio de Janeiro, Brazil c Human Nutrition Research Unit, Department of Agricultural, Food and Nutritional Sci",ok,
PMID:37084470,PubMed,37084470,Randomized controlled trials reporting the effects of probiotics in individuals with overweight and obesity: A critical review of the interventions and body adiposity parameters.,waist,As main results we observed that ∼30% of the RCTs reported a significant decrease in body weight and body mass index (BMI) and ∼50% found a significant reduction in waist circumference and total fat mass.,,,,,,,,,detail_hint,expansion_queue,pending,,Randomized controlled trials reporting the effects of probiotics in individuals with overweight and obesity_ A critical review o(科研通-ablesci.com) (1).pdf,1.000,13,Lactobacillus in over- weight adults; probiotic supplementation; probiotic supple- mentation; probiotic supplementation for the treatment of obesity. 1.1. Gut microbiota The gut micro; probiotic; Lactobacillus and Biﬁdobacterium genera; Saccharomyces boulardii; Lactobacillus,12 weeks,"/C21 10 10 CFU/day, in capsules,; 1 /C2 109 CFU (colony-forming u",5 women; 7 men; 366 participants,adiposity; Body weight; microbiota; body mass index; BMI; waist circumference; fat mass; body fat,"Narrative Review Randomized controlled trials reporting the effects of probiotics in individuals with overweight and obesity: A critical review of the interventions and body adiposity parameters Marcella Rodrigues Guedes a, Karine Scanci da Silva Pontes a, Maria In ^es Barreto Silva b, c, Mario Fritsch Neves d,M /C19arcia Regina Simas Torres Klein b, * a Post-Graduation Program in Clinical and Experimental Pathophysiology, State University of Rio de Janeiro (UERJ), Rio de Janeiro, Brazil b Department of Applied Nutrition, Nutrition Institute, State University of Rio de Janeiro (UERJ), Rio de Janeiro, Brazil c Human Nutrition Research Unit, Department of Agricultural, Food and Nutritional Science, Division of Human Nutrition, University of Alberta, Albe rta, Canada d Department of Clinical Medicine, State University of Rio de Janeiro (UERJ), Rio de Janeiro, Brazil article info Article his",Lactobacillus in; Lactobacillus and; Streptococcus thermophilus; Saccharomyces boulardii; Akkermansia muciniphila; Lactobacillus plantarum; Bacillus coagulans,SBT2055; BNR17; B3,10 10 CFU/day; 109 CFU; 10 7 CFU/day; 1011 CFU/day; 1010 CFU/day; 10 10 CFU/ day,12 weeks; 24 weeks,5 women; 7 men; 366 participants; 220 participants,Randomized; Double-blind; Placebo controlled; Crossover,capsules; powder; diet; Yogurt; milk; Capsule; Sachet,p < 0.001; P < 0.0001,"reduces lifespan; 30%; decrease in body weight and body mass index (BMI) and ~50% found a signi ﬁcant reduction; 30 kg/m2; 25 kg/m2; increased over the last decades reaching epidemic proportions in many countries [ 4,5]; increases the risk of several cardiovascular risk factors, including dyslipidemia, type; increased risk of other diseases such as nonalcoholic fatty liver disease, osteoarthriti; 25 kg/; 5 kg/m; increase in BMI is associated on average with an * Corresponding author; increase of 30% in overall mortality, 40% in vascular mortality, 60e120% in diabetic, re; 10%; 20%; reduced by 2 e4 years at 30 e35 kg/m 2 and by 8 e10 years and at 40 e45 kg/m 2 [11]; increase in the prevalence of obesity [ 2]; changes, pharmacological treatment, and bariatric surgery [ 14]; reduced body weight and/or body fat, three did not ﬁnd effect and two showed weight ga","Narrative Review Randomized controlled trials reporting the effects of probiotics in individuals with overweight and obesity: A critical review of the interventions and body adiposity parameters Marcella Rodrigues Guedes a, Karine Scanci da Silva Pontes a, Maria In ^es Barreto Silva b, c, Mario Fritsch Neves d,M /C19arcia Regina Simas Torres Klein b, * a Pos || As main results we observed that ~30% of the RCTs reported a signi ﬁcant decrease in body weight and body mass index (BMI) and ~50% found a signi ﬁcant reduction in waist circumference and total fat mass. || Introduction Obesity is a complex chronic metabolic disease characterized by abnormal or excessive body fat [ 1,2] commonly de ﬁned as a body mass index (BMI) /C21 30 kg/m2, while overweight is de ﬁned as a BMI /C21 25 kg/m2 [3]. || Excessive body adiposity is associated with an increased risk of other diseases such as nonalcoholic fatty liver disease, osteoarthritis, dementia, depression and some types of cancers [ 8e10]. || It has been estimated that above a BMI of 25 kg/ m2, each 5 kg/m 2 increase in BMI is associated on average with an * Corresponding author. || Several interventions can be recommended for the reduction of body adiposity, including dietary modiﬁcations, physical activity, behavioral changes, pharmacological treatment, and bariatric surgery [ 14].","Narrative Review Randomized controlled trials reporting the effects of probiotics in individuals with overweight and obesity: A critical review of the interventions and body adiposity parameters Marcella Rodrigues Guedes a, Karine Scanci da Silva Pontes a, Maria In ^es Barreto Silva b, c, Mario Fritsch Neves d,M /C19arcia Regina Simas Torres Klein b, * a Post-Graduation Program in Clinical and Experimental Pathophysiology, State University of Rio de Janeiro (UERJ), Rio de Janeiro, Brazil b Department of Applied Nutrition, Nutrition Institute, State University of Rio de Janeiro (UERJ), Rio de Janeiro, Brazil c Human Nutrition Research Unit, Department of Agricultural, Food and Nutritional Sci",ok,
PMID:37084470,PubMed,37084470,Randomized controlled trials reporting the effects of probiotics in individuals with overweight and obesity: A critical review of the interventions and body adiposity parameters.,body_fat,As main results we observed that ∼30% of the RCTs reported a significant decrease in body weight and body mass index (BMI) and ∼50% found a significant reduction in waist circumference and total fat mass.,,,,,,,,,detail_hint,expansion_queue,pending,,Randomized controlled trials reporting the effects of probiotics in individuals with overweight and obesity_ A critical review o(科研通-ablesci.com) (1).pdf,1.000,13,Lactobacillus in over- weight adults; probiotic supplementation; probiotic supple- mentation; probiotic supplementation for the treatment of obesity. 1.1. Gut microbiota The gut micro; probiotic; Lactobacillus and Biﬁdobacterium genera; Saccharomyces boulardii; Lactobacillus,12 weeks,"/C21 10 10 CFU/day, in capsules,; 1 /C2 109 CFU (colony-forming u",5 women; 7 men; 366 participants,adiposity; Body weight; microbiota; body mass index; BMI; waist circumference; fat mass; body fat,"Narrative Review Randomized controlled trials reporting the effects of probiotics in individuals with overweight and obesity: A critical review of the interventions and body adiposity parameters Marcella Rodrigues Guedes a, Karine Scanci da Silva Pontes a, Maria In ^es Barreto Silva b, c, Mario Fritsch Neves d,M /C19arcia Regina Simas Torres Klein b, * a Post-Graduation Program in Clinical and Experimental Pathophysiology, State University of Rio de Janeiro (UERJ), Rio de Janeiro, Brazil b Department of Applied Nutrition, Nutrition Institute, State University of Rio de Janeiro (UERJ), Rio de Janeiro, Brazil c Human Nutrition Research Unit, Department of Agricultural, Food and Nutritional Science, Division of Human Nutrition, University of Alberta, Albe rta, Canada d Department of Clinical Medicine, State University of Rio de Janeiro (UERJ), Rio de Janeiro, Brazil article info Article his",Lactobacillus in; Lactobacillus and; Streptococcus thermophilus; Saccharomyces boulardii; Akkermansia muciniphila; Lactobacillus plantarum; Bacillus coagulans,SBT2055; BNR17; B3,10 10 CFU/day; 109 CFU; 10 7 CFU/day; 1011 CFU/day; 1010 CFU/day; 10 10 CFU/ day,12 weeks; 24 weeks,5 women; 7 men; 366 participants; 220 participants,Randomized; Double-blind; Placebo controlled; Crossover,capsules; powder; diet; Yogurt; milk; Capsule; Sachet,p < 0.001; P < 0.0001,"reduces lifespan; 30%; decrease in body weight and body mass index (BMI) and ~50% found a signi ﬁcant reduction; 30 kg/m2; 25 kg/m2; increased over the last decades reaching epidemic proportions in many countries [ 4,5]; increases the risk of several cardiovascular risk factors, including dyslipidemia, type; increased risk of other diseases such as nonalcoholic fatty liver disease, osteoarthriti; 25 kg/; 5 kg/m; increase in BMI is associated on average with an * Corresponding author; increase of 30% in overall mortality, 40% in vascular mortality, 60e120% in diabetic, re; 10%; 20%; reduced by 2 e4 years at 30 e35 kg/m 2 and by 8 e10 years and at 40 e45 kg/m 2 [11]; increase in the prevalence of obesity [ 2]; changes, pharmacological treatment, and bariatric surgery [ 14]; reduced body weight and/or body fat, three did not ﬁnd effect and two showed weight ga","Narrative Review Randomized controlled trials reporting the effects of probiotics in individuals with overweight and obesity: A critical review of the interventions and body adiposity parameters Marcella Rodrigues Guedes a, Karine Scanci da Silva Pontes a, Maria In ^es Barreto Silva b, c, Mario Fritsch Neves d,M /C19arcia Regina Simas Torres Klein b, * a Pos || As main results we observed that ~30% of the RCTs reported a signi ﬁcant decrease in body weight and body mass index (BMI) and ~50% found a signi ﬁcant reduction in waist circumference and total fat mass. || Introduction Obesity is a complex chronic metabolic disease characterized by abnormal or excessive body fat [ 1,2] commonly de ﬁned as a body mass index (BMI) /C21 30 kg/m2, while overweight is de ﬁned as a BMI /C21 25 kg/m2 [3]. || Excessive body adiposity is associated with an increased risk of other diseases such as nonalcoholic fatty liver disease, osteoarthritis, dementia, depression and some types of cancers [ 8e10]. || It has been estimated that above a BMI of 25 kg/ m2, each 5 kg/m 2 increase in BMI is associated on average with an * Corresponding author. || Several interventions can be recommended for the reduction of body adiposity, including dietary modiﬁcations, physical activity, behavioral changes, pharmacological treatment, and bariatric surgery [ 14].","Narrative Review Randomized controlled trials reporting the effects of probiotics in individuals with overweight and obesity: A critical review of the interventions and body adiposity parameters Marcella Rodrigues Guedes a, Karine Scanci da Silva Pontes a, Maria In ^es Barreto Silva b, c, Mario Fritsch Neves d,M /C19arcia Regina Simas Torres Klein b, * a Post-Graduation Program in Clinical and Experimental Pathophysiology, State University of Rio de Janeiro (UERJ), Rio de Janeiro, Brazil b Department of Applied Nutrition, Nutrition Institute, State University of Rio de Janeiro (UERJ), Rio de Janeiro, Brazil c Human Nutrition Research Unit, Department of Agricultural, Food and Nutritional Sci",ok,
PMID:34444671,PubMed,34444671,Effects of 60-Day,weight,"Intervention group showed a statistically significant (p < 0.05) decrease of body weight, BMI, fat mass, insulin, HOMA Index and uric acid.",p < 0.05,,,,,,,,detail_hint,expansion_queue,pending,,nutrients-13-02512-v2.pdf,1.000,15,Saccharomyces boulardii and Superoxide Dismutase Supplementation on Body Composition; Saccharomyces boulardii and Superoxide Dismutase; Saccharomyces boulardii; probiotic; prebiotic treatment in the last 4 weeks. All participants agreed to avoid participating i; Saccharomyces cerevisiae variant boulardii,4 weeks; 1 month; 60 days; 3 months,(5.0× 109 CFU) and 500 IU SOD t,4 women,adiposity; glucose; insulin; HOMA-IR; BMI; body weight; fat mass; microbiota; cholesterol; triglycerides,"nutrients Article Effects of 60-Day Saccharomyces boulardii and Superoxide Dismutase Supplementation on Body Composition, Hunger Sensation, Pro/Antioxidant Ratio, Inﬂammation and Hormonal Lipo-Metabolic Biomarkers in Obese Adults: A Double-Blind, Placebo-Controlled Trial Mariangela Rondanelli 1,2 , Niccolò Miraglia 3,4 , Pietro Putignano 5, Ignazio Castagliuolo 6, Paola Brun 6 , Stefano Dall’Acqua 7 , Gabriella Peroni 8,* , Milena Anna Faliva 8, Maurizio Naso 8, Mara Nichetti 8, Vittoria Infantino 2 and Simone Perna 9 /gid00030/gid00035/gid00032/gid00030/gid00038/gid00001/gid00033/gid00042/gid00045/gid00001 /gid00048/gid00043/gid00031/gid00028/gid00047/gid00032/gid00046 Citation: Rondanelli, M.; Miraglia, N.; Putignano, P .; Castagliuolo, I.; Brun, P .; Dall’Acqua, S.; Peroni, G.; Faliva, M.A.; Naso, M.; Nichetti, M.; et al. Effects of 60-Day Saccharomyces boulardii and Superoxide Dismut",Saccharomyces boulardii; Saccharomyces cerevisiae,,109 CFU,4 weeks; 1 month; 60 days; 3 months,4 women; 30 patients; 15 patients; 8 women; 4 men; 9 women,Double-Blind; Placebo-Controlled; randomized; double blind; clinical trial,diet; prebiotic; capsules; yoghurt; supplement,p < 0.05; p = 0.891; p = 0.083; p = 0.065; p = 0.084,"decrease low-grade inﬂammation and that S; decrease adiposity; 35 kg/m; decrease of body weight, BMI, fat mass, insulin, HOMA Index and uric acid; decrease (p < 0; increase (p < 0; decrease on fat mass, with preservation of fat free mass; decrease of HOMA index and uric acid, produced additional beneﬁts in obesity management; increase in vitamin D levels in treated group requires further investigation; increased extensively in recent years, leading to high healthcare costs [2]; 40%; increase in fat mass is observed in germ-free mice following colonization with the micro; increase [9]; decrease in body weight, as well as in fat mass measured by nuclear magnetic resonance,; decreases liver weight, lipids content, and markers of macrophage inﬁltration; increase in Bacteroides and a marked decrease in Firmicutes, Proteobacteria and Tenericu; increased permeability of the intestinal mu- cosa, which promotes the passage of bacteri; increase is associated with obesity and is induced by the inﬂammatory cytokines produced","boulardii and SOD supplementation on circulating markers of inﬂammation, body composition, hunger sensation, pro/antioxidant ratio, hormonal, lipid proﬁle, glucose, insulin and HOMA-IR, in obese adults (BMI 30–35 kg/m 2). || Intervention group showed a statistically signiﬁcant ( p < 0.05) decrease of body weight, BMI, fat mass, insulin, HOMA Index and uric acid. || Introduction Obesity is a clinical condition of excess body adiposity, and is associated with several risk factors, such as cardiovascular risk, diabetes and cancer [1]. || The prevalence of obesity and excess weight in adults, but also in children and adolescents, has increased extensively in recent years, leading to high healthcare costs [2]. || with these being fac- tors relevant, it has been suggested that a sub-optimal intestinal microbiota can have an important inﬂuence, as well as inﬂammation [3,4]. || Speciﬁcally, in pathological conditions such as high adiposity and type 2 diabetes, the gut microbiota can have a signiﬁcant interaction with the host, leading to the development of associated metabolic disorders [5].","nutrients Article Effects of 60-Day Saccharomyces boulardii and Superoxide Dismutase Supplementation on Body Composition, Hunger Sensation, Pro/Antioxidant Ratio, Inﬂammation and Hormonal Lipo-Metabolic Biomarkers in Obese Adults: A Double-Blind, Placebo-Controlled Trial Mariangela Rondanelli 1,2 , Niccolò Miraglia 3,4 , Pietro Putignano 5, Ignazio Castagliuolo 6, Paola Brun 6 , Stefano Dall’Acqua 7 , Gabriella Peroni 8,* , Milena Anna Faliva 8, Maurizio Naso 8, Mara Nichetti 8, Vittoria Infantino 2 and Simone Perna 9 /gid00030/gid00035/gid00032/gid00030/gid00038/gid00001/gid00033/gid00042/gid00045/gid00001 /gid00048/gid00043/gid00031/gid00028/gid00047/gid00032/gid00046 Citation: Rondanelli,",ok,
PMID:34444671,PubMed,34444671,Effects of 60-Day,BMI,"Intervention group showed a statistically significant (p < 0.05) decrease of body weight, BMI, fat mass, insulin, HOMA Index and uric acid.",p < 0.05,,,,,,,,detail_hint,expansion_queue,pending,,nutrients-13-02512-v2.pdf,1.000,15,Saccharomyces boulardii and Superoxide Dismutase Supplementation on Body Composition; Saccharomyces boulardii and Superoxide Dismutase; Saccharomyces boulardii; probiotic; prebiotic treatment in the last 4 weeks. All participants agreed to avoid participating i; Saccharomyces cerevisiae variant boulardii,4 weeks; 1 month; 60 days; 3 months,(5.0× 109 CFU) and 500 IU SOD t,4 women,adiposity; glucose; insulin; HOMA-IR; BMI; body weight; fat mass; microbiota; cholesterol; triglycerides,"nutrients Article Effects of 60-Day Saccharomyces boulardii and Superoxide Dismutase Supplementation on Body Composition, Hunger Sensation, Pro/Antioxidant Ratio, Inﬂammation and Hormonal Lipo-Metabolic Biomarkers in Obese Adults: A Double-Blind, Placebo-Controlled Trial Mariangela Rondanelli 1,2 , Niccolò Miraglia 3,4 , Pietro Putignano 5, Ignazio Castagliuolo 6, Paola Brun 6 , Stefano Dall’Acqua 7 , Gabriella Peroni 8,* , Milena Anna Faliva 8, Maurizio Naso 8, Mara Nichetti 8, Vittoria Infantino 2 and Simone Perna 9 /gid00030/gid00035/gid00032/gid00030/gid00038/gid00001/gid00033/gid00042/gid00045/gid00001 /gid00048/gid00043/gid00031/gid00028/gid00047/gid00032/gid00046 Citation: Rondanelli, M.; Miraglia, N.; Putignano, P .; Castagliuolo, I.; Brun, P .; Dall’Acqua, S.; Peroni, G.; Faliva, M.A.; Naso, M.; Nichetti, M.; et al. Effects of 60-Day Saccharomyces boulardii and Superoxide Dismut",Saccharomyces boulardii; Saccharomyces cerevisiae,,109 CFU,4 weeks; 1 month; 60 days; 3 months,4 women; 30 patients; 15 patients; 8 women; 4 men; 9 women,Double-Blind; Placebo-Controlled; randomized; double blind; clinical trial,diet; prebiotic; capsules; yoghurt; supplement,p < 0.05; p = 0.891; p = 0.083; p = 0.065; p = 0.084,"decrease low-grade inﬂammation and that S; decrease adiposity; 35 kg/m; decrease of body weight, BMI, fat mass, insulin, HOMA Index and uric acid; decrease (p < 0; increase (p < 0; decrease on fat mass, with preservation of fat free mass; decrease of HOMA index and uric acid, produced additional beneﬁts in obesity management; increase in vitamin D levels in treated group requires further investigation; increased extensively in recent years, leading to high healthcare costs [2]; 40%; increase in fat mass is observed in germ-free mice following colonization with the micro; increase [9]; decrease in body weight, as well as in fat mass measured by nuclear magnetic resonance,; decreases liver weight, lipids content, and markers of macrophage inﬁltration; increase in Bacteroides and a marked decrease in Firmicutes, Proteobacteria and Tenericu; increased permeability of the intestinal mu- cosa, which promotes the passage of bacteri; increase is associated with obesity and is induced by the inﬂammatory cytokines produced","boulardii and SOD supplementation on circulating markers of inﬂammation, body composition, hunger sensation, pro/antioxidant ratio, hormonal, lipid proﬁle, glucose, insulin and HOMA-IR, in obese adults (BMI 30–35 kg/m 2). || Intervention group showed a statistically signiﬁcant ( p < 0.05) decrease of body weight, BMI, fat mass, insulin, HOMA Index and uric acid. || Introduction Obesity is a clinical condition of excess body adiposity, and is associated with several risk factors, such as cardiovascular risk, diabetes and cancer [1]. || The prevalence of obesity and excess weight in adults, but also in children and adolescents, has increased extensively in recent years, leading to high healthcare costs [2]. || with these being fac- tors relevant, it has been suggested that a sub-optimal intestinal microbiota can have an important inﬂuence, as well as inﬂammation [3,4]. || Speciﬁcally, in pathological conditions such as high adiposity and type 2 diabetes, the gut microbiota can have a signiﬁcant interaction with the host, leading to the development of associated metabolic disorders [5].","nutrients Article Effects of 60-Day Saccharomyces boulardii and Superoxide Dismutase Supplementation on Body Composition, Hunger Sensation, Pro/Antioxidant Ratio, Inﬂammation and Hormonal Lipo-Metabolic Biomarkers in Obese Adults: A Double-Blind, Placebo-Controlled Trial Mariangela Rondanelli 1,2 , Niccolò Miraglia 3,4 , Pietro Putignano 5, Ignazio Castagliuolo 6, Paola Brun 6 , Stefano Dall’Acqua 7 , Gabriella Peroni 8,* , Milena Anna Faliva 8, Maurizio Naso 8, Mara Nichetti 8, Vittoria Infantino 2 and Simone Perna 9 /gid00030/gid00035/gid00032/gid00030/gid00038/gid00001/gid00033/gid00042/gid00045/gid00001 /gid00048/gid00043/gid00031/gid00028/gid00047/gid00032/gid00046 Citation: Rondanelli,",ok,
PMID:34444671,PubMed,34444671,Effects of 60-Day,body_fat,"Intervention group showed a statistically significant (p < 0.05) decrease of body weight, BMI, fat mass, insulin, HOMA Index and uric acid.",p < 0.05,,,,,,,,detail_hint,expansion_queue,pending,,nutrients-13-02512-v2.pdf,1.000,15,Saccharomyces boulardii and Superoxide Dismutase Supplementation on Body Composition; Saccharomyces boulardii and Superoxide Dismutase; Saccharomyces boulardii; probiotic; prebiotic treatment in the last 4 weeks. All participants agreed to avoid participating i; Saccharomyces cerevisiae variant boulardii,4 weeks; 1 month; 60 days; 3 months,(5.0× 109 CFU) and 500 IU SOD t,4 women,adiposity; glucose; insulin; HOMA-IR; BMI; body weight; fat mass; microbiota; cholesterol; triglycerides,"nutrients Article Effects of 60-Day Saccharomyces boulardii and Superoxide Dismutase Supplementation on Body Composition, Hunger Sensation, Pro/Antioxidant Ratio, Inﬂammation and Hormonal Lipo-Metabolic Biomarkers in Obese Adults: A Double-Blind, Placebo-Controlled Trial Mariangela Rondanelli 1,2 , Niccolò Miraglia 3,4 , Pietro Putignano 5, Ignazio Castagliuolo 6, Paola Brun 6 , Stefano Dall’Acqua 7 , Gabriella Peroni 8,* , Milena Anna Faliva 8, Maurizio Naso 8, Mara Nichetti 8, Vittoria Infantino 2 and Simone Perna 9 /gid00030/gid00035/gid00032/gid00030/gid00038/gid00001/gid00033/gid00042/gid00045/gid00001 /gid00048/gid00043/gid00031/gid00028/gid00047/gid00032/gid00046 Citation: Rondanelli, M.; Miraglia, N.; Putignano, P .; Castagliuolo, I.; Brun, P .; Dall’Acqua, S.; Peroni, G.; Faliva, M.A.; Naso, M.; Nichetti, M.; et al. Effects of 60-Day Saccharomyces boulardii and Superoxide Dismut",Saccharomyces boulardii; Saccharomyces cerevisiae,,109 CFU,4 weeks; 1 month; 60 days; 3 months,4 women; 30 patients; 15 patients; 8 women; 4 men; 9 women,Double-Blind; Placebo-Controlled; randomized; double blind; clinical trial,diet; prebiotic; capsules; yoghurt; supplement,p < 0.05; p = 0.891; p = 0.083; p = 0.065; p = 0.084,"decrease low-grade inﬂammation and that S; decrease adiposity; 35 kg/m; decrease of body weight, BMI, fat mass, insulin, HOMA Index and uric acid; decrease (p < 0; increase (p < 0; decrease on fat mass, with preservation of fat free mass; decrease of HOMA index and uric acid, produced additional beneﬁts in obesity management; increase in vitamin D levels in treated group requires further investigation; increased extensively in recent years, leading to high healthcare costs [2]; 40%; increase in fat mass is observed in germ-free mice following colonization with the micro; increase [9]; decrease in body weight, as well as in fat mass measured by nuclear magnetic resonance,; decreases liver weight, lipids content, and markers of macrophage inﬁltration; increase in Bacteroides and a marked decrease in Firmicutes, Proteobacteria and Tenericu; increased permeability of the intestinal mu- cosa, which promotes the passage of bacteri; increase is associated with obesity and is induced by the inﬂammatory cytokines produced","boulardii and SOD supplementation on circulating markers of inﬂammation, body composition, hunger sensation, pro/antioxidant ratio, hormonal, lipid proﬁle, glucose, insulin and HOMA-IR, in obese adults (BMI 30–35 kg/m 2). || Intervention group showed a statistically signiﬁcant ( p < 0.05) decrease of body weight, BMI, fat mass, insulin, HOMA Index and uric acid. || Introduction Obesity is a clinical condition of excess body adiposity, and is associated with several risk factors, such as cardiovascular risk, diabetes and cancer [1]. || The prevalence of obesity and excess weight in adults, but also in children and adolescents, has increased extensively in recent years, leading to high healthcare costs [2]. || with these being fac- tors relevant, it has been suggested that a sub-optimal intestinal microbiota can have an important inﬂuence, as well as inﬂammation [3,4]. || Speciﬁcally, in pathological conditions such as high adiposity and type 2 diabetes, the gut microbiota can have a signiﬁcant interaction with the host, leading to the development of associated metabolic disorders [5].","nutrients Article Effects of 60-Day Saccharomyces boulardii and Superoxide Dismutase Supplementation on Body Composition, Hunger Sensation, Pro/Antioxidant Ratio, Inﬂammation and Hormonal Lipo-Metabolic Biomarkers in Obese Adults: A Double-Blind, Placebo-Controlled Trial Mariangela Rondanelli 1,2 , Niccolò Miraglia 3,4 , Pietro Putignano 5, Ignazio Castagliuolo 6, Paola Brun 6 , Stefano Dall’Acqua 7 , Gabriella Peroni 8,* , Milena Anna Faliva 8, Maurizio Naso 8, Mara Nichetti 8, Vittoria Infantino 2 and Simone Perna 9 /gid00030/gid00035/gid00032/gid00030/gid00038/gid00001/gid00033/gid00042/gid00045/gid00001 /gid00048/gid00043/gid00031/gid00028/gid00047/gid00032/gid00046 Citation: Rondanelli,",ok,
PMID:34444671,PubMed,34444671,Effects of 60-Day,glucose,"Intervention group showed a statistically significant (p < 0.05) decrease of body weight, BMI, fat mass, insulin, HOMA Index and uric acid.",p < 0.05,,,,,,,,detail_hint,expansion_queue,pending,,nutrients-13-02512-v2.pdf,1.000,15,Saccharomyces boulardii and Superoxide Dismutase Supplementation on Body Composition; Saccharomyces boulardii and Superoxide Dismutase; Saccharomyces boulardii; probiotic; prebiotic treatment in the last 4 weeks. All participants agreed to avoid participating i; Saccharomyces cerevisiae variant boulardii,4 weeks; 1 month; 60 days; 3 months,(5.0× 109 CFU) and 500 IU SOD t,4 women,adiposity; glucose; insulin; HOMA-IR; BMI; body weight; fat mass; microbiota; cholesterol; triglycerides,"nutrients Article Effects of 60-Day Saccharomyces boulardii and Superoxide Dismutase Supplementation on Body Composition, Hunger Sensation, Pro/Antioxidant Ratio, Inﬂammation and Hormonal Lipo-Metabolic Biomarkers in Obese Adults: A Double-Blind, Placebo-Controlled Trial Mariangela Rondanelli 1,2 , Niccolò Miraglia 3,4 , Pietro Putignano 5, Ignazio Castagliuolo 6, Paola Brun 6 , Stefano Dall’Acqua 7 , Gabriella Peroni 8,* , Milena Anna Faliva 8, Maurizio Naso 8, Mara Nichetti 8, Vittoria Infantino 2 and Simone Perna 9 /gid00030/gid00035/gid00032/gid00030/gid00038/gid00001/gid00033/gid00042/gid00045/gid00001 /gid00048/gid00043/gid00031/gid00028/gid00047/gid00032/gid00046 Citation: Rondanelli, M.; Miraglia, N.; Putignano, P .; Castagliuolo, I.; Brun, P .; Dall’Acqua, S.; Peroni, G.; Faliva, M.A.; Naso, M.; Nichetti, M.; et al. Effects of 60-Day Saccharomyces boulardii and Superoxide Dismut",Saccharomyces boulardii; Saccharomyces cerevisiae,,109 CFU,4 weeks; 1 month; 60 days; 3 months,4 women; 30 patients; 15 patients; 8 women; 4 men; 9 women,Double-Blind; Placebo-Controlled; randomized; double blind; clinical trial,diet; prebiotic; capsules; yoghurt; supplement,p < 0.05; p = 0.891; p = 0.083; p = 0.065; p = 0.084,"decrease low-grade inﬂammation and that S; decrease adiposity; 35 kg/m; decrease of body weight, BMI, fat mass, insulin, HOMA Index and uric acid; decrease (p < 0; increase (p < 0; decrease on fat mass, with preservation of fat free mass; decrease of HOMA index and uric acid, produced additional beneﬁts in obesity management; increase in vitamin D levels in treated group requires further investigation; increased extensively in recent years, leading to high healthcare costs [2]; 40%; increase in fat mass is observed in germ-free mice following colonization with the micro; increase [9]; decrease in body weight, as well as in fat mass measured by nuclear magnetic resonance,; decreases liver weight, lipids content, and markers of macrophage inﬁltration; increase in Bacteroides and a marked decrease in Firmicutes, Proteobacteria and Tenericu; increased permeability of the intestinal mu- cosa, which promotes the passage of bacteri; increase is associated with obesity and is induced by the inﬂammatory cytokines produced","boulardii and SOD supplementation on circulating markers of inﬂammation, body composition, hunger sensation, pro/antioxidant ratio, hormonal, lipid proﬁle, glucose, insulin and HOMA-IR, in obese adults (BMI 30–35 kg/m 2). || Intervention group showed a statistically signiﬁcant ( p < 0.05) decrease of body weight, BMI, fat mass, insulin, HOMA Index and uric acid. || Introduction Obesity is a clinical condition of excess body adiposity, and is associated with several risk factors, such as cardiovascular risk, diabetes and cancer [1]. || The prevalence of obesity and excess weight in adults, but also in children and adolescents, has increased extensively in recent years, leading to high healthcare costs [2]. || with these being fac- tors relevant, it has been suggested that a sub-optimal intestinal microbiota can have an important inﬂuence, as well as inﬂammation [3,4]. || Speciﬁcally, in pathological conditions such as high adiposity and type 2 diabetes, the gut microbiota can have a signiﬁcant interaction with the host, leading to the development of associated metabolic disorders [5].","nutrients Article Effects of 60-Day Saccharomyces boulardii and Superoxide Dismutase Supplementation on Body Composition, Hunger Sensation, Pro/Antioxidant Ratio, Inﬂammation and Hormonal Lipo-Metabolic Biomarkers in Obese Adults: A Double-Blind, Placebo-Controlled Trial Mariangela Rondanelli 1,2 , Niccolò Miraglia 3,4 , Pietro Putignano 5, Ignazio Castagliuolo 6, Paola Brun 6 , Stefano Dall’Acqua 7 , Gabriella Peroni 8,* , Milena Anna Faliva 8, Maurizio Naso 8, Mara Nichetti 8, Vittoria Infantino 2 and Simone Perna 9 /gid00030/gid00035/gid00032/gid00030/gid00038/gid00001/gid00033/gid00042/gid00045/gid00001 /gid00048/gid00043/gid00031/gid00028/gid00047/gid00032/gid00046 Citation: Rondanelli,",ok,
PMID:32234652,PubMed,32234652,Gut microbiota composition after diet and probiotics in overweight breast cancer survivors: a randomized open-label pilot intervention trial.,weight,"Significant reductions of body weight, body mass index, fasting glucose, and homeostasis model assessment of insulin resistance were identified at T4 in both groups; in the intervention group waist circumference (P = 0.012), waist-to-hip ratio (P = 0.045), and fasting insulin (P = 0.017) also significantly decreased.; Probiotics in addition to an MD positively influence gut microbiota and improve metabolic and anthropometric parameters compared with an MD alone.",P = 0.01; P = 0.004; P = 0.012; P = 0.045; P = 0.017,,,,,,,n = 16; n = 18,detail_hint,expansion_queue,pending,,Gut microbiota composition after diet and probiotics in overweight breast cancer survivors_ a randomized open-label pilot interv(科研通-ablesci.com).pdf,1.000,9,Lactobacillus rhamnosus HN001; probiotic administration the number of bacterial species; Lactobacillus rhamnosus has been reported to improve insulin sensitivity and expression of ge; probiotic strains Biﬁdobacterium longum and Lactobacillus rhamno- sus has been found to b; probiotic strains; probiotic product,8 wk,units (CFU) of B. longum BB5; units (CFU) of L. rhamnosus,n = 16; n = 18,microbiota; body weight; body mass index; glucose; insulin; waist circumference; BMI; HbA1c; triglycerides; HDL; cholesterol; LDL,"Applied nutritional investigation Gut microbiota composition after diet and probiotics in overweight breast cancer survivors: a randomized open-label pilot intervention trial Marianna Pellegrini M.D. a, Mirko Ippolito M.D. a, Taira Monge R.D. a, Rossella Violi R.D. a, Paola Cappello M.D. b, Ilario Ferrocino Ph.D. c, Luca Simone Cocolin Ph.D. c, Antonella De Francesco M.D. a, Simona Bo Ph.D. d, Concetta Finocchiaro Ph.D. a,* a Department of Clinical Nutrition, Citt /C18a della Salute e della Scienza, Turin, Italy b CeRMS Labortory of Tumor Immunology, University of Turin, Italy c Department of Agricultural, Forest and Food Sciences, University of Turin, Italy d Department of Medical Science, University of Turin, Italy ARTICLE INFO Article History: Received 12 June 2019 Received in revised form 15 November 2019 Accepted 19 January 2020 ABSTRACT Objectives: Breast cancer (BC) is the most di",Lactobacillus rhamnosus HN001; Lactobacillus rhamnosus; Lactobacillus rhamno-; Lactobacillus rhamnosusHN; Lactobacillus gasseri,,,8 wk,n = 16; n = 18; 34 participants; n = 12; n = 14,randomized; open-label; pilot,diet; sachet; supplement; pasta; milk,P = 0.01; P = 0.004; P = 0.012; P = 0.045; P = 0.017; P > 0.05; P = 0.02; P = 0.001; P < 0.05,"increased; decreased in the intervention group and increased in controls ( P = 0; decreased; reduced bacterial biodiversity and an altered expression of bacterial genes, especiall; 35.0 kg/m; changes in the gut microbiota composition after 2 mo of MD plus probiotics versus MD a; changes in body weight, BMI, waist circumference, and metabolic parameters after 4 mo; 1500 kcal; 15%; 18%; 25%; 35%; 45%; 55%; reduced intake of cheese, butter, meat, and potatoes and very low consumption of sugar; 80%; 100%; 50%","Intestinal microbiota analysis was performed at T0 and T2. || Signi ﬁcant reductions of body weight, body mass index, fasting glucose, and homeostasis model assessment of insulin resistance were identi ﬁed at T4 in both groups; || in the intervention group waist circumference ( P = 0.012), waist-to-hip ratio ( P = 0.045), and fasting insulin (P = 0.017) also signi ﬁcantly decreased. || Keywords: Gut microbiota Breast cancer Mediterranean diet Probiotics Body weight management Introduction Breast cancer (BC) is the most common cancer in women worldwide [1]. || Over- weight and obesity are associated with advanced stage and grade of cancer at diagnosis and resistance to local and systemic therapies [7/C09]. || The largest collection of human-colonizing microorganisms is a complex cellular ecosystem localized at the distal gastrointestinal tract (colon), known as intestinal microbiota (IM) [10/C012].","Applied nutritional investigation Gut microbiota composition after diet and probiotics in overweight breast cancer survivors: a randomized open-label pilot intervention trial Marianna Pellegrini M.D. a, Mirko Ippolito M.D. a, Taira Monge R.D. a, Rossella Violi R.D. a, Paola Cappello M.D. b, Ilario Ferrocino Ph.D. c, Luca Simone Cocolin Ph.D. c, Antonella De Francesco M.D. a, Simona Bo Ph.D. d, Concetta Finocchiaro Ph.D. a,* a Department of Clinical Nutrition, Citt /C18a della Salute e della Scienza, Turin, Italy b CeRMS Labortory of Tumor Immunology, University of Turin, Italy c Department of Agricultural, Forest and Food Sciences, University of Turin, Italy d Department of Medical Science, ",ok,
PMID:32234652,PubMed,32234652,Gut microbiota composition after diet and probiotics in overweight breast cancer survivors: a randomized open-label pilot intervention trial.,BMI,"Significant reductions of body weight, body mass index, fasting glucose, and homeostasis model assessment of insulin resistance were identified at T4 in both groups; in the intervention group waist circumference (P = 0.012), waist-to-hip ratio (P = 0.045), and fasting insulin (P = 0.017) also significantly decreased.; Probiotics in addition to an MD positively influence gut microbiota and improve metabolic and anthropometric parameters compared with an MD alone.",P = 0.01; P = 0.004; P = 0.012; P = 0.045; P = 0.017,,,,,,,n = 16; n = 18,detail_hint,expansion_queue,pending,,Gut microbiota composition after diet and probiotics in overweight breast cancer survivors_ a randomized open-label pilot interv(科研通-ablesci.com).pdf,1.000,9,Lactobacillus rhamnosus HN001; probiotic administration the number of bacterial species; Lactobacillus rhamnosus has been reported to improve insulin sensitivity and expression of ge; probiotic strains Biﬁdobacterium longum and Lactobacillus rhamno- sus has been found to b; probiotic strains; probiotic product,8 wk,units (CFU) of B. longum BB5; units (CFU) of L. rhamnosus,n = 16; n = 18,microbiota; body weight; body mass index; glucose; insulin; waist circumference; BMI; HbA1c; triglycerides; HDL; cholesterol; LDL,"Applied nutritional investigation Gut microbiota composition after diet and probiotics in overweight breast cancer survivors: a randomized open-label pilot intervention trial Marianna Pellegrini M.D. a, Mirko Ippolito M.D. a, Taira Monge R.D. a, Rossella Violi R.D. a, Paola Cappello M.D. b, Ilario Ferrocino Ph.D. c, Luca Simone Cocolin Ph.D. c, Antonella De Francesco M.D. a, Simona Bo Ph.D. d, Concetta Finocchiaro Ph.D. a,* a Department of Clinical Nutrition, Citt /C18a della Salute e della Scienza, Turin, Italy b CeRMS Labortory of Tumor Immunology, University of Turin, Italy c Department of Agricultural, Forest and Food Sciences, University of Turin, Italy d Department of Medical Science, University of Turin, Italy ARTICLE INFO Article History: Received 12 June 2019 Received in revised form 15 November 2019 Accepted 19 January 2020 ABSTRACT Objectives: Breast cancer (BC) is the most di",Lactobacillus rhamnosus HN001; Lactobacillus rhamnosus; Lactobacillus rhamno-; Lactobacillus rhamnosusHN; Lactobacillus gasseri,,,8 wk,n = 16; n = 18; 34 participants; n = 12; n = 14,randomized; open-label; pilot,diet; sachet; supplement; pasta; milk,P = 0.01; P = 0.004; P = 0.012; P = 0.045; P = 0.017; P > 0.05; P = 0.02; P = 0.001; P < 0.05,"increased; decreased in the intervention group and increased in controls ( P = 0; decreased; reduced bacterial biodiversity and an altered expression of bacterial genes, especiall; 35.0 kg/m; changes in the gut microbiota composition after 2 mo of MD plus probiotics versus MD a; changes in body weight, BMI, waist circumference, and metabolic parameters after 4 mo; 1500 kcal; 15%; 18%; 25%; 35%; 45%; 55%; reduced intake of cheese, butter, meat, and potatoes and very low consumption of sugar; 80%; 100%; 50%","Intestinal microbiota analysis was performed at T0 and T2. || Signi ﬁcant reductions of body weight, body mass index, fasting glucose, and homeostasis model assessment of insulin resistance were identi ﬁed at T4 in both groups; || in the intervention group waist circumference ( P = 0.012), waist-to-hip ratio ( P = 0.045), and fasting insulin (P = 0.017) also signi ﬁcantly decreased. || Keywords: Gut microbiota Breast cancer Mediterranean diet Probiotics Body weight management Introduction Breast cancer (BC) is the most common cancer in women worldwide [1]. || Over- weight and obesity are associated with advanced stage and grade of cancer at diagnosis and resistance to local and systemic therapies [7/C09]. || The largest collection of human-colonizing microorganisms is a complex cellular ecosystem localized at the distal gastrointestinal tract (colon), known as intestinal microbiota (IM) [10/C012].","Applied nutritional investigation Gut microbiota composition after diet and probiotics in overweight breast cancer survivors: a randomized open-label pilot intervention trial Marianna Pellegrini M.D. a, Mirko Ippolito M.D. a, Taira Monge R.D. a, Rossella Violi R.D. a, Paola Cappello M.D. b, Ilario Ferrocino Ph.D. c, Luca Simone Cocolin Ph.D. c, Antonella De Francesco M.D. a, Simona Bo Ph.D. d, Concetta Finocchiaro Ph.D. a,* a Department of Clinical Nutrition, Citt /C18a della Salute e della Scienza, Turin, Italy b CeRMS Labortory of Tumor Immunology, University of Turin, Italy c Department of Agricultural, Forest and Food Sciences, University of Turin, Italy d Department of Medical Science, ",ok,
PMID:32234652,PubMed,32234652,Gut microbiota composition after diet and probiotics in overweight breast cancer survivors: a randomized open-label pilot intervention trial.,waist,"Significant reductions of body weight, body mass index, fasting glucose, and homeostasis model assessment of insulin resistance were identified at T4 in both groups; in the intervention group waist circumference (P = 0.012), waist-to-hip ratio (P = 0.045), and fasting insulin (P = 0.017) also significantly decreased.; Probiotics in addition to an MD positively influence gut microbiota and improve metabolic and anthropometric parameters compared with an MD alone.",P = 0.01; P = 0.004; P = 0.012; P = 0.045; P = 0.017,,,,,,,n = 16; n = 18,detail_hint,expansion_queue,pending,,Gut microbiota composition after diet and probiotics in overweight breast cancer survivors_ a randomized open-label pilot interv(科研通-ablesci.com).pdf,1.000,9,Lactobacillus rhamnosus HN001; probiotic administration the number of bacterial species; Lactobacillus rhamnosus has been reported to improve insulin sensitivity and expression of ge; probiotic strains Biﬁdobacterium longum and Lactobacillus rhamno- sus has been found to b; probiotic strains; probiotic product,8 wk,units (CFU) of B. longum BB5; units (CFU) of L. rhamnosus,n = 16; n = 18,microbiota; body weight; body mass index; glucose; insulin; waist circumference; BMI; HbA1c; triglycerides; HDL; cholesterol; LDL,"Applied nutritional investigation Gut microbiota composition after diet and probiotics in overweight breast cancer survivors: a randomized open-label pilot intervention trial Marianna Pellegrini M.D. a, Mirko Ippolito M.D. a, Taira Monge R.D. a, Rossella Violi R.D. a, Paola Cappello M.D. b, Ilario Ferrocino Ph.D. c, Luca Simone Cocolin Ph.D. c, Antonella De Francesco M.D. a, Simona Bo Ph.D. d, Concetta Finocchiaro Ph.D. a,* a Department of Clinical Nutrition, Citt /C18a della Salute e della Scienza, Turin, Italy b CeRMS Labortory of Tumor Immunology, University of Turin, Italy c Department of Agricultural, Forest and Food Sciences, University of Turin, Italy d Department of Medical Science, University of Turin, Italy ARTICLE INFO Article History: Received 12 June 2019 Received in revised form 15 November 2019 Accepted 19 January 2020 ABSTRACT Objectives: Breast cancer (BC) is the most di",Lactobacillus rhamnosus HN001; Lactobacillus rhamnosus; Lactobacillus rhamno-; Lactobacillus rhamnosusHN; Lactobacillus gasseri,,,8 wk,n = 16; n = 18; 34 participants; n = 12; n = 14,randomized; open-label; pilot,diet; sachet; supplement; pasta; milk,P = 0.01; P = 0.004; P = 0.012; P = 0.045; P = 0.017; P > 0.05; P = 0.02; P = 0.001; P < 0.05,"increased; decreased in the intervention group and increased in controls ( P = 0; decreased; reduced bacterial biodiversity and an altered expression of bacterial genes, especiall; 35.0 kg/m; changes in the gut microbiota composition after 2 mo of MD plus probiotics versus MD a; changes in body weight, BMI, waist circumference, and metabolic parameters after 4 mo; 1500 kcal; 15%; 18%; 25%; 35%; 45%; 55%; reduced intake of cheese, butter, meat, and potatoes and very low consumption of sugar; 80%; 100%; 50%","Intestinal microbiota analysis was performed at T0 and T2. || Signi ﬁcant reductions of body weight, body mass index, fasting glucose, and homeostasis model assessment of insulin resistance were identi ﬁed at T4 in both groups; || in the intervention group waist circumference ( P = 0.012), waist-to-hip ratio ( P = 0.045), and fasting insulin (P = 0.017) also signi ﬁcantly decreased. || Keywords: Gut microbiota Breast cancer Mediterranean diet Probiotics Body weight management Introduction Breast cancer (BC) is the most common cancer in women worldwide [1]. || Over- weight and obesity are associated with advanced stage and grade of cancer at diagnosis and resistance to local and systemic therapies [7/C09]. || The largest collection of human-colonizing microorganisms is a complex cellular ecosystem localized at the distal gastrointestinal tract (colon), known as intestinal microbiota (IM) [10/C012].","Applied nutritional investigation Gut microbiota composition after diet and probiotics in overweight breast cancer survivors: a randomized open-label pilot intervention trial Marianna Pellegrini M.D. a, Mirko Ippolito M.D. a, Taira Monge R.D. a, Rossella Violi R.D. a, Paola Cappello M.D. b, Ilario Ferrocino Ph.D. c, Luca Simone Cocolin Ph.D. c, Antonella De Francesco M.D. a, Simona Bo Ph.D. d, Concetta Finocchiaro Ph.D. a,* a Department of Clinical Nutrition, Citt /C18a della Salute e della Scienza, Turin, Italy b CeRMS Labortory of Tumor Immunology, University of Turin, Italy c Department of Agricultural, Forest and Food Sciences, University of Turin, Italy d Department of Medical Science, ",ok,
PMID:32234652,PubMed,32234652,Gut microbiota composition after diet and probiotics in overweight breast cancer survivors: a randomized open-label pilot intervention trial.,glucose,"Significant reductions of body weight, body mass index, fasting glucose, and homeostasis model assessment of insulin resistance were identified at T4 in both groups; in the intervention group waist circumference (P = 0.012), waist-to-hip ratio (P = 0.045), and fasting insulin (P = 0.017) also significantly decreased.; Probiotics in addition to an MD positively influence gut microbiota and improve metabolic and anthropometric parameters compared with an MD alone.",P = 0.01; P = 0.004; P = 0.012; P = 0.045; P = 0.017,,,,,,,n = 16; n = 18,detail_hint,expansion_queue,pending,,Gut microbiota composition after diet and probiotics in overweight breast cancer survivors_ a randomized open-label pilot interv(科研通-ablesci.com).pdf,1.000,9,Lactobacillus rhamnosus HN001; probiotic administration the number of bacterial species; Lactobacillus rhamnosus has been reported to improve insulin sensitivity and expression of ge; probiotic strains Biﬁdobacterium longum and Lactobacillus rhamno- sus has been found to b; probiotic strains; probiotic product,8 wk,units (CFU) of B. longum BB5; units (CFU) of L. rhamnosus,n = 16; n = 18,microbiota; body weight; body mass index; glucose; insulin; waist circumference; BMI; HbA1c; triglycerides; HDL; cholesterol; LDL,"Applied nutritional investigation Gut microbiota composition after diet and probiotics in overweight breast cancer survivors: a randomized open-label pilot intervention trial Marianna Pellegrini M.D. a, Mirko Ippolito M.D. a, Taira Monge R.D. a, Rossella Violi R.D. a, Paola Cappello M.D. b, Ilario Ferrocino Ph.D. c, Luca Simone Cocolin Ph.D. c, Antonella De Francesco M.D. a, Simona Bo Ph.D. d, Concetta Finocchiaro Ph.D. a,* a Department of Clinical Nutrition, Citt /C18a della Salute e della Scienza, Turin, Italy b CeRMS Labortory of Tumor Immunology, University of Turin, Italy c Department of Agricultural, Forest and Food Sciences, University of Turin, Italy d Department of Medical Science, University of Turin, Italy ARTICLE INFO Article History: Received 12 June 2019 Received in revised form 15 November 2019 Accepted 19 January 2020 ABSTRACT Objectives: Breast cancer (BC) is the most di",Lactobacillus rhamnosus HN001; Lactobacillus rhamnosus; Lactobacillus rhamno-; Lactobacillus rhamnosusHN; Lactobacillus gasseri,,,8 wk,n = 16; n = 18; 34 participants; n = 12; n = 14,randomized; open-label; pilot,diet; sachet; supplement; pasta; milk,P = 0.01; P = 0.004; P = 0.012; P = 0.045; P = 0.017; P > 0.05; P = 0.02; P = 0.001; P < 0.05,"increased; decreased in the intervention group and increased in controls ( P = 0; decreased; reduced bacterial biodiversity and an altered expression of bacterial genes, especiall; 35.0 kg/m; changes in the gut microbiota composition after 2 mo of MD plus probiotics versus MD a; changes in body weight, BMI, waist circumference, and metabolic parameters after 4 mo; 1500 kcal; 15%; 18%; 25%; 35%; 45%; 55%; reduced intake of cheese, butter, meat, and potatoes and very low consumption of sugar; 80%; 100%; 50%","Intestinal microbiota analysis was performed at T0 and T2. || Signi ﬁcant reductions of body weight, body mass index, fasting glucose, and homeostasis model assessment of insulin resistance were identi ﬁed at T4 in both groups; || in the intervention group waist circumference ( P = 0.012), waist-to-hip ratio ( P = 0.045), and fasting insulin (P = 0.017) also signi ﬁcantly decreased. || Keywords: Gut microbiota Breast cancer Mediterranean diet Probiotics Body weight management Introduction Breast cancer (BC) is the most common cancer in women worldwide [1]. || Over- weight and obesity are associated with advanced stage and grade of cancer at diagnosis and resistance to local and systemic therapies [7/C09]. || The largest collection of human-colonizing microorganisms is a complex cellular ecosystem localized at the distal gastrointestinal tract (colon), known as intestinal microbiota (IM) [10/C012].","Applied nutritional investigation Gut microbiota composition after diet and probiotics in overweight breast cancer survivors: a randomized open-label pilot intervention trial Marianna Pellegrini M.D. a, Mirko Ippolito M.D. a, Taira Monge R.D. a, Rossella Violi R.D. a, Paola Cappello M.D. b, Ilario Ferrocino Ph.D. c, Luca Simone Cocolin Ph.D. c, Antonella De Francesco M.D. a, Simona Bo Ph.D. d, Concetta Finocchiaro Ph.D. a,* a Department of Clinical Nutrition, Citt /C18a della Salute e della Scienza, Turin, Italy b CeRMS Labortory of Tumor Immunology, University of Turin, Italy c Department of Agricultural, Forest and Food Sciences, University of Turin, Italy d Department of Medical Science, ",ok,
PMID:32234652,PubMed,32234652,Gut microbiota composition after diet and probiotics in overweight breast cancer survivors: a randomized open-label pilot intervention trial.,microbiome,Intestinal microbiota analysis was performed at T0 and T2.; After 2 mo of probiotic administration the number of bacterial species (P = 0.01) and the bacterial diversity assessed with the Chao1 index (P = 0.004) significantly increased; no significant variations were detected after diet alone.,P = 0.01; P = 0.004; P = 0.012; P = 0.045; P = 0.017,,,,,,,n = 16; n = 18,detail_hint,expansion_queue,pending,,Gut microbiota composition after diet and probiotics in overweight breast cancer survivors_ a randomized open-label pilot interv(科研通-ablesci.com).pdf,1.000,9,Lactobacillus rhamnosus HN001; probiotic administration the number of bacterial species; Lactobacillus rhamnosus has been reported to improve insulin sensitivity and expression of ge; probiotic strains Biﬁdobacterium longum and Lactobacillus rhamno- sus has been found to b; probiotic strains; probiotic product,8 wk,units (CFU) of B. longum BB5; units (CFU) of L. rhamnosus,n = 16; n = 18,microbiota; body weight; body mass index; glucose; insulin; waist circumference; BMI; HbA1c; triglycerides; HDL; cholesterol; LDL,"Applied nutritional investigation Gut microbiota composition after diet and probiotics in overweight breast cancer survivors: a randomized open-label pilot intervention trial Marianna Pellegrini M.D. a, Mirko Ippolito M.D. a, Taira Monge R.D. a, Rossella Violi R.D. a, Paola Cappello M.D. b, Ilario Ferrocino Ph.D. c, Luca Simone Cocolin Ph.D. c, Antonella De Francesco M.D. a, Simona Bo Ph.D. d, Concetta Finocchiaro Ph.D. a,* a Department of Clinical Nutrition, Citt /C18a della Salute e della Scienza, Turin, Italy b CeRMS Labortory of Tumor Immunology, University of Turin, Italy c Department of Agricultural, Forest and Food Sciences, University of Turin, Italy d Department of Medical Science, University of Turin, Italy ARTICLE INFO Article History: Received 12 June 2019 Received in revised form 15 November 2019 Accepted 19 January 2020 ABSTRACT Objectives: Breast cancer (BC) is the most di",Lactobacillus rhamnosus HN001; Lactobacillus rhamnosus; Lactobacillus rhamno-; Lactobacillus rhamnosusHN; Lactobacillus gasseri,,,8 wk,n = 16; n = 18; 34 participants; n = 12; n = 14,randomized; open-label; pilot,diet; sachet; supplement; pasta; milk,P = 0.01; P = 0.004; P = 0.012; P = 0.045; P = 0.017; P > 0.05; P = 0.02; P = 0.001; P < 0.05,"increased; decreased in the intervention group and increased in controls ( P = 0; decreased; reduced bacterial biodiversity and an altered expression of bacterial genes, especiall; 35.0 kg/m; changes in the gut microbiota composition after 2 mo of MD plus probiotics versus MD a; changes in body weight, BMI, waist circumference, and metabolic parameters after 4 mo; 1500 kcal; 15%; 18%; 25%; 35%; 45%; 55%; reduced intake of cheese, butter, meat, and potatoes and very low consumption of sugar; 80%; 100%; 50%","Intestinal microbiota analysis was performed at T0 and T2. || Signi ﬁcant reductions of body weight, body mass index, fasting glucose, and homeostasis model assessment of insulin resistance were identi ﬁed at T4 in both groups; || in the intervention group waist circumference ( P = 0.012), waist-to-hip ratio ( P = 0.045), and fasting insulin (P = 0.017) also signi ﬁcantly decreased. || Keywords: Gut microbiota Breast cancer Mediterranean diet Probiotics Body weight management Introduction Breast cancer (BC) is the most common cancer in women worldwide [1]. || Over- weight and obesity are associated with advanced stage and grade of cancer at diagnosis and resistance to local and systemic therapies [7/C09]. || The largest collection of human-colonizing microorganisms is a complex cellular ecosystem localized at the distal gastrointestinal tract (colon), known as intestinal microbiota (IM) [10/C012].","Applied nutritional investigation Gut microbiota composition after diet and probiotics in overweight breast cancer survivors: a randomized open-label pilot intervention trial Marianna Pellegrini M.D. a, Mirko Ippolito M.D. a, Taira Monge R.D. a, Rossella Violi R.D. a, Paola Cappello M.D. b, Ilario Ferrocino Ph.D. c, Luca Simone Cocolin Ph.D. c, Antonella De Francesco M.D. a, Simona Bo Ph.D. d, Concetta Finocchiaro Ph.D. a,* a Department of Clinical Nutrition, Citt /C18a della Salute e della Scienza, Turin, Italy b CeRMS Labortory of Tumor Immunology, University of Turin, Italy c Department of Agricultural, Forest and Food Sciences, University of Turin, Italy d Department of Medical Science, ",ok,
PMID:30262813,PubMed,30262813,Effects of daily consumption of the probiotic Bifidobacterium animalis subsp. lactis CECT 8145 on anthropometric adiposity biomarkers in abdominally obese subjects: a randomized controlled trial.,weight,"after Ba8145 treatment, particularly in the live form, which was inversely related to weight (P = 0.003).; In abdominally obese individuals, consumption of Ba8145, both as viable and mainly as heat-killed cells, improves anthropometric adiposity biomarkers, particularly in women.",P < 0.05; P = 0.003,,,,,,,n = 135,detail_hint,expansion_queue,pending,,s41366-018-0220-0.pdf,1.000,6,probiotic Biﬁdobacterium animalis subsp. lactis CECT 8145 on anthropometric adiposity bio; probiotic Biﬁdobacterium animalis subsp. lactis CECT 8145; Akkermansia spp. after Ba8145 treatment; Akkermansia genus appears as a possible mechanism involved. Our results support Ba8145 prob; Akkermansia ssp. increased 0.008; Akkermansia percentage content after Ba8145 treatments was 1.8; Lactobacillus gasseri SBT2055; probiotic consumption in a recent meta-analysis,3 months; 12 weeks; 3 weeks; 12 months,"unit (CFU) of Ba8145, 10 10; CFU of h-k Ba8145, or; unit (CFU)/capsule containi; of 10 10 CFU before the heat t",n = 135; 187 subjects; 43 men; 83 women; n = 40; n = 42; n = 44,adiposity; waist circumference; body mass index; visceral fat; body fat; insulin; BMI; glucose; HOMA-IR; microbiota,"International Journal of Obesity (2019) 43:1863 –1868 https://doi.org/10.1038/s41366-018-0220-0 BRIEF COMMUNICATION Clinical Research Effects of daily consumption of the probiotic Biﬁdobacterium animalis subsp. lactis CECT 8145 on anthropometric adiposity biomarkers in abdominally obese subjects: a randomized controlled trial Anna Pedret 1,2 ● Rosa M. Valls 2,1 ● Lorena Calderón-Pérez 2,1 ● Elisabet Llauradó 2,1 ● Judit Companys 1,2 ● Laura Pla-Pagà 1,2 ● Ana Moragas 4,5,6 ● Francisco Martín-Luján 4,5,7 ● Yolanda Ortega 4,5,8 ● Montse Giralt 2,1 ● Antoni Caimari 1 ● Empar Chenoll 9 ● Salvador Genovés 9 ● Patricia Martorell 9 ● Francisco M. Codoñer 10 ● Daniel Ramón 9,1 ● Lluís Arola 1,11 ● Rosa Solà 1,2,3 Received: 21 May 2018 / Revised: 25 July 2018 / Accepted: 29 August 2018 / Published online: 27 September 2018 © The Author(s) 2018. This article is published with open access Abstract ",Akkermansia spp; Akkermansia genus; Akkermansia ssp; Akkermansia percentage; Lactobacillus gasseri SBT2055; Lactobacillus and; Akkermansia on; Akkermansia content was 1; Akkermansia muciniphila,SBT2055,10 10 CFU,3 months; 12 weeks; 3 weeks; 12 months,n = 135; 187 subjects; 43 men; 83 women; n = 40; n = 42; n = 44,randomized; controlled trial; parallel; double-blind; placebo-controlled; clinical trial; pilot; randomised,capsule; capsules; Diet; milk,P < 0.05; P = 0.003; P = 0.012; P = 0.086; P < 0.07; P < 0.001; P = 0.043,"decreased waist circumference, waist circumference/height ratio, and Conicity index ( P; Changes versus the placebo group reached signi ﬁcance ( P < 0; decreased the body mass index compared with baseline and placebo group ( P < 0; decrease in visceral fat area after Ba8145 treatments reached signi ﬁcance ( P < 0; decreased ( P < 0; increase in Akkermansia spp; increase in the gut Akkermansia genus appears as a possible mechanism involved; decreased the body fat content, improved lipid pro ﬁle, insulin sensitivity, and antioxi; 102 cm; 88 cm; 5 cm; 93%; decreased VFA, but signi ﬁcance was achieved only in the case of h-k Ba8145 ( P < 0; changes in the placebo group when adjusted for WC (Table 1); changes 1864 A; changes in other anthropometric adiposity biomarkers; decreased BMI versus both its baseline and the placebo group ( P < 0; decreased WC, WHtR ratio, and CI ( P < 0","lactis CECT 8145 on anthropometric adiposity biomarkers in abdominally obese subjects: a randomized controlled trial Anna Pedret 1,2 ● Rosa M. || lactis CECT 8145 (Ba8145) and those of its heat- killed form (h-k Ba8145) on human anthropometric adiposity biomarkers are unknown. || Objective To assess the effect of Ba8145 and h-k Ba8145 ingestion on anthropometric adiposity biomarkers. || Results Ba8145 ingestion decreased waist circumference, waist circumference/height ratio, and Conicity index ( P < 0.05) versus its baseline. || Ba8145 decreased the body mass index compared with baseline and placebo group ( P < 0.05). || The decrease in visceral fat area after Ba8145 treatments reached signi ﬁcance ( P < 0.05) only after h-k Ba8145.","International Journal of Obesity (2019) 43:1863 –1868 https://doi.org/10.1038/s41366-018-0220-0 BRIEF COMMUNICATION Clinical Research Effects of daily consumption of the probiotic Biﬁdobacterium animalis subsp. lactis CECT 8145 on anthropometric adiposity biomarkers in abdominally obese subjects: a randomized controlled trial Anna Pedret 1,2 ● Rosa M. Valls 2,1 ● Lorena Calderón-Pérez 2,1 ● Elisabet Llauradó 2,1 ● Judit Companys 1,2 ● Laura Pla-Pagà 1,2 ● Ana Moragas 4,5,6 ● Francisco Martín-Luján 4,5,7 ● Yolanda Ortega 4,5,8 ● Montse Giralt 2,1 ● Antoni Caimari 1 ● Empar Chenoll 9 ● Salvador Genovés 9 ● Patricia Martorell 9 ● Francisco M. Codoñer 10 ● Daniel Ramón 9,1 ● Lluís Arola 1,11 ● R",ok,
PMID:30262813,PubMed,30262813,Effects of daily consumption of the probiotic Bifidobacterium animalis subsp. lactis CECT 8145 on anthropometric adiposity biomarkers in abdominally obese subjects: a randomized controlled trial.,BMI,Ba8145 decreased the body mass index compared with baseline and placebo group (P < 0.05).,P < 0.05; P = 0.003,,,,,,,n = 135,detail_hint,expansion_queue,pending,,s41366-018-0220-0.pdf,1.000,6,probiotic Biﬁdobacterium animalis subsp. lactis CECT 8145 on anthropometric adiposity bio; probiotic Biﬁdobacterium animalis subsp. lactis CECT 8145; Akkermansia spp. after Ba8145 treatment; Akkermansia genus appears as a possible mechanism involved. Our results support Ba8145 prob; Akkermansia ssp. increased 0.008; Akkermansia percentage content after Ba8145 treatments was 1.8; Lactobacillus gasseri SBT2055; probiotic consumption in a recent meta-analysis,3 months; 12 weeks; 3 weeks; 12 months,"unit (CFU) of Ba8145, 10 10; CFU of h-k Ba8145, or; unit (CFU)/capsule containi; of 10 10 CFU before the heat t",n = 135; 187 subjects; 43 men; 83 women; n = 40; n = 42; n = 44,adiposity; waist circumference; body mass index; visceral fat; body fat; insulin; BMI; glucose; HOMA-IR; microbiota,"International Journal of Obesity (2019) 43:1863 –1868 https://doi.org/10.1038/s41366-018-0220-0 BRIEF COMMUNICATION Clinical Research Effects of daily consumption of the probiotic Biﬁdobacterium animalis subsp. lactis CECT 8145 on anthropometric adiposity biomarkers in abdominally obese subjects: a randomized controlled trial Anna Pedret 1,2 ● Rosa M. Valls 2,1 ● Lorena Calderón-Pérez 2,1 ● Elisabet Llauradó 2,1 ● Judit Companys 1,2 ● Laura Pla-Pagà 1,2 ● Ana Moragas 4,5,6 ● Francisco Martín-Luján 4,5,7 ● Yolanda Ortega 4,5,8 ● Montse Giralt 2,1 ● Antoni Caimari 1 ● Empar Chenoll 9 ● Salvador Genovés 9 ● Patricia Martorell 9 ● Francisco M. Codoñer 10 ● Daniel Ramón 9,1 ● Lluís Arola 1,11 ● Rosa Solà 1,2,3 Received: 21 May 2018 / Revised: 25 July 2018 / Accepted: 29 August 2018 / Published online: 27 September 2018 © The Author(s) 2018. This article is published with open access Abstract ",Akkermansia spp; Akkermansia genus; Akkermansia ssp; Akkermansia percentage; Lactobacillus gasseri SBT2055; Lactobacillus and; Akkermansia on; Akkermansia content was 1; Akkermansia muciniphila,SBT2055,10 10 CFU,3 months; 12 weeks; 3 weeks; 12 months,n = 135; 187 subjects; 43 men; 83 women; n = 40; n = 42; n = 44,randomized; controlled trial; parallel; double-blind; placebo-controlled; clinical trial; pilot; randomised,capsule; capsules; Diet; milk,P < 0.05; P = 0.003; P = 0.012; P = 0.086; P < 0.07; P < 0.001; P = 0.043,"decreased waist circumference, waist circumference/height ratio, and Conicity index ( P; Changes versus the placebo group reached signi ﬁcance ( P < 0; decreased the body mass index compared with baseline and placebo group ( P < 0; decrease in visceral fat area after Ba8145 treatments reached signi ﬁcance ( P < 0; decreased ( P < 0; increase in Akkermansia spp; increase in the gut Akkermansia genus appears as a possible mechanism involved; decreased the body fat content, improved lipid pro ﬁle, insulin sensitivity, and antioxi; 102 cm; 88 cm; 5 cm; 93%; decreased VFA, but signi ﬁcance was achieved only in the case of h-k Ba8145 ( P < 0; changes in the placebo group when adjusted for WC (Table 1); changes 1864 A; changes in other anthropometric adiposity biomarkers; decreased BMI versus both its baseline and the placebo group ( P < 0; decreased WC, WHtR ratio, and CI ( P < 0","lactis CECT 8145 on anthropometric adiposity biomarkers in abdominally obese subjects: a randomized controlled trial Anna Pedret 1,2 ● Rosa M. || lactis CECT 8145 (Ba8145) and those of its heat- killed form (h-k Ba8145) on human anthropometric adiposity biomarkers are unknown. || Objective To assess the effect of Ba8145 and h-k Ba8145 ingestion on anthropometric adiposity biomarkers. || Results Ba8145 ingestion decreased waist circumference, waist circumference/height ratio, and Conicity index ( P < 0.05) versus its baseline. || Ba8145 decreased the body mass index compared with baseline and placebo group ( P < 0.05). || The decrease in visceral fat area after Ba8145 treatments reached signi ﬁcance ( P < 0.05) only after h-k Ba8145.","International Journal of Obesity (2019) 43:1863 –1868 https://doi.org/10.1038/s41366-018-0220-0 BRIEF COMMUNICATION Clinical Research Effects of daily consumption of the probiotic Biﬁdobacterium animalis subsp. lactis CECT 8145 on anthropometric adiposity biomarkers in abdominally obese subjects: a randomized controlled trial Anna Pedret 1,2 ● Rosa M. Valls 2,1 ● Lorena Calderón-Pérez 2,1 ● Elisabet Llauradó 2,1 ● Judit Companys 1,2 ● Laura Pla-Pagà 1,2 ● Ana Moragas 4,5,6 ● Francisco Martín-Luján 4,5,7 ● Yolanda Ortega 4,5,8 ● Montse Giralt 2,1 ● Antoni Caimari 1 ● Empar Chenoll 9 ● Salvador Genovés 9 ● Patricia Martorell 9 ● Francisco M. Codoñer 10 ● Daniel Ramón 9,1 ● Lluís Arola 1,11 ● R",ok,
PMID:30262813,PubMed,30262813,Effects of daily consumption of the probiotic Bifidobacterium animalis subsp. lactis CECT 8145 on anthropometric adiposity biomarkers in abdominally obese subjects: a randomized controlled trial.,waist,"Participants (n = 135) consumed 1 capsule/day containing 1010 colony forming unit (CFU) of Ba8145, 1010 CFU of h-k Ba8145, or placebo (maltodextrin) for 3 months.; Ba8145 ingestion decreased waist circumference, waist circumference/height ratio, and Conicity index (P < 0.05) versus its baseline.",P < 0.05; P = 0.003,,,,,,,n = 135,detail_hint,expansion_queue,pending,,s41366-018-0220-0.pdf,1.000,6,probiotic Biﬁdobacterium animalis subsp. lactis CECT 8145 on anthropometric adiposity bio; probiotic Biﬁdobacterium animalis subsp. lactis CECT 8145; Akkermansia spp. after Ba8145 treatment; Akkermansia genus appears as a possible mechanism involved. Our results support Ba8145 prob; Akkermansia ssp. increased 0.008; Akkermansia percentage content after Ba8145 treatments was 1.8; Lactobacillus gasseri SBT2055; probiotic consumption in a recent meta-analysis,3 months; 12 weeks; 3 weeks; 12 months,"unit (CFU) of Ba8145, 10 10; CFU of h-k Ba8145, or; unit (CFU)/capsule containi; of 10 10 CFU before the heat t",n = 135; 187 subjects; 43 men; 83 women; n = 40; n = 42; n = 44,adiposity; waist circumference; body mass index; visceral fat; body fat; insulin; BMI; glucose; HOMA-IR; microbiota,"International Journal of Obesity (2019) 43:1863 –1868 https://doi.org/10.1038/s41366-018-0220-0 BRIEF COMMUNICATION Clinical Research Effects of daily consumption of the probiotic Biﬁdobacterium animalis subsp. lactis CECT 8145 on anthropometric adiposity biomarkers in abdominally obese subjects: a randomized controlled trial Anna Pedret 1,2 ● Rosa M. Valls 2,1 ● Lorena Calderón-Pérez 2,1 ● Elisabet Llauradó 2,1 ● Judit Companys 1,2 ● Laura Pla-Pagà 1,2 ● Ana Moragas 4,5,6 ● Francisco Martín-Luján 4,5,7 ● Yolanda Ortega 4,5,8 ● Montse Giralt 2,1 ● Antoni Caimari 1 ● Empar Chenoll 9 ● Salvador Genovés 9 ● Patricia Martorell 9 ● Francisco M. Codoñer 10 ● Daniel Ramón 9,1 ● Lluís Arola 1,11 ● Rosa Solà 1,2,3 Received: 21 May 2018 / Revised: 25 July 2018 / Accepted: 29 August 2018 / Published online: 27 September 2018 © The Author(s) 2018. This article is published with open access Abstract ",Akkermansia spp; Akkermansia genus; Akkermansia ssp; Akkermansia percentage; Lactobacillus gasseri SBT2055; Lactobacillus and; Akkermansia on; Akkermansia content was 1; Akkermansia muciniphila,SBT2055,10 10 CFU,3 months; 12 weeks; 3 weeks; 12 months,n = 135; 187 subjects; 43 men; 83 women; n = 40; n = 42; n = 44,randomized; controlled trial; parallel; double-blind; placebo-controlled; clinical trial; pilot; randomised,capsule; capsules; Diet; milk,P < 0.05; P = 0.003; P = 0.012; P = 0.086; P < 0.07; P < 0.001; P = 0.043,"decreased waist circumference, waist circumference/height ratio, and Conicity index ( P; Changes versus the placebo group reached signi ﬁcance ( P < 0; decreased the body mass index compared with baseline and placebo group ( P < 0; decrease in visceral fat area after Ba8145 treatments reached signi ﬁcance ( P < 0; decreased ( P < 0; increase in Akkermansia spp; increase in the gut Akkermansia genus appears as a possible mechanism involved; decreased the body fat content, improved lipid pro ﬁle, insulin sensitivity, and antioxi; 102 cm; 88 cm; 5 cm; 93%; decreased VFA, but signi ﬁcance was achieved only in the case of h-k Ba8145 ( P < 0; changes in the placebo group when adjusted for WC (Table 1); changes 1864 A; changes in other anthropometric adiposity biomarkers; decreased BMI versus both its baseline and the placebo group ( P < 0; decreased WC, WHtR ratio, and CI ( P < 0","lactis CECT 8145 on anthropometric adiposity biomarkers in abdominally obese subjects: a randomized controlled trial Anna Pedret 1,2 ● Rosa M. || lactis CECT 8145 (Ba8145) and those of its heat- killed form (h-k Ba8145) on human anthropometric adiposity biomarkers are unknown. || Objective To assess the effect of Ba8145 and h-k Ba8145 ingestion on anthropometric adiposity biomarkers. || Results Ba8145 ingestion decreased waist circumference, waist circumference/height ratio, and Conicity index ( P < 0.05) versus its baseline. || Ba8145 decreased the body mass index compared with baseline and placebo group ( P < 0.05). || The decrease in visceral fat area after Ba8145 treatments reached signi ﬁcance ( P < 0.05) only after h-k Ba8145.","International Journal of Obesity (2019) 43:1863 –1868 https://doi.org/10.1038/s41366-018-0220-0 BRIEF COMMUNICATION Clinical Research Effects of daily consumption of the probiotic Biﬁdobacterium animalis subsp. lactis CECT 8145 on anthropometric adiposity biomarkers in abdominally obese subjects: a randomized controlled trial Anna Pedret 1,2 ● Rosa M. Valls 2,1 ● Lorena Calderón-Pérez 2,1 ● Elisabet Llauradó 2,1 ● Judit Companys 1,2 ● Laura Pla-Pagà 1,2 ● Ana Moragas 4,5,6 ● Francisco Martín-Luján 4,5,7 ● Yolanda Ortega 4,5,8 ● Montse Giralt 2,1 ● Antoni Caimari 1 ● Empar Chenoll 9 ● Salvador Genovés 9 ● Patricia Martorell 9 ● Francisco M. Codoñer 10 ● Daniel Ramón 9,1 ● Lluís Arola 1,11 ● R",ok,
PMID:30262813,PubMed,30262813,Effects of daily consumption of the probiotic Bifidobacterium animalis subsp. lactis CECT 8145 on anthropometric adiposity biomarkers in abdominally obese subjects: a randomized controlled trial.,body_fat,The decrease in visceral fat area after Ba8145 treatments reached significance (P < 0.05) only after h-k Ba8145.,P < 0.05; P = 0.003,,,,,,,n = 135,detail_hint,expansion_queue,pending,,s41366-018-0220-0.pdf,1.000,6,probiotic Biﬁdobacterium animalis subsp. lactis CECT 8145 on anthropometric adiposity bio; probiotic Biﬁdobacterium animalis subsp. lactis CECT 8145; Akkermansia spp. after Ba8145 treatment; Akkermansia genus appears as a possible mechanism involved. Our results support Ba8145 prob; Akkermansia ssp. increased 0.008; Akkermansia percentage content after Ba8145 treatments was 1.8; Lactobacillus gasseri SBT2055; probiotic consumption in a recent meta-analysis,3 months; 12 weeks; 3 weeks; 12 months,"unit (CFU) of Ba8145, 10 10; CFU of h-k Ba8145, or; unit (CFU)/capsule containi; of 10 10 CFU before the heat t",n = 135; 187 subjects; 43 men; 83 women; n = 40; n = 42; n = 44,adiposity; waist circumference; body mass index; visceral fat; body fat; insulin; BMI; glucose; HOMA-IR; microbiota,"International Journal of Obesity (2019) 43:1863 –1868 https://doi.org/10.1038/s41366-018-0220-0 BRIEF COMMUNICATION Clinical Research Effects of daily consumption of the probiotic Biﬁdobacterium animalis subsp. lactis CECT 8145 on anthropometric adiposity biomarkers in abdominally obese subjects: a randomized controlled trial Anna Pedret 1,2 ● Rosa M. Valls 2,1 ● Lorena Calderón-Pérez 2,1 ● Elisabet Llauradó 2,1 ● Judit Companys 1,2 ● Laura Pla-Pagà 1,2 ● Ana Moragas 4,5,6 ● Francisco Martín-Luján 4,5,7 ● Yolanda Ortega 4,5,8 ● Montse Giralt 2,1 ● Antoni Caimari 1 ● Empar Chenoll 9 ● Salvador Genovés 9 ● Patricia Martorell 9 ● Francisco M. Codoñer 10 ● Daniel Ramón 9,1 ● Lluís Arola 1,11 ● Rosa Solà 1,2,3 Received: 21 May 2018 / Revised: 25 July 2018 / Accepted: 29 August 2018 / Published online: 27 September 2018 © The Author(s) 2018. This article is published with open access Abstract ",Akkermansia spp; Akkermansia genus; Akkermansia ssp; Akkermansia percentage; Lactobacillus gasseri SBT2055; Lactobacillus and; Akkermansia on; Akkermansia content was 1; Akkermansia muciniphila,SBT2055,10 10 CFU,3 months; 12 weeks; 3 weeks; 12 months,n = 135; 187 subjects; 43 men; 83 women; n = 40; n = 42; n = 44,randomized; controlled trial; parallel; double-blind; placebo-controlled; clinical trial; pilot; randomised,capsule; capsules; Diet; milk,P < 0.05; P = 0.003; P = 0.012; P = 0.086; P < 0.07; P < 0.001; P = 0.043,"decreased waist circumference, waist circumference/height ratio, and Conicity index ( P; Changes versus the placebo group reached signi ﬁcance ( P < 0; decreased the body mass index compared with baseline and placebo group ( P < 0; decrease in visceral fat area after Ba8145 treatments reached signi ﬁcance ( P < 0; decreased ( P < 0; increase in Akkermansia spp; increase in the gut Akkermansia genus appears as a possible mechanism involved; decreased the body fat content, improved lipid pro ﬁle, insulin sensitivity, and antioxi; 102 cm; 88 cm; 5 cm; 93%; decreased VFA, but signi ﬁcance was achieved only in the case of h-k Ba8145 ( P < 0; changes in the placebo group when adjusted for WC (Table 1); changes 1864 A; changes in other anthropometric adiposity biomarkers; decreased BMI versus both its baseline and the placebo group ( P < 0; decreased WC, WHtR ratio, and CI ( P < 0","lactis CECT 8145 on anthropometric adiposity biomarkers in abdominally obese subjects: a randomized controlled trial Anna Pedret 1,2 ● Rosa M. || lactis CECT 8145 (Ba8145) and those of its heat- killed form (h-k Ba8145) on human anthropometric adiposity biomarkers are unknown. || Objective To assess the effect of Ba8145 and h-k Ba8145 ingestion on anthropometric adiposity biomarkers. || Results Ba8145 ingestion decreased waist circumference, waist circumference/height ratio, and Conicity index ( P < 0.05) versus its baseline. || Ba8145 decreased the body mass index compared with baseline and placebo group ( P < 0.05). || The decrease in visceral fat area after Ba8145 treatments reached signi ﬁcance ( P < 0.05) only after h-k Ba8145.","International Journal of Obesity (2019) 43:1863 –1868 https://doi.org/10.1038/s41366-018-0220-0 BRIEF COMMUNICATION Clinical Research Effects of daily consumption of the probiotic Biﬁdobacterium animalis subsp. lactis CECT 8145 on anthropometric adiposity biomarkers in abdominally obese subjects: a randomized controlled trial Anna Pedret 1,2 ● Rosa M. Valls 2,1 ● Lorena Calderón-Pérez 2,1 ● Elisabet Llauradó 2,1 ● Judit Companys 1,2 ● Laura Pla-Pagà 1,2 ● Ana Moragas 4,5,6 ● Francisco Martín-Luján 4,5,7 ● Yolanda Ortega 4,5,8 ● Montse Giralt 2,1 ● Antoni Caimari 1 ● Empar Chenoll 9 ● Salvador Genovés 9 ● Patricia Martorell 9 ● Francisco M. Codoñer 10 ● Daniel Ramón 9,1 ● Lluís Arola 1,11 ● R",ok,
PMID:30262813,PubMed,30262813,Effects of daily consumption of the probiotic Bifidobacterium animalis subsp. lactis CECT 8145 on anthropometric adiposity biomarkers in abdominally obese subjects: a randomized controlled trial.,glucose,Diastolic blood pressure and HOMA index decreased (P < 0.05) after h-k Ba8145.,P < 0.05; P = 0.003,,,,,,,n = 135,detail_hint,expansion_queue,pending,,s41366-018-0220-0.pdf,1.000,6,probiotic Biﬁdobacterium animalis subsp. lactis CECT 8145 on anthropometric adiposity bio; probiotic Biﬁdobacterium animalis subsp. lactis CECT 8145; Akkermansia spp. after Ba8145 treatment; Akkermansia genus appears as a possible mechanism involved. Our results support Ba8145 prob; Akkermansia ssp. increased 0.008; Akkermansia percentage content after Ba8145 treatments was 1.8; Lactobacillus gasseri SBT2055; probiotic consumption in a recent meta-analysis,3 months; 12 weeks; 3 weeks; 12 months,"unit (CFU) of Ba8145, 10 10; CFU of h-k Ba8145, or; unit (CFU)/capsule containi; of 10 10 CFU before the heat t",n = 135; 187 subjects; 43 men; 83 women; n = 40; n = 42; n = 44,adiposity; waist circumference; body mass index; visceral fat; body fat; insulin; BMI; glucose; HOMA-IR; microbiota,"International Journal of Obesity (2019) 43:1863 –1868 https://doi.org/10.1038/s41366-018-0220-0 BRIEF COMMUNICATION Clinical Research Effects of daily consumption of the probiotic Biﬁdobacterium animalis subsp. lactis CECT 8145 on anthropometric adiposity biomarkers in abdominally obese subjects: a randomized controlled trial Anna Pedret 1,2 ● Rosa M. Valls 2,1 ● Lorena Calderón-Pérez 2,1 ● Elisabet Llauradó 2,1 ● Judit Companys 1,2 ● Laura Pla-Pagà 1,2 ● Ana Moragas 4,5,6 ● Francisco Martín-Luján 4,5,7 ● Yolanda Ortega 4,5,8 ● Montse Giralt 2,1 ● Antoni Caimari 1 ● Empar Chenoll 9 ● Salvador Genovés 9 ● Patricia Martorell 9 ● Francisco M. Codoñer 10 ● Daniel Ramón 9,1 ● Lluís Arola 1,11 ● Rosa Solà 1,2,3 Received: 21 May 2018 / Revised: 25 July 2018 / Accepted: 29 August 2018 / Published online: 27 September 2018 © The Author(s) 2018. This article is published with open access Abstract ",Akkermansia spp; Akkermansia genus; Akkermansia ssp; Akkermansia percentage; Lactobacillus gasseri SBT2055; Lactobacillus and; Akkermansia on; Akkermansia content was 1; Akkermansia muciniphila,SBT2055,10 10 CFU,3 months; 12 weeks; 3 weeks; 12 months,n = 135; 187 subjects; 43 men; 83 women; n = 40; n = 42; n = 44,randomized; controlled trial; parallel; double-blind; placebo-controlled; clinical trial; pilot; randomised,capsule; capsules; Diet; milk,P < 0.05; P = 0.003; P = 0.012; P = 0.086; P < 0.07; P < 0.001; P = 0.043,"decreased waist circumference, waist circumference/height ratio, and Conicity index ( P; Changes versus the placebo group reached signi ﬁcance ( P < 0; decreased the body mass index compared with baseline and placebo group ( P < 0; decrease in visceral fat area after Ba8145 treatments reached signi ﬁcance ( P < 0; decreased ( P < 0; increase in Akkermansia spp; increase in the gut Akkermansia genus appears as a possible mechanism involved; decreased the body fat content, improved lipid pro ﬁle, insulin sensitivity, and antioxi; 102 cm; 88 cm; 5 cm; 93%; decreased VFA, but signi ﬁcance was achieved only in the case of h-k Ba8145 ( P < 0; changes in the placebo group when adjusted for WC (Table 1); changes 1864 A; changes in other anthropometric adiposity biomarkers; decreased BMI versus both its baseline and the placebo group ( P < 0; decreased WC, WHtR ratio, and CI ( P < 0","lactis CECT 8145 on anthropometric adiposity biomarkers in abdominally obese subjects: a randomized controlled trial Anna Pedret 1,2 ● Rosa M. || lactis CECT 8145 (Ba8145) and those of its heat- killed form (h-k Ba8145) on human anthropometric adiposity biomarkers are unknown. || Objective To assess the effect of Ba8145 and h-k Ba8145 ingestion on anthropometric adiposity biomarkers. || Results Ba8145 ingestion decreased waist circumference, waist circumference/height ratio, and Conicity index ( P < 0.05) versus its baseline. || Ba8145 decreased the body mass index compared with baseline and placebo group ( P < 0.05). || The decrease in visceral fat area after Ba8145 treatments reached signi ﬁcance ( P < 0.05) only after h-k Ba8145.","International Journal of Obesity (2019) 43:1863 –1868 https://doi.org/10.1038/s41366-018-0220-0 BRIEF COMMUNICATION Clinical Research Effects of daily consumption of the probiotic Biﬁdobacterium animalis subsp. lactis CECT 8145 on anthropometric adiposity biomarkers in abdominally obese subjects: a randomized controlled trial Anna Pedret 1,2 ● Rosa M. Valls 2,1 ● Lorena Calderón-Pérez 2,1 ● Elisabet Llauradó 2,1 ● Judit Companys 1,2 ● Laura Pla-Pagà 1,2 ● Ana Moragas 4,5,6 ● Francisco Martín-Luján 4,5,7 ● Yolanda Ortega 4,5,8 ● Montse Giralt 2,1 ● Antoni Caimari 1 ● Empar Chenoll 9 ● Salvador Genovés 9 ● Patricia Martorell 9 ● Francisco M. Codoñer 10 ● Daniel Ramón 9,1 ● Lluís Arola 1,11 ● R",ok,
PMID:30262813,PubMed,30262813,Effects of daily consumption of the probiotic Bifidobacterium animalis subsp. lactis CECT 8145 on anthropometric adiposity biomarkers in abdominally obese subjects: a randomized controlled trial.,microbiome,Gut microbiome analyses showed an increase in Akkermansia spp.,P < 0.05; P = 0.003,,,,,,,n = 135,detail_hint,expansion_queue,pending,,s41366-018-0220-0.pdf,1.000,6,probiotic Biﬁdobacterium animalis subsp. lactis CECT 8145 on anthropometric adiposity bio; probiotic Biﬁdobacterium animalis subsp. lactis CECT 8145; Akkermansia spp. after Ba8145 treatment; Akkermansia genus appears as a possible mechanism involved. Our results support Ba8145 prob; Akkermansia ssp. increased 0.008; Akkermansia percentage content after Ba8145 treatments was 1.8; Lactobacillus gasseri SBT2055; probiotic consumption in a recent meta-analysis,3 months; 12 weeks; 3 weeks; 12 months,"unit (CFU) of Ba8145, 10 10; CFU of h-k Ba8145, or; unit (CFU)/capsule containi; of 10 10 CFU before the heat t",n = 135; 187 subjects; 43 men; 83 women; n = 40; n = 42; n = 44,adiposity; waist circumference; body mass index; visceral fat; body fat; insulin; BMI; glucose; HOMA-IR; microbiota,"International Journal of Obesity (2019) 43:1863 –1868 https://doi.org/10.1038/s41366-018-0220-0 BRIEF COMMUNICATION Clinical Research Effects of daily consumption of the probiotic Biﬁdobacterium animalis subsp. lactis CECT 8145 on anthropometric adiposity biomarkers in abdominally obese subjects: a randomized controlled trial Anna Pedret 1,2 ● Rosa M. Valls 2,1 ● Lorena Calderón-Pérez 2,1 ● Elisabet Llauradó 2,1 ● Judit Companys 1,2 ● Laura Pla-Pagà 1,2 ● Ana Moragas 4,5,6 ● Francisco Martín-Luján 4,5,7 ● Yolanda Ortega 4,5,8 ● Montse Giralt 2,1 ● Antoni Caimari 1 ● Empar Chenoll 9 ● Salvador Genovés 9 ● Patricia Martorell 9 ● Francisco M. Codoñer 10 ● Daniel Ramón 9,1 ● Lluís Arola 1,11 ● Rosa Solà 1,2,3 Received: 21 May 2018 / Revised: 25 July 2018 / Accepted: 29 August 2018 / Published online: 27 September 2018 © The Author(s) 2018. This article is published with open access Abstract ",Akkermansia spp; Akkermansia genus; Akkermansia ssp; Akkermansia percentage; Lactobacillus gasseri SBT2055; Lactobacillus and; Akkermansia on; Akkermansia content was 1; Akkermansia muciniphila,SBT2055,10 10 CFU,3 months; 12 weeks; 3 weeks; 12 months,n = 135; 187 subjects; 43 men; 83 women; n = 40; n = 42; n = 44,randomized; controlled trial; parallel; double-blind; placebo-controlled; clinical trial; pilot; randomised,capsule; capsules; Diet; milk,P < 0.05; P = 0.003; P = 0.012; P = 0.086; P < 0.07; P < 0.001; P = 0.043,"decreased waist circumference, waist circumference/height ratio, and Conicity index ( P; Changes versus the placebo group reached signi ﬁcance ( P < 0; decreased the body mass index compared with baseline and placebo group ( P < 0; decrease in visceral fat area after Ba8145 treatments reached signi ﬁcance ( P < 0; decreased ( P < 0; increase in Akkermansia spp; increase in the gut Akkermansia genus appears as a possible mechanism involved; decreased the body fat content, improved lipid pro ﬁle, insulin sensitivity, and antioxi; 102 cm; 88 cm; 5 cm; 93%; decreased VFA, but signi ﬁcance was achieved only in the case of h-k Ba8145 ( P < 0; changes in the placebo group when adjusted for WC (Table 1); changes 1864 A; changes in other anthropometric adiposity biomarkers; decreased BMI versus both its baseline and the placebo group ( P < 0; decreased WC, WHtR ratio, and CI ( P < 0","lactis CECT 8145 on anthropometric adiposity biomarkers in abdominally obese subjects: a randomized controlled trial Anna Pedret 1,2 ● Rosa M. || lactis CECT 8145 (Ba8145) and those of its heat- killed form (h-k Ba8145) on human anthropometric adiposity biomarkers are unknown. || Objective To assess the effect of Ba8145 and h-k Ba8145 ingestion on anthropometric adiposity biomarkers. || Results Ba8145 ingestion decreased waist circumference, waist circumference/height ratio, and Conicity index ( P < 0.05) versus its baseline. || Ba8145 decreased the body mass index compared with baseline and placebo group ( P < 0.05). || The decrease in visceral fat area after Ba8145 treatments reached signi ﬁcance ( P < 0.05) only after h-k Ba8145.","International Journal of Obesity (2019) 43:1863 –1868 https://doi.org/10.1038/s41366-018-0220-0 BRIEF COMMUNICATION Clinical Research Effects of daily consumption of the probiotic Biﬁdobacterium animalis subsp. lactis CECT 8145 on anthropometric adiposity biomarkers in abdominally obese subjects: a randomized controlled trial Anna Pedret 1,2 ● Rosa M. Valls 2,1 ● Lorena Calderón-Pérez 2,1 ● Elisabet Llauradó 2,1 ● Judit Companys 1,2 ● Laura Pla-Pagà 1,2 ● Ana Moragas 4,5,6 ● Francisco Martín-Luján 4,5,7 ● Yolanda Ortega 4,5,8 ● Montse Giralt 2,1 ● Antoni Caimari 1 ● Empar Chenoll 9 ● Salvador Genovés 9 ● Patricia Martorell 9 ● Francisco M. Codoñer 10 ● Daniel Ramón 9,1 ● Lluís Arola 1,11 ● R",ok,
PMID:31965834,PubMed,31965834,"Effect of multi-strain probiotic (UB0316) in weight management in overweight/obese adults: a 12-week double blind, randomised, placebo-controlled study.",weight,"Primary (BMI), and secondary (waist-to-hip ratio: WHR; body weight, body fat; sugar and lipid profile) endpoint measures were evaluated at scheduled visits.",P=0.0001; P<0.0001; P=0.007,,,,,,,71 subjects,detail_hint,expansion_queue,pending,,"Effect of multi-strain probiotic (UB0316) in weight management in overweight_obese adults_ a 12-week double blind, randomised, p(科研通-ablesci.com).pdf",0.911,12,probiotic; UB0316; probiotic capsule; Lactobacillus salivarius UBLS-22; Lactobacillus casei UBLC-42; Lactobacillus plantarum; Lactobacillus acidophilus UBLA-34; Bifidobacterium breve UBBr-01,12 weeks; 5 day; 28 days,"IS2 5×109 cfu each and fructo-o; IS2 (5×109 cfu each) were combin; IS2, 5×109 cfu each and prebioti",71 subjects,Body mass index; BMI; microbiota; body weight; body fat; cholesterol; glucose; HbA1c; triglycerides; LDL; waist circumference; visceral fat,"Beneficial Microbes, 2019; 10(8): 855-866 Wageningen Academic Publishers ISSN 1876-2883 print, ISSN 1876-2891 online, DOI 10.3920/BM2019.0052 855 1. Introduction Obesity and overweight are defined as abnormal or excessive fat accumulation that may impair health. Body mass index (BMI) is a simple index of weight-for-height that is commonly used to classify overweight and obesity in adults. It is defined as a person’s weight in kilograms divided by the square of height in meters (kg/m 2). According to WHO, overweight in adults is a BMI between 25.0-29.9 and obesity is a BMI greater than or equal to 30.0 kg/m2 (WHO, 2018). The prevalence of overweight and obesity has been rapidly increasing throughout the world. In 2016, more than 1.9 billion adults (39% of men and 40% of women) aged 18 years and older were overweight (WHO, 2018). It has been reported that men in developed countries have hi",Lactobacillus salivarius UBLS-22; Lactobacillus casei UBLC-42; Lactobacillus plantarum; Lactobacillus acidophilus UBLA-34; Bifidobacterium breve UBBr-01; Bacillus coagulans; Lactobacillus acidophilus; Lactobacillus casei,UB0316,109 cfu; 10 9 cfu,12 weeks; 5 day; 28 days; 12 week; 4 Week; 8 Week; 60 days; 42 days,71 subjects; 92 participants; 90 patients; 102 participants; 12 patients; 90 participants; n=45; n=90; n=71; 19 participants; n=102; n=12,double blind; randomised; placebo-controlled; clinical trial; double-blind; parallel,capsule; capsules; synbiotic; prebiotic; diet,P=0.0001; P<0.0001; P=0.007; P=0.0070; P=0.0067; P=0.1098; P=0.1156; P=0.0543; P=0.2412; P=0.9593; P=0.1010; P=0.5273; P=0.8407; P=0.7865; P=0.4323; P=0.5674,"30.0 kg/m2; 39%; 40%; increased intake of energy-dense foods that are high in sugar and fat, and an increase i; changes in gut microbiota, socioeconomic status, insufficient sleep, endocrine disrupt; -32 kg/m2; reduced BMI (95% CI: -0; 95%; changes were non-significant; 37%; 30 kg/m; reduce risk factors associated with overweight and obesity; increase consumption of fruits, vegetables, legumes, whole grains and nuts (WHO, 2018); increases in the gut compared with Bacteroidetes with an overall decrease of bacterial d; reduces body weight, BMI and fat percentage in overweight or obese subjects (Borgeraas; reduce childhood functional abdominal pain (Saneian et al; increase in the faecal counts of total lactobacilli (Rajkumar et al; 32 kg/m2","It is defined as a person’s weight in kilograms divided by the square of height in meters (kg/m 2). || According to WHO, overweight in adults is a BMI between 25.0-29.9 and obesity is a BMI greater than or equal to 30.0 kg/m2 (WHO, 2018). || In 2016, more than 1.9 billion adults (39% of men and 40% of women) aged 18 years and older were overweight (WHO, 2018). || It has been reported that men in developed countries have higher rates of overweight and obesity, while women in developing countries exhibit higher rates and this relationship persists over time (Ng et al., 2014). || Other factors that have contributed towards obesity include changes in gut microbiota, socioeconomic status, insufficient sleep, endocrine disruptors and medications (Goodarzi, 2017; || The development of obesity is however Effect of multi-strain probiotic (UB0316) in weight management in overweight/obese adults: a 12-week double blind, randomised, placebo-controlled study M.","Beneficial Microbes, 2019; 10(8): 855-866 Wageningen Academic Publishers ISSN 1876-2883 print, ISSN 1876-2891 online, DOI 10.3920/BM2019.0052 855 1. Introduction Obesity and overweight are defined as abnormal or excessive fat accumulation that may impair health. Body mass index (BMI) is a simple index of weight-for-height that is commonly used to classify overweight and obesity in adults. It is defined as a person’s weight in kilograms divided by the square of height in meters (kg/m 2). According to WHO, overweight in adults is a BMI between 25.0-29.9 and obesity is a BMI greater than or equal to 30.0 kg/m2 (WHO, 2018). The prevalence of overweight and obesity has been rapidly increasing thr",ok,
PMID:31965834,PubMed,31965834,"Effect of multi-strain probiotic (UB0316) in weight management in overweight/obese adults: a 12-week double blind, randomised, placebo-controlled study.",BMI,"Primary (BMI), and secondary (waist-to-hip ratio: WHR; body weight, body fat; sugar and lipid profile) endpoint measures were evaluated at scheduled visits.",P=0.0001; P<0.0001; P=0.007,,,,,,,71 subjects,detail_hint,expansion_queue,pending,,"Effect of multi-strain probiotic (UB0316) in weight management in overweight_obese adults_ a 12-week double blind, randomised, p(科研通-ablesci.com).pdf",0.911,12,probiotic; UB0316; probiotic capsule; Lactobacillus salivarius UBLS-22; Lactobacillus casei UBLC-42; Lactobacillus plantarum; Lactobacillus acidophilus UBLA-34; Bifidobacterium breve UBBr-01,12 weeks; 5 day; 28 days,"IS2 5×109 cfu each and fructo-o; IS2 (5×109 cfu each) were combin; IS2, 5×109 cfu each and prebioti",71 subjects,Body mass index; BMI; microbiota; body weight; body fat; cholesterol; glucose; HbA1c; triglycerides; LDL; waist circumference; visceral fat,"Beneficial Microbes, 2019; 10(8): 855-866 Wageningen Academic Publishers ISSN 1876-2883 print, ISSN 1876-2891 online, DOI 10.3920/BM2019.0052 855 1. Introduction Obesity and overweight are defined as abnormal or excessive fat accumulation that may impair health. Body mass index (BMI) is a simple index of weight-for-height that is commonly used to classify overweight and obesity in adults. It is defined as a person’s weight in kilograms divided by the square of height in meters (kg/m 2). According to WHO, overweight in adults is a BMI between 25.0-29.9 and obesity is a BMI greater than or equal to 30.0 kg/m2 (WHO, 2018). The prevalence of overweight and obesity has been rapidly increasing throughout the world. In 2016, more than 1.9 billion adults (39% of men and 40% of women) aged 18 years and older were overweight (WHO, 2018). It has been reported that men in developed countries have hi",Lactobacillus salivarius UBLS-22; Lactobacillus casei UBLC-42; Lactobacillus plantarum; Lactobacillus acidophilus UBLA-34; Bifidobacterium breve UBBr-01; Bacillus coagulans; Lactobacillus acidophilus; Lactobacillus casei,UB0316,109 cfu; 10 9 cfu,12 weeks; 5 day; 28 days; 12 week; 4 Week; 8 Week; 60 days; 42 days,71 subjects; 92 participants; 90 patients; 102 participants; 12 patients; 90 participants; n=45; n=90; n=71; 19 participants; n=102; n=12,double blind; randomised; placebo-controlled; clinical trial; double-blind; parallel,capsule; capsules; synbiotic; prebiotic; diet,P=0.0001; P<0.0001; P=0.007; P=0.0070; P=0.0067; P=0.1098; P=0.1156; P=0.0543; P=0.2412; P=0.9593; P=0.1010; P=0.5273; P=0.8407; P=0.7865; P=0.4323; P=0.5674,"30.0 kg/m2; 39%; 40%; increased intake of energy-dense foods that are high in sugar and fat, and an increase i; changes in gut microbiota, socioeconomic status, insufficient sleep, endocrine disrupt; -32 kg/m2; reduced BMI (95% CI: -0; 95%; changes were non-significant; 37%; 30 kg/m; reduce risk factors associated with overweight and obesity; increase consumption of fruits, vegetables, legumes, whole grains and nuts (WHO, 2018); increases in the gut compared with Bacteroidetes with an overall decrease of bacterial d; reduces body weight, BMI and fat percentage in overweight or obese subjects (Borgeraas; reduce childhood functional abdominal pain (Saneian et al; increase in the faecal counts of total lactobacilli (Rajkumar et al; 32 kg/m2","It is defined as a person’s weight in kilograms divided by the square of height in meters (kg/m 2). || According to WHO, overweight in adults is a BMI between 25.0-29.9 and obesity is a BMI greater than or equal to 30.0 kg/m2 (WHO, 2018). || In 2016, more than 1.9 billion adults (39% of men and 40% of women) aged 18 years and older were overweight (WHO, 2018). || It has been reported that men in developed countries have higher rates of overweight and obesity, while women in developing countries exhibit higher rates and this relationship persists over time (Ng et al., 2014). || Other factors that have contributed towards obesity include changes in gut microbiota, socioeconomic status, insufficient sleep, endocrine disruptors and medications (Goodarzi, 2017; || The development of obesity is however Effect of multi-strain probiotic (UB0316) in weight management in overweight/obese adults: a 12-week double blind, randomised, placebo-controlled study M.","Beneficial Microbes, 2019; 10(8): 855-866 Wageningen Academic Publishers ISSN 1876-2883 print, ISSN 1876-2891 online, DOI 10.3920/BM2019.0052 855 1. Introduction Obesity and overweight are defined as abnormal or excessive fat accumulation that may impair health. Body mass index (BMI) is a simple index of weight-for-height that is commonly used to classify overweight and obesity in adults. It is defined as a person’s weight in kilograms divided by the square of height in meters (kg/m 2). According to WHO, overweight in adults is a BMI between 25.0-29.9 and obesity is a BMI greater than or equal to 30.0 kg/m2 (WHO, 2018). The prevalence of overweight and obesity has been rapidly increasing thr",ok,
PMID:31965834,PubMed,31965834,"Effect of multi-strain probiotic (UB0316) in weight management in overweight/obese adults: a 12-week double blind, randomised, placebo-controlled study.",waist,"Primary (BMI), and secondary (waist-to-hip ratio: WHR; body weight, body fat; sugar and lipid profile) endpoint measures were evaluated at scheduled visits.",P=0.0001; P<0.0001; P=0.007,,,,,,,71 subjects,detail_hint,expansion_queue,pending,,"Effect of multi-strain probiotic (UB0316) in weight management in overweight_obese adults_ a 12-week double blind, randomised, p(科研通-ablesci.com).pdf",0.911,12,probiotic; UB0316; probiotic capsule; Lactobacillus salivarius UBLS-22; Lactobacillus casei UBLC-42; Lactobacillus plantarum; Lactobacillus acidophilus UBLA-34; Bifidobacterium breve UBBr-01,12 weeks; 5 day; 28 days,"IS2 5×109 cfu each and fructo-o; IS2 (5×109 cfu each) were combin; IS2, 5×109 cfu each and prebioti",71 subjects,Body mass index; BMI; microbiota; body weight; body fat; cholesterol; glucose; HbA1c; triglycerides; LDL; waist circumference; visceral fat,"Beneficial Microbes, 2019; 10(8): 855-866 Wageningen Academic Publishers ISSN 1876-2883 print, ISSN 1876-2891 online, DOI 10.3920/BM2019.0052 855 1. Introduction Obesity and overweight are defined as abnormal or excessive fat accumulation that may impair health. Body mass index (BMI) is a simple index of weight-for-height that is commonly used to classify overweight and obesity in adults. It is defined as a person’s weight in kilograms divided by the square of height in meters (kg/m 2). According to WHO, overweight in adults is a BMI between 25.0-29.9 and obesity is a BMI greater than or equal to 30.0 kg/m2 (WHO, 2018). The prevalence of overweight and obesity has been rapidly increasing throughout the world. In 2016, more than 1.9 billion adults (39% of men and 40% of women) aged 18 years and older were overweight (WHO, 2018). It has been reported that men in developed countries have hi",Lactobacillus salivarius UBLS-22; Lactobacillus casei UBLC-42; Lactobacillus plantarum; Lactobacillus acidophilus UBLA-34; Bifidobacterium breve UBBr-01; Bacillus coagulans; Lactobacillus acidophilus; Lactobacillus casei,UB0316,109 cfu; 10 9 cfu,12 weeks; 5 day; 28 days; 12 week; 4 Week; 8 Week; 60 days; 42 days,71 subjects; 92 participants; 90 patients; 102 participants; 12 patients; 90 participants; n=45; n=90; n=71; 19 participants; n=102; n=12,double blind; randomised; placebo-controlled; clinical trial; double-blind; parallel,capsule; capsules; synbiotic; prebiotic; diet,P=0.0001; P<0.0001; P=0.007; P=0.0070; P=0.0067; P=0.1098; P=0.1156; P=0.0543; P=0.2412; P=0.9593; P=0.1010; P=0.5273; P=0.8407; P=0.7865; P=0.4323; P=0.5674,"30.0 kg/m2; 39%; 40%; increased intake of energy-dense foods that are high in sugar and fat, and an increase i; changes in gut microbiota, socioeconomic status, insufficient sleep, endocrine disrupt; -32 kg/m2; reduced BMI (95% CI: -0; 95%; changes were non-significant; 37%; 30 kg/m; reduce risk factors associated with overweight and obesity; increase consumption of fruits, vegetables, legumes, whole grains and nuts (WHO, 2018); increases in the gut compared with Bacteroidetes with an overall decrease of bacterial d; reduces body weight, BMI and fat percentage in overweight or obese subjects (Borgeraas; reduce childhood functional abdominal pain (Saneian et al; increase in the faecal counts of total lactobacilli (Rajkumar et al; 32 kg/m2","It is defined as a person’s weight in kilograms divided by the square of height in meters (kg/m 2). || According to WHO, overweight in adults is a BMI between 25.0-29.9 and obesity is a BMI greater than or equal to 30.0 kg/m2 (WHO, 2018). || In 2016, more than 1.9 billion adults (39% of men and 40% of women) aged 18 years and older were overweight (WHO, 2018). || It has been reported that men in developed countries have higher rates of overweight and obesity, while women in developing countries exhibit higher rates and this relationship persists over time (Ng et al., 2014). || Other factors that have contributed towards obesity include changes in gut microbiota, socioeconomic status, insufficient sleep, endocrine disruptors and medications (Goodarzi, 2017; || The development of obesity is however Effect of multi-strain probiotic (UB0316) in weight management in overweight/obese adults: a 12-week double blind, randomised, placebo-controlled study M.","Beneficial Microbes, 2019; 10(8): 855-866 Wageningen Academic Publishers ISSN 1876-2883 print, ISSN 1876-2891 online, DOI 10.3920/BM2019.0052 855 1. Introduction Obesity and overweight are defined as abnormal or excessive fat accumulation that may impair health. Body mass index (BMI) is a simple index of weight-for-height that is commonly used to classify overweight and obesity in adults. It is defined as a person’s weight in kilograms divided by the square of height in meters (kg/m 2). According to WHO, overweight in adults is a BMI between 25.0-29.9 and obesity is a BMI greater than or equal to 30.0 kg/m2 (WHO, 2018). The prevalence of overweight and obesity has been rapidly increasing thr",ok,
PMID:31965834,PubMed,31965834,"Effect of multi-strain probiotic (UB0316) in weight management in overweight/obese adults: a 12-week double blind, randomised, placebo-controlled study.",body_fat,"Primary (BMI), and secondary (waist-to-hip ratio: WHR; body weight, body fat; sugar and lipid profile) endpoint measures were evaluated at scheduled visits.",P=0.0001; P<0.0001; P=0.007,,,,,,,71 subjects,detail_hint,expansion_queue,pending,,"Effect of multi-strain probiotic (UB0316) in weight management in overweight_obese adults_ a 12-week double blind, randomised, p(科研通-ablesci.com).pdf",0.911,12,probiotic; UB0316; probiotic capsule; Lactobacillus salivarius UBLS-22; Lactobacillus casei UBLC-42; Lactobacillus plantarum; Lactobacillus acidophilus UBLA-34; Bifidobacterium breve UBBr-01,12 weeks; 5 day; 28 days,"IS2 5×109 cfu each and fructo-o; IS2 (5×109 cfu each) were combin; IS2, 5×109 cfu each and prebioti",71 subjects,Body mass index; BMI; microbiota; body weight; body fat; cholesterol; glucose; HbA1c; triglycerides; LDL; waist circumference; visceral fat,"Beneficial Microbes, 2019; 10(8): 855-866 Wageningen Academic Publishers ISSN 1876-2883 print, ISSN 1876-2891 online, DOI 10.3920/BM2019.0052 855 1. Introduction Obesity and overweight are defined as abnormal or excessive fat accumulation that may impair health. Body mass index (BMI) is a simple index of weight-for-height that is commonly used to classify overweight and obesity in adults. It is defined as a person’s weight in kilograms divided by the square of height in meters (kg/m 2). According to WHO, overweight in adults is a BMI between 25.0-29.9 and obesity is a BMI greater than or equal to 30.0 kg/m2 (WHO, 2018). The prevalence of overweight and obesity has been rapidly increasing throughout the world. In 2016, more than 1.9 billion adults (39% of men and 40% of women) aged 18 years and older were overweight (WHO, 2018). It has been reported that men in developed countries have hi",Lactobacillus salivarius UBLS-22; Lactobacillus casei UBLC-42; Lactobacillus plantarum; Lactobacillus acidophilus UBLA-34; Bifidobacterium breve UBBr-01; Bacillus coagulans; Lactobacillus acidophilus; Lactobacillus casei,UB0316,109 cfu; 10 9 cfu,12 weeks; 5 day; 28 days; 12 week; 4 Week; 8 Week; 60 days; 42 days,71 subjects; 92 participants; 90 patients; 102 participants; 12 patients; 90 participants; n=45; n=90; n=71; 19 participants; n=102; n=12,double blind; randomised; placebo-controlled; clinical trial; double-blind; parallel,capsule; capsules; synbiotic; prebiotic; diet,P=0.0001; P<0.0001; P=0.007; P=0.0070; P=0.0067; P=0.1098; P=0.1156; P=0.0543; P=0.2412; P=0.9593; P=0.1010; P=0.5273; P=0.8407; P=0.7865; P=0.4323; P=0.5674,"30.0 kg/m2; 39%; 40%; increased intake of energy-dense foods that are high in sugar and fat, and an increase i; changes in gut microbiota, socioeconomic status, insufficient sleep, endocrine disrupt; -32 kg/m2; reduced BMI (95% CI: -0; 95%; changes were non-significant; 37%; 30 kg/m; reduce risk factors associated with overweight and obesity; increase consumption of fruits, vegetables, legumes, whole grains and nuts (WHO, 2018); increases in the gut compared with Bacteroidetes with an overall decrease of bacterial d; reduces body weight, BMI and fat percentage in overweight or obese subjects (Borgeraas; reduce childhood functional abdominal pain (Saneian et al; increase in the faecal counts of total lactobacilli (Rajkumar et al; 32 kg/m2","It is defined as a person’s weight in kilograms divided by the square of height in meters (kg/m 2). || According to WHO, overweight in adults is a BMI between 25.0-29.9 and obesity is a BMI greater than or equal to 30.0 kg/m2 (WHO, 2018). || In 2016, more than 1.9 billion adults (39% of men and 40% of women) aged 18 years and older were overweight (WHO, 2018). || It has been reported that men in developed countries have higher rates of overweight and obesity, while women in developing countries exhibit higher rates and this relationship persists over time (Ng et al., 2014). || Other factors that have contributed towards obesity include changes in gut microbiota, socioeconomic status, insufficient sleep, endocrine disruptors and medications (Goodarzi, 2017; || The development of obesity is however Effect of multi-strain probiotic (UB0316) in weight management in overweight/obese adults: a 12-week double blind, randomised, placebo-controlled study M.","Beneficial Microbes, 2019; 10(8): 855-866 Wageningen Academic Publishers ISSN 1876-2883 print, ISSN 1876-2891 online, DOI 10.3920/BM2019.0052 855 1. Introduction Obesity and overweight are defined as abnormal or excessive fat accumulation that may impair health. Body mass index (BMI) is a simple index of weight-for-height that is commonly used to classify overweight and obesity in adults. It is defined as a person’s weight in kilograms divided by the square of height in meters (kg/m 2). According to WHO, overweight in adults is a BMI between 25.0-29.9 and obesity is a BMI greater than or equal to 30.0 kg/m2 (WHO, 2018). The prevalence of overweight and obesity has been rapidly increasing thr",ok,
PMID:31965834,PubMed,31965834,"Effect of multi-strain probiotic (UB0316) in weight management in overweight/obese adults: a 12-week double blind, randomised, placebo-controlled study.",lipid,"Primary (BMI), and secondary (waist-to-hip ratio: WHR; body weight, body fat; sugar and lipid profile) endpoint measures were evaluated at scheduled visits.",P=0.0001; P<0.0001; P=0.007,,,,,,,71 subjects,detail_hint,expansion_queue,pending,,"Effect of multi-strain probiotic (UB0316) in weight management in overweight_obese adults_ a 12-week double blind, randomised, p(科研通-ablesci.com).pdf",0.911,12,probiotic; UB0316; probiotic capsule; Lactobacillus salivarius UBLS-22; Lactobacillus casei UBLC-42; Lactobacillus plantarum; Lactobacillus acidophilus UBLA-34; Bifidobacterium breve UBBr-01,12 weeks; 5 day; 28 days,"IS2 5×109 cfu each and fructo-o; IS2 (5×109 cfu each) were combin; IS2, 5×109 cfu each and prebioti",71 subjects,Body mass index; BMI; microbiota; body weight; body fat; cholesterol; glucose; HbA1c; triglycerides; LDL; waist circumference; visceral fat,"Beneficial Microbes, 2019; 10(8): 855-866 Wageningen Academic Publishers ISSN 1876-2883 print, ISSN 1876-2891 online, DOI 10.3920/BM2019.0052 855 1. Introduction Obesity and overweight are defined as abnormal or excessive fat accumulation that may impair health. Body mass index (BMI) is a simple index of weight-for-height that is commonly used to classify overweight and obesity in adults. It is defined as a person’s weight in kilograms divided by the square of height in meters (kg/m 2). According to WHO, overweight in adults is a BMI between 25.0-29.9 and obesity is a BMI greater than or equal to 30.0 kg/m2 (WHO, 2018). The prevalence of overweight and obesity has been rapidly increasing throughout the world. In 2016, more than 1.9 billion adults (39% of men and 40% of women) aged 18 years and older were overweight (WHO, 2018). It has been reported that men in developed countries have hi",Lactobacillus salivarius UBLS-22; Lactobacillus casei UBLC-42; Lactobacillus plantarum; Lactobacillus acidophilus UBLA-34; Bifidobacterium breve UBBr-01; Bacillus coagulans; Lactobacillus acidophilus; Lactobacillus casei,UB0316,109 cfu; 10 9 cfu,12 weeks; 5 day; 28 days; 12 week; 4 Week; 8 Week; 60 days; 42 days,71 subjects; 92 participants; 90 patients; 102 participants; 12 patients; 90 participants; n=45; n=90; n=71; 19 participants; n=102; n=12,double blind; randomised; placebo-controlled; clinical trial; double-blind; parallel,capsule; capsules; synbiotic; prebiotic; diet,P=0.0001; P<0.0001; P=0.007; P=0.0070; P=0.0067; P=0.1098; P=0.1156; P=0.0543; P=0.2412; P=0.9593; P=0.1010; P=0.5273; P=0.8407; P=0.7865; P=0.4323; P=0.5674,"30.0 kg/m2; 39%; 40%; increased intake of energy-dense foods that are high in sugar and fat, and an increase i; changes in gut microbiota, socioeconomic status, insufficient sleep, endocrine disrupt; -32 kg/m2; reduced BMI (95% CI: -0; 95%; changes were non-significant; 37%; 30 kg/m; reduce risk factors associated with overweight and obesity; increase consumption of fruits, vegetables, legumes, whole grains and nuts (WHO, 2018); increases in the gut compared with Bacteroidetes with an overall decrease of bacterial d; reduces body weight, BMI and fat percentage in overweight or obese subjects (Borgeraas; reduce childhood functional abdominal pain (Saneian et al; increase in the faecal counts of total lactobacilli (Rajkumar et al; 32 kg/m2","It is defined as a person’s weight in kilograms divided by the square of height in meters (kg/m 2). || According to WHO, overweight in adults is a BMI between 25.0-29.9 and obesity is a BMI greater than or equal to 30.0 kg/m2 (WHO, 2018). || In 2016, more than 1.9 billion adults (39% of men and 40% of women) aged 18 years and older were overweight (WHO, 2018). || It has been reported that men in developed countries have higher rates of overweight and obesity, while women in developing countries exhibit higher rates and this relationship persists over time (Ng et al., 2014). || Other factors that have contributed towards obesity include changes in gut microbiota, socioeconomic status, insufficient sleep, endocrine disruptors and medications (Goodarzi, 2017; || The development of obesity is however Effect of multi-strain probiotic (UB0316) in weight management in overweight/obese adults: a 12-week double blind, randomised, placebo-controlled study M.","Beneficial Microbes, 2019; 10(8): 855-866 Wageningen Academic Publishers ISSN 1876-2883 print, ISSN 1876-2891 online, DOI 10.3920/BM2019.0052 855 1. Introduction Obesity and overweight are defined as abnormal or excessive fat accumulation that may impair health. Body mass index (BMI) is a simple index of weight-for-height that is commonly used to classify overweight and obesity in adults. It is defined as a person’s weight in kilograms divided by the square of height in meters (kg/m 2). According to WHO, overweight in adults is a BMI between 25.0-29.9 and obesity is a BMI greater than or equal to 30.0 kg/m2 (WHO, 2018). The prevalence of overweight and obesity has been rapidly increasing thr",ok,
PMID:26956126,PubMed,26956126,"Antiobesity effect of Pediococcus pentosaceus LP28 on overweight subjects: a randomized, double-blind, placebo-controlled clinical trial.",weight,"The aim of the present clinical study is to prove that LP28 is effective for reducing body fat and body weight, as shown in the experiment using mice.; The clinical trial was carried out as a double-blind, randomized, placebo-controlled study comprising 62 subjects (20-70 years of age, BMI 25-30 kg/m(2)).",P=0.035; P=0.002; P=0.004; P=0.009,,,,,,,62 subjects,detail_hint,expansion_queue,pending,,,,,,,,,,,,,,,,,,,,,,,
PMID:26956126,PubMed,26956126,"Antiobesity effect of Pediococcus pentosaceus LP28 on overweight subjects: a randomized, double-blind, placebo-controlled clinical trial.",BMI,"The aim of the present clinical study is to prove that LP28 is effective for reducing body fat and body weight, as shown in the experiment using mice.; The clinical trial was carried out as a double-blind, randomized, placebo-controlled study comprising 62 subjects (20-70 years of age, BMI 25-30 kg/m(2)).",P=0.035; P=0.002; P=0.004; P=0.009,,,,,,,62 subjects,detail_hint,expansion_queue,pending,,,,,,,,,,,,,,,,,,,,,,,
PMID:26956126,PubMed,26956126,"Antiobesity effect of Pediococcus pentosaceus LP28 on overweight subjects: a randomized, double-blind, placebo-controlled clinical trial.",waist,"These subjects were randomly assigned to three groups that received living LP28, heat-killed LP28 or a placebo powder, administered orally once a day for 12 weeks.; Heat-killed LP28 reduced BMI (0.45 kg/m(2), 95% CI (0.04, 0.86), P=0.035), body fat percentage (1.11%, (0.39, 1.82), P=0.002), body fat mass (1.17 kg (0.43, 1.92), P=0.004) and waist circumference (2.84 cm (0.74, 4.93), P=0.009) when compared with a placebo group.",P=0.035; P=0.002; P=0.004; P=0.009,,,,,,,62 subjects,detail_hint,expansion_queue,pending,,,,,,,,,,,,,,,,,,,,,,,
PMID:26956126,PubMed,26956126,"Antiobesity effect of Pediococcus pentosaceus LP28 on overweight subjects: a randomized, double-blind, placebo-controlled clinical trial.",body_fat,"The aim of the present clinical study is to prove that LP28 is effective for reducing body fat and body weight, as shown in the experiment using mice.; The clinical trial was carried out as a double-blind, randomized, placebo-controlled study comprising 62 subjects (20-70 years of age, BMI 25-30 kg/m(2)).",P=0.035; P=0.002; P=0.004; P=0.009,,,,,,,62 subjects,detail_hint,expansion_queue,pending,,,,,,,,,,,,,,,,,,,,,,,
PMID:26956126,PubMed,26956126,"Antiobesity effect of Pediococcus pentosaceus LP28 on overweight subjects: a randomized, double-blind, placebo-controlled clinical trial.",glucose,"Fasting plasma glucose, HbA1c, fasting insulin, HOMA-IR and serum lipids levels did not change by either living LP28 or heat-killed LP28 intake.; Heat-killed LP28 displays an antiobesity effect that reduces BMI, body fat and waist circumference, suggesting that the plant-derived lactic acid bacterium LP28 would be a promising preventive of metabolic syndrome.",P=0.035; P=0.002; P=0.004; P=0.009,,,,,,,62 subjects,detail_hint,expansion_queue,pending,,,,,,,,,,,,,,,,,,,,,,,
PMID:26956126,PubMed,26956126,"Antiobesity effect of Pediococcus pentosaceus LP28 on overweight subjects: a randomized, double-blind, placebo-controlled clinical trial.",lipid,"Fasting plasma glucose, HbA1c, fasting insulin, HOMA-IR and serum lipids levels did not change by either living LP28 or heat-killed LP28 intake.; Heat-killed LP28 displays an antiobesity effect that reduces BMI, body fat and waist circumference, suggesting that the plant-derived lactic acid bacterium LP28 would be a promising preventive of metabolic syndrome.",P=0.035; P=0.002; P=0.004; P=0.009,,,,,,,62 subjects,detail_hint,expansion_queue,pending,,,,,,,,,,,,,,,,,,,,,,,
PMID:24411490,PubMed,24411490,"The effects of co-administration of probiotics with herbal medicine on obesity, metabolic endotoxemia and dysbiosis: a randomized double-blind controlled clinical trial.",weight,"The study was registered at the Clinical Research Information Service, approved by the Korea National Institute of Health (KCT0000386).; Although both groups showed a significant reduction in weight and waist circumference (p = 0.000), no significant differences in body composition and metabolic markers were observed.",p = 0.000; p < 0.05,,,,,,,,detail_hint,expansion_queue,pending,,,,,,,,,,,,,,,,,,,,,,,
PMID:24411490,PubMed,24411490,"The effects of co-administration of probiotics with herbal medicine on obesity, metabolic endotoxemia and dysbiosis: a randomized double-blind controlled clinical trial.",BMI,"In correlation analysis, change in body composition showed positive correlation with endotoxin level (r = 0.441, p < 0.05 for BW; and r = 0.350, p < 0.05 for fat mass) and the population of gut Lactobacillus plantarum (r = 0.425, p < 0.05 for BW; and r = 0.407, p < 0.05 for BMI).",p = 0.000; p < 0.05,,,,,,,,detail_hint,expansion_queue,pending,,,,,,,,,,,,,,,,,,,,,,,
PMID:24411490,PubMed,24411490,"The effects of co-administration of probiotics with herbal medicine on obesity, metabolic endotoxemia and dysbiosis: a randomized double-blind controlled clinical trial.",waist,"The study was registered at the Clinical Research Information Service, approved by the Korea National Institute of Health (KCT0000386).; Although both groups showed a significant reduction in weight and waist circumference (p = 0.000), no significant differences in body composition and metabolic markers were observed.",p = 0.000; p < 0.05,,,,,,,,detail_hint,expansion_queue,pending,,,,,,,,,,,,,,,,,,,,,,,
PMID:24411490,PubMed,24411490,"The effects of co-administration of probiotics with herbal medicine on obesity, metabolic endotoxemia and dysbiosis: a randomized double-blind controlled clinical trial.",body_fat,"In correlation analysis, change in body composition showed positive correlation with endotoxin level (r = 0.441, p < 0.05 for BW; and r = 0.350, p < 0.05 for fat mass) and the population of gut Lactobacillus plantarum (r = 0.425, p < 0.05 for BW; and r = 0.407, p < 0.05 for BMI).",p = 0.000; p < 0.05,,,,,,,,detail_hint,expansion_queue,pending,,,,,,,,,,,,,,,,,,,,,,,
PMID:24411490,PubMed,24411490,"The effects of co-administration of probiotics with herbal medicine on obesity, metabolic endotoxemia and dysbiosis: a randomized double-blind controlled clinical trial.",lipid,"The Gram negative bacterial population in gut also exhibited positive correlation with changes in body composition (WC) and total cholesterol level (r = 0.359, and 0.393, for the former and later parameters, respectively, p < 0.05 for both).",p = 0.000; p < 0.05,,,,,,,,detail_hint,expansion_queue,pending,,,,,,,,,,,,,,,,,,,,,,,
PMID:24411490,PubMed,24411490,"The effects of co-administration of probiotics with herbal medicine on obesity, metabolic endotoxemia and dysbiosis: a randomized double-blind controlled clinical trial.",microbiome,"Probiotics help maintain balance in composition of the gut microbiota, and have been considered as a potential treatment for obesity.",p = 0.000; p < 0.05,,,,,,,,detail_hint,expansion_queue,pending,,,,,,,,,,,,,,,,,,,,,,,
EUROPEPMC:41126806,PubMed,41126806,Probiotic pasta consumption improves lipid metabolism and reduces gut permeability in overweight and obese adults: a randomized controlled trial.,weight,Probiotic pasta consumption improves lipid metabolism and reduces gut permeability in overweight and obese adults: a randomized controlled trial.,p = 0.03; p = 0.049; p = 0.02; p = 0.054,,,,,,,40 participants; n = 20,detail_hint,expansion2_queue,pending,,2.pdf,0.694,14,,,,,,,,,,,,,,,,,,ok,
EUROPEPMC:41126806,PubMed,41126806,Probiotic pasta consumption improves lipid metabolism and reduces gut permeability in overweight and obese adults: a randomized controlled trial.,lipid,Probiotic pasta consumption improves lipid metabolism and reduces gut permeability in overweight and obese adults: a randomized controlled trial.,p = 0.03; p = 0.049; p = 0.02; p = 0.054,,,,,,,40 participants; n = 20,detail_hint,expansion2_queue,pending,,2.pdf,0.694,14,,,,,,,,,,,,,,,,,,ok,
EUROPEPMC:41126806,PubMed,41126806,Probiotic pasta consumption improves lipid metabolism and reduces gut permeability in overweight and obese adults: a randomized controlled trial.,microbiome,Gut microbiome analysis revealed that 50 % of ProbP consumers had increased S.,p = 0.03; p = 0.049; p = 0.02; p = 0.054,,,,,,,40 participants; n = 20,detail_hint,expansion2_queue,pending,,2.pdf,0.694,14,,,,,,,,,,,,,,,,,,ok,
NCT:NCT07073781,ClinicalTrials.gov,NCT07073781,"Probiotic Impact on Cognitive Performance, and Metabolic Outcomes in Overweight Young Adults With Impaired Glucose Regulation",weight,"Probiotic Impact on Cognitive Performance, and Metabolic Outcomes in Overweight Young Adults With Impaired Glucose Regulation  Lab4p Probiotic Consortium; Placebo Verbal Memory Performance Visual Episodic Memory; Number of Participants Reporting One or More Adverse Events (AEs) or Serious Adverse Events (SAEs); Visuospatial Working Memory; Executive function (Response Inhibition and Impulse Control); Executive function (Cognitive Flexibility and Attentional Set-Shifting); Processing speed, Psych",,,,,,,,70,detail_hint,expansion2_queue,pending,,NCT07073781.csv,1.000,csv,Probiotic Impact on Cognitive Performance; Probiotic Consortium,,,,Glucose; Insulin; BMI,"NCT Number,Study Title,Study URL,Study Status,Conditions,Interventions,Sponsor,Collaborators,Study Type NCT07073781,""Probiotic Impact on Cognitive Performance, and Metabolic Outcomes in Overweight Young Adults With Impaired Glucose Regulation"",https://clinicaltrials.gov/study/NCT07073781,RECRUITING,""Impaired Glucose Regulation|Impaired Glucose Tolerance (Prediabetes)|Prediabetes (Insulin Resistance, Impaired Glucose Tolerance)|Overweight (BMI &gt; 25)|Cognitive Dysfunction|Neurovascular Coupling Mechanism and Cognitive Function"",DIETARY_SUPPLEMENT: Lab4p Probiotic Consortium|OTHER: Placebo,Leeds Beckett University,""Cultech Ltd, Port Talbot, UK"",INTERVENTIONAL",,,,,,,,,,"NCT Number,Study Title,Study URL,Study Status,Conditions,Interventions,Sponsor,Collaborators,Study Type NCT07073781,""Probiotic Impact on Cognitive Performance, and Metabolic Outcomes in Overweight Young Adults With Impaired Glucose Regulation"",https://clinicaltrials.gov/study/NCT07073781,RECRUITING,""Impaired Glucose Regulation|Impaired Glucose Tolerance (Pre","NCT Number,Study Title,Study URL,Study Status,Conditions,Interventions,Sponsor,Collaborators,Study Type NCT07073781,""Probiotic Impact on Cognitive Performance, and Metabolic Outcomes in Overweight Young Adults With Impaired Glucose Regulation"",https://clinicaltrials.gov/study/NCT07073781,RECRUITING,""Impaired Glucose Regulation|Impaired Glucose Tolerance (Prediabetes)|Prediabetes (Insulin Resistance, Impaired Glucose Tolerance)|Overweight (BMI &gt; 25)|Cognitive Dysfunction|Neurovascular Coupling Mechanism and Cognitive Function"",DIETARY_SUPPLEMENT: Lab4p Probiotic Consortium|OTHER: Placebo,Leeds Beckett University,""Cultech Ltd, Port Talbot, UK"",INTERVENTIONAL",ok,
NCT:NCT07073781,ClinicalTrials.gov,NCT07073781,"Probiotic Impact on Cognitive Performance, and Metabolic Outcomes in Overweight Young Adults With Impaired Glucose Regulation",BMI,"Probiotic Impact on Cognitive Performance, and Metabolic Outcomes in Overweight Young Adults With Impaired Glucose Regulation  Lab4p Probiotic Consortium; Placebo Verbal Memory Performance Visual Episodic Memory; Number of Participants Reporting One or More Adverse Events (AEs) or Serious Adverse Events (SAEs); Visuospatial Working Memory; Executive function (Response Inhibition and Impulse Control); Executive function (Cognitive Flexibility and Attentional Set-Shifting); Processing speed, Psych",,,,,,,,70,detail_hint,expansion2_queue,pending,,NCT07073781.csv,1.000,csv,Probiotic Impact on Cognitive Performance; Probiotic Consortium,,,,Glucose; Insulin; BMI,"NCT Number,Study Title,Study URL,Study Status,Conditions,Interventions,Sponsor,Collaborators,Study Type NCT07073781,""Probiotic Impact on Cognitive Performance, and Metabolic Outcomes in Overweight Young Adults With Impaired Glucose Regulation"",https://clinicaltrials.gov/study/NCT07073781,RECRUITING,""Impaired Glucose Regulation|Impaired Glucose Tolerance (Prediabetes)|Prediabetes (Insulin Resistance, Impaired Glucose Tolerance)|Overweight (BMI &gt; 25)|Cognitive Dysfunction|Neurovascular Coupling Mechanism and Cognitive Function"",DIETARY_SUPPLEMENT: Lab4p Probiotic Consortium|OTHER: Placebo,Leeds Beckett University,""Cultech Ltd, Port Talbot, UK"",INTERVENTIONAL",,,,,,,,,,"NCT Number,Study Title,Study URL,Study Status,Conditions,Interventions,Sponsor,Collaborators,Study Type NCT07073781,""Probiotic Impact on Cognitive Performance, and Metabolic Outcomes in Overweight Young Adults With Impaired Glucose Regulation"",https://clinicaltrials.gov/study/NCT07073781,RECRUITING,""Impaired Glucose Regulation|Impaired Glucose Tolerance (Pre","NCT Number,Study Title,Study URL,Study Status,Conditions,Interventions,Sponsor,Collaborators,Study Type NCT07073781,""Probiotic Impact on Cognitive Performance, and Metabolic Outcomes in Overweight Young Adults With Impaired Glucose Regulation"",https://clinicaltrials.gov/study/NCT07073781,RECRUITING,""Impaired Glucose Regulation|Impaired Glucose Tolerance (Prediabetes)|Prediabetes (Insulin Resistance, Impaired Glucose Tolerance)|Overweight (BMI &gt; 25)|Cognitive Dysfunction|Neurovascular Coupling Mechanism and Cognitive Function"",DIETARY_SUPPLEMENT: Lab4p Probiotic Consortium|OTHER: Placebo,Leeds Beckett University,""Cultech Ltd, Port Talbot, UK"",INTERVENTIONAL",ok,
NCT:NCT07073781,ClinicalTrials.gov,NCT07073781,"Probiotic Impact on Cognitive Performance, and Metabolic Outcomes in Overweight Young Adults With Impaired Glucose Regulation",waist,"Probiotic Impact on Cognitive Performance, and Metabolic Outcomes in Overweight Young Adults With Impaired Glucose Regulation  Lab4p Probiotic Consortium; Placebo Verbal Memory Performance Visual Episodic Memory; Number of Participants Reporting One or More Adverse Events (AEs) or Serious Adverse Events (SAEs); Visuospatial Working Memory; Executive function (Response Inhibition and Impulse Control); Executive function (Cognitive Flexibility and Attentional Set-Shifting); Processing speed, Psych",,,,,,,,70,detail_hint,expansion2_queue,pending,,NCT07073781.csv,1.000,csv,Probiotic Impact on Cognitive Performance; Probiotic Consortium,,,,Glucose; Insulin; BMI,"NCT Number,Study Title,Study URL,Study Status,Conditions,Interventions,Sponsor,Collaborators,Study Type NCT07073781,""Probiotic Impact on Cognitive Performance, and Metabolic Outcomes in Overweight Young Adults With Impaired Glucose Regulation"",https://clinicaltrials.gov/study/NCT07073781,RECRUITING,""Impaired Glucose Regulation|Impaired Glucose Tolerance (Prediabetes)|Prediabetes (Insulin Resistance, Impaired Glucose Tolerance)|Overweight (BMI &gt; 25)|Cognitive Dysfunction|Neurovascular Coupling Mechanism and Cognitive Function"",DIETARY_SUPPLEMENT: Lab4p Probiotic Consortium|OTHER: Placebo,Leeds Beckett University,""Cultech Ltd, Port Talbot, UK"",INTERVENTIONAL",,,,,,,,,,"NCT Number,Study Title,Study URL,Study Status,Conditions,Interventions,Sponsor,Collaborators,Study Type NCT07073781,""Probiotic Impact on Cognitive Performance, and Metabolic Outcomes in Overweight Young Adults With Impaired Glucose Regulation"",https://clinicaltrials.gov/study/NCT07073781,RECRUITING,""Impaired Glucose Regulation|Impaired Glucose Tolerance (Pre","NCT Number,Study Title,Study URL,Study Status,Conditions,Interventions,Sponsor,Collaborators,Study Type NCT07073781,""Probiotic Impact on Cognitive Performance, and Metabolic Outcomes in Overweight Young Adults With Impaired Glucose Regulation"",https://clinicaltrials.gov/study/NCT07073781,RECRUITING,""Impaired Glucose Regulation|Impaired Glucose Tolerance (Prediabetes)|Prediabetes (Insulin Resistance, Impaired Glucose Tolerance)|Overweight (BMI &gt; 25)|Cognitive Dysfunction|Neurovascular Coupling Mechanism and Cognitive Function"",DIETARY_SUPPLEMENT: Lab4p Probiotic Consortium|OTHER: Placebo,Leeds Beckett University,""Cultech Ltd, Port Talbot, UK"",INTERVENTIONAL",ok,
NCT:NCT07073781,ClinicalTrials.gov,NCT07073781,"Probiotic Impact on Cognitive Performance, and Metabolic Outcomes in Overweight Young Adults With Impaired Glucose Regulation",body_fat,"Probiotic Impact on Cognitive Performance, and Metabolic Outcomes in Overweight Young Adults With Impaired Glucose Regulation  Lab4p Probiotic Consortium; Placebo Verbal Memory Performance Visual Episodic Memory; Number of Participants Reporting One or More Adverse Events (AEs) or Serious Adverse Events (SAEs); Visuospatial Working Memory; Executive function (Response Inhibition and Impulse Control); Executive function (Cognitive Flexibility and Attentional Set-Shifting); Processing speed, Psych",,,,,,,,70,detail_hint,expansion2_queue,pending,,NCT07073781.csv,1.000,csv,Probiotic Impact on Cognitive Performance; Probiotic Consortium,,,,Glucose; Insulin; BMI,"NCT Number,Study Title,Study URL,Study Status,Conditions,Interventions,Sponsor,Collaborators,Study Type NCT07073781,""Probiotic Impact on Cognitive Performance, and Metabolic Outcomes in Overweight Young Adults With Impaired Glucose Regulation"",https://clinicaltrials.gov/study/NCT07073781,RECRUITING,""Impaired Glucose Regulation|Impaired Glucose Tolerance (Prediabetes)|Prediabetes (Insulin Resistance, Impaired Glucose Tolerance)|Overweight (BMI &gt; 25)|Cognitive Dysfunction|Neurovascular Coupling Mechanism and Cognitive Function"",DIETARY_SUPPLEMENT: Lab4p Probiotic Consortium|OTHER: Placebo,Leeds Beckett University,""Cultech Ltd, Port Talbot, UK"",INTERVENTIONAL",,,,,,,,,,"NCT Number,Study Title,Study URL,Study Status,Conditions,Interventions,Sponsor,Collaborators,Study Type NCT07073781,""Probiotic Impact on Cognitive Performance, and Metabolic Outcomes in Overweight Young Adults With Impaired Glucose Regulation"",https://clinicaltrials.gov/study/NCT07073781,RECRUITING,""Impaired Glucose Regulation|Impaired Glucose Tolerance (Pre","NCT Number,Study Title,Study URL,Study Status,Conditions,Interventions,Sponsor,Collaborators,Study Type NCT07073781,""Probiotic Impact on Cognitive Performance, and Metabolic Outcomes in Overweight Young Adults With Impaired Glucose Regulation"",https://clinicaltrials.gov/study/NCT07073781,RECRUITING,""Impaired Glucose Regulation|Impaired Glucose Tolerance (Prediabetes)|Prediabetes (Insulin Resistance, Impaired Glucose Tolerance)|Overweight (BMI &gt; 25)|Cognitive Dysfunction|Neurovascular Coupling Mechanism and Cognitive Function"",DIETARY_SUPPLEMENT: Lab4p Probiotic Consortium|OTHER: Placebo,Leeds Beckett University,""Cultech Ltd, Port Talbot, UK"",INTERVENTIONAL",ok,
NCT:NCT07073781,ClinicalTrials.gov,NCT07073781,"Probiotic Impact on Cognitive Performance, and Metabolic Outcomes in Overweight Young Adults With Impaired Glucose Regulation",glucose,"Probiotic Impact on Cognitive Performance, and Metabolic Outcomes in Overweight Young Adults With Impaired Glucose Regulation  Lab4p Probiotic Consortium; Placebo Verbal Memory Performance Visual Episodic Memory; Number of Participants Reporting One or More Adverse Events (AEs) or Serious Adverse Events (SAEs); Visuospatial Working Memory; Executive function (Response Inhibition and Impulse Control); Executive function (Cognitive Flexibility and Attentional Set-Shifting); Processing speed, Psych",,,,,,,,70,detail_hint,expansion2_queue,pending,,NCT07073781.csv,1.000,csv,Probiotic Impact on Cognitive Performance; Probiotic Consortium,,,,Glucose; Insulin; BMI,"NCT Number,Study Title,Study URL,Study Status,Conditions,Interventions,Sponsor,Collaborators,Study Type NCT07073781,""Probiotic Impact on Cognitive Performance, and Metabolic Outcomes in Overweight Young Adults With Impaired Glucose Regulation"",https://clinicaltrials.gov/study/NCT07073781,RECRUITING,""Impaired Glucose Regulation|Impaired Glucose Tolerance (Prediabetes)|Prediabetes (Insulin Resistance, Impaired Glucose Tolerance)|Overweight (BMI &gt; 25)|Cognitive Dysfunction|Neurovascular Coupling Mechanism and Cognitive Function"",DIETARY_SUPPLEMENT: Lab4p Probiotic Consortium|OTHER: Placebo,Leeds Beckett University,""Cultech Ltd, Port Talbot, UK"",INTERVENTIONAL",,,,,,,,,,"NCT Number,Study Title,Study URL,Study Status,Conditions,Interventions,Sponsor,Collaborators,Study Type NCT07073781,""Probiotic Impact on Cognitive Performance, and Metabolic Outcomes in Overweight Young Adults With Impaired Glucose Regulation"",https://clinicaltrials.gov/study/NCT07073781,RECRUITING,""Impaired Glucose Regulation|Impaired Glucose Tolerance (Pre","NCT Number,Study Title,Study URL,Study Status,Conditions,Interventions,Sponsor,Collaborators,Study Type NCT07073781,""Probiotic Impact on Cognitive Performance, and Metabolic Outcomes in Overweight Young Adults With Impaired Glucose Regulation"",https://clinicaltrials.gov/study/NCT07073781,RECRUITING,""Impaired Glucose Regulation|Impaired Glucose Tolerance (Prediabetes)|Prediabetes (Insulin Resistance, Impaired Glucose Tolerance)|Overweight (BMI &gt; 25)|Cognitive Dysfunction|Neurovascular Coupling Mechanism and Cognitive Function"",DIETARY_SUPPLEMENT: Lab4p Probiotic Consortium|OTHER: Placebo,Leeds Beckett University,""Cultech Ltd, Port Talbot, UK"",INTERVENTIONAL",ok,
NCT:NCT07073781,ClinicalTrials.gov,NCT07073781,"Probiotic Impact on Cognitive Performance, and Metabolic Outcomes in Overweight Young Adults With Impaired Glucose Regulation",lipid,"Probiotic Impact on Cognitive Performance, and Metabolic Outcomes in Overweight Young Adults With Impaired Glucose Regulation  Lab4p Probiotic Consortium; Placebo Verbal Memory Performance Visual Episodic Memory; Number of Participants Reporting One or More Adverse Events (AEs) or Serious Adverse Events (SAEs); Visuospatial Working Memory; Executive function (Response Inhibition and Impulse Control); Executive function (Cognitive Flexibility and Attentional Set-Shifting); Processing speed, Psych",,,,,,,,70,detail_hint,expansion2_queue,pending,,NCT07073781.csv,1.000,csv,Probiotic Impact on Cognitive Performance; Probiotic Consortium,,,,Glucose; Insulin; BMI,"NCT Number,Study Title,Study URL,Study Status,Conditions,Interventions,Sponsor,Collaborators,Study Type NCT07073781,""Probiotic Impact on Cognitive Performance, and Metabolic Outcomes in Overweight Young Adults With Impaired Glucose Regulation"",https://clinicaltrials.gov/study/NCT07073781,RECRUITING,""Impaired Glucose Regulation|Impaired Glucose Tolerance (Prediabetes)|Prediabetes (Insulin Resistance, Impaired Glucose Tolerance)|Overweight (BMI &gt; 25)|Cognitive Dysfunction|Neurovascular Coupling Mechanism and Cognitive Function"",DIETARY_SUPPLEMENT: Lab4p Probiotic Consortium|OTHER: Placebo,Leeds Beckett University,""Cultech Ltd, Port Talbot, UK"",INTERVENTIONAL",,,,,,,,,,"NCT Number,Study Title,Study URL,Study Status,Conditions,Interventions,Sponsor,Collaborators,Study Type NCT07073781,""Probiotic Impact on Cognitive Performance, and Metabolic Outcomes in Overweight Young Adults With Impaired Glucose Regulation"",https://clinicaltrials.gov/study/NCT07073781,RECRUITING,""Impaired Glucose Regulation|Impaired Glucose Tolerance (Pre","NCT Number,Study Title,Study URL,Study Status,Conditions,Interventions,Sponsor,Collaborators,Study Type NCT07073781,""Probiotic Impact on Cognitive Performance, and Metabolic Outcomes in Overweight Young Adults With Impaired Glucose Regulation"",https://clinicaltrials.gov/study/NCT07073781,RECRUITING,""Impaired Glucose Regulation|Impaired Glucose Tolerance (Prediabetes)|Prediabetes (Insulin Resistance, Impaired Glucose Tolerance)|Overweight (BMI &gt; 25)|Cognitive Dysfunction|Neurovascular Coupling Mechanism and Cognitive Function"",DIETARY_SUPPLEMENT: Lab4p Probiotic Consortium|OTHER: Placebo,Leeds Beckett University,""Cultech Ltd, Port Talbot, UK"",INTERVENTIONAL",ok,
NCT:NCT07073781,ClinicalTrials.gov,NCT07073781,"Probiotic Impact on Cognitive Performance, and Metabolic Outcomes in Overweight Young Adults With Impaired Glucose Regulation",microbiome,"Probiotic Impact on Cognitive Performance, and Metabolic Outcomes in Overweight Young Adults With Impaired Glucose Regulation  Lab4p Probiotic Consortium; Placebo Verbal Memory Performance Visual Episodic Memory; Number of Participants Reporting One or More Adverse Events (AEs) or Serious Adverse Events (SAEs); Visuospatial Working Memory; Executive function (Response Inhibition and Impulse Control); Executive function (Cognitive Flexibility and Attentional Set-Shifting); Processing speed, Psych",,,,,,,,70,detail_hint,expansion2_queue,pending,,NCT07073781.csv,1.000,csv,Probiotic Impact on Cognitive Performance; Probiotic Consortium,,,,Glucose; Insulin; BMI,"NCT Number,Study Title,Study URL,Study Status,Conditions,Interventions,Sponsor,Collaborators,Study Type NCT07073781,""Probiotic Impact on Cognitive Performance, and Metabolic Outcomes in Overweight Young Adults With Impaired Glucose Regulation"",https://clinicaltrials.gov/study/NCT07073781,RECRUITING,""Impaired Glucose Regulation|Impaired Glucose Tolerance (Prediabetes)|Prediabetes (Insulin Resistance, Impaired Glucose Tolerance)|Overweight (BMI &gt; 25)|Cognitive Dysfunction|Neurovascular Coupling Mechanism and Cognitive Function"",DIETARY_SUPPLEMENT: Lab4p Probiotic Consortium|OTHER: Placebo,Leeds Beckett University,""Cultech Ltd, Port Talbot, UK"",INTERVENTIONAL",,,,,,,,,,"NCT Number,Study Title,Study URL,Study Status,Conditions,Interventions,Sponsor,Collaborators,Study Type NCT07073781,""Probiotic Impact on Cognitive Performance, and Metabolic Outcomes in Overweight Young Adults With Impaired Glucose Regulation"",https://clinicaltrials.gov/study/NCT07073781,RECRUITING,""Impaired Glucose Regulation|Impaired Glucose Tolerance (Pre","NCT Number,Study Title,Study URL,Study Status,Conditions,Interventions,Sponsor,Collaborators,Study Type NCT07073781,""Probiotic Impact on Cognitive Performance, and Metabolic Outcomes in Overweight Young Adults With Impaired Glucose Regulation"",https://clinicaltrials.gov/study/NCT07073781,RECRUITING,""Impaired Glucose Regulation|Impaired Glucose Tolerance (Prediabetes)|Prediabetes (Insulin Resistance, Impaired Glucose Tolerance)|Overweight (BMI &gt; 25)|Cognitive Dysfunction|Neurovascular Coupling Mechanism and Cognitive Function"",DIETARY_SUPPLEMENT: Lab4p Probiotic Consortium|OTHER: Placebo,Leeds Beckett University,""Cultech Ltd, Port Talbot, UK"",INTERVENTIONAL",ok,
PMID:34358838,PubMed,34358838,Effects of probiotics on body adiposity and cardiovascular risk markers in individuals with overweight and obesity: A systematic review and meta-analysis of randomized controlled trials.,weight,"Thus, this systematic review and meta-analysis aimed to evaluate the effects of probiotic supplementation on body weight, body adiposity and CVD risk markers in overweight and obese subjects.; A systematic search for RCTs published up to December 2020 was conducted in MEDLINE (via PubMed), EMBASE, Scopus and LILACS.",P < 0.0001; P = 0.0001; P = 0.0004; P = 0.010; P = 0.003; P = 0.006,,,,,,,n = 1720,detail_hint,expansion2_queue,pending,,,,,,,,,,,,,,,,,,,,,,,
PMID:34358838,PubMed,34358838,Effects of probiotics on body adiposity and cardiovascular risk markers in individuals with overweight and obesity: A systematic review and meta-analysis of randomized controlled trials.,BMI,"Data pooling showed a significant effect of probiotics in reducing body weight (MD:-0.70 kg; 95%CI:-1.04,-0.35 kg; P < 0.0001), body mass index (BMI) (MD:-0.24 kg/m2; 95%CI:-0.35,-0.12 kg/m2; P = 0.0001), waist circumference (WC) (MD:-1.13 cm; 95%CI:-1.54,-0.73 cm; P < 0.0001), fat mass (MD:-0.71 kg; 95%CI:-1.10,-0.32 kg; P = 0.0004), tumor necrosis factor-α (MD:-0.16 pg/ml; 95%CI:-0.24,-0.08 pg/ml; P = 0.0001), insulin (MD:-0.85mcU/ml; 95%CI:-1.50,-0.21mcU/ml; P = 0.010), total cholesterol (MD:",P < 0.0001; P = 0.0001; P = 0.0004; P = 0.010; P = 0.003; P = 0.006,,,,,,,n = 1720,detail_hint,expansion2_queue,pending,,,,,,,,,,,,,,,,,,,,,,,
PMID:34358838,PubMed,34358838,Effects of probiotics on body adiposity and cardiovascular risk markers in individuals with overweight and obesity: A systematic review and meta-analysis of randomized controlled trials.,waist,"Data pooling showed a significant effect of probiotics in reducing body weight (MD:-0.70 kg; 95%CI:-1.04,-0.35 kg; P < 0.0001), body mass index (BMI) (MD:-0.24 kg/m2; 95%CI:-0.35,-0.12 kg/m2; P = 0.0001), waist circumference (WC) (MD:-1.13 cm; 95%CI:-1.54,-0.73 cm; P < 0.0001), fat mass (MD:-0.71 kg; 95%CI:-1.10,-0.32 kg; P = 0.0004), tumor necrosis factor-α (MD:-0.16 pg/ml; 95%CI:-0.24,-0.08 pg/ml; P = 0.0001), insulin (MD:-0.85mcU/ml; 95%CI:-1.50,-0.21mcU/ml; P = 0.010), total cholesterol (MD:",P < 0.0001; P = 0.0001; P = 0.0004; P = 0.010; P = 0.003; P = 0.006,,,,,,,n = 1720,detail_hint,expansion2_queue,pending,,,,,,,,,,,,,,,,,,,,,,,
PMID:34358838,PubMed,34358838,Effects of probiotics on body adiposity and cardiovascular risk markers in individuals with overweight and obesity: A systematic review and meta-analysis of randomized controlled trials.,body_fat,"Data pooling showed a significant effect of probiotics in reducing body weight (MD:-0.70 kg; 95%CI:-1.04,-0.35 kg; P < 0.0001), body mass index (BMI) (MD:-0.24 kg/m2; 95%CI:-0.35,-0.12 kg/m2; P = 0.0001), waist circumference (WC) (MD:-1.13 cm; 95%CI:-1.54,-0.73 cm; P < 0.0001), fat mass (MD:-0.71 kg; 95%CI:-1.10,-0.32 kg; P = 0.0004), tumor necrosis factor-α (MD:-0.16 pg/ml; 95%CI:-0.24,-0.08 pg/ml; P = 0.0001), insulin (MD:-0.85mcU/ml; 95%CI:-1.50,-0.21mcU/ml; P = 0.010), total cholesterol (MD:",P < 0.0001; P = 0.0001; P = 0.0004; P = 0.010; P = 0.003; P = 0.006,,,,,,,n = 1720,detail_hint,expansion2_queue,pending,,,,,,,,,,,,,,,,,,,,,,,
PMID:34358838,PubMed,34358838,Effects of probiotics on body adiposity and cardiovascular risk markers in individuals with overweight and obesity: A systematic review and meta-analysis of randomized controlled trials.,glucose,"Data pooling showed a significant effect of probiotics in reducing body weight (MD:-0.70 kg; 95%CI:-1.04,-0.35 kg; P < 0.0001), body mass index (BMI) (MD:-0.24 kg/m2; 95%CI:-0.35,-0.12 kg/m2; P = 0.0001), waist circumference (WC) (MD:-1.13 cm; 95%CI:-1.54,-0.73 cm; P < 0.0001), fat mass (MD:-0.71 kg; 95%CI:-1.10,-0.32 kg; P = 0.0004), tumor necrosis factor-α (MD:-0.16 pg/ml; 95%CI:-0.24,-0.08 pg/ml; P = 0.0001), insulin (MD:-0.85mcU/ml; 95%CI:-1.50,-0.21mcU/ml; P = 0.010), total cholesterol (MD:",P < 0.0001; P = 0.0001; P = 0.0004; P = 0.010; P = 0.003; P = 0.006,,,,,,,n = 1720,detail_hint,expansion2_queue,pending,,,,,,,,,,,,,,,,,,,,,,,
PMID:34358838,PubMed,34358838,Effects of probiotics on body adiposity and cardiovascular risk markers in individuals with overweight and obesity: A systematic review and meta-analysis of randomized controlled trials.,lipid,"Data pooling showed a significant effect of probiotics in reducing body weight (MD:-0.70 kg; 95%CI:-1.04,-0.35 kg; P < 0.0001), body mass index (BMI) (MD:-0.24 kg/m2; 95%CI:-0.35,-0.12 kg/m2; P = 0.0001), waist circumference (WC) (MD:-1.13 cm; 95%CI:-1.54,-0.73 cm; P < 0.0001), fat mass (MD:-0.71 kg; 95%CI:-1.10,-0.32 kg; P = 0.0004), tumor necrosis factor-α (MD:-0.16 pg/ml; 95%CI:-0.24,-0.08 pg/ml; P = 0.0001), insulin (MD:-0.85mcU/ml; 95%CI:-1.50,-0.21mcU/ml; P = 0.010), total cholesterol (MD:",P < 0.0001; P = 0.0001; P = 0.0004; P = 0.010; P = 0.003; P = 0.006,,,,,,,n = 1720,detail_hint,expansion2_queue,pending,,,,,,,,,,,,,,,,,,,,,,,
PMID:30641692,PubMed,30641692,The effect of probiotic supplementation on glycemic control and lipid profile in patients with type 2 diabetes: A randomized placebo controlled trial.,weight,"No significant alterations were observed for within and between group comparisons in the levels of insulin, triglycerides, total cholesterol, insulin resistance and anthropometric measurements, including weight, waist circumference and body mass index (all P > 0.05).; This study showed a significant decrease in FPG level by multi-strain probiotic supplements in within group comparison; though, further studies are needed to confirm results.",P = 0.001; P = 0.002,,,,,,,60 patients; 30 participants,detail_hint,expansion2_queue,pending,,The effect of probiotic supplementation on glycemic control and lipid profile in patients with type 2 diabetes_ A randomized pla(科研通-ablesci.com).pdf,1.000,19,probiotic supplementation on glycemic control and lipid profile in patients with type 2 d; probiotic supplementation on glycemic control and lipid profile Elham Razmpoosh a; probiotic supplements or pl acebo for 6 weeks. The probiotic supplement consisted of 7 vi; Lactobacillus; Bifidobacterium and Strep tococcus. Nutrient intakes were estimated using a 3-day and 2 4hour-d; probiotic group; probiotic supplements in withi n group comparison; probiotic may p lay a role in the improvement of intestinal health,6 weeks; 10 months; 3 weeks; 2 months,"units (CFU)], Lactobacillus; ( 7 × 10 9 CFU), Lactobacillus r; 1.5 × 10 9 CFU), Lactobacillus b; (2 × 10 8 CFU), Bifidobacterium; (3 × 10 10 CFU), Bifidobacterium; (7 × 10 9 CFU), Streptococcus t; 1.5 × 10 9 CFU), and 100 mg fruc; 10 9-10 11 CFU/g; it should be n",60 patients; 30 participants; 68 patients; 68 participants; n = 34,microbiota; glucose; insulin; HDL; cholesterol; waist circumference; body mass index; triglycerides; body weight,"Accepted Manuscript The effect of probiotic supplementation on glycemic control and lipid profile in patients with type 2 diabetes: A randomized placebo controlled trial Elham Razmpoosh, Amir Javadi, Hanieh Sadat Ejtahed, Parvin Mirmiran, Maryam Javadi, Abbas Yousefinejad PII: S1871-4021(18)30314-X DOI: 10.1016/j.dsx.2018.08.008 Reference: DSX 1067 To appear in: Diabetes & Metabolic Syndrome: Clinical Research & Reviews Received Date: 14 July 2018 Accepted Date: 9 August 2018 Please cite this article as: Razmpoosh E, Javadi A, Ejtahed HS, Mirmiran P, Javadi M, Yousefinejad A, The effect of probiotic supplementation on glycemic control and lipid profile in patients with type 2 diabetes: A randomized placebo controlled trial, Diabetes & Metabolic Syndrome: Clinical Research & Reviews (2018), doi: 10.1016/j.dsx.2018.08.008. This is a PDF file of an unedited manuscript that has been accepted",Bifidobacterium and; Lactobacillus and; Lactobacillus acidophilus; Lactobacillus casei; Lactobacillus rhamnosus; Lactobacillus bulgaricus; Bifidobacterium breve; Bifidobacterium longum; Streptococcus thermophilus; Lactobacillus salivarius; Lactobacillus acidophilus LA5; Bifidobacterium lactis BB12; Lactobacillus sporogenes,,10 9 CFU; 10 8 CFU; 10 10 CFU; 10 11 CFU; 10 7CFU; 10 8CFU; 10 7 CFU/day; 10 6 CFU; 10 7 CFU; 10 10 CFU/day,6 weeks; 10 months; 3 weeks; 2 months; 8 weeks; 12 weeks,60 patients; 30 participants; 68 patients; 68 participants; n = 34; n=3; n=1; n=4; 136 patients,randomized; placebo controlled; double blind; controlled trial; clinical trial,supplement; capsules; synbiotic; capsule; yogurt; tablet; yoghurt; prebiotic; sachet; milk,P=0.001; P=0.002; P>0.05; P=0.011; P=0.02; P=0.01; P=0.004; P=0.04; P=0.12; P=0.47,increase in the levels of FPG (P=0; decrease in FPG l evel by multi-strain probiotic supplements in withi n group comparison; increased worldwide [1]; increased intestinal permeability as well as changing the mucosal immune responses which; reduce the concent rations of advanced glycation end-products in individuals with impa; 0.25 mmol/L; 9.65 mg/dL; 80%; increased to 34 to accommod ate the expected dropout rate; changed during the study; 1 kg; 85%; decrease in FPG concentrations in probiotic group (13; 9.6 mg/dL; increase in HDL-C levels was observed in probiotic group (2; increase was not significant in between group comparisons (P=0; increase in insulin levels (1±1; 1 mg/dL,"MANUSCRIPT ACCEPTED ACCEPTED MANUSCRIPT 2 Abstract Aims : The role of gut microbiota in the pathogenesis of diabetes is increasing; || Results : Within group comparisons showed significant decre ase and increase in the levels of FPG (P=0.001) and HDL-C (P=0.002) in probiotic group, respectively. || N o significant alterations were observed for within and between group comparisons in the levels of insulin, triglyc erides, total cholesterol, insulin resistance and a nthropometric measurements, including weight, waist circumference and body mass index(all P>0.05). || Body mass index MANUSCRIPT ACCEPTED ACCEPTED MANUSCRIPT 3 1. || Dyslipi demia is one of the main complications of diabetes mellitus with major abnormalities such as elevated triglycerides (TG) and lower levels of high density of lipoprotei n cholesterol (HDL-C), which reported to be particularly importan t for the development of coronary heart disease and neuropathy [3]. || i t has been shown that types of bacteria in the gut of patients with diabetes were significantly associated with t heir glucose concentrations [4].","Accepted Manuscript The effect of probiotic supplementation on glycemic control and lipid profile in patients with type 2 diabetes: A randomized placebo controlled trial Elham Razmpoosh, Amir Javadi, Hanieh Sadat Ejtahed, Parvin Mirmiran, Maryam Javadi, Abbas Yousefinejad PII: S1871-4021(18)30314-X DOI: 10.1016/j.dsx.2018.08.008 Reference: DSX 1067 To appear in: Diabetes & Metabolic Syndrome: Clinical Research & Reviews Received Date: 14 July 2018 Accepted Date: 9 August 2018 Please cite this article as: Razmpoosh E, Javadi A, Ejtahed HS, Mirmiran P, Javadi M, Yousefinejad A, The effect of probiotic supplementation on glycemic control and lipid profile in patients with type 2 diabetes: A ran",ok,
PMID:30641692,PubMed,30641692,The effect of probiotic supplementation on glycemic control and lipid profile in patients with type 2 diabetes: A randomized placebo controlled trial.,BMI,"No significant alterations were observed for within and between group comparisons in the levels of insulin, triglycerides, total cholesterol, insulin resistance and anthropometric measurements, including weight, waist circumference and body mass index (all P > 0.05).; This study showed a significant decrease in FPG level by multi-strain probiotic supplements in within group comparison; though, further studies are needed to confirm results.",P = 0.001; P = 0.002,,,,,,,60 patients; 30 participants,detail_hint,expansion2_queue,pending,,The effect of probiotic supplementation on glycemic control and lipid profile in patients with type 2 diabetes_ A randomized pla(科研通-ablesci.com).pdf,1.000,19,probiotic supplementation on glycemic control and lipid profile in patients with type 2 d; probiotic supplementation on glycemic control and lipid profile Elham Razmpoosh a; probiotic supplements or pl acebo for 6 weeks. The probiotic supplement consisted of 7 vi; Lactobacillus; Bifidobacterium and Strep tococcus. Nutrient intakes were estimated using a 3-day and 2 4hour-d; probiotic group; probiotic supplements in withi n group comparison; probiotic may p lay a role in the improvement of intestinal health,6 weeks; 10 months; 3 weeks; 2 months,"units (CFU)], Lactobacillus; ( 7 × 10 9 CFU), Lactobacillus r; 1.5 × 10 9 CFU), Lactobacillus b; (2 × 10 8 CFU), Bifidobacterium; (3 × 10 10 CFU), Bifidobacterium; (7 × 10 9 CFU), Streptococcus t; 1.5 × 10 9 CFU), and 100 mg fruc; 10 9-10 11 CFU/g; it should be n",60 patients; 30 participants; 68 patients; 68 participants; n = 34,microbiota; glucose; insulin; HDL; cholesterol; waist circumference; body mass index; triglycerides; body weight,"Accepted Manuscript The effect of probiotic supplementation on glycemic control and lipid profile in patients with type 2 diabetes: A randomized placebo controlled trial Elham Razmpoosh, Amir Javadi, Hanieh Sadat Ejtahed, Parvin Mirmiran, Maryam Javadi, Abbas Yousefinejad PII: S1871-4021(18)30314-X DOI: 10.1016/j.dsx.2018.08.008 Reference: DSX 1067 To appear in: Diabetes & Metabolic Syndrome: Clinical Research & Reviews Received Date: 14 July 2018 Accepted Date: 9 August 2018 Please cite this article as: Razmpoosh E, Javadi A, Ejtahed HS, Mirmiran P, Javadi M, Yousefinejad A, The effect of probiotic supplementation on glycemic control and lipid profile in patients with type 2 diabetes: A randomized placebo controlled trial, Diabetes & Metabolic Syndrome: Clinical Research & Reviews (2018), doi: 10.1016/j.dsx.2018.08.008. This is a PDF file of an unedited manuscript that has been accepted",Bifidobacterium and; Lactobacillus and; Lactobacillus acidophilus; Lactobacillus casei; Lactobacillus rhamnosus; Lactobacillus bulgaricus; Bifidobacterium breve; Bifidobacterium longum; Streptococcus thermophilus; Lactobacillus salivarius; Lactobacillus acidophilus LA5; Bifidobacterium lactis BB12; Lactobacillus sporogenes,,10 9 CFU; 10 8 CFU; 10 10 CFU; 10 11 CFU; 10 7CFU; 10 8CFU; 10 7 CFU/day; 10 6 CFU; 10 7 CFU; 10 10 CFU/day,6 weeks; 10 months; 3 weeks; 2 months; 8 weeks; 12 weeks,60 patients; 30 participants; 68 patients; 68 participants; n = 34; n=3; n=1; n=4; 136 patients,randomized; placebo controlled; double blind; controlled trial; clinical trial,supplement; capsules; synbiotic; capsule; yogurt; tablet; yoghurt; prebiotic; sachet; milk,P=0.001; P=0.002; P>0.05; P=0.011; P=0.02; P=0.01; P=0.004; P=0.04; P=0.12; P=0.47,increase in the levels of FPG (P=0; decrease in FPG l evel by multi-strain probiotic supplements in withi n group comparison; increased worldwide [1]; increased intestinal permeability as well as changing the mucosal immune responses which; reduce the concent rations of advanced glycation end-products in individuals with impa; 0.25 mmol/L; 9.65 mg/dL; 80%; increased to 34 to accommod ate the expected dropout rate; changed during the study; 1 kg; 85%; decrease in FPG concentrations in probiotic group (13; 9.6 mg/dL; increase in HDL-C levels was observed in probiotic group (2; increase was not significant in between group comparisons (P=0; increase in insulin levels (1±1; 1 mg/dL,"MANUSCRIPT ACCEPTED ACCEPTED MANUSCRIPT 2 Abstract Aims : The role of gut microbiota in the pathogenesis of diabetes is increasing; || Results : Within group comparisons showed significant decre ase and increase in the levels of FPG (P=0.001) and HDL-C (P=0.002) in probiotic group, respectively. || N o significant alterations were observed for within and between group comparisons in the levels of insulin, triglyc erides, total cholesterol, insulin resistance and a nthropometric measurements, including weight, waist circumference and body mass index(all P>0.05). || Body mass index MANUSCRIPT ACCEPTED ACCEPTED MANUSCRIPT 3 1. || Dyslipi demia is one of the main complications of diabetes mellitus with major abnormalities such as elevated triglycerides (TG) and lower levels of high density of lipoprotei n cholesterol (HDL-C), which reported to be particularly importan t for the development of coronary heart disease and neuropathy [3]. || i t has been shown that types of bacteria in the gut of patients with diabetes were significantly associated with t heir glucose concentrations [4].","Accepted Manuscript The effect of probiotic supplementation on glycemic control and lipid profile in patients with type 2 diabetes: A randomized placebo controlled trial Elham Razmpoosh, Amir Javadi, Hanieh Sadat Ejtahed, Parvin Mirmiran, Maryam Javadi, Abbas Yousefinejad PII: S1871-4021(18)30314-X DOI: 10.1016/j.dsx.2018.08.008 Reference: DSX 1067 To appear in: Diabetes & Metabolic Syndrome: Clinical Research & Reviews Received Date: 14 July 2018 Accepted Date: 9 August 2018 Please cite this article as: Razmpoosh E, Javadi A, Ejtahed HS, Mirmiran P, Javadi M, Yousefinejad A, The effect of probiotic supplementation on glycemic control and lipid profile in patients with type 2 diabetes: A ran",ok,
PMID:30641692,PubMed,30641692,The effect of probiotic supplementation on glycemic control and lipid profile in patients with type 2 diabetes: A randomized placebo controlled trial.,waist,"No significant alterations were observed for within and between group comparisons in the levels of insulin, triglycerides, total cholesterol, insulin resistance and anthropometric measurements, including weight, waist circumference and body mass index (all P > 0.05).; This study showed a significant decrease in FPG level by multi-strain probiotic supplements in within group comparison; though, further studies are needed to confirm results.",P = 0.001; P = 0.002,,,,,,,60 patients; 30 participants,detail_hint,expansion2_queue,pending,,The effect of probiotic supplementation on glycemic control and lipid profile in patients with type 2 diabetes_ A randomized pla(科研通-ablesci.com).pdf,1.000,19,probiotic supplementation on glycemic control and lipid profile in patients with type 2 d; probiotic supplementation on glycemic control and lipid profile Elham Razmpoosh a; probiotic supplements or pl acebo for 6 weeks. The probiotic supplement consisted of 7 vi; Lactobacillus; Bifidobacterium and Strep tococcus. Nutrient intakes were estimated using a 3-day and 2 4hour-d; probiotic group; probiotic supplements in withi n group comparison; probiotic may p lay a role in the improvement of intestinal health,6 weeks; 10 months; 3 weeks; 2 months,"units (CFU)], Lactobacillus; ( 7 × 10 9 CFU), Lactobacillus r; 1.5 × 10 9 CFU), Lactobacillus b; (2 × 10 8 CFU), Bifidobacterium; (3 × 10 10 CFU), Bifidobacterium; (7 × 10 9 CFU), Streptococcus t; 1.5 × 10 9 CFU), and 100 mg fruc; 10 9-10 11 CFU/g; it should be n",60 patients; 30 participants; 68 patients; 68 participants; n = 34,microbiota; glucose; insulin; HDL; cholesterol; waist circumference; body mass index; triglycerides; body weight,"Accepted Manuscript The effect of probiotic supplementation on glycemic control and lipid profile in patients with type 2 diabetes: A randomized placebo controlled trial Elham Razmpoosh, Amir Javadi, Hanieh Sadat Ejtahed, Parvin Mirmiran, Maryam Javadi, Abbas Yousefinejad PII: S1871-4021(18)30314-X DOI: 10.1016/j.dsx.2018.08.008 Reference: DSX 1067 To appear in: Diabetes & Metabolic Syndrome: Clinical Research & Reviews Received Date: 14 July 2018 Accepted Date: 9 August 2018 Please cite this article as: Razmpoosh E, Javadi A, Ejtahed HS, Mirmiran P, Javadi M, Yousefinejad A, The effect of probiotic supplementation on glycemic control and lipid profile in patients with type 2 diabetes: A randomized placebo controlled trial, Diabetes & Metabolic Syndrome: Clinical Research & Reviews (2018), doi: 10.1016/j.dsx.2018.08.008. This is a PDF file of an unedited manuscript that has been accepted",Bifidobacterium and; Lactobacillus and; Lactobacillus acidophilus; Lactobacillus casei; Lactobacillus rhamnosus; Lactobacillus bulgaricus; Bifidobacterium breve; Bifidobacterium longum; Streptococcus thermophilus; Lactobacillus salivarius; Lactobacillus acidophilus LA5; Bifidobacterium lactis BB12; Lactobacillus sporogenes,,10 9 CFU; 10 8 CFU; 10 10 CFU; 10 11 CFU; 10 7CFU; 10 8CFU; 10 7 CFU/day; 10 6 CFU; 10 7 CFU; 10 10 CFU/day,6 weeks; 10 months; 3 weeks; 2 months; 8 weeks; 12 weeks,60 patients; 30 participants; 68 patients; 68 participants; n = 34; n=3; n=1; n=4; 136 patients,randomized; placebo controlled; double blind; controlled trial; clinical trial,supplement; capsules; synbiotic; capsule; yogurt; tablet; yoghurt; prebiotic; sachet; milk,P=0.001; P=0.002; P>0.05; P=0.011; P=0.02; P=0.01; P=0.004; P=0.04; P=0.12; P=0.47,increase in the levels of FPG (P=0; decrease in FPG l evel by multi-strain probiotic supplements in withi n group comparison; increased worldwide [1]; increased intestinal permeability as well as changing the mucosal immune responses which; reduce the concent rations of advanced glycation end-products in individuals with impa; 0.25 mmol/L; 9.65 mg/dL; 80%; increased to 34 to accommod ate the expected dropout rate; changed during the study; 1 kg; 85%; decrease in FPG concentrations in probiotic group (13; 9.6 mg/dL; increase in HDL-C levels was observed in probiotic group (2; increase was not significant in between group comparisons (P=0; increase in insulin levels (1±1; 1 mg/dL,"MANUSCRIPT ACCEPTED ACCEPTED MANUSCRIPT 2 Abstract Aims : The role of gut microbiota in the pathogenesis of diabetes is increasing; || Results : Within group comparisons showed significant decre ase and increase in the levels of FPG (P=0.001) and HDL-C (P=0.002) in probiotic group, respectively. || N o significant alterations were observed for within and between group comparisons in the levels of insulin, triglyc erides, total cholesterol, insulin resistance and a nthropometric measurements, including weight, waist circumference and body mass index(all P>0.05). || Body mass index MANUSCRIPT ACCEPTED ACCEPTED MANUSCRIPT 3 1. || Dyslipi demia is one of the main complications of diabetes mellitus with major abnormalities such as elevated triglycerides (TG) and lower levels of high density of lipoprotei n cholesterol (HDL-C), which reported to be particularly importan t for the development of coronary heart disease and neuropathy [3]. || i t has been shown that types of bacteria in the gut of patients with diabetes were significantly associated with t heir glucose concentrations [4].","Accepted Manuscript The effect of probiotic supplementation on glycemic control and lipid profile in patients with type 2 diabetes: A randomized placebo controlled trial Elham Razmpoosh, Amir Javadi, Hanieh Sadat Ejtahed, Parvin Mirmiran, Maryam Javadi, Abbas Yousefinejad PII: S1871-4021(18)30314-X DOI: 10.1016/j.dsx.2018.08.008 Reference: DSX 1067 To appear in: Diabetes & Metabolic Syndrome: Clinical Research & Reviews Received Date: 14 July 2018 Accepted Date: 9 August 2018 Please cite this article as: Razmpoosh E, Javadi A, Ejtahed HS, Mirmiran P, Javadi M, Yousefinejad A, The effect of probiotic supplementation on glycemic control and lipid profile in patients with type 2 diabetes: A ran",ok,
PMID:30641692,PubMed,30641692,The effect of probiotic supplementation on glycemic control and lipid profile in patients with type 2 diabetes: A randomized placebo controlled trial.,glucose,"The role of gut microbiota in the pathogenesis of diabetes is increasing; this study investigates the effect of multi-strain probiotics on fasting plasma glucose (FPG), plasma insulin and lipid profile among patients.; This randomized double blind controlled trial was performed among 60 patients; individuals were randomly assigned into 2 groups of 30 participants in order to take either probiotic supplements or placebo for 6 weeks.",P = 0.001; P = 0.002,,,,,,,60 patients; 30 participants,detail_hint,expansion2_queue,pending,,The effect of probiotic supplementation on glycemic control and lipid profile in patients with type 2 diabetes_ A randomized pla(科研通-ablesci.com).pdf,1.000,19,probiotic supplementation on glycemic control and lipid profile in patients with type 2 d; probiotic supplementation on glycemic control and lipid profile Elham Razmpoosh a; probiotic supplements or pl acebo for 6 weeks. The probiotic supplement consisted of 7 vi; Lactobacillus; Bifidobacterium and Strep tococcus. Nutrient intakes were estimated using a 3-day and 2 4hour-d; probiotic group; probiotic supplements in withi n group comparison; probiotic may p lay a role in the improvement of intestinal health,6 weeks; 10 months; 3 weeks; 2 months,"units (CFU)], Lactobacillus; ( 7 × 10 9 CFU), Lactobacillus r; 1.5 × 10 9 CFU), Lactobacillus b; (2 × 10 8 CFU), Bifidobacterium; (3 × 10 10 CFU), Bifidobacterium; (7 × 10 9 CFU), Streptococcus t; 1.5 × 10 9 CFU), and 100 mg fruc; 10 9-10 11 CFU/g; it should be n",60 patients; 30 participants; 68 patients; 68 participants; n = 34,microbiota; glucose; insulin; HDL; cholesterol; waist circumference; body mass index; triglycerides; body weight,"Accepted Manuscript The effect of probiotic supplementation on glycemic control and lipid profile in patients with type 2 diabetes: A randomized placebo controlled trial Elham Razmpoosh, Amir Javadi, Hanieh Sadat Ejtahed, Parvin Mirmiran, Maryam Javadi, Abbas Yousefinejad PII: S1871-4021(18)30314-X DOI: 10.1016/j.dsx.2018.08.008 Reference: DSX 1067 To appear in: Diabetes & Metabolic Syndrome: Clinical Research & Reviews Received Date: 14 July 2018 Accepted Date: 9 August 2018 Please cite this article as: Razmpoosh E, Javadi A, Ejtahed HS, Mirmiran P, Javadi M, Yousefinejad A, The effect of probiotic supplementation on glycemic control and lipid profile in patients with type 2 diabetes: A randomized placebo controlled trial, Diabetes & Metabolic Syndrome: Clinical Research & Reviews (2018), doi: 10.1016/j.dsx.2018.08.008. This is a PDF file of an unedited manuscript that has been accepted",Bifidobacterium and; Lactobacillus and; Lactobacillus acidophilus; Lactobacillus casei; Lactobacillus rhamnosus; Lactobacillus bulgaricus; Bifidobacterium breve; Bifidobacterium longum; Streptococcus thermophilus; Lactobacillus salivarius; Lactobacillus acidophilus LA5; Bifidobacterium lactis BB12; Lactobacillus sporogenes,,10 9 CFU; 10 8 CFU; 10 10 CFU; 10 11 CFU; 10 7CFU; 10 8CFU; 10 7 CFU/day; 10 6 CFU; 10 7 CFU; 10 10 CFU/day,6 weeks; 10 months; 3 weeks; 2 months; 8 weeks; 12 weeks,60 patients; 30 participants; 68 patients; 68 participants; n = 34; n=3; n=1; n=4; 136 patients,randomized; placebo controlled; double blind; controlled trial; clinical trial,supplement; capsules; synbiotic; capsule; yogurt; tablet; yoghurt; prebiotic; sachet; milk,P=0.001; P=0.002; P>0.05; P=0.011; P=0.02; P=0.01; P=0.004; P=0.04; P=0.12; P=0.47,increase in the levels of FPG (P=0; decrease in FPG l evel by multi-strain probiotic supplements in withi n group comparison; increased worldwide [1]; increased intestinal permeability as well as changing the mucosal immune responses which; reduce the concent rations of advanced glycation end-products in individuals with impa; 0.25 mmol/L; 9.65 mg/dL; 80%; increased to 34 to accommod ate the expected dropout rate; changed during the study; 1 kg; 85%; decrease in FPG concentrations in probiotic group (13; 9.6 mg/dL; increase in HDL-C levels was observed in probiotic group (2; increase was not significant in between group comparisons (P=0; increase in insulin levels (1±1; 1 mg/dL,"MANUSCRIPT ACCEPTED ACCEPTED MANUSCRIPT 2 Abstract Aims : The role of gut microbiota in the pathogenesis of diabetes is increasing; || Results : Within group comparisons showed significant decre ase and increase in the levels of FPG (P=0.001) and HDL-C (P=0.002) in probiotic group, respectively. || N o significant alterations were observed for within and between group comparisons in the levels of insulin, triglyc erides, total cholesterol, insulin resistance and a nthropometric measurements, including weight, waist circumference and body mass index(all P>0.05). || Body mass index MANUSCRIPT ACCEPTED ACCEPTED MANUSCRIPT 3 1. || Dyslipi demia is one of the main complications of diabetes mellitus with major abnormalities such as elevated triglycerides (TG) and lower levels of high density of lipoprotei n cholesterol (HDL-C), which reported to be particularly importan t for the development of coronary heart disease and neuropathy [3]. || i t has been shown that types of bacteria in the gut of patients with diabetes were significantly associated with t heir glucose concentrations [4].","Accepted Manuscript The effect of probiotic supplementation on glycemic control and lipid profile in patients with type 2 diabetes: A randomized placebo controlled trial Elham Razmpoosh, Amir Javadi, Hanieh Sadat Ejtahed, Parvin Mirmiran, Maryam Javadi, Abbas Yousefinejad PII: S1871-4021(18)30314-X DOI: 10.1016/j.dsx.2018.08.008 Reference: DSX 1067 To appear in: Diabetes & Metabolic Syndrome: Clinical Research & Reviews Received Date: 14 July 2018 Accepted Date: 9 August 2018 Please cite this article as: Razmpoosh E, Javadi A, Ejtahed HS, Mirmiran P, Javadi M, Yousefinejad A, The effect of probiotic supplementation on glycemic control and lipid profile in patients with type 2 diabetes: A ran",ok,
PMID:30641692,PubMed,30641692,The effect of probiotic supplementation on glycemic control and lipid profile in patients with type 2 diabetes: A randomized placebo controlled trial.,lipid,"The role of gut microbiota in the pathogenesis of diabetes is increasing; this study investigates the effect of multi-strain probiotics on fasting plasma glucose (FPG), plasma insulin and lipid profile among patients.; This randomized double blind controlled trial was performed among 60 patients; individuals were randomly assigned into 2 groups of 30 participants in order to take either probiotic supplements or placebo for 6 weeks.",P = 0.001; P = 0.002,,,,,,,60 patients; 30 participants,detail_hint,expansion2_queue,pending,,The effect of probiotic supplementation on glycemic control and lipid profile in patients with type 2 diabetes_ A randomized pla(科研通-ablesci.com).pdf,1.000,19,probiotic supplementation on glycemic control and lipid profile in patients with type 2 d; probiotic supplementation on glycemic control and lipid profile Elham Razmpoosh a; probiotic supplements or pl acebo for 6 weeks. The probiotic supplement consisted of 7 vi; Lactobacillus; Bifidobacterium and Strep tococcus. Nutrient intakes were estimated using a 3-day and 2 4hour-d; probiotic group; probiotic supplements in withi n group comparison; probiotic may p lay a role in the improvement of intestinal health,6 weeks; 10 months; 3 weeks; 2 months,"units (CFU)], Lactobacillus; ( 7 × 10 9 CFU), Lactobacillus r; 1.5 × 10 9 CFU), Lactobacillus b; (2 × 10 8 CFU), Bifidobacterium; (3 × 10 10 CFU), Bifidobacterium; (7 × 10 9 CFU), Streptococcus t; 1.5 × 10 9 CFU), and 100 mg fruc; 10 9-10 11 CFU/g; it should be n",60 patients; 30 participants; 68 patients; 68 participants; n = 34,microbiota; glucose; insulin; HDL; cholesterol; waist circumference; body mass index; triglycerides; body weight,"Accepted Manuscript The effect of probiotic supplementation on glycemic control and lipid profile in patients with type 2 diabetes: A randomized placebo controlled trial Elham Razmpoosh, Amir Javadi, Hanieh Sadat Ejtahed, Parvin Mirmiran, Maryam Javadi, Abbas Yousefinejad PII: S1871-4021(18)30314-X DOI: 10.1016/j.dsx.2018.08.008 Reference: DSX 1067 To appear in: Diabetes & Metabolic Syndrome: Clinical Research & Reviews Received Date: 14 July 2018 Accepted Date: 9 August 2018 Please cite this article as: Razmpoosh E, Javadi A, Ejtahed HS, Mirmiran P, Javadi M, Yousefinejad A, The effect of probiotic supplementation on glycemic control and lipid profile in patients with type 2 diabetes: A randomized placebo controlled trial, Diabetes & Metabolic Syndrome: Clinical Research & Reviews (2018), doi: 10.1016/j.dsx.2018.08.008. This is a PDF file of an unedited manuscript that has been accepted",Bifidobacterium and; Lactobacillus and; Lactobacillus acidophilus; Lactobacillus casei; Lactobacillus rhamnosus; Lactobacillus bulgaricus; Bifidobacterium breve; Bifidobacterium longum; Streptococcus thermophilus; Lactobacillus salivarius; Lactobacillus acidophilus LA5; Bifidobacterium lactis BB12; Lactobacillus sporogenes,,10 9 CFU; 10 8 CFU; 10 10 CFU; 10 11 CFU; 10 7CFU; 10 8CFU; 10 7 CFU/day; 10 6 CFU; 10 7 CFU; 10 10 CFU/day,6 weeks; 10 months; 3 weeks; 2 months; 8 weeks; 12 weeks,60 patients; 30 participants; 68 patients; 68 participants; n = 34; n=3; n=1; n=4; 136 patients,randomized; placebo controlled; double blind; controlled trial; clinical trial,supplement; capsules; synbiotic; capsule; yogurt; tablet; yoghurt; prebiotic; sachet; milk,P=0.001; P=0.002; P>0.05; P=0.011; P=0.02; P=0.01; P=0.004; P=0.04; P=0.12; P=0.47,increase in the levels of FPG (P=0; decrease in FPG l evel by multi-strain probiotic supplements in withi n group comparison; increased worldwide [1]; increased intestinal permeability as well as changing the mucosal immune responses which; reduce the concent rations of advanced glycation end-products in individuals with impa; 0.25 mmol/L; 9.65 mg/dL; 80%; increased to 34 to accommod ate the expected dropout rate; changed during the study; 1 kg; 85%; decrease in FPG concentrations in probiotic group (13; 9.6 mg/dL; increase in HDL-C levels was observed in probiotic group (2; increase was not significant in between group comparisons (P=0; increase in insulin levels (1±1; 1 mg/dL,"MANUSCRIPT ACCEPTED ACCEPTED MANUSCRIPT 2 Abstract Aims : The role of gut microbiota in the pathogenesis of diabetes is increasing; || Results : Within group comparisons showed significant decre ase and increase in the levels of FPG (P=0.001) and HDL-C (P=0.002) in probiotic group, respectively. || N o significant alterations were observed for within and between group comparisons in the levels of insulin, triglyc erides, total cholesterol, insulin resistance and a nthropometric measurements, including weight, waist circumference and body mass index(all P>0.05). || Body mass index MANUSCRIPT ACCEPTED ACCEPTED MANUSCRIPT 3 1. || Dyslipi demia is one of the main complications of diabetes mellitus with major abnormalities such as elevated triglycerides (TG) and lower levels of high density of lipoprotei n cholesterol (HDL-C), which reported to be particularly importan t for the development of coronary heart disease and neuropathy [3]. || i t has been shown that types of bacteria in the gut of patients with diabetes were significantly associated with t heir glucose concentrations [4].","Accepted Manuscript The effect of probiotic supplementation on glycemic control and lipid profile in patients with type 2 diabetes: A randomized placebo controlled trial Elham Razmpoosh, Amir Javadi, Hanieh Sadat Ejtahed, Parvin Mirmiran, Maryam Javadi, Abbas Yousefinejad PII: S1871-4021(18)30314-X DOI: 10.1016/j.dsx.2018.08.008 Reference: DSX 1067 To appear in: Diabetes & Metabolic Syndrome: Clinical Research & Reviews Received Date: 14 July 2018 Accepted Date: 9 August 2018 Please cite this article as: Razmpoosh E, Javadi A, Ejtahed HS, Mirmiran P, Javadi M, Yousefinejad A, The effect of probiotic supplementation on glycemic control and lipid profile in patients with type 2 diabetes: A ran",ok,
PMID:30641692,PubMed,30641692,The effect of probiotic supplementation on glycemic control and lipid profile in patients with type 2 diabetes: A randomized placebo controlled trial.,microbiome,"The role of gut microbiota in the pathogenesis of diabetes is increasing; this study investigates the effect of multi-strain probiotics on fasting plasma glucose (FPG), plasma insulin and lipid profile among patients.; This randomized double blind controlled trial was performed among 60 patients; individuals were randomly assigned into 2 groups of 30 participants in order to take either probiotic supplements or placebo for 6 weeks.",P = 0.001; P = 0.002,,,,,,,60 patients; 30 participants,detail_hint,expansion2_queue,pending,,The effect of probiotic supplementation on glycemic control and lipid profile in patients with type 2 diabetes_ A randomized pla(科研通-ablesci.com).pdf,1.000,19,probiotic supplementation on glycemic control and lipid profile in patients with type 2 d; probiotic supplementation on glycemic control and lipid profile Elham Razmpoosh a; probiotic supplements or pl acebo for 6 weeks. The probiotic supplement consisted of 7 vi; Lactobacillus; Bifidobacterium and Strep tococcus. Nutrient intakes were estimated using a 3-day and 2 4hour-d; probiotic group; probiotic supplements in withi n group comparison; probiotic may p lay a role in the improvement of intestinal health,6 weeks; 10 months; 3 weeks; 2 months,"units (CFU)], Lactobacillus; ( 7 × 10 9 CFU), Lactobacillus r; 1.5 × 10 9 CFU), Lactobacillus b; (2 × 10 8 CFU), Bifidobacterium; (3 × 10 10 CFU), Bifidobacterium; (7 × 10 9 CFU), Streptococcus t; 1.5 × 10 9 CFU), and 100 mg fruc; 10 9-10 11 CFU/g; it should be n",60 patients; 30 participants; 68 patients; 68 participants; n = 34,microbiota; glucose; insulin; HDL; cholesterol; waist circumference; body mass index; triglycerides; body weight,"Accepted Manuscript The effect of probiotic supplementation on glycemic control and lipid profile in patients with type 2 diabetes: A randomized placebo controlled trial Elham Razmpoosh, Amir Javadi, Hanieh Sadat Ejtahed, Parvin Mirmiran, Maryam Javadi, Abbas Yousefinejad PII: S1871-4021(18)30314-X DOI: 10.1016/j.dsx.2018.08.008 Reference: DSX 1067 To appear in: Diabetes & Metabolic Syndrome: Clinical Research & Reviews Received Date: 14 July 2018 Accepted Date: 9 August 2018 Please cite this article as: Razmpoosh E, Javadi A, Ejtahed HS, Mirmiran P, Javadi M, Yousefinejad A, The effect of probiotic supplementation on glycemic control and lipid profile in patients with type 2 diabetes: A randomized placebo controlled trial, Diabetes & Metabolic Syndrome: Clinical Research & Reviews (2018), doi: 10.1016/j.dsx.2018.08.008. This is a PDF file of an unedited manuscript that has been accepted",Bifidobacterium and; Lactobacillus and; Lactobacillus acidophilus; Lactobacillus casei; Lactobacillus rhamnosus; Lactobacillus bulgaricus; Bifidobacterium breve; Bifidobacterium longum; Streptococcus thermophilus; Lactobacillus salivarius; Lactobacillus acidophilus LA5; Bifidobacterium lactis BB12; Lactobacillus sporogenes,,10 9 CFU; 10 8 CFU; 10 10 CFU; 10 11 CFU; 10 7CFU; 10 8CFU; 10 7 CFU/day; 10 6 CFU; 10 7 CFU; 10 10 CFU/day,6 weeks; 10 months; 3 weeks; 2 months; 8 weeks; 12 weeks,60 patients; 30 participants; 68 patients; 68 participants; n = 34; n=3; n=1; n=4; 136 patients,randomized; placebo controlled; double blind; controlled trial; clinical trial,supplement; capsules; synbiotic; capsule; yogurt; tablet; yoghurt; prebiotic; sachet; milk,P=0.001; P=0.002; P>0.05; P=0.011; P=0.02; P=0.01; P=0.004; P=0.04; P=0.12; P=0.47,increase in the levels of FPG (P=0; decrease in FPG l evel by multi-strain probiotic supplements in withi n group comparison; increased worldwide [1]; increased intestinal permeability as well as changing the mucosal immune responses which; reduce the concent rations of advanced glycation end-products in individuals with impa; 0.25 mmol/L; 9.65 mg/dL; 80%; increased to 34 to accommod ate the expected dropout rate; changed during the study; 1 kg; 85%; decrease in FPG concentrations in probiotic group (13; 9.6 mg/dL; increase in HDL-C levels was observed in probiotic group (2; increase was not significant in between group comparisons (P=0; increase in insulin levels (1±1; 1 mg/dL,"MANUSCRIPT ACCEPTED ACCEPTED MANUSCRIPT 2 Abstract Aims : The role of gut microbiota in the pathogenesis of diabetes is increasing; || Results : Within group comparisons showed significant decre ase and increase in the levels of FPG (P=0.001) and HDL-C (P=0.002) in probiotic group, respectively. || N o significant alterations were observed for within and between group comparisons in the levels of insulin, triglyc erides, total cholesterol, insulin resistance and a nthropometric measurements, including weight, waist circumference and body mass index(all P>0.05). || Body mass index MANUSCRIPT ACCEPTED ACCEPTED MANUSCRIPT 3 1. || Dyslipi demia is one of the main complications of diabetes mellitus with major abnormalities such as elevated triglycerides (TG) and lower levels of high density of lipoprotei n cholesterol (HDL-C), which reported to be particularly importan t for the development of coronary heart disease and neuropathy [3]. || i t has been shown that types of bacteria in the gut of patients with diabetes were significantly associated with t heir glucose concentrations [4].","Accepted Manuscript The effect of probiotic supplementation on glycemic control and lipid profile in patients with type 2 diabetes: A randomized placebo controlled trial Elham Razmpoosh, Amir Javadi, Hanieh Sadat Ejtahed, Parvin Mirmiran, Maryam Javadi, Abbas Yousefinejad PII: S1871-4021(18)30314-X DOI: 10.1016/j.dsx.2018.08.008 Reference: DSX 1067 To appear in: Diabetes & Metabolic Syndrome: Clinical Research & Reviews Received Date: 14 July 2018 Accepted Date: 9 August 2018 Please cite this article as: Razmpoosh E, Javadi A, Ejtahed HS, Mirmiran P, Javadi M, Yousefinejad A, The effect of probiotic supplementation on glycemic control and lipid profile in patients with type 2 diabetes: A ran",ok,
