evidence_id,source_database,source_accession,title,outcome_domain,suggested_text,suggested_p_value,final_value,final_unit,final_direction,comparison,time_point,p_value_confirmed,sample_size_confirmed,extraction_source,reviewer,review_status,reviewer_note,pdf_source_file,pdf_match_score,pdf_pages,pdf_intervention_terms,pdf_duration_terms,pdf_cfu_terms,pdf_sample_size_terms,pdf_outcome_terms,pdf_text_excerpt
EUROPEPMC:41163054,PubMed,41163054,"The effects of a newly developed beverage powder supplement on anthropometric measures, body composition, metabolic syndrome components, and appetite in obese or overweight adults: a protocol for a randomized clinical trial study.",weight,Overweight and obesity result from excessive fat accumulation and pose significant global health challenges linked to various diseases.,,,,,,,,,detail_hint,supplement_queue,pending,,,,,,,,,,
EUROPEPMC:41163054,PubMed,41163054,"The effects of a newly developed beverage powder supplement on anthropometric measures, body composition, metabolic syndrome components, and appetite in obese or overweight adults: a protocol for a randomized clinical trial study.",BMI,"Evaluations of anthropometry (body mass index, waist and hip circumference), body composition (fat mass, fat-free mass, total body water, etc.), appetite using a visual analogue scale, blood pressure, and biochemical parameters including fasting blood glucose (FBS), total cholesterol (TC), triglycerides (TG), low- and high-density lipoprotein (LDL and HDL) will be conducted.; The results of this study will provide evidence for the synergistic effects of Akkermansia muciniphila combined with preb",,,,,,,,,detail_hint,supplement_queue,pending,,,,,,,,,,
EUROPEPMC:41163054,PubMed,41163054,"The effects of a newly developed beverage powder supplement on anthropometric measures, body composition, metabolic syndrome components, and appetite in obese or overweight adults: a protocol for a randomized clinical trial study.",waist,"Evaluations of anthropometry (body mass index, waist and hip circumference), body composition (fat mass, fat-free mass, total body water, etc.), appetite using a visual analogue scale, blood pressure, and biochemical parameters including fasting blood glucose (FBS), total cholesterol (TC), triglycerides (TG), low- and high-density lipoprotein (LDL and HDL) will be conducted.; The results of this study will provide evidence for the synergistic effects of Akkermansia muciniphila combined with preb",,,,,,,,,detail_hint,supplement_queue,pending,,,,,,,,,,
EUROPEPMC:41163054,PubMed,41163054,"The effects of a newly developed beverage powder supplement on anthropometric measures, body composition, metabolic syndrome components, and appetite in obese or overweight adults: a protocol for a randomized clinical trial study.",body_fat,"Evaluations of anthropometry (body mass index, waist and hip circumference), body composition (fat mass, fat-free mass, total body water, etc.), appetite using a visual analogue scale, blood pressure, and biochemical parameters including fasting blood glucose (FBS), total cholesterol (TC), triglycerides (TG), low- and high-density lipoprotein (LDL and HDL) will be conducted.; The results of this study will provide evidence for the synergistic effects of Akkermansia muciniphila combined with preb",,,,,,,,,detail_hint,supplement_queue,pending,,,,,,,,,,
EUROPEPMC:41163054,PubMed,41163054,"The effects of a newly developed beverage powder supplement on anthropometric measures, body composition, metabolic syndrome components, and appetite in obese or overweight adults: a protocol for a randomized clinical trial study.",glucose,"Evaluations of anthropometry (body mass index, waist and hip circumference), body composition (fat mass, fat-free mass, total body water, etc.), appetite using a visual analogue scale, blood pressure, and biochemical parameters including fasting blood glucose (FBS), total cholesterol (TC), triglycerides (TG), low- and high-density lipoprotein (LDL and HDL) will be conducted.; The results of this study will provide evidence for the synergistic effects of Akkermansia muciniphila combined with preb",,,,,,,,,detail_hint,supplement_queue,pending,,,,,,,,,,
EUROPEPMC:41163054,PubMed,41163054,"The effects of a newly developed beverage powder supplement on anthropometric measures, body composition, metabolic syndrome components, and appetite in obese or overweight adults: a protocol for a randomized clinical trial study.",lipid,"Evaluations of anthropometry (body mass index, waist and hip circumference), body composition (fat mass, fat-free mass, total body water, etc.), appetite using a visual analogue scale, blood pressure, and biochemical parameters including fasting blood glucose (FBS), total cholesterol (TC), triglycerides (TG), low- and high-density lipoprotein (LDL and HDL) will be conducted.; The results of this study will provide evidence for the synergistic effects of Akkermansia muciniphila combined with preb",,,,,,,,,detail_hint,supplement_queue,pending,,,,,,,,,,
EUROPEPMC:41512635,PubMed,41512635,"Effects of a novel synbiotic intervention on abdominal visceral fat reductions and gut microbiota in overweight and obese adults: A randomized, double-blind, placebo-controlled trial.",weight,"Effects of a novel synbiotic intervention on abdominal visceral fat reductions and gut microbiota in overweight and obese adults: A randomized, double-blind, placebo-controlled trial.",p = 0.048; p = 0.051; p = 0.003; p = 0.027; p = 0.077,,,,,,,112 participants,detail_hint,supplement_queue,pending,,,,,,,,,,
EUROPEPMC:41512635,PubMed,41512635,"Effects of a novel synbiotic intervention on abdominal visceral fat reductions and gut microbiota in overweight and obese adults: A randomized, double-blind, placebo-controlled trial.",BMI,"We hypothesized that this intervention would improve metabolic health parameters, particularly visceral adiposity.; In a 12-week, double-blind, randomized, placebo-controlled, parallel-group trial with a 6-week post-intervention follow-up, 112 participants (BMI: 24.0-34.9 kg/m2) received daily synbiotic or a matched placebo.",p = 0.048; p = 0.051; p = 0.003; p = 0.027; p = 0.077,,,,,,,112 participants,detail_hint,supplement_queue,pending,,,,,,,,,,
EUROPEPMC:41512635,PubMed,41512635,"Effects of a novel synbiotic intervention on abdominal visceral fat reductions and gut microbiota in overweight and obese adults: A randomized, double-blind, placebo-controlled trial.",waist,"Although no significant changes occurred in blood biochemistry, BMI, or waist circumference, the synbiotic group showed a trend toward greater total body fat reduction between weeks 12-18 (p = 0.077).",p = 0.048; p = 0.051; p = 0.003; p = 0.027; p = 0.077,,,,,,,112 participants,detail_hint,supplement_queue,pending,,,,,,,,,,
EUROPEPMC:41512635,PubMed,41512635,"Effects of a novel synbiotic intervention on abdominal visceral fat reductions and gut microbiota in overweight and obese adults: A randomized, double-blind, placebo-controlled trial.",body_fat,"Effects of a novel synbiotic intervention on abdominal visceral fat reductions and gut microbiota in overweight and obese adults: A randomized, double-blind, placebo-controlled trial.",p = 0.048; p = 0.051; p = 0.003; p = 0.027; p = 0.077,,,,,,,112 participants,detail_hint,supplement_queue,pending,,,,,,,,,,
EUROPEPMC:41512635,PubMed,41512635,"Effects of a novel synbiotic intervention on abdominal visceral fat reductions and gut microbiota in overweight and obese adults: A randomized, double-blind, placebo-controlled trial.",microbiome,"Effects of a novel synbiotic intervention on abdominal visceral fat reductions and gut microbiota in overweight and obese adults: A randomized, double-blind, placebo-controlled trial.",p = 0.048; p = 0.051; p = 0.003; p = 0.027; p = 0.077,,,,,,,112 participants,detail_hint,supplement_queue,pending,,,,,,,,,,
PMID:29688793,PubMed,29688793,"Lactobacillus gasseri BNR17 Supplementation Reduces the Visceral Fat Accumulation and Waist Circumference in Obese Adults: A Randomized, Double-Blind, Placebo-Controlled Trial.",weight,Animal studies reported that BNR17 inhibited increases in body weight and adipose tissue weights.,P = .038; P = .012; P = .045,,,,,,,,detail_hint,supplement_queue,pending,,,,,,,,,,
PMID:29688793,PubMed,29688793,"Lactobacillus gasseri BNR17 Supplementation Reduces the Visceral Fat Accumulation and Waist Circumference in Obese Adults: A Randomized, Double-Blind, Placebo-Controlled Trial.",BMI,"Body weight, BMI, waist and hip circumferences, waist-to-hip ratio, abdominal adipose tissue areas, body fat mass, lean body mass, and biochemical parameters were assessed at the beginning and end of the trial.",P = .038; P = .012; P = .045,,,,,,,,detail_hint,supplement_queue,pending,,,,,,,,,,
PMID:29688793,PubMed,29688793,"Lactobacillus gasseri BNR17 Supplementation Reduces the Visceral Fat Accumulation and Waist Circumference in Obese Adults: A Randomized, Double-Blind, Placebo-Controlled Trial.",waist,"Lactobacillus gasseri BNR17 Supplementation Reduces the Visceral Fat Accumulation and Waist Circumference in Obese Adults: A Randomized, Double-Blind, Placebo-Controlled Trial.",P = .038; P = .012; P = .045,,,,,,,,detail_hint,supplement_queue,pending,,,,,,,,,,
PMID:29688793,PubMed,29688793,"Lactobacillus gasseri BNR17 Supplementation Reduces the Visceral Fat Accumulation and Waist Circumference in Obese Adults: A Randomized, Double-Blind, Placebo-Controlled Trial.",body_fat,"Lactobacillus gasseri BNR17 Supplementation Reduces the Visceral Fat Accumulation and Waist Circumference in Obese Adults: A Randomized, Double-Blind, Placebo-Controlled Trial.",P = .038; P = .012; P = .045,,,,,,,,detail_hint,supplement_queue,pending,,,,,,,,,,
PMID:20216555,PubMed,20216555,Regulation of abdominal adiposity by probiotics (Lactobacillus gasseri SBT2055) in adults with obese tendencies in a randomized controlled trial.,weight,"Body weight and other measures also decreased significantly (P<0.001) as follows: body weight, 1.4% (-1.1 (-1.5, -0.7) kg); BMI, 1.5% (-0.4 (-0.5, -0.2) kg/m(2)); waist, 1.8% (-1.7 (-2.1, -1.4) cm); hip, 1.5% (-1.5 (-1.8, -1.1) cm).",P<0.01; P<0.001,,,,,,,n=87; n=43; n=44,detail_hint,supplement_queue,pending,,Regulation of abdominal adiposity by probiotics (Lactobacillus gasseri SBT2055) in adults with obese tendencies in a randomized (科研通-ablesci.com).pdf,1.000,8,Lactobacillus gasseri SBT2055; probiotic Lactobacillus gasseri SBT2055; probiotic LG2055 showed lowering effects on abdominal adiposity; probiotic that originates from human intestine and has been selected for its ability to i; probiotic LG2055 lowered adipocyte enlargement caused by a high-fat diet in rats. As enla; probiotic LG2055 in healthy adults with obese tendencies in a randomized controlled trial; Probiotic FM Lactobacillus gasseri SBT2055; Lactobacillus delbrueckii ssp. bulgaricus,12 weeks,5 /C2 10 10 cfu/100 g of FM on th,59 men; 28 women,adiposity; body weight; body mass index; BMI; visceral fat; cholesterol; body fat; waist circumference,"ORIGINAL ARTICLE Regulation of abdominal adiposity by probiotics (Lactobacillus gasseri SBT2055) in adults with obese tendencies in a randomized controlled trial Y Kadooka1, M Sato 2, K Imaizumi 2, A Ogawa 1, K Ikuyama 3, Y Akai3, M Okano 3, M Kagoshima 4 and T Tsuchida5 1Technology and Research Institute, Snow Brand Milk Products Co. Ltd., Saitama, Japan; 2Laboratory of Nutrition Chemistry, Department of Bioscience and Biotechnology, Faculty of Agriculture, Graduate School, Kyushu University, Fukuoka, Japan; 3Nippon Milk Community Co. Ltd., Saitama, Japan; 4Department of Pharmacy, Faculty of Pharmacy, Iwaki Meisei University, Fukushima, Japan and 5Isogo Central and Neurosurgical Hospital, Kanagawa, Japan Background/Objectives: In spite of the much evidence for the beneficial effects of probiotics, their anti-obesity effects have not been well examined. We evaluated the effects of the pr"
PMID:20216555,PubMed,20216555,Regulation of abdominal adiposity by probiotics (Lactobacillus gasseri SBT2055) in adults with obese tendencies in a randomized controlled trial.,BMI,"Body weight and other measures also decreased significantly (P<0.001) as follows: body weight, 1.4% (-1.1 (-1.5, -0.7) kg); BMI, 1.5% (-0.4 (-0.5, -0.2) kg/m(2)); waist, 1.8% (-1.7 (-2.1, -1.4) cm); hip, 1.5% (-1.5 (-1.8, -1.1) cm).",P<0.01; P<0.001,,,,,,,n=87; n=43; n=44,detail_hint,supplement_queue,pending,,Regulation of abdominal adiposity by probiotics (Lactobacillus gasseri SBT2055) in adults with obese tendencies in a randomized (科研通-ablesci.com).pdf,1.000,8,Lactobacillus gasseri SBT2055; probiotic Lactobacillus gasseri SBT2055; probiotic LG2055 showed lowering effects on abdominal adiposity; probiotic that originates from human intestine and has been selected for its ability to i; probiotic LG2055 lowered adipocyte enlargement caused by a high-fat diet in rats. As enla; probiotic LG2055 in healthy adults with obese tendencies in a randomized controlled trial; Probiotic FM Lactobacillus gasseri SBT2055; Lactobacillus delbrueckii ssp. bulgaricus,12 weeks,5 /C2 10 10 cfu/100 g of FM on th,59 men; 28 women,adiposity; body weight; body mass index; BMI; visceral fat; cholesterol; body fat; waist circumference,"ORIGINAL ARTICLE Regulation of abdominal adiposity by probiotics (Lactobacillus gasseri SBT2055) in adults with obese tendencies in a randomized controlled trial Y Kadooka1, M Sato 2, K Imaizumi 2, A Ogawa 1, K Ikuyama 3, Y Akai3, M Okano 3, M Kagoshima 4 and T Tsuchida5 1Technology and Research Institute, Snow Brand Milk Products Co. Ltd., Saitama, Japan; 2Laboratory of Nutrition Chemistry, Department of Bioscience and Biotechnology, Faculty of Agriculture, Graduate School, Kyushu University, Fukuoka, Japan; 3Nippon Milk Community Co. Ltd., Saitama, Japan; 4Department of Pharmacy, Faculty of Pharmacy, Iwaki Meisei University, Fukushima, Japan and 5Isogo Central and Neurosurgical Hospital, Kanagawa, Japan Background/Objectives: In spite of the much evidence for the beneficial effects of probiotics, their anti-obesity effects have not been well examined. We evaluated the effects of the pr"
PMID:20216555,PubMed,20216555,Regulation of abdominal adiposity by probiotics (Lactobacillus gasseri SBT2055) in adults with obese tendencies in a randomized controlled trial.,waist,"Body weight and other measures also decreased significantly (P<0.001) as follows: body weight, 1.4% (-1.1 (-1.5, -0.7) kg); BMI, 1.5% (-0.4 (-0.5, -0.2) kg/m(2)); waist, 1.8% (-1.7 (-2.1, -1.4) cm); hip, 1.5% (-1.5 (-1.8, -1.1) cm).",P<0.01; P<0.001,,,,,,,n=87; n=43; n=44,detail_hint,supplement_queue,pending,,Regulation of abdominal adiposity by probiotics (Lactobacillus gasseri SBT2055) in adults with obese tendencies in a randomized (科研通-ablesci.com).pdf,1.000,8,Lactobacillus gasseri SBT2055; probiotic Lactobacillus gasseri SBT2055; probiotic LG2055 showed lowering effects on abdominal adiposity; probiotic that originates from human intestine and has been selected for its ability to i; probiotic LG2055 lowered adipocyte enlargement caused by a high-fat diet in rats. As enla; probiotic LG2055 in healthy adults with obese tendencies in a randomized controlled trial; Probiotic FM Lactobacillus gasseri SBT2055; Lactobacillus delbrueckii ssp. bulgaricus,12 weeks,5 /C2 10 10 cfu/100 g of FM on th,59 men; 28 women,adiposity; body weight; body mass index; BMI; visceral fat; cholesterol; body fat; waist circumference,"ORIGINAL ARTICLE Regulation of abdominal adiposity by probiotics (Lactobacillus gasseri SBT2055) in adults with obese tendencies in a randomized controlled trial Y Kadooka1, M Sato 2, K Imaizumi 2, A Ogawa 1, K Ikuyama 3, Y Akai3, M Okano 3, M Kagoshima 4 and T Tsuchida5 1Technology and Research Institute, Snow Brand Milk Products Co. Ltd., Saitama, Japan; 2Laboratory of Nutrition Chemistry, Department of Bioscience and Biotechnology, Faculty of Agriculture, Graduate School, Kyushu University, Fukuoka, Japan; 3Nippon Milk Community Co. Ltd., Saitama, Japan; 4Department of Pharmacy, Faculty of Pharmacy, Iwaki Meisei University, Fukushima, Japan and 5Isogo Central and Neurosurgical Hospital, Kanagawa, Japan Background/Objectives: In spite of the much evidence for the beneficial effects of probiotics, their anti-obesity effects have not been well examined. We evaluated the effects of the pr"
PMID:20216555,PubMed,20216555,Regulation of abdominal adiposity by probiotics (Lactobacillus gasseri SBT2055) in adults with obese tendencies in a randomized controlled trial.,body_fat,"Abdominal fat area was determined by computed tomography.; In the active FM group, abdominal visceral and subcutaneous fat areas significantly (P<0.01) decreased from baseline by an average of 4.6% (mean (confidence interval): -5.8 (-10.0, -1.7) cm(2)) and 3.3% (-7.4 (-11.6, -3.1) cm(2)), respectively.",P<0.01; P<0.001,,,,,,,n=87; n=43; n=44,detail_hint,supplement_queue,pending,,Regulation of abdominal adiposity by probiotics (Lactobacillus gasseri SBT2055) in adults with obese tendencies in a randomized (科研通-ablesci.com).pdf,1.000,8,Lactobacillus gasseri SBT2055; probiotic Lactobacillus gasseri SBT2055; probiotic LG2055 showed lowering effects on abdominal adiposity; probiotic that originates from human intestine and has been selected for its ability to i; probiotic LG2055 lowered adipocyte enlargement caused by a high-fat diet in rats. As enla; probiotic LG2055 in healthy adults with obese tendencies in a randomized controlled trial; Probiotic FM Lactobacillus gasseri SBT2055; Lactobacillus delbrueckii ssp. bulgaricus,12 weeks,5 /C2 10 10 cfu/100 g of FM on th,59 men; 28 women,adiposity; body weight; body mass index; BMI; visceral fat; cholesterol; body fat; waist circumference,"ORIGINAL ARTICLE Regulation of abdominal adiposity by probiotics (Lactobacillus gasseri SBT2055) in adults with obese tendencies in a randomized controlled trial Y Kadooka1, M Sato 2, K Imaizumi 2, A Ogawa 1, K Ikuyama 3, Y Akai3, M Okano 3, M Kagoshima 4 and T Tsuchida5 1Technology and Research Institute, Snow Brand Milk Products Co. Ltd., Saitama, Japan; 2Laboratory of Nutrition Chemistry, Department of Bioscience and Biotechnology, Faculty of Agriculture, Graduate School, Kyushu University, Fukuoka, Japan; 3Nippon Milk Community Co. Ltd., Saitama, Japan; 4Department of Pharmacy, Faculty of Pharmacy, Iwaki Meisei University, Fukushima, Japan and 5Isogo Central and Neurosurgical Hospital, Kanagawa, Japan Background/Objectives: In spite of the much evidence for the beneficial effects of probiotics, their anti-obesity effects have not been well examined. We evaluated the effects of the pr"
PMID:40077569,PubMed,40077569,"Effects of Liupao Tea with Different Years of Aging on Glycolipid Metabolism, Body Composition, and Gut Microbiota in Adults with Obesity or Overweight: A Randomized, Double-Blind Study.",weight,"Body weight, body fat mass (BFM), body mass index (BMI), waist circumference (WC), body fat percentage (BFP), and visceral fat area (VFA) significantly declined across all groups (p < 0.05).",p < 0.001; p < 0.05,,,,,,,106 adults,detail_hint,expansion_queue,pending,,,,,,,,,,
PMID:40077569,PubMed,40077569,"Effects of Liupao Tea with Different Years of Aging on Glycolipid Metabolism, Body Composition, and Gut Microbiota in Adults with Obesity or Overweight: A Randomized, Double-Blind Study.",BMI,"Body weight, body fat mass (BFM), body mass index (BMI), waist circumference (WC), body fat percentage (BFP), and visceral fat area (VFA) significantly declined across all groups (p < 0.05).",p < 0.001; p < 0.05,,,,,,,106 adults,detail_hint,expansion_queue,pending,,,,,,,,,,
PMID:40077569,PubMed,40077569,"Effects of Liupao Tea with Different Years of Aging on Glycolipid Metabolism, Body Composition, and Gut Microbiota in Adults with Obesity or Overweight: A Randomized, Double-Blind Study.",waist,"Body weight, body fat mass (BFM), body mass index (BMI), waist circumference (WC), body fat percentage (BFP), and visceral fat area (VFA) significantly declined across all groups (p < 0.05).",p < 0.001; p < 0.05,,,,,,,106 adults,detail_hint,expansion_queue,pending,,,,,,,,,,
PMID:40077569,PubMed,40077569,"Effects of Liupao Tea with Different Years of Aging on Glycolipid Metabolism, Body Composition, and Gut Microbiota in Adults with Obesity or Overweight: A Randomized, Double-Blind Study.",body_fat,"Body weight, body fat mass (BFM), body mass index (BMI), waist circumference (WC), body fat percentage (BFP), and visceral fat area (VFA) significantly declined across all groups (p < 0.05).",p < 0.001; p < 0.05,,,,,,,106 adults,detail_hint,expansion_queue,pending,,,,,,,,,,
PMID:40077569,PubMed,40077569,"Effects of Liupao Tea with Different Years of Aging on Glycolipid Metabolism, Body Composition, and Gut Microbiota in Adults with Obesity or Overweight: A Randomized, Double-Blind Study.",lipid,"Total cholesterol (TC) and low-density lipoprotein cholesterol (LDL-C) levels decreased significantly in the 1-, 4-, and 10-year-aged groups (p < 0.05), while high-density lipoprotein cholesterol (HDL-C) increased in the 7-year-aged group (p < 0.05).",p < 0.001; p < 0.05,,,,,,,106 adults,detail_hint,expansion_queue,pending,,,,,,,,,,
PMID:40077569,PubMed,40077569,"Effects of Liupao Tea with Different Years of Aging on Glycolipid Metabolism, Body Composition, and Gut Microbiota in Adults with Obesity or Overweight: A Randomized, Double-Blind Study.",microbiome,"The metabolic parameters, body composition, and gut microbiota were assessed at baseline and after the 90-day intervention.; All LPT groups experienced significant reductions in systolic blood pressure (SBP) and diastolic blood pressure (DBP), with the 10-year-aged group showing the most notable SBP decrease (p < 0.001).",p < 0.001; p < 0.05,,,,,,,106 adults,detail_hint,expansion_queue,pending,,,,,,,,,,
EUROPEPMC:40409234,PubMed,40409234,Effects of multi-strain probiotics supplementation on body adiposity and metabolic profile in individuals with hypertension and overweight following an energy-restricted diet: A randomized clinical trial.,weight,"Participants underwent anthropometric, body composition (dual-energy radiological absorptiometry) and biochemical (glucose metabolism, lipid profile, adiponectin, and leptin) evaluation at baseline and at the end of the study.; After 12 weeks of intervention, the probiotics group presented: a) reduction of body weight, BMI, circumferences of waist, hip and neck and waist-to-height ratio; b) decrease in total fat mass (kg); and c) reduction of glycated hemoglobin (HbA1c).",p < 0.05,,,,,,,66 individuals,detail_hint,expansion_queue,pending,,,,,,,,,,
EUROPEPMC:40409234,PubMed,40409234,Effects of multi-strain probiotics supplementation on body adiposity and metabolic profile in individuals with hypertension and overweight following an energy-restricted diet: A randomized clinical trial.,BMI,"Participants underwent anthropometric, body composition (dual-energy radiological absorptiometry) and biochemical (glucose metabolism, lipid profile, adiponectin, and leptin) evaluation at baseline and at the end of the study.; After 12 weeks of intervention, the probiotics group presented: a) reduction of body weight, BMI, circumferences of waist, hip and neck and waist-to-height ratio; b) decrease in total fat mass (kg); and c) reduction of glycated hemoglobin (HbA1c).",p < 0.05,,,,,,,66 individuals,detail_hint,expansion_queue,pending,,,,,,,,,,
EUROPEPMC:40409234,PubMed,40409234,Effects of multi-strain probiotics supplementation on body adiposity and metabolic profile in individuals with hypertension and overweight following an energy-restricted diet: A randomized clinical trial.,waist,"Participants underwent anthropometric, body composition (dual-energy radiological absorptiometry) and biochemical (glucose metabolism, lipid profile, adiponectin, and leptin) evaluation at baseline and at the end of the study.; After 12 weeks of intervention, the probiotics group presented: a) reduction of body weight, BMI, circumferences of waist, hip and neck and waist-to-height ratio; b) decrease in total fat mass (kg); and c) reduction of glycated hemoglobin (HbA1c).",p < 0.05,,,,,,,66 individuals,detail_hint,expansion_queue,pending,,,,,,,,,,
EUROPEPMC:40409234,PubMed,40409234,Effects of multi-strain probiotics supplementation on body adiposity and metabolic profile in individuals with hypertension and overweight following an energy-restricted diet: A randomized clinical trial.,body_fat,"Participants underwent anthropometric, body composition (dual-energy radiological absorptiometry) and biochemical (glucose metabolism, lipid profile, adiponectin, and leptin) evaluation at baseline and at the end of the study.; After 12 weeks of intervention, the probiotics group presented: a) reduction of body weight, BMI, circumferences of waist, hip and neck and waist-to-height ratio; b) decrease in total fat mass (kg); and c) reduction of glycated hemoglobin (HbA1c).",p < 0.05,,,,,,,66 individuals,detail_hint,expansion_queue,pending,,,,,,,,,,
EUROPEPMC:40409234,PubMed,40409234,Effects of multi-strain probiotics supplementation on body adiposity and metabolic profile in individuals with hypertension and overweight following an energy-restricted diet: A randomized clinical trial.,glucose,"Participants underwent anthropometric, body composition (dual-energy radiological absorptiometry) and biochemical (glucose metabolism, lipid profile, adiponectin, and leptin) evaluation at baseline and at the end of the study.; After 12 weeks of intervention, the probiotics group presented: a) reduction of body weight, BMI, circumferences of waist, hip and neck and waist-to-height ratio; b) decrease in total fat mass (kg); and c) reduction of glycated hemoglobin (HbA1c).",p < 0.05,,,,,,,66 individuals,detail_hint,expansion_queue,pending,,,,,,,,,,
EUROPEPMC:40409234,PubMed,40409234,Effects of multi-strain probiotics supplementation on body adiposity and metabolic profile in individuals with hypertension and overweight following an energy-restricted diet: A randomized clinical trial.,lipid,"Participants underwent anthropometric, body composition (dual-energy radiological absorptiometry) and biochemical (glucose metabolism, lipid profile, adiponectin, and leptin) evaluation at baseline and at the end of the study.; After 12 weeks of intervention, the probiotics group presented: a) reduction of body weight, BMI, circumferences of waist, hip and neck and waist-to-height ratio; b) decrease in total fat mass (kg); and c) reduction of glycated hemoglobin (HbA1c).",p < 0.05,,,,,,,66 individuals,detail_hint,expansion_queue,pending,,,,,,,,,,
PMID:39802638,PubMed,39802638,"Comparison of diet and exercise on cardiometabolic factors in young adults with overweight/obesity: multiomics analysis and gut microbiota prediction, a randomized controlled trial.",weight,"The results showed that single interventions were as effective as combined interventions in improving weight, waist circumference, body fat, and lipid profile compared with control group.",p < 0.05,,,,,,,,detail_hint,expansion_queue,pending,,MCO2-6-e70044.pdf,1.000,18,,8 weeks,,123 participants; n=29; n=32; n=30,LDL; microbiota; glucose; waist circumference; body fat; body mass index; BMI; cholesterol; HDL; insulin,"Received:31July2024 Revised:13November2024 Accepted:22November2024 DOI:10.1002/mco2.70044 ORIGINAL ARTICLE Comparisonofdietandexerciseoncardiometabolicfactors inyoungadultswithoverweight/obesity:multiomics analysisandgutmicrobiotaprediction,arandomized controlledtrial ZongyuLin1,# TianzeLi1,# FenglianHuang1,# MiaoWu1 LeweiZhu1 YueqinZhou1 Ying-AnMing2 ZhijunLu1 WeiPeng1 FeiGao3 YannaZhu1,4,∗ 1DepartmentofMaternalandChild Health,SchoolofPublicHealth,Sun Yat-senUniversity,Guangzhou,China 2DepartmentofPhysicalEducation,Sun Yat-senUniversity,Guangzhou,China 3AgriculturalGenomicsInstituteat Shenzhen,ChineseAcademyof AgriculturalSciences,Shenzhen,China 4GuangdongProvincialKeyLaboratoryof Food,NutritionandHealth,Guangzhou, China ∗Correspondence YannaZhu,DepartmentofMaternaland ChildHealth,SchoolofPublicHealth, SunYat-senUniversity,No.74Zhongshan SecondRd,Guangzhou,Guangdong Province510080,China"
PMID:39802638,PubMed,39802638,"Comparison of diet and exercise on cardiometabolic factors in young adults with overweight/obesity: multiomics analysis and gut microbiota prediction, a randomized controlled trial.",waist,"The results showed that single interventions were as effective as combined interventions in improving weight, waist circumference, body fat, and lipid profile compared with control group.",p < 0.05,,,,,,,,detail_hint,expansion_queue,pending,,MCO2-6-e70044.pdf,1.000,18,,8 weeks,,123 participants; n=29; n=32; n=30,LDL; microbiota; glucose; waist circumference; body fat; body mass index; BMI; cholesterol; HDL; insulin,"Received:31July2024 Revised:13November2024 Accepted:22November2024 DOI:10.1002/mco2.70044 ORIGINAL ARTICLE Comparisonofdietandexerciseoncardiometabolicfactors inyoungadultswithoverweight/obesity:multiomics analysisandgutmicrobiotaprediction,arandomized controlledtrial ZongyuLin1,# TianzeLi1,# FenglianHuang1,# MiaoWu1 LeweiZhu1 YueqinZhou1 Ying-AnMing2 ZhijunLu1 WeiPeng1 FeiGao3 YannaZhu1,4,∗ 1DepartmentofMaternalandChild Health,SchoolofPublicHealth,Sun Yat-senUniversity,Guangzhou,China 2DepartmentofPhysicalEducation,Sun Yat-senUniversity,Guangzhou,China 3AgriculturalGenomicsInstituteat Shenzhen,ChineseAcademyof AgriculturalSciences,Shenzhen,China 4GuangdongProvincialKeyLaboratoryof Food,NutritionandHealth,Guangzhou, China ∗Correspondence YannaZhu,DepartmentofMaternaland ChildHealth,SchoolofPublicHealth, SunYat-senUniversity,No.74Zhongshan SecondRd,Guangzhou,Guangdong Province510080,China"
PMID:39802638,PubMed,39802638,"Comparison of diet and exercise on cardiometabolic factors in young adults with overweight/obesity: multiomics analysis and gut microbiota prediction, a randomized controlled trial.",body_fat,"The results showed that single interventions were as effective as combined interventions in improving weight, waist circumference, body fat, and lipid profile compared with control group.",p < 0.05,,,,,,,,detail_hint,expansion_queue,pending,,MCO2-6-e70044.pdf,1.000,18,,8 weeks,,123 participants; n=29; n=32; n=30,LDL; microbiota; glucose; waist circumference; body fat; body mass index; BMI; cholesterol; HDL; insulin,"Received:31July2024 Revised:13November2024 Accepted:22November2024 DOI:10.1002/mco2.70044 ORIGINAL ARTICLE Comparisonofdietandexerciseoncardiometabolicfactors inyoungadultswithoverweight/obesity:multiomics analysisandgutmicrobiotaprediction,arandomized controlledtrial ZongyuLin1,# TianzeLi1,# FenglianHuang1,# MiaoWu1 LeweiZhu1 YueqinZhou1 Ying-AnMing2 ZhijunLu1 WeiPeng1 FeiGao3 YannaZhu1,4,∗ 1DepartmentofMaternalandChild Health,SchoolofPublicHealth,Sun Yat-senUniversity,Guangzhou,China 2DepartmentofPhysicalEducation,Sun Yat-senUniversity,Guangzhou,China 3AgriculturalGenomicsInstituteat Shenzhen,ChineseAcademyof AgriculturalSciences,Shenzhen,China 4GuangdongProvincialKeyLaboratoryof Food,NutritionandHealth,Guangzhou, China ∗Correspondence YannaZhu,DepartmentofMaternaland ChildHealth,SchoolofPublicHealth, SunYat-senUniversity,No.74Zhongshan SecondRd,Guangzhou,Guangdong Province510080,China"
PMID:39802638,PubMed,39802638,"Comparison of diet and exercise on cardiometabolic factors in young adults with overweight/obesity: multiomics analysis and gut microbiota prediction, a randomized controlled trial.",lipid,"The results showed that single interventions were as effective as combined interventions in improving weight, waist circumference, body fat, and lipid profile compared with control group.",p < 0.05,,,,,,,,detail_hint,expansion_queue,pending,,MCO2-6-e70044.pdf,1.000,18,,8 weeks,,123 participants; n=29; n=32; n=30,LDL; microbiota; glucose; waist circumference; body fat; body mass index; BMI; cholesterol; HDL; insulin,"Received:31July2024 Revised:13November2024 Accepted:22November2024 DOI:10.1002/mco2.70044 ORIGINAL ARTICLE Comparisonofdietandexerciseoncardiometabolicfactors inyoungadultswithoverweight/obesity:multiomics analysisandgutmicrobiotaprediction,arandomized controlledtrial ZongyuLin1,# TianzeLi1,# FenglianHuang1,# MiaoWu1 LeweiZhu1 YueqinZhou1 Ying-AnMing2 ZhijunLu1 WeiPeng1 FeiGao3 YannaZhu1,4,∗ 1DepartmentofMaternalandChild Health,SchoolofPublicHealth,Sun Yat-senUniversity,Guangzhou,China 2DepartmentofPhysicalEducation,Sun Yat-senUniversity,Guangzhou,China 3AgriculturalGenomicsInstituteat Shenzhen,ChineseAcademyof AgriculturalSciences,Shenzhen,China 4GuangdongProvincialKeyLaboratoryof Food,NutritionandHealth,Guangzhou, China ∗Correspondence YannaZhu,DepartmentofMaternaland ChildHealth,SchoolofPublicHealth, SunYat-senUniversity,No.74Zhongshan SecondRd,Guangzhou,Guangdong Province510080,China"
PMID:39802638,PubMed,39802638,"Comparison of diet and exercise on cardiometabolic factors in young adults with overweight/obesity: multiomics analysis and gut microbiota prediction, a randomized controlled trial.",microbiome,Mediation analysis revealed four gut microbiota-metabolite-host axes in improving CMFs.,p < 0.05,,,,,,,,detail_hint,expansion_queue,pending,,MCO2-6-e70044.pdf,1.000,18,,8 weeks,,123 participants; n=29; n=32; n=30,LDL; microbiota; glucose; waist circumference; body fat; body mass index; BMI; cholesterol; HDL; insulin,"Received:31July2024 Revised:13November2024 Accepted:22November2024 DOI:10.1002/mco2.70044 ORIGINAL ARTICLE Comparisonofdietandexerciseoncardiometabolicfactors inyoungadultswithoverweight/obesity:multiomics analysisandgutmicrobiotaprediction,arandomized controlledtrial ZongyuLin1,# TianzeLi1,# FenglianHuang1,# MiaoWu1 LeweiZhu1 YueqinZhou1 Ying-AnMing2 ZhijunLu1 WeiPeng1 FeiGao3 YannaZhu1,4,∗ 1DepartmentofMaternalandChild Health,SchoolofPublicHealth,Sun Yat-senUniversity,Guangzhou,China 2DepartmentofPhysicalEducation,Sun Yat-senUniversity,Guangzhou,China 3AgriculturalGenomicsInstituteat Shenzhen,ChineseAcademyof AgriculturalSciences,Shenzhen,China 4GuangdongProvincialKeyLaboratoryof Food,NutritionandHealth,Guangzhou, China ∗Correspondence YannaZhu,DepartmentofMaternaland ChildHealth,SchoolofPublicHealth, SunYat-senUniversity,No.74Zhongshan SecondRd,Guangzhou,Guangdong Province510080,China"
PMID:41479657,PubMed,41479657,"Targeting gut microbiota with short-chain fructo-oligosaccharides prebiotic fibers to support metabolic health in overweight prediabetic adults: a randomized, double-blinded, placebo-controlled study.",weight,Body weight remained stable with scFOS while it tended to increase with placebo (estimated means: +0.14 kg vs +0.70 kg; global treatment effect: p = 0.0718).,p = 0.6835; p = 0.0273; p = 0.0279; p = 0.0718; p < 0.004; p = 0.0202; p < 0.05; p = 0.0310; p = 0.0062,,,,,,,n = 66; 30 participants,detail_hint,expansion_queue,pending,,fnut-12-1718169.pdf,1.000,14,prebiotic fibers to support metabolic health in overweight prediabetic adults; Prebiotic dietary fibers may help mitigate this trend by modulating gut microbiota. This; Bifidobacterium; prebiotic; prebiotic properties have been shown to beneficially modulate the gut microbiota and impr; prebiotic dietary fibers; inulin is primarily extracted from chicory roots and has a broader DP range; inulin and typically has a DP of 2 to 9. These structural differences influence their,12 weeks; 3 months,,n = 66; 30 participants,microbiota; glucose; BMI; HbA1c; fat mass; Body weight; body mass index; triglycerides; cholesterol,"Frontiers in Nutrition 01 frontiersin.org Targeting gut microbiota with short-chain fructo-oligosaccharides prebiotic fibers to support metabolic health in overweight prediabetic adults: a randomized, double-blinded, placebo-controlled study Cindy Le Bourgot 1*, Odile Capronnier 2, Sahara Graf 2 and Thomas Carton 2 1Department of Scientific and Regulatory Affairs, TEREOS, Moussy-le-Vieux, France, 2Department of Biometry, BIOFORTIS SAS, Saint-Herblain, France Background and objectives: The global rise in metabolic disorders such as obesity and type 2 diabetes is largely driven by dietary changes and sedentary lifestyles. Prebiotic dietary fibers may help mitigate this trend by modulating gut microbiota. This study aimed to evaluate the effects of short-chain fructo- oligosaccharides (scFOS) on glucose homeostasis, body composition and gut microbiota in overweight individuals with prediabe"
PMID:41479657,PubMed,41479657,"Targeting gut microbiota with short-chain fructo-oligosaccharides prebiotic fibers to support metabolic health in overweight prediabetic adults: a randomized, double-blinded, placebo-controlled study.",body_fat,"However, body composition outcomes favored scFOS: fat mass decreased (medians: -0.26% vs +0.20%, p = 0.0273), lean mass increased (+0.27% vs -0.30%; p = 0.0279).",p = 0.6835; p = 0.0273; p = 0.0279; p = 0.0718; p < 0.004; p = 0.0202; p < 0.05; p = 0.0310; p = 0.0062,,,,,,,n = 66; 30 participants,detail_hint,expansion_queue,pending,,fnut-12-1718169.pdf,1.000,14,prebiotic fibers to support metabolic health in overweight prediabetic adults; Prebiotic dietary fibers may help mitigate this trend by modulating gut microbiota. This; Bifidobacterium; prebiotic; prebiotic properties have been shown to beneficially modulate the gut microbiota and impr; prebiotic dietary fibers; inulin is primarily extracted from chicory roots and has a broader DP range; inulin and typically has a DP of 2 to 9. These structural differences influence their,12 weeks; 3 months,,n = 66; 30 participants,microbiota; glucose; BMI; HbA1c; fat mass; Body weight; body mass index; triglycerides; cholesterol,"Frontiers in Nutrition 01 frontiersin.org Targeting gut microbiota with short-chain fructo-oligosaccharides prebiotic fibers to support metabolic health in overweight prediabetic adults: a randomized, double-blinded, placebo-controlled study Cindy Le Bourgot 1*, Odile Capronnier 2, Sahara Graf 2 and Thomas Carton 2 1Department of Scientific and Regulatory Affairs, TEREOS, Moussy-le-Vieux, France, 2Department of Biometry, BIOFORTIS SAS, Saint-Herblain, France Background and objectives: The global rise in metabolic disorders such as obesity and type 2 diabetes is largely driven by dietary changes and sedentary lifestyles. Prebiotic dietary fibers may help mitigate this trend by modulating gut microbiota. This study aimed to evaluate the effects of short-chain fructo- oligosaccharides (scFOS) on glucose homeostasis, body composition and gut microbiota in overweight individuals with prediabe"
PMID:41479657,PubMed,41479657,"Targeting gut microbiota with short-chain fructo-oligosaccharides prebiotic fibers to support metabolic health in overweight prediabetic adults: a randomized, double-blinded, placebo-controlled study.",glucose,"No significant treatment effect was observed for glucose metabolism markers, including the primary outcome HbA1c (+0.055% with scFOS vs +0.030% with placebo, p = 0.6835).",p = 0.6835; p = 0.0273; p = 0.0279; p = 0.0718; p < 0.004; p = 0.0202; p < 0.05; p = 0.0310; p = 0.0062,,,,,,,n = 66; 30 participants,detail_hint,expansion_queue,pending,,fnut-12-1718169.pdf,1.000,14,prebiotic fibers to support metabolic health in overweight prediabetic adults; Prebiotic dietary fibers may help mitigate this trend by modulating gut microbiota. This; Bifidobacterium; prebiotic; prebiotic properties have been shown to beneficially modulate the gut microbiota and impr; prebiotic dietary fibers; inulin is primarily extracted from chicory roots and has a broader DP range; inulin and typically has a DP of 2 to 9. These structural differences influence their,12 weeks; 3 months,,n = 66; 30 participants,microbiota; glucose; BMI; HbA1c; fat mass; Body weight; body mass index; triglycerides; cholesterol,"Frontiers in Nutrition 01 frontiersin.org Targeting gut microbiota with short-chain fructo-oligosaccharides prebiotic fibers to support metabolic health in overweight prediabetic adults: a randomized, double-blinded, placebo-controlled study Cindy Le Bourgot 1*, Odile Capronnier 2, Sahara Graf 2 and Thomas Carton 2 1Department of Scientific and Regulatory Affairs, TEREOS, Moussy-le-Vieux, France, 2Department of Biometry, BIOFORTIS SAS, Saint-Herblain, France Background and objectives: The global rise in metabolic disorders such as obesity and type 2 diabetes is largely driven by dietary changes and sedentary lifestyles. Prebiotic dietary fibers may help mitigate this trend by modulating gut microbiota. This study aimed to evaluate the effects of short-chain fructo- oligosaccharides (scFOS) on glucose homeostasis, body composition and gut microbiota in overweight individuals with prediabe"
PMID:41479657,PubMed,41479657,"Targeting gut microbiota with short-chain fructo-oligosaccharides prebiotic fibers to support metabolic health in overweight prediabetic adults: a randomized, double-blinded, placebo-controlled study.",microbiome,Prebiotic dietary fibers may help mitigate this trend by modulating gut microbiota.,p = 0.6835; p = 0.0273; p = 0.0279; p = 0.0718; p < 0.004; p = 0.0202; p < 0.05; p = 0.0310; p = 0.0062,,,,,,,n = 66; 30 participants,detail_hint,expansion_queue,pending,,fnut-12-1718169.pdf,1.000,14,prebiotic fibers to support metabolic health in overweight prediabetic adults; Prebiotic dietary fibers may help mitigate this trend by modulating gut microbiota. This; Bifidobacterium; prebiotic; prebiotic properties have been shown to beneficially modulate the gut microbiota and impr; prebiotic dietary fibers; inulin is primarily extracted from chicory roots and has a broader DP range; inulin and typically has a DP of 2 to 9. These structural differences influence their,12 weeks; 3 months,,n = 66; 30 participants,microbiota; glucose; BMI; HbA1c; fat mass; Body weight; body mass index; triglycerides; cholesterol,"Frontiers in Nutrition 01 frontiersin.org Targeting gut microbiota with short-chain fructo-oligosaccharides prebiotic fibers to support metabolic health in overweight prediabetic adults: a randomized, double-blinded, placebo-controlled study Cindy Le Bourgot 1*, Odile Capronnier 2, Sahara Graf 2 and Thomas Carton 2 1Department of Scientific and Regulatory Affairs, TEREOS, Moussy-le-Vieux, France, 2Department of Biometry, BIOFORTIS SAS, Saint-Herblain, France Background and objectives: The global rise in metabolic disorders such as obesity and type 2 diabetes is largely driven by dietary changes and sedentary lifestyles. Prebiotic dietary fibers may help mitigate this trend by modulating gut microbiota. This study aimed to evaluate the effects of short-chain fructo- oligosaccharides (scFOS) on glucose homeostasis, body composition and gut microbiota in overweight individuals with prediabe"
PMID:41861447,PubMed,41861447,"Effects of hypocaloric wholegrain rye vs refined wheat diets on weight loss, cardiometabolic risk factors and gut microbiota: A 12-week randomized controlled trial.",weight,"Weight loss was 3.2 kg in the rye-group and 2.9 kg in the wheat-group, with no significant difference between groups (p = 0.32).",p = 0.32; p = 0.003; p = 0.03; p = 0.001; p = 0.02; p < 0.001,,,,,,,255 participants,detail_hint,expansion_queue,pending,,PIIS0261561426000452.pdf,1.000,18,,6 weeks; 2 weeks,,255 participants,fat mass; Body weight; HOMA-IR; insulin; LDL; HDL; BMI; body fat,"Randomized Contro l T rials Effects of h ypocaloric wholegr ain ry e v s r efined wheat diets on weig ht loss, car diometabolic risk fact ors and gut micr obio ta: A 1 2- wee k r andomized contr olled trial Sebastian Åberg a , b , * , 1 , Elise Nor din a , 1 , Kia Nøhr Iv ersen a , Pan pan Qin c , Per M. Hellstr € om d , Karsten Kristiansen c , Rikar d Landberg a , e a Department of Life Sciences, Division of Food and Nutrition Science, Chalmers Univ ersity of T echnology , SE-4 1 2 96 Gothenburg, Sweden b Institute of Neur oscience and Physiology , Department of Physiology , Sahlgrenska Academy , Univ ersity of Gothenburg, 40530 Gothenburg, Sweden c 4 Labor atory of Integr ative Biomedicine, Department of Biology , Univ ersity of Copenhagen, Copenhagen, Denmark d Department of Medical Sciences, Gastroenter ology and Hepatology , Uppsala Univ ersity , SE-75 1 85 Uppsala, Sweden e W allen"
PMID:41861447,PubMed,41861447,"Effects of hypocaloric wholegrain rye vs refined wheat diets on weight loss, cardiometabolic risk factors and gut microbiota: A 12-week randomized controlled trial.",body_fat,"Reductions in CRP by 17 % (p = 0.03) were observed in the rye-group, while both CRP (r = 0.17, p = 0.001) and HOMA-IR (r = 0.13, p = 0.02) at baseline were associated with fat mass change in the wheat-group.",p = 0.32; p = 0.003; p = 0.03; p = 0.001; p = 0.02; p < 0.001,,,,,,,255 participants,detail_hint,expansion_queue,pending,,PIIS0261561426000452.pdf,1.000,18,,6 weeks; 2 weeks,,255 participants,fat mass; Body weight; HOMA-IR; insulin; LDL; HDL; BMI; body fat,"Randomized Contro l T rials Effects of h ypocaloric wholegr ain ry e v s r efined wheat diets on weig ht loss, car diometabolic risk fact ors and gut micr obio ta: A 1 2- wee k r andomized contr olled trial Sebastian Åberg a , b , * , 1 , Elise Nor din a , 1 , Kia Nøhr Iv ersen a , Pan pan Qin c , Per M. Hellstr € om d , Karsten Kristiansen c , Rikar d Landberg a , e a Department of Life Sciences, Division of Food and Nutrition Science, Chalmers Univ ersity of T echnology , SE-4 1 2 96 Gothenburg, Sweden b Institute of Neur oscience and Physiology , Department of Physiology , Sahlgrenska Academy , Univ ersity of Gothenburg, 40530 Gothenburg, Sweden c 4 Labor atory of Integr ative Biomedicine, Department of Biology , Univ ersity of Copenhagen, Copenhagen, Denmark d Department of Medical Sciences, Gastroenter ology and Hepatology , Uppsala Univ ersity , SE-75 1 85 Uppsala, Sweden e W allen"
PMID:41861447,PubMed,41861447,"Effects of hypocaloric wholegrain rye vs refined wheat diets on weight loss, cardiometabolic risk factors and gut microbiota: A 12-week randomized controlled trial.",glucose,"Reductions in CRP by 17 % (p = 0.03) were observed in the rye-group, while both CRP (r = 0.17, p = 0.001) and HOMA-IR (r = 0.13, p = 0.02) at baseline were associated with fat mass change in the wheat-group.",p = 0.32; p = 0.003; p = 0.03; p = 0.001; p = 0.02; p < 0.001,,,,,,,255 participants,detail_hint,expansion_queue,pending,,PIIS0261561426000452.pdf,1.000,18,,6 weeks; 2 weeks,,255 participants,fat mass; Body weight; HOMA-IR; insulin; LDL; HDL; BMI; body fat,"Randomized Contro l T rials Effects of h ypocaloric wholegr ain ry e v s r efined wheat diets on weig ht loss, car diometabolic risk fact ors and gut micr obio ta: A 1 2- wee k r andomized contr olled trial Sebastian Åberg a , b , * , 1 , Elise Nor din a , 1 , Kia Nøhr Iv ersen a , Pan pan Qin c , Per M. Hellstr € om d , Karsten Kristiansen c , Rikar d Landberg a , e a Department of Life Sciences, Division of Food and Nutrition Science, Chalmers Univ ersity of T echnology , SE-4 1 2 96 Gothenburg, Sweden b Institute of Neur oscience and Physiology , Department of Physiology , Sahlgrenska Academy , Univ ersity of Gothenburg, 40530 Gothenburg, Sweden c 4 Labor atory of Integr ative Biomedicine, Department of Biology , Univ ersity of Copenhagen, Copenhagen, Denmark d Department of Medical Sciences, Gastroenter ology and Hepatology , Uppsala Univ ersity , SE-75 1 85 Uppsala, Sweden e W allen"
PMID:41861447,PubMed,41861447,"Effects of hypocaloric wholegrain rye vs refined wheat diets on weight loss, cardiometabolic risk factors and gut microbiota: A 12-week randomized controlled trial.",microbiome,"However, wholegrain rye reduced CRP and induced changes in gut microbiota and short-chain fatty acids which may have positive implications for cardiometabolic health.",p = 0.32; p = 0.003; p = 0.03; p = 0.001; p = 0.02; p < 0.001,,,,,,,255 participants,detail_hint,expansion_queue,pending,,PIIS0261561426000452.pdf,1.000,18,,6 weeks; 2 weeks,,255 participants,fat mass; Body weight; HOMA-IR; insulin; LDL; HDL; BMI; body fat,"Randomized Contro l T rials Effects of h ypocaloric wholegr ain ry e v s r efined wheat diets on weig ht loss, car diometabolic risk fact ors and gut micr obio ta: A 1 2- wee k r andomized contr olled trial Sebastian Åberg a , b , * , 1 , Elise Nor din a , 1 , Kia Nøhr Iv ersen a , Pan pan Qin c , Per M. Hellstr € om d , Karsten Kristiansen c , Rikar d Landberg a , e a Department of Life Sciences, Division of Food and Nutrition Science, Chalmers Univ ersity of T echnology , SE-4 1 2 96 Gothenburg, Sweden b Institute of Neur oscience and Physiology , Department of Physiology , Sahlgrenska Academy , Univ ersity of Gothenburg, 40530 Gothenburg, Sweden c 4 Labor atory of Integr ative Biomedicine, Department of Biology , Univ ersity of Copenhagen, Copenhagen, Denmark d Department of Medical Sciences, Gastroenter ology and Hepatology , Uppsala Univ ersity , SE-75 1 85 Uppsala, Sweden e W allen"
PMID:42044842,PubMed,42044842,"The effect of a two-week low glycaemic index, higher fibre diet versus high glycaemic index diet on body composition, ectopic lipids, inflammatory biomarkers, gastrointestinal hormones and gut microbiota in metabolic dysfunction-associated steatotic liver disease (MASLD): A pilot randomized cross-over study.",weight,"Additionally, the LGI diet resulted in significant reductions in body weight (-1.2 kg, p = 0.018) and body mass index (-0.38 kg/m2, p = 0.017), as well as increased pre-meal appetite scores during the middle of the diet period and decreased interleukin 6; IL-6 (-0.9 pg/mL) and glucagon (-13.7 pg/mL) levels (all p < 0.05).",p = 0.043; p = 0.018; p = 0.017; p < 0.05,,,,,,,7 participants,detail_hint,expansion_queue,pending,,PIIS240545772600402X.pdf,1.000,10,,,,7 participants; 269 participants,microbiota; glucose; HOMA-IR; body weight; body mass index; insulin; BMI,"Original article The effect of a two-w eek low glycaemic index, higher fibre diet versus high glycaemic index diet on body composition, ectopic lipids, inflammatory biomarkers, gastrointestinal hormones and gut microbiota in metabolic dysfunction-associated steatotic liver disease (MASLD): A pilot randomized cross-over study Amina A. Al-Aw adi a,b,c,d,1 , Jane I. Grove a,b , Stephen Bawden b,e,f,g , Amrita Vijay b,h , Ana M. Valdes b,h , Penny Gow land b,e , Moir a A. Taylor b,i,2 , Guruprasad P. Aithal a,b,*,2 a Nottingham Digestive Diseases Centre, Translational Medical Sciences, School of Medicine, University of Nottingham, Nottingham, UK b National Institute for Health Research (NIHR) Nottingham Biomedical Research Centre, Nottingham University Hospitals NHS Trust and the University of Nottingham, Nottingham, UK c Al-Sabah Hospital, Ministry of Health, Civil Service Commission, Kuwai"
PMID:42044842,PubMed,42044842,"The effect of a two-week low glycaemic index, higher fibre diet versus high glycaemic index diet on body composition, ectopic lipids, inflammatory biomarkers, gastrointestinal hormones and gut microbiota in metabolic dysfunction-associated steatotic liver disease (MASLD): A pilot randomized cross-over study.",BMI,"Additionally, the LGI diet resulted in significant reductions in body weight (-1.2 kg, p = 0.018) and body mass index (-0.38 kg/m2, p = 0.017), as well as increased pre-meal appetite scores during the middle of the diet period and decreased interleukin 6; IL-6 (-0.9 pg/mL) and glucagon (-13.7 pg/mL) levels (all p < 0.05).",p = 0.043; p = 0.018; p = 0.017; p < 0.05,,,,,,,7 participants,detail_hint,expansion_queue,pending,,PIIS240545772600402X.pdf,1.000,10,,,,7 participants; 269 participants,microbiota; glucose; HOMA-IR; body weight; body mass index; insulin; BMI,"Original article The effect of a two-w eek low glycaemic index, higher fibre diet versus high glycaemic index diet on body composition, ectopic lipids, inflammatory biomarkers, gastrointestinal hormones and gut microbiota in metabolic dysfunction-associated steatotic liver disease (MASLD): A pilot randomized cross-over study Amina A. Al-Aw adi a,b,c,d,1 , Jane I. Grove a,b , Stephen Bawden b,e,f,g , Amrita Vijay b,h , Ana M. Valdes b,h , Penny Gow land b,e , Moir a A. Taylor b,i,2 , Guruprasad P. Aithal a,b,*,2 a Nottingham Digestive Diseases Centre, Translational Medical Sciences, School of Medicine, University of Nottingham, Nottingham, UK b National Institute for Health Research (NIHR) Nottingham Biomedical Research Centre, Nottingham University Hospitals NHS Trust and the University of Nottingham, Nottingham, UK c Al-Sabah Hospital, Ministry of Health, Civil Service Commission, Kuwai"
PMID:42044842,PubMed,42044842,"The effect of a two-week low glycaemic index, higher fibre diet versus high glycaemic index diet on body composition, ectopic lipids, inflammatory biomarkers, gastrointestinal hormones and gut microbiota in metabolic dysfunction-associated steatotic liver disease (MASLD): A pilot randomized cross-over study.",glucose,"Low glycaemic index (LGI) diets, which tend to be naturally higher in dietary fibre, may reduce liver fat, blood glucose, and gut microbiota imbalance arresting MASLD progression.",p = 0.043; p = 0.018; p = 0.017; p < 0.05,,,,,,,7 participants,detail_hint,expansion_queue,pending,,PIIS240545772600402X.pdf,1.000,10,,,,7 participants; 269 participants,microbiota; glucose; HOMA-IR; body weight; body mass index; insulin; BMI,"Original article The effect of a two-w eek low glycaemic index, higher fibre diet versus high glycaemic index diet on body composition, ectopic lipids, inflammatory biomarkers, gastrointestinal hormones and gut microbiota in metabolic dysfunction-associated steatotic liver disease (MASLD): A pilot randomized cross-over study Amina A. Al-Aw adi a,b,c,d,1 , Jane I. Grove a,b , Stephen Bawden b,e,f,g , Amrita Vijay b,h , Ana M. Valdes b,h , Penny Gow land b,e , Moir a A. Taylor b,i,2 , Guruprasad P. Aithal a,b,*,2 a Nottingham Digestive Diseases Centre, Translational Medical Sciences, School of Medicine, University of Nottingham, Nottingham, UK b National Institute for Health Research (NIHR) Nottingham Biomedical Research Centre, Nottingham University Hospitals NHS Trust and the University of Nottingham, Nottingham, UK c Al-Sabah Hospital, Ministry of Health, Civil Service Commission, Kuwai"
PMID:42044842,PubMed,42044842,"The effect of a two-week low glycaemic index, higher fibre diet versus high glycaemic index diet on body composition, ectopic lipids, inflammatory biomarkers, gastrointestinal hormones and gut microbiota in metabolic dysfunction-associated steatotic liver disease (MASLD): A pilot randomized cross-over study.",microbiome,"Low glycaemic index (LGI) diets, which tend to be naturally higher in dietary fibre, may reduce liver fat, blood glucose, and gut microbiota imbalance arresting MASLD progression.",p = 0.043; p = 0.018; p = 0.017; p < 0.05,,,,,,,7 participants,detail_hint,expansion_queue,pending,,PIIS240545772600402X.pdf,1.000,10,,,,7 participants; 269 participants,microbiota; glucose; HOMA-IR; body weight; body mass index; insulin; BMI,"Original article The effect of a two-w eek low glycaemic index, higher fibre diet versus high glycaemic index diet on body composition, ectopic lipids, inflammatory biomarkers, gastrointestinal hormones and gut microbiota in metabolic dysfunction-associated steatotic liver disease (MASLD): A pilot randomized cross-over study Amina A. Al-Aw adi a,b,c,d,1 , Jane I. Grove a,b , Stephen Bawden b,e,f,g , Amrita Vijay b,h , Ana M. Valdes b,h , Penny Gow land b,e , Moir a A. Taylor b,i,2 , Guruprasad P. Aithal a,b,*,2 a Nottingham Digestive Diseases Centre, Translational Medical Sciences, School of Medicine, University of Nottingham, Nottingham, UK b National Institute for Health Research (NIHR) Nottingham Biomedical Research Centre, Nottingham University Hospitals NHS Trust and the University of Nottingham, Nottingham, UK c Al-Sabah Hospital, Ministry of Health, Civil Service Commission, Kuwai"
EUROPEPMC:40400804,PubMed,40400804,"Impact of a Probiotic-Fiber Blend on Body Weight, Metabolic Regulation, and Digestive Function in Obese Adults: A Randomized, Placebo-Controlled, Multicentric Trial.",weight,"Primary outcomes included body weight, BMI, waist/hip circumference, and body fat percentage.",p < 0.001,,,,,,,n = 53; n = 51,detail_hint,expansion_queue,pending,,,,,,,,,,
EUROPEPMC:40400804,PubMed,40400804,"Impact of a Probiotic-Fiber Blend on Body Weight, Metabolic Regulation, and Digestive Function in Obese Adults: A Randomized, Placebo-Controlled, Multicentric Trial.",BMI,"Primary outcomes included body weight, BMI, waist/hip circumference, and body fat percentage.",p < 0.001,,,,,,,n = 53; n = 51,detail_hint,expansion_queue,pending,,,,,,,,,,
EUROPEPMC:40400804,PubMed,40400804,"Impact of a Probiotic-Fiber Blend on Body Weight, Metabolic Regulation, and Digestive Function in Obese Adults: A Randomized, Placebo-Controlled, Multicentric Trial.",waist,"Primary outcomes included body weight, BMI, waist/hip circumference, and body fat percentage.",p < 0.001,,,,,,,n = 53; n = 51,detail_hint,expansion_queue,pending,,,,,,,,,,
EUROPEPMC:40400804,PubMed,40400804,"Impact of a Probiotic-Fiber Blend on Body Weight, Metabolic Regulation, and Digestive Function in Obese Adults: A Randomized, Placebo-Controlled, Multicentric Trial.",body_fat,"Primary outcomes included body weight, BMI, waist/hip circumference, and body fat percentage.",p < 0.001,,,,,,,n = 53; n = 51,detail_hint,expansion_queue,pending,,,,,,,,,,
EUROPEPMC:40400804,PubMed,40400804,"Impact of a Probiotic-Fiber Blend on Body Weight, Metabolic Regulation, and Digestive Function in Obese Adults: A Randomized, Placebo-Controlled, Multicentric Trial.",lipid,"Additionally, statistically significant reductions were observed in the MetS-Z score (54.02%), triglycerides (25.75%), and perceived stress (37.62%), along with a notable increase in HDL levels (16.55%).",p < 0.001,,,,,,,n = 53; n = 51,detail_hint,expansion_queue,pending,,,,,,,,,,
PMID:40451504,PubMed,40451504,"Comparing the effects of yogurt containing Akkermansia muciniphilia postbiotic with yogurt containing Lactobacillus rhamnosus postbiotic on body composition, biochemical indices, appetite, and depression scores in overweight or obese adults: A randomized, double-blind, controlled clinical trial.",weight,"The objective of this study was to compare the impact of daily consumption of Akkermansia muciniphila postbiotic-fortified yogurt (AMY) with Lactobacillus rhamnosus postbiotic-fortified yogurt (LRY) on the health parameters in overweight and obese patients.; In this 8-week randomized double-blinded clinical trial, 66 people with overweight and obesity were randomly allocated to three groups: 1) AMY group (n = 22), 2) LRY group (n = 22), and 3) low-fat yogurt (LFY) as placebo (n = 22).",P = 0.003; P = 0.004; P = 0.032; P = 0.045; P = 0.047,,,,,,,n = 22,detail_hint,expansion_queue,pending,,Comparing the effects of yogurt containing Akkermansia muciniphilia postbiotic with yogurt containing Lactobacillus rhamnosus po(科研通-ablesci.com).pdf,1.000,9,Akkermansia muciniphilia postbio tic with y ogurt containing Lact obacillus r hamnosus post; Akkermansia muciniphila Lactobacillus rhamnosus summary Objective; Akkermansia muciniphila postbiotic-fortified yog urt; Lactobacillus rhamnosus postbiotic-fortified y ogurt; Lactobacillus rhamnosus -fortified yogurt did not demonstrat e an y beneficial impact on the; Akkermansia muciniphila postbiotic may ha ve fav orable effects on w eight management and l; Akkermansia muciniphila and Lacticaseibacillus rhamnosus; Akkermansia muciniphila and Lacti - caseibacillus rhamnosus,3 months; 8 weeks,,n = 22; 7 participants; 66 participants,glucose; body fat; BMI,"Randomized Contro lled T rial Comparing the effects of y ogurt containing Akkermansia muciniphilia postbio tic with y ogurt containing Lact obacillus r hamnosus postbio tic on body composition, biochemical indices, appetit e, and depr ession scor es in o v erwe ight or obese adults: A r andomized, double-blind, control led clinical trial Erfaneh Aalipanah a , b , Moein Askarpour g , Mohammad Hadi Eskandari e , Mort eza Zar e c , Mandana F amouri f , Alir eza Bedelta v ana f , Mohammad Ali Mohsen pour a , b , Zahra Sohrab i c , d , * a Department of Clinical Nutrition, School of Nutrition and Food Sciences, Shir az Univ ersity of Medical Sciences, Shir az, Ir an b Student Resear ch Committee, Shir az Univ ersity of Medical Sciences, Shir az, Ir an c Nutrition Resear ch Center , School of Nutrition and Food Sciences, Shir az Univ ersity of Medical Sciences, Shir az, Ir an d Department of C"
PMID:40451504,PubMed,40451504,"Comparing the effects of yogurt containing Akkermansia muciniphilia postbiotic with yogurt containing Lactobacillus rhamnosus postbiotic on body composition, biochemical indices, appetite, and depression scores in overweight or obese adults: A randomized, double-blind, controlled clinical trial.",waist,"The registration number was IRCT20230522058257N1.; In the AMY group, significant reductions were observed in waist circumference (P = 0.003), waist-to-height ratio (P = 0.004), body fat percentage (P = 0.032), aspartate aminotransferase levels (P = 0.045), and appetite scores (P = 0.047) compared with the control group.",P = 0.003; P = 0.004; P = 0.032; P = 0.045; P = 0.047,,,,,,,n = 22,detail_hint,expansion_queue,pending,,Comparing the effects of yogurt containing Akkermansia muciniphilia postbiotic with yogurt containing Lactobacillus rhamnosus po(科研通-ablesci.com).pdf,1.000,9,Akkermansia muciniphilia postbio tic with y ogurt containing Lact obacillus r hamnosus post; Akkermansia muciniphila Lactobacillus rhamnosus summary Objective; Akkermansia muciniphila postbiotic-fortified yog urt; Lactobacillus rhamnosus postbiotic-fortified y ogurt; Lactobacillus rhamnosus -fortified yogurt did not demonstrat e an y beneficial impact on the; Akkermansia muciniphila postbiotic may ha ve fav orable effects on w eight management and l; Akkermansia muciniphila and Lacticaseibacillus rhamnosus; Akkermansia muciniphila and Lacti - caseibacillus rhamnosus,3 months; 8 weeks,,n = 22; 7 participants; 66 participants,glucose; body fat; BMI,"Randomized Contro lled T rial Comparing the effects of y ogurt containing Akkermansia muciniphilia postbio tic with y ogurt containing Lact obacillus r hamnosus postbio tic on body composition, biochemical indices, appetit e, and depr ession scor es in o v erwe ight or obese adults: A r andomized, double-blind, control led clinical trial Erfaneh Aalipanah a , b , Moein Askarpour g , Mohammad Hadi Eskandari e , Mort eza Zar e c , Mandana F amouri f , Alir eza Bedelta v ana f , Mohammad Ali Mohsen pour a , b , Zahra Sohrab i c , d , * a Department of Clinical Nutrition, School of Nutrition and Food Sciences, Shir az Univ ersity of Medical Sciences, Shir az, Ir an b Student Resear ch Committee, Shir az Univ ersity of Medical Sciences, Shir az, Ir an c Nutrition Resear ch Center , School of Nutrition and Food Sciences, Shir az Univ ersity of Medical Sciences, Shir az, Ir an d Department of C"
PMID:40451504,PubMed,40451504,"Comparing the effects of yogurt containing Akkermansia muciniphilia postbiotic with yogurt containing Lactobacillus rhamnosus postbiotic on body composition, biochemical indices, appetite, and depression scores in overweight or obese adults: A randomized, double-blind, controlled clinical trial.",body_fat,"The registration number was IRCT20230522058257N1.; In the AMY group, significant reductions were observed in waist circumference (P = 0.003), waist-to-height ratio (P = 0.004), body fat percentage (P = 0.032), aspartate aminotransferase levels (P = 0.045), and appetite scores (P = 0.047) compared with the control group.",P = 0.003; P = 0.004; P = 0.032; P = 0.045; P = 0.047,,,,,,,n = 22,detail_hint,expansion_queue,pending,,Comparing the effects of yogurt containing Akkermansia muciniphilia postbiotic with yogurt containing Lactobacillus rhamnosus po(科研通-ablesci.com).pdf,1.000,9,Akkermansia muciniphilia postbio tic with y ogurt containing Lact obacillus r hamnosus post; Akkermansia muciniphila Lactobacillus rhamnosus summary Objective; Akkermansia muciniphila postbiotic-fortified yog urt; Lactobacillus rhamnosus postbiotic-fortified y ogurt; Lactobacillus rhamnosus -fortified yogurt did not demonstrat e an y beneficial impact on the; Akkermansia muciniphila postbiotic may ha ve fav orable effects on w eight management and l; Akkermansia muciniphila and Lacticaseibacillus rhamnosus; Akkermansia muciniphila and Lacti - caseibacillus rhamnosus,3 months; 8 weeks,,n = 22; 7 participants; 66 participants,glucose; body fat; BMI,"Randomized Contro lled T rial Comparing the effects of y ogurt containing Akkermansia muciniphilia postbio tic with y ogurt containing Lact obacillus r hamnosus postbio tic on body composition, biochemical indices, appetit e, and depr ession scor es in o v erwe ight or obese adults: A r andomized, double-blind, control led clinical trial Erfaneh Aalipanah a , b , Moein Askarpour g , Mohammad Hadi Eskandari e , Mort eza Zar e c , Mandana F amouri f , Alir eza Bedelta v ana f , Mohammad Ali Mohsen pour a , b , Zahra Sohrab i c , d , * a Department of Clinical Nutrition, School of Nutrition and Food Sciences, Shir az Univ ersity of Medical Sciences, Shir az, Ir an b Student Resear ch Committee, Shir az Univ ersity of Medical Sciences, Shir az, Ir an c Nutrition Resear ch Center , School of Nutrition and Food Sciences, Shir az Univ ersity of Medical Sciences, Shir az, Ir an d Department of C"
PMID:39415279,PubMed,39415279,Effect of Sinetrol,weight,"There was a trend for decrease in visceral adipose tissue (VAT), BMI over time and body weight displayed a trend for dose dependent decrease.",,,,,,,,n = 20,detail_hint,expansion_queue,pending,,s12986-024-00851-7.pdf,1.000,9,Bifidobacterium have also shown to increase with polyphenol consumption,16 weeks,,n = 20,adiposity; microbiota; HDL; HbA1C; LDL; BMI; body weight; glucose; body fat; fat mass,"Muralidharan et al. Nutrition & Metabolism (2024) 21:83 https://doi.org/10.1186/s12986-024-00851-7 RESEARCH Effect of Sinetrol® Xpur on metabolic health and adiposity by interactions with gut microbiota: a randomized, open label, dose– response clinical trial Jananee Muralidharan1, Cindy Romain1, Linda Chung2, Pedro Alcaraz2, Francisco Javier Martínez‑Noguera2, Mayoura Keophiphath3, Benjamin Lelouvier4, Patricia Ancel5, Benedicte Gaborit5 and Julien Cases1* Abstract Background Sinetrol ® Xpur is a polyphenolic ingredient rich in citrus flavonoids that has shown weight loss effects in previous studies. The dose dependent nature, gut microbial actions of this product has not been explored previ‑ ously, thus presented in this study. Methods In this open label study, we evaluated the effect of Sinetrol® Xpur supplementation on healthy but over‑ weight/obese adults (20–50 yrs) for 16 weeks. P"
PMID:39415279,PubMed,39415279,Effect of Sinetrol,BMI,"There was a trend for decrease in visceral adipose tissue (VAT), BMI over time and body weight displayed a trend for dose dependent decrease.",,,,,,,,n = 20,detail_hint,expansion_queue,pending,,s12986-024-00851-7.pdf,1.000,9,Bifidobacterium have also shown to increase with polyphenol consumption,16 weeks,,n = 20,adiposity; microbiota; HDL; HbA1C; LDL; BMI; body weight; glucose; body fat; fat mass,"Muralidharan et al. Nutrition & Metabolism (2024) 21:83 https://doi.org/10.1186/s12986-024-00851-7 RESEARCH Effect of Sinetrol® Xpur on metabolic health and adiposity by interactions with gut microbiota: a randomized, open label, dose– response clinical trial Jananee Muralidharan1, Cindy Romain1, Linda Chung2, Pedro Alcaraz2, Francisco Javier Martínez‑Noguera2, Mayoura Keophiphath3, Benjamin Lelouvier4, Patricia Ancel5, Benedicte Gaborit5 and Julien Cases1* Abstract Background Sinetrol ® Xpur is a polyphenolic ingredient rich in citrus flavonoids that has shown weight loss effects in previous studies. The dose dependent nature, gut microbial actions of this product has not been explored previ‑ ously, thus presented in this study. Methods In this open label study, we evaluated the effect of Sinetrol® Xpur supplementation on healthy but over‑ weight/obese adults (20–50 yrs) for 16 weeks. P"
PMID:39415279,PubMed,39415279,Effect of Sinetrol,body_fat,"There was a trend for decrease in visceral adipose tissue (VAT), BMI over time and body weight displayed a trend for dose dependent decrease.",,,,,,,,n = 20,detail_hint,expansion_queue,pending,,s12986-024-00851-7.pdf,1.000,9,Bifidobacterium have also shown to increase with polyphenol consumption,16 weeks,,n = 20,adiposity; microbiota; HDL; HbA1C; LDL; BMI; body weight; glucose; body fat; fat mass,"Muralidharan et al. Nutrition & Metabolism (2024) 21:83 https://doi.org/10.1186/s12986-024-00851-7 RESEARCH Effect of Sinetrol® Xpur on metabolic health and adiposity by interactions with gut microbiota: a randomized, open label, dose– response clinical trial Jananee Muralidharan1, Cindy Romain1, Linda Chung2, Pedro Alcaraz2, Francisco Javier Martínez‑Noguera2, Mayoura Keophiphath3, Benjamin Lelouvier4, Patricia Ancel5, Benedicte Gaborit5 and Julien Cases1* Abstract Background Sinetrol ® Xpur is a polyphenolic ingredient rich in citrus flavonoids that has shown weight loss effects in previous studies. The dose dependent nature, gut microbial actions of this product has not been explored previ‑ ously, thus presented in this study. Methods In this open label study, we evaluated the effect of Sinetrol® Xpur supplementation on healthy but over‑ weight/obese adults (20–50 yrs) for 16 weeks. P"
PMID:39415279,PubMed,39415279,Effect of Sinetrol,glucose,"Fat composition, gut microbial composition, were evaluated using MRI and 16S rDNA sequencing respectively at week 1 and 16.; We observed HDL, HbA1C, LDL and leptin improved significantly over 16 weeks, irrespective of the dosage.",,,,,,,,n = 20,detail_hint,expansion_queue,pending,,s12986-024-00851-7.pdf,1.000,9,Bifidobacterium have also shown to increase with polyphenol consumption,16 weeks,,n = 20,adiposity; microbiota; HDL; HbA1C; LDL; BMI; body weight; glucose; body fat; fat mass,"Muralidharan et al. Nutrition & Metabolism (2024) 21:83 https://doi.org/10.1186/s12986-024-00851-7 RESEARCH Effect of Sinetrol® Xpur on metabolic health and adiposity by interactions with gut microbiota: a randomized, open label, dose– response clinical trial Jananee Muralidharan1, Cindy Romain1, Linda Chung2, Pedro Alcaraz2, Francisco Javier Martínez‑Noguera2, Mayoura Keophiphath3, Benjamin Lelouvier4, Patricia Ancel5, Benedicte Gaborit5 and Julien Cases1* Abstract Background Sinetrol ® Xpur is a polyphenolic ingredient rich in citrus flavonoids that has shown weight loss effects in previous studies. The dose dependent nature, gut microbial actions of this product has not been explored previ‑ ously, thus presented in this study. Methods In this open label study, we evaluated the effect of Sinetrol® Xpur supplementation on healthy but over‑ weight/obese adults (20–50 yrs) for 16 weeks. P"
PMID:39415279,PubMed,39415279,Effect of Sinetrol,microbiome,"Both doses increased butyrate producers such as Eubacterium ruminantium and Ruminococcaceae NK4A214 genus.; Overall chronic supplementation of Sinetrol® Xpur, irrespective of their dose improved HDL, HbA1c, LDL and leptin and tended to decrease visceral adipose tissue via changes in gut microbiota.",,,,,,,,n = 20,detail_hint,expansion_queue,pending,,s12986-024-00851-7.pdf,1.000,9,Bifidobacterium have also shown to increase with polyphenol consumption,16 weeks,,n = 20,adiposity; microbiota; HDL; HbA1C; LDL; BMI; body weight; glucose; body fat; fat mass,"Muralidharan et al. Nutrition & Metabolism (2024) 21:83 https://doi.org/10.1186/s12986-024-00851-7 RESEARCH Effect of Sinetrol® Xpur on metabolic health and adiposity by interactions with gut microbiota: a randomized, open label, dose– response clinical trial Jananee Muralidharan1, Cindy Romain1, Linda Chung2, Pedro Alcaraz2, Francisco Javier Martínez‑Noguera2, Mayoura Keophiphath3, Benjamin Lelouvier4, Patricia Ancel5, Benedicte Gaborit5 and Julien Cases1* Abstract Background Sinetrol ® Xpur is a polyphenolic ingredient rich in citrus flavonoids that has shown weight loss effects in previous studies. The dose dependent nature, gut microbial actions of this product has not been explored previ‑ ously, thus presented in this study. Methods In this open label study, we evaluated the effect of Sinetrol® Xpur supplementation on healthy but over‑ weight/obese adults (20–50 yrs) for 16 weeks. P"
PMID:35487505,PubMed,35487505,"Effect of Lactobacillus plantarum LMT1-48 on Body Fat in Overweight Subjects: A Randomized, Double-Blind, Placebo-Controlled Trial.",weight,"Changes in body fat, VFA, anthropometric parameters, and biomarkers were compared between the two treatment groups (ClinicalTrials.gov number: NCT03759743).; After 12 weeks of treatment, the body weight decreased significantly from 76.6±9.4 to 75.7±9.2 kg in the LMT1-48 group but did not change in the placebo group (P=0.022 between groups).",P=0.022; P=0.041; P<0.05,,,,,,,,detail_hint,expansion_queue,pending,,,,,,,,,,
PMID:35487505,PubMed,35487505,"Effect of Lactobacillus plantarum LMT1-48 on Body Fat in Overweight Subjects: A Randomized, Double-Blind, Placebo-Controlled Trial.",BMI,Decrease in body weight and body mass index by treatment with LMT1-48 was correlated with increase in Lactobacillus levels significantly.,P=0.022; P=0.041; P<0.05,,,,,,,,detail_hint,expansion_queue,pending,,,,,,,,,,
PMID:35487505,PubMed,35487505,"Effect of Lactobacillus plantarum LMT1-48 on Body Fat in Overweight Subjects: A Randomized, Double-Blind, Placebo-Controlled Trial.",body_fat,"Changes in body fat, VFA, anthropometric parameters, and biomarkers were compared between the two treatment groups (ClinicalTrials.gov number: NCT03759743).; After 12 weeks of treatment, the body weight decreased significantly from 76.6±9.4 to 75.7±9.2 kg in the LMT1-48 group but did not change in the placebo group (P=0.022 between groups).",P=0.022; P=0.041; P<0.05,,,,,,,,detail_hint,expansion_queue,pending,,,,,,,,,,
PMID:35487505,PubMed,35487505,"Effect of Lactobacillus plantarum LMT1-48 on Body Fat in Overweight Subjects: A Randomized, Double-Blind, Placebo-Controlled Trial.",glucose,"Serum insulin levels, the corresponding homeostasis model assessment of insulin resistance, and leptin levels decreased in the LMT1-48 group but increased in the placebo group (all P<0.05).",P=0.022; P=0.041; P<0.05,,,,,,,,detail_hint,expansion_queue,pending,,,,,,,,,,
PMID:35487505,PubMed,35487505,"Effect of Lactobacillus plantarum LMT1-48 on Body Fat in Overweight Subjects: A Randomized, Double-Blind, Placebo-Controlled Trial.",lipid,"LMT1-48 also increased Oscillibacter levels significantly, which were negatively correlated with triglyceride and alanine transaminase levels.; Administration of LMT1-48 decreased body weight, abdominal VFA, insulin resistance, and leptin levels in these subjects with overweight, suggesting its anti-obesogenic therapeutic potential.",P=0.022; P=0.041; P<0.05,,,,,,,,detail_hint,expansion_queue,pending,,,,,,,,,,
PMID:37084470,PubMed,37084470,Randomized controlled trials reporting the effects of probiotics in individuals with overweight and obesity: A critical review of the interventions and body adiposity parameters.,weight,As main results we observed that ∼30% of the RCTs reported a significant decrease in body weight and body mass index (BMI) and ∼50% found a significant reduction in waist circumference and total fat mass.,,,,,,,,,detail_hint,expansion_queue,pending,,Randomized controlled trials reporting the effects of probiotics in individuals with overweight and obesity_ A critical review o(科研通-ablesci.com) (1).pdf,1.000,13,Lactobacillus in over- weight adults; probiotic supplementation; probiotic supple- mentation; probiotic supplementation for the treatment of obesity. 1.1. Gut microbiota The gut micro; probiotic; Lactobacillus and Biﬁdobacterium genera; Saccharomyces boulardii; Lactobacillus,12 weeks,"/C21 10 10 CFU/day, in capsules,; 1 /C2 109 CFU (colony-forming u",5 women; 7 men; 366 participants,adiposity; Body weight; microbiota; body mass index; BMI; waist circumference; fat mass; body fat,"Narrative Review Randomized controlled trials reporting the effects of probiotics in individuals with overweight and obesity: A critical review of the interventions and body adiposity parameters Marcella Rodrigues Guedes a, Karine Scanci da Silva Pontes a, Maria In ^es Barreto Silva b, c, Mario Fritsch Neves d,M /C19arcia Regina Simas Torres Klein b, * a Post-Graduation Program in Clinical and Experimental Pathophysiology, State University of Rio de Janeiro (UERJ), Rio de Janeiro, Brazil b Department of Applied Nutrition, Nutrition Institute, State University of Rio de Janeiro (UERJ), Rio de Janeiro, Brazil c Human Nutrition Research Unit, Department of Agricultural, Food and Nutritional Science, Division of Human Nutrition, University of Alberta, Albe rta, Canada d Department of Clinical Medicine, State University of Rio de Janeiro (UERJ), Rio de Janeiro, Brazil article info Article his"
PMID:37084470,PubMed,37084470,Randomized controlled trials reporting the effects of probiotics in individuals with overweight and obesity: A critical review of the interventions and body adiposity parameters.,BMI,As main results we observed that ∼30% of the RCTs reported a significant decrease in body weight and body mass index (BMI) and ∼50% found a significant reduction in waist circumference and total fat mass.,,,,,,,,,detail_hint,expansion_queue,pending,,Randomized controlled trials reporting the effects of probiotics in individuals with overweight and obesity_ A critical review o(科研通-ablesci.com) (1).pdf,1.000,13,Lactobacillus in over- weight adults; probiotic supplementation; probiotic supple- mentation; probiotic supplementation for the treatment of obesity. 1.1. Gut microbiota The gut micro; probiotic; Lactobacillus and Biﬁdobacterium genera; Saccharomyces boulardii; Lactobacillus,12 weeks,"/C21 10 10 CFU/day, in capsules,; 1 /C2 109 CFU (colony-forming u",5 women; 7 men; 366 participants,adiposity; Body weight; microbiota; body mass index; BMI; waist circumference; fat mass; body fat,"Narrative Review Randomized controlled trials reporting the effects of probiotics in individuals with overweight and obesity: A critical review of the interventions and body adiposity parameters Marcella Rodrigues Guedes a, Karine Scanci da Silva Pontes a, Maria In ^es Barreto Silva b, c, Mario Fritsch Neves d,M /C19arcia Regina Simas Torres Klein b, * a Post-Graduation Program in Clinical and Experimental Pathophysiology, State University of Rio de Janeiro (UERJ), Rio de Janeiro, Brazil b Department of Applied Nutrition, Nutrition Institute, State University of Rio de Janeiro (UERJ), Rio de Janeiro, Brazil c Human Nutrition Research Unit, Department of Agricultural, Food and Nutritional Science, Division of Human Nutrition, University of Alberta, Albe rta, Canada d Department of Clinical Medicine, State University of Rio de Janeiro (UERJ), Rio de Janeiro, Brazil article info Article his"
PMID:37084470,PubMed,37084470,Randomized controlled trials reporting the effects of probiotics in individuals with overweight and obesity: A critical review of the interventions and body adiposity parameters.,waist,As main results we observed that ∼30% of the RCTs reported a significant decrease in body weight and body mass index (BMI) and ∼50% found a significant reduction in waist circumference and total fat mass.,,,,,,,,,detail_hint,expansion_queue,pending,,Randomized controlled trials reporting the effects of probiotics in individuals with overweight and obesity_ A critical review o(科研通-ablesci.com) (1).pdf,1.000,13,Lactobacillus in over- weight adults; probiotic supplementation; probiotic supple- mentation; probiotic supplementation for the treatment of obesity. 1.1. Gut microbiota The gut micro; probiotic; Lactobacillus and Biﬁdobacterium genera; Saccharomyces boulardii; Lactobacillus,12 weeks,"/C21 10 10 CFU/day, in capsules,; 1 /C2 109 CFU (colony-forming u",5 women; 7 men; 366 participants,adiposity; Body weight; microbiota; body mass index; BMI; waist circumference; fat mass; body fat,"Narrative Review Randomized controlled trials reporting the effects of probiotics in individuals with overweight and obesity: A critical review of the interventions and body adiposity parameters Marcella Rodrigues Guedes a, Karine Scanci da Silva Pontes a, Maria In ^es Barreto Silva b, c, Mario Fritsch Neves d,M /C19arcia Regina Simas Torres Klein b, * a Post-Graduation Program in Clinical and Experimental Pathophysiology, State University of Rio de Janeiro (UERJ), Rio de Janeiro, Brazil b Department of Applied Nutrition, Nutrition Institute, State University of Rio de Janeiro (UERJ), Rio de Janeiro, Brazil c Human Nutrition Research Unit, Department of Agricultural, Food and Nutritional Science, Division of Human Nutrition, University of Alberta, Albe rta, Canada d Department of Clinical Medicine, State University of Rio de Janeiro (UERJ), Rio de Janeiro, Brazil article info Article his"
PMID:37084470,PubMed,37084470,Randomized controlled trials reporting the effects of probiotics in individuals with overweight and obesity: A critical review of the interventions and body adiposity parameters.,body_fat,As main results we observed that ∼30% of the RCTs reported a significant decrease in body weight and body mass index (BMI) and ∼50% found a significant reduction in waist circumference and total fat mass.,,,,,,,,,detail_hint,expansion_queue,pending,,Randomized controlled trials reporting the effects of probiotics in individuals with overweight and obesity_ A critical review o(科研通-ablesci.com) (1).pdf,1.000,13,Lactobacillus in over- weight adults; probiotic supplementation; probiotic supple- mentation; probiotic supplementation for the treatment of obesity. 1.1. Gut microbiota The gut micro; probiotic; Lactobacillus and Biﬁdobacterium genera; Saccharomyces boulardii; Lactobacillus,12 weeks,"/C21 10 10 CFU/day, in capsules,; 1 /C2 109 CFU (colony-forming u",5 women; 7 men; 366 participants,adiposity; Body weight; microbiota; body mass index; BMI; waist circumference; fat mass; body fat,"Narrative Review Randomized controlled trials reporting the effects of probiotics in individuals with overweight and obesity: A critical review of the interventions and body adiposity parameters Marcella Rodrigues Guedes a, Karine Scanci da Silva Pontes a, Maria In ^es Barreto Silva b, c, Mario Fritsch Neves d,M /C19arcia Regina Simas Torres Klein b, * a Post-Graduation Program in Clinical and Experimental Pathophysiology, State University of Rio de Janeiro (UERJ), Rio de Janeiro, Brazil b Department of Applied Nutrition, Nutrition Institute, State University of Rio de Janeiro (UERJ), Rio de Janeiro, Brazil c Human Nutrition Research Unit, Department of Agricultural, Food and Nutritional Science, Division of Human Nutrition, University of Alberta, Albe rta, Canada d Department of Clinical Medicine, State University of Rio de Janeiro (UERJ), Rio de Janeiro, Brazil article info Article his"
PMID:34444671,PubMed,34444671,Effects of 60-Day,weight,"Intervention group showed a statistically significant (p < 0.05) decrease of body weight, BMI, fat mass, insulin, HOMA Index and uric acid.",p < 0.05,,,,,,,,detail_hint,expansion_queue,pending,,nutrients-13-02512-v2.pdf,1.000,15,Saccharomyces boulardii and Superoxide Dismutase Supplementation on Body Composition; Saccharomyces boulardii and Superoxide Dismutase; Saccharomyces boulardii; probiotic; prebiotic treatment in the last 4 weeks. All participants agreed to avoid participating i; Saccharomyces cerevisiae variant boulardii,4 weeks; 1 month; 60 days; 3 months,(5.0× 109 CFU) and 500 IU SOD t,4 women,adiposity; glucose; insulin; HOMA-IR; BMI; body weight; fat mass; microbiota; cholesterol; triglycerides,"nutrients Article Effects of 60-Day Saccharomyces boulardii and Superoxide Dismutase Supplementation on Body Composition, Hunger Sensation, Pro/Antioxidant Ratio, Inﬂammation and Hormonal Lipo-Metabolic Biomarkers in Obese Adults: A Double-Blind, Placebo-Controlled Trial Mariangela Rondanelli 1,2 , Niccolò Miraglia 3,4 , Pietro Putignano 5, Ignazio Castagliuolo 6, Paola Brun 6 , Stefano Dall’Acqua 7 , Gabriella Peroni 8,* , Milena Anna Faliva 8, Maurizio Naso 8, Mara Nichetti 8, Vittoria Infantino 2 and Simone Perna 9 /gid00030/gid00035/gid00032/gid00030/gid00038/gid00001/gid00033/gid00042/gid00045/gid00001 /gid00048/gid00043/gid00031/gid00028/gid00047/gid00032/gid00046 Citation: Rondanelli, M.; Miraglia, N.; Putignano, P .; Castagliuolo, I.; Brun, P .; Dall’Acqua, S.; Peroni, G.; Faliva, M.A.; Naso, M.; Nichetti, M.; et al. Effects of 60-Day Saccharomyces boulardii and Superoxide Dismut"
PMID:34444671,PubMed,34444671,Effects of 60-Day,BMI,"Intervention group showed a statistically significant (p < 0.05) decrease of body weight, BMI, fat mass, insulin, HOMA Index and uric acid.",p < 0.05,,,,,,,,detail_hint,expansion_queue,pending,,nutrients-13-02512-v2.pdf,1.000,15,Saccharomyces boulardii and Superoxide Dismutase Supplementation on Body Composition; Saccharomyces boulardii and Superoxide Dismutase; Saccharomyces boulardii; probiotic; prebiotic treatment in the last 4 weeks. All participants agreed to avoid participating i; Saccharomyces cerevisiae variant boulardii,4 weeks; 1 month; 60 days; 3 months,(5.0× 109 CFU) and 500 IU SOD t,4 women,adiposity; glucose; insulin; HOMA-IR; BMI; body weight; fat mass; microbiota; cholesterol; triglycerides,"nutrients Article Effects of 60-Day Saccharomyces boulardii and Superoxide Dismutase Supplementation on Body Composition, Hunger Sensation, Pro/Antioxidant Ratio, Inﬂammation and Hormonal Lipo-Metabolic Biomarkers in Obese Adults: A Double-Blind, Placebo-Controlled Trial Mariangela Rondanelli 1,2 , Niccolò Miraglia 3,4 , Pietro Putignano 5, Ignazio Castagliuolo 6, Paola Brun 6 , Stefano Dall’Acqua 7 , Gabriella Peroni 8,* , Milena Anna Faliva 8, Maurizio Naso 8, Mara Nichetti 8, Vittoria Infantino 2 and Simone Perna 9 /gid00030/gid00035/gid00032/gid00030/gid00038/gid00001/gid00033/gid00042/gid00045/gid00001 /gid00048/gid00043/gid00031/gid00028/gid00047/gid00032/gid00046 Citation: Rondanelli, M.; Miraglia, N.; Putignano, P .; Castagliuolo, I.; Brun, P .; Dall’Acqua, S.; Peroni, G.; Faliva, M.A.; Naso, M.; Nichetti, M.; et al. Effects of 60-Day Saccharomyces boulardii and Superoxide Dismut"
PMID:34444671,PubMed,34444671,Effects of 60-Day,body_fat,"Intervention group showed a statistically significant (p < 0.05) decrease of body weight, BMI, fat mass, insulin, HOMA Index and uric acid.",p < 0.05,,,,,,,,detail_hint,expansion_queue,pending,,nutrients-13-02512-v2.pdf,1.000,15,Saccharomyces boulardii and Superoxide Dismutase Supplementation on Body Composition; Saccharomyces boulardii and Superoxide Dismutase; Saccharomyces boulardii; probiotic; prebiotic treatment in the last 4 weeks. All participants agreed to avoid participating i; Saccharomyces cerevisiae variant boulardii,4 weeks; 1 month; 60 days; 3 months,(5.0× 109 CFU) and 500 IU SOD t,4 women,adiposity; glucose; insulin; HOMA-IR; BMI; body weight; fat mass; microbiota; cholesterol; triglycerides,"nutrients Article Effects of 60-Day Saccharomyces boulardii and Superoxide Dismutase Supplementation on Body Composition, Hunger Sensation, Pro/Antioxidant Ratio, Inﬂammation and Hormonal Lipo-Metabolic Biomarkers in Obese Adults: A Double-Blind, Placebo-Controlled Trial Mariangela Rondanelli 1,2 , Niccolò Miraglia 3,4 , Pietro Putignano 5, Ignazio Castagliuolo 6, Paola Brun 6 , Stefano Dall’Acqua 7 , Gabriella Peroni 8,* , Milena Anna Faliva 8, Maurizio Naso 8, Mara Nichetti 8, Vittoria Infantino 2 and Simone Perna 9 /gid00030/gid00035/gid00032/gid00030/gid00038/gid00001/gid00033/gid00042/gid00045/gid00001 /gid00048/gid00043/gid00031/gid00028/gid00047/gid00032/gid00046 Citation: Rondanelli, M.; Miraglia, N.; Putignano, P .; Castagliuolo, I.; Brun, P .; Dall’Acqua, S.; Peroni, G.; Faliva, M.A.; Naso, M.; Nichetti, M.; et al. Effects of 60-Day Saccharomyces boulardii and Superoxide Dismut"
PMID:34444671,PubMed,34444671,Effects of 60-Day,glucose,"Intervention group showed a statistically significant (p < 0.05) decrease of body weight, BMI, fat mass, insulin, HOMA Index and uric acid.",p < 0.05,,,,,,,,detail_hint,expansion_queue,pending,,nutrients-13-02512-v2.pdf,1.000,15,Saccharomyces boulardii and Superoxide Dismutase Supplementation on Body Composition; Saccharomyces boulardii and Superoxide Dismutase; Saccharomyces boulardii; probiotic; prebiotic treatment in the last 4 weeks. All participants agreed to avoid participating i; Saccharomyces cerevisiae variant boulardii,4 weeks; 1 month; 60 days; 3 months,(5.0× 109 CFU) and 500 IU SOD t,4 women,adiposity; glucose; insulin; HOMA-IR; BMI; body weight; fat mass; microbiota; cholesterol; triglycerides,"nutrients Article Effects of 60-Day Saccharomyces boulardii and Superoxide Dismutase Supplementation on Body Composition, Hunger Sensation, Pro/Antioxidant Ratio, Inﬂammation and Hormonal Lipo-Metabolic Biomarkers in Obese Adults: A Double-Blind, Placebo-Controlled Trial Mariangela Rondanelli 1,2 , Niccolò Miraglia 3,4 , Pietro Putignano 5, Ignazio Castagliuolo 6, Paola Brun 6 , Stefano Dall’Acqua 7 , Gabriella Peroni 8,* , Milena Anna Faliva 8, Maurizio Naso 8, Mara Nichetti 8, Vittoria Infantino 2 and Simone Perna 9 /gid00030/gid00035/gid00032/gid00030/gid00038/gid00001/gid00033/gid00042/gid00045/gid00001 /gid00048/gid00043/gid00031/gid00028/gid00047/gid00032/gid00046 Citation: Rondanelli, M.; Miraglia, N.; Putignano, P .; Castagliuolo, I.; Brun, P .; Dall’Acqua, S.; Peroni, G.; Faliva, M.A.; Naso, M.; Nichetti, M.; et al. Effects of 60-Day Saccharomyces boulardii and Superoxide Dismut"
PMID:32234652,PubMed,32234652,Gut microbiota composition after diet and probiotics in overweight breast cancer survivors: a randomized open-label pilot intervention trial.,weight,"Significant reductions of body weight, body mass index, fasting glucose, and homeostasis model assessment of insulin resistance were identified at T4 in both groups; in the intervention group waist circumference (P = 0.012), waist-to-hip ratio (P = 0.045), and fasting insulin (P = 0.017) also significantly decreased.; Probiotics in addition to an MD positively influence gut microbiota and improve metabolic and anthropometric parameters compared with an MD alone.",P = 0.01; P = 0.004; P = 0.012; P = 0.045; P = 0.017,,,,,,,n = 16; n = 18,detail_hint,expansion_queue,pending,,Gut microbiota composition after diet and probiotics in overweight breast cancer survivors_ a randomized open-label pilot interv(科研通-ablesci.com).pdf,1.000,9,Lactobacillus rhamnosus HN001; probiotic administration the number of bacterial species; Lactobacillus rhamnosus has been reported to improve insulin sensitivity and expression of ge; probiotic strains Biﬁdobacterium longum and Lactobacillus rhamno- sus has been found to b; probiotic strains; probiotic product,8 wk,units (CFU) of B. longum BB5; units (CFU) of L. rhamnosus,n = 16; n = 18,microbiota; body weight; body mass index; glucose; insulin; waist circumference; BMI; HbA1c; triglycerides; HDL; cholesterol; LDL,"Applied nutritional investigation Gut microbiota composition after diet and probiotics in overweight breast cancer survivors: a randomized open-label pilot intervention trial Marianna Pellegrini M.D. a, Mirko Ippolito M.D. a, Taira Monge R.D. a, Rossella Violi R.D. a, Paola Cappello M.D. b, Ilario Ferrocino Ph.D. c, Luca Simone Cocolin Ph.D. c, Antonella De Francesco M.D. a, Simona Bo Ph.D. d, Concetta Finocchiaro Ph.D. a,* a Department of Clinical Nutrition, Citt /C18a della Salute e della Scienza, Turin, Italy b CeRMS Labortory of Tumor Immunology, University of Turin, Italy c Department of Agricultural, Forest and Food Sciences, University of Turin, Italy d Department of Medical Science, University of Turin, Italy ARTICLE INFO Article History: Received 12 June 2019 Received in revised form 15 November 2019 Accepted 19 January 2020 ABSTRACT Objectives: Breast cancer (BC) is the most di"
PMID:32234652,PubMed,32234652,Gut microbiota composition after diet and probiotics in overweight breast cancer survivors: a randomized open-label pilot intervention trial.,BMI,"Significant reductions of body weight, body mass index, fasting glucose, and homeostasis model assessment of insulin resistance were identified at T4 in both groups; in the intervention group waist circumference (P = 0.012), waist-to-hip ratio (P = 0.045), and fasting insulin (P = 0.017) also significantly decreased.; Probiotics in addition to an MD positively influence gut microbiota and improve metabolic and anthropometric parameters compared with an MD alone.",P = 0.01; P = 0.004; P = 0.012; P = 0.045; P = 0.017,,,,,,,n = 16; n = 18,detail_hint,expansion_queue,pending,,Gut microbiota composition after diet and probiotics in overweight breast cancer survivors_ a randomized open-label pilot interv(科研通-ablesci.com).pdf,1.000,9,Lactobacillus rhamnosus HN001; probiotic administration the number of bacterial species; Lactobacillus rhamnosus has been reported to improve insulin sensitivity and expression of ge; probiotic strains Biﬁdobacterium longum and Lactobacillus rhamno- sus has been found to b; probiotic strains; probiotic product,8 wk,units (CFU) of B. longum BB5; units (CFU) of L. rhamnosus,n = 16; n = 18,microbiota; body weight; body mass index; glucose; insulin; waist circumference; BMI; HbA1c; triglycerides; HDL; cholesterol; LDL,"Applied nutritional investigation Gut microbiota composition after diet and probiotics in overweight breast cancer survivors: a randomized open-label pilot intervention trial Marianna Pellegrini M.D. a, Mirko Ippolito M.D. a, Taira Monge R.D. a, Rossella Violi R.D. a, Paola Cappello M.D. b, Ilario Ferrocino Ph.D. c, Luca Simone Cocolin Ph.D. c, Antonella De Francesco M.D. a, Simona Bo Ph.D. d, Concetta Finocchiaro Ph.D. a,* a Department of Clinical Nutrition, Citt /C18a della Salute e della Scienza, Turin, Italy b CeRMS Labortory of Tumor Immunology, University of Turin, Italy c Department of Agricultural, Forest and Food Sciences, University of Turin, Italy d Department of Medical Science, University of Turin, Italy ARTICLE INFO Article History: Received 12 June 2019 Received in revised form 15 November 2019 Accepted 19 January 2020 ABSTRACT Objectives: Breast cancer (BC) is the most di"
PMID:32234652,PubMed,32234652,Gut microbiota composition after diet and probiotics in overweight breast cancer survivors: a randomized open-label pilot intervention trial.,waist,"Significant reductions of body weight, body mass index, fasting glucose, and homeostasis model assessment of insulin resistance were identified at T4 in both groups; in the intervention group waist circumference (P = 0.012), waist-to-hip ratio (P = 0.045), and fasting insulin (P = 0.017) also significantly decreased.; Probiotics in addition to an MD positively influence gut microbiota and improve metabolic and anthropometric parameters compared with an MD alone.",P = 0.01; P = 0.004; P = 0.012; P = 0.045; P = 0.017,,,,,,,n = 16; n = 18,detail_hint,expansion_queue,pending,,Gut microbiota composition after diet and probiotics in overweight breast cancer survivors_ a randomized open-label pilot interv(科研通-ablesci.com).pdf,1.000,9,Lactobacillus rhamnosus HN001; probiotic administration the number of bacterial species; Lactobacillus rhamnosus has been reported to improve insulin sensitivity and expression of ge; probiotic strains Biﬁdobacterium longum and Lactobacillus rhamno- sus has been found to b; probiotic strains; probiotic product,8 wk,units (CFU) of B. longum BB5; units (CFU) of L. rhamnosus,n = 16; n = 18,microbiota; body weight; body mass index; glucose; insulin; waist circumference; BMI; HbA1c; triglycerides; HDL; cholesterol; LDL,"Applied nutritional investigation Gut microbiota composition after diet and probiotics in overweight breast cancer survivors: a randomized open-label pilot intervention trial Marianna Pellegrini M.D. a, Mirko Ippolito M.D. a, Taira Monge R.D. a, Rossella Violi R.D. a, Paola Cappello M.D. b, Ilario Ferrocino Ph.D. c, Luca Simone Cocolin Ph.D. c, Antonella De Francesco M.D. a, Simona Bo Ph.D. d, Concetta Finocchiaro Ph.D. a,* a Department of Clinical Nutrition, Citt /C18a della Salute e della Scienza, Turin, Italy b CeRMS Labortory of Tumor Immunology, University of Turin, Italy c Department of Agricultural, Forest and Food Sciences, University of Turin, Italy d Department of Medical Science, University of Turin, Italy ARTICLE INFO Article History: Received 12 June 2019 Received in revised form 15 November 2019 Accepted 19 January 2020 ABSTRACT Objectives: Breast cancer (BC) is the most di"
PMID:32234652,PubMed,32234652,Gut microbiota composition after diet and probiotics in overweight breast cancer survivors: a randomized open-label pilot intervention trial.,glucose,"Significant reductions of body weight, body mass index, fasting glucose, and homeostasis model assessment of insulin resistance were identified at T4 in both groups; in the intervention group waist circumference (P = 0.012), waist-to-hip ratio (P = 0.045), and fasting insulin (P = 0.017) also significantly decreased.; Probiotics in addition to an MD positively influence gut microbiota and improve metabolic and anthropometric parameters compared with an MD alone.",P = 0.01; P = 0.004; P = 0.012; P = 0.045; P = 0.017,,,,,,,n = 16; n = 18,detail_hint,expansion_queue,pending,,Gut microbiota composition after diet and probiotics in overweight breast cancer survivors_ a randomized open-label pilot interv(科研通-ablesci.com).pdf,1.000,9,Lactobacillus rhamnosus HN001; probiotic administration the number of bacterial species; Lactobacillus rhamnosus has been reported to improve insulin sensitivity and expression of ge; probiotic strains Biﬁdobacterium longum and Lactobacillus rhamno- sus has been found to b; probiotic strains; probiotic product,8 wk,units (CFU) of B. longum BB5; units (CFU) of L. rhamnosus,n = 16; n = 18,microbiota; body weight; body mass index; glucose; insulin; waist circumference; BMI; HbA1c; triglycerides; HDL; cholesterol; LDL,"Applied nutritional investigation Gut microbiota composition after diet and probiotics in overweight breast cancer survivors: a randomized open-label pilot intervention trial Marianna Pellegrini M.D. a, Mirko Ippolito M.D. a, Taira Monge R.D. a, Rossella Violi R.D. a, Paola Cappello M.D. b, Ilario Ferrocino Ph.D. c, Luca Simone Cocolin Ph.D. c, Antonella De Francesco M.D. a, Simona Bo Ph.D. d, Concetta Finocchiaro Ph.D. a,* a Department of Clinical Nutrition, Citt /C18a della Salute e della Scienza, Turin, Italy b CeRMS Labortory of Tumor Immunology, University of Turin, Italy c Department of Agricultural, Forest and Food Sciences, University of Turin, Italy d Department of Medical Science, University of Turin, Italy ARTICLE INFO Article History: Received 12 June 2019 Received in revised form 15 November 2019 Accepted 19 January 2020 ABSTRACT Objectives: Breast cancer (BC) is the most di"
PMID:32234652,PubMed,32234652,Gut microbiota composition after diet and probiotics in overweight breast cancer survivors: a randomized open-label pilot intervention trial.,microbiome,Intestinal microbiota analysis was performed at T0 and T2.; After 2 mo of probiotic administration the number of bacterial species (P = 0.01) and the bacterial diversity assessed with the Chao1 index (P = 0.004) significantly increased; no significant variations were detected after diet alone.,P = 0.01; P = 0.004; P = 0.012; P = 0.045; P = 0.017,,,,,,,n = 16; n = 18,detail_hint,expansion_queue,pending,,Gut microbiota composition after diet and probiotics in overweight breast cancer survivors_ a randomized open-label pilot interv(科研通-ablesci.com).pdf,1.000,9,Lactobacillus rhamnosus HN001; probiotic administration the number of bacterial species; Lactobacillus rhamnosus has been reported to improve insulin sensitivity and expression of ge; probiotic strains Biﬁdobacterium longum and Lactobacillus rhamno- sus has been found to b; probiotic strains; probiotic product,8 wk,units (CFU) of B. longum BB5; units (CFU) of L. rhamnosus,n = 16; n = 18,microbiota; body weight; body mass index; glucose; insulin; waist circumference; BMI; HbA1c; triglycerides; HDL; cholesterol; LDL,"Applied nutritional investigation Gut microbiota composition after diet and probiotics in overweight breast cancer survivors: a randomized open-label pilot intervention trial Marianna Pellegrini M.D. a, Mirko Ippolito M.D. a, Taira Monge R.D. a, Rossella Violi R.D. a, Paola Cappello M.D. b, Ilario Ferrocino Ph.D. c, Luca Simone Cocolin Ph.D. c, Antonella De Francesco M.D. a, Simona Bo Ph.D. d, Concetta Finocchiaro Ph.D. a,* a Department of Clinical Nutrition, Citt /C18a della Salute e della Scienza, Turin, Italy b CeRMS Labortory of Tumor Immunology, University of Turin, Italy c Department of Agricultural, Forest and Food Sciences, University of Turin, Italy d Department of Medical Science, University of Turin, Italy ARTICLE INFO Article History: Received 12 June 2019 Received in revised form 15 November 2019 Accepted 19 January 2020 ABSTRACT Objectives: Breast cancer (BC) is the most di"
PMID:30262813,PubMed,30262813,Effects of daily consumption of the probiotic Bifidobacterium animalis subsp. lactis CECT 8145 on anthropometric adiposity biomarkers in abdominally obese subjects: a randomized controlled trial.,weight,"after Ba8145 treatment, particularly in the live form, which was inversely related to weight (P = 0.003).; In abdominally obese individuals, consumption of Ba8145, both as viable and mainly as heat-killed cells, improves anthropometric adiposity biomarkers, particularly in women.",P < 0.05; P = 0.003,,,,,,,n = 135,detail_hint,expansion_queue,pending,,s41366-018-0220-0.pdf,1.000,6,probiotic Biﬁdobacterium animalis subsp. lactis CECT 8145 on anthropometric adiposity bio; probiotic Biﬁdobacterium animalis subsp. lactis CECT 8145; Akkermansia spp. after Ba8145 treatment; Akkermansia genus appears as a possible mechanism involved. Our results support Ba8145 prob; Akkermansia ssp. increased 0.008; Akkermansia percentage content after Ba8145 treatments was 1.8; Lactobacillus gasseri SBT2055; probiotic consumption in a recent meta-analysis,3 months; 12 weeks; 3 weeks; 12 months,"unit (CFU) of Ba8145, 10 10; CFU of h-k Ba8145, or; unit (CFU)/capsule containi; of 10 10 CFU before the heat t",n = 135; 187 subjects; 43 men; 83 women; n = 40; n = 42; n = 44,adiposity; waist circumference; body mass index; visceral fat; body fat; insulin; BMI; glucose; HOMA-IR; microbiota,"International Journal of Obesity (2019) 43:1863 –1868 https://doi.org/10.1038/s41366-018-0220-0 BRIEF COMMUNICATION Clinical Research Effects of daily consumption of the probiotic Biﬁdobacterium animalis subsp. lactis CECT 8145 on anthropometric adiposity biomarkers in abdominally obese subjects: a randomized controlled trial Anna Pedret 1,2 ● Rosa M. Valls 2,1 ● Lorena Calderón-Pérez 2,1 ● Elisabet Llauradó 2,1 ● Judit Companys 1,2 ● Laura Pla-Pagà 1,2 ● Ana Moragas 4,5,6 ● Francisco Martín-Luján 4,5,7 ● Yolanda Ortega 4,5,8 ● Montse Giralt 2,1 ● Antoni Caimari 1 ● Empar Chenoll 9 ● Salvador Genovés 9 ● Patricia Martorell 9 ● Francisco M. Codoñer 10 ● Daniel Ramón 9,1 ● Lluís Arola 1,11 ● Rosa Solà 1,2,3 Received: 21 May 2018 / Revised: 25 July 2018 / Accepted: 29 August 2018 / Published online: 27 September 2018 © The Author(s) 2018. This article is published with open access Abstract "
PMID:30262813,PubMed,30262813,Effects of daily consumption of the probiotic Bifidobacterium animalis subsp. lactis CECT 8145 on anthropometric adiposity biomarkers in abdominally obese subjects: a randomized controlled trial.,BMI,Ba8145 decreased the body mass index compared with baseline and placebo group (P < 0.05).,P < 0.05; P = 0.003,,,,,,,n = 135,detail_hint,expansion_queue,pending,,s41366-018-0220-0.pdf,1.000,6,probiotic Biﬁdobacterium animalis subsp. lactis CECT 8145 on anthropometric adiposity bio; probiotic Biﬁdobacterium animalis subsp. lactis CECT 8145; Akkermansia spp. after Ba8145 treatment; Akkermansia genus appears as a possible mechanism involved. Our results support Ba8145 prob; Akkermansia ssp. increased 0.008; Akkermansia percentage content after Ba8145 treatments was 1.8; Lactobacillus gasseri SBT2055; probiotic consumption in a recent meta-analysis,3 months; 12 weeks; 3 weeks; 12 months,"unit (CFU) of Ba8145, 10 10; CFU of h-k Ba8145, or; unit (CFU)/capsule containi; of 10 10 CFU before the heat t",n = 135; 187 subjects; 43 men; 83 women; n = 40; n = 42; n = 44,adiposity; waist circumference; body mass index; visceral fat; body fat; insulin; BMI; glucose; HOMA-IR; microbiota,"International Journal of Obesity (2019) 43:1863 –1868 https://doi.org/10.1038/s41366-018-0220-0 BRIEF COMMUNICATION Clinical Research Effects of daily consumption of the probiotic Biﬁdobacterium animalis subsp. lactis CECT 8145 on anthropometric adiposity biomarkers in abdominally obese subjects: a randomized controlled trial Anna Pedret 1,2 ● Rosa M. Valls 2,1 ● Lorena Calderón-Pérez 2,1 ● Elisabet Llauradó 2,1 ● Judit Companys 1,2 ● Laura Pla-Pagà 1,2 ● Ana Moragas 4,5,6 ● Francisco Martín-Luján 4,5,7 ● Yolanda Ortega 4,5,8 ● Montse Giralt 2,1 ● Antoni Caimari 1 ● Empar Chenoll 9 ● Salvador Genovés 9 ● Patricia Martorell 9 ● Francisco M. Codoñer 10 ● Daniel Ramón 9,1 ● Lluís Arola 1,11 ● Rosa Solà 1,2,3 Received: 21 May 2018 / Revised: 25 July 2018 / Accepted: 29 August 2018 / Published online: 27 September 2018 © The Author(s) 2018. This article is published with open access Abstract "
PMID:30262813,PubMed,30262813,Effects of daily consumption of the probiotic Bifidobacterium animalis subsp. lactis CECT 8145 on anthropometric adiposity biomarkers in abdominally obese subjects: a randomized controlled trial.,waist,"Participants (n = 135) consumed 1 capsule/day containing 1010 colony forming unit (CFU) of Ba8145, 1010 CFU of h-k Ba8145, or placebo (maltodextrin) for 3 months.; Ba8145 ingestion decreased waist circumference, waist circumference/height ratio, and Conicity index (P < 0.05) versus its baseline.",P < 0.05; P = 0.003,,,,,,,n = 135,detail_hint,expansion_queue,pending,,s41366-018-0220-0.pdf,1.000,6,probiotic Biﬁdobacterium animalis subsp. lactis CECT 8145 on anthropometric adiposity bio; probiotic Biﬁdobacterium animalis subsp. lactis CECT 8145; Akkermansia spp. after Ba8145 treatment; Akkermansia genus appears as a possible mechanism involved. Our results support Ba8145 prob; Akkermansia ssp. increased 0.008; Akkermansia percentage content after Ba8145 treatments was 1.8; Lactobacillus gasseri SBT2055; probiotic consumption in a recent meta-analysis,3 months; 12 weeks; 3 weeks; 12 months,"unit (CFU) of Ba8145, 10 10; CFU of h-k Ba8145, or; unit (CFU)/capsule containi; of 10 10 CFU before the heat t",n = 135; 187 subjects; 43 men; 83 women; n = 40; n = 42; n = 44,adiposity; waist circumference; body mass index; visceral fat; body fat; insulin; BMI; glucose; HOMA-IR; microbiota,"International Journal of Obesity (2019) 43:1863 –1868 https://doi.org/10.1038/s41366-018-0220-0 BRIEF COMMUNICATION Clinical Research Effects of daily consumption of the probiotic Biﬁdobacterium animalis subsp. lactis CECT 8145 on anthropometric adiposity biomarkers in abdominally obese subjects: a randomized controlled trial Anna Pedret 1,2 ● Rosa M. Valls 2,1 ● Lorena Calderón-Pérez 2,1 ● Elisabet Llauradó 2,1 ● Judit Companys 1,2 ● Laura Pla-Pagà 1,2 ● Ana Moragas 4,5,6 ● Francisco Martín-Luján 4,5,7 ● Yolanda Ortega 4,5,8 ● Montse Giralt 2,1 ● Antoni Caimari 1 ● Empar Chenoll 9 ● Salvador Genovés 9 ● Patricia Martorell 9 ● Francisco M. Codoñer 10 ● Daniel Ramón 9,1 ● Lluís Arola 1,11 ● Rosa Solà 1,2,3 Received: 21 May 2018 / Revised: 25 July 2018 / Accepted: 29 August 2018 / Published online: 27 September 2018 © The Author(s) 2018. This article is published with open access Abstract "
PMID:30262813,PubMed,30262813,Effects of daily consumption of the probiotic Bifidobacterium animalis subsp. lactis CECT 8145 on anthropometric adiposity biomarkers in abdominally obese subjects: a randomized controlled trial.,body_fat,The decrease in visceral fat area after Ba8145 treatments reached significance (P < 0.05) only after h-k Ba8145.,P < 0.05; P = 0.003,,,,,,,n = 135,detail_hint,expansion_queue,pending,,s41366-018-0220-0.pdf,1.000,6,probiotic Biﬁdobacterium animalis subsp. lactis CECT 8145 on anthropometric adiposity bio; probiotic Biﬁdobacterium animalis subsp. lactis CECT 8145; Akkermansia spp. after Ba8145 treatment; Akkermansia genus appears as a possible mechanism involved. Our results support Ba8145 prob; Akkermansia ssp. increased 0.008; Akkermansia percentage content after Ba8145 treatments was 1.8; Lactobacillus gasseri SBT2055; probiotic consumption in a recent meta-analysis,3 months; 12 weeks; 3 weeks; 12 months,"unit (CFU) of Ba8145, 10 10; CFU of h-k Ba8145, or; unit (CFU)/capsule containi; of 10 10 CFU before the heat t",n = 135; 187 subjects; 43 men; 83 women; n = 40; n = 42; n = 44,adiposity; waist circumference; body mass index; visceral fat; body fat; insulin; BMI; glucose; HOMA-IR; microbiota,"International Journal of Obesity (2019) 43:1863 –1868 https://doi.org/10.1038/s41366-018-0220-0 BRIEF COMMUNICATION Clinical Research Effects of daily consumption of the probiotic Biﬁdobacterium animalis subsp. lactis CECT 8145 on anthropometric adiposity biomarkers in abdominally obese subjects: a randomized controlled trial Anna Pedret 1,2 ● Rosa M. Valls 2,1 ● Lorena Calderón-Pérez 2,1 ● Elisabet Llauradó 2,1 ● Judit Companys 1,2 ● Laura Pla-Pagà 1,2 ● Ana Moragas 4,5,6 ● Francisco Martín-Luján 4,5,7 ● Yolanda Ortega 4,5,8 ● Montse Giralt 2,1 ● Antoni Caimari 1 ● Empar Chenoll 9 ● Salvador Genovés 9 ● Patricia Martorell 9 ● Francisco M. Codoñer 10 ● Daniel Ramón 9,1 ● Lluís Arola 1,11 ● Rosa Solà 1,2,3 Received: 21 May 2018 / Revised: 25 July 2018 / Accepted: 29 August 2018 / Published online: 27 September 2018 © The Author(s) 2018. This article is published with open access Abstract "
PMID:30262813,PubMed,30262813,Effects of daily consumption of the probiotic Bifidobacterium animalis subsp. lactis CECT 8145 on anthropometric adiposity biomarkers in abdominally obese subjects: a randomized controlled trial.,glucose,Diastolic blood pressure and HOMA index decreased (P < 0.05) after h-k Ba8145.,P < 0.05; P = 0.003,,,,,,,n = 135,detail_hint,expansion_queue,pending,,s41366-018-0220-0.pdf,1.000,6,probiotic Biﬁdobacterium animalis subsp. lactis CECT 8145 on anthropometric adiposity bio; probiotic Biﬁdobacterium animalis subsp. lactis CECT 8145; Akkermansia spp. after Ba8145 treatment; Akkermansia genus appears as a possible mechanism involved. Our results support Ba8145 prob; Akkermansia ssp. increased 0.008; Akkermansia percentage content after Ba8145 treatments was 1.8; Lactobacillus gasseri SBT2055; probiotic consumption in a recent meta-analysis,3 months; 12 weeks; 3 weeks; 12 months,"unit (CFU) of Ba8145, 10 10; CFU of h-k Ba8145, or; unit (CFU)/capsule containi; of 10 10 CFU before the heat t",n = 135; 187 subjects; 43 men; 83 women; n = 40; n = 42; n = 44,adiposity; waist circumference; body mass index; visceral fat; body fat; insulin; BMI; glucose; HOMA-IR; microbiota,"International Journal of Obesity (2019) 43:1863 –1868 https://doi.org/10.1038/s41366-018-0220-0 BRIEF COMMUNICATION Clinical Research Effects of daily consumption of the probiotic Biﬁdobacterium animalis subsp. lactis CECT 8145 on anthropometric adiposity biomarkers in abdominally obese subjects: a randomized controlled trial Anna Pedret 1,2 ● Rosa M. Valls 2,1 ● Lorena Calderón-Pérez 2,1 ● Elisabet Llauradó 2,1 ● Judit Companys 1,2 ● Laura Pla-Pagà 1,2 ● Ana Moragas 4,5,6 ● Francisco Martín-Luján 4,5,7 ● Yolanda Ortega 4,5,8 ● Montse Giralt 2,1 ● Antoni Caimari 1 ● Empar Chenoll 9 ● Salvador Genovés 9 ● Patricia Martorell 9 ● Francisco M. Codoñer 10 ● Daniel Ramón 9,1 ● Lluís Arola 1,11 ● Rosa Solà 1,2,3 Received: 21 May 2018 / Revised: 25 July 2018 / Accepted: 29 August 2018 / Published online: 27 September 2018 © The Author(s) 2018. This article is published with open access Abstract "
PMID:30262813,PubMed,30262813,Effects of daily consumption of the probiotic Bifidobacterium animalis subsp. lactis CECT 8145 on anthropometric adiposity biomarkers in abdominally obese subjects: a randomized controlled trial.,microbiome,Gut microbiome analyses showed an increase in Akkermansia spp.,P < 0.05; P = 0.003,,,,,,,n = 135,detail_hint,expansion_queue,pending,,s41366-018-0220-0.pdf,1.000,6,probiotic Biﬁdobacterium animalis subsp. lactis CECT 8145 on anthropometric adiposity bio; probiotic Biﬁdobacterium animalis subsp. lactis CECT 8145; Akkermansia spp. after Ba8145 treatment; Akkermansia genus appears as a possible mechanism involved. Our results support Ba8145 prob; Akkermansia ssp. increased 0.008; Akkermansia percentage content after Ba8145 treatments was 1.8; Lactobacillus gasseri SBT2055; probiotic consumption in a recent meta-analysis,3 months; 12 weeks; 3 weeks; 12 months,"unit (CFU) of Ba8145, 10 10; CFU of h-k Ba8145, or; unit (CFU)/capsule containi; of 10 10 CFU before the heat t",n = 135; 187 subjects; 43 men; 83 women; n = 40; n = 42; n = 44,adiposity; waist circumference; body mass index; visceral fat; body fat; insulin; BMI; glucose; HOMA-IR; microbiota,"International Journal of Obesity (2019) 43:1863 –1868 https://doi.org/10.1038/s41366-018-0220-0 BRIEF COMMUNICATION Clinical Research Effects of daily consumption of the probiotic Biﬁdobacterium animalis subsp. lactis CECT 8145 on anthropometric adiposity biomarkers in abdominally obese subjects: a randomized controlled trial Anna Pedret 1,2 ● Rosa M. Valls 2,1 ● Lorena Calderón-Pérez 2,1 ● Elisabet Llauradó 2,1 ● Judit Companys 1,2 ● Laura Pla-Pagà 1,2 ● Ana Moragas 4,5,6 ● Francisco Martín-Luján 4,5,7 ● Yolanda Ortega 4,5,8 ● Montse Giralt 2,1 ● Antoni Caimari 1 ● Empar Chenoll 9 ● Salvador Genovés 9 ● Patricia Martorell 9 ● Francisco M. Codoñer 10 ● Daniel Ramón 9,1 ● Lluís Arola 1,11 ● Rosa Solà 1,2,3 Received: 21 May 2018 / Revised: 25 July 2018 / Accepted: 29 August 2018 / Published online: 27 September 2018 © The Author(s) 2018. This article is published with open access Abstract "
PMID:31965834,PubMed,31965834,"Effect of multi-strain probiotic (UB0316) in weight management in overweight/obese adults: a 12-week double blind, randomised, placebo-controlled study.",weight,"Primary (BMI), and secondary (waist-to-hip ratio: WHR; body weight, body fat; sugar and lipid profile) endpoint measures were evaluated at scheduled visits.",P=0.0001; P<0.0001; P=0.007,,,,,,,71 subjects,detail_hint,expansion_queue,pending,,"Effect of multi-strain probiotic (UB0316) in weight management in overweight_obese adults_ a 12-week double blind, randomised, p(科研通-ablesci.com).pdf",0.911,12,probiotic; UB0316; probiotic capsule; Lactobacillus salivarius UBLS-22; Lactobacillus casei UBLC-42; Lactobacillus plantarum; Lactobacillus acidophilus UBLA-34; Bifidobacterium breve UBBr-01,12 weeks; 5 day; 28 days,"IS2 5×109 cfu each and fructo-o; IS2 (5×109 cfu each) were combin; IS2, 5×109 cfu each and prebioti",71 subjects,Body mass index; BMI; microbiota; body weight; body fat; cholesterol; glucose; HbA1c; triglycerides; LDL; waist circumference; visceral fat,"Beneficial Microbes, 2019; 10(8): 855-866 Wageningen Academic Publishers ISSN 1876-2883 print, ISSN 1876-2891 online, DOI 10.3920/BM2019.0052 855 1. Introduction Obesity and overweight are defined as abnormal or excessive fat accumulation that may impair health. Body mass index (BMI) is a simple index of weight-for-height that is commonly used to classify overweight and obesity in adults. It is defined as a person’s weight in kilograms divided by the square of height in meters (kg/m 2). According to WHO, overweight in adults is a BMI between 25.0-29.9 and obesity is a BMI greater than or equal to 30.0 kg/m2 (WHO, 2018). The prevalence of overweight and obesity has been rapidly increasing throughout the world. In 2016, more than 1.9 billion adults (39% of men and 40% of women) aged 18 years and older were overweight (WHO, 2018). It has been reported that men in developed countries have hi"
PMID:31965834,PubMed,31965834,"Effect of multi-strain probiotic (UB0316) in weight management in overweight/obese adults: a 12-week double blind, randomised, placebo-controlled study.",BMI,"Primary (BMI), and secondary (waist-to-hip ratio: WHR; body weight, body fat; sugar and lipid profile) endpoint measures were evaluated at scheduled visits.",P=0.0001; P<0.0001; P=0.007,,,,,,,71 subjects,detail_hint,expansion_queue,pending,,"Effect of multi-strain probiotic (UB0316) in weight management in overweight_obese adults_ a 12-week double blind, randomised, p(科研通-ablesci.com).pdf",0.911,12,probiotic; UB0316; probiotic capsule; Lactobacillus salivarius UBLS-22; Lactobacillus casei UBLC-42; Lactobacillus plantarum; Lactobacillus acidophilus UBLA-34; Bifidobacterium breve UBBr-01,12 weeks; 5 day; 28 days,"IS2 5×109 cfu each and fructo-o; IS2 (5×109 cfu each) were combin; IS2, 5×109 cfu each and prebioti",71 subjects,Body mass index; BMI; microbiota; body weight; body fat; cholesterol; glucose; HbA1c; triglycerides; LDL; waist circumference; visceral fat,"Beneficial Microbes, 2019; 10(8): 855-866 Wageningen Academic Publishers ISSN 1876-2883 print, ISSN 1876-2891 online, DOI 10.3920/BM2019.0052 855 1. Introduction Obesity and overweight are defined as abnormal or excessive fat accumulation that may impair health. Body mass index (BMI) is a simple index of weight-for-height that is commonly used to classify overweight and obesity in adults. It is defined as a person’s weight in kilograms divided by the square of height in meters (kg/m 2). According to WHO, overweight in adults is a BMI between 25.0-29.9 and obesity is a BMI greater than or equal to 30.0 kg/m2 (WHO, 2018). The prevalence of overweight and obesity has been rapidly increasing throughout the world. In 2016, more than 1.9 billion adults (39% of men and 40% of women) aged 18 years and older were overweight (WHO, 2018). It has been reported that men in developed countries have hi"
PMID:31965834,PubMed,31965834,"Effect of multi-strain probiotic (UB0316) in weight management in overweight/obese adults: a 12-week double blind, randomised, placebo-controlled study.",waist,"Primary (BMI), and secondary (waist-to-hip ratio: WHR; body weight, body fat; sugar and lipid profile) endpoint measures were evaluated at scheduled visits.",P=0.0001; P<0.0001; P=0.007,,,,,,,71 subjects,detail_hint,expansion_queue,pending,,"Effect of multi-strain probiotic (UB0316) in weight management in overweight_obese adults_ a 12-week double blind, randomised, p(科研通-ablesci.com).pdf",0.911,12,probiotic; UB0316; probiotic capsule; Lactobacillus salivarius UBLS-22; Lactobacillus casei UBLC-42; Lactobacillus plantarum; Lactobacillus acidophilus UBLA-34; Bifidobacterium breve UBBr-01,12 weeks; 5 day; 28 days,"IS2 5×109 cfu each and fructo-o; IS2 (5×109 cfu each) were combin; IS2, 5×109 cfu each and prebioti",71 subjects,Body mass index; BMI; microbiota; body weight; body fat; cholesterol; glucose; HbA1c; triglycerides; LDL; waist circumference; visceral fat,"Beneficial Microbes, 2019; 10(8): 855-866 Wageningen Academic Publishers ISSN 1876-2883 print, ISSN 1876-2891 online, DOI 10.3920/BM2019.0052 855 1. Introduction Obesity and overweight are defined as abnormal or excessive fat accumulation that may impair health. Body mass index (BMI) is a simple index of weight-for-height that is commonly used to classify overweight and obesity in adults. It is defined as a person’s weight in kilograms divided by the square of height in meters (kg/m 2). According to WHO, overweight in adults is a BMI between 25.0-29.9 and obesity is a BMI greater than or equal to 30.0 kg/m2 (WHO, 2018). The prevalence of overweight and obesity has been rapidly increasing throughout the world. In 2016, more than 1.9 billion adults (39% of men and 40% of women) aged 18 years and older were overweight (WHO, 2018). It has been reported that men in developed countries have hi"
PMID:31965834,PubMed,31965834,"Effect of multi-strain probiotic (UB0316) in weight management in overweight/obese adults: a 12-week double blind, randomised, placebo-controlled study.",body_fat,"Primary (BMI), and secondary (waist-to-hip ratio: WHR; body weight, body fat; sugar and lipid profile) endpoint measures were evaluated at scheduled visits.",P=0.0001; P<0.0001; P=0.007,,,,,,,71 subjects,detail_hint,expansion_queue,pending,,"Effect of multi-strain probiotic (UB0316) in weight management in overweight_obese adults_ a 12-week double blind, randomised, p(科研通-ablesci.com).pdf",0.911,12,probiotic; UB0316; probiotic capsule; Lactobacillus salivarius UBLS-22; Lactobacillus casei UBLC-42; Lactobacillus plantarum; Lactobacillus acidophilus UBLA-34; Bifidobacterium breve UBBr-01,12 weeks; 5 day; 28 days,"IS2 5×109 cfu each and fructo-o; IS2 (5×109 cfu each) were combin; IS2, 5×109 cfu each and prebioti",71 subjects,Body mass index; BMI; microbiota; body weight; body fat; cholesterol; glucose; HbA1c; triglycerides; LDL; waist circumference; visceral fat,"Beneficial Microbes, 2019; 10(8): 855-866 Wageningen Academic Publishers ISSN 1876-2883 print, ISSN 1876-2891 online, DOI 10.3920/BM2019.0052 855 1. Introduction Obesity and overweight are defined as abnormal or excessive fat accumulation that may impair health. Body mass index (BMI) is a simple index of weight-for-height that is commonly used to classify overweight and obesity in adults. It is defined as a person’s weight in kilograms divided by the square of height in meters (kg/m 2). According to WHO, overweight in adults is a BMI between 25.0-29.9 and obesity is a BMI greater than or equal to 30.0 kg/m2 (WHO, 2018). The prevalence of overweight and obesity has been rapidly increasing throughout the world. In 2016, more than 1.9 billion adults (39% of men and 40% of women) aged 18 years and older were overweight (WHO, 2018). It has been reported that men in developed countries have hi"
PMID:31965834,PubMed,31965834,"Effect of multi-strain probiotic (UB0316) in weight management in overweight/obese adults: a 12-week double blind, randomised, placebo-controlled study.",lipid,"Primary (BMI), and secondary (waist-to-hip ratio: WHR; body weight, body fat; sugar and lipid profile) endpoint measures were evaluated at scheduled visits.",P=0.0001; P<0.0001; P=0.007,,,,,,,71 subjects,detail_hint,expansion_queue,pending,,"Effect of multi-strain probiotic (UB0316) in weight management in overweight_obese adults_ a 12-week double blind, randomised, p(科研通-ablesci.com).pdf",0.911,12,probiotic; UB0316; probiotic capsule; Lactobacillus salivarius UBLS-22; Lactobacillus casei UBLC-42; Lactobacillus plantarum; Lactobacillus acidophilus UBLA-34; Bifidobacterium breve UBBr-01,12 weeks; 5 day; 28 days,"IS2 5×109 cfu each and fructo-o; IS2 (5×109 cfu each) were combin; IS2, 5×109 cfu each and prebioti",71 subjects,Body mass index; BMI; microbiota; body weight; body fat; cholesterol; glucose; HbA1c; triglycerides; LDL; waist circumference; visceral fat,"Beneficial Microbes, 2019; 10(8): 855-866 Wageningen Academic Publishers ISSN 1876-2883 print, ISSN 1876-2891 online, DOI 10.3920/BM2019.0052 855 1. Introduction Obesity and overweight are defined as abnormal or excessive fat accumulation that may impair health. Body mass index (BMI) is a simple index of weight-for-height that is commonly used to classify overweight and obesity in adults. It is defined as a person’s weight in kilograms divided by the square of height in meters (kg/m 2). According to WHO, overweight in adults is a BMI between 25.0-29.9 and obesity is a BMI greater than or equal to 30.0 kg/m2 (WHO, 2018). The prevalence of overweight and obesity has been rapidly increasing throughout the world. In 2016, more than 1.9 billion adults (39% of men and 40% of women) aged 18 years and older were overweight (WHO, 2018). It has been reported that men in developed countries have hi"
PMID:26956126,PubMed,26956126,"Antiobesity effect of Pediococcus pentosaceus LP28 on overweight subjects: a randomized, double-blind, placebo-controlled clinical trial.",weight,"The aim of the present clinical study is to prove that LP28 is effective for reducing body fat and body weight, as shown in the experiment using mice.; The clinical trial was carried out as a double-blind, randomized, placebo-controlled study comprising 62 subjects (20-70 years of age, BMI 25-30 kg/m(2)).",P=0.035; P=0.002; P=0.004; P=0.009,,,,,,,62 subjects,detail_hint,expansion_queue,pending,,,,,,,,,,
PMID:26956126,PubMed,26956126,"Antiobesity effect of Pediococcus pentosaceus LP28 on overweight subjects: a randomized, double-blind, placebo-controlled clinical trial.",BMI,"The aim of the present clinical study is to prove that LP28 is effective for reducing body fat and body weight, as shown in the experiment using mice.; The clinical trial was carried out as a double-blind, randomized, placebo-controlled study comprising 62 subjects (20-70 years of age, BMI 25-30 kg/m(2)).",P=0.035; P=0.002; P=0.004; P=0.009,,,,,,,62 subjects,detail_hint,expansion_queue,pending,,,,,,,,,,
PMID:26956126,PubMed,26956126,"Antiobesity effect of Pediococcus pentosaceus LP28 on overweight subjects: a randomized, double-blind, placebo-controlled clinical trial.",waist,"These subjects were randomly assigned to three groups that received living LP28, heat-killed LP28 or a placebo powder, administered orally once a day for 12 weeks.; Heat-killed LP28 reduced BMI (0.45 kg/m(2), 95% CI (0.04, 0.86), P=0.035), body fat percentage (1.11%, (0.39, 1.82), P=0.002), body fat mass (1.17 kg (0.43, 1.92), P=0.004) and waist circumference (2.84 cm (0.74, 4.93), P=0.009) when compared with a placebo group.",P=0.035; P=0.002; P=0.004; P=0.009,,,,,,,62 subjects,detail_hint,expansion_queue,pending,,,,,,,,,,
PMID:26956126,PubMed,26956126,"Antiobesity effect of Pediococcus pentosaceus LP28 on overweight subjects: a randomized, double-blind, placebo-controlled clinical trial.",body_fat,"The aim of the present clinical study is to prove that LP28 is effective for reducing body fat and body weight, as shown in the experiment using mice.; The clinical trial was carried out as a double-blind, randomized, placebo-controlled study comprising 62 subjects (20-70 years of age, BMI 25-30 kg/m(2)).",P=0.035; P=0.002; P=0.004; P=0.009,,,,,,,62 subjects,detail_hint,expansion_queue,pending,,,,,,,,,,
PMID:26956126,PubMed,26956126,"Antiobesity effect of Pediococcus pentosaceus LP28 on overweight subjects: a randomized, double-blind, placebo-controlled clinical trial.",glucose,"Fasting plasma glucose, HbA1c, fasting insulin, HOMA-IR and serum lipids levels did not change by either living LP28 or heat-killed LP28 intake.; Heat-killed LP28 displays an antiobesity effect that reduces BMI, body fat and waist circumference, suggesting that the plant-derived lactic acid bacterium LP28 would be a promising preventive of metabolic syndrome.",P=0.035; P=0.002; P=0.004; P=0.009,,,,,,,62 subjects,detail_hint,expansion_queue,pending,,,,,,,,,,
PMID:26956126,PubMed,26956126,"Antiobesity effect of Pediococcus pentosaceus LP28 on overweight subjects: a randomized, double-blind, placebo-controlled clinical trial.",lipid,"Fasting plasma glucose, HbA1c, fasting insulin, HOMA-IR and serum lipids levels did not change by either living LP28 or heat-killed LP28 intake.; Heat-killed LP28 displays an antiobesity effect that reduces BMI, body fat and waist circumference, suggesting that the plant-derived lactic acid bacterium LP28 would be a promising preventive of metabolic syndrome.",P=0.035; P=0.002; P=0.004; P=0.009,,,,,,,62 subjects,detail_hint,expansion_queue,pending,,,,,,,,,,
PMID:24411490,PubMed,24411490,"The effects of co-administration of probiotics with herbal medicine on obesity, metabolic endotoxemia and dysbiosis: a randomized double-blind controlled clinical trial.",weight,"The study was registered at the Clinical Research Information Service, approved by the Korea National Institute of Health (KCT0000386).; Although both groups showed a significant reduction in weight and waist circumference (p = 0.000), no significant differences in body composition and metabolic markers were observed.",p = 0.000; p < 0.05,,,,,,,,detail_hint,expansion_queue,pending,,,,,,,,,,
PMID:24411490,PubMed,24411490,"The effects of co-administration of probiotics with herbal medicine on obesity, metabolic endotoxemia and dysbiosis: a randomized double-blind controlled clinical trial.",BMI,"In correlation analysis, change in body composition showed positive correlation with endotoxin level (r = 0.441, p < 0.05 for BW; and r = 0.350, p < 0.05 for fat mass) and the population of gut Lactobacillus plantarum (r = 0.425, p < 0.05 for BW; and r = 0.407, p < 0.05 for BMI).",p = 0.000; p < 0.05,,,,,,,,detail_hint,expansion_queue,pending,,,,,,,,,,
PMID:24411490,PubMed,24411490,"The effects of co-administration of probiotics with herbal medicine on obesity, metabolic endotoxemia and dysbiosis: a randomized double-blind controlled clinical trial.",waist,"The study was registered at the Clinical Research Information Service, approved by the Korea National Institute of Health (KCT0000386).; Although both groups showed a significant reduction in weight and waist circumference (p = 0.000), no significant differences in body composition and metabolic markers were observed.",p = 0.000; p < 0.05,,,,,,,,detail_hint,expansion_queue,pending,,,,,,,,,,
PMID:24411490,PubMed,24411490,"The effects of co-administration of probiotics with herbal medicine on obesity, metabolic endotoxemia and dysbiosis: a randomized double-blind controlled clinical trial.",body_fat,"In correlation analysis, change in body composition showed positive correlation with endotoxin level (r = 0.441, p < 0.05 for BW; and r = 0.350, p < 0.05 for fat mass) and the population of gut Lactobacillus plantarum (r = 0.425, p < 0.05 for BW; and r = 0.407, p < 0.05 for BMI).",p = 0.000; p < 0.05,,,,,,,,detail_hint,expansion_queue,pending,,,,,,,,,,
PMID:24411490,PubMed,24411490,"The effects of co-administration of probiotics with herbal medicine on obesity, metabolic endotoxemia and dysbiosis: a randomized double-blind controlled clinical trial.",lipid,"The Gram negative bacterial population in gut also exhibited positive correlation with changes in body composition (WC) and total cholesterol level (r = 0.359, and 0.393, for the former and later parameters, respectively, p < 0.05 for both).",p = 0.000; p < 0.05,,,,,,,,detail_hint,expansion_queue,pending,,,,,,,,,,
PMID:24411490,PubMed,24411490,"The effects of co-administration of probiotics with herbal medicine on obesity, metabolic endotoxemia and dysbiosis: a randomized double-blind controlled clinical trial.",microbiome,"Probiotics help maintain balance in composition of the gut microbiota, and have been considered as a potential treatment for obesity.",p = 0.000; p < 0.05,,,,,,,,detail_hint,expansion_queue,pending,,,,,,,,,,
EUROPEPMC:41126806,PubMed,41126806,Probiotic pasta consumption improves lipid metabolism and reduces gut permeability in overweight and obese adults: a randomized controlled trial.,weight,Probiotic pasta consumption improves lipid metabolism and reduces gut permeability in overweight and obese adults: a randomized controlled trial.,p = 0.03; p = 0.049; p = 0.02; p = 0.054,,,,,,,40 participants; n = 20,detail_hint,expansion2_queue,pending,,2.pdf,0.694,14,,,,,,
EUROPEPMC:41126806,PubMed,41126806,Probiotic pasta consumption improves lipid metabolism and reduces gut permeability in overweight and obese adults: a randomized controlled trial.,lipid,Probiotic pasta consumption improves lipid metabolism and reduces gut permeability in overweight and obese adults: a randomized controlled trial.,p = 0.03; p = 0.049; p = 0.02; p = 0.054,,,,,,,40 participants; n = 20,detail_hint,expansion2_queue,pending,,2.pdf,0.694,14,,,,,,
EUROPEPMC:41126806,PubMed,41126806,Probiotic pasta consumption improves lipid metabolism and reduces gut permeability in overweight and obese adults: a randomized controlled trial.,microbiome,Gut microbiome analysis revealed that 50 % of ProbP consumers had increased S.,p = 0.03; p = 0.049; p = 0.02; p = 0.054,,,,,,,40 participants; n = 20,detail_hint,expansion2_queue,pending,,2.pdf,0.694,14,,,,,,
NCT:NCT07073781,ClinicalTrials.gov,NCT07073781,"Probiotic Impact on Cognitive Performance, and Metabolic Outcomes in Overweight Young Adults With Impaired Glucose Regulation",weight,"Probiotic Impact on Cognitive Performance, and Metabolic Outcomes in Overweight Young Adults With Impaired Glucose Regulation  Lab4p Probiotic Consortium; Placebo Verbal Memory Performance Visual Episodic Memory; Number of Participants Reporting One or More Adverse Events (AEs) or Serious Adverse Events (SAEs); Visuospatial Working Memory; Executive function (Response Inhibition and Impulse Control); Executive function (Cognitive Flexibility and Attentional Set-Shifting); Processing speed, Psych",,,,,,,,70,detail_hint,expansion2_queue,pending,,NCT07073781.csv,1.000,csv,Probiotic Impact on Cognitive Performance; Probiotic Consortium,,,,Glucose; Insulin; BMI,"NCT Number,Study Title,Study URL,Study Status,Conditions,Interventions,Sponsor,Collaborators,Study Type NCT07073781,""Probiotic Impact on Cognitive Performance, and Metabolic Outcomes in Overweight Young Adults With Impaired Glucose Regulation"",https://clinicaltrials.gov/study/NCT07073781,RECRUITING,""Impaired Glucose Regulation|Impaired Glucose Tolerance (Prediabetes)|Prediabetes (Insulin Resistance, Impaired Glucose Tolerance)|Overweight (BMI &gt; 25)|Cognitive Dysfunction|Neurovascular Coupling Mechanism and Cognitive Function"",DIETARY_SUPPLEMENT: Lab4p Probiotic Consortium|OTHER: Placebo,Leeds Beckett University,""Cultech Ltd, Port Talbot, UK"",INTERVENTIONAL"
NCT:NCT07073781,ClinicalTrials.gov,NCT07073781,"Probiotic Impact on Cognitive Performance, and Metabolic Outcomes in Overweight Young Adults With Impaired Glucose Regulation",BMI,"Probiotic Impact on Cognitive Performance, and Metabolic Outcomes in Overweight Young Adults With Impaired Glucose Regulation  Lab4p Probiotic Consortium; Placebo Verbal Memory Performance Visual Episodic Memory; Number of Participants Reporting One or More Adverse Events (AEs) or Serious Adverse Events (SAEs); Visuospatial Working Memory; Executive function (Response Inhibition and Impulse Control); Executive function (Cognitive Flexibility and Attentional Set-Shifting); Processing speed, Psych",,,,,,,,70,detail_hint,expansion2_queue,pending,,NCT07073781.csv,1.000,csv,Probiotic Impact on Cognitive Performance; Probiotic Consortium,,,,Glucose; Insulin; BMI,"NCT Number,Study Title,Study URL,Study Status,Conditions,Interventions,Sponsor,Collaborators,Study Type NCT07073781,""Probiotic Impact on Cognitive Performance, and Metabolic Outcomes in Overweight Young Adults With Impaired Glucose Regulation"",https://clinicaltrials.gov/study/NCT07073781,RECRUITING,""Impaired Glucose Regulation|Impaired Glucose Tolerance (Prediabetes)|Prediabetes (Insulin Resistance, Impaired Glucose Tolerance)|Overweight (BMI &gt; 25)|Cognitive Dysfunction|Neurovascular Coupling Mechanism and Cognitive Function"",DIETARY_SUPPLEMENT: Lab4p Probiotic Consortium|OTHER: Placebo,Leeds Beckett University,""Cultech Ltd, Port Talbot, UK"",INTERVENTIONAL"
NCT:NCT07073781,ClinicalTrials.gov,NCT07073781,"Probiotic Impact on Cognitive Performance, and Metabolic Outcomes in Overweight Young Adults With Impaired Glucose Regulation",waist,"Probiotic Impact on Cognitive Performance, and Metabolic Outcomes in Overweight Young Adults With Impaired Glucose Regulation  Lab4p Probiotic Consortium; Placebo Verbal Memory Performance Visual Episodic Memory; Number of Participants Reporting One or More Adverse Events (AEs) or Serious Adverse Events (SAEs); Visuospatial Working Memory; Executive function (Response Inhibition and Impulse Control); Executive function (Cognitive Flexibility and Attentional Set-Shifting); Processing speed, Psych",,,,,,,,70,detail_hint,expansion2_queue,pending,,NCT07073781.csv,1.000,csv,Probiotic Impact on Cognitive Performance; Probiotic Consortium,,,,Glucose; Insulin; BMI,"NCT Number,Study Title,Study URL,Study Status,Conditions,Interventions,Sponsor,Collaborators,Study Type NCT07073781,""Probiotic Impact on Cognitive Performance, and Metabolic Outcomes in Overweight Young Adults With Impaired Glucose Regulation"",https://clinicaltrials.gov/study/NCT07073781,RECRUITING,""Impaired Glucose Regulation|Impaired Glucose Tolerance (Prediabetes)|Prediabetes (Insulin Resistance, Impaired Glucose Tolerance)|Overweight (BMI &gt; 25)|Cognitive Dysfunction|Neurovascular Coupling Mechanism and Cognitive Function"",DIETARY_SUPPLEMENT: Lab4p Probiotic Consortium|OTHER: Placebo,Leeds Beckett University,""Cultech Ltd, Port Talbot, UK"",INTERVENTIONAL"
NCT:NCT07073781,ClinicalTrials.gov,NCT07073781,"Probiotic Impact on Cognitive Performance, and Metabolic Outcomes in Overweight Young Adults With Impaired Glucose Regulation",body_fat,"Probiotic Impact on Cognitive Performance, and Metabolic Outcomes in Overweight Young Adults With Impaired Glucose Regulation  Lab4p Probiotic Consortium; Placebo Verbal Memory Performance Visual Episodic Memory; Number of Participants Reporting One or More Adverse Events (AEs) or Serious Adverse Events (SAEs); Visuospatial Working Memory; Executive function (Response Inhibition and Impulse Control); Executive function (Cognitive Flexibility and Attentional Set-Shifting); Processing speed, Psych",,,,,,,,70,detail_hint,expansion2_queue,pending,,NCT07073781.csv,1.000,csv,Probiotic Impact on Cognitive Performance; Probiotic Consortium,,,,Glucose; Insulin; BMI,"NCT Number,Study Title,Study URL,Study Status,Conditions,Interventions,Sponsor,Collaborators,Study Type NCT07073781,""Probiotic Impact on Cognitive Performance, and Metabolic Outcomes in Overweight Young Adults With Impaired Glucose Regulation"",https://clinicaltrials.gov/study/NCT07073781,RECRUITING,""Impaired Glucose Regulation|Impaired Glucose Tolerance (Prediabetes)|Prediabetes (Insulin Resistance, Impaired Glucose Tolerance)|Overweight (BMI &gt; 25)|Cognitive Dysfunction|Neurovascular Coupling Mechanism and Cognitive Function"",DIETARY_SUPPLEMENT: Lab4p Probiotic Consortium|OTHER: Placebo,Leeds Beckett University,""Cultech Ltd, Port Talbot, UK"",INTERVENTIONAL"
NCT:NCT07073781,ClinicalTrials.gov,NCT07073781,"Probiotic Impact on Cognitive Performance, and Metabolic Outcomes in Overweight Young Adults With Impaired Glucose Regulation",glucose,"Probiotic Impact on Cognitive Performance, and Metabolic Outcomes in Overweight Young Adults With Impaired Glucose Regulation  Lab4p Probiotic Consortium; Placebo Verbal Memory Performance Visual Episodic Memory; Number of Participants Reporting One or More Adverse Events (AEs) or Serious Adverse Events (SAEs); Visuospatial Working Memory; Executive function (Response Inhibition and Impulse Control); Executive function (Cognitive Flexibility and Attentional Set-Shifting); Processing speed, Psych",,,,,,,,70,detail_hint,expansion2_queue,pending,,NCT07073781.csv,1.000,csv,Probiotic Impact on Cognitive Performance; Probiotic Consortium,,,,Glucose; Insulin; BMI,"NCT Number,Study Title,Study URL,Study Status,Conditions,Interventions,Sponsor,Collaborators,Study Type NCT07073781,""Probiotic Impact on Cognitive Performance, and Metabolic Outcomes in Overweight Young Adults With Impaired Glucose Regulation"",https://clinicaltrials.gov/study/NCT07073781,RECRUITING,""Impaired Glucose Regulation|Impaired Glucose Tolerance (Prediabetes)|Prediabetes (Insulin Resistance, Impaired Glucose Tolerance)|Overweight (BMI &gt; 25)|Cognitive Dysfunction|Neurovascular Coupling Mechanism and Cognitive Function"",DIETARY_SUPPLEMENT: Lab4p Probiotic Consortium|OTHER: Placebo,Leeds Beckett University,""Cultech Ltd, Port Talbot, UK"",INTERVENTIONAL"
NCT:NCT07073781,ClinicalTrials.gov,NCT07073781,"Probiotic Impact on Cognitive Performance, and Metabolic Outcomes in Overweight Young Adults With Impaired Glucose Regulation",lipid,"Probiotic Impact on Cognitive Performance, and Metabolic Outcomes in Overweight Young Adults With Impaired Glucose Regulation  Lab4p Probiotic Consortium; Placebo Verbal Memory Performance Visual Episodic Memory; Number of Participants Reporting One or More Adverse Events (AEs) or Serious Adverse Events (SAEs); Visuospatial Working Memory; Executive function (Response Inhibition and Impulse Control); Executive function (Cognitive Flexibility and Attentional Set-Shifting); Processing speed, Psych",,,,,,,,70,detail_hint,expansion2_queue,pending,,NCT07073781.csv,1.000,csv,Probiotic Impact on Cognitive Performance; Probiotic Consortium,,,,Glucose; Insulin; BMI,"NCT Number,Study Title,Study URL,Study Status,Conditions,Interventions,Sponsor,Collaborators,Study Type NCT07073781,""Probiotic Impact on Cognitive Performance, and Metabolic Outcomes in Overweight Young Adults With Impaired Glucose Regulation"",https://clinicaltrials.gov/study/NCT07073781,RECRUITING,""Impaired Glucose Regulation|Impaired Glucose Tolerance (Prediabetes)|Prediabetes (Insulin Resistance, Impaired Glucose Tolerance)|Overweight (BMI &gt; 25)|Cognitive Dysfunction|Neurovascular Coupling Mechanism and Cognitive Function"",DIETARY_SUPPLEMENT: Lab4p Probiotic Consortium|OTHER: Placebo,Leeds Beckett University,""Cultech Ltd, Port Talbot, UK"",INTERVENTIONAL"
NCT:NCT07073781,ClinicalTrials.gov,NCT07073781,"Probiotic Impact on Cognitive Performance, and Metabolic Outcomes in Overweight Young Adults With Impaired Glucose Regulation",microbiome,"Probiotic Impact on Cognitive Performance, and Metabolic Outcomes in Overweight Young Adults With Impaired Glucose Regulation  Lab4p Probiotic Consortium; Placebo Verbal Memory Performance Visual Episodic Memory; Number of Participants Reporting One or More Adverse Events (AEs) or Serious Adverse Events (SAEs); Visuospatial Working Memory; Executive function (Response Inhibition and Impulse Control); Executive function (Cognitive Flexibility and Attentional Set-Shifting); Processing speed, Psych",,,,,,,,70,detail_hint,expansion2_queue,pending,,NCT07073781.csv,1.000,csv,Probiotic Impact on Cognitive Performance; Probiotic Consortium,,,,Glucose; Insulin; BMI,"NCT Number,Study Title,Study URL,Study Status,Conditions,Interventions,Sponsor,Collaborators,Study Type NCT07073781,""Probiotic Impact on Cognitive Performance, and Metabolic Outcomes in Overweight Young Adults With Impaired Glucose Regulation"",https://clinicaltrials.gov/study/NCT07073781,RECRUITING,""Impaired Glucose Regulation|Impaired Glucose Tolerance (Prediabetes)|Prediabetes (Insulin Resistance, Impaired Glucose Tolerance)|Overweight (BMI &gt; 25)|Cognitive Dysfunction|Neurovascular Coupling Mechanism and Cognitive Function"",DIETARY_SUPPLEMENT: Lab4p Probiotic Consortium|OTHER: Placebo,Leeds Beckett University,""Cultech Ltd, Port Talbot, UK"",INTERVENTIONAL"
PMID:34358838,PubMed,34358838,Effects of probiotics on body adiposity and cardiovascular risk markers in individuals with overweight and obesity: A systematic review and meta-analysis of randomized controlled trials.,weight,"Thus, this systematic review and meta-analysis aimed to evaluate the effects of probiotic supplementation on body weight, body adiposity and CVD risk markers in overweight and obese subjects.; A systematic search for RCTs published up to December 2020 was conducted in MEDLINE (via PubMed), EMBASE, Scopus and LILACS.",P < 0.0001; P = 0.0001; P = 0.0004; P = 0.010; P = 0.003; P = 0.006,,,,,,,n = 1720,detail_hint,expansion2_queue,pending,,,,,,,,,,
PMID:34358838,PubMed,34358838,Effects of probiotics on body adiposity and cardiovascular risk markers in individuals with overweight and obesity: A systematic review and meta-analysis of randomized controlled trials.,BMI,"Data pooling showed a significant effect of probiotics in reducing body weight (MD:-0.70 kg; 95%CI:-1.04,-0.35 kg; P < 0.0001), body mass index (BMI) (MD:-0.24 kg/m2; 95%CI:-0.35,-0.12 kg/m2; P = 0.0001), waist circumference (WC) (MD:-1.13 cm; 95%CI:-1.54,-0.73 cm; P < 0.0001), fat mass (MD:-0.71 kg; 95%CI:-1.10,-0.32 kg; P = 0.0004), tumor necrosis factor-α (MD:-0.16 pg/ml; 95%CI:-0.24,-0.08 pg/ml; P = 0.0001), insulin (MD:-0.85mcU/ml; 95%CI:-1.50,-0.21mcU/ml; P = 0.010), total cholesterol (MD:",P < 0.0001; P = 0.0001; P = 0.0004; P = 0.010; P = 0.003; P = 0.006,,,,,,,n = 1720,detail_hint,expansion2_queue,pending,,,,,,,,,,
PMID:34358838,PubMed,34358838,Effects of probiotics on body adiposity and cardiovascular risk markers in individuals with overweight and obesity: A systematic review and meta-analysis of randomized controlled trials.,waist,"Data pooling showed a significant effect of probiotics in reducing body weight (MD:-0.70 kg; 95%CI:-1.04,-0.35 kg; P < 0.0001), body mass index (BMI) (MD:-0.24 kg/m2; 95%CI:-0.35,-0.12 kg/m2; P = 0.0001), waist circumference (WC) (MD:-1.13 cm; 95%CI:-1.54,-0.73 cm; P < 0.0001), fat mass (MD:-0.71 kg; 95%CI:-1.10,-0.32 kg; P = 0.0004), tumor necrosis factor-α (MD:-0.16 pg/ml; 95%CI:-0.24,-0.08 pg/ml; P = 0.0001), insulin (MD:-0.85mcU/ml; 95%CI:-1.50,-0.21mcU/ml; P = 0.010), total cholesterol (MD:",P < 0.0001; P = 0.0001; P = 0.0004; P = 0.010; P = 0.003; P = 0.006,,,,,,,n = 1720,detail_hint,expansion2_queue,pending,,,,,,,,,,
PMID:34358838,PubMed,34358838,Effects of probiotics on body adiposity and cardiovascular risk markers in individuals with overweight and obesity: A systematic review and meta-analysis of randomized controlled trials.,body_fat,"Data pooling showed a significant effect of probiotics in reducing body weight (MD:-0.70 kg; 95%CI:-1.04,-0.35 kg; P < 0.0001), body mass index (BMI) (MD:-0.24 kg/m2; 95%CI:-0.35,-0.12 kg/m2; P = 0.0001), waist circumference (WC) (MD:-1.13 cm; 95%CI:-1.54,-0.73 cm; P < 0.0001), fat mass (MD:-0.71 kg; 95%CI:-1.10,-0.32 kg; P = 0.0004), tumor necrosis factor-α (MD:-0.16 pg/ml; 95%CI:-0.24,-0.08 pg/ml; P = 0.0001), insulin (MD:-0.85mcU/ml; 95%CI:-1.50,-0.21mcU/ml; P = 0.010), total cholesterol (MD:",P < 0.0001; P = 0.0001; P = 0.0004; P = 0.010; P = 0.003; P = 0.006,,,,,,,n = 1720,detail_hint,expansion2_queue,pending,,,,,,,,,,
PMID:34358838,PubMed,34358838,Effects of probiotics on body adiposity and cardiovascular risk markers in individuals with overweight and obesity: A systematic review and meta-analysis of randomized controlled trials.,glucose,"Data pooling showed a significant effect of probiotics in reducing body weight (MD:-0.70 kg; 95%CI:-1.04,-0.35 kg; P < 0.0001), body mass index (BMI) (MD:-0.24 kg/m2; 95%CI:-0.35,-0.12 kg/m2; P = 0.0001), waist circumference (WC) (MD:-1.13 cm; 95%CI:-1.54,-0.73 cm; P < 0.0001), fat mass (MD:-0.71 kg; 95%CI:-1.10,-0.32 kg; P = 0.0004), tumor necrosis factor-α (MD:-0.16 pg/ml; 95%CI:-0.24,-0.08 pg/ml; P = 0.0001), insulin (MD:-0.85mcU/ml; 95%CI:-1.50,-0.21mcU/ml; P = 0.010), total cholesterol (MD:",P < 0.0001; P = 0.0001; P = 0.0004; P = 0.010; P = 0.003; P = 0.006,,,,,,,n = 1720,detail_hint,expansion2_queue,pending,,,,,,,,,,
PMID:34358838,PubMed,34358838,Effects of probiotics on body adiposity and cardiovascular risk markers in individuals with overweight and obesity: A systematic review and meta-analysis of randomized controlled trials.,lipid,"Data pooling showed a significant effect of probiotics in reducing body weight (MD:-0.70 kg; 95%CI:-1.04,-0.35 kg; P < 0.0001), body mass index (BMI) (MD:-0.24 kg/m2; 95%CI:-0.35,-0.12 kg/m2; P = 0.0001), waist circumference (WC) (MD:-1.13 cm; 95%CI:-1.54,-0.73 cm; P < 0.0001), fat mass (MD:-0.71 kg; 95%CI:-1.10,-0.32 kg; P = 0.0004), tumor necrosis factor-α (MD:-0.16 pg/ml; 95%CI:-0.24,-0.08 pg/ml; P = 0.0001), insulin (MD:-0.85mcU/ml; 95%CI:-1.50,-0.21mcU/ml; P = 0.010), total cholesterol (MD:",P < 0.0001; P = 0.0001; P = 0.0004; P = 0.010; P = 0.003; P = 0.006,,,,,,,n = 1720,detail_hint,expansion2_queue,pending,,,,,,,,,,
PMID:30641692,PubMed,30641692,The effect of probiotic supplementation on glycemic control and lipid profile in patients with type 2 diabetes: A randomized placebo controlled trial.,weight,"No significant alterations were observed for within and between group comparisons in the levels of insulin, triglycerides, total cholesterol, insulin resistance and anthropometric measurements, including weight, waist circumference and body mass index (all P > 0.05).; This study showed a significant decrease in FPG level by multi-strain probiotic supplements in within group comparison; though, further studies are needed to confirm results.",P = 0.001; P = 0.002,,,,,,,60 patients; 30 participants,detail_hint,expansion2_queue,pending,,The effect of probiotic supplementation on glycemic control and lipid profile in patients with type 2 diabetes_ A randomized pla(科研通-ablesci.com).pdf,1.000,19,probiotic supplementation on glycemic control and lipid profile in patients with type 2 d; probiotic supplementation on glycemic control and lipid profile Elham Razmpoosh a; probiotic supplements or pl acebo for 6 weeks. The probiotic supplement consisted of 7 vi; Lactobacillus; Bifidobacterium and Strep tococcus. Nutrient intakes were estimated using a 3-day and 2 4hour-d; probiotic group; probiotic supplements in withi n group comparison; probiotic may p lay a role in the improvement of intestinal health,6 weeks; 10 months; 3 weeks; 2 months,"units (CFU)], Lactobacillus; ( 7 × 10 9 CFU), Lactobacillus r; 1.5 × 10 9 CFU), Lactobacillus b; (2 × 10 8 CFU), Bifidobacterium; (3 × 10 10 CFU), Bifidobacterium; (7 × 10 9 CFU), Streptococcus t; 1.5 × 10 9 CFU), and 100 mg fruc; 10 9-10 11 CFU/g; it should be n",60 patients; 30 participants; 68 patients; 68 participants; n = 34,microbiota; glucose; insulin; HDL; cholesterol; waist circumference; body mass index; triglycerides; body weight,"Accepted Manuscript The effect of probiotic supplementation on glycemic control and lipid profile in patients with type 2 diabetes: A randomized placebo controlled trial Elham Razmpoosh, Amir Javadi, Hanieh Sadat Ejtahed, Parvin Mirmiran, Maryam Javadi, Abbas Yousefinejad PII: S1871-4021(18)30314-X DOI: 10.1016/j.dsx.2018.08.008 Reference: DSX 1067 To appear in: Diabetes & Metabolic Syndrome: Clinical Research & Reviews Received Date: 14 July 2018 Accepted Date: 9 August 2018 Please cite this article as: Razmpoosh E, Javadi A, Ejtahed HS, Mirmiran P, Javadi M, Yousefinejad A, The effect of probiotic supplementation on glycemic control and lipid profile in patients with type 2 diabetes: A randomized placebo controlled trial, Diabetes & Metabolic Syndrome: Clinical Research & Reviews (2018), doi: 10.1016/j.dsx.2018.08.008. This is a PDF file of an unedited manuscript that has been accepted"
PMID:30641692,PubMed,30641692,The effect of probiotic supplementation on glycemic control and lipid profile in patients with type 2 diabetes: A randomized placebo controlled trial.,BMI,"No significant alterations were observed for within and between group comparisons in the levels of insulin, triglycerides, total cholesterol, insulin resistance and anthropometric measurements, including weight, waist circumference and body mass index (all P > 0.05).; This study showed a significant decrease in FPG level by multi-strain probiotic supplements in within group comparison; though, further studies are needed to confirm results.",P = 0.001; P = 0.002,,,,,,,60 patients; 30 participants,detail_hint,expansion2_queue,pending,,The effect of probiotic supplementation on glycemic control and lipid profile in patients with type 2 diabetes_ A randomized pla(科研通-ablesci.com).pdf,1.000,19,probiotic supplementation on glycemic control and lipid profile in patients with type 2 d; probiotic supplementation on glycemic control and lipid profile Elham Razmpoosh a; probiotic supplements or pl acebo for 6 weeks. The probiotic supplement consisted of 7 vi; Lactobacillus; Bifidobacterium and Strep tococcus. Nutrient intakes were estimated using a 3-day and 2 4hour-d; probiotic group; probiotic supplements in withi n group comparison; probiotic may p lay a role in the improvement of intestinal health,6 weeks; 10 months; 3 weeks; 2 months,"units (CFU)], Lactobacillus; ( 7 × 10 9 CFU), Lactobacillus r; 1.5 × 10 9 CFU), Lactobacillus b; (2 × 10 8 CFU), Bifidobacterium; (3 × 10 10 CFU), Bifidobacterium; (7 × 10 9 CFU), Streptococcus t; 1.5 × 10 9 CFU), and 100 mg fruc; 10 9-10 11 CFU/g; it should be n",60 patients; 30 participants; 68 patients; 68 participants; n = 34,microbiota; glucose; insulin; HDL; cholesterol; waist circumference; body mass index; triglycerides; body weight,"Accepted Manuscript The effect of probiotic supplementation on glycemic control and lipid profile in patients with type 2 diabetes: A randomized placebo controlled trial Elham Razmpoosh, Amir Javadi, Hanieh Sadat Ejtahed, Parvin Mirmiran, Maryam Javadi, Abbas Yousefinejad PII: S1871-4021(18)30314-X DOI: 10.1016/j.dsx.2018.08.008 Reference: DSX 1067 To appear in: Diabetes & Metabolic Syndrome: Clinical Research & Reviews Received Date: 14 July 2018 Accepted Date: 9 August 2018 Please cite this article as: Razmpoosh E, Javadi A, Ejtahed HS, Mirmiran P, Javadi M, Yousefinejad A, The effect of probiotic supplementation on glycemic control and lipid profile in patients with type 2 diabetes: A randomized placebo controlled trial, Diabetes & Metabolic Syndrome: Clinical Research & Reviews (2018), doi: 10.1016/j.dsx.2018.08.008. This is a PDF file of an unedited manuscript that has been accepted"
PMID:30641692,PubMed,30641692,The effect of probiotic supplementation on glycemic control and lipid profile in patients with type 2 diabetes: A randomized placebo controlled trial.,waist,"No significant alterations were observed for within and between group comparisons in the levels of insulin, triglycerides, total cholesterol, insulin resistance and anthropometric measurements, including weight, waist circumference and body mass index (all P > 0.05).; This study showed a significant decrease in FPG level by multi-strain probiotic supplements in within group comparison; though, further studies are needed to confirm results.",P = 0.001; P = 0.002,,,,,,,60 patients; 30 participants,detail_hint,expansion2_queue,pending,,The effect of probiotic supplementation on glycemic control and lipid profile in patients with type 2 diabetes_ A randomized pla(科研通-ablesci.com).pdf,1.000,19,probiotic supplementation on glycemic control and lipid profile in patients with type 2 d; probiotic supplementation on glycemic control and lipid profile Elham Razmpoosh a; probiotic supplements or pl acebo for 6 weeks. The probiotic supplement consisted of 7 vi; Lactobacillus; Bifidobacterium and Strep tococcus. Nutrient intakes were estimated using a 3-day and 2 4hour-d; probiotic group; probiotic supplements in withi n group comparison; probiotic may p lay a role in the improvement of intestinal health,6 weeks; 10 months; 3 weeks; 2 months,"units (CFU)], Lactobacillus; ( 7 × 10 9 CFU), Lactobacillus r; 1.5 × 10 9 CFU), Lactobacillus b; (2 × 10 8 CFU), Bifidobacterium; (3 × 10 10 CFU), Bifidobacterium; (7 × 10 9 CFU), Streptococcus t; 1.5 × 10 9 CFU), and 100 mg fruc; 10 9-10 11 CFU/g; it should be n",60 patients; 30 participants; 68 patients; 68 participants; n = 34,microbiota; glucose; insulin; HDL; cholesterol; waist circumference; body mass index; triglycerides; body weight,"Accepted Manuscript The effect of probiotic supplementation on glycemic control and lipid profile in patients with type 2 diabetes: A randomized placebo controlled trial Elham Razmpoosh, Amir Javadi, Hanieh Sadat Ejtahed, Parvin Mirmiran, Maryam Javadi, Abbas Yousefinejad PII: S1871-4021(18)30314-X DOI: 10.1016/j.dsx.2018.08.008 Reference: DSX 1067 To appear in: Diabetes & Metabolic Syndrome: Clinical Research & Reviews Received Date: 14 July 2018 Accepted Date: 9 August 2018 Please cite this article as: Razmpoosh E, Javadi A, Ejtahed HS, Mirmiran P, Javadi M, Yousefinejad A, The effect of probiotic supplementation on glycemic control and lipid profile in patients with type 2 diabetes: A randomized placebo controlled trial, Diabetes & Metabolic Syndrome: Clinical Research & Reviews (2018), doi: 10.1016/j.dsx.2018.08.008. This is a PDF file of an unedited manuscript that has been accepted"
PMID:30641692,PubMed,30641692,The effect of probiotic supplementation on glycemic control and lipid profile in patients with type 2 diabetes: A randomized placebo controlled trial.,glucose,"The role of gut microbiota in the pathogenesis of diabetes is increasing; this study investigates the effect of multi-strain probiotics on fasting plasma glucose (FPG), plasma insulin and lipid profile among patients.; This randomized double blind controlled trial was performed among 60 patients; individuals were randomly assigned into 2 groups of 30 participants in order to take either probiotic supplements or placebo for 6 weeks.",P = 0.001; P = 0.002,,,,,,,60 patients; 30 participants,detail_hint,expansion2_queue,pending,,The effect of probiotic supplementation on glycemic control and lipid profile in patients with type 2 diabetes_ A randomized pla(科研通-ablesci.com).pdf,1.000,19,probiotic supplementation on glycemic control and lipid profile in patients with type 2 d; probiotic supplementation on glycemic control and lipid profile Elham Razmpoosh a; probiotic supplements or pl acebo for 6 weeks. The probiotic supplement consisted of 7 vi; Lactobacillus; Bifidobacterium and Strep tococcus. Nutrient intakes were estimated using a 3-day and 2 4hour-d; probiotic group; probiotic supplements in withi n group comparison; probiotic may p lay a role in the improvement of intestinal health,6 weeks; 10 months; 3 weeks; 2 months,"units (CFU)], Lactobacillus; ( 7 × 10 9 CFU), Lactobacillus r; 1.5 × 10 9 CFU), Lactobacillus b; (2 × 10 8 CFU), Bifidobacterium; (3 × 10 10 CFU), Bifidobacterium; (7 × 10 9 CFU), Streptococcus t; 1.5 × 10 9 CFU), and 100 mg fruc; 10 9-10 11 CFU/g; it should be n",60 patients; 30 participants; 68 patients; 68 participants; n = 34,microbiota; glucose; insulin; HDL; cholesterol; waist circumference; body mass index; triglycerides; body weight,"Accepted Manuscript The effect of probiotic supplementation on glycemic control and lipid profile in patients with type 2 diabetes: A randomized placebo controlled trial Elham Razmpoosh, Amir Javadi, Hanieh Sadat Ejtahed, Parvin Mirmiran, Maryam Javadi, Abbas Yousefinejad PII: S1871-4021(18)30314-X DOI: 10.1016/j.dsx.2018.08.008 Reference: DSX 1067 To appear in: Diabetes & Metabolic Syndrome: Clinical Research & Reviews Received Date: 14 July 2018 Accepted Date: 9 August 2018 Please cite this article as: Razmpoosh E, Javadi A, Ejtahed HS, Mirmiran P, Javadi M, Yousefinejad A, The effect of probiotic supplementation on glycemic control and lipid profile in patients with type 2 diabetes: A randomized placebo controlled trial, Diabetes & Metabolic Syndrome: Clinical Research & Reviews (2018), doi: 10.1016/j.dsx.2018.08.008. This is a PDF file of an unedited manuscript that has been accepted"
PMID:30641692,PubMed,30641692,The effect of probiotic supplementation on glycemic control and lipid profile in patients with type 2 diabetes: A randomized placebo controlled trial.,lipid,"The role of gut microbiota in the pathogenesis of diabetes is increasing; this study investigates the effect of multi-strain probiotics on fasting plasma glucose (FPG), plasma insulin and lipid profile among patients.; This randomized double blind controlled trial was performed among 60 patients; individuals were randomly assigned into 2 groups of 30 participants in order to take either probiotic supplements or placebo for 6 weeks.",P = 0.001; P = 0.002,,,,,,,60 patients; 30 participants,detail_hint,expansion2_queue,pending,,The effect of probiotic supplementation on glycemic control and lipid profile in patients with type 2 diabetes_ A randomized pla(科研通-ablesci.com).pdf,1.000,19,probiotic supplementation on glycemic control and lipid profile in patients with type 2 d; probiotic supplementation on glycemic control and lipid profile Elham Razmpoosh a; probiotic supplements or pl acebo for 6 weeks. The probiotic supplement consisted of 7 vi; Lactobacillus; Bifidobacterium and Strep tococcus. Nutrient intakes were estimated using a 3-day and 2 4hour-d; probiotic group; probiotic supplements in withi n group comparison; probiotic may p lay a role in the improvement of intestinal health,6 weeks; 10 months; 3 weeks; 2 months,"units (CFU)], Lactobacillus; ( 7 × 10 9 CFU), Lactobacillus r; 1.5 × 10 9 CFU), Lactobacillus b; (2 × 10 8 CFU), Bifidobacterium; (3 × 10 10 CFU), Bifidobacterium; (7 × 10 9 CFU), Streptococcus t; 1.5 × 10 9 CFU), and 100 mg fruc; 10 9-10 11 CFU/g; it should be n",60 patients; 30 participants; 68 patients; 68 participants; n = 34,microbiota; glucose; insulin; HDL; cholesterol; waist circumference; body mass index; triglycerides; body weight,"Accepted Manuscript The effect of probiotic supplementation on glycemic control and lipid profile in patients with type 2 diabetes: A randomized placebo controlled trial Elham Razmpoosh, Amir Javadi, Hanieh Sadat Ejtahed, Parvin Mirmiran, Maryam Javadi, Abbas Yousefinejad PII: S1871-4021(18)30314-X DOI: 10.1016/j.dsx.2018.08.008 Reference: DSX 1067 To appear in: Diabetes & Metabolic Syndrome: Clinical Research & Reviews Received Date: 14 July 2018 Accepted Date: 9 August 2018 Please cite this article as: Razmpoosh E, Javadi A, Ejtahed HS, Mirmiran P, Javadi M, Yousefinejad A, The effect of probiotic supplementation on glycemic control and lipid profile in patients with type 2 diabetes: A randomized placebo controlled trial, Diabetes & Metabolic Syndrome: Clinical Research & Reviews (2018), doi: 10.1016/j.dsx.2018.08.008. This is a PDF file of an unedited manuscript that has been accepted"
PMID:30641692,PubMed,30641692,The effect of probiotic supplementation on glycemic control and lipid profile in patients with type 2 diabetes: A randomized placebo controlled trial.,microbiome,"The role of gut microbiota in the pathogenesis of diabetes is increasing; this study investigates the effect of multi-strain probiotics on fasting plasma glucose (FPG), plasma insulin and lipid profile among patients.; This randomized double blind controlled trial was performed among 60 patients; individuals were randomly assigned into 2 groups of 30 participants in order to take either probiotic supplements or placebo for 6 weeks.",P = 0.001; P = 0.002,,,,,,,60 patients; 30 participants,detail_hint,expansion2_queue,pending,,The effect of probiotic supplementation on glycemic control and lipid profile in patients with type 2 diabetes_ A randomized pla(科研通-ablesci.com).pdf,1.000,19,probiotic supplementation on glycemic control and lipid profile in patients with type 2 d; probiotic supplementation on glycemic control and lipid profile Elham Razmpoosh a; probiotic supplements or pl acebo for 6 weeks. The probiotic supplement consisted of 7 vi; Lactobacillus; Bifidobacterium and Strep tococcus. Nutrient intakes were estimated using a 3-day and 2 4hour-d; probiotic group; probiotic supplements in withi n group comparison; probiotic may p lay a role in the improvement of intestinal health,6 weeks; 10 months; 3 weeks; 2 months,"units (CFU)], Lactobacillus; ( 7 × 10 9 CFU), Lactobacillus r; 1.5 × 10 9 CFU), Lactobacillus b; (2 × 10 8 CFU), Bifidobacterium; (3 × 10 10 CFU), Bifidobacterium; (7 × 10 9 CFU), Streptococcus t; 1.5 × 10 9 CFU), and 100 mg fruc; 10 9-10 11 CFU/g; it should be n",60 patients; 30 participants; 68 patients; 68 participants; n = 34,microbiota; glucose; insulin; HDL; cholesterol; waist circumference; body mass index; triglycerides; body weight,"Accepted Manuscript The effect of probiotic supplementation on glycemic control and lipid profile in patients with type 2 diabetes: A randomized placebo controlled trial Elham Razmpoosh, Amir Javadi, Hanieh Sadat Ejtahed, Parvin Mirmiran, Maryam Javadi, Abbas Yousefinejad PII: S1871-4021(18)30314-X DOI: 10.1016/j.dsx.2018.08.008 Reference: DSX 1067 To appear in: Diabetes & Metabolic Syndrome: Clinical Research & Reviews Received Date: 14 July 2018 Accepted Date: 9 August 2018 Please cite this article as: Razmpoosh E, Javadi A, Ejtahed HS, Mirmiran P, Javadi M, Yousefinejad A, The effect of probiotic supplementation on glycemic control and lipid profile in patients with type 2 diabetes: A randomized placebo controlled trial, Diabetes & Metabolic Syndrome: Clinical Research & Reviews (2018), doi: 10.1016/j.dsx.2018.08.008. This is a PDF file of an unedited manuscript that has been accepted"
