evidence_id,source_database,source_accession,title,outcome_domain,suggested_text,suggested_p_value,final_value,final_unit,final_direction,comparison,time_point,p_value_confirmed,sample_size_confirmed,extraction_source,reviewer,review_status,reviewer_note
PMID:40077569,PubMed,40077569,"Effects of Liupao Tea with Different Years of Aging on Glycolipid Metabolism, Body Composition, and Gut Microbiota in Adults with Obesity or Overweight: A Randomized, Double-Blind Study.",weight,"Body weight, body fat mass (BFM), body mass index (BMI), waist circumference (WC), body fat percentage (BFP), and visceral fat area (VFA) significantly declined across all groups (p < 0.05).",p < 0.001; p < 0.05,,,,,,,106 adults,detail_hint,expansion_queue,pending,
PMID:40077569,PubMed,40077569,"Effects of Liupao Tea with Different Years of Aging on Glycolipid Metabolism, Body Composition, and Gut Microbiota in Adults with Obesity or Overweight: A Randomized, Double-Blind Study.",BMI,"Body weight, body fat mass (BFM), body mass index (BMI), waist circumference (WC), body fat percentage (BFP), and visceral fat area (VFA) significantly declined across all groups (p < 0.05).",p < 0.001; p < 0.05,,,,,,,106 adults,detail_hint,expansion_queue,pending,
PMID:40077569,PubMed,40077569,"Effects of Liupao Tea with Different Years of Aging on Glycolipid Metabolism, Body Composition, and Gut Microbiota in Adults with Obesity or Overweight: A Randomized, Double-Blind Study.",waist,"Body weight, body fat mass (BFM), body mass index (BMI), waist circumference (WC), body fat percentage (BFP), and visceral fat area (VFA) significantly declined across all groups (p < 0.05).",p < 0.001; p < 0.05,,,,,,,106 adults,detail_hint,expansion_queue,pending,
PMID:40077569,PubMed,40077569,"Effects of Liupao Tea with Different Years of Aging on Glycolipid Metabolism, Body Composition, and Gut Microbiota in Adults with Obesity or Overweight: A Randomized, Double-Blind Study.",body_fat,"Body weight, body fat mass (BFM), body mass index (BMI), waist circumference (WC), body fat percentage (BFP), and visceral fat area (VFA) significantly declined across all groups (p < 0.05).",p < 0.001; p < 0.05,,,,,,,106 adults,detail_hint,expansion_queue,pending,
PMID:40077569,PubMed,40077569,"Effects of Liupao Tea with Different Years of Aging on Glycolipid Metabolism, Body Composition, and Gut Microbiota in Adults with Obesity or Overweight: A Randomized, Double-Blind Study.",lipid,"Total cholesterol (TC) and low-density lipoprotein cholesterol (LDL-C) levels decreased significantly in the 1-, 4-, and 10-year-aged groups (p < 0.05), while high-density lipoprotein cholesterol (HDL-C) increased in the 7-year-aged group (p < 0.05).",p < 0.001; p < 0.05,,,,,,,106 adults,detail_hint,expansion_queue,pending,
PMID:40077569,PubMed,40077569,"Effects of Liupao Tea with Different Years of Aging on Glycolipid Metabolism, Body Composition, and Gut Microbiota in Adults with Obesity or Overweight: A Randomized, Double-Blind Study.",microbiome,"The metabolic parameters, body composition, and gut microbiota were assessed at baseline and after the 90-day intervention.; All LPT groups experienced significant reductions in systolic blood pressure (SBP) and diastolic blood pressure (DBP), with the 10-year-aged group showing the most notable SBP decrease (p < 0.001).",p < 0.001; p < 0.05,,,,,,,106 adults,detail_hint,expansion_queue,pending,
EUROPEPMC:40409234,PubMed,40409234,Effects of multi-strain probiotics supplementation on body adiposity and metabolic profile in individuals with hypertension and overweight following an energy-restricted diet: A randomized clinical trial.,weight,"Participants underwent anthropometric, body composition (dual-energy radiological absorptiometry) and biochemical (glucose metabolism, lipid profile, adiponectin, and leptin) evaluation at baseline and at the end of the study.; After 12 weeks of intervention, the probiotics group presented: a) reduction of body weight, BMI, circumferences of waist, hip and neck and waist-to-height ratio; b) decrease in total fat mass (kg); and c) reduction of glycated hemoglobin (HbA1c).",p < 0.05,,,,,,,66 individuals,detail_hint,expansion_queue,pending,
EUROPEPMC:40409234,PubMed,40409234,Effects of multi-strain probiotics supplementation on body adiposity and metabolic profile in individuals with hypertension and overweight following an energy-restricted diet: A randomized clinical trial.,BMI,"Participants underwent anthropometric, body composition (dual-energy radiological absorptiometry) and biochemical (glucose metabolism, lipid profile, adiponectin, and leptin) evaluation at baseline and at the end of the study.; After 12 weeks of intervention, the probiotics group presented: a) reduction of body weight, BMI, circumferences of waist, hip and neck and waist-to-height ratio; b) decrease in total fat mass (kg); and c) reduction of glycated hemoglobin (HbA1c).",p < 0.05,,,,,,,66 individuals,detail_hint,expansion_queue,pending,
EUROPEPMC:40409234,PubMed,40409234,Effects of multi-strain probiotics supplementation on body adiposity and metabolic profile in individuals with hypertension and overweight following an energy-restricted diet: A randomized clinical trial.,waist,"Participants underwent anthropometric, body composition (dual-energy radiological absorptiometry) and biochemical (glucose metabolism, lipid profile, adiponectin, and leptin) evaluation at baseline and at the end of the study.; After 12 weeks of intervention, the probiotics group presented: a) reduction of body weight, BMI, circumferences of waist, hip and neck and waist-to-height ratio; b) decrease in total fat mass (kg); and c) reduction of glycated hemoglobin (HbA1c).",p < 0.05,,,,,,,66 individuals,detail_hint,expansion_queue,pending,
EUROPEPMC:40409234,PubMed,40409234,Effects of multi-strain probiotics supplementation on body adiposity and metabolic profile in individuals with hypertension and overweight following an energy-restricted diet: A randomized clinical trial.,body_fat,"Participants underwent anthropometric, body composition (dual-energy radiological absorptiometry) and biochemical (glucose metabolism, lipid profile, adiponectin, and leptin) evaluation at baseline and at the end of the study.; After 12 weeks of intervention, the probiotics group presented: a) reduction of body weight, BMI, circumferences of waist, hip and neck and waist-to-height ratio; b) decrease in total fat mass (kg); and c) reduction of glycated hemoglobin (HbA1c).",p < 0.05,,,,,,,66 individuals,detail_hint,expansion_queue,pending,
EUROPEPMC:40409234,PubMed,40409234,Effects of multi-strain probiotics supplementation on body adiposity and metabolic profile in individuals with hypertension and overweight following an energy-restricted diet: A randomized clinical trial.,glucose,"Participants underwent anthropometric, body composition (dual-energy radiological absorptiometry) and biochemical (glucose metabolism, lipid profile, adiponectin, and leptin) evaluation at baseline and at the end of the study.; After 12 weeks of intervention, the probiotics group presented: a) reduction of body weight, BMI, circumferences of waist, hip and neck and waist-to-height ratio; b) decrease in total fat mass (kg); and c) reduction of glycated hemoglobin (HbA1c).",p < 0.05,,,,,,,66 individuals,detail_hint,expansion_queue,pending,
EUROPEPMC:40409234,PubMed,40409234,Effects of multi-strain probiotics supplementation on body adiposity and metabolic profile in individuals with hypertension and overweight following an energy-restricted diet: A randomized clinical trial.,lipid,"Participants underwent anthropometric, body composition (dual-energy radiological absorptiometry) and biochemical (glucose metabolism, lipid profile, adiponectin, and leptin) evaluation at baseline and at the end of the study.; After 12 weeks of intervention, the probiotics group presented: a) reduction of body weight, BMI, circumferences of waist, hip and neck and waist-to-height ratio; b) decrease in total fat mass (kg); and c) reduction of glycated hemoglobin (HbA1c).",p < 0.05,,,,,,,66 individuals,detail_hint,expansion_queue,pending,
PMID:39802638,PubMed,39802638,"Comparison of diet and exercise on cardiometabolic factors in young adults with overweight/obesity: multiomics analysis and gut microbiota prediction, a randomized controlled trial.",weight,"The results showed that single interventions were as effective as combined interventions in improving weight, waist circumference, body fat, and lipid profile compared with control group.",p < 0.05,,,,,,,,detail_hint,expansion_queue,pending,
PMID:39802638,PubMed,39802638,"Comparison of diet and exercise on cardiometabolic factors in young adults with overweight/obesity: multiomics analysis and gut microbiota prediction, a randomized controlled trial.",waist,"The results showed that single interventions were as effective as combined interventions in improving weight, waist circumference, body fat, and lipid profile compared with control group.",p < 0.05,,,,,,,,detail_hint,expansion_queue,pending,
PMID:39802638,PubMed,39802638,"Comparison of diet and exercise on cardiometabolic factors in young adults with overweight/obesity: multiomics analysis and gut microbiota prediction, a randomized controlled trial.",body_fat,"The results showed that single interventions were as effective as combined interventions in improving weight, waist circumference, body fat, and lipid profile compared with control group.",p < 0.05,,,,,,,,detail_hint,expansion_queue,pending,
PMID:39802638,PubMed,39802638,"Comparison of diet and exercise on cardiometabolic factors in young adults with overweight/obesity: multiomics analysis and gut microbiota prediction, a randomized controlled trial.",lipid,"The results showed that single interventions were as effective as combined interventions in improving weight, waist circumference, body fat, and lipid profile compared with control group.",p < 0.05,,,,,,,,detail_hint,expansion_queue,pending,
PMID:39802638,PubMed,39802638,"Comparison of diet and exercise on cardiometabolic factors in young adults with overweight/obesity: multiomics analysis and gut microbiota prediction, a randomized controlled trial.",microbiome,Mediation analysis revealed four gut microbiota-metabolite-host axes in improving CMFs.,p < 0.05,,,,,,,,detail_hint,expansion_queue,pending,
PMID:41479657,PubMed,41479657,"Targeting gut microbiota with short-chain fructo-oligosaccharides prebiotic fibers to support metabolic health in overweight prediabetic adults: a randomized, double-blinded, placebo-controlled study.",weight,Body weight remained stable with scFOS while it tended to increase with placebo (estimated means: +0.14 kg vs +0.70 kg; global treatment effect: p = 0.0718).,p = 0.6835; p = 0.0273; p = 0.0279; p = 0.0718; p < 0.004; p = 0.0202; p < 0.05; p = 0.0310; p = 0.0062,,,,,,,n = 66; 30 participants,detail_hint,expansion_queue,pending,
PMID:41479657,PubMed,41479657,"Targeting gut microbiota with short-chain fructo-oligosaccharides prebiotic fibers to support metabolic health in overweight prediabetic adults: a randomized, double-blinded, placebo-controlled study.",body_fat,"However, body composition outcomes favored scFOS: fat mass decreased (medians: -0.26% vs +0.20%, p = 0.0273), lean mass increased (+0.27% vs -0.30%; p = 0.0279).",p = 0.6835; p = 0.0273; p = 0.0279; p = 0.0718; p < 0.004; p = 0.0202; p < 0.05; p = 0.0310; p = 0.0062,,,,,,,n = 66; 30 participants,detail_hint,expansion_queue,pending,
PMID:41479657,PubMed,41479657,"Targeting gut microbiota with short-chain fructo-oligosaccharides prebiotic fibers to support metabolic health in overweight prediabetic adults: a randomized, double-blinded, placebo-controlled study.",glucose,"No significant treatment effect was observed for glucose metabolism markers, including the primary outcome HbA1c (+0.055% with scFOS vs +0.030% with placebo, p = 0.6835).",p = 0.6835; p = 0.0273; p = 0.0279; p = 0.0718; p < 0.004; p = 0.0202; p < 0.05; p = 0.0310; p = 0.0062,,,,,,,n = 66; 30 participants,detail_hint,expansion_queue,pending,
PMID:41479657,PubMed,41479657,"Targeting gut microbiota with short-chain fructo-oligosaccharides prebiotic fibers to support metabolic health in overweight prediabetic adults: a randomized, double-blinded, placebo-controlled study.",microbiome,Prebiotic dietary fibers may help mitigate this trend by modulating gut microbiota.,p = 0.6835; p = 0.0273; p = 0.0279; p = 0.0718; p < 0.004; p = 0.0202; p < 0.05; p = 0.0310; p = 0.0062,,,,,,,n = 66; 30 participants,detail_hint,expansion_queue,pending,
PMID:39410163,PubMed,39410163,Effects of a Sorghum Beverage with,weight,"paracasei, provided health benefits, including improvements in body composition, Castelli index I scores, and intestinal health, in overweight and obese adults.",,,,,,,,n = 10,detail_hint,expansion_queue,pending,
PMID:37252684,PubMed,37252684,Effect of green-lipped mussel (,body_fat,"At the baseline, the body fat (BF)% and gynoid fat% were higher in the GSM group compared with the placebo (P < 0⋅05).",,,,,,,,,detail_hint,expansion_queue,pending,
EUROPEPMC:41459804,PubMed,41459804,"Effects of a slowly fermentable fiber mixture against the background of a high-protein diet on insulin sensitivity and metabolic health in individuals with overweight: a randomized, placebo-controlled trial.",glucose,Fiber mitigated the increase in insulin-mediated carbohydrate oxidation (p = 0.027) and decrease in fat oxidation (p = 0.006) that occurred in the placebo group.,p = 0.081; p = 0.034; p = 0.027; p = 0.006; p = 0.048; p = 0.046; p = 0.025,,,,,,,n = 19; n = 21,detail_hint,expansion_queue,pending,
EUROPEPMC:PMC12986909,publisher supplementary data,PMC12986909,Green Tea Catechin Plus Inulin Improves Insulin Resistance Without Reducing Visceral Fat and Shows Exploratory Gut Microbiota Signals in Adults with Visceral Obesity: A Double-Blind Randomized Controlled Trial,body_fat,Green Tea Catechin Plus Inulin Improves Insulin Resistance Without Reducing Visceral Fat and Shows Exploratory Gut Microbiota Signals in Adults with Visceral Obesity: A Double-Blind Randomized Controlled Trial,,,,,,,,,detail_hint,expansion_queue,pending,
EUROPEPMC:PMC12986909,publisher supplementary data,PMC12986909,Green Tea Catechin Plus Inulin Improves Insulin Resistance Without Reducing Visceral Fat and Shows Exploratory Gut Microbiota Signals in Adults with Visceral Obesity: A Double-Blind Randomized Controlled Trial,glucose,Green Tea Catechin Plus Inulin Improves Insulin Resistance Without Reducing Visceral Fat and Shows Exploratory Gut Microbiota Signals in Adults with Visceral Obesity: A Double-Blind Randomized Controlled Trial,,,,,,,,,detail_hint,expansion_queue,pending,
EUROPEPMC:PMC12986909,publisher supplementary data,PMC12986909,Green Tea Catechin Plus Inulin Improves Insulin Resistance Without Reducing Visceral Fat and Shows Exploratory Gut Microbiota Signals in Adults with Visceral Obesity: A Double-Blind Randomized Controlled Trial,microbiome,Green Tea Catechin Plus Inulin Improves Insulin Resistance Without Reducing Visceral Fat and Shows Exploratory Gut Microbiota Signals in Adults with Visceral Obesity: A Double-Blind Randomized Controlled Trial,,,,,,,,,detail_hint,expansion_queue,pending,
PMID:41861447,PubMed,41861447,"Effects of hypocaloric wholegrain rye vs refined wheat diets on weight loss, cardiometabolic risk factors and gut microbiota: A 12-week randomized controlled trial.",weight,"Weight loss was 3.2 kg in the rye-group and 2.9 kg in the wheat-group, with no significant difference between groups (p = 0.32).",p = 0.32; p = 0.003; p = 0.03; p = 0.001; p = 0.02; p < 0.001,,,,,,,255 participants,detail_hint,expansion_queue,pending,
PMID:41861447,PubMed,41861447,"Effects of hypocaloric wholegrain rye vs refined wheat diets on weight loss, cardiometabolic risk factors and gut microbiota: A 12-week randomized controlled trial.",body_fat,"Reductions in CRP by 17 % (p = 0.03) were observed in the rye-group, while both CRP (r = 0.17, p = 0.001) and HOMA-IR (r = 0.13, p = 0.02) at baseline were associated with fat mass change in the wheat-group.",p = 0.32; p = 0.003; p = 0.03; p = 0.001; p = 0.02; p < 0.001,,,,,,,255 participants,detail_hint,expansion_queue,pending,
PMID:41861447,PubMed,41861447,"Effects of hypocaloric wholegrain rye vs refined wheat diets on weight loss, cardiometabolic risk factors and gut microbiota: A 12-week randomized controlled trial.",glucose,"Reductions in CRP by 17 % (p = 0.03) were observed in the rye-group, while both CRP (r = 0.17, p = 0.001) and HOMA-IR (r = 0.13, p = 0.02) at baseline were associated with fat mass change in the wheat-group.",p = 0.32; p = 0.003; p = 0.03; p = 0.001; p = 0.02; p < 0.001,,,,,,,255 participants,detail_hint,expansion_queue,pending,
PMID:41861447,PubMed,41861447,"Effects of hypocaloric wholegrain rye vs refined wheat diets on weight loss, cardiometabolic risk factors and gut microbiota: A 12-week randomized controlled trial.",microbiome,"However, wholegrain rye reduced CRP and induced changes in gut microbiota and short-chain fatty acids which may have positive implications for cardiometabolic health.",p = 0.32; p = 0.003; p = 0.03; p = 0.001; p = 0.02; p < 0.001,,,,,,,255 participants,detail_hint,expansion_queue,pending,
PMID:42044842,PubMed,42044842,"The effect of a two-week low glycaemic index, higher fibre diet versus high glycaemic index diet on body composition, ectopic lipids, inflammatory biomarkers, gastrointestinal hormones and gut microbiota in metabolic dysfunction-associated steatotic liver disease (MASLD): A pilot randomized cross-over study.",weight,"Additionally, the LGI diet resulted in significant reductions in body weight (-1.2 kg, p = 0.018) and body mass index (-0.38 kg/m2, p = 0.017), as well as increased pre-meal appetite scores during the middle of the diet period and decreased interleukin 6; IL-6 (-0.9 pg/mL) and glucagon (-13.7 pg/mL) levels (all p < 0.05).",p = 0.043; p = 0.018; p = 0.017; p < 0.05,,,,,,,7 participants,detail_hint,expansion_queue,pending,
PMID:42044842,PubMed,42044842,"The effect of a two-week low glycaemic index, higher fibre diet versus high glycaemic index diet on body composition, ectopic lipids, inflammatory biomarkers, gastrointestinal hormones and gut microbiota in metabolic dysfunction-associated steatotic liver disease (MASLD): A pilot randomized cross-over study.",BMI,"Additionally, the LGI diet resulted in significant reductions in body weight (-1.2 kg, p = 0.018) and body mass index (-0.38 kg/m2, p = 0.017), as well as increased pre-meal appetite scores during the middle of the diet period and decreased interleukin 6; IL-6 (-0.9 pg/mL) and glucagon (-13.7 pg/mL) levels (all p < 0.05).",p = 0.043; p = 0.018; p = 0.017; p < 0.05,,,,,,,7 participants,detail_hint,expansion_queue,pending,
PMID:42044842,PubMed,42044842,"The effect of a two-week low glycaemic index, higher fibre diet versus high glycaemic index diet on body composition, ectopic lipids, inflammatory biomarkers, gastrointestinal hormones and gut microbiota in metabolic dysfunction-associated steatotic liver disease (MASLD): A pilot randomized cross-over study.",glucose,"Low glycaemic index (LGI) diets, which tend to be naturally higher in dietary fibre, may reduce liver fat, blood glucose, and gut microbiota imbalance arresting MASLD progression.",p = 0.043; p = 0.018; p = 0.017; p < 0.05,,,,,,,7 participants,detail_hint,expansion_queue,pending,
PMID:42044842,PubMed,42044842,"The effect of a two-week low glycaemic index, higher fibre diet versus high glycaemic index diet on body composition, ectopic lipids, inflammatory biomarkers, gastrointestinal hormones and gut microbiota in metabolic dysfunction-associated steatotic liver disease (MASLD): A pilot randomized cross-over study.",microbiome,"Low glycaemic index (LGI) diets, which tend to be naturally higher in dietary fibre, may reduce liver fat, blood glucose, and gut microbiota imbalance arresting MASLD progression.",p = 0.043; p = 0.018; p = 0.017; p < 0.05,,,,,,,7 participants,detail_hint,expansion_queue,pending,
EUROPEPMC:40400804,PubMed,40400804,"Impact of a Probiotic-Fiber Blend on Body Weight, Metabolic Regulation, and Digestive Function in Obese Adults: A Randomized, Placebo-Controlled, Multicentric Trial.",weight,"Primary outcomes included body weight, BMI, waist/hip circumference, and body fat percentage.",p < 0.001,,,,,,,n = 53; n = 51,detail_hint,expansion_queue,pending,
EUROPEPMC:40400804,PubMed,40400804,"Impact of a Probiotic-Fiber Blend on Body Weight, Metabolic Regulation, and Digestive Function in Obese Adults: A Randomized, Placebo-Controlled, Multicentric Trial.",BMI,"Primary outcomes included body weight, BMI, waist/hip circumference, and body fat percentage.",p < 0.001,,,,,,,n = 53; n = 51,detail_hint,expansion_queue,pending,
EUROPEPMC:40400804,PubMed,40400804,"Impact of a Probiotic-Fiber Blend on Body Weight, Metabolic Regulation, and Digestive Function in Obese Adults: A Randomized, Placebo-Controlled, Multicentric Trial.",waist,"Primary outcomes included body weight, BMI, waist/hip circumference, and body fat percentage.",p < 0.001,,,,,,,n = 53; n = 51,detail_hint,expansion_queue,pending,
EUROPEPMC:40400804,PubMed,40400804,"Impact of a Probiotic-Fiber Blend on Body Weight, Metabolic Regulation, and Digestive Function in Obese Adults: A Randomized, Placebo-Controlled, Multicentric Trial.",body_fat,"Primary outcomes included body weight, BMI, waist/hip circumference, and body fat percentage.",p < 0.001,,,,,,,n = 53; n = 51,detail_hint,expansion_queue,pending,
EUROPEPMC:40400804,PubMed,40400804,"Impact of a Probiotic-Fiber Blend on Body Weight, Metabolic Regulation, and Digestive Function in Obese Adults: A Randomized, Placebo-Controlled, Multicentric Trial.",lipid,"Additionally, statistically significant reductions were observed in the MetS-Z score (54.02%), triglycerides (25.75%), and perceived stress (37.62%), along with a notable increase in HDL levels (16.55%).",p < 0.001,,,,,,,n = 53; n = 51,detail_hint,expansion_queue,pending,
EUROPEPMC:40416368,PubMed,40416368,Effect of,weight,Effect of Probiotic supplementation is a safe and effective way to reduce overweight and obesity by regulating the gut microbiota.,P < 0.01; P < 0.05,,,,,,,,detail_hint,expansion_queue,pending,
EUROPEPMC:40416368,PubMed,40416368,Effect of,lipid,"This study aimed to assess the effects of BC99 on the gut microbiota, body weight and lipid profiles of overweight and obese individuals.; A total of 66 adult individuals were randomly assigned to a probiotic group (supplemented with 5 × 109 colony-forming units of BC99 per day along with 3 g of maltodextrin) and placebo group (supplemented with 3 g of maltodextrin daily) in a 1:1 ratio.; After 8 weeks of oral administration, BC99 intervention significantly decreased the body weight of overweigh",P < 0.01; P < 0.05,,,,,,,,detail_hint,expansion_queue,pending,
EUROPEPMC:40416368,PubMed,40416368,Effect of,microbiome,Effect of Probiotic supplementation is a safe and effective way to reduce overweight and obesity by regulating the gut microbiota.,P < 0.01; P < 0.05,,,,,,,,detail_hint,expansion_queue,pending,
EUROPEPMC:40735396,PubMed,40735396,"The Effects of Probiotics Consumption on Blood Pressure, Lipid Profile, Glycemic Indices, and Inflammatory Parameters in Overweight and Obese Adults: A Systematic Review and Meta-Analysis of Randomized Controlled Trials.",glucose,"Administration of probiotics led to a slight to low-sized beneficial effect on systolic blood pressure (SBP) (standardized mean difference [SMD] = -0.09; 95% CI: -0.45, 0.26; p = 0.605), diastolic blood pressure (DBP) (SMD = -0.27; 95% CI: -0.53, -0.02; p = 0.037), fasting plasma glucose (FPG) (SMD = -0.16; 95% CI: -0.26, 0.06; p = 0.002), fasting insulin (SMD = -0.22; 95% CI: -0.34, 0.00; p = 0.001), total cholesterol (TC) (SMD = -0.10; 95% CI: -0.20, -0.01; p = 0.039), Low-density lipoprotein-",p = 0.605; p = 0.037; p = 0.002; p = 0.001; p = 0.039; p = 0.020; p = 0.316; p = 0.022,,,,,,,,detail_hint,expansion_queue,pending,
EUROPEPMC:40735396,PubMed,40735396,"The Effects of Probiotics Consumption on Blood Pressure, Lipid Profile, Glycemic Indices, and Inflammatory Parameters in Overweight and Obese Adults: A Systematic Review and Meta-Analysis of Randomized Controlled Trials.",lipid,"Administration of probiotics led to a slight to low-sized beneficial effect on systolic blood pressure (SBP) (standardized mean difference [SMD] = -0.09; 95% CI: -0.45, 0.26; p = 0.605), diastolic blood pressure (DBP) (SMD = -0.27; 95% CI: -0.53, -0.02; p = 0.037), fasting plasma glucose (FPG) (SMD = -0.16; 95% CI: -0.26, 0.06; p = 0.002), fasting insulin (SMD = -0.22; 95% CI: -0.34, 0.00; p = 0.001), total cholesterol (TC) (SMD = -0.10; 95% CI: -0.20, -0.01; p = 0.039), Low-density lipoprotein-",p = 0.605; p = 0.037; p = 0.002; p = 0.001; p = 0.039; p = 0.020; p = 0.316; p = 0.022,,,,,,,,detail_hint,expansion_queue,pending,
PMID:40106235,PubMed,40106235,Childhood Obesity Body Mass Index and Gut Microbiome: A Cluster Randomized Controlled Pilot Feasibility Study.,BMI,Lower BMI was associated with a decrease in fecal Tenericutes and an increase in Actinobacteria.,,,,,,,,,detail_hint,expansion_queue,pending,
PMID:40106235,PubMed,40106235,Childhood Obesity Body Mass Index and Gut Microbiome: A Cluster Randomized Controlled Pilot Feasibility Study.,body_fat,Results: A decrease in body fat (BF) was associated with higher pre-test BF.,,,,,,,,,detail_hint,expansion_queue,pending,
PMID:40451504,PubMed,40451504,"Comparing the effects of yogurt containing Akkermansia muciniphilia postbiotic with yogurt containing Lactobacillus rhamnosus postbiotic on body composition, biochemical indices, appetite, and depression scores in overweight or obese adults: A randomized, double-blind, controlled clinical trial.",weight,"The objective of this study was to compare the impact of daily consumption of Akkermansia muciniphila postbiotic-fortified yogurt (AMY) with Lactobacillus rhamnosus postbiotic-fortified yogurt (LRY) on the health parameters in overweight and obese patients.; In this 8-week randomized double-blinded clinical trial, 66 people with overweight and obesity were randomly allocated to three groups: 1) AMY group (n = 22), 2) LRY group (n = 22), and 3) low-fat yogurt (LFY) as placebo (n = 22).",P = 0.003; P = 0.004; P = 0.032; P = 0.045; P = 0.047,,,,,,,n = 22,detail_hint,expansion_queue,pending,
PMID:40451504,PubMed,40451504,"Comparing the effects of yogurt containing Akkermansia muciniphilia postbiotic with yogurt containing Lactobacillus rhamnosus postbiotic on body composition, biochemical indices, appetite, and depression scores in overweight or obese adults: A randomized, double-blind, controlled clinical trial.",waist,"The registration number was IRCT20230522058257N1.; In the AMY group, significant reductions were observed in waist circumference (P = 0.003), waist-to-height ratio (P = 0.004), body fat percentage (P = 0.032), aspartate aminotransferase levels (P = 0.045), and appetite scores (P = 0.047) compared with the control group.",P = 0.003; P = 0.004; P = 0.032; P = 0.045; P = 0.047,,,,,,,n = 22,detail_hint,expansion_queue,pending,
PMID:40451504,PubMed,40451504,"Comparing the effects of yogurt containing Akkermansia muciniphilia postbiotic with yogurt containing Lactobacillus rhamnosus postbiotic on body composition, biochemical indices, appetite, and depression scores in overweight or obese adults: A randomized, double-blind, controlled clinical trial.",body_fat,"The registration number was IRCT20230522058257N1.; In the AMY group, significant reductions were observed in waist circumference (P = 0.003), waist-to-height ratio (P = 0.004), body fat percentage (P = 0.032), aspartate aminotransferase levels (P = 0.045), and appetite scores (P = 0.047) compared with the control group.",P = 0.003; P = 0.004; P = 0.032; P = 0.045; P = 0.047,,,,,,,n = 22,detail_hint,expansion_queue,pending,
PMID:40573158,PubMed,40573158,Modulation of Gut Microbiota by Whole Encapsulated Brown Seaweed (,microbiome,"Notable changes in the gut microbiota composition were observed after the intervention, including increases in short-chain fatty acid-producing species, such as Parabacteroides distasonis, Bacteroides eggerthii, Bacteroides uniformis, and Bacteroides obeum.",,,,,,,,,detail_hint,expansion_queue,pending,
PMID:41659802,PubMed,41659802,Effects of modified fasting therapy on tongue coating and gut microbiome in overweight and obese adults: a controlled clinical trial.,weight,"Caloric restriction facilitates weight loss and metabolic improvement, in part by altering the gut microbiota.",p < 0.01; p < 0.05,,,,,,,48 participants; n = 35; n = 13,detail_hint,expansion_queue,pending,
PMID:41659802,PubMed,41659802,Effects of modified fasting therapy on tongue coating and gut microbiome in overweight and obese adults: a controlled clinical trial.,BMI,"Participants were assigned to either a 7-day modified fasting group (550 kcal/day, n = 35) or a control group (n = 13) based on their personal preference.; In the fasting group, body weight decreased by 4.0 ± 1.6 kg (p < 0.01), BMI decreased by 1.51 ± 0.58 (p < 0.01), significantly, accompanied by marked improvements in blood glucose and lipid profiles (p < 0.05).",p < 0.01; p < 0.05,,,,,,,48 participants; n = 35; n = 13,detail_hint,expansion_queue,pending,
PMID:41659802,PubMed,41659802,Effects of modified fasting therapy on tongue coating and gut microbiome in overweight and obese adults: a controlled clinical trial.,glucose,"Participants were assigned to either a 7-day modified fasting group (550 kcal/day, n = 35) or a control group (n = 13) based on their personal preference.; In the fasting group, body weight decreased by 4.0 ± 1.6 kg (p < 0.01), BMI decreased by 1.51 ± 0.58 (p < 0.01), significantly, accompanied by marked improvements in blood glucose and lipid profiles (p < 0.05).",p < 0.01; p < 0.05,,,,,,,48 participants; n = 35; n = 13,detail_hint,expansion_queue,pending,
PMID:41659802,PubMed,41659802,Effects of modified fasting therapy on tongue coating and gut microbiome in overweight and obese adults: a controlled clinical trial.,lipid,"Participants were assigned to either a 7-day modified fasting group (550 kcal/day, n = 35) or a control group (n = 13) based on their personal preference.; In the fasting group, body weight decreased by 4.0 ± 1.6 kg (p < 0.01), BMI decreased by 1.51 ± 0.58 (p < 0.01), significantly, accompanied by marked improvements in blood glucose and lipid profiles (p < 0.05).",p < 0.01; p < 0.05,,,,,,,48 participants; n = 35; n = 13,detail_hint,expansion_queue,pending,
PMID:41659802,PubMed,41659802,Effects of modified fasting therapy on tongue coating and gut microbiome in overweight and obese adults: a controlled clinical trial.,microbiome,"Caloric restriction facilitates weight loss and metabolic improvement, in part by altering the gut microbiota.",p < 0.01; p < 0.05,,,,,,,48 participants; n = 35; n = 13,detail_hint,expansion_queue,pending,
PMID:38393021,PubMed,38393021,The Efficacy of,weight,"bulgaricus) in improving body weight, obesity-related outcomes, and lipid profiles of overweight people.",,,,,,,,,detail_hint,expansion_queue,pending,
PMID:38393021,PubMed,38393021,The Efficacy of,BMI,"bulgaricus supplementation under the present condition did not affect the body weight, fat percentage, or body mass index (BMI) of the participants, while it resulted in a notable decrease in blood triglyceride (TG) levels, which corresponded to a lowering of the TG proportion in the composition of large VLDL (L-XXL sized fractions) and HDL (M and L fractions) in the probiotic-treated group.",,,,,,,,,detail_hint,expansion_queue,pending,
PMID:38393021,PubMed,38393021,The Efficacy of,lipid,"bulgaricus) in improving body weight, obesity-related outcomes, and lipid profiles of overweight people.",,,,,,,,,detail_hint,expansion_queue,pending,
PMID:38419068,PubMed,38419068,"Effects of a chronotype-adapted diet on weight loss, cardiometabolic health, and gut microbiota: study protocol for a randomized controlled trial.",weight,"Such knowledge could guide the development of innovative dietary interventions to optimize the prevention and management of overweight and obesity, while also improving the risk profile of these individuals.; ClinicalTrials.gov NCT05941871.",,,,,,,,,detail_hint,expansion_queue,pending,
PMID:38926901,PubMed,38926901,"Effects of whole-body vibration on body composition, microbiota, cardiometabolic markers, physical fitness, and quality of life after bariatric surgery: protocol for a randomized controlled trial.",microbiome,"Measurements of body composition (dual-energy X-ray absorptiometry and peripheral quantitative computed tomography), physical fitness (muscular strength, agility, cardiorespiratory fitness, and balance), gait biomechanics, cardiometabolic markers, gut microbiota, quality of life, and physical activity levels will be collected at four different time points: (1) prior to the surgery, (2) 45 days post-surgery, (3) 6 months post-surgery, and (4) 18 months post-surgery.; Both groups are expected to e",,,,,,,,,detail_hint,expansion_queue,pending,
PMID:39415279,PubMed,39415279,Effect of Sinetrol,weight,"There was a trend for decrease in visceral adipose tissue (VAT), BMI over time and body weight displayed a trend for dose dependent decrease.",,,,,,,,n = 20,detail_hint,expansion_queue,pending,
PMID:39415279,PubMed,39415279,Effect of Sinetrol,BMI,"There was a trend for decrease in visceral adipose tissue (VAT), BMI over time and body weight displayed a trend for dose dependent decrease.",,,,,,,,n = 20,detail_hint,expansion_queue,pending,
PMID:39415279,PubMed,39415279,Effect of Sinetrol,body_fat,"There was a trend for decrease in visceral adipose tissue (VAT), BMI over time and body weight displayed a trend for dose dependent decrease.",,,,,,,,n = 20,detail_hint,expansion_queue,pending,
PMID:39415279,PubMed,39415279,Effect of Sinetrol,glucose,"Fat composition, gut microbial composition, were evaluated using MRI and 16S rDNA sequencing respectively at week 1 and 16.; We observed HDL, HbA1C, LDL and leptin improved significantly over 16 weeks, irrespective of the dosage.",,,,,,,,n = 20,detail_hint,expansion_queue,pending,
PMID:39415279,PubMed,39415279,Effect of Sinetrol,microbiome,"Both doses increased butyrate producers such as Eubacterium ruminantium and Ruminococcaceae NK4A214 genus.; Overall chronic supplementation of Sinetrol® Xpur, irrespective of their dose improved HDL, HbA1c, LDL and leptin and tended to decrease visceral adipose tissue via changes in gut microbiota.",,,,,,,,n = 20,detail_hint,expansion_queue,pending,
PMID:39639405,PubMed,39639405,Gut microbiota and metabolic responses to a 12-week caloric restriction combined with strength and HIIT training in patients with obesity: a randomized trial.,waist,"Notably, the Random Forest Machine Learning analysis identified predictors (Butyrivibrio fibrisolvens, Blautia caecimuris, Coprococcus comes, and waist circumference) with a moderate ability to discriminate between INT subjects pre- and post-intervention.; Our results indicate that a 12-week caloric restriction combined with strength and HIIT training positively influences body composition, metabolic health biomarkers, gut microbiota, and microbial metabolites, demonstrating significant correlat",,,,,,,,,detail_hint,expansion_queue,pending,
PMID:39639405,PubMed,39639405,Gut microbiota and metabolic responses to a 12-week caloric restriction combined with strength and HIIT training in patients with obesity: a randomized trial.,microbiome,"Notably, the Random Forest Machine Learning analysis identified predictors (Butyrivibrio fibrisolvens, Blautia caecimuris, Coprococcus comes, and waist circumference) with a moderate ability to discriminate between INT subjects pre- and post-intervention.; Our results indicate that a 12-week caloric restriction combined with strength and HIIT training positively influences body composition, metabolic health biomarkers, gut microbiota, and microbial metabolites, demonstrating significant correlat",,,,,,,,,detail_hint,expansion_queue,pending,
PMID:35487505,PubMed,35487505,"Effect of Lactobacillus plantarum LMT1-48 on Body Fat in Overweight Subjects: A Randomized, Double-Blind, Placebo-Controlled Trial.",weight,"Changes in body fat, VFA, anthropometric parameters, and biomarkers were compared between the two treatment groups (ClinicalTrials.gov number: NCT03759743).; After 12 weeks of treatment, the body weight decreased significantly from 76.6±9.4 to 75.7±9.2 kg in the LMT1-48 group but did not change in the placebo group (P=0.022 between groups).",P=0.022; P=0.041; P<0.05,,,,,,,,detail_hint,expansion_queue,pending,
PMID:35487505,PubMed,35487505,"Effect of Lactobacillus plantarum LMT1-48 on Body Fat in Overweight Subjects: A Randomized, Double-Blind, Placebo-Controlled Trial.",BMI,Decrease in body weight and body mass index by treatment with LMT1-48 was correlated with increase in Lactobacillus levels significantly.,P=0.022; P=0.041; P<0.05,,,,,,,,detail_hint,expansion_queue,pending,
PMID:35487505,PubMed,35487505,"Effect of Lactobacillus plantarum LMT1-48 on Body Fat in Overweight Subjects: A Randomized, Double-Blind, Placebo-Controlled Trial.",body_fat,"Changes in body fat, VFA, anthropometric parameters, and biomarkers were compared between the two treatment groups (ClinicalTrials.gov number: NCT03759743).; After 12 weeks of treatment, the body weight decreased significantly from 76.6±9.4 to 75.7±9.2 kg in the LMT1-48 group but did not change in the placebo group (P=0.022 between groups).",P=0.022; P=0.041; P<0.05,,,,,,,,detail_hint,expansion_queue,pending,
PMID:35487505,PubMed,35487505,"Effect of Lactobacillus plantarum LMT1-48 on Body Fat in Overweight Subjects: A Randomized, Double-Blind, Placebo-Controlled Trial.",glucose,"Serum insulin levels, the corresponding homeostasis model assessment of insulin resistance, and leptin levels decreased in the LMT1-48 group but increased in the placebo group (all P<0.05).",P=0.022; P=0.041; P<0.05,,,,,,,,detail_hint,expansion_queue,pending,
PMID:35487505,PubMed,35487505,"Effect of Lactobacillus plantarum LMT1-48 on Body Fat in Overweight Subjects: A Randomized, Double-Blind, Placebo-Controlled Trial.",lipid,"LMT1-48 also increased Oscillibacter levels significantly, which were negatively correlated with triglyceride and alanine transaminase levels.; Administration of LMT1-48 decreased body weight, abdominal VFA, insulin resistance, and leptin levels in these subjects with overweight, suggesting its anti-obesogenic therapeutic potential.",P=0.022; P=0.041; P<0.05,,,,,,,,detail_hint,expansion_queue,pending,
PMID:36484872,PubMed,36484872,"Effects of synbiotic supplementation on anthropometric indices and body composition in overweight or obese children and adolescents: a randomized, double-blind, placebo-controlled clinical trial.",waist,The waist-height ratio (WHtR) decreased significantly at the end of the intervention in comparison with baseline in the synbiotic group (0.54 ± 0.05 vs.,P = 0.770; P = 0.05,,,,,,,60 participants; n = 30,detail_hint,expansion_queue,pending,
PMID:36793105,PubMed,36793105,"Design of the Building Research in CRC prevention (BRIDGE-CRC) trial: a 6-month, parallel group Mediterranean diet and weight loss randomized controlled lifestyle intervention targeting the bile acid-gut microbiome axis to reduce colorectal cancer risk among African American/Black adults with obesity.",weight,"Design of the Building Research in CRC prevention (BRIDGE-CRC) trial: a 6-month, parallel group Mediterranean diet and weight loss randomized controlled lifestyle intervention targeting the bile acid-gut microbiome axis to reduce colorectal cancer risk among African American/Black adults with obesity.",,,,,,,,,detail_hint,expansion_queue,pending,
PMID:36793105,PubMed,36793105,"Design of the Building Research in CRC prevention (BRIDGE-CRC) trial: a 6-month, parallel group Mediterranean diet and weight loss randomized controlled lifestyle intervention targeting the bile acid-gut microbiome axis to reduce colorectal cancer risk among African American/Black adults with obesity.",microbiome,"Design of the Building Research in CRC prevention (BRIDGE-CRC) trial: a 6-month, parallel group Mediterranean diet and weight loss randomized controlled lifestyle intervention targeting the bile acid-gut microbiome axis to reduce colorectal cancer risk among African American/Black adults with obesity.",,,,,,,,,detail_hint,expansion_queue,pending,
PMID:37084470,PubMed,37084470,Randomized controlled trials reporting the effects of probiotics in individuals with overweight and obesity: A critical review of the interventions and body adiposity parameters.,weight,As main results we observed that ∼30% of the RCTs reported a significant decrease in body weight and body mass index (BMI) and ∼50% found a significant reduction in waist circumference and total fat mass.,,,,,,,,,detail_hint,expansion_queue,pending,
PMID:37084470,PubMed,37084470,Randomized controlled trials reporting the effects of probiotics in individuals with overweight and obesity: A critical review of the interventions and body adiposity parameters.,BMI,As main results we observed that ∼30% of the RCTs reported a significant decrease in body weight and body mass index (BMI) and ∼50% found a significant reduction in waist circumference and total fat mass.,,,,,,,,,detail_hint,expansion_queue,pending,
PMID:37084470,PubMed,37084470,Randomized controlled trials reporting the effects of probiotics in individuals with overweight and obesity: A critical review of the interventions and body adiposity parameters.,waist,As main results we observed that ∼30% of the RCTs reported a significant decrease in body weight and body mass index (BMI) and ∼50% found a significant reduction in waist circumference and total fat mass.,,,,,,,,,detail_hint,expansion_queue,pending,
PMID:37084470,PubMed,37084470,Randomized controlled trials reporting the effects of probiotics in individuals with overweight and obesity: A critical review of the interventions and body adiposity parameters.,body_fat,As main results we observed that ∼30% of the RCTs reported a significant decrease in body weight and body mass index (BMI) and ∼50% found a significant reduction in waist circumference and total fat mass.,,,,,,,,,detail_hint,expansion_queue,pending,
PMID:34444671,PubMed,34444671,Effects of 60-Day,weight,"Intervention group showed a statistically significant (p < 0.05) decrease of body weight, BMI, fat mass, insulin, HOMA Index and uric acid.",p < 0.05,,,,,,,,detail_hint,expansion_queue,pending,
PMID:34444671,PubMed,34444671,Effects of 60-Day,BMI,"Intervention group showed a statistically significant (p < 0.05) decrease of body weight, BMI, fat mass, insulin, HOMA Index and uric acid.",p < 0.05,,,,,,,,detail_hint,expansion_queue,pending,
PMID:34444671,PubMed,34444671,Effects of 60-Day,body_fat,"Intervention group showed a statistically significant (p < 0.05) decrease of body weight, BMI, fat mass, insulin, HOMA Index and uric acid.",p < 0.05,,,,,,,,detail_hint,expansion_queue,pending,
PMID:34444671,PubMed,34444671,Effects of 60-Day,glucose,"Intervention group showed a statistically significant (p < 0.05) decrease of body weight, BMI, fat mass, insulin, HOMA Index and uric acid.",p < 0.05,,,,,,,,detail_hint,expansion_queue,pending,
PMID:32234652,PubMed,32234652,Gut microbiota composition after diet and probiotics in overweight breast cancer survivors: a randomized open-label pilot intervention trial.,weight,"Significant reductions of body weight, body mass index, fasting glucose, and homeostasis model assessment of insulin resistance were identified at T4 in both groups; in the intervention group waist circumference (P = 0.012), waist-to-hip ratio (P = 0.045), and fasting insulin (P = 0.017) also significantly decreased.; Probiotics in addition to an MD positively influence gut microbiota and improve metabolic and anthropometric parameters compared with an MD alone.",P = 0.01; P = 0.004; P = 0.012; P = 0.045; P = 0.017,,,,,,,n = 16; n = 18,detail_hint,expansion_queue,pending,
PMID:32234652,PubMed,32234652,Gut microbiota composition after diet and probiotics in overweight breast cancer survivors: a randomized open-label pilot intervention trial.,BMI,"Significant reductions of body weight, body mass index, fasting glucose, and homeostasis model assessment of insulin resistance were identified at T4 in both groups; in the intervention group waist circumference (P = 0.012), waist-to-hip ratio (P = 0.045), and fasting insulin (P = 0.017) also significantly decreased.; Probiotics in addition to an MD positively influence gut microbiota and improve metabolic and anthropometric parameters compared with an MD alone.",P = 0.01; P = 0.004; P = 0.012; P = 0.045; P = 0.017,,,,,,,n = 16; n = 18,detail_hint,expansion_queue,pending,
PMID:32234652,PubMed,32234652,Gut microbiota composition after diet and probiotics in overweight breast cancer survivors: a randomized open-label pilot intervention trial.,waist,"Significant reductions of body weight, body mass index, fasting glucose, and homeostasis model assessment of insulin resistance were identified at T4 in both groups; in the intervention group waist circumference (P = 0.012), waist-to-hip ratio (P = 0.045), and fasting insulin (P = 0.017) also significantly decreased.; Probiotics in addition to an MD positively influence gut microbiota and improve metabolic and anthropometric parameters compared with an MD alone.",P = 0.01; P = 0.004; P = 0.012; P = 0.045; P = 0.017,,,,,,,n = 16; n = 18,detail_hint,expansion_queue,pending,
PMID:32234652,PubMed,32234652,Gut microbiota composition after diet and probiotics in overweight breast cancer survivors: a randomized open-label pilot intervention trial.,glucose,"Significant reductions of body weight, body mass index, fasting glucose, and homeostasis model assessment of insulin resistance were identified at T4 in both groups; in the intervention group waist circumference (P = 0.012), waist-to-hip ratio (P = 0.045), and fasting insulin (P = 0.017) also significantly decreased.; Probiotics in addition to an MD positively influence gut microbiota and improve metabolic and anthropometric parameters compared with an MD alone.",P = 0.01; P = 0.004; P = 0.012; P = 0.045; P = 0.017,,,,,,,n = 16; n = 18,detail_hint,expansion_queue,pending,
PMID:32234652,PubMed,32234652,Gut microbiota composition after diet and probiotics in overweight breast cancer survivors: a randomized open-label pilot intervention trial.,microbiome,Intestinal microbiota analysis was performed at T0 and T2.; After 2 mo of probiotic administration the number of bacterial species (P = 0.01) and the bacterial diversity assessed with the Chao1 index (P = 0.004) significantly increased; no significant variations were detected after diet alone.,P = 0.01; P = 0.004; P = 0.012; P = 0.045; P = 0.017,,,,,,,n = 16; n = 18,detail_hint,expansion_queue,pending,
PMID:28730743,PubMed,28730743,Inulin-type fructans and whey protein both modulate appetite but only fructans alter gut microbiota in adults with overweight/obesity: A randomized controlled trial.,weight,"Independently, prebiotics and dietary protein have been shown to improve weight loss and/or alter appetite.",,,,,,,,125 adults,detail_hint,expansion_queue,pending,
PMID:28730743,PubMed,28730743,Inulin-type fructans and whey protein both modulate appetite but only fructans alter gut microbiota in adults with overweight/obesity: A randomized controlled trial.,body_fat,"Compared to Control, body fat was significantly reduced in the Whey protein group at 12 wks.",,,,,,,,125 adults,detail_hint,expansion_queue,pending,
PMID:24795503,PubMed,24795503,"Effect of probiotic (VSL#3) and omega-3 on lipid profile, insulin sensitivity, inflammatory markers, and gut colonization in overweight adults: a randomized, controlled trial.",glucose,"VSL#3 improved insulin sensitivity (P < 0.01), decreased hsCRP, and favorably affected the composition of gut microbiota.",P < 0.05; P < 0.01,,,,,,,,detail_hint,expansion_queue,pending,
PMID:24795503,PubMed,24795503,"Effect of probiotic (VSL#3) and omega-3 on lipid profile, insulin sensitivity, inflammatory markers, and gut colonization in overweight adults: a randomized, controlled trial.",lipid,"The probiotic (VSL#3) supplemented group had significant reduction in total cholesterol, triglyceride, LDL, and VLDL and had increased HDL (P < 0.05) value.",P < 0.05; P < 0.01,,,,,,,,detail_hint,expansion_queue,pending,
PMID:24795503,PubMed,24795503,"Effect of probiotic (VSL#3) and omega-3 on lipid profile, insulin sensitivity, inflammatory markers, and gut colonization in overweight adults: a randomized, controlled trial.",microbiome,"VSL#3 improved insulin sensitivity (P < 0.01), decreased hsCRP, and favorably affected the composition of gut microbiota.",P < 0.05; P < 0.01,,,,,,,,detail_hint,expansion_queue,pending,
EUROPEPMC:42197276,PubMed,42197276,Combined Probiotic,lipid,"In the active group, significant reductions in total cholesterol, LDL-cholesterol, non-HDL cholesterol, and apolipoprotein B were observed at multiple time points during the treatment phase, with changes generally greater in magnitude compared with the placebo group.",,,,,,,,,detail_hint,expansion_queue,pending,
EUROPEPMC:42197276,PubMed,42197276,Combined Probiotic,microbiome,"Overall, this feasibility study provides exploratory findings that a combined Lactiplantibacillus plantarum ECGC 13110402-phytosterol formulation may support lipid management and beneficially modulate gut microbiota in adults with CeD, particularly for those seeking non-pharmacological approaches to improving cardiometabolic health biomarkers.",,,,,,,,,detail_hint,expansion_queue,pending,
PMID:41609510,PubMed,41609510,Supplementation With,waist,"This randomized, prospective, triple-blind, placebo-controlled clinical trial aimed to evaluate the effects of Lactococcus lactis, a probiotic with anti-inflammatory properties, on cardiometabolic risk factors associated with obesity.; Fifty-two adults with elevated waist circumference and at least one additional metabolic alteration, such as elevated blood pressure, triglycerides, or glucose or reduced high-density lipoprotein cholesterol were recruited and randomly assigned to either a probiot",,,,,,,,n = 26; 5 participants; 21 participants,detail_hint,expansion_queue,pending,
PMID:41609510,PubMed,41609510,Supplementation With,glucose,"This randomized, prospective, triple-blind, placebo-controlled clinical trial aimed to evaluate the effects of Lactococcus lactis, a probiotic with anti-inflammatory properties, on cardiometabolic risk factors associated with obesity.; Fifty-two adults with elevated waist circumference and at least one additional metabolic alteration, such as elevated blood pressure, triglycerides, or glucose or reduced high-density lipoprotein cholesterol were recruited and randomly assigned to either a probiot",,,,,,,,n = 26; 5 participants; 21 participants,detail_hint,expansion_queue,pending,
PMID:41609510,PubMed,41609510,Supplementation With,lipid,"This randomized, prospective, triple-blind, placebo-controlled clinical trial aimed to evaluate the effects of Lactococcus lactis, a probiotic with anti-inflammatory properties, on cardiometabolic risk factors associated with obesity.; Fifty-two adults with elevated waist circumference and at least one additional metabolic alteration, such as elevated blood pressure, triglycerides, or glucose or reduced high-density lipoprotein cholesterol were recruited and randomly assigned to either a probiot",,,,,,,,n = 26; 5 participants; 21 participants,detail_hint,expansion_queue,pending,
PMID:41667211,PubMed,41667211,Big breakfast diet composition impacts on appetite control and gut health: a randomised weight loss trial in adults with overweight or obesity.,microbiome,"The faecal microbiota analysis showed beneficial groups of bacteria, including bifidobacteria, and the butyrate producers Faecalibacterium and Roseburia, were significantly increased in proportional abundance on the HFWL diet.",,,,,,,,,detail_hint,expansion_queue,pending,
PMID:41997541,PubMed,41997541,"Combined effectiveness of omega-3 PUFA-rich fish oil supplementation and high-intensity interval training in obesity associated metabolic dysfunction: Protocol for a double-blind, randomized clinical trial.",BMI,"This study investigates the combined impact of n-3 PUFA supplementation and high-intensity interval training (HIIT) on obesity-related inflammation and gut microbiota dysbiosis, hypothesizing that improvements in gut microbiota composition driven by n-3 PUFAs may enhance the metabolic benefits of exercise.; Adults with a body mass index (BMI) ≥ 25 kg/m2 are randomized to receive either 4 g/day n-3 PUFA or safflower oil (placebo) for 10 weeks.",,,,,,,,,detail_hint,expansion_queue,pending,
PMID:41997541,PubMed,41997541,"Combined effectiveness of omega-3 PUFA-rich fish oil supplementation and high-intensity interval training in obesity associated metabolic dysfunction: Protocol for a double-blind, randomized clinical trial.",microbiome,"This study investigates the combined impact of n-3 PUFA supplementation and high-intensity interval training (HIIT) on obesity-related inflammation and gut microbiota dysbiosis, hypothesizing that improvements in gut microbiota composition driven by n-3 PUFAs may enhance the metabolic benefits of exercise.; Adults with a body mass index (BMI) ≥ 25 kg/m2 are randomized to receive either 4 g/day n-3 PUFA or safflower oil (placebo) for 10 weeks.",,,,,,,,,detail_hint,expansion_queue,pending,
PMID:42097279,PubMed,42097279,Gut microbiota responses to isocaloric macronutrient modulation in tissue-specific insulin resistance: a secondary analysis of the PERSonalized glucose Optimization through Nutritional intervention (PERSON) randomized trial.,BMI,"It remains unclear whether these improvements may partially be explained by gut microbiota-related mechanisms.; We investigated whether 12-wk high monounsaturated fatty acid (HMUFA) and low-fat, high-protein, high-fiber diets (LFHP) impact gut microbiota composition and functionality in people with predominant muscle IR (MIR) compared with liver IR (LIR) in relation to cardiometabolic health improvements.; This 2-center, randomized, double-blind, dietary intervention trial included 179 individua",P < 0.05; P < 0.001; P = 0.0001,,,,,,,179 individuals,detail_hint,expansion_queue,pending,
PMID:42097279,PubMed,42097279,Gut microbiota responses to isocaloric macronutrient modulation in tissue-specific insulin resistance: a secondary analysis of the PERSonalized glucose Optimization through Nutritional intervention (PERSON) randomized trial.,glucose,We previously showed that dietary macronutrient modulation targeting tissue-specific insulin resistance (IR) phenotypes induced pronounced improvements in cardiometabolic health.,P < 0.05; P < 0.001; P = 0.0001,,,,,,,179 individuals,detail_hint,expansion_queue,pending,
PMID:42097279,PubMed,42097279,Gut microbiota responses to isocaloric macronutrient modulation in tissue-specific insulin resistance: a secondary analysis of the PERSonalized glucose Optimization through Nutritional intervention (PERSON) randomized trial.,microbiome,"It remains unclear whether these improvements may partially be explained by gut microbiota-related mechanisms.; We investigated whether 12-wk high monounsaturated fatty acid (HMUFA) and low-fat, high-protein, high-fiber diets (LFHP) impact gut microbiota composition and functionality in people with predominant muscle IR (MIR) compared with liver IR (LIR) in relation to cardiometabolic health improvements.; This 2-center, randomized, double-blind, dietary intervention trial included 179 individua",P < 0.05; P < 0.001; P = 0.0001,,,,,,,179 individuals,detail_hint,expansion_queue,pending,
PMID:42142662,PubMed,42142662,"The Effects of a Powdered Meal Replacement on Inflammation, Gut Microbiota, and Metabolism in People With Excess Body Weight-A Randomized Controlled Trial.",lipid,"In exploratory outcomes, PMR increased lean soft tissue [0.57 (0.12, 1.02) kg, P = 0.014] and reduced total cholesterol [-0.33 (-0.58, -0.08) mmol/L, P = 0.01] and low-density lipoprotein cholesterol [-0.28 (-0.46, -0.10) mmol/L, P = 0.003].; In this population, PMR intake did not improve chronic low-grade inflammation and had limited effects on gut microbiota, but was associated with improvements in lean soft tissue and lipid profile that warrant further exploration.",P < 0.001; P = 0.412; P = 0.014; P = 0.01; P = 0.003,,,,,,,n = 34; n = 29,detail_hint,expansion_queue,pending,
PMID:42142662,PubMed,42142662,"The Effects of a Powdered Meal Replacement on Inflammation, Gut Microbiota, and Metabolism in People With Excess Body Weight-A Randomized Controlled Trial.",microbiome,"Minor changes in gut microbiota composition included an increase in relative abundance of Subdoligranulum (0.72 Log2 fold-change, q = 0.002).",P < 0.001; P = 0.412; P = 0.014; P = 0.01; P = 0.003,,,,,,,n = 34; n = 29,detail_hint,expansion_queue,pending,
EUROPEPMC:40676704,PubMed,40676704,"Multi-omics analyses the effect of Bifidobacterium longum subsp. longum BL21 supplementation on overweight and obese subjects: a randomized, double-blind, placebo-controlled study.",weight,"longum strain BL21 on gut microbiota, serum metabolomics, body weight and lipids profiles in overweight and obese participants.; Following the intervention, both the BL21 group (1.22 ± 2.78, P = 0.02) and placebo group (0.98 ± 2.06, P = 0.01) demonstrated significant body weight reductions, with no statistically significant intergroup difference observed (P = 0.81).",P = 0.02; P = 0.01; P = 0.81; P = 0.04,,,,,,,,detail_hint,expansion_queue,pending,
EUROPEPMC:40676704,PubMed,40676704,"Multi-omics analyses the effect of Bifidobacterium longum subsp. longum BL21 supplementation on overweight and obese subjects: a randomized, double-blind, placebo-controlled study.",lipid,"longum strain BL21 on gut microbiota, serum metabolomics, body weight and lipids profiles in overweight and obese participants.; Following the intervention, both the BL21 group (1.22 ± 2.78, P = 0.02) and placebo group (0.98 ± 2.06, P = 0.01) demonstrated significant body weight reductions, with no statistically significant intergroup difference observed (P = 0.81).",P = 0.02; P = 0.01; P = 0.81; P = 0.04,,,,,,,,detail_hint,expansion_queue,pending,
EUROPEPMC:40676704,PubMed,40676704,"Multi-omics analyses the effect of Bifidobacterium longum subsp. longum BL21 supplementation on overweight and obese subjects: a randomized, double-blind, placebo-controlled study.",microbiome,"longum strain BL21 on gut microbiota, serum metabolomics, body weight and lipids profiles in overweight and obese participants.; Following the intervention, both the BL21 group (1.22 ± 2.78, P = 0.02) and placebo group (0.98 ± 2.06, P = 0.01) demonstrated significant body weight reductions, with no statistically significant intergroup difference observed (P = 0.81).",P = 0.02; P = 0.01; P = 0.81; P = 0.04,,,,,,,,detail_hint,expansion_queue,pending,
NCT:NCT07306988,ClinicalTrials.gov,NCT07306988,Eradication of Helicobacter Pylori Improves Metabolic Syndrome Through Modulation of Gut Microbiota.,microbiome,Eradication of Helicobacter Pylori Improves Metabolic Syndrome Through Modulation of Gut Microbiota.,,,,,,,,120,detail_hint,expansion_queue,pending,
PMID:40390848,PubMed,40390848,Effects of Daily Kombu (,body_fat,"Effects of Daily Kombu ( Visceral obesity is considered to have a significant role in the development of metabolic syndrome; therefore, a diet that suppresses visceral fat accumulation could prevent its onset.",,,,,,,,,detail_hint,expansion_queue,pending,
PMID:40390848,PubMed,40390848,Effects of Daily Kombu (,microbiome,"The effects of kombu consumption on reducing body fat and associated changes in gut microbiota were assessed in a randomized, double-blind, placebo-controlled intervention study in Japanese adults.",,,,,,,,,detail_hint,expansion_queue,pending,
PMID:40536121,PubMed,40536121,"Interaction between dietary omega-3 polyunsaturated fatty acids, obesity and gut microbiota in preclinical models: A systematic review of randomized controlled trials.",weight,Emerging research underscores the potential of omega-3 polyunsaturated fatty acids (PUFAs) in weight reduction and modulation of the gut microbiota.,,,,,,,,,detail_hint,expansion_queue,pending,
PMID:40536121,PubMed,40536121,"Interaction between dietary omega-3 polyunsaturated fatty acids, obesity and gut microbiota in preclinical models: A systematic review of randomized controlled trials.",microbiome,Emerging research underscores the potential of omega-3 polyunsaturated fatty acids (PUFAs) in weight reduction and modulation of the gut microbiota.,,,,,,,,,detail_hint,expansion_queue,pending,
PMID:40977640,PubMed,40977640,Effects of dietary energy restriction of ultra-processed foods compared to a generic energy restriction on the intestinal microbiota of individuals with obesity: a secondary analysis of a randomized clinical trial.,waist,"%UPF consumption significantly decreased in the group that restricted UPF (p-interaction = 0.01), whereas waist circumference and body fat decreased in both groups (p-moment < 0.01).",p = 0.02,,,,,,,43 individuals; 34 individuals,detail_hint,expansion_queue,pending,
PMID:40977640,PubMed,40977640,Effects of dietary energy restriction of ultra-processed foods compared to a generic energy restriction on the intestinal microbiota of individuals with obesity: a secondary analysis of a randomized clinical trial.,body_fat,"%UPF consumption significantly decreased in the group that restricted UPF (p-interaction = 0.01), whereas waist circumference and body fat decreased in both groups (p-moment < 0.01).",p = 0.02,,,,,,,43 individuals; 34 individuals,detail_hint,expansion_queue,pending,
PMID:41141981,PubMed,41141981,Investigating the Microbiota-Gut-Brain Axis Mechanisms of Transcutaneous Auricular Vagus Nerve Stimulation in Patients with Obesity: A Study Protocol for a Randomized Controlled Trial.,weight,"This study aims to evaluate the short-term efficacy of taVNS in reducing body weight in patients with obesity and to explore its underlying mechanisms by assessing changes in neural activity and gut microbial composition.; This single-center, randomized controlled trial will enroll 74 patients with obesity, who will be randomized in a 1:1 ratio to receive either taVNS (electrical stimulation delivered to the left cymba conchae) or sham taVNS (stimulation at the tail of the helix).",,,,,,,,74 patients,detail_hint,expansion_queue,pending,
PMID:41141981,PubMed,41141981,Investigating the Microbiota-Gut-Brain Axis Mechanisms of Transcutaneous Auricular Vagus Nerve Stimulation in Patients with Obesity: A Study Protocol for a Randomized Controlled Trial.,BMI,"Secondary outcomes will include anthropometric measures such as changes in body mass index (BMI), waist circumference, hip circumference, body fat percentage, and visceral fat area.",,,,,,,,74 patients,detail_hint,expansion_queue,pending,
PMID:41141981,PubMed,41141981,Investigating the Microbiota-Gut-Brain Axis Mechanisms of Transcutaneous Auricular Vagus Nerve Stimulation in Patients with Obesity: A Study Protocol for a Randomized Controlled Trial.,waist,"Secondary outcomes will include anthropometric measures such as changes in body mass index (BMI), waist circumference, hip circumference, body fat percentage, and visceral fat area.",,,,,,,,74 patients,detail_hint,expansion_queue,pending,
PMID:41141981,PubMed,41141981,Investigating the Microbiota-Gut-Brain Axis Mechanisms of Transcutaneous Auricular Vagus Nerve Stimulation in Patients with Obesity: A Study Protocol for a Randomized Controlled Trial.,body_fat,"Secondary outcomes will include anthropometric measures such as changes in body mass index (BMI), waist circumference, hip circumference, body fat percentage, and visceral fat area.",,,,,,,,74 patients,detail_hint,expansion_queue,pending,
PMID:41163367,PubMed,41163367,Gut enterotype- and body mass index (BMI)-dependent effects of anthocyanin supplementation on gut microbiota composition in individuals at risk for cognitive decline: a randomized placebo-controlled trial.,weight,"BMI-specific responses included enrichment of Oscillibacter and Ezakiella in healthy-weight individuals and Bacteroidota taxa in obese participants, alongside consistent reductions in Firmicutes.",,,,,,,,n = 99,detail_hint,expansion_queue,pending,
PMID:41163367,PubMed,41163367,Gut enterotype- and body mass index (BMI)-dependent effects of anthocyanin supplementation on gut microbiota composition in individuals at risk for cognitive decline: a randomized placebo-controlled trial.,BMI,"BMI-specific responses included enrichment of Oscillibacter and Ezakiella in healthy-weight individuals and Bacteroidota taxa in obese participants, alongside consistent reductions in Firmicutes.",,,,,,,,n = 99,detail_hint,expansion_queue,pending,
PMID:37793780,PubMed,37793780,Prebiotic diet changes neural correlates of food decision-making in overweight adults: a randomised controlled within-subject cross-over trial.,microbiome,"Animal studies suggest that prebiotic, plant-derived nutrients could improve homoeostatic and hedonic brain functions through improvements in microbiome-gut-brain communication.",p <0.05,,,,,,,,detail_hint,expansion_queue,pending,
PMID:38246355,PubMed,38246355,Daily Cashew and Brazil Nut Consumption Modifies Intestinal Health in Overweight Women on Energy-Restricted Intervention: A Randomized Controlled Trial (Brazilian Nuts Study).,weight,"Nuts can provide nutrients and bioactive compounds that modulate gut microbiota and inflammation, enhancing the beneficial effects of weight loss.; To evaluate the effect of consuming cashew nuts (Anacardium occidentale L.) and Brazil nuts (Bertholletia excelsa H.B.K) on intestinal permeability and microbiota, fecal SCFAs and pH, inflammation, and weight loss in energy restriction condition.; In this 8-week randomized controlled trial, 40 women with overweight or obesity were assigned to energy-",P < 0.05,,,,,,,,detail_hint,expansion_queue,pending,
PMID:38246355,PubMed,38246355,Daily Cashew and Brazil Nut Consumption Modifies Intestinal Health in Overweight Women on Energy-Restricted Intervention: A Randomized Controlled Trial (Brazilian Nuts Study).,body_fat,"Changes in intestinal permeability were correlated to a greater reduction in body fat (kg), and IL-8, and increases in Ruminococcus abundance.; Our findings demonstrate a positive impact of BN consumption within an energy-restricted context, linked to the augmentation of potentially beneficial bacteria and pathways associated with body fat reduction.",P < 0.05,,,,,,,,detail_hint,expansion_queue,pending,
PMID:38246355,PubMed,38246355,Daily Cashew and Brazil Nut Consumption Modifies Intestinal Health in Overweight Women on Energy-Restricted Intervention: A Randomized Controlled Trial (Brazilian Nuts Study).,microbiome,"Nuts can provide nutrients and bioactive compounds that modulate gut microbiota and inflammation, enhancing the beneficial effects of weight loss.; To evaluate the effect of consuming cashew nuts (Anacardium occidentale L.) and Brazil nuts (Bertholletia excelsa H.B.K) on intestinal permeability and microbiota, fecal SCFAs and pH, inflammation, and weight loss in energy restriction condition.; In this 8-week randomized controlled trial, 40 women with overweight or obesity were assigned to energy-",P < 0.05,,,,,,,,detail_hint,expansion_queue,pending,
PMID:38713231,PubMed,38713231,"Effect of prebiotic fiber on physical function and gut microbiota in adults, mostly women, with knee osteoarthritis and obesity: a randomized controlled trial.",body_fat,Prebiotics enhance beneficial gut microbes and can reduce body fat and inflammation.,p = 0.059,,,,,,,n = 54; n = 31; n = 21,detail_hint,expansion_queue,pending,
PMID:38713231,PubMed,38713231,"Effect of prebiotic fiber on physical function and gut microbiota in adults, mostly women, with knee osteoarthritis and obesity: a randomized controlled trial.",microbiome,"Performance based-tests, knee pain, quality of life, serum metabolomics and inflammatory markers, and fecal microbiota and short-chain fatty acids were assessed.; Significant between group differences were detected for the change in timed-up-and-go test, 40 m fast paced walk test, and hand grip strength test from baseline that favored prebiotic over placebo.",p = 0.059,,,,,,,n = 54; n = 31; n = 21,detail_hint,expansion_queue,pending,
PMID:39594049,PubMed,39594049,"The Impact of Green Tea Kombucha on the Intestinal Health, Gut Microbiota, and Serum Metabolome of Individuals with Excess Body Weight in a Weight Loss Intervention: A Randomized Controlled Trial.",microbiome,"After the intervention, no differences related to intestinal permeability and microbiota were found between groups, but only the CG had increased fecal pH, lactulose/mannitol ratio, and zonulin.",,,,,,,,n = 29; n = 30,detail_hint,expansion_queue,pending,
PMID:39664910,PubMed,39664910,Effect of synbiotic supplementation on obesity and gut microbiota in obese adults: a double-blind randomized controlled trial.,waist,"Body composition, blood lipids, serum hormone, bile acids, and gut microbiota were measured pre-and post-intervention.; Synbiotics supplementation significantly decreased body fat percentage, waist, and serum low-density lipoprotein cholesterol (LDL-C), increased peptide YY, cholecystokinin, oxyntomodulin, GSH (glutathione peroxidase) in individuals with obesity.",,,,,,,,80 individuals,detail_hint,expansion_queue,pending,
PMID:39664910,PubMed,39664910,Effect of synbiotic supplementation on obesity and gut microbiota in obese adults: a double-blind randomized controlled trial.,body_fat,"Body composition, blood lipids, serum hormone, bile acids, and gut microbiota were measured pre-and post-intervention.; Synbiotics supplementation significantly decreased body fat percentage, waist, and serum low-density lipoprotein cholesterol (LDL-C), increased peptide YY, cholecystokinin, oxyntomodulin, GSH (glutathione peroxidase) in individuals with obesity.",,,,,,,,80 individuals,detail_hint,expansion_queue,pending,
PMID:39664910,PubMed,39664910,Effect of synbiotic supplementation on obesity and gut microbiota in obese adults: a double-blind randomized controlled trial.,lipid,"Body composition, blood lipids, serum hormone, bile acids, and gut microbiota were measured pre-and post-intervention.; Synbiotics supplementation significantly decreased body fat percentage, waist, and serum low-density lipoprotein cholesterol (LDL-C), increased peptide YY, cholecystokinin, oxyntomodulin, GSH (glutathione peroxidase) in individuals with obesity.",,,,,,,,80 individuals,detail_hint,expansion_queue,pending,
PMID:39664910,PubMed,39664910,Effect of synbiotic supplementation on obesity and gut microbiota in obese adults: a double-blind randomized controlled trial.,microbiome,"Body composition, blood lipids, serum hormone, bile acids, and gut microbiota were measured pre-and post-intervention.; Synbiotics supplementation significantly decreased body fat percentage, waist, and serum low-density lipoprotein cholesterol (LDL-C), increased peptide YY, cholecystokinin, oxyntomodulin, GSH (glutathione peroxidase) in individuals with obesity.",,,,,,,,80 individuals,detail_hint,expansion_queue,pending,
PMID:35714163,PubMed,35714163,,weight,"Results: Although probiotic supplementation did not potentiate the reduction in body weight or fat mass, a significant decrease in plasma insulin, HOMA-IR, LDL-cholesterol and triglycerides was observed in the probiotic-supplemented group only.",,,,,,,,152 adults,detail_hint,expansion_queue,pending,
PMID:35714163,PubMed,35714163,,body_fat,"Results: Although probiotic supplementation did not potentiate the reduction in body weight or fat mass, a significant decrease in plasma insulin, HOMA-IR, LDL-cholesterol and triglycerides was observed in the probiotic-supplemented group only.",,,,,,,,152 adults,detail_hint,expansion_queue,pending,
PMID:35714163,PubMed,35714163,,glucose,"Results: Although probiotic supplementation did not potentiate the reduction in body weight or fat mass, a significant decrease in plasma insulin, HOMA-IR, LDL-cholesterol and triglycerides was observed in the probiotic-supplemented group only.",,,,,,,,152 adults,detail_hint,expansion_queue,pending,
PMID:35714163,PubMed,35714163,,lipid,"Results: Although probiotic supplementation did not potentiate the reduction in body weight or fat mass, a significant decrease in plasma insulin, HOMA-IR, LDL-cholesterol and triglycerides was observed in the probiotic-supplemented group only.",,,,,,,,152 adults,detail_hint,expansion_queue,pending,
PMID:37082115,PubMed,37082115,Time-restricted feeding's effect on overweight and obese patients with chronic kidney disease stages 3-4: A prospective non-randomized control pilot study.,weight,We recruited overweight and obese patients with CKD stages 3-4 from an outpatient clinic and assigned them to either a TRF group or a control diet (CD) group according to their preferences.,,,,,,,,,detail_hint,expansion_queue,pending,
PMID:37082115,PubMed,37082115,Time-restricted feeding's effect on overweight and obese patients with chronic kidney disease stages 3-4: A prospective non-randomized control pilot study.,body_fat,"In addition, the TRF group showed a significant decrease in body weight (Δ = -2.8 ± 2.9 kg) compared to the CD group, and body composition indicated the same decrease in body fat mass, fat free mass and body water.",,,,,,,,,detail_hint,expansion_queue,pending,
PMID:37082115,PubMed,37082115,Time-restricted feeding's effect on overweight and obese patients with chronic kidney disease stages 3-4: A prospective non-randomized control pilot study.,microbiome,"Changes in renal function, other biochemical data, anthropometric parameters, gut microbiota, and adverse events were measured before the intervention and after 12 weeks.; The change in estimated glomerular filtration rate (eGFR) before and after intervention in the TRF group (Δ = 3.1 ± 5.3 ml/min/1.73m2) showed significant improvement compared with the CD group (Δ = -0.8 ± 4.4 ml/min/1.73m2).",,,,,,,,,detail_hint,expansion_queue,pending,
PMID:37709337,PubMed,37709337,Impact of a Powdered Meal Replacement on Metabolism and Gut Microbiota (PREMIUM) in individuals with excessive body weight: a study protocol for a randomised controlled trial.,weight,"The aim of this 12-week randomised control clinical trial is to investigate the effects of PMR consumption, here given as a soy-yoghurt-honey formula, on inflammation, gut microbiome and overall metabolism in individuals with excessive body weight.; Healthy adults with excess body weight (n=88) are being recruited and randomly assigned to one of the following groups: (1) Control group (CON): maintaining usual diet for 12 weeks, or (2) PMR group: replacing morning and afternoon snacks daily with",,,,,,,,n=88,detail_hint,expansion_queue,pending,
PMID:37709337,PubMed,37709337,Impact of a Powdered Meal Replacement on Metabolism and Gut Microbiota (PREMIUM) in individuals with excessive body weight: a study protocol for a randomised controlled trial.,microbiome,"The aim of this 12-week randomised control clinical trial is to investigate the effects of PMR consumption, here given as a soy-yoghurt-honey formula, on inflammation, gut microbiome and overall metabolism in individuals with excessive body weight.; Healthy adults with excess body weight (n=88) are being recruited and randomly assigned to one of the following groups: (1) Control group (CON): maintaining usual diet for 12 weeks, or (2) PMR group: replacing morning and afternoon snacks daily with",,,,,,,,n=88,detail_hint,expansion_queue,pending,
PMID:35247098,PubMed,35247098,"Impact of wheat aleurone on biomarkers of cardiovascular disease, gut microbiota and metabolites in adults with high body mass index: a double-blind, placebo-controlled, randomized clinical trial.",weight,"Secondary objectives included changes in CVD biomarkers, fecal microbiota composition and plasma/urine metabolite profiles.; A parallel double-blind, placebo-controlled and randomized trial was carried out in two groups of obese/overweight subjects, matched for age, BMI and gender, consuming foods supplemented with either aleurone (27 g/day) (AL, n = 34) or cellulose (placebo treatment, PL, n = 33) for 4 weeks.; No significant changes in plasma homocysteine or other clinical markers were observe",,,,,,,,n = 34; n = 33,detail_hint,expansion_queue,pending,
PMID:35247098,PubMed,35247098,"Impact of wheat aleurone on biomarkers of cardiovascular disease, gut microbiota and metabolites in adults with high body mass index: a double-blind, placebo-controlled, randomized clinical trial.",BMI,"Secondary objectives included changes in CVD biomarkers, fecal microbiota composition and plasma/urine metabolite profiles.; A parallel double-blind, placebo-controlled and randomized trial was carried out in two groups of obese/overweight subjects, matched for age, BMI and gender, consuming foods supplemented with either aleurone (27 g/day) (AL, n = 34) or cellulose (placebo treatment, PL, n = 33) for 4 weeks.; No significant changes in plasma homocysteine or other clinical markers were observe",,,,,,,,n = 34; n = 33,detail_hint,expansion_queue,pending,
PMID:35247098,PubMed,35247098,"Impact of wheat aleurone on biomarkers of cardiovascular disease, gut microbiota and metabolites in adults with high body mass index: a double-blind, placebo-controlled, randomized clinical trial.",microbiome,"Secondary objectives included changes in CVD biomarkers, fecal microbiota composition and plasma/urine metabolite profiles.; A parallel double-blind, placebo-controlled and randomized trial was carried out in two groups of obese/overweight subjects, matched for age, BMI and gender, consuming foods supplemented with either aleurone (27 g/day) (AL, n = 34) or cellulose (placebo treatment, PL, n = 33) for 4 weeks.; No significant changes in plasma homocysteine or other clinical markers were observe",,,,,,,,n = 34; n = 33,detail_hint,expansion_queue,pending,
PMID:35351144,PubMed,35351144,Physical activity enhances the improvement of body mass index and metabolism by inulin: a multicenter randomized placebo-controlled trial performed in obese individuals.,BMI,Physical activity enhances the improvement of body mass index and metabolism by inulin: a multicenter randomized placebo-controlled trial performed in obese individuals.,,,,,,,,106 patients; 61 patients; n = 31; n = 30,detail_hint,expansion_queue,pending,
PMID:35351144,PubMed,35351144,Physical activity enhances the improvement of body mass index and metabolism by inulin: a multicenter randomized placebo-controlled trial performed in obese individuals.,glucose,"In parallel, a preclinical study was designed combining both inulin supplementation and voluntary exercise in a model of diet-induced obesity in mice.; Obese subjects who increased PA during a 3 months intervention with inulin-enriched diet exhibited several clinical improvements such as reduced BMI (- 1.6 kg/m2), decreased liver enzymes and plasma cholesterol, and improved glucose tolerance.",,,,,,,,106 patients; 61 patients; n = 31; n = 30,detail_hint,expansion_queue,pending,
PMID:35351144,PubMed,35351144,Physical activity enhances the improvement of body mass index and metabolism by inulin: a multicenter randomized placebo-controlled trial performed in obese individuals.,lipid,"In parallel, a preclinical study was designed combining both inulin supplementation and voluntary exercise in a model of diet-induced obesity in mice.; Obese subjects who increased PA during a 3 months intervention with inulin-enriched diet exhibited several clinical improvements such as reduced BMI (- 1.6 kg/m2), decreased liver enzymes and plasma cholesterol, and improved glucose tolerance.",,,,,,,,106 patients; 61 patients; n = 31; n = 30,detail_hint,expansion_queue,pending,
PMID:35351144,PubMed,35351144,Physical activity enhances the improvement of body mass index and metabolism by inulin: a multicenter randomized placebo-controlled trial performed in obese individuals.,microbiome,Dietary interventions targeting the gut microbiota have been proposed as innovative strategies to improve obesity-associated metabolic disorders.,,,,,,,,106 patients; 61 patients; n = 31; n = 30,detail_hint,expansion_queue,pending,
NCT:NCT04886778,ClinicalTrials.gov,NCT04886778,Efficacy and Safety of Low-Carbohydrate Diet Combined With Probiotics for Weight Loss in Male Obese Patients.,weight,Phased changes in body weight at 4th and 8th weeks.; Phased changes in body mass index at 4th and 8th weeks.; Changes in fasting blood glucose.; Changes in fasting insulin.; Changes in insulin resistance index (HOMA-IR) .; Changes in waist circumference.; Changes in waist-to-hip ratio.; Changes in triglycerides in the blood.; Changes in total cholesterol in the blood.; Changes in low-density lipoprotein in the blood.; Changes in high-density lipoprotein in the blood.; Changes in body fat percent,,,,,,,,44,detail_hint,expansion_queue,pending,
NCT:NCT04886778,ClinicalTrials.gov,NCT04886778,Efficacy and Safety of Low-Carbohydrate Diet Combined With Probiotics for Weight Loss in Male Obese Patients.,BMI,Phased changes in body weight at 4th and 8th weeks.; Phased changes in body mass index at 4th and 8th weeks.; Changes in fasting blood glucose.; Changes in fasting insulin.; Changes in insulin resistance index (HOMA-IR) .; Changes in waist circumference.; Changes in waist-to-hip ratio.; Changes in triglycerides in the blood.; Changes in total cholesterol in the blood.; Changes in low-density lipoprotein in the blood.; Changes in high-density lipoprotein in the blood.; Changes in body fat percent,,,,,,,,44,detail_hint,expansion_queue,pending,
NCT:NCT04886778,ClinicalTrials.gov,NCT04886778,Efficacy and Safety of Low-Carbohydrate Diet Combined With Probiotics for Weight Loss in Male Obese Patients.,waist,Phased changes in body weight at 4th and 8th weeks.; Phased changes in body mass index at 4th and 8th weeks.; Changes in fasting blood glucose.; Changes in fasting insulin.; Changes in insulin resistance index (HOMA-IR) .; Changes in waist circumference.; Changes in waist-to-hip ratio.; Changes in triglycerides in the blood.; Changes in total cholesterol in the blood.; Changes in low-density lipoprotein in the blood.; Changes in high-density lipoprotein in the blood.; Changes in body fat percent,,,,,,,,44,detail_hint,expansion_queue,pending,
NCT:NCT04886778,ClinicalTrials.gov,NCT04886778,Efficacy and Safety of Low-Carbohydrate Diet Combined With Probiotics for Weight Loss in Male Obese Patients.,body_fat,Phased changes in body weight at 4th and 8th weeks.; Phased changes in body mass index at 4th and 8th weeks.; Changes in fasting blood glucose.; Changes in fasting insulin.; Changes in insulin resistance index (HOMA-IR) .; Changes in waist circumference.; Changes in waist-to-hip ratio.; Changes in triglycerides in the blood.; Changes in total cholesterol in the blood.; Changes in low-density lipoprotein in the blood.; Changes in high-density lipoprotein in the blood.; Changes in body fat percent,,,,,,,,44,detail_hint,expansion_queue,pending,
NCT:NCT04886778,ClinicalTrials.gov,NCT04886778,Efficacy and Safety of Low-Carbohydrate Diet Combined With Probiotics for Weight Loss in Male Obese Patients.,glucose,Phased changes in body weight at 4th and 8th weeks.; Phased changes in body mass index at 4th and 8th weeks.; Changes in fasting blood glucose.; Changes in fasting insulin.; Changes in insulin resistance index (HOMA-IR) .; Changes in waist circumference.; Changes in waist-to-hip ratio.; Changes in triglycerides in the blood.; Changes in total cholesterol in the blood.; Changes in low-density lipoprotein in the blood.; Changes in high-density lipoprotein in the blood.; Changes in body fat percent,,,,,,,,44,detail_hint,expansion_queue,pending,
NCT:NCT04886778,ClinicalTrials.gov,NCT04886778,Efficacy and Safety of Low-Carbohydrate Diet Combined With Probiotics for Weight Loss in Male Obese Patients.,lipid,Phased changes in body weight at 4th and 8th weeks.; Phased changes in body mass index at 4th and 8th weeks.; Changes in fasting blood glucose.; Changes in fasting insulin.; Changes in insulin resistance index (HOMA-IR) .; Changes in waist circumference.; Changes in waist-to-hip ratio.; Changes in triglycerides in the blood.; Changes in total cholesterol in the blood.; Changes in low-density lipoprotein in the blood.; Changes in high-density lipoprotein in the blood.; Changes in body fat percent,,,,,,,,44,detail_hint,expansion_queue,pending,
PMID:32698957,PubMed,32698957,"The effect of synbiotic on glycemic profile and sex hormones in overweight and obese breast cancer survivors following a weight-loss diet: A randomized, triple-blind, controlled trial.",weight,"However, no significant changes were observed in serum insulin, fasting plasma glucose, HbA1c, HOMA-IR, IGF-1, estradiol, testosterone, DHEA-S and sex hormone binding globulin between-groups at the end of the intervention.; Overall, as the 8-week synbiotic consumption compared with placebo had insignificant-reducing effects on glycemic profile, IGF-1 and sex hormones among overweight and obese postmenopausal BCSs, synbiotics may exert considerable beneficial consequences, which need to be furthe",P = 0.006; P = 0.007,,,,,,,n = 38,detail_hint,expansion_queue,pending,
PMID:32698957,PubMed,32698957,"The effect of synbiotic on glycemic profile and sex hormones in overweight and obese breast cancer survivors following a weight-loss diet: A randomized, triple-blind, controlled trial.",glucose,"Body composition, physical activity, glycemic profile, IGF-1, estradiol, testosterone and dehydroepiandrosterone sulfate (DHEA-S) were measured at baseline and after 8 weeks.; A significant reduction in serum insulin (median change (Q1, Q3) from baseline of -1.05 (-2.36, 0.32) μIU/mL; P = 0.006) and insulin resistance (HOMA-IR) (mean change (SD) from baseline of -4.0 (0.9); P = 0.007) were seen over the 8 weeks in the synbiotic group.",P = 0.006; P = 0.007,,,,,,,n = 38,detail_hint,expansion_queue,pending,
PMID:33143755,PubMed,33143755,Weight gain and body composition during pregnancy: a randomised pilot trial with probiotics and/or fish oil.,body_fat,Intervention did not influence mean GWG or change in body fat mass/percentage (P > 0·17).,,,,,,,,,detail_hint,expansion_queue,pending,
PMID:33827639,PubMed,33827639,"Effect of a prebiotic supplement on knee joint function, gut microbiota, and inflammation in adults with co-morbid obesity and knee osteoarthritis: study protocol for a randomized controlled trial.",BMI,"Therefore, the purpose of this double-blind, placebo-controlled, randomized trial is to determine if prebiotic supplementation can, through positive changes in the gut microbiota, improve knee function and physical performance in adults with obesity and knee OA.; Adults (n = 60) with co-morbid obesity (BMI > 30 kg/m2) and knee OA (Kellgren-Lawrence grade II-III) will be recruited from the Alberta Hip and Knee Clinic and the Rocky Mountain Health Clinic and surrounding community of Calgary, Canad",,,,,,,,n = 60,detail_hint,expansion_queue,pending,
PMID:33827639,PubMed,33827639,"Effect of a prebiotic supplement on knee joint function, gut microbiota, and inflammation in adults with co-morbid obesity and knee osteoarthritis: study protocol for a randomized controlled trial.",microbiome,Prebiotics are a type of dietary fiber that can positively influence gut microbiota thereby reducing systemic inflammation and offering protection of joint integrity in rodents.,,,,,,,,n = 60,detail_hint,expansion_queue,pending,
PMID:34115318,PubMed,34115318,"The Effects of Limosilactobacillus reuteri LR-99 Supplementation on Body Mass Index, Social Communication, Fine Motor Function, and Gut Microbiome Composition in Individuals with Prader-Willi Syndrome: a Randomized Double-Blinded Placebo-Controlled Trial.",weight,Altered gut microbiota was observed in the probiotic group to favor weight loss and improve gut health.,P < 0.05,,,,,,,71 individuals,detail_hint,expansion_queue,pending,
PMID:34115318,PubMed,34115318,"The Effects of Limosilactobacillus reuteri LR-99 Supplementation on Body Mass Index, Social Communication, Fine Motor Function, and Gut Microbiome Composition in Individuals with Prader-Willi Syndrome: a Randomized Double-Blinded Placebo-Controlled Trial.",BMI,We found a significant reduction in BMI for the probiotic group at both 6 weeks and 12 weeks relative to the baseline (P < 0.05).,P < 0.05,,,,,,,71 individuals,detail_hint,expansion_queue,pending,
PMID:34115318,PubMed,34115318,"The Effects of Limosilactobacillus reuteri LR-99 Supplementation on Body Mass Index, Social Communication, Fine Motor Function, and Gut Microbiome Composition in Individuals with Prader-Willi Syndrome: a Randomized Double-Blinded Placebo-Controlled Trial.",microbiome,Altered gut microbiota was observed in the probiotic group to favor weight loss and improve gut health.,P < 0.05,,,,,,,71 individuals,detail_hint,expansion_queue,pending,
PMID:34359450,PubMed,34359450,Synbiotic Supplementation Improves Obesity Index and Metabolic Biomarkers in Thai Obese Adults: A Randomized Clinical Trial.,weight,"The frequency of overweight is increasing, and the main causes for this are highly processed foods and less active lifestyles.",,,,,,,,,detail_hint,expansion_queue,pending,
PMID:34359450,PubMed,34359450,Synbiotic Supplementation Improves Obesity Index and Metabolic Biomarkers in Thai Obese Adults: A Randomized Clinical Trial.,glucose,"The cluster of metabolic disorders includes obesity, dyslipidemia, hypertension, and glucose intolerance, increasing the risk of developing cardiovascular diseases and type 2 diabetes.",,,,,,,,,detail_hint,expansion_queue,pending,
PMID:34359450,PubMed,34359450,Synbiotic Supplementation Improves Obesity Index and Metabolic Biomarkers in Thai Obese Adults: A Randomized Clinical Trial.,lipid,"The cluster of metabolic disorders includes obesity, dyslipidemia, hypertension, and glucose intolerance, increasing the risk of developing cardiovascular diseases and type 2 diabetes.",,,,,,,,,detail_hint,expansion_queue,pending,
PMID:34359450,PubMed,34359450,Synbiotic Supplementation Improves Obesity Index and Metabolic Biomarkers in Thai Obese Adults: A Randomized Clinical Trial.,microbiome,Research is underway to unravel the probable relationship between obesity and intestinal microbiota.,,,,,,,,,detail_hint,expansion_queue,pending,
PMID:32615727,PubMed,32615727,"Effect of Lactobacillus sakei, a Probiotic Derived from Kimchi, on Body Fat in Koreans with Obesity: A Randomized Controlled Study.",waist,"After the 12 weeks, waist circumference was 0.8 cm smaller in the CJLS03 group than in the placebo group (P=0.013).",P=0.018; P=0.013,,,,,,,114 adults,detail_hint,expansion_queue,pending,
PMID:32615727,PubMed,32615727,"Effect of Lactobacillus sakei, a Probiotic Derived from Kimchi, on Body Fat in Koreans with Obesity: A Randomized Controlled Study.",body_fat,"Adverse events were monitored during study period.; Body fat mass decreased by 0.2 kg in the CJLS03 group and increased by 0.6 kg in the placebo group (0.8 kg difference, P=0.018).",P=0.018; P=0.013,,,,,,,114 adults,detail_hint,expansion_queue,pending,
PMID:30262813,PubMed,30262813,Effects of daily consumption of the probiotic Bifidobacterium animalis subsp. lactis CECT 8145 on anthropometric adiposity biomarkers in abdominally obese subjects: a randomized controlled trial.,weight,"after Ba8145 treatment, particularly in the live form, which was inversely related to weight (P = 0.003).; In abdominally obese individuals, consumption of Ba8145, both as viable and mainly as heat-killed cells, improves anthropometric adiposity biomarkers, particularly in women.",P < 0.05; P = 0.003,,,,,,,n = 135,detail_hint,expansion_queue,pending,
PMID:30262813,PubMed,30262813,Effects of daily consumption of the probiotic Bifidobacterium animalis subsp. lactis CECT 8145 on anthropometric adiposity biomarkers in abdominally obese subjects: a randomized controlled trial.,BMI,Ba8145 decreased the body mass index compared with baseline and placebo group (P < 0.05).,P < 0.05; P = 0.003,,,,,,,n = 135,detail_hint,expansion_queue,pending,
PMID:30262813,PubMed,30262813,Effects of daily consumption of the probiotic Bifidobacterium animalis subsp. lactis CECT 8145 on anthropometric adiposity biomarkers in abdominally obese subjects: a randomized controlled trial.,waist,"Participants (n = 135) consumed 1 capsule/day containing 1010 colony forming unit (CFU) of Ba8145, 1010 CFU of h-k Ba8145, or placebo (maltodextrin) for 3 months.; Ba8145 ingestion decreased waist circumference, waist circumference/height ratio, and Conicity index (P < 0.05) versus its baseline.",P < 0.05; P = 0.003,,,,,,,n = 135,detail_hint,expansion_queue,pending,
PMID:30262813,PubMed,30262813,Effects of daily consumption of the probiotic Bifidobacterium animalis subsp. lactis CECT 8145 on anthropometric adiposity biomarkers in abdominally obese subjects: a randomized controlled trial.,body_fat,The decrease in visceral fat area after Ba8145 treatments reached significance (P < 0.05) only after h-k Ba8145.,P < 0.05; P = 0.003,,,,,,,n = 135,detail_hint,expansion_queue,pending,
PMID:30262813,PubMed,30262813,Effects of daily consumption of the probiotic Bifidobacterium animalis subsp. lactis CECT 8145 on anthropometric adiposity biomarkers in abdominally obese subjects: a randomized controlled trial.,glucose,Diastolic blood pressure and HOMA index decreased (P < 0.05) after h-k Ba8145.,P < 0.05; P = 0.003,,,,,,,n = 135,detail_hint,expansion_queue,pending,
PMID:30262813,PubMed,30262813,Effects of daily consumption of the probiotic Bifidobacterium animalis subsp. lactis CECT 8145 on anthropometric adiposity biomarkers in abdominally obese subjects: a randomized controlled trial.,microbiome,Gut microbiome analyses showed an increase in Akkermansia spp.,P < 0.05; P = 0.003,,,,,,,n = 135,detail_hint,expansion_queue,pending,
PMID:30659070,PubMed,30659070,Probiotics for the Prevention of Gestational Diabetes Mellitus in Overweight and Obese Women: Findings From the SPRING Double-Blind Randomized Controlled Trial.,weight,Excessive weight gain occurred in 32.5% of women in the probiotics arm (55 of 169) compared with 46% in the placebo arm (81 of 176) (P = 0.01).,P = 0.10; P = 0.049; P = 0.09; P = 0.01; P = 0.042,,,,,,,,detail_hint,expansion_queue,pending,
PMID:30659070,PubMed,30659070,Probiotics for the Prevention of Gestational Diabetes Mellitus in Overweight and Obese Women: Findings From the SPRING Double-Blind Randomized Controlled Trial.,glucose,"At OGTT, mean fasting glucose was higher in women randomized to probiotics (79.3 mg/dL) compared with placebo (77.5 mg/dL) (P = 0.049).",P = 0.10; P = 0.049; P = 0.09; P = 0.01; P = 0.042,,,,,,,,detail_hint,expansion_queue,pending,
PMID:31298466,PubMed,31298466,Effect of Synbiotic Supplementation in a Very-Low-Calorie Ketogenic Diet on Weight Loss Achievement and Gut Microbiota: A Randomized Controlled Pilot Study.,weight,"lactis and prebiotics fiber during the LCD is significantly associated with the percentage of weight loss and change in glucose, C-reactive protein and lipopolysaccharide-binding protein.; VLCKD produces important changes in gut microbiota.",,,,,,,,,detail_hint,expansion_queue,pending,
PMID:31298466,PubMed,31298466,Effect of Synbiotic Supplementation in a Very-Low-Calorie Ketogenic Diet on Weight Loss Achievement and Gut Microbiota: A Randomized Controlled Pilot Study.,glucose,"lactis and prebiotics fiber during the LCD is significantly associated with the percentage of weight loss and change in glucose, C-reactive protein and lipopolysaccharide-binding protein.; VLCKD produces important changes in gut microbiota.",,,,,,,,,detail_hint,expansion_queue,pending,
PMID:31298466,PubMed,31298466,Effect of Synbiotic Supplementation in a Very-Low-Calorie Ketogenic Diet on Weight Loss Achievement and Gut Microbiota: A Randomized Controlled Pilot Study.,microbiome,"lactis and prebiotics fiber during the LCD is significantly associated with the percentage of weight loss and change in glucose, C-reactive protein and lipopolysaccharide-binding protein.; VLCKD produces important changes in gut microbiota.",,,,,,,,,detail_hint,expansion_queue,pending,
PMID:31965834,PubMed,31965834,"Effect of multi-strain probiotic (UB0316) in weight management in overweight/obese adults: a 12-week double blind, randomised, placebo-controlled study.",weight,"Primary (BMI), and secondary (waist-to-hip ratio: WHR; body weight, body fat; sugar and lipid profile) endpoint measures were evaluated at scheduled visits.",P=0.0001; P<0.0001; P=0.007,,,,,,,71 subjects,detail_hint,expansion_queue,pending,
PMID:31965834,PubMed,31965834,"Effect of multi-strain probiotic (UB0316) in weight management in overweight/obese adults: a 12-week double blind, randomised, placebo-controlled study.",BMI,"Primary (BMI), and secondary (waist-to-hip ratio: WHR; body weight, body fat; sugar and lipid profile) endpoint measures were evaluated at scheduled visits.",P=0.0001; P<0.0001; P=0.007,,,,,,,71 subjects,detail_hint,expansion_queue,pending,
PMID:31965834,PubMed,31965834,"Effect of multi-strain probiotic (UB0316) in weight management in overweight/obese adults: a 12-week double blind, randomised, placebo-controlled study.",waist,"Primary (BMI), and secondary (waist-to-hip ratio: WHR; body weight, body fat; sugar and lipid profile) endpoint measures were evaluated at scheduled visits.",P=0.0001; P<0.0001; P=0.007,,,,,,,71 subjects,detail_hint,expansion_queue,pending,
PMID:31965834,PubMed,31965834,"Effect of multi-strain probiotic (UB0316) in weight management in overweight/obese adults: a 12-week double blind, randomised, placebo-controlled study.",body_fat,"Primary (BMI), and secondary (waist-to-hip ratio: WHR; body weight, body fat; sugar and lipid profile) endpoint measures were evaluated at scheduled visits.",P=0.0001; P<0.0001; P=0.007,,,,,,,71 subjects,detail_hint,expansion_queue,pending,
PMID:31965834,PubMed,31965834,"Effect of multi-strain probiotic (UB0316) in weight management in overweight/obese adults: a 12-week double blind, randomised, placebo-controlled study.",lipid,"Primary (BMI), and secondary (waist-to-hip ratio: WHR; body weight, body fat; sugar and lipid profile) endpoint measures were evaluated at scheduled visits.",P=0.0001; P<0.0001; P=0.007,,,,,,,71 subjects,detail_hint,expansion_queue,pending,
PMID:30094122,PubMed,30094122,Effects of,body_fat,The visceral fat area significantly increased at weeks 4 and 8 in the placebo group only; no significant change was observed in the B-3 group.,p<0.05,,,,,,,,detail_hint,expansion_queue,pending,
PMID:30094122,PubMed,30094122,Effects of,lipid,breve B-3 slightly decreased triglyceride levels and improved HDL cholesterol from the baseline.,p<0.05,,,,,,,,detail_hint,expansion_queue,pending,
PMID:30094122,PubMed,30094122,Effects of,microbiome,"Effects of Accumulating evidence suggests a relationship between the gut microbiota and the development of obesity, indicating the potential of probiotics as a therapeutic approach.",p<0.05,,,,,,,,detail_hint,expansion_queue,pending,
PMID:30453950,PubMed,30453950,"Evaluation of the effect of Lactobacillus reuteri V3401 on biomarkers of inflammation, cardiovascular risk and liver steatosis in obese adults with metabolic syndrome: a randomized clinical trial (PROSIR).",body_fat,"Obesity is characterized by increased fat mass and is associated with the development of insulin resistance syndrome (IRS), usually known as metabolic syndrome.",,,,,,,,,detail_hint,expansion_queue,pending,
PMID:30453950,PubMed,30453950,"Evaluation of the effect of Lactobacillus reuteri V3401 on biomarkers of inflammation, cardiovascular risk and liver steatosis in obese adults with metabolic syndrome: a randomized clinical trial (PROSIR).",glucose,"Obesity is characterized by increased fat mass and is associated with the development of insulin resistance syndrome (IRS), usually known as metabolic syndrome.",,,,,,,,,detail_hint,expansion_queue,pending,
PMID:26956126,PubMed,26956126,"Antiobesity effect of Pediococcus pentosaceus LP28 on overweight subjects: a randomized, double-blind, placebo-controlled clinical trial.",weight,"The aim of the present clinical study is to prove that LP28 is effective for reducing body fat and body weight, as shown in the experiment using mice.; The clinical trial was carried out as a double-blind, randomized, placebo-controlled study comprising 62 subjects (20-70 years of age, BMI 25-30 kg/m(2)).",P=0.035; P=0.002; P=0.004; P=0.009,,,,,,,62 subjects,detail_hint,expansion_queue,pending,
PMID:26956126,PubMed,26956126,"Antiobesity effect of Pediococcus pentosaceus LP28 on overweight subjects: a randomized, double-blind, placebo-controlled clinical trial.",BMI,"The aim of the present clinical study is to prove that LP28 is effective for reducing body fat and body weight, as shown in the experiment using mice.; The clinical trial was carried out as a double-blind, randomized, placebo-controlled study comprising 62 subjects (20-70 years of age, BMI 25-30 kg/m(2)).",P=0.035; P=0.002; P=0.004; P=0.009,,,,,,,62 subjects,detail_hint,expansion_queue,pending,
PMID:26956126,PubMed,26956126,"Antiobesity effect of Pediococcus pentosaceus LP28 on overweight subjects: a randomized, double-blind, placebo-controlled clinical trial.",waist,"These subjects were randomly assigned to three groups that received living LP28, heat-killed LP28 or a placebo powder, administered orally once a day for 12 weeks.; Heat-killed LP28 reduced BMI (0.45 kg/m(2), 95% CI (0.04, 0.86), P=0.035), body fat percentage (1.11%, (0.39, 1.82), P=0.002), body fat mass (1.17 kg (0.43, 1.92), P=0.004) and waist circumference (2.84 cm (0.74, 4.93), P=0.009) when compared with a placebo group.",P=0.035; P=0.002; P=0.004; P=0.009,,,,,,,62 subjects,detail_hint,expansion_queue,pending,
PMID:26956126,PubMed,26956126,"Antiobesity effect of Pediococcus pentosaceus LP28 on overweight subjects: a randomized, double-blind, placebo-controlled clinical trial.",body_fat,"The aim of the present clinical study is to prove that LP28 is effective for reducing body fat and body weight, as shown in the experiment using mice.; The clinical trial was carried out as a double-blind, randomized, placebo-controlled study comprising 62 subjects (20-70 years of age, BMI 25-30 kg/m(2)).",P=0.035; P=0.002; P=0.004; P=0.009,,,,,,,62 subjects,detail_hint,expansion_queue,pending,
PMID:26956126,PubMed,26956126,"Antiobesity effect of Pediococcus pentosaceus LP28 on overweight subjects: a randomized, double-blind, placebo-controlled clinical trial.",glucose,"Fasting plasma glucose, HbA1c, fasting insulin, HOMA-IR and serum lipids levels did not change by either living LP28 or heat-killed LP28 intake.; Heat-killed LP28 displays an antiobesity effect that reduces BMI, body fat and waist circumference, suggesting that the plant-derived lactic acid bacterium LP28 would be a promising preventive of metabolic syndrome.",P=0.035; P=0.002; P=0.004; P=0.009,,,,,,,62 subjects,detail_hint,expansion_queue,pending,
PMID:26956126,PubMed,26956126,"Antiobesity effect of Pediococcus pentosaceus LP28 on overweight subjects: a randomized, double-blind, placebo-controlled clinical trial.",lipid,"Fasting plasma glucose, HbA1c, fasting insulin, HOMA-IR and serum lipids levels did not change by either living LP28 or heat-killed LP28 intake.; Heat-killed LP28 displays an antiobesity effect that reduces BMI, body fat and waist circumference, suggesting that the plant-derived lactic acid bacterium LP28 would be a promising preventive of metabolic syndrome.",P=0.035; P=0.002; P=0.004; P=0.009,,,,,,,62 subjects,detail_hint,expansion_queue,pending,
PMID:27409822,PubMed,27409822,"GUT MICROBIOTA, PREBIOTICS, PROBIOTICS, AND SYNBIOTICS IN MANAGEMENT OF OBESITY AND PREDIABETES: REVIEW OF RANDOMIZED CONTROLLED TRIALS.",weight,"Results of RCTs of prebiotics suggested a neutral effect on body weight, decreased fasting and postprandial glucose, and improved insulin sensitivity and lipid profile.",,,,,,,,,detail_hint,expansion_queue,pending,
PMID:27409822,PubMed,27409822,"GUT MICROBIOTA, PREBIOTICS, PROBIOTICS, AND SYNBIOTICS IN MANAGEMENT OF OBESITY AND PREDIABETES: REVIEW OF RANDOMIZED CONTROLLED TRIALS.",glucose,"Results of RCTs of prebiotics suggested a neutral effect on body weight, decreased fasting and postprandial glucose, and improved insulin sensitivity and lipid profile.",,,,,,,,,detail_hint,expansion_queue,pending,
PMID:27409822,PubMed,27409822,"GUT MICROBIOTA, PREBIOTICS, PROBIOTICS, AND SYNBIOTICS IN MANAGEMENT OF OBESITY AND PREDIABETES: REVIEW OF RANDOMIZED CONTROLLED TRIALS.",lipid,"Results of RCTs of prebiotics suggested a neutral effect on body weight, decreased fasting and postprandial glucose, and improved insulin sensitivity and lipid profile.",,,,,,,,,detail_hint,expansion_queue,pending,
PMID:27409822,PubMed,27409822,"GUT MICROBIOTA, PREBIOTICS, PROBIOTICS, AND SYNBIOTICS IN MANAGEMENT OF OBESITY AND PREDIABETES: REVIEW OF RANDOMIZED CONTROLLED TRIALS.",microbiome,Microbiota could increase harvesting of energy from the food and cause subclinical inflammation seen in metabolic disorders.,,,,,,,,,detail_hint,expansion_queue,pending,
PMID:25646321,PubMed,25646321,Whole-grain wheat consumption reduces inflammation in a randomized controlled trial on overweight and obese subjects with unhealthy dietary and lifestyle behaviors: role of polyphenols bound to cereal dietary fiber.,weight,Whole-grain wheat consumption reduces inflammation in a randomized controlled trial on overweight and obese subjects with unhealthy dietary and lifestyle behaviors: role of polyphenols bound to cereal dietary fiber.,P = 0.04,,,,,,,,detail_hint,expansion_queue,pending,
PMID:25646321,PubMed,25646321,Whole-grain wheat consumption reduces inflammation in a randomized controlled trial on overweight and obese subjects with unhealthy dietary and lifestyle behaviors: role of polyphenols bound to cereal dietary fiber.,microbiome,"Profiles of phenolic acids in biological samples, plasma markers of metabolic disease and inflammation, and fecal microbiota composition were assessed.; WG consumption for 4-8 wk determined a 4-fold increase in serum dihydroferulic acid (DHFA) and a 2-fold increase in fecal ferulic acid (FA) compared with RW consumption (no changes).",P = 0.04,,,,,,,,detail_hint,expansion_queue,pending,
PMID:24411490,PubMed,24411490,"The effects of co-administration of probiotics with herbal medicine on obesity, metabolic endotoxemia and dysbiosis: a randomized double-blind controlled clinical trial.",weight,"The study was registered at the Clinical Research Information Service, approved by the Korea National Institute of Health (KCT0000386).; Although both groups showed a significant reduction in weight and waist circumference (p = 0.000), no significant differences in body composition and metabolic markers were observed.",p = 0.000; p < 0.05,,,,,,,,detail_hint,expansion_queue,pending,
PMID:24411490,PubMed,24411490,"The effects of co-administration of probiotics with herbal medicine on obesity, metabolic endotoxemia and dysbiosis: a randomized double-blind controlled clinical trial.",BMI,"In correlation analysis, change in body composition showed positive correlation with endotoxin level (r = 0.441, p < 0.05 for BW; and r = 0.350, p < 0.05 for fat mass) and the population of gut Lactobacillus plantarum (r = 0.425, p < 0.05 for BW; and r = 0.407, p < 0.05 for BMI).",p = 0.000; p < 0.05,,,,,,,,detail_hint,expansion_queue,pending,
PMID:24411490,PubMed,24411490,"The effects of co-administration of probiotics with herbal medicine on obesity, metabolic endotoxemia and dysbiosis: a randomized double-blind controlled clinical trial.",waist,"The study was registered at the Clinical Research Information Service, approved by the Korea National Institute of Health (KCT0000386).; Although both groups showed a significant reduction in weight and waist circumference (p = 0.000), no significant differences in body composition and metabolic markers were observed.",p = 0.000; p < 0.05,,,,,,,,detail_hint,expansion_queue,pending,
PMID:24411490,PubMed,24411490,"The effects of co-administration of probiotics with herbal medicine on obesity, metabolic endotoxemia and dysbiosis: a randomized double-blind controlled clinical trial.",body_fat,"In correlation analysis, change in body composition showed positive correlation with endotoxin level (r = 0.441, p < 0.05 for BW; and r = 0.350, p < 0.05 for fat mass) and the population of gut Lactobacillus plantarum (r = 0.425, p < 0.05 for BW; and r = 0.407, p < 0.05 for BMI).",p = 0.000; p < 0.05,,,,,,,,detail_hint,expansion_queue,pending,
PMID:24411490,PubMed,24411490,"The effects of co-administration of probiotics with herbal medicine on obesity, metabolic endotoxemia and dysbiosis: a randomized double-blind controlled clinical trial.",lipid,"The Gram negative bacterial population in gut also exhibited positive correlation with changes in body composition (WC) and total cholesterol level (r = 0.359, and 0.393, for the former and later parameters, respectively, p < 0.05 for both).",p = 0.000; p < 0.05,,,,,,,,detail_hint,expansion_queue,pending,
PMID:24411490,PubMed,24411490,"The effects of co-administration of probiotics with herbal medicine on obesity, metabolic endotoxemia and dysbiosis: a randomized double-blind controlled clinical trial.",microbiome,"Probiotics help maintain balance in composition of the gut microbiota, and have been considered as a potential treatment for obesity.",p = 0.000; p < 0.05,,,,,,,,detail_hint,expansion_queue,pending,
PMID:41978077,PubMed,41978077,"Modulation of Glucose Homeostasis, Metabolic Endotoxemia and Circulating Short-Chain Fatty Acids Following Multi-Species Probiotic Supplementation: Findings from a 12-Week Randomised Placebo-Controlled Trial.",glucose,Results: Probiotic supplementation significantly reduced fasting glucose at 12 weeks compared with placebo (-1.8 vs.,p = 0.036; p = 0.012; p = 0.037; p < 0.001; p = 0.002; p = 0.001; p = 0.047; p = 0.019,,,,,,,39 adults; n = 19; n = 20,detail_hint,expansion_queue,pending,
EUROPEPMC:40218949,PubMed,40218949,"A 12-Week, Randomized, Double-Blind, Placebo-Controlled Study to Evaluate the Efficacy and Safety of",BMI,"A 12-Week, Randomized, Double-Blind, Placebo-Controlled Study to Evaluate the Efficacy and Safety of This study aims to evaluate the efficacy and safety of probiotics for body fat reduction in obese individuals.; A total of 106 participants with a body mass index between 25 and 30 kg/m2 were randomly assigned to either the experimental group treating with Lactobacillus plantarum LMT1-48 or the placebo group in the placebo-controlled clinical trial.",p = 0.009; p = 0.004,,,,,,,106 participants,detail_hint,expansion_queue,pending,
EUROPEPMC:40218949,PubMed,40218949,"A 12-Week, Randomized, Double-Blind, Placebo-Controlled Study to Evaluate the Efficacy and Safety of",body_fat,"A 12-Week, Randomized, Double-Blind, Placebo-Controlled Study to Evaluate the Efficacy and Safety of This study aims to evaluate the efficacy and safety of probiotics for body fat reduction in obese individuals.; A total of 106 participants with a body mass index between 25 and 30 kg/m2 were randomly assigned to either the experimental group treating with Lactobacillus plantarum LMT1-48 or the placebo group in the placebo-controlled clinical trial.",p = 0.009; p = 0.004,,,,,,,106 participants,detail_hint,expansion_queue,pending,
EUROPEPMC:40218949,PubMed,40218949,"A 12-Week, Randomized, Double-Blind, Placebo-Controlled Study to Evaluate the Efficacy and Safety of",microbiome,"Fecal samples between the groups were contrasted via DNA sequencing for evaluation of the microbiota and its diversity.; After 12 weeks of follow-up period, the body fat mass decreased significantly, from 30.0 ± 4.4 to 28.3 ± 4.1 kg in the experimental group (p = 0.009).",p = 0.009; p = 0.004,,,,,,,106 participants,detail_hint,expansion_queue,pending,
EUROPEPMC:40647296,PubMed,40647296,Impact of Probiotic/Synbiotic Supplementation on Post-Bariatric Surgery Anthropometric and Cardiometabolic Outcomes: An Updated Systematic Review and Meta-Analysis of Randomized Controlled Trials.,weight,"Bariatric surgery improves weight and metabolic health in individuals with severe obesity; however, challenges like gut dysbiosis and nutrient deficiencies persist postoperatively.",,,,,,,,809 patients,detail_hint,expansion_queue,pending,
EUROPEPMC:40647296,PubMed,40647296,Impact of Probiotic/Synbiotic Supplementation on Post-Bariatric Surgery Anthropometric and Cardiometabolic Outcomes: An Updated Systematic Review and Meta-Analysis of Randomized Controlled Trials.,BMI,"Probiotic use significantly reduced BMI (MD = 0.67, 95% CI: 0.33 to 1.00), HbA1c (MD = -0.19%, 95% CI: -0.36 to -0.01), triglycerides (MD = -16.56 mg/dL), and AST levels (MD = -3.68 U/L), while increasing ALP (MD = 8.12 U/L) and vitamin D (MD = 13.68 pg/mL).",,,,,,,,809 patients,detail_hint,expansion_queue,pending,
EUROPEPMC:40647296,PubMed,40647296,Impact of Probiotic/Synbiotic Supplementation on Post-Bariatric Surgery Anthropometric and Cardiometabolic Outcomes: An Updated Systematic Review and Meta-Analysis of Randomized Controlled Trials.,glucose,"Probiotic use significantly reduced BMI (MD = 0.67, 95% CI: 0.33 to 1.00), HbA1c (MD = -0.19%, 95% CI: -0.36 to -0.01), triglycerides (MD = -16.56 mg/dL), and AST levels (MD = -3.68 U/L), while increasing ALP (MD = 8.12 U/L) and vitamin D (MD = 13.68 pg/mL).",,,,,,,,809 patients,detail_hint,expansion_queue,pending,
EUROPEPMC:40647296,PubMed,40647296,Impact of Probiotic/Synbiotic Supplementation on Post-Bariatric Surgery Anthropometric and Cardiometabolic Outcomes: An Updated Systematic Review and Meta-Analysis of Randomized Controlled Trials.,lipid,"Probiotic use significantly reduced BMI (MD = 0.67, 95% CI: 0.33 to 1.00), HbA1c (MD = -0.19%, 95% CI: -0.36 to -0.01), triglycerides (MD = -16.56 mg/dL), and AST levels (MD = -3.68 U/L), while increasing ALP (MD = 8.12 U/L) and vitamin D (MD = 13.68 pg/mL).",,,,,,,,809 patients,detail_hint,expansion_queue,pending,
EUROPEPMC:41239457,PubMed,41239457,"Modulating effects of microbiota on synbiotic intervention outcomes for microbiota-derived trimethylamine, trimethylamine N-oxide and indoxyl sulfate in healthy young medical students: insights from a 12-week randomized clinical trial.",weight,"Weighted Gene Co-expression Network Analysis (WGCNA) was applied to identify groups of co-occurring bacterial taxa (ASVs) and functional orthologous groups - KEGG Orthologs (KOs).; The synbiotic intervention did not produce significant changes in TMA, TMAO, or IS levels across the entire study population.",,,,,,,,,detail_hint,expansion_queue,pending,
EUROPEPMC:41239457,PubMed,41239457,"Modulating effects of microbiota on synbiotic intervention outcomes for microbiota-derived trimethylamine, trimethylamine N-oxide and indoxyl sulfate in healthy young medical students: insights from a 12-week randomized clinical trial.",microbiome,"This study investigated whether a multi-strain synbiotic could reduce serum concentrations of trimethylamine (TMA), TMAO, and IS in healthy young adults, and whether baseline characteristics of the gut microbiota influence individual responses to the intervention.; In a 12-week, double-blind, randomized, placebo-controlled trial, 38 healthy young medical students received either a synbiotic or placebo.",,,,,,,,,detail_hint,expansion_queue,pending,
EUROPEPMC:41366779,PubMed,41366779,"The effects of next generation probiotics on metabolic dysfunction-associated steatotic liver disease: a parallel, double-blind, randomized, placebo-controlled trial.",weight,"The primary endpoint was improvement in liver function.; In the probiotic group, LL001 treatment improved alanine transaminase (87.3 ± 8.2 to 71.1 ± 6.0 U/L, P = 0.01) and aspartate transaminase levels (64.9 ± 4.9 to 50.0 ± 3.5 U/L, P < 0.01), LH001 group showed body weight reduction (78.4 ± 3.0 to 77.2 ± 2.8 kg, P = 0.01), and PPKID7 reduced cholesterol levels (186.1 ± 7.0 to 178.0 ± 7.9 mmol/L, P = 0.03).",P = 0.01; P < 0.01; P = 0.03,,,,,,,110 patients; n = 85; n = 25,detail_hint,expansion_queue,pending,
EUROPEPMC:41366779,PubMed,41366779,"The effects of next generation probiotics on metabolic dysfunction-associated steatotic liver disease: a parallel, double-blind, randomized, placebo-controlled trial.",lipid,"The primary endpoint was improvement in liver function.; In the probiotic group, LL001 treatment improved alanine transaminase (87.3 ± 8.2 to 71.1 ± 6.0 U/L, P = 0.01) and aspartate transaminase levels (64.9 ± 4.9 to 50.0 ± 3.5 U/L, P < 0.01), LH001 group showed body weight reduction (78.4 ± 3.0 to 77.2 ± 2.8 kg, P = 0.01), and PPKID7 reduced cholesterol levels (186.1 ± 7.0 to 178.0 ± 7.9 mmol/L, P = 0.03).",P = 0.01; P < 0.01; P = 0.03,,,,,,,110 patients; n = 85; n = 25,detail_hint,expansion_queue,pending,
EUROPEPMC:41366779,PubMed,41366779,"The effects of next generation probiotics on metabolic dysfunction-associated steatotic liver disease: a parallel, double-blind, randomized, placebo-controlled trial.",microbiome,"In the pre- and post-comparison of probiotic treatment at the level of the top 20 genera, a tendency was observed to decrease the genera Haemohlius and Ruminococcus_g2 while increasing the genus Bifidobacterium.; Eight weeks of probiotics supplementation was associated with changes in the stool microbiome and improvements in the blood biochemical parameters of MASLD.; NCT04555434.",P = 0.01; P < 0.01; P = 0.03,,,,,,,110 patients; n = 85; n = 25,detail_hint,expansion_queue,pending,
NCT:NCT06989177,ClinicalTrials.gov,NCT06989177,Probiotic Intervention on Body Weight,weight,Probiotic Intervention on Body Weight  General lifestyle and nutritional education; Energy-restricted nutritional and lifestyle intervention; Placebo; Probiotic; semaglutide Change in Body Weight (kg) from Baseline to Week 12 Change in Energy Expenditure Rate (kcal/min) from Baseline to Week 12; Change in Respiratory Quotient from Baseline to Week 12; Change in Fat Oxidation Rate (g/min) from Baseline to Week 12; Change in Carbohydrate Oxidation Rate (g/min) from Baseline to Week 12; Change in W,,,,,,,,140,detail_hint,expansion_queue,pending,
NCT:NCT06989177,ClinicalTrials.gov,NCT06989177,Probiotic Intervention on Body Weight,waist,Probiotic Intervention on Body Weight  General lifestyle and nutritional education; Energy-restricted nutritional and lifestyle intervention; Placebo; Probiotic; semaglutide Change in Body Weight (kg) from Baseline to Week 12 Change in Energy Expenditure Rate (kcal/min) from Baseline to Week 12; Change in Respiratory Quotient from Baseline to Week 12; Change in Fat Oxidation Rate (g/min) from Baseline to Week 12; Change in Carbohydrate Oxidation Rate (g/min) from Baseline to Week 12; Change in W,,,,,,,,140,detail_hint,expansion_queue,pending,
NCT:NCT06989177,ClinicalTrials.gov,NCT06989177,Probiotic Intervention on Body Weight,body_fat,Probiotic Intervention on Body Weight  General lifestyle and nutritional education; Energy-restricted nutritional and lifestyle intervention; Placebo; Probiotic; semaglutide Change in Body Weight (kg) from Baseline to Week 12 Change in Energy Expenditure Rate (kcal/min) from Baseline to Week 12; Change in Respiratory Quotient from Baseline to Week 12; Change in Fat Oxidation Rate (g/min) from Baseline to Week 12; Change in Carbohydrate Oxidation Rate (g/min) from Baseline to Week 12; Change in W,,,,,,,,140,detail_hint,expansion_queue,pending,
NCT:NCT06989177,ClinicalTrials.gov,NCT06989177,Probiotic Intervention on Body Weight,glucose,Probiotic Intervention on Body Weight  General lifestyle and nutritional education; Energy-restricted nutritional and lifestyle intervention; Placebo; Probiotic; semaglutide Change in Body Weight (kg) from Baseline to Week 12 Change in Energy Expenditure Rate (kcal/min) from Baseline to Week 12; Change in Respiratory Quotient from Baseline to Week 12; Change in Fat Oxidation Rate (g/min) from Baseline to Week 12; Change in Carbohydrate Oxidation Rate (g/min) from Baseline to Week 12; Change in W,,,,,,,,140,detail_hint,expansion_queue,pending,
NCT:NCT06989177,ClinicalTrials.gov,NCT06989177,Probiotic Intervention on Body Weight,lipid,Probiotic Intervention on Body Weight  General lifestyle and nutritional education; Energy-restricted nutritional and lifestyle intervention; Placebo; Probiotic; semaglutide Change in Body Weight (kg) from Baseline to Week 12 Change in Energy Expenditure Rate (kcal/min) from Baseline to Week 12; Change in Respiratory Quotient from Baseline to Week 12; Change in Fat Oxidation Rate (g/min) from Baseline to Week 12; Change in Carbohydrate Oxidation Rate (g/min) from Baseline to Week 12; Change in W,,,,,,,,140,detail_hint,expansion_queue,pending,
PMID:39796619,PubMed,39796619,A Randomized Pilot Study of Time-Restricted Eating Shows Minimal Microbiome Changes.,weight,"demonstrated significant reductions in weight, lean mass, and visceral fat in the TRE group compared to those following time-unrestricted eating (non-TRE).",p < 0.001,,,,,,,,detail_hint,expansion_queue,pending,
PMID:39796619,PubMed,39796619,A Randomized Pilot Study of Time-Restricted Eating Shows Minimal Microbiome Changes.,body_fat,"demonstrated significant reductions in weight, lean mass, and visceral fat in the TRE group compared to those following time-unrestricted eating (non-TRE).",p < 0.001,,,,,,,,detail_hint,expansion_queue,pending,
PMID:39796619,PubMed,39796619,A Randomized Pilot Study of Time-Restricted Eating Shows Minimal Microbiome Changes.,microbiome,Microbiome community composition was compared before and after intervention as alpha and beta diversity.; Sixteen participants provided stool samples (eight in the TRE group and eight in the non-TRE group).,p < 0.001,,,,,,,,detail_hint,expansion_queue,pending,
PMID:40340957,PubMed,40340957,Metabolic Flexibility to Predict Lifestyle Interventions Outcomes (MEPHISTO): Protocol for Predictive Validation Study and Randomized Controlled Trial.,weight,"Personalizing interventions to increase their success rate is an unmet clinical need.; Identification of predictive factors associated with successful weight loss after sequential exercise in women with obesity.; The study will consist of a 2-stage analytical approach, including a predictive validation study and a 2:1 randomized cross-over controlled trial.",,,,,,,,12 participants; 6 participants,detail_hint,expansion_queue,pending,
PMID:40353878,PubMed,40353878,Feasibility and Tolerability of Nabilone for the Treatment of Obesity: A Randomized Controlled Pilot Trial.,weight,"Furthermore, the endocannabinoid system is recognized as a potential target for obesity treatment and partial agonism of the cannabinoid type-1 (CB1) receptor may reduce body weight.",p < 0.001; p < 0.05,,,,,,,18 participants; 15 participants; n = 8; n = 4,detail_hint,expansion_queue,pending,
PMID:40353878,PubMed,40353878,Feasibility and Tolerability of Nabilone for the Treatment of Obesity: A Randomized Controlled Pilot Trial.,BMI,"Using data from completers only (n = 8), we saw a significant treatment effect on body weight (p < 0.001) and BMI (p < 0.001) that appeared to be driven by greater decreases in the low-dose arm (n = 4) relative to placebo (n = 4).",p < 0.001; p < 0.05,,,,,,,18 participants; 15 participants; n = 8; n = 4,detail_hint,expansion_queue,pending,
PMID:40353878,PubMed,40353878,Feasibility and Tolerability of Nabilone for the Treatment of Obesity: A Randomized Controlled Pilot Trial.,microbiome,"Based on the Bray-Curtis dissimilarity, the low-dose arm showed a greater change in the overall fecal microbiome composition compared with the placebo arm (p < 0.05).",p < 0.001; p < 0.05,,,,,,,18 participants; 15 participants; n = 8; n = 4,detail_hint,expansion_queue,pending,
PMID:40507757,PubMed,40507757,"Corporal Composition and Gut Microbiome Modification Through Exclusion Dietary Intervention in Adult Patients with Crohn's Disease: Protocol for a Prospective, Interventional, Controlled, Randomized Clinical Trial.",body_fat,"Results: Patients in the intervention group are expected to exhibit increased lean body mass and reduced visceral fat, as measured by bioelectrical impedance analysis (BIA), alongside higher rates of clinical remission (CDAI), decreased inflammatory markers, and improved gut microbiota composition.",,,,,,,,,detail_hint,expansion_queue,pending,
PMID:40507757,PubMed,40507757,"Corporal Composition and Gut Microbiome Modification Through Exclusion Dietary Intervention in Adult Patients with Crohn's Disease: Protocol for a Prospective, Interventional, Controlled, Randomized Clinical Trial.",microbiome,"Results: Patients in the intervention group are expected to exhibit increased lean body mass and reduced visceral fat, as measured by bioelectrical impedance analysis (BIA), alongside higher rates of clinical remission (CDAI), decreased inflammatory markers, and improved gut microbiota composition.",,,,,,,,,detail_hint,expansion_queue,pending,
PMID:40647269,PubMed,40647269,"Twelve-Week Curcumin Supplementation Improves Glucose Homeostasis and Gut Health in Prediabetic Older Adults: A Pilot, Double-Blind, Placebo-Controlled Trial.",BMI,"Body mass index, lipid profiles, and body composition showed no significant changes over the study period.",,,,,,,,23 participants,detail_hint,expansion_queue,pending,
PMID:40647269,PubMed,40647269,"Twelve-Week Curcumin Supplementation Improves Glucose Homeostasis and Gut Health in Prediabetic Older Adults: A Pilot, Double-Blind, Placebo-Controlled Trial.",glucose,"Twelve-Week Curcumin Supplementation Improves Glucose Homeostasis and Gut Health in Prediabetic Older Adults: A Pilot, Double-Blind, Placebo-Controlled Trial.",,,,,,,,23 participants,detail_hint,expansion_queue,pending,
PMID:40647269,PubMed,40647269,"Twelve-Week Curcumin Supplementation Improves Glucose Homeostasis and Gut Health in Prediabetic Older Adults: A Pilot, Double-Blind, Placebo-Controlled Trial.",lipid,"Body mass index, lipid profiles, and body composition showed no significant changes over the study period.",,,,,,,,23 participants,detail_hint,expansion_queue,pending,
PMID:40647269,PubMed,40647269,"Twelve-Week Curcumin Supplementation Improves Glucose Homeostasis and Gut Health in Prediabetic Older Adults: A Pilot, Double-Blind, Placebo-Controlled Trial.",microbiome,"Gut microbiome analysis revealed no significant changes in alpha diversity or beta diversity of microbiome; however, there was marginal enrichment of beneficial bacteria such as Bacteroidota (phylum), Bacteroidaceae (family), Agathobacter, Bacteroides, and Roseburia (genera) in the curcumin-supplemented group over time.",,,,,,,,23 participants,detail_hint,expansion_queue,pending,
PMID:40796902,PubMed,40796902,The effects of inulin supplementation on eating behaviours in children and adolescents with obesity: a randomized double-blinded placebo-controlled study.,lipid,A 1-point increase in the desire to drink Likert score was associated with a 62.5 mg/day increase in cholesterol intake post-intervention (95%CI: 16.6-108.4).,p = 0.01,,,,,,,156 children,detail_hint,expansion_queue,pending,
PMID:40796902,PubMed,40796902,The effects of inulin supplementation on eating behaviours in children and adolescents with obesity: a randomized double-blinded placebo-controlled study.,microbiome,"Significant associations between subjective eating behaviours, dietary intake, biochemical markers, and gut microbiota were observed.",p = 0.01,,,,,,,156 children,detail_hint,expansion_queue,pending,
PMID:40828642,PubMed,40828642,Effects of a combined energy restriction and vigorous-intensity exercise intervention on the human gut microbiome: A randomised controlled trial.,weight,"KEY POINTS: Changes to the gut microbiome could contribute to metabolic improvements associated with weight loss in humans, but there have been limited attempts to address this question using robust randomised controlled trials (RCTs).",,,,,,,,n = 18; n = 12,detail_hint,expansion_queue,pending,
PMID:40828642,PubMed,40828642,Effects of a combined energy restriction and vigorous-intensity exercise intervention on the human gut microbiome: A randomised controlled trial.,body_fat,"The intervention significantly reduced body mass (mean Δ ± SD: -2.6 ± 1.5 kg), fat mass (-1.5 ± 1.3 kg), fasted insulin (-23.5 ± 38.1 pmol/l), leptin (-10.6 ± 7.3 ng/ml) and total cholesterol (-0.70 ± 0.42 mmol/l) concentrations, and also improved insulin sensitivity (HOMA2%S (homeostatic model of assessment)).",,,,,,,,n = 18; n = 12,detail_hint,expansion_queue,pending,
PMID:40828642,PubMed,40828642,Effects of a combined energy restriction and vigorous-intensity exercise intervention on the human gut microbiome: A randomised controlled trial.,glucose,"The intervention significantly reduced body mass (mean Δ ± SD: -2.6 ± 1.5 kg), fat mass (-1.5 ± 1.3 kg), fasted insulin (-23.5 ± 38.1 pmol/l), leptin (-10.6 ± 7.3 ng/ml) and total cholesterol (-0.70 ± 0.42 mmol/l) concentrations, and also improved insulin sensitivity (HOMA2%S (homeostatic model of assessment)).",,,,,,,,n = 18; n = 12,detail_hint,expansion_queue,pending,
PMID:40828642,PubMed,40828642,Effects of a combined energy restriction and vigorous-intensity exercise intervention on the human gut microbiome: A randomised controlled trial.,lipid,"The intervention significantly reduced body mass (mean Δ ± SD: -2.6 ± 1.5 kg), fat mass (-1.5 ± 1.3 kg), fasted insulin (-23.5 ± 38.1 pmol/l), leptin (-10.6 ± 7.3 ng/ml) and total cholesterol (-0.70 ± 0.42 mmol/l) concentrations, and also improved insulin sensitivity (HOMA2%S (homeostatic model of assessment)).",,,,,,,,n = 18; n = 12,detail_hint,expansion_queue,pending,
PMID:40828642,PubMed,40828642,Effects of a combined energy restriction and vigorous-intensity exercise intervention on the human gut microbiome: A randomised controlled trial.,microbiome,"Metabolic health improvements in response to exercise and energy restriction may be mediated by the gut microbiome, yet causal evidence in humans remains limited.",,,,,,,,n = 18; n = 12,detail_hint,expansion_queue,pending,
PMID:37881833,PubMed,37881833,The impact of botanical fermented foods on metabolic syndrome and type 2 diabetes: a systematic review of randomised controlled trials.,waist,"In 73% of included studies, BFF consumption by participants with obesity, MetS or T2DM led to significant between-group improvements in discrete cardiometabolic outcomes, including fasting blood glucose, lipid profile, blood pressure, waist circumference, body fat percentage and C-reactive protein.",,,,,,,,,detail_hint,expansion_queue,pending,
PMID:37881833,PubMed,37881833,The impact of botanical fermented foods on metabolic syndrome and type 2 diabetes: a systematic review of randomised controlled trials.,body_fat,"In 73% of included studies, BFF consumption by participants with obesity, MetS or T2DM led to significant between-group improvements in discrete cardiometabolic outcomes, including fasting blood glucose, lipid profile, blood pressure, waist circumference, body fat percentage and C-reactive protein.",,,,,,,,,detail_hint,expansion_queue,pending,
PMID:37881833,PubMed,37881833,The impact of botanical fermented foods on metabolic syndrome and type 2 diabetes: a systematic review of randomised controlled trials.,glucose,"In 73% of included studies, BFF consumption by participants with obesity, MetS or T2DM led to significant between-group improvements in discrete cardiometabolic outcomes, including fasting blood glucose, lipid profile, blood pressure, waist circumference, body fat percentage and C-reactive protein.",,,,,,,,,detail_hint,expansion_queue,pending,
PMID:37881833,PubMed,37881833,The impact of botanical fermented foods on metabolic syndrome and type 2 diabetes: a systematic review of randomised controlled trials.,lipid,"In 73% of included studies, BFF consumption by participants with obesity, MetS or T2DM led to significant between-group improvements in discrete cardiometabolic outcomes, including fasting blood glucose, lipid profile, blood pressure, waist circumference, body fat percentage and C-reactive protein.",,,,,,,,,detail_hint,expansion_queue,pending,
PMID:37881833,PubMed,37881833,The impact of botanical fermented foods on metabolic syndrome and type 2 diabetes: a systematic review of randomised controlled trials.,microbiome,"Gut microbiota composition was assessed in four studies, with two finding significant between-group differences.",,,,,,,,,detail_hint,expansion_queue,pending,
PMID:38674884,PubMed,38674884,"Evaluation of Menopausal Syndrome Relief and Anti-Obesity Efficacy of the Korean Fermented Food Doenjang: A Randomized, Double-Blind Clinical Trial.",lipid,Only the groups that took traditional Doenjang pills exhibited reduced LDL cholesterol.,,,,,,,,n = 18; n = 20,detail_hint,expansion_queue,pending,
PMID:39179206,PubMed,39179206,Consumption of a Sourdough-Leavened Croissant Enriched with a Blend of Fibers Influences Fasting Blood Glucose in a Randomized Controlled Trial in Healthy Subjects.,glucose,"Polyphenols and urolithins in urines were analyzed by Liquid chromatography-tandem mass spectrometry (LC/MS/MS), whereas gut microbiome in feces by shotgun metagenomics.; FIBCRO consumption improved fasting blood glucose compared with CONCRO (mean changes from baseline -2.0 mg/dL in FIBCRO compared with +3.1 mg/dL in CONCRO, P = 0.022), also reducing serum DPPIV activity by 1.7 IU/L (P = 0.01) and increasing urinary excretion of urolithin A-sulfate by 6.9 ng/mg creatinine (P = 0.04) compared wit",P = 0.022; P = 0.01; P = 0.04,,,,,,,,detail_hint,expansion_queue,pending,
PMID:39179206,PubMed,39179206,Consumption of a Sourdough-Leavened Croissant Enriched with a Blend of Fibers Influences Fasting Blood Glucose in a Randomized Controlled Trial in Healthy Subjects.,microbiome,"Increasing dietary fiber consumption may lead to health benefits, and reformulation of bakery products may be a strategy to globally improve the diet.; This study aimed to assess the impact of a 2-wk breakfast consumption with a sourdough-leavened croissant containing a blend of dietary fiber from 10 sources (4.8 g/100 g, croissant enriched with dietary fibers [FIBCRO]), compared with a control croissant (dietary fibers 1.3 g/100 g, CONCRO) on daily energy intake, appetite, metabolic variables,",P = 0.022; P = 0.01; P = 0.04,,,,,,,,detail_hint,expansion_queue,pending,
PMID:39535126,PubMed,39535126,Gut microbial metabolism of bile acids modifies the effect of Mediterranean diet interventions on cardiometabolic risk in a randomized controlled trial.,BMI,"Baseline fecal BA levels significantly modified the beneficial effects of the MedDiet; for example, BMI reduction induced by MedDiet interventions was more pronounced in individuals with lower 12-dehydrocholic acid levels (q-interaction <0.001).",,,,,,,,284 participants,detail_hint,expansion_queue,pending,
PMID:39535126,PubMed,39535126,Gut microbial metabolism of bile acids modifies the effect of Mediterranean diet interventions on cardiometabolic risk in a randomized controlled trial.,lipid,"Furthermore, the association of fecal BAs with body adiposity and serum lipids varied significantly in individuals with different abundances of gut microbes carrying BA metabolism enzymes, e.g.",,,,,,,,284 participants,detail_hint,expansion_queue,pending,
PMID:39593091,PubMed,39593091,Carrageenan and insulin resistance in humans: a randomised double-blind cross-over trial.,weight,"In overweight participants, carrageenan exposure resulted in lower whole body and hepatic insulin sensitivity, a trend towards increased brain inflammation, and elevated C-reactive protein (CRP) and IL-6 levels compared to placebo.",p=0.04; p=0.01,,,,,,,,detail_hint,expansion_queue,pending,
PMID:39593091,PubMed,39593091,Carrageenan and insulin resistance in humans: a randomised double-blind cross-over trial.,glucose,Immune-cell activation and pro-inflammatory cytokine release from peripheral blood mononuclear cells were measured.; Overall insulin sensitivity did not show significant differences between the treatments.,p=0.04; p=0.01,,,,,,,,detail_hint,expansion_queue,pending,
PMID:36856122,PubMed,36856122,,weight,"Supplementation with probiotics and synbiotics improved the HDL-cholesterol levels of overweight and obese children, although no changes in body composition were detected.",P<0.03; P=0.04; P=0.02,,,,,,,,detail_hint,expansion_queue,pending,
PMID:36856122,PubMed,36856122,,lipid,"Supplementation with probiotics and synbiotics improved the HDL-cholesterol levels of overweight and obese children, although no changes in body composition were detected.",P<0.03; P=0.04; P=0.02,,,,,,,,detail_hint,expansion_queue,pending,
PMID:37545298,PubMed,37545298,Intermittent dietary carbohydrate restriction versus calorie restriction and cardiometabolic profiles: A randomized trial.,weight,"Differences in changes in obesity measures, glycemic and lipid profiles, gut microbiota composition, and three serum biomarkers were compared.; The ILCD and ICR similarly reduced body weight, waist circumference, fasting glucose, insulin, postprandial glucose variation, monocyte chemoattractant protein-1, free fatty acid, and fibroblast growth factor 21, whereas ILCD produced significantly different alterations in the following outcomes compared with ICR: greater increases in low-density lipopro",,,,,,,,,detail_hint,expansion_queue,pending,
PMID:37545298,PubMed,37545298,Intermittent dietary carbohydrate restriction versus calorie restriction and cardiometabolic profiles: A randomized trial.,waist,"Differences in changes in obesity measures, glycemic and lipid profiles, gut microbiota composition, and three serum biomarkers were compared.; The ILCD and ICR similarly reduced body weight, waist circumference, fasting glucose, insulin, postprandial glucose variation, monocyte chemoattractant protein-1, free fatty acid, and fibroblast growth factor 21, whereas ILCD produced significantly different alterations in the following outcomes compared with ICR: greater increases in low-density lipopro",,,,,,,,,detail_hint,expansion_queue,pending,
PMID:37545298,PubMed,37545298,Intermittent dietary carbohydrate restriction versus calorie restriction and cardiometabolic profiles: A randomized trial.,glucose,"Differences in changes in obesity measures, glycemic and lipid profiles, gut microbiota composition, and three serum biomarkers were compared.; The ILCD and ICR similarly reduced body weight, waist circumference, fasting glucose, insulin, postprandial glucose variation, monocyte chemoattractant protein-1, free fatty acid, and fibroblast growth factor 21, whereas ILCD produced significantly different alterations in the following outcomes compared with ICR: greater increases in low-density lipopro",,,,,,,,,detail_hint,expansion_queue,pending,
PMID:37545298,PubMed,37545298,Intermittent dietary carbohydrate restriction versus calorie restriction and cardiometabolic profiles: A randomized trial.,lipid,"Differences in changes in obesity measures, glycemic and lipid profiles, gut microbiota composition, and three serum biomarkers were compared.; The ILCD and ICR similarly reduced body weight, waist circumference, fasting glucose, insulin, postprandial glucose variation, monocyte chemoattractant protein-1, free fatty acid, and fibroblast growth factor 21, whereas ILCD produced significantly different alterations in the following outcomes compared with ICR: greater increases in low-density lipopro",,,,,,,,,detail_hint,expansion_queue,pending,
PMID:37545298,PubMed,37545298,Intermittent dietary carbohydrate restriction versus calorie restriction and cardiometabolic profiles: A randomized trial.,microbiome,"Differences in changes in obesity measures, glycemic and lipid profiles, gut microbiota composition, and three serum biomarkers were compared.; The ILCD and ICR similarly reduced body weight, waist circumference, fasting glucose, insulin, postprandial glucose variation, monocyte chemoattractant protein-1, free fatty acid, and fibroblast growth factor 21, whereas ILCD produced significantly different alterations in the following outcomes compared with ICR: greater increases in low-density lipopro",,,,,,,,,detail_hint,expansion_queue,pending,
NCT:NCT05443269,ClinicalTrials.gov,NCT05443269,Impact of Jump Start Nutrition Program on Weight Loss and Associated Measures,weight,Impact of Jump Start Nutrition Program on Weight Loss and Associated Measures  Jump Start Nutritional Program Body Composition; Lipids Panel; Glucose; Insulin; Body Weight; Body Mass Index; Resting Blood pressure; Resting Heart Rate; Subjects' perceived wellness; Hip Circumference; Waist Circumference; Physical Appearance Diet Jump Start Program,,,,,,,,30,detail_hint,expansion_queue,pending,
NCT:NCT05443269,ClinicalTrials.gov,NCT05443269,Impact of Jump Start Nutrition Program on Weight Loss and Associated Measures,BMI,Impact of Jump Start Nutrition Program on Weight Loss and Associated Measures  Jump Start Nutritional Program Body Composition; Lipids Panel; Glucose; Insulin; Body Weight; Body Mass Index; Resting Blood pressure; Resting Heart Rate; Subjects' perceived wellness; Hip Circumference; Waist Circumference; Physical Appearance Diet Jump Start Program,,,,,,,,30,detail_hint,expansion_queue,pending,
NCT:NCT05443269,ClinicalTrials.gov,NCT05443269,Impact of Jump Start Nutrition Program on Weight Loss and Associated Measures,waist,Impact of Jump Start Nutrition Program on Weight Loss and Associated Measures  Jump Start Nutritional Program Body Composition; Lipids Panel; Glucose; Insulin; Body Weight; Body Mass Index; Resting Blood pressure; Resting Heart Rate; Subjects' perceived wellness; Hip Circumference; Waist Circumference; Physical Appearance Diet Jump Start Program,,,,,,,,30,detail_hint,expansion_queue,pending,
NCT:NCT05443269,ClinicalTrials.gov,NCT05443269,Impact of Jump Start Nutrition Program on Weight Loss and Associated Measures,glucose,Impact of Jump Start Nutrition Program on Weight Loss and Associated Measures  Jump Start Nutritional Program Body Composition; Lipids Panel; Glucose; Insulin; Body Weight; Body Mass Index; Resting Blood pressure; Resting Heart Rate; Subjects' perceived wellness; Hip Circumference; Waist Circumference; Physical Appearance Diet Jump Start Program,,,,,,,,30,detail_hint,expansion_queue,pending,
NCT:NCT05443269,ClinicalTrials.gov,NCT05443269,Impact of Jump Start Nutrition Program on Weight Loss and Associated Measures,lipid,Impact of Jump Start Nutrition Program on Weight Loss and Associated Measures  Jump Start Nutritional Program Body Composition; Lipids Panel; Glucose; Insulin; Body Weight; Body Mass Index; Resting Blood pressure; Resting Heart Rate; Subjects' perceived wellness; Hip Circumference; Waist Circumference; Physical Appearance Diet Jump Start Program,,,,,,,,30,detail_hint,expansion_queue,pending,
NCT:NCT07076329,ClinicalTrials.gov,NCT07076329,Microbiota-Inflammation-Brain Axis in Heart Failure: New Functional Food for the Prevention of undeRnutrition in Older,lipid,Microbiota-Inflammation-Brain Axis in Heart Failure: New Functional Food for the Prevention of undeRnutrition in Older  Ambrosia bar Change from Baseline in the Skeletal Muscle Mass at 6 months Changes to anthropometry; Changes to body composition; Impacts on Quality of Life associated with Bowel Function:; Change in Geriatric Depression Scale (GDS-15) score; Change in Mini-Mental State Examination (MMSE) score; Change in handgrip strength; Change in Clinical Frailty Scale (CFS); Impacts on the,,,,,,,,60,detail_hint,expansion_queue,pending,
NCT:NCT07076329,ClinicalTrials.gov,NCT07076329,Microbiota-Inflammation-Brain Axis in Heart Failure: New Functional Food for the Prevention of undeRnutrition in Older,microbiome,Microbiota-Inflammation-Brain Axis in Heart Failure: New Functional Food for the Prevention of undeRnutrition in Older  Ambrosia bar Change from Baseline in the Skeletal Muscle Mass at 6 months Changes to anthropometry; Changes to body composition; Impacts on Quality of Life associated with Bowel Function:; Change in Geriatric Depression Scale (GDS-15) score; Change in Mini-Mental State Examination (MMSE) score; Change in handgrip strength; Change in Clinical Frailty Scale (CFS); Impacts on the,,,,,,,,60,detail_hint,expansion_queue,pending,
PMID:35267303,PubMed,35267303,Agavins Impact on Gastrointestinal Tolerability-Related Symptoms during a Five-Week Dose-Escalation Intervention in Lean and Obese Mexican Adults: Exploratory Randomized Clinical Trial.,weight,"Only body weight after 10 g/day reduced from baseline conditions in obese-agavins, with changes in triglycerides and very-low-density lipoproteins compared to placebo at 5 g/day, and in total cholesterol for 10 g/day.",,,,,,,,,detail_hint,expansion_queue,pending,
PMID:35267303,PubMed,35267303,Agavins Impact on Gastrointestinal Tolerability-Related Symptoms during a Five-Week Dose-Escalation Intervention in Lean and Obese Mexican Adults: Exploratory Randomized Clinical Trial.,lipid,"Only body weight after 10 g/day reduced from baseline conditions in obese-agavins, with changes in triglycerides and very-low-density lipoproteins compared to placebo at 5 g/day, and in total cholesterol for 10 g/day.",,,,,,,,,detail_hint,expansion_queue,pending,
NCT:NCT06244186,ClinicalTrials.gov,NCT06244186,The Effect of Lactobacillus Delbrueckii Subsp. Bulgaricus on Human's Weight Reduction,weight,"Bulgaricus on Human's Weight Reduction  Probiotics; Placebo Body weight; Body fat; BMI ALT and AST (U/L) in Blood composition; CRE, BUN and GLU-AC (mg/dL) in Blood composition; Changes in glycated hemoglobin; Changes in CHOL, TG, HDL and LDL-C (mg/dL) in Blood composition Probiotics; Placebo",,,,,,,,36,detail_hint,expansion_queue,pending,
NCT:NCT06244186,ClinicalTrials.gov,NCT06244186,The Effect of Lactobacillus Delbrueckii Subsp. Bulgaricus on Human's Weight Reduction,BMI,"Bulgaricus on Human's Weight Reduction  Probiotics; Placebo Body weight; Body fat; BMI ALT and AST (U/L) in Blood composition; CRE, BUN and GLU-AC (mg/dL) in Blood composition; Changes in glycated hemoglobin; Changes in CHOL, TG, HDL and LDL-C (mg/dL) in Blood composition Probiotics; Placebo",,,,,,,,36,detail_hint,expansion_queue,pending,
NCT:NCT06244186,ClinicalTrials.gov,NCT06244186,The Effect of Lactobacillus Delbrueckii Subsp. Bulgaricus on Human's Weight Reduction,body_fat,"Bulgaricus on Human's Weight Reduction  Probiotics; Placebo Body weight; Body fat; BMI ALT and AST (U/L) in Blood composition; CRE, BUN and GLU-AC (mg/dL) in Blood composition; Changes in glycated hemoglobin; Changes in CHOL, TG, HDL and LDL-C (mg/dL) in Blood composition Probiotics; Placebo",,,,,,,,36,detail_hint,expansion_queue,pending,
PMID:32618656,PubMed,32618656,Allogenic Fecal Microbiota Transplantation in Patients With Nonalcoholic Fatty Liver Disease Improves Abnormal Small Intestinal Permeability: A Randomized Control Trial.,glucose,"It was hypothesized that an FMT from a thin and healthy donor given to patients with NAFLD would improve insulin resistance (IR), hepatic proton density fat fraction (PDFF), and intestinal permeability.; Twenty-one patients with NAFLD were recruited and randomized in a ratio of 3:1 to either an allogenic (n = 15) or an autologous (n = 6) FMT delivered by using an endoscope to the distal duodenum.",,,,,,,,n = 15; n = 6; n = 7,detail_hint,expansion_queue,pending,
PMID:32618656,PubMed,32618656,Allogenic Fecal Microbiota Transplantation in Patients With Nonalcoholic Fatty Liver Disease Improves Abnormal Small Intestinal Permeability: A Randomized Control Trial.,microbiome,Allogenic Fecal Microbiota Transplantation in Patients With Nonalcoholic Fatty Liver Disease Improves Abnormal Small Intestinal Permeability: A Randomized Control Trial.,,,,,,,,n = 15; n = 6; n = 7,detail_hint,expansion_queue,pending,
PMID:32660025,PubMed,32660025,Targeting the Intestinal Microbiota to Prevent Type 2 Diabetes and Enhance the Effect of Metformin on Glycaemia: A Randomised Controlled Pilot Study.,glucose,"An analysis of a subgroup of participants taking metformin showed a decrease in fasting plasma glucose, HbA1c, insulin resistance, and zonulin; an increase in plasma butyrate concentrations; and an enrichment of microbial butyrate-producing pathways in the probiotic group but not in the placebo group.",,,,,,,,60 adults,detail_hint,expansion_queue,pending,
PMID:28008750,PubMed,28008750,"The additional effects of a probiotic mix on abdominal adiposity and antioxidant Status: A double-blind, randomized trial.",waist,"The lipid profile, lipid accumulation product, plasma fatty acids, lipopolysaccharide, interleukin-6, interleukin-10, tumor necrosis factor-α, adiponectin, and the antioxidant enzymes activities were analyzed.; In comparison with the dietary intervention group, the dietary intervention + probiotic mix group showed a greater reduction in the waist circumference (-3.40% vs.",P = 0.03; P = 0.02; P = 0.04; P < 0.01,,,,,,,n = 21; n = 22,detail_hint,expansion_queue,pending,
PMID:28008750,PubMed,28008750,"The additional effects of a probiotic mix on abdominal adiposity and antioxidant Status: A double-blind, randomized trial.",lipid,"The lipid profile, lipid accumulation product, plasma fatty acids, lipopolysaccharide, interleukin-6, interleukin-10, tumor necrosis factor-α, adiponectin, and the antioxidant enzymes activities were analyzed.; In comparison with the dietary intervention group, the dietary intervention + probiotic mix group showed a greater reduction in the waist circumference (-3.40% vs.",P = 0.03; P = 0.02; P = 0.04; P < 0.01,,,,,,,n = 21; n = 22,detail_hint,expansion_queue,pending,
PMID:24738701,PubMed,24738701,Randomised clinical trial: The beneficial effects of VSL#3 in obese children with non-alcoholic steatohepatitis.,BMI,"No between-group differences were detected in triglycerides, HOMA and ALT while BMI decreased and GLP-1 and aGLP1 increased in the VSL#3 group (P < 0.001 for all comparisons).; A 4-month supplement of VSL#3 significantly improves NAFLD in children.",P < 0.001,,,,,,,3 children,detail_hint,expansion_queue,pending,
PMID:24738701,PubMed,24738701,Randomised clinical trial: The beneficial effects of VSL#3 in obese children with non-alcoholic steatohepatitis.,glucose,"No between-group differences were detected in triglycerides, HOMA and ALT while BMI decreased and GLP-1 and aGLP1 increased in the VSL#3 group (P < 0.001 for all comparisons).; A 4-month supplement of VSL#3 significantly improves NAFLD in children.",P < 0.001,,,,,,,3 children,detail_hint,expansion_queue,pending,
PMID:24738701,PubMed,24738701,Randomised clinical trial: The beneficial effects of VSL#3 in obese children with non-alcoholic steatohepatitis.,lipid,"No between-group differences were detected in triglycerides, HOMA and ALT while BMI decreased and GLP-1 and aGLP1 increased in the VSL#3 group (P < 0.001 for all comparisons).; A 4-month supplement of VSL#3 significantly improves NAFLD in children.",P < 0.001,,,,,,,3 children,detail_hint,expansion_queue,pending,
PMID:23657005,PubMed,23657005,"Transglucosidase improves the gut microbiota profile of type 2 diabetes mellitus patients: a randomized double-blind, placebo-controlled study.",weight,"However, after 12 weeks of TGD therapy, the Bacteroidetes-to-Firmicutes ratio in the TGD groups significantly increased and was significantly higher compared with that in the placebo group, indicating that TGD improved the growth of the fecal bacterial communities in the T2DM patients.; Therefore, TGD treatment decreased blood glucose levels and prevented body weight gain in the T2DM patients by inducing the production of oligosaccharides in the alimentary tract and modulating gut microbiota com",,,,,,,,60 patients,detail_hint,expansion_queue,pending,
PMID:23657005,PubMed,23657005,"Transglucosidase improves the gut microbiota profile of type 2 diabetes mellitus patients: a randomized double-blind, placebo-controlled study.",glucose,"However, after 12 weeks of TGD therapy, the Bacteroidetes-to-Firmicutes ratio in the TGD groups significantly increased and was significantly higher compared with that in the placebo group, indicating that TGD improved the growth of the fecal bacterial communities in the T2DM patients.; Therefore, TGD treatment decreased blood glucose levels and prevented body weight gain in the T2DM patients by inducing the production of oligosaccharides in the alimentary tract and modulating gut microbiota com",,,,,,,,60 patients,detail_hint,expansion_queue,pending,
PMID:23657005,PubMed,23657005,"Transglucosidase improves the gut microbiota profile of type 2 diabetes mellitus patients: a randomized double-blind, placebo-controlled study.",microbiome,"Transglucosidase improves the gut microbiota profile of type 2 diabetes mellitus patients: a randomized double-blind, placebo-controlled study.",,,,,,,,60 patients,detail_hint,expansion_queue,pending,
EUROPEPMC:40827948,PubMed,40827948,Long-term efficacy of dapagliflozin combined with Bifidobacterium triple viable tablets on metabolic syndrome and gut microbiota in overweight/obese patients with type 2 diabetes.,weight,"Analyses used mixed-effects models (completers: 57 control, 58 experimental) and Spearman correlations.; The experimental group showed superior improvements in weight (-5.2 kg vs -3.1 kg), HbA1c (-1.8% vs -0.8%), LDL-C (-0.5 vs -0.3 mmol/L), HDL-C (+0.17 vs +0.07 mmol/L), and HOMA-IR (-1.2 vs -0.6) compared to controls (all P < 0.05).",P < 0.05; P < 0.001; P = 0.003; P = 0.001; P = 0.008; P = 0.041; P = 0.672,,,,,,,n = 60,detail_hint,expansion_queue,pending,
EUROPEPMC:40827948,PubMed,40827948,Long-term efficacy of dapagliflozin combined with Bifidobacterium triple viable tablets on metabolic syndrome and gut microbiota in overweight/obese patients with type 2 diabetes.,glucose,"Analyses used mixed-effects models (completers: 57 control, 58 experimental) and Spearman correlations.; The experimental group showed superior improvements in weight (-5.2 kg vs -3.1 kg), HbA1c (-1.8% vs -0.8%), LDL-C (-0.5 vs -0.3 mmol/L), HDL-C (+0.17 vs +0.07 mmol/L), and HOMA-IR (-1.2 vs -0.6) compared to controls (all P < 0.05).",P < 0.05; P < 0.001; P = 0.003; P = 0.001; P = 0.008; P = 0.041; P = 0.672,,,,,,,n = 60,detail_hint,expansion_queue,pending,
EUROPEPMC:40827948,PubMed,40827948,Long-term efficacy of dapagliflozin combined with Bifidobacterium triple viable tablets on metabolic syndrome and gut microbiota in overweight/obese patients with type 2 diabetes.,lipid,"SGLT2 inhibitors improve cardiorenal outcomes and may modulate gut microbiota, while specific probiotics demonstrate glycemic and lipid benefits.",P < 0.05; P < 0.001; P = 0.003; P = 0.001; P = 0.008; P = 0.041; P = 0.672,,,,,,,n = 60,detail_hint,expansion_queue,pending,
EUROPEPMC:40827948,PubMed,40827948,Long-term efficacy of dapagliflozin combined with Bifidobacterium triple viable tablets on metabolic syndrome and gut microbiota in overweight/obese patients with type 2 diabetes.,microbiome,"SGLT2 inhibitors improve cardiorenal outcomes and may modulate gut microbiota, while specific probiotics demonstrate glycemic and lipid benefits.",P < 0.05; P < 0.001; P = 0.003; P = 0.001; P = 0.008; P = 0.041; P = 0.672,,,,,,,n = 60,detail_hint,expansion_queue,pending,
PMID:40965226,PubMed,40965226,"Effects of a Probiotic Formulation Based on SF68, Phytosterols, and 6S-5-Methyltetrahydrofolic Acid on Body Composition, Biochemical Parameters, Gut Microbiota, and Gastrointestinal and General Symptoms of Overweight/Obese Subjects: The PrObesity Study.",waist,"While both groups showed significant (p < 0.05) improvements, the probiotic group showed greater reductions in waist circumference (-1.8 cm), fat mass (-1.8 kg; -1.7%), total cholesterol (-11 mg/dL), and LDL-cholesterol (-10.3 mg/dL), along with an increased HDL/LDL ratio (+0.1).",p < 0.05,,,,,,,,detail_hint,expansion_queue,pending,
PMID:40965226,PubMed,40965226,"Effects of a Probiotic Formulation Based on SF68, Phytosterols, and 6S-5-Methyltetrahydrofolic Acid on Body Composition, Biochemical Parameters, Gut Microbiota, and Gastrointestinal and General Symptoms of Overweight/Obese Subjects: The PrObesity Study.",body_fat,"While both groups showed significant (p < 0.05) improvements, the probiotic group showed greater reductions in waist circumference (-1.8 cm), fat mass (-1.8 kg; -1.7%), total cholesterol (-11 mg/dL), and LDL-cholesterol (-10.3 mg/dL), along with an increased HDL/LDL ratio (+0.1).",p < 0.05,,,,,,,,detail_hint,expansion_queue,pending,
PMID:40965226,PubMed,40965226,"Effects of a Probiotic Formulation Based on SF68, Phytosterols, and 6S-5-Methyltetrahydrofolic Acid on Body Composition, Biochemical Parameters, Gut Microbiota, and Gastrointestinal and General Symptoms of Overweight/Obese Subjects: The PrObesity Study.",glucose,"Both probiotic and placebo resulted in a significant reduction in HbA1c (-1.7 mmol/mol and -1.5 mmol/mol, respectively).",p < 0.05,,,,,,,,detail_hint,expansion_queue,pending,
PMID:40965226,PubMed,40965226,"Effects of a Probiotic Formulation Based on SF68, Phytosterols, and 6S-5-Methyltetrahydrofolic Acid on Body Composition, Biochemical Parameters, Gut Microbiota, and Gastrointestinal and General Symptoms of Overweight/Obese Subjects: The PrObesity Study.",lipid,Obesity and dyslipidemia are increasingly widespread.,p < 0.05,,,,,,,,detail_hint,expansion_queue,pending,
PMID:38233990,PubMed,38233990,Effects of a Cycling versus Running HIIT Program on Fat Mass Loss and Gut Microbiota Composition in Men with Overweight/Obesity.,weight,"The aim of this study was to compare the effects of two 12-wk HIIT isoenergetic programs (cycling vs running) on body composition and fecal microbiota composition in nondieting men with overweight or obesity.; Sixteen men (age, 54.2 ± 9.6 yr; body mass index, 29.9 ± 2.3 kg·m -2 ) were randomly assigned to the HIIT-BIKE (10 × 45 s at 80%-85% of maximal heart rate, 90-s active recovery) or HIIT-RUN (9 × 45 s at 80%-85% of maximal heart rate, 90-s active recovery) group (3 times per week).",P < 0.05; P = 0.050; P = 0.02,,,,,,,,detail_hint,expansion_queue,pending,
PMID:38233990,PubMed,38233990,Effects of a Cycling versus Running HIIT Program on Fat Mass Loss and Gut Microbiota Composition in Men with Overweight/Obesity.,BMI,"The aim of this study was to compare the effects of two 12-wk HIIT isoenergetic programs (cycling vs running) on body composition and fecal microbiota composition in nondieting men with overweight or obesity.; Sixteen men (age, 54.2 ± 9.6 yr; body mass index, 29.9 ± 2.3 kg·m -2 ) were randomly assigned to the HIIT-BIKE (10 × 45 s at 80%-85% of maximal heart rate, 90-s active recovery) or HIIT-RUN (9 × 45 s at 80%-85% of maximal heart rate, 90-s active recovery) group (3 times per week).",P < 0.05; P = 0.050; P = 0.02,,,,,,,,detail_hint,expansion_queue,pending,
PMID:38233990,PubMed,38233990,Effects of a Cycling versus Running HIIT Program on Fat Mass Loss and Gut Microbiota Composition in Men with Overweight/Obesity.,body_fat,"High-intensity interval training (HIIT) can efficiently decrease total and (intra-)abdominal fat mass (FM); however, the effects of running versus cycling HIIT programs on FM reduction have not been compared yet.",P < 0.05; P = 0.050; P = 0.02,,,,,,,,detail_hint,expansion_queue,pending,
PMID:38233990,PubMed,38233990,Effects of a Cycling versus Running HIIT Program on Fat Mass Loss and Gut Microbiota Composition in Men with Overweight/Obesity.,microbiome,"In addition, the link between HIIT-induced FM reduction and gut microbiota must be better investigated.",P < 0.05; P = 0.050; P = 0.02,,,,,,,,detail_hint,expansion_queue,pending,
PMID:28596023,PubMed,28596023,Prebiotics Reduce Body Fat and Alter Intestinal Microbiota in Children Who Are Overweight or With Obesity.,weight,Prebiotics Reduce Body Fat and Alter Intestinal Microbiota in Children Who Are Overweight or With Obesity.,,,,,,,,n=22; n=20,detail_hint,expansion_queue,pending,
PMID:28596023,PubMed,28596023,Prebiotics Reduce Body Fat and Alter Intestinal Microbiota in Children Who Are Overweight or With Obesity.,body_fat,Prebiotics Reduce Body Fat and Alter Intestinal Microbiota in Children Who Are Overweight or With Obesity.,,,,,,,,n=22; n=20,detail_hint,expansion_queue,pending,
PMID:28596023,PubMed,28596023,Prebiotics Reduce Body Fat and Alter Intestinal Microbiota in Children Who Are Overweight or With Obesity.,lipid,There was a significant decrease in serum triglycerides (decrease of 19%) in the OI group.,,,,,,,,n=22; n=20,detail_hint,expansion_queue,pending,
PMID:28596023,PubMed,28596023,Prebiotics Reduce Body Fat and Alter Intestinal Microbiota in Children Who Are Overweight or With Obesity.,microbiome,Prebiotics Reduce Body Fat and Alter Intestinal Microbiota in Children Who Are Overweight or With Obesity.,,,,,,,,n=22; n=20,detail_hint,expansion_queue,pending,
EUROPEPMC:41599863,PubMed,41599863,"Efficacy and Safety of CKDB-322, a Combination of",weight,Additional improvements were observed in body weight and anthropometric parameters.,p < 0.05,,,,,,,n = 50,detail_hint,expansion_queue,pending,
EUROPEPMC:41599863,PubMed,41599863,"Efficacy and Safety of CKDB-322, a Combination of",body_fat,"tricornutum daily (n = 50), or a placebo (n = 50).; CKDB-322 supplementation resulted in statistically significant reductions in body fat mass and body fat percentage, as measured by dual-energy X-ray absorptiometry (DEXA), compared to the placebo group (p < 0.05).",p < 0.05,,,,,,,n = 50,detail_hint,expansion_queue,pending,
EUROPEPMC:41599863,PubMed,41599863,"Efficacy and Safety of CKDB-322, a Combination of",lipid,"Among metabolic biomarkers, serum triglycerides and leptin levels decreased significantly in the CKDB-322 group compared to the placebo.",p < 0.05,,,,,,,n = 50,detail_hint,expansion_queue,pending,
EUROPEPMC:41599863,PubMed,41599863,"Efficacy and Safety of CKDB-322, a Combination of",microbiome,"Exploratory microbiome analyses indicated an increase in the relative abundance of Lactobacillus, suggesting potential modulation of the gut-adipose axis.",p < 0.05,,,,,,,n = 50,detail_hint,expansion_queue,pending,
EUROPEPMC:41870630,PubMed,41870630,Sex-specific differences in salivary microbiota composition and their associations with metabolic health in adults with excess body weight: a secondary cross-sectional analysis.,microbiome,"These findings are exploratory and hypothesis-generating, providing insight into sex-related patterns in the oral microbiome and may help inform future research exploring personalized approaches to cardiometabolic risk assessment.",p = 0.015; p = 0.003,,,,,,,59 adults,detail_hint,expansion_queue,pending,
PMID:40806053,PubMed,40806053,Effect of Polyphenol-Rich Interventions on Gut Microbiota and Inflammatory or Oxidative Stress Markers in Adults Who Are Overweight or Obese: A Systematic Review and Meta-Analysis.,weight,"However, no significant changes were observed in BMI or body weight.; Polyphenol supplementation in overweight or obese adults may reduce metabolic endotoxemia, boost antioxidant activity, and promote SCFAs production.",p < 0.04; p < 0.001; p < 0.01,,,,,,,n = 670,detail_hint,expansion_queue,pending,
PMID:40806053,PubMed,40806053,Effect of Polyphenol-Rich Interventions on Gut Microbiota and Inflammatory or Oxidative Stress Markers in Adults Who Are Overweight or Obese: A Systematic Review and Meta-Analysis.,BMI,"However, no significant changes were observed in BMI or body weight.; Polyphenol supplementation in overweight or obese adults may reduce metabolic endotoxemia, boost antioxidant activity, and promote SCFAs production.",p < 0.04; p < 0.001; p < 0.01,,,,,,,n = 670,detail_hint,expansion_queue,pending,
PMID:40806053,PubMed,40806053,Effect of Polyphenol-Rich Interventions on Gut Microbiota and Inflammatory or Oxidative Stress Markers in Adults Who Are Overweight or Obese: A Systematic Review and Meta-Analysis.,microbiome,"Polyphenols-bioactive compounds in plant-based foods-may support improvements in body composition and metabolic health by modulating gut microbiota, reducing oxidative stress, and suppressing inflammation.",p < 0.04; p < 0.001; p < 0.01,,,,,,,n = 670,detail_hint,expansion_queue,pending,
PMID:38498828,PubMed,38498828,Effect of,weight,"A random-effects meta-analysis was performed using the mean difference between endpoint measurements and change from baseline for body mass index, body weight, body fat mass, body fat percentage, waist circumference, waist-to-hip ratio, and visceral fat area.",p = 0.006; p = 0.02; p < 0.00001; p = 0.003,,,,,,,911 subjects,detail_hint,expansion_queue,pending,
PMID:38498828,PubMed,38498828,Effect of,BMI,"A random-effects meta-analysis was performed using the mean difference between endpoint measurements and change from baseline for body mass index, body weight, body fat mass, body fat percentage, waist circumference, waist-to-hip ratio, and visceral fat area.",p = 0.006; p = 0.02; p < 0.00001; p = 0.003,,,,,,,911 subjects,detail_hint,expansion_queue,pending,
PMID:38498828,PubMed,38498828,Effect of,waist,"A random-effects meta-analysis was performed using the mean difference between endpoint measurements and change from baseline for body mass index, body weight, body fat mass, body fat percentage, waist circumference, waist-to-hip ratio, and visceral fat area.",p = 0.006; p = 0.02; p < 0.00001; p = 0.003,,,,,,,911 subjects,detail_hint,expansion_queue,pending,
PMID:38498828,PubMed,38498828,Effect of,body_fat,"A random-effects meta-analysis was performed using the mean difference between endpoint measurements and change from baseline for body mass index, body weight, body fat mass, body fat percentage, waist circumference, waist-to-hip ratio, and visceral fat area.",p = 0.006; p = 0.02; p < 0.00001; p = 0.003,,,,,,,911 subjects,detail_hint,expansion_queue,pending,
PMID:39796506,PubMed,39796506,"Role of Increasing Body Mass Index in Gut Barrier Dysfunction, Systemic Inflammation, and Metabolic Dysregulation in Obesity.",BMI,"Role of Increasing Body Mass Index in Gut Barrier Dysfunction, Systemic Inflammation, and Metabolic Dysregulation in Obesity.",,,,,,,,,detail_hint,expansion_queue,pending,
PMID:39796506,PubMed,39796506,"Role of Increasing Body Mass Index in Gut Barrier Dysfunction, Systemic Inflammation, and Metabolic Dysregulation in Obesity.",glucose,"The gas chromatography/mass spectrometry analysis of urine samples evidenced a statistically significant increase in m-cymen-8-ol, 1,3,5-Undecatriene, (E, Z) and a decreased concentration of p-cresol, carvone, p-cresol, and nonane.; Together, these data demonstrated how an increased BMI led to significant changes in inflammatory markers, intestinal barrier metabolites, glucose metabolism, endocrine indicators, and fecal metabolomic profiles that can indicate a different metabolite production fro",,,,,,,,,detail_hint,expansion_queue,pending,
PMID:39796506,PubMed,39796506,"Role of Increasing Body Mass Index in Gut Barrier Dysfunction, Systemic Inflammation, and Metabolic Dysregulation in Obesity.",lipid,"This study explores the link between body mass index (BMI), intestinal permeability, and associated changes in anthropometric and impedance parameters, lipid profiles, inflammatory markers, fecal metabolites, and gut microbiota taxa composition in participants having excessive body mass.; A cohort of 58 obese individuals with comparable diet, age, and height was divided into three groups based on a priori clustering analyses that fit with BMI class ranges: Group I (25-29.9), Group II (30-39.9),",,,,,,,,,detail_hint,expansion_queue,pending,
PMID:39796506,PubMed,39796506,"Role of Increasing Body Mass Index in Gut Barrier Dysfunction, Systemic Inflammation, and Metabolic Dysregulation in Obesity.",microbiome,"This study explores the link between body mass index (BMI), intestinal permeability, and associated changes in anthropometric and impedance parameters, lipid profiles, inflammatory markers, fecal metabolites, and gut microbiota taxa composition in participants having excessive body mass.; A cohort of 58 obese individuals with comparable diet, age, and height was divided into three groups based on a priori clustering analyses that fit with BMI class ranges: Group I (25-29.9), Group II (30-39.9),",,,,,,,,,detail_hint,expansion_queue,pending,
PMID:36615904,PubMed,36615904,Effects of Initial Combinations of Gemigliptin Plus Metformin Compared with Glimepiride Plus Metformin on Gut Microbiota and Glucose Regulation in Obese Patients with Type 2 Diabetes: The INTESTINE Study.,weight,"Although both treatments decreased the HbA1c levels significantly, the gemigliptin−metformin group achieved HbA1c ≤ 7.0% without hypoglycemia or weight gain more effectively than did the glimepiride−metformin group (59% vs.",p < 0.05; p = 0.065; p < 0.001,,,,,,,,detail_hint,expansion_queue,pending,
PMID:36615904,PubMed,36615904,Effects of Initial Combinations of Gemigliptin Plus Metformin Compared with Glimepiride Plus Metformin on Gut Microbiota and Glucose Regulation in Obese Patients with Type 2 Diabetes: The INTESTINE Study.,glucose,"Although both treatments decreased the HbA1c levels significantly, the gemigliptin−metformin group achieved HbA1c ≤ 7.0% without hypoglycemia or weight gain more effectively than did the glimepiride−metformin group (59% vs.",p < 0.05; p = 0.065; p < 0.001,,,,,,,,detail_hint,expansion_queue,pending,
PMID:36615904,PubMed,36615904,Effects of Initial Combinations of Gemigliptin Plus Metformin Compared with Glimepiride Plus Metformin on Gut Microbiota and Glucose Regulation in Obese Patients with Type 2 Diabetes: The INTESTINE Study.,microbiome,"However, regardless of the treatment modality, a distinct difference in the overall gut microbiome composition was noted between patients who reached the HbA1c target goal and those who did not (p < 0.001).",p < 0.05; p = 0.065; p < 0.001,,,,,,,,detail_hint,expansion_queue,pending,
PMID:37602405,PubMed,37602405,"Short-term changes in dietary fat levels and starch sources affect weight management, glucose and lipid metabolism, and gut microbiota in adult cats.",weight,Reducing energy density and using pea starch in foods are both valuable design additions to aid in the management of weight control and improve gut health in cats.,P < 0.05,,,,,,,,detail_hint,expansion_queue,pending,
PMID:37602405,PubMed,37602405,"Short-term changes in dietary fat levels and starch sources affect weight management, glucose and lipid metabolism, and gut microbiota in adult cats.",glucose,The levels of glucose and insulin were lower in cats fed the LF diets than those in cats fed the HF diets (P < 0.05).,P < 0.05,,,,,,,,detail_hint,expansion_queue,pending,
PMID:37602405,PubMed,37602405,"Short-term changes in dietary fat levels and starch sources affect weight management, glucose and lipid metabolism, and gut microbiota in adult cats.",lipid,"The hematological results showed that the HF diets increased the body inflammation in cats, while the LFPS group improved the glucolipid metabolism.",P < 0.05,,,,,,,,detail_hint,expansion_queue,pending,
PMID:37602405,PubMed,37602405,"Short-term changes in dietary fat levels and starch sources affect weight management, glucose and lipid metabolism, and gut microbiota in adult cats.",microbiome,"Additionally, both fat level and starch source influenced the fecal microbiota, with the relative abundance of beneficial bacteria, such as Blautia being significantly greater in the LFPS group than in the other three groups (P < 0.05).",P < 0.05,,,,,,,,detail_hint,expansion_queue,pending,
EUROPEPMC:42221399,PubMed,42221399,Harnessing Microbiome Therapy to Treat Metabolic Syndrome.,weight,"Clinical trials report improved glycemic control, lipid profiles, and weight management, underscoring their multitargeted potential.",,,,,,,,,detail_hint,expansion_queue,pending,
EUROPEPMC:42221399,PubMed,42221399,Harnessing Microbiome Therapy to Treat Metabolic Syndrome.,glucose,"Mechanistically, these therapies mitigate systemic inflammation, improve glucose/lipid homeostasis, and reduce intestinal permeability linked to endotoxin translocation.",,,,,,,,,detail_hint,expansion_queue,pending,
EUROPEPMC:42221399,PubMed,42221399,Harnessing Microbiome Therapy to Treat Metabolic Syndrome.,lipid,"Mechanistically, these therapies mitigate systemic inflammation, improve glucose/lipid homeostasis, and reduce intestinal permeability linked to endotoxin translocation.",,,,,,,,,detail_hint,expansion_queue,pending,
EUROPEPMC:42221399,PubMed,42221399,Harnessing Microbiome Therapy to Treat Metabolic Syndrome.,microbiome,"Emerging research highlights the gut microbiome as a pivotal modulator of metabolic health, with dysbiosis-characterized by reduced microbial diversity and proinflammatory shifts-implicated in disease pathogenesis.",,,,,,,,,detail_hint,expansion_queue,pending,
PMID:41711285,PubMed,41711285,Children's gut microbiota predicts the efficacy of obesity treatment.,BMI,Intervention success was defined by improvements in metabolic risk score (MetScore) or BMI z-score.,p = 0.028; p = 0.043,,,,,,,41 children,detail_hint,expansion_queue,pending,
PMID:41711285,PubMed,41711285,Children's gut microbiota predicts the efficacy of obesity treatment.,lipid,"A Simpson index cut-off of 0.849 stratified participants high- and low-diversity groups; children above this threshold exhibited greater improvements in MetScore (p = 0.028), SBP (p = 0.043), and in HDL-cholesterol (p = 0.028).; Higher baseline gut microbiota diversity and specific microbial signatures, particularly Faecalibacterium abundance, predicted better outcomes in childhood obesity interventions.",p = 0.028; p = 0.043,,,,,,,41 children,detail_hint,expansion_queue,pending,
PMID:41711285,PubMed,41711285,Children's gut microbiota predicts the efficacy of obesity treatment.,microbiome,"A Simpson index cut-off of 0.849 stratified participants high- and low-diversity groups; children above this threshold exhibited greater improvements in MetScore (p = 0.028), SBP (p = 0.043), and in HDL-cholesterol (p = 0.028).; Higher baseline gut microbiota diversity and specific microbial signatures, particularly Faecalibacterium abundance, predicted better outcomes in childhood obesity interventions.",p = 0.028; p = 0.043,,,,,,,41 children,detail_hint,expansion_queue,pending,
PMID:41754080,PubMed,41754080,Associations Between Gut Microbiome Enterotypes and Body Weight Change During Whole Milk Consumption.,weight,"Results: Individuals with the B1 enterotype, but not those with the R enterotype, exhibited decreases in body weight and the relative abundance of Streptococcus thermophilus.",p = 0.0034,,,,,,,n = 24; n = 38,detail_hint,expansion_queue,pending,
PMID:42243519,PubMed,42243519,"Exercise reprograms the gut microbiota to enhance metabolic outcomes after bariatric surgery: a translational, cross-species study.",weight,"Exercise training has been associated with metabolic improvements in bariatric patients beyond weight and fat loss, potentially involving modulation of the gut microbiota.",,,,,,,,n = 16,detail_hint,expansion_queue,pending,
PMID:42243519,PubMed,42243519,"Exercise reprograms the gut microbiota to enhance metabolic outcomes after bariatric surgery: a translational, cross-species study.",glucose,"Blood and fecal samples were collected before surgery, and at 3 (POST3) and 9 (POST9) months following surgery for biochemical, inflammatory, and microbiota analyses.; Both surgical groups showed comparable improvements in body composition and inflammation; however, RYGB + ET was associated with greater improvements in HDL, triglycerides, fasting glucose, and fasting insulin.",,,,,,,,n = 16,detail_hint,expansion_queue,pending,
PMID:42243519,PubMed,42243519,"Exercise reprograms the gut microbiota to enhance metabolic outcomes after bariatric surgery: a translational, cross-species study.",lipid,"Blood and fecal samples were collected before surgery, and at 3 (POST3) and 9 (POST9) months following surgery for biochemical, inflammatory, and microbiota analyses.; Both surgical groups showed comparable improvements in body composition and inflammation; however, RYGB + ET was associated with greater improvements in HDL, triglycerides, fasting glucose, and fasting insulin.",,,,,,,,n = 16,detail_hint,expansion_queue,pending,
PMID:42243519,PubMed,42243519,"Exercise reprograms the gut microbiota to enhance metabolic outcomes after bariatric surgery: a translational, cross-species study.",microbiome,"Exercise training has been associated with metabolic improvements in bariatric patients beyond weight and fat loss, potentially involving modulation of the gut microbiota.",,,,,,,,n = 16,detail_hint,expansion_queue,pending,
EUROPEPMC:40877311,PubMed,40877311,Long-term health outcomes in adolescents with obesity treated with faecal microbiota transplantation: 4-year follow-up.,BMI,"There was no difference in BMI between the two groups, after adjusting for sex, age, diet, and physical activity (-3.6 kg/m2, p = 0.095).",p = 0.095; p = 0.026; p = 0.024; p = 0.003; p = 0.002; p = 0.037,,,,,,,,detail_hint,expansion_queue,pending,
EUROPEPMC:40877311,PubMed,40877311,Long-term health outcomes in adolescents with obesity treated with faecal microbiota transplantation: 4-year follow-up.,waist,"Specifically, FMT recipients had smaller waist circumference (-10.0 cm, p = 0.026), total body fat (-4.8%, p = 0.024), metabolic syndrome severity score (-0.58, p = 0.003), and systemic inflammation (-68% hs-CRP, p = 0.002) and higher levels of HDL cholesterol (0.16 mmol/L, p = 0.037).",p = 0.095; p = 0.026; p = 0.024; p = 0.003; p = 0.002; p = 0.037,,,,,,,,detail_hint,expansion_queue,pending,
EUROPEPMC:40877311,PubMed,40877311,Long-term health outcomes in adolescents with obesity treated with faecal microbiota transplantation: 4-year follow-up.,body_fat,"Specifically, FMT recipients had smaller waist circumference (-10.0 cm, p = 0.026), total body fat (-4.8%, p = 0.024), metabolic syndrome severity score (-0.58, p = 0.003), and systemic inflammation (-68% hs-CRP, p = 0.002) and higher levels of HDL cholesterol (0.16 mmol/L, p = 0.037).",p = 0.095; p = 0.026; p = 0.024; p = 0.003; p = 0.002; p = 0.037,,,,,,,,detail_hint,expansion_queue,pending,
EUROPEPMC:40877311,PubMed,40877311,Long-term health outcomes in adolescents with obesity treated with faecal microbiota transplantation: 4-year follow-up.,glucose,"No group differences were observed in glucose markers, or other lipid parameters.",p = 0.095; p = 0.026; p = 0.024; p = 0.003; p = 0.002; p = 0.037,,,,,,,,detail_hint,expansion_queue,pending,
EUROPEPMC:40877311,PubMed,40877311,Long-term health outcomes in adolescents with obesity treated with faecal microbiota transplantation: 4-year follow-up.,lipid,"Specifically, FMT recipients had smaller waist circumference (-10.0 cm, p = 0.026), total body fat (-4.8%, p = 0.024), metabolic syndrome severity score (-0.58, p = 0.003), and systemic inflammation (-68% hs-CRP, p = 0.002) and higher levels of HDL cholesterol (0.16 mmol/L, p = 0.037).",p = 0.095; p = 0.026; p = 0.024; p = 0.003; p = 0.002; p = 0.037,,,,,,,,detail_hint,expansion_queue,pending,
PMID:39137936,PubMed,39137936,"An encompassing review of meta-analyses and systematic reviews of the effect of oats on all-cause mortality, cardiovascular risk, diabetes risk, body weight/adiposity and gut health.",weight,"Randomized controlled oat intervention studies demonstrated a significant reduction in postprandial blood glucose in both diabetic and non-diabetic subjects, fasting blood glucose in diabetic subjects, blood pressure in prehypertensive individuals, and body weight and adiposity in overweight individuals.",,,,,,,,,detail_hint,expansion_queue,pending,
PMID:39137936,PubMed,39137936,"An encompassing review of meta-analyses and systematic reviews of the effect of oats on all-cause mortality, cardiovascular risk, diabetes risk, body weight/adiposity and gut health.",glucose,"Randomized controlled oat intervention studies demonstrated a significant reduction in postprandial blood glucose in both diabetic and non-diabetic subjects, fasting blood glucose in diabetic subjects, blood pressure in prehypertensive individuals, and body weight and adiposity in overweight individuals.",,,,,,,,,detail_hint,expansion_queue,pending,
PMID:39137936,PubMed,39137936,"An encompassing review of meta-analyses and systematic reviews of the effect of oats on all-cause mortality, cardiovascular risk, diabetes risk, body weight/adiposity and gut health.",lipid,The ability of oats to reduce blood cholesterol is well established but there is increasing evidence that its health benefits extend well beyond that.,,,,,,,,,detail_hint,expansion_queue,pending,
PMID:40814108,PubMed,40814108,Postbiotics as a novel intervention for obesity management and improving metabolic parameters: a systematic review and meta-analysis of animal studies.,weight,"Therefore, the present study aimed to systematically assess the effect of postbiotics consumption on weight management, dietary intake, and metabolic indices in animal models of obesity.; The search was conducted using the PubMed, Scopus, Web of Science, and Google Scholar databases for relevant articles published in English up to May 2025.",P = 0.001; P = 0.011; P = 0.497,,,,,,,,detail_hint,expansion_queue,pending,
PMID:40814108,PubMed,40814108,Postbiotics as a novel intervention for obesity management and improving metabolic parameters: a systematic review and meta-analysis of animal studies.,body_fat,"Accordingly, supplementation with different forms of postbiotics was accompanied by a significant decrease in the body weight, body fat, and serum levels of LDL-C, TG, TC, FBG, insulin, and HOMA-IR (P = 0.001, 0.040, < 0.001, < 0.001, < 0.001, < 0.001, < 0.001, 0.014 respectively) and significant increase of serum HDL-C level (P = 0.011).",P = 0.001; P = 0.011; P = 0.497,,,,,,,,detail_hint,expansion_queue,pending,
PMID:40814108,PubMed,40814108,Postbiotics as a novel intervention for obesity management and improving metabolic parameters: a systematic review and meta-analysis of animal studies.,glucose,"Accordingly, supplementation with different forms of postbiotics was accompanied by a significant decrease in the body weight, body fat, and serum levels of LDL-C, TG, TC, FBG, insulin, and HOMA-IR (P = 0.001, 0.040, < 0.001, < 0.001, < 0.001, < 0.001, < 0.001, 0.014 respectively) and significant increase of serum HDL-C level (P = 0.011).",P = 0.001; P = 0.011; P = 0.497,,,,,,,,detail_hint,expansion_queue,pending,
PMID:40814108,PubMed,40814108,Postbiotics as a novel intervention for obesity management and improving metabolic parameters: a systematic review and meta-analysis of animal studies.,lipid,"Upon the subgroup analyses, SCFAs as a postbiotic supplement, the treatment dose of ≥ 100 mg/kg, and intervention duration ≥ 8 weeks were more effective in improving body weight and fat mass and FBG, HOMA-IR, and HDL-C levels; reducing FBG and HOMA-IR levels; and lowering serum FBG levels, respectively.; Overall, the intake of postbiotics demonstrated potential anti-obesity effects and metabolic improvements through gut microbiota modulations, decreasing obesity-related inflammation, reducing ad",P = 0.001; P = 0.011; P = 0.497,,,,,,,,detail_hint,expansion_queue,pending,
PMID:40814108,PubMed,40814108,Postbiotics as a novel intervention for obesity management and improving metabolic parameters: a systematic review and meta-analysis of animal studies.,microbiome,"Upon the subgroup analyses, SCFAs as a postbiotic supplement, the treatment dose of ≥ 100 mg/kg, and intervention duration ≥ 8 weeks were more effective in improving body weight and fat mass and FBG, HOMA-IR, and HDL-C levels; reducing FBG and HOMA-IR levels; and lowering serum FBG levels, respectively.; Overall, the intake of postbiotics demonstrated potential anti-obesity effects and metabolic improvements through gut microbiota modulations, decreasing obesity-related inflammation, reducing ad",P = 0.001; P = 0.011; P = 0.497,,,,,,,,detail_hint,expansion_queue,pending,
PMID:41450549,PubMed,41450549,"Exploring the interplay between diet, obesity, mental health, and the gut microbiota: the MIND-GUT intervention study, study protocol.",weight,"Secondary outcomes include changes in body weight, BMI, waist and hip circumferences, fat mass, and mental health including perceived stress, depression, and anxiety symptoms.",,,,,,,,126 adults,detail_hint,expansion_queue,pending,
PMID:41450549,PubMed,41450549,"Exploring the interplay between diet, obesity, mental health, and the gut microbiota: the MIND-GUT intervention study, study protocol.",BMI,"Secondary outcomes include changes in body weight, BMI, waist and hip circumferences, fat mass, and mental health including perceived stress, depression, and anxiety symptoms.",,,,,,,,126 adults,detail_hint,expansion_queue,pending,
PMID:41450549,PubMed,41450549,"Exploring the interplay between diet, obesity, mental health, and the gut microbiota: the MIND-GUT intervention study, study protocol.",waist,"Secondary outcomes include changes in body weight, BMI, waist and hip circumferences, fat mass, and mental health including perceived stress, depression, and anxiety symptoms.",,,,,,,,126 adults,detail_hint,expansion_queue,pending,
PMID:41450549,PubMed,41450549,"Exploring the interplay between diet, obesity, mental health, and the gut microbiota: the MIND-GUT intervention study, study protocol.",body_fat,"Secondary outcomes include changes in body weight, BMI, waist and hip circumferences, fat mass, and mental health including perceived stress, depression, and anxiety symptoms.",,,,,,,,126 adults,detail_hint,expansion_queue,pending,
PMID:41450549,PubMed,41450549,"Exploring the interplay between diet, obesity, mental health, and the gut microbiota: the MIND-GUT intervention study, study protocol.",microbiome,"The study will also explore changes in gut microbiota composition and diversity.; In this randomized trial, 126 adults with obesity will be assigned to either an intervention group following a MIND diet or a control group receiving general dietary advice.",,,,,,,,126 adults,detail_hint,expansion_queue,pending,
PMID:39668899,PubMed,39668899,"Gut microbiota, physical activity and/or metabolic markers in healthy individuals - towards new biomarkers of health.",BMI,"Since T2D is preventable, efforts should be put into the discovery of new biomarkers for early detection of individuals at risk of developing the disease.; The objective of the cross-sectional study was to explore the relationship between gut microbiota and physical activity (PA) and/or metabolic markers such as selected amino acids (AA), markers of glycaemic regulation and lipid metabolism and anthropometric measures.; Healthy adults (18 and 65 years) with BMI between 18.5 and 27.5 kg/m2 origin",,,,,,,,n = 17,detail_hint,expansion_queue,pending,
PMID:39668899,PubMed,39668899,"Gut microbiota, physical activity and/or metabolic markers in healthy individuals - towards new biomarkers of health.",lipid,"Since T2D is preventable, efforts should be put into the discovery of new biomarkers for early detection of individuals at risk of developing the disease.; The objective of the cross-sectional study was to explore the relationship between gut microbiota and physical activity (PA) and/or metabolic markers such as selected amino acids (AA), markers of glycaemic regulation and lipid metabolism and anthropometric measures.; Healthy adults (18 and 65 years) with BMI between 18.5 and 27.5 kg/m2 origin",,,,,,,,n = 17,detail_hint,expansion_queue,pending,
PMID:39668899,PubMed,39668899,"Gut microbiota, physical activity and/or metabolic markers in healthy individuals - towards new biomarkers of health.",microbiome,"Since T2D is preventable, efforts should be put into the discovery of new biomarkers for early detection of individuals at risk of developing the disease.; The objective of the cross-sectional study was to explore the relationship between gut microbiota and physical activity (PA) and/or metabolic markers such as selected amino acids (AA), markers of glycaemic regulation and lipid metabolism and anthropometric measures.; Healthy adults (18 and 65 years) with BMI between 18.5 and 27.5 kg/m2 origin",,,,,,,,n = 17,detail_hint,expansion_queue,pending,
PMID:36674104,PubMed,36674104,Effects of a Diet Containing Sources of Prebiotics and Probiotics and Modification of the Gut Microbiota on the Reduction of Body Fat.,weight,"In a multi-center, two-arm, parallel, non-randomized study, two types of weight-reduction diets (A and B) were used over a 3-month period.",,,,,,,,,detail_hint,expansion_queue,pending,
PMID:36674104,PubMed,36674104,Effects of a Diet Containing Sources of Prebiotics and Probiotics and Modification of the Gut Microbiota on the Reduction of Body Fat.,BMI,"Based on the assessment of BMI (Body Mass Index), a group of 56 women aged 25-45 years (31 women group A average BMI 34.9 ± 4.86 kg/m2 and 25 women group B average BMI 33.4 ± 4.02 kg/m2) were qualified for the study.",,,,,,,,,detail_hint,expansion_queue,pending,
PMID:36674104,PubMed,36674104,Effects of a Diet Containing Sources of Prebiotics and Probiotics and Modification of the Gut Microbiota on the Reduction of Body Fat.,waist,"The following measurements were taken: body weight, body fat mass, water content, body height, waist circumference, and hip circumference.",,,,,,,,,detail_hint,expansion_queue,pending,
PMID:36674104,PubMed,36674104,Effects of a Diet Containing Sources of Prebiotics and Probiotics and Modification of the Gut Microbiota on the Reduction of Body Fat.,body_fat,Effects of a Diet Containing Sources of Prebiotics and Probiotics and Modification of the Gut Microbiota on the Reduction of Body Fat.,,,,,,,,,detail_hint,expansion_queue,pending,
PMID:36674104,PubMed,36674104,Effects of a Diet Containing Sources of Prebiotics and Probiotics and Modification of the Gut Microbiota on the Reduction of Body Fat.,microbiome,Effects of a Diet Containing Sources of Prebiotics and Probiotics and Modification of the Gut Microbiota on the Reduction of Body Fat.,,,,,,,,,detail_hint,expansion_queue,pending,
PMID:37916149,PubMed,37916149,A specific gut microbiota signature is associated with an enhanced GLP-1 and GLP-2 secretion and improved metabolic control in patients with type 2 diabetes after metabolic Roux-en-Y gastric bypass.,BMI,"Higher initial C-peptide was the only predictor for T2D remission, which was achieved in 69% of patients.; Patients with obesity and T2D submitted to mRYGB show an enhanced incretin response, a reduced gut permeability and a metabolic improvement, associated with a specific microbiota signature.",P<0.05; P<0.001,,,,,,,,detail_hint,expansion_queue,pending,
PMID:37916149,PubMed,37916149,A specific gut microbiota signature is associated with an enhanced GLP-1 and GLP-2 secretion and improved metabolic control in patients with type 2 diabetes after metabolic Roux-en-Y gastric bypass.,glucose,"Species belonging to Streptococaceae, Akkermansiacea, Rickenellaceae, Sutterellaceae, Enterobacteriaceae, Oscillospiraceae, Veillonellaceae, Enterobacterales_uc, and Fusobacteriaceae families increased after intervention and correlated positively with AUC of GLP-1 and GLP-2, and negatively with glucose, HbA1c, triglycerides and adiposity markers.",P<0.05; P<0.001,,,,,,,,detail_hint,expansion_queue,pending,
PMID:37916149,PubMed,37916149,A specific gut microbiota signature is associated with an enhanced GLP-1 and GLP-2 secretion and improved metabolic control in patients with type 2 diabetes after metabolic Roux-en-Y gastric bypass.,lipid,"Species belonging to Streptococaceae, Akkermansiacea, Rickenellaceae, Sutterellaceae, Enterobacteriaceae, Oscillospiraceae, Veillonellaceae, Enterobacterales_uc, and Fusobacteriaceae families increased after intervention and correlated positively with AUC of GLP-1 and GLP-2, and negatively with glucose, HbA1c, triglycerides and adiposity markers.",P<0.05; P<0.001,,,,,,,,detail_hint,expansion_queue,pending,
PMID:37916149,PubMed,37916149,A specific gut microbiota signature is associated with an enhanced GLP-1 and GLP-2 secretion and improved metabolic control in patients with type 2 diabetes after metabolic Roux-en-Y gastric bypass.,microbiome,A specific gut microbiota signature is associated with an enhanced GLP-1 and GLP-2 secretion and improved metabolic control in patients with type 2 diabetes after metabolic Roux-en-Y gastric bypass.,P<0.05; P<0.001,,,,,,,,detail_hint,expansion_queue,pending,
PMID:31250099,PubMed,31250099,Gut microbiota is associated with adiposity markers and probiotics may impact specific genera.,weight,"In addition, we characterized the degree of variation among fecal communities after the intervention.; BMI, weight, fat mass, lean mass, conicity index, protein intake, monounsaturated fat intake, glycated hemoglobin, TNF-α, and IL6/IL10 were significantly correlated with microbiome composition.",,,,,,,,,detail_hint,expansion_queue,pending,
PMID:31250099,PubMed,31250099,Gut microbiota is associated with adiposity markers and probiotics may impact specific genera.,BMI,"In addition, we characterized the degree of variation among fecal communities after the intervention.; BMI, weight, fat mass, lean mass, conicity index, protein intake, monounsaturated fat intake, glycated hemoglobin, TNF-α, and IL6/IL10 were significantly correlated with microbiome composition.",,,,,,,,,detail_hint,expansion_queue,pending,
PMID:31250099,PubMed,31250099,Gut microbiota is associated with adiposity markers and probiotics may impact specific genera.,body_fat,"In addition, we characterized the degree of variation among fecal communities after the intervention.; BMI, weight, fat mass, lean mass, conicity index, protein intake, monounsaturated fat intake, glycated hemoglobin, TNF-α, and IL6/IL10 were significantly correlated with microbiome composition.",,,,,,,,,detail_hint,expansion_queue,pending,
PMID:31250099,PubMed,31250099,Gut microbiota is associated with adiposity markers and probiotics may impact specific genera.,microbiome,"In addition, we characterized the degree of variation among fecal communities after the intervention.; BMI, weight, fat mass, lean mass, conicity index, protein intake, monounsaturated fat intake, glycated hemoglobin, TNF-α, and IL6/IL10 were significantly correlated with microbiome composition.",,,,,,,,,detail_hint,expansion_queue,pending,
PMID:29568104,PubMed,29568104,Gut-microbiome-related LCT genotype and 2-year changes in body composition and fat distribution: the POUNDS Lost Trial.,weight,We investigated whether the LCT variant influenced long-term changes in adiposity among overweight and obese individuals.; We included 583 whites with LCT variant rs4988235 (G allele as Bifidobacterium-abundance-increasing allele) who were randomly assigned to one of four weight-loss diets varying in macronutrient contents.,P = 0.04; P = 0.07; P = 0.03,,,,,,,,detail_hint,expansion_queue,pending,
PMID:29568104,PubMed,29568104,Gut-microbiome-related LCT genotype and 2-year changes in body composition and fat distribution: the POUNDS Lost Trial.,body_fat,"Two-year changes in adiposity measures were assessed according to the LCT genotype and weight-loss diets.; We observed a significant interaction between the LCT genotype and dietary protein intake on changes in whole body total fat mass %, trunk fat %, superficial adipose tissue mass (SAT), visceral adipose tissue mass (VAT), and total adipose tissue mass (TAT) (Pinteraction < 0.05 for all).",P = 0.04; P = 0.07; P = 0.03,,,,,,,,detail_hint,expansion_queue,pending,
PMID:29568104,PubMed,29568104,Gut-microbiome-related LCT genotype and 2-year changes in body composition and fat distribution: the POUNDS Lost Trial.,microbiome,A recent study identified a genome-wide significant variant in the lactase (LCT) gene that determines gut-microbiome abundance.,P = 0.04; P = 0.07; P = 0.03,,,,,,,,detail_hint,expansion_queue,pending,
PMID:28396144,PubMed,28396144,"Supplementation of Diet With Galacto-oligosaccharides Increases Bifidobacteria, but Not Insulin Sensitivity, in Obese Prediabetic Individuals.",weight,"In addition, no significant alterations in peripheral and adipose tissue insulin sensitivity, body composition, and energy and substrate metabolism were found.; Twelve-week supplementation of GOS selectively increased fecal Bifidobacterium species abundance, but this did not produce significant changes in insulin sensitivity or related substrate and energy metabolism in overweight or obese prediabetic men and women.",P = .009,,,,,,,,detail_hint,expansion_queue,pending,
PMID:28396144,PubMed,28396144,"Supplementation of Diet With Galacto-oligosaccharides Increases Bifidobacteria, but Not Insulin Sensitivity, in Obese Prediabetic Individuals.",glucose,"Supplementation of Diet With Galacto-oligosaccharides Increases Bifidobacteria, but Not Insulin Sensitivity, in Obese Prediabetic Individuals.",P = .009,,,,,,,,detail_hint,expansion_queue,pending,
PMID:24830782,PubMed,24830782,Probiotics during weaning: a follow-up study on effects on body composition and metabolic markers at school age.,BMI,"S-lipids, insulin, glucose and transaminases were determined after overnight fasting.; LF19 did not affect body mass index z-score, sagittal abdominal diameter, fat-free mass, fat mass index, truncal fat %, android or gynoid fat % and had no long-term impact on any of the assessed metabolic markers (p > 0.05).; Feeding LF19 during infancy did not modulate body composition, growth or any of the assessed metabolic markers at school age.",,,,,,,,179 children; n = 58; n = 62,detail_hint,expansion_queue,pending,
PMID:24830782,PubMed,24830782,Probiotics during weaning: a follow-up study on effects on body composition and metabolic markers at school age.,body_fat,"paracasei F19 (LF19) induced upregulation of genes involved in energy homoeostasis, reduced body fat and altered the serum (S) lipoprotein profile.",,,,,,,,179 children; n = 58; n = 62,detail_hint,expansion_queue,pending,
PMID:24830782,PubMed,24830782,Probiotics during weaning: a follow-up study on effects on body composition and metabolic markers at school age.,glucose,"S-lipids, insulin, glucose and transaminases were determined after overnight fasting.; LF19 did not affect body mass index z-score, sagittal abdominal diameter, fat-free mass, fat mass index, truncal fat %, android or gynoid fat % and had no long-term impact on any of the assessed metabolic markers (p > 0.05).; Feeding LF19 during infancy did not modulate body composition, growth or any of the assessed metabolic markers at school age.",,,,,,,,179 children; n = 58; n = 62,detail_hint,expansion_queue,pending,
PMID:24830782,PubMed,24830782,Probiotics during weaning: a follow-up study on effects on body composition and metabolic markers at school age.,lipid,"LF19 lowered palmitoleic acid, a monounsaturated fatty acid associated with hypertriglyceridemia and increased visceral adiposity.",,,,,,,,179 children; n = 58; n = 62,detail_hint,expansion_queue,pending,
PMID:26259892,PubMed,26259892,"Effects of synbiotic on anthropometry, lipid profile and oxidative stress in obese children.",weight,One month of supplementation of the synbiotic resulted in a significant reduction of weight (P<0.001) and body mass index (P<0.01).,P<0.001; P<0.01; P<0.05,,,,,,,,detail_hint,expansion_queue,pending,
PMID:26259892,PubMed,26259892,"Effects of synbiotic on anthropometry, lipid profile and oxidative stress in obese children.",BMI,One month of supplementation of the synbiotic resulted in a significant reduction of weight (P<0.001) and body mass index (P<0.01).,P<0.001; P<0.01; P<0.05,,,,,,,,detail_hint,expansion_queue,pending,
PMID:26259892,PubMed,26259892,"Effects of synbiotic on anthropometry, lipid profile and oxidative stress in obese children.",lipid,"At the 30(th) day of synbiotic intervention, serum total cholesterol, low density lipoprotein cholesterol and total oxidative stress levels significantly declined (P<0.05).",P<0.001; P<0.01; P<0.05,,,,,,,,detail_hint,expansion_queue,pending,
PMID:24299712,PubMed,24299712,Effect of Lactobacillus rhamnosus CGMCC1.3724 supplementation on weight loss and maintenance in obese men and women.,weight,Each group was submitted to moderate energy restriction for the first 12 weeks followed by 12 weeks of weight maintenance.,P = 0.02; P= 0.53,,,,,,,,detail_hint,expansion_queue,pending,
PMID:24299712,PubMed,24299712,Effect of Lactobacillus rhamnosus CGMCC1.3724 supplementation on weight loss and maintenance in obese men and women.,BMI,Each group was submitted to moderate energy restriction for the first 12 weeks followed by 12 weeks of weight maintenance.,P = 0.02; P= 0.53,,,,,,,,detail_hint,expansion_queue,pending,
PMID:24299712,PubMed,24299712,Effect of Lactobacillus rhamnosus CGMCC1.3724 supplementation on weight loss and maintenance in obese men and women.,body_fat,"Women in the LPR group continued to lose body weight and fat mass during the weight-maintenance period, whereas opposite changes were observed in the placebo group.",P = 0.02; P= 0.53,,,,,,,,detail_hint,expansion_queue,pending,
PMID:25079040,PubMed,25079040,Effects of probiotic yogurt on fat distribution and gene expression of proinflammatory factors in peripheral blood mononuclear cells in overweight and obese people with or without weight-loss diet.,weight,"Body fat percentage, high-sensitive C-reactive protein (hs-CRP), tumor necrosis factor-alpha (TNF-α), leptin, and mRNA levels of inflammation-related genes (TNF-α and RAR-related orphan receptor gamma [ROR-γt]) in peripheral blood mononuclear cells (PBMCs) were measured.; A reduction in body mass index (BMI), fat percentage, and leptin level was observed that was more obvious in groups who received the weight-loss diet with probiotic yogurt.",p < 0.001; p = 0.002; p = 0.12; p = 0.03,,,,,,,n = 25,detail_hint,expansion_queue,pending,
PMID:25079040,PubMed,25079040,Effects of probiotic yogurt on fat distribution and gene expression of proinflammatory factors in peripheral blood mononuclear cells in overweight and obese people with or without weight-loss diet.,BMI,"Body fat percentage, high-sensitive C-reactive protein (hs-CRP), tumor necrosis factor-alpha (TNF-α), leptin, and mRNA levels of inflammation-related genes (TNF-α and RAR-related orphan receptor gamma [ROR-γt]) in peripheral blood mononuclear cells (PBMCs) were measured.; A reduction in body mass index (BMI), fat percentage, and leptin level was observed that was more obvious in groups who received the weight-loss diet with probiotic yogurt.",p < 0.001; p = 0.002; p = 0.12; p = 0.03,,,,,,,n = 25,detail_hint,expansion_queue,pending,
PMID:25079040,PubMed,25079040,Effects of probiotic yogurt on fat distribution and gene expression of proinflammatory factors in peripheral blood mononuclear cells in overweight and obese people with or without weight-loss diet.,body_fat,"Body fat percentage, high-sensitive C-reactive protein (hs-CRP), tumor necrosis factor-alpha (TNF-α), leptin, and mRNA levels of inflammation-related genes (TNF-α and RAR-related orphan receptor gamma [ROR-γt]) in peripheral blood mononuclear cells (PBMCs) were measured.; A reduction in body mass index (BMI), fat percentage, and leptin level was observed that was more obvious in groups who received the weight-loss diet with probiotic yogurt.",p < 0.001; p = 0.002; p = 0.12; p = 0.03,,,,,,,n = 25,detail_hint,expansion_queue,pending,
PMID:23442391,PubMed,23442391,SPRING: an RCT study of probiotics in the prevention of gestational diabetes mellitus in overweight and obese women.,weight,A Finnish study showed that ingestion of specific probiotics altered the composition of the gut microbiome and thereby metabolism from early gestation and decreased rates of gestational diabetes in normal weight women.,,,,,,,,,detail_hint,expansion_queue,pending,
PMID:23442391,PubMed,23442391,SPRING: an RCT study of probiotics in the prevention of gestational diabetes mellitus in overweight and obese women.,body_fat,"Gestational diabetes is associated with higher rates of Cesarean Section for the mother and increased risks of macrosomia, higher body fat mass, respiratory distress and hypoglycemia for the infant.",,,,,,,,,detail_hint,expansion_queue,pending,
PMID:23442391,PubMed,23442391,SPRING: an RCT study of probiotics in the prevention of gestational diabetes mellitus in overweight and obese women.,microbiome,A Finnish study showed that ingestion of specific probiotics altered the composition of the gut microbiome and thereby metabolism from early gestation and decreased rates of gestational diabetes in normal weight women.,,,,,,,,,detail_hint,expansion_queue,pending,
PMID:22695039,PubMed,22695039,Probiotics to adolescents with obesity: effects on inflammation and metabolic syndrome.,weight,"Furthermore, there were no differences in changes from baseline to 12-week intervention with regard to any anthropometric measures, blood pressure (systolic and diastolic), fasting glucose and insulin, homeostasis model assessment of insulin resistance, C-peptide, cholesterol, high-density lipoprotein cholesterol, low-density lipoprotein cholesterol, triglyceride, free fatty acids, C-reactive protein, interleukin-6, tumor necrosis factor alpha, or fecal calprotectin, despite the increased values",,,,,,,,,detail_hint,expansion_queue,pending,
PMID:22695039,PubMed,22695039,Probiotics to adolescents with obesity: effects on inflammation and metabolic syndrome.,glucose,"Furthermore, there were no differences in changes from baseline to 12-week intervention with regard to any anthropometric measures, blood pressure (systolic and diastolic), fasting glucose and insulin, homeostasis model assessment of insulin resistance, C-peptide, cholesterol, high-density lipoprotein cholesterol, low-density lipoprotein cholesterol, triglyceride, free fatty acids, C-reactive protein, interleukin-6, tumor necrosis factor alpha, or fecal calprotectin, despite the increased values",,,,,,,,,detail_hint,expansion_queue,pending,
PMID:22695039,PubMed,22695039,Probiotics to adolescents with obesity: effects on inflammation and metabolic syndrome.,lipid,"Furthermore, there were no differences in changes from baseline to 12-week intervention with regard to any anthropometric measures, blood pressure (systolic and diastolic), fasting glucose and insulin, homeostasis model assessment of insulin resistance, C-peptide, cholesterol, high-density lipoprotein cholesterol, low-density lipoprotein cholesterol, triglyceride, free fatty acids, C-reactive protein, interleukin-6, tumor necrosis factor alpha, or fecal calprotectin, despite the increased values",,,,,,,,,detail_hint,expansion_queue,pending,
PMID:22695039,PubMed,22695039,Probiotics to adolescents with obesity: effects on inflammation and metabolic syndrome.,microbiome,"The connections between gut microbiota, energy homeostasis, and inflammation and its role in the pathogenesis of obesity-related disorders are increasingly recognized.",,,,,,,,,detail_hint,expansion_queue,pending,
EUROPEPMC:40913714,PubMed,40913714,"Bridging the Gut Microbiota and the Brain, Kidney, and Cardiovascular Health: The Role of Probiotics.",BMI,"Probiotics also increase HDL-c, ApoE, and insulin sensitivity, decreasing BMI, body fat, and the risk of developing chronic hyperglycemia while increasing lean mass.",,,,,,,,,detail_hint,expansion_queue,pending,
EUROPEPMC:40913714,PubMed,40913714,"Bridging the Gut Microbiota and the Brain, Kidney, and Cardiovascular Health: The Role of Probiotics.",body_fat,"Probiotics also increase HDL-c, ApoE, and insulin sensitivity, decreasing BMI, body fat, and the risk of developing chronic hyperglycemia while increasing lean mass.",,,,,,,,,detail_hint,expansion_queue,pending,
EUROPEPMC:40913714,PubMed,40913714,"Bridging the Gut Microbiota and the Brain, Kidney, and Cardiovascular Health: The Role of Probiotics.",glucose,"Probiotics also increase HDL-c, ApoE, and insulin sensitivity, decreasing BMI, body fat, and the risk of developing chronic hyperglycemia while increasing lean mass.",,,,,,,,,detail_hint,expansion_queue,pending,
EUROPEPMC:40913714,PubMed,40913714,"Bridging the Gut Microbiota and the Brain, Kidney, and Cardiovascular Health: The Role of Probiotics.",lipid,"Probiotics can also benefit the heart by decreasing TMAO, LDL-c, TG, CRP, MDA, TNF-α, IL-6, and urea levels, improving dyslipidemia and toxin profiles.",,,,,,,,,detail_hint,expansion_queue,pending,
EUROPEPMC:40913714,PubMed,40913714,"Bridging the Gut Microbiota and the Brain, Kidney, and Cardiovascular Health: The Role of Probiotics.",microbiome,"The intestinal microbiota is linked to the development of neurotrophic factors; therefore, it is increasingly related to the modulation of nervous system pathologies.",,,,,,,,,detail_hint,expansion_queue,pending,
EUROPEPMC:40895298,PubMed,40895298,Meta-analysis of probiotic metabolites in the prevention of gestational weight gain and postpartum weight retention.,weight,"Maternal weight gain and metabolic health during pregnancy significantly influence both short- and long-term outcomes for mother and child.; This systematic review and meta-analysis included data from 46 randomized controlled trials (RCTs), comprising over 12,500 pregnant women across diverse populations.; Probiotic supplementation, especially multispecies formulations, initiated in the first trimester led to a mean reduction in gestational weight gain (GWG) of 1.25 kg (95% CI: -1.78 to -0.72 kg",p < 0.001,,,,,,,,detail_hint,expansion_queue,pending,
EUROPEPMC:40895298,PubMed,40895298,Meta-analysis of probiotic metabolites in the prevention of gestational weight gain and postpartum weight retention.,glucose,"Significant improvements were also observed in metabolic markers: fasting glucose decreased by 0.22 mmol/L, Homeostatic Model Assessment for Insulin Resistance (HOMA-IR) scores decreased by 0.45 units, and total cholesterol and Low-density lipoprotein (LDL) were reduced by 0.28 and 0.17 mmol/L, respectively.; These effects were mediated by the modulation of gut microbiota, promoting the production of beneficial short-chain fatty acids (butyrate) and reducing systemic inflammation through increas",p < 0.001,,,,,,,,detail_hint,expansion_queue,pending,
EUROPEPMC:40895298,PubMed,40895298,Meta-analysis of probiotic metabolites in the prevention of gestational weight gain and postpartum weight retention.,lipid,"Significant improvements were also observed in metabolic markers: fasting glucose decreased by 0.22 mmol/L, Homeostatic Model Assessment for Insulin Resistance (HOMA-IR) scores decreased by 0.45 units, and total cholesterol and Low-density lipoprotein (LDL) were reduced by 0.28 and 0.17 mmol/L, respectively.; These effects were mediated by the modulation of gut microbiota, promoting the production of beneficial short-chain fatty acids (butyrate) and reducing systemic inflammation through increas",p < 0.001,,,,,,,,detail_hint,expansion_queue,pending,
EUROPEPMC:40895298,PubMed,40895298,Meta-analysis of probiotic metabolites in the prevention of gestational weight gain and postpartum weight retention.,microbiome,"Significant improvements were also observed in metabolic markers: fasting glucose decreased by 0.22 mmol/L, Homeostatic Model Assessment for Insulin Resistance (HOMA-IR) scores decreased by 0.45 units, and total cholesterol and Low-density lipoprotein (LDL) were reduced by 0.28 and 0.17 mmol/L, respectively.; These effects were mediated by the modulation of gut microbiota, promoting the production of beneficial short-chain fatty acids (butyrate) and reducing systemic inflammation through increas",p < 0.001,,,,,,,,detail_hint,expansion_queue,pending,
EUROPEPMC:41002774,PubMed,41002774,Effects of Dietary and Probiotic Interventions in Patients with Metabolic Syndrome and Obstructive Sleep Apnea.,BMI,"Results: Diet therapy led to significant reductions in BMI (-15.7%, p = 0.001), visceral fat (-17.3%, p = 0.001), triglycerides (-14.6%, p = 0.003), uric acid (-9.5%, p = 0.011), and C-reactive protein (CRP) (-21.4%, p = 0.007).",p = 0.001; p = 0.003; p = 0.011; p = 0.007; p = 0.002,,,,,,,120 patients; n = 36; n = 42,detail_hint,expansion_queue,pending,
EUROPEPMC:41002774,PubMed,41002774,Effects of Dietary and Probiotic Interventions in Patients with Metabolic Syndrome and Obstructive Sleep Apnea.,body_fat,"Results: Diet therapy led to significant reductions in BMI (-15.7%, p = 0.001), visceral fat (-17.3%, p = 0.001), triglycerides (-14.6%, p = 0.003), uric acid (-9.5%, p = 0.011), and C-reactive protein (CRP) (-21.4%, p = 0.007).",p = 0.001; p = 0.003; p = 0.011; p = 0.007; p = 0.002,,,,,,,120 patients; n = 36; n = 42,detail_hint,expansion_queue,pending,
EUROPEPMC:41002774,PubMed,41002774,Effects of Dietary and Probiotic Interventions in Patients with Metabolic Syndrome and Obstructive Sleep Apnea.,lipid,"Results: Diet therapy led to significant reductions in BMI (-15.7%, p = 0.001), visceral fat (-17.3%, p = 0.001), triglycerides (-14.6%, p = 0.003), uric acid (-9.5%, p = 0.011), and C-reactive protein (CRP) (-21.4%, p = 0.007).",p = 0.001; p = 0.003; p = 0.011; p = 0.007; p = 0.002,,,,,,,120 patients; n = 36; n = 42,detail_hint,expansion_queue,pending,
PMID:24969566,PubMed,24969566,Inulin-type fructans modulate intestinal Bifidobacterium species populations and decrease fecal short-chain fatty acids in obese women.,BMI,"Total SCFA, acetate and propionate, that positively correlated with BMI, fasting insulinemia and homeostasis model assessment (HOMA) (p < 0.05), were significantly lower in prebiotic than in placebo group after the treatment period.; ITF consumption selectively modulates Bifidobacterium spp.",p < 0.01; p < 0.05,,,,,,,n = 15,detail_hint,expansion_queue,pending,
PMID:24969566,PubMed,24969566,Inulin-type fructans modulate intestinal Bifidobacterium species populations and decrease fecal short-chain fatty acids in obese women.,glucose,"Total SCFA, acetate and propionate, that positively correlated with BMI, fasting insulinemia and homeostasis model assessment (HOMA) (p < 0.05), were significantly lower in prebiotic than in placebo group after the treatment period.; ITF consumption selectively modulates Bifidobacterium spp.",p < 0.01; p < 0.05,,,,,,,n = 15,detail_hint,expansion_queue,pending,
PMID:26084343,PubMed,26084343,Intake of Lactobacillus reuteri improves incretin and insulin secretion in glucose-tolerant humans: a proof of concept.,BMI,"We hypothesized that daily intake of Lactobacillus reuteri increases insulin sensitivity by changing cytokine release and insulin secretion via modulation of the release of glucagon-like peptides (GLP)-1 and -2.; A prospective, double-blind, randomized trial was performed in 21 glucose-tolerant humans (11 lean: age 49 ± 7 years, BMI 23.6 ± 1.7 kg/m(2); 10 obese: age 51 ± 7 years, BMI 35.5 ± 4.9 kg/m(2)).",P < 0.01; P < 0.05,,,,,,,,detail_hint,expansion_queue,pending,
PMID:26084343,PubMed,26084343,Intake of Lactobacillus reuteri improves incretin and insulin secretion in glucose-tolerant humans: a proof of concept.,body_fat,"reuteri increases insulin secretion, possibly due to augmented incretin release, but does not directly affect insulin sensitivity or body fat distribution.",P < 0.01; P < 0.05,,,,,,,,detail_hint,expansion_queue,pending,
PMID:26084343,PubMed,26084343,Intake of Lactobacillus reuteri improves incretin and insulin secretion in glucose-tolerant humans: a proof of concept.,glucose,Intake of Lactobacillus reuteri improves incretin and insulin secretion in glucose-tolerant humans: a proof of concept.,P < 0.01; P < 0.05,,,,,,,,detail_hint,expansion_queue,pending,
