species,coef_obese_log10,p,fdr,direction,fold_change_obese_vs_lean,meta_g,ci_low,ci_high,I2_percent,k_studies,ci_excludes_zero,robust,region,tier
Methanobrevibacter_smithii,-0.5335045820451972,1.7096766357556846e-08,3.4022565051538124e-06,lean_enriched,0.293,0.368,0.237,0.5,0.0,7.0,True,True,西欧,robust_capable
Actinomyces_odontolyticus,-0.0011106663737432123,0.966517082855699,0.980633194023048,lean_enriched,0.997,-0.019,-0.19,0.152,30.3,7.0,False,False,西欧,robust_capable
Actinomyces_oris,0.029763330025721034,0.22438557781416704,0.42702121676856375,obese_enriched,1.071,-0.129,-0.281,0.023,0.0,5.0,False,False,西欧,robust_capable
Actinomyces_sp_HMSC035G02,-0.011309758518679509,0.579854218240522,0.7716591693716149,lean_enriched,0.974,-0.019,-0.189,0.152,30.1,7.0,False,False,西欧,robust_capable
Actinomyces_sp_ICM47,0.029635577415336723,0.3479618082450906,0.5524592672297416,obese_enriched,1.071,-0.056,-0.187,0.074,0.0,7.0,False,False,西欧,robust_capable
Aeriscardovia_aeriphila,-0.05156929040043601,0.062314866510643316,0.17633220007589462,lean_enriched,0.888,0.143,-0.059,0.345,26.1,5.0,False,False,西欧,robust_capable
Bifidobacterium_adolescentis,0.011339268656955604,0.8975973209709216,0.9707710156152902,obese_enriched,1.026,-0.069,-0.291,0.153,55.9,7.0,False,False,西欧,robust_capable
Bifidobacterium_animalis,-0.20395912315225856,0.0002897214992633621,0.003603411147088066,lean_enriched,0.625,0.18,-0.048,0.409,58.2,7.0,False,False,西欧,robust_capable
Bifidobacterium_bifidum,0.03413851819492835,0.6677246440147624,0.820148634805857,obese_enriched,1.082,-0.022,-0.248,0.205,57.4,7.0,False,False,西欧,robust_capable
Bifidobacterium_catenulatum,-0.11141722297116904,0.0723027718663377,0.18686041040780782,lean_enriched,0.774,-0.003,-0.241,0.234,61.2,7.0,False,False,西欧,robust_capable
Bifidobacterium_dentium,0.06829140963734809,0.037289513489310144,0.12794160662711584,obese_enriched,1.17,-0.186,-0.358,-0.015,31.1,6.0,True,False,西欧,robust_capable
Bifidobacterium_longum,-0.18557209248129963,0.008263179253346777,0.042163401831179705,lean_enriched,0.652,0.141,-0.056,0.337,44.7,7.0,False,False,西欧,robust_capable
Bifidobacterium_pseudocatenulatum,-0.09401286871152048,0.15414969548033775,0.3215801600434,lean_enriched,0.805,0.105,-0.025,0.236,0.0,7.0,False,False,西欧,robust_capable
Rothia_mucilaginosa,-0.01189095285776793,0.6837628455889304,0.82465943195271,lean_enriched,0.973,0.045,-0.085,0.176,0.0,7.0,False,False,西欧,robust_capable
Olsenella_scatoligenes,-0.05230588010108722,0.1395254976623649,0.3085063781645624,lean_enriched,0.887,0.098,-0.074,0.269,30.6,7.0,False,False,西欧,robust_capable
Collinsella_aerofaciens,-0.03587876082495072,0.5603997198783945,0.7586363554816361,lean_enriched,0.921,0.026,-0.105,0.156,0.0,7.0,False,False,西欧,robust_capable
Collinsella_intestinalis,0.026298228345608257,0.45109898660612635,0.6699156592135758,obese_enriched,1.062,-0.048,-0.179,0.082,0.0,7.0,False,False,西欧,robust_capable
Enorma_massiliensis,-0.08031527380205128,0.022651074821803566,0.09577908439105359,lean_enriched,0.831,0.131,-0.05,0.312,36.1,7.0,False,False,西欧,robust_capable
Adlercreutzia_equolifaciens,-0.052080644313552665,0.3028126324564829,0.5244616511723207,lean_enriched,0.887,0.117,-0.092,0.327,50.8,7.0,False,False,西欧,robust_capable
Asaccharobacter_celatus,-0.06265331614577431,0.2452147835575014,0.451830943777248,lean_enriched,0.866,0.11,-0.101,0.321,51.7,7.0,False,False,西欧,robust_capable
Denitrobacterium_detoxificans,-0.021234856342311988,0.18686936917847904,0.3767962189138594,lean_enriched,0.952,0.1,-0.178,0.378,57.8,4.0,False,False,西欧,robust_capable
Eggerthella_lenta,0.10661475949554901,0.059291774615054006,0.17303287397466205,obese_enriched,1.278,-0.105,-0.287,0.077,36.7,7.0,False,False,西欧,robust_capable
Enterorhabdus_caecimuris,0.0013464417350254367,0.9590498810140476,0.980633194023048,obese_enriched,1.003,0.057,-0.159,0.274,53.8,7.0,False,False,西欧,robust_capable
Gordonibacter_pamelaeae,-0.02092570541212095,0.6793621609992839,0.8243479880418141,lean_enriched,0.953,0.038,-0.092,0.169,0.0,7.0,False,False,西欧,robust_capable
Slackia_isoflavoniconvertens,-0.07936531749603942,0.2253127023150713,0.42702121676856375,lean_enriched,0.833,0.081,-0.049,0.212,0.0,7.0,False,False,西欧,robust_capable
Bacteroides_caccae,-0.1721347758006404,0.047689010595027545,0.14696034249891113,lean_enriched,0.673,0.138,0.008,0.269,0.0,7.0,True,False,西欧,robust_capable
Bacteroides_cellulosilyticus,-0.38221753974758027,1.0949904066971059e-05,0.00031129012990389155,lean_enriched,0.415,0.311,0.18,0.443,0.3,7.0,True,True,西欧,robust_capable
Bacteroides_clarus,0.009395196298790348,0.8835411376747161,0.9607906360506475,obese_enriched,1.022,0.008,-0.129,0.146,4.6,6.0,False,False,西欧,robust_capable
Bacteroides_coprocola,-0.026593841725856923,0.6332004559986859,0.7924961681996132,lean_enriched,0.941,0.134,-0.15,0.418,72.7,6.0,False,False,西欧,robust_capable
Bacteroides_dorei,-0.27281371912964003,0.005150730639910839,0.029285582781207343,lean_enriched,0.534,0.176,0.009,0.343,27.3,7.0,True,True,西欧,robust_capable
Bacteroides_eggerthii,-0.0389940394582372,0.6303299442892469,0.7924961681996132,lean_enriched,0.914,-0.081,-0.329,0.167,64.5,7.0,False,False,西欧,robust_capable
Bacteroides_faecis,0.051525882734962156,0.4319408274204771,0.6515094937462242,obese_enriched,1.126,-0.027,-0.16,0.106,0.0,6.0,False,False,西欧,robust_capable
Bacteroides_finegoldii,-0.02798490274521067,0.6573717285510207,0.81252778870592,lean_enriched,0.938,0.041,-0.092,0.174,2.1,7.0,False,False,西欧,robust_capable
Bacteroides_fragilis,-0.022206657835121765,0.7848743821969785,0.9093001761193034,lean_enriched,0.95,-0.028,-0.222,0.166,43.5,7.0,False,False,西欧,robust_capable
Bacteroides_galacturonicus,-0.07611589266097851,0.1002237395934656,0.24029547203734525,lean_enriched,0.839,0.12,-0.011,0.25,0.0,7.0,False,False,西欧,robust_capable
Bacteroides_intestinalis,-0.21517154978549585,0.003185454180142132,0.02319026551499463,lean_enriched,0.609,0.224,0.028,0.42,44.2,7.0,True,True,西欧,robust_capable
Bacteroides_massiliensis,-0.16073731392611484,0.039249705055829545,0.13085722819285392,lean_enriched,0.691,0.168,0.008,0.328,22.5,7.0,True,False,西欧,robust_capable
Bacteroides_nordii,-0.05714508134544952,0.05284774812030866,0.1593439678172943,lean_enriched,0.877,0.106,-0.024,0.237,0.0,7.0,False,False,西欧,robust_capable
Bacteroides_ovatus,-0.12398116724509914,0.0773715989613957,0.19739677170920183,lean_enriched,0.752,0.168,-0.057,0.394,56.7,7.0,False,False,西欧,robust_capable
Bacteroides_plebeius,-0.0730525939323066,0.32505935516686324,0.5441550081724972,lean_enriched,0.845,0.056,-0.15,0.262,50.1,6.0,False,False,西欧,robust_capable
Bacteroides_salyersiae,-0.17584870162304664,0.0044581088783295555,0.02688374747841156,lean_enriched,0.667,0.201,0.07,0.332,0.0,7.0,True,True,西欧,robust_capable
Bacteroides_sp_CAG_144,-0.11622986201793946,0.10250826611328102,0.24284696376836812,lean_enriched,0.765,0.013,-0.205,0.231,54.4,7.0,False,False,西欧,robust_capable
Bacteroides_stercoris,0.02306622932024796,0.8080235238509629,0.9188381785505235,obese_enriched,1.055,-0.023,-0.199,0.153,33.6,7.0,False,False,西欧,robust_capable
Bacteroides_thetaiotaomicron,-0.09904582720212803,0.18745138528880442,0.3767962189138594,lean_enriched,0.796,0.087,-0.043,0.218,0.0,7.0,False,False,西欧,robust_capable
Bacteroides_uniformis,-0.13587029227536693,0.025388289755945,0.10142311381972678,lean_enriched,0.731,0.144,0.004,0.283,7.2,7.0,True,False,西欧,robust_capable
Bacteroides_vulgatus,-0.0021612468361039416,0.9797218799173495,0.980633194023048,lean_enriched,0.995,-0.052,-0.291,0.188,62.0,7.0,False,False,西欧,robust_capable
Bacteroides_xylanisolvens,-0.16681074125733028,0.027809946794003063,0.10441847947182281,lean_enriched,0.681,0.151,0.021,0.282,0.0,7.0,True,False,西欧,robust_capable
Barnesiella_intestinihominis,-0.22759808216546584,0.0034521509149618426,0.02319026551499463,lean_enriched,0.592,0.185,0.032,0.338,17.6,7.0,True,True,西欧,robust_capable
Coprobacter_fastidiosus,-0.06145118327433468,0.3380015443011404,0.5468480269587556,lean_enriched,0.868,0.036,-0.177,0.249,52.4,7.0,False,False,西欧,robust_capable
Coprobacter_secundus,-0.06007848768013581,0.19880993678900488,0.3956317742101197,lean_enriched,0.871,0.084,-0.046,0.215,0.0,7.0,False,False,西欧,robust_capable
Butyricimonas_synergistica,-0.07799715029644375,0.10482887340052983,0.2454228918435934,lean_enriched,0.836,0.114,-0.018,0.247,1.5,7.0,False,False,西欧,robust_capable
Butyricimonas_virosa,-0.11659024844718598,0.040112014672181354,0.13085722819285392,lean_enriched,0.765,0.125,-0.081,0.33,49.1,7.0,False,False,西欧,robust_capable
Odoribacter_splanchnicus,-0.14346537035807844,0.007590351750940968,0.04014039524506199,lean_enriched,0.719,0.158,0.004,0.311,18.0,7.0,True,True,西欧,robust_capable
Paraprevotella_clara,-0.019409006227050107,0.5777259800746694,0.7716591693716149,lean_enriched,0.956,-0.043,-0.313,0.227,70.0,7.0,False,False,西欧,robust_capable
Paraprevotella_xylaniphila,-0.04941071726192736,0.5166412373235059,0.7219364815695228,lean_enriched,0.892,-0.049,-0.326,0.228,71.4,7.0,False,False,西欧,robust_capable
Prevotella_copri,0.010618025078609795,0.9297689068782671,0.9742977730154527,obese_enriched,1.025,-0.003,-0.163,0.156,22.7,7.0,False,False,西欧,robust_capable
Prevotella_sp_CAG_279,0.03299816904526503,0.6322517637328586,0.7924961681996132,obese_enriched,1.079,-0.013,-0.209,0.184,45.0,7.0,False,False,西欧,robust_capable
Alistipes_finegoldii,-0.15299392346820334,0.027582811910235507,0.10441847947182281,lean_enriched,0.703,0.15,0.019,0.28,0.0,7.0,True,False,西欧,robust_capable
Alistipes_indistinctus,-0.20605931797115615,0.0007084249345479946,0.007832031220836163,lean_enriched,0.622,0.218,0.087,0.349,0.0,7.0,True,True,西欧,robust_capable
Alistipes_inops,-0.10524839678973315,0.23142456595001173,0.4344668738118145,lean_enriched,0.785,0.097,-0.065,0.259,24.1,7.0,False,False,西欧,robust_capable
Alistipes_onderdonkii,-0.023171129412745954,0.5970879418943693,0.7716591693716149,lean_enriched,0.948,0.059,-0.102,0.219,23.1,7.0,False,False,西欧,robust_capable
Alistipes_putredinis,-0.2480556714273932,0.003350625288686384,0.02319026551499463,lean_enriched,0.565,0.198,0.067,0.329,0.0,7.0,True,True,西欧,robust_capable
Alistipes_shahii,-0.15572847097772463,0.012323424754845647,0.05703166340033219,lean_enriched,0.699,0.137,-0.052,0.326,40.8,7.0,False,False,西欧,robust_capable
Parabacteroides_distasonis,-0.16096661082833985,0.01709545172321014,0.07632702555623397,lean_enriched,0.69,0.158,0.027,0.289,0.0,7.0,True,False,西欧,robust_capable
Parabacteroides_goldsteinii,-0.1421120151594875,0.0034560527872856636,0.02319026551499463,lean_enriched,0.721,0.213,0.078,0.349,0.0,5.0,True,True,西欧,robust_capable
Parabacteroides_johnsonii,-0.02716500816725616,0.5971633773026568,0.7716591693716149,lean_enriched,0.939,-0.025,-0.285,0.235,68.2,6.0,False,False,西欧,robust_capable
Parabacteroides_merdae,-0.12678127354836435,0.14972229875457,0.3203735209909616,lean_enriched,0.747,0.068,-0.133,0.27,47.5,7.0,False,False,西欧,robust_capable
Gemella_sanguinis,0.013676726670052444,0.5908836865246245,0.7716591693716149,obese_enriched,1.032,-0.042,-0.181,0.098,7.4,7.0,False,False,西欧,robust_capable
Lactobacillus_delbrueckii,0.049723302311481754,0.18042962806266596,0.37015975241722193,obese_enriched,1.121,-0.076,-0.283,0.132,44.4,5.0,False,False,西欧,robust_capable
Lactobacillus_rogosae,-0.028566599402685112,0.605127925593949,0.7769061754399733,lean_enriched,0.936,0.04,-0.09,0.171,0.0,7.0,False,False,西欧,robust_capable
Sharpea_azabuensis,0.004136700087688329,0.8362520568295093,0.9349110073543391,obese_enriched,1.01,-0.046,-0.204,0.112,0.0,6.0,False,False,西欧,robust_capable
Lactococcus_lactis,-0.037037430170922786,0.3136191848501662,0.5334206648306246,lean_enriched,0.918,0.053,-0.078,0.183,0.0,7.0,False,False,西欧,robust_capable
Streptococcus_australis,-0.025574569011065418,0.25464301390693705,0.4648987134631236,lean_enriched,0.943,0.093,-0.129,0.315,55.9,7.0,False,False,西欧,robust_capable
Streptococcus_gordonii,0.0714395660412536,0.010754826735014567,0.05095739333971187,obese_enriched,1.179,-0.192,-0.323,-0.062,0.0,7.0,True,False,西欧,robust_capable
Streptococcus_mitis,0.017759434708278028,0.46634178621434175,0.6874223367159555,obese_enriched,1.042,-0.037,-0.167,0.094,0.0,7.0,False,False,西欧,robust_capable
Streptococcus_mutans,0.04873237978683804,0.09169549422316071,0.2280925418801123,obese_enriched,1.119,-0.038,-0.265,0.188,58.4,6.0,False,False,西欧,robust_capable
Streptococcus_oralis,0.04411920582485776,0.05991319635842144,0.17303287397466205,obese_enriched,1.107,-0.151,-0.338,0.036,39.4,7.0,False,False,西欧,robust_capable
Streptococcus_parasanguinis,0.03315675612356912,0.5578228406817256,0.7586363554816361,obese_enriched,1.079,-0.02,-0.15,0.111,0.0,7.0,False,False,西欧,robust_capable
Streptococcus_salivarius,-0.015769509817894718,0.7877131951531212,0.9093001761193034,lean_enriched,0.964,0.045,-0.144,0.234,41.1,7.0,False,False,西欧,robust_capable
Streptococcus_sanguinis,0.06375429250868438,0.023102492717440064,0.09577908439105359,obese_enriched,1.158,-0.13,-0.267,0.007,5.1,7.0,False,False,西欧,robust_capable
Streptococcus_sp_A12,-0.0015776663831794172,0.9300472526924832,0.9742977730154527,lean_enriched,0.996,0.024,-0.107,0.154,0.0,7.0,False,False,西欧,robust_capable
Streptococcus_thermophilus,0.008305354949011086,0.9077861364995305,0.9742977730154527,obese_enriched,1.019,0.105,-0.132,0.342,61.3,7.0,False,False,西欧,robust_capable
Streptococcus_vestibularis,0.12939882086094,0.00011129778184570354,0.001514782405463754,obese_enriched,1.347,-0.253,-0.396,-0.109,9.5,6.0,True,True,西欧,robust_capable
Christensenella_minuta,0.0008562345023820257,0.9674623512924659,0.980633194023048,obese_enriched,1.002,-0.034,-0.249,0.181,53.0,7.0,False,False,西欧,robust_capable
Clostridium_disporicum,-0.03385871535956006,0.5869805873713889,0.7716591693716149,lean_enriched,0.925,0.024,-0.106,0.155,0.0,7.0,False,False,西欧,robust_capable
Clostridium_sp_CAG_167,-0.15955754456168375,0.026152065757204742,0.10204433501340673,lean_enriched,0.693,0.144,0.013,0.275,0.0,7.0,True,False,西欧,robust_capable
Clostridium_sp_CAG_242,0.025784325348107918,0.4966820420782444,0.713898628081555,obese_enriched,1.061,-0.045,-0.175,0.086,0.0,7.0,False,False,西欧,robust_capable
Clostridium_sp_CAG_253,-0.08960947032439023,0.11195180323261189,0.2560736648653996,lean_enriched,0.814,0.117,-0.014,0.248,0.0,7.0,False,False,西欧,robust_capable
Clostridium_sp_CAG_299,0.07700081643766228,0.029045703276696686,0.10691199556185618,obese_enriched,1.194,-0.178,-0.309,-0.047,0.0,7.0,True,False,西欧,robust_capable
Clostridium_sp_CAG_58,0.19340535377653886,0.001767193238580196,0.014652977269894125,obese_enriched,1.561,-0.198,-0.329,-0.067,0.0,7.0,True,True,西欧,robust_capable
Hungatella_hathewayi,0.0031145603117875703,0.9218357025270908,0.9742977730154527,obese_enriched,1.007,-0.024,-0.229,0.181,48.8,7.0,False,False,西欧,robust_capable
Intestinimonas_butyriciproducens,-0.18506568618046332,6.39158337204115e-05,0.0010509235884873672,lean_enriched,0.653,0.267,0.131,0.403,4.0,7.0,True,True,西欧,robust_capable
Lawsonibacter_asaccharolyticus,-0.06897566071683225,0.14618048172672327,0.3196694050947025,lean_enriched,0.853,0.097,-0.033,0.228,0.0,7.0,False,False,西欧,robust_capable
Monoglobus_pectinilyticus,-0.04587114815147729,0.48334680583726186,0.707250105600111,lean_enriched,0.9,0.077,-0.063,0.217,7.6,7.0,False,False,西欧,robust_capable
Eubacterium_eligens,-0.30604043501430656,5.669796214018294e-05,0.0010509235884873672,lean_enriched,0.494,0.271,0.14,0.402,0.0,7.0,True,True,西欧,robust_capable
Eubacterium_hallii,-0.0009387774581868574,0.978391299587996,0.980633194023048,lean_enriched,0.998,0.022,-0.145,0.188,27.3,7.0,False,False,西欧,robust_capable
Eubacterium_ramulus,0.024165248947017895,0.6717800375545462,0.820148634805857,obese_enriched,1.057,-0.055,-0.265,0.154,50.5,7.0,False,False,西欧,robust_capable
Eubacterium_sp_CAG_180,0.19717766946173734,0.041607810756205,0.13354765065298058,obese_enriched,1.575,-0.163,-0.351,0.026,40.4,7.0,False,False,西欧,robust_capable
Eubacterium_sp_CAG_251,0.016389734525538224,0.8457583834529115,0.9350328794840521,obese_enriched,1.038,-0.007,-0.137,0.124,0.0,7.0,False,False,西欧,robust_capable
Eubacterium_sp_CAG_274,0.04736310387888414,0.5190267016755679,0.7219364815695228,obese_enriched,1.115,-0.047,-0.177,0.084,0.0,7.0,False,False,西欧,robust_capable
Eubacterium_sp_CAG_38,0.04365032523102973,0.5224062982211622,0.7219364815695228,obese_enriched,1.106,-0.048,-0.184,0.089,4.6,7.0,False,False,西欧,robust_capable
Eubacterium_sp_OM08_24,-0.04376540881023924,0.15513414755862512,0.3215801600434,lean_enriched,0.904,0.081,-0.05,0.212,0.0,7.0,False,False,西欧,robust_capable
Eubacterium_ventriosum,0.01630795848808039,0.8138751878745771,0.9202338771990957,obese_enriched,1.038,-0.019,-0.149,0.112,0.0,7.0,False,False,西欧,robust_capable
Anaerostipes_hadrus,-0.0896661792077205,0.01764343304314956,0.07632702555623397,lean_enriched,0.813,0.092,-0.166,0.35,67.0,7.0,False,False,西欧,robust_capable
Blautia_hydrogenotrophica,0.07598937143064359,0.04316945216193218,0.13636065047975401,obese_enriched,1.191,-0.144,-0.335,0.046,42.3,6.0,False,False,西欧,robust_capable
Blautia_obeum,0.04092115709180875,0.3774100380494454,0.5913747840302334,obese_enriched,1.099,-0.063,-0.194,0.067,0.0,7.0,False,False,西欧,robust_capable
Blautia_sp_CAG_257,0.10733871908004106,0.02548319442706703,0.10142311381972678,obese_enriched,1.28,-0.077,-0.336,0.182,67.4,7.0,False,False,西欧,robust_capable
Blautia_wexlerae,-0.0457661527378753,0.32539922599259885,0.5441550081724972,lean_enriched,0.9,0.079,-0.159,0.318,61.6,7.0,False,False,西欧,robust_capable
Ruminococcus_gnavus,0.31220297833405314,3.4514350192097006e-06,0.00011447259480378841,obese_enriched,2.052,-0.306,-0.493,-0.12,39.0,7.0,True,True,西欧,robust_capable
Ruminococcus_torques,0.028262684826780335,0.6381426547393141,0.7936899268320219,obese_enriched,1.067,-0.14,-0.354,0.075,52.9,7.0,False,False,西欧,robust_capable
Butyrivibrio_crossotus,-0.3552587154079902,6.660926247160276e-05,0.0010509235884873672,lean_enriched,0.441,0.277,0.146,0.408,0.0,7.0,True,True,西欧,robust_capable
Butyrivibrio_sp_CAG_318,-0.08415534547114141,0.15390320093761348,0.3215801600434,lean_enriched,0.824,0.089,-0.041,0.22,0.0,7.0,False,False,西欧,robust_capable
Coprococcus_catus,-0.0975096382697144,0.06946326392257013,0.18242307447579154,lean_enriched,0.799,0.143,-0.053,0.339,44.2,7.0,False,False,西欧,robust_capable
Coprococcus_comes,-0.051318796166438155,0.33168288562160686,0.5454949937082625,lean_enriched,0.889,0.036,-0.105,0.177,8.5,7.0,False,False,西欧,robust_capable
Coprococcus_eutactus,-0.17826412792322038,0.0813037079542494,0.20480301117589406,lean_enriched,0.663,0.126,-0.041,0.293,27.4,7.0,False,False,西欧,robust_capable
Dorea_formicigenerans,0.011018967117491618,0.7370931422591025,0.8731043768426273,obese_enriched,1.026,-0.17,-0.437,0.096,68.9,7.0,False,False,西欧,robust_capable
Dorea_longicatena,-0.038246218814982955,0.3998137788645364,0.6167669922018817,lean_enriched,0.916,-0.041,-0.257,0.174,53.2,7.0,False,False,西欧,robust_capable
Dorea_sp_CAG_317,0.08069016331555995,0.035141403165971606,0.1226866531583921,obese_enriched,1.204,-0.148,-0.28,-0.015,0.0,6.0,True,False,西欧,robust_capable
Eisenbergiella_massiliensis,-0.03093547761373287,0.40761377989990843,0.6239626323083214,lean_enriched,0.931,0.077,-0.056,0.209,1.9,7.0,False,False,西欧,robust_capable
Eisenbergiella_tayi,-0.002837168153113495,0.9457185680541523,0.9805918769399331,lean_enriched,0.993,-0.038,-0.248,0.172,50.9,7.0,False,False,西欧,robust_capable
Fusicatenibacter_saccharivorans,0.004454711065815766,0.9302340546378693,0.9742977730154527,obese_enriched,1.01,-0.021,-0.152,0.109,0.0,7.0,False,False,西欧,robust_capable
Clostridium_asparagiforme,0.016776930091752976,0.5149230998027619,0.7219364815695228,obese_enriched,1.039,-0.035,-0.218,0.148,37.4,7.0,False,False,西欧,robust_capable
Clostridium_bolteae,0.07039778707762749,0.0631017097506004,0.17633220007589462,obese_enriched,1.176,-0.144,-0.335,0.048,42.0,7.0,False,False,西欧,robust_capable
Clostridium_citroniae,0.03230579782403407,0.3431405881467303,0.5506852987193496,obese_enriched,1.077,-0.04,-0.198,0.118,21.7,7.0,False,False,西欧,robust_capable
Clostridium_lavalense,-0.005853798315356113,0.8360190702514397,0.9349110073543391,lean_enriched,0.987,0.015,-0.147,0.176,24.0,7.0,False,False,西欧,robust_capable
Clostridium_saccharolyticum,0.06103970003418138,0.09918534454934899,0.24029547203734525,obese_enriched,1.151,-0.102,-0.28,0.076,34.5,7.0,False,False,西欧,robust_capable
Clostridium_symbiosum,0.023693603776472463,0.4879385697899594,0.7087574845854154,obese_enriched,1.056,-0.153,-0.43,0.124,71.4,7.0,False,False,西欧,robust_capable
Lachnospira_pectinoschiza,-0.03143173487512508,0.7246692914726678,0.8687300542353066,lean_enriched,0.93,0.036,-0.094,0.167,0.0,7.0,False,False,西欧,robust_capable
Eubacterium_rectale,0.2569000869341764,0.00039458619765086637,0.004618979607795436,obese_enriched,1.807,-0.233,-0.364,-0.103,0.0,7.0,True,True,西欧,robust_capable
Roseburia_faecis,-0.06450748576232214,0.4432928046633082,0.6632726926917168,lean_enriched,0.862,0.02,-0.177,0.217,45.2,7.0,False,False,西欧,robust_capable
Roseburia_hominis,-0.13986362252033055,0.017481934097013183,0.07632702555623397,lean_enriched,0.725,0.145,0.015,0.276,0.0,7.0,True,False,西欧,robust_capable
Roseburia_intestinalis,0.24040563696061656,0.0026791681100879084,0.02132617815629975,obese_enriched,1.739,-0.248,-0.449,-0.046,46.7,7.0,True,True,西欧,robust_capable
Roseburia_inulinivorans,0.10731582487973315,0.06379858495208247,0.17633220007589462,obese_enriched,1.28,-0.13,-0.361,0.101,59.2,7.0,False,False,西欧,robust_capable
Roseburia_sp_CAG_182,-0.08267298970129867,0.20688348975341622,0.40362563196990026,lean_enriched,0.827,0.08,-0.051,0.21,0.0,7.0,False,False,西欧,robust_capable
Roseburia_sp_CAG_303,-0.22726721965260038,2.273725136358072e-07,1.5082376737841878e-05,lean_enriched,0.593,0.362,0.204,0.521,21.1,6.0,True,True,西欧,robust_capable
Roseburia_sp_CAG_309,-0.2522705765080906,2.9029769375396655e-06,0.00011447259480378841,lean_enriched,0.559,0.338,0.13,0.546,49.2,7.0,True,True,西欧,robust_capable
Roseburia_sp_CAG_471,-0.017591092349118525,0.7419767203680357,0.8736885642203497,lean_enriched,0.96,-0.044,-0.21,0.122,27.0,7.0,False,False,西欧,robust_capable
Sellimonas_intestinalis,0.06306980903112695,0.12837096189133307,0.28703170130758743,obese_enriched,1.156,-0.122,-0.341,0.096,54.5,7.0,False,False,西欧,robust_capable
Oscillibacter_sp_57_20,-0.19613751546774816,0.007665000097047014,0.04014039524506199,lean_enriched,0.637,0.185,0.009,0.362,33.2,7.0,True,True,西欧,robust_capable
Oscillibacter_sp_CAG_241,-0.31553472078557104,3.1288658090083e-06,0.00011447259480378841,lean_enriched,0.484,0.346,0.114,0.578,58.7,7.0,True,True,西欧,robust_capable
Oscillibacter_sp_PC13,-0.0729433386078784,0.00011417957830128799,0.001514782405463754,lean_enriched,0.845,0.229,0.08,0.377,13.9,7.0,True,True,西欧,robust_capable
Intestinibacter_bartlettii,-0.010284581045213737,0.8792218782870671,0.9607906360506475,lean_enriched,0.977,0.006,-0.129,0.141,3.5,7.0,False,False,西欧,robust_capable
Romboutsia_ilealis,-0.059562562357075605,0.06631618445340966,0.18077973570176056,lean_enriched,0.872,0.136,0.005,0.267,0.0,7.0,True,False,西欧,robust_capable
Agathobaculum_butyriciproducens,-0.002489620168102516,0.9510262927105884,0.9805918769399331,lean_enriched,0.994,-0.005,-0.135,0.126,0.0,7.0,False,False,西欧,robust_capable
Anaeromassilibacillus_sp_An250,-0.08041603385171979,0.11088433376606235,0.2560736648653996,lean_enriched,0.831,0.156,-0.124,0.436,71.8,7.0,False,False,西欧,robust_capable
Anaerotruncus_colihominis,0.03227491161842021,0.3369592322808044,0.5468480269587556,obese_enriched,1.077,-0.048,-0.191,0.095,9.8,7.0,False,False,西欧,robust_capable
Faecalibacterium_prausnitzii,-0.06012293926203636,0.06954111460618906,0.18242307447579154,lean_enriched,0.871,0.128,-0.003,0.258,0.0,7.0,False,False,西欧,robust_capable
Flavonifractor_plautii,0.19655750455210438,0.000775396298517079,0.007865309202581456,obese_enriched,1.572,-0.227,-0.358,-0.096,0.0,7.0,True,True,西欧,robust_capable
Gemmiger_formicilis,0.023116522154157482,0.622550159531229,0.7924961681996132,obese_enriched,1.055,0.033,-0.214,0.28,64.0,7.0,False,False,西欧,robust_capable
Pseudoflavonifractor_sp_An184,-0.03688898509794006,0.27263070866040917,0.4932137365765584,lean_enriched,0.919,0.085,-0.046,0.215,0.0,7.0,False,False,西欧,robust_capable
Clostridium_leptum,0.06140250082215741,0.20636832152007692,0.40362563196990026,obese_enriched,1.152,-0.136,-0.319,0.047,37.5,7.0,False,False,西欧,robust_capable
Eubacterium_siraeum,-0.33267241837211325,6.865329975043101e-05,0.0010509235884873672,lean_enriched,0.465,0.261,0.13,0.392,0.0,7.0,True,True,西欧,robust_capable
Ruminococcaceae_bacterium_D16,-0.06977323410638489,0.0013970508842067993,0.012885152284572075,lean_enriched,0.852,0.245,0.073,0.417,31.5,6.0,True,True,西欧,robust_capable
Ruminococcaceae_bacterium_D5,-0.15901376699482572,3.797887782976896e-05,0.0009447245860155028,lean_enriched,0.693,0.263,0.132,0.394,0.0,7.0,True,True,西欧,robust_capable
Ruminococcus_bicirculans,-0.08409403806340601,0.32922691170936846,0.5454949937082625,lean_enriched,0.824,0.062,-0.069,0.192,0.0,7.0,False,False,西欧,robust_capable
Ruminococcus_bromii,0.1820649992365937,0.09447361379394068,0.2321018412962246,obese_enriched,1.521,-0.125,-0.273,0.023,14.2,7.0,False,False,西欧,robust_capable
Ruminococcus_callidus,-0.029587256604905184,0.5194888401720288,0.7219364815695228,lean_enriched,0.934,0.083,-0.112,0.277,43.9,7.0,False,False,西欧,robust_capable
Ruminococcus_lactaris,-0.24681482684800543,0.004917006270424248,0.028778948465130155,lean_enriched,0.566,0.187,0.056,0.318,0.0,7.0,True,True,西欧,robust_capable
Ruminococcus_sp_CAG_330,0.09365115952131164,0.04800212192175489,0.14696034249891113,obese_enriched,1.241,-0.126,-0.259,0.007,0.0,6.0,False,False,西欧,robust_capable
Ruthenibacterium_lactatiformans,-0.011605145475338224,0.7904971380333643,0.9093001761193034,lean_enriched,0.974,-0.007,-0.172,0.158,26.2,7.0,False,False,西欧,robust_capable
Catenibacterium_mitsuokai,0.070967335876657,0.24274371229641617,0.45145793221483005,obese_enriched,1.178,-0.056,-0.244,0.132,40.2,7.0,False,False,西欧,robust_capable
Coprobacillus_cateniformis,0.035444203414195935,0.349798330004761,0.5524592672297416,obese_enriched,1.085,-0.055,-0.197,0.088,9.3,7.0,False,False,西欧,robust_capable
Dielma_fastidiosa,-0.05047074038764347,0.14779423170461933,0.3196853490132527,lean_enriched,0.89,0.118,-0.014,0.251,0.0,6.0,False,False,西欧,robust_capable
Clostridium_innocuum,0.021778444354612993,0.59261738501484,0.7716591693716149,obese_enriched,1.051,-0.171,-0.514,0.172,81.4,7.0,False,False,西欧,robust_capable
Clostridium_spiroforme,0.013344333262593829,0.7899944424048005,0.9093001761193034,obese_enriched,1.031,-0.023,-0.154,0.108,0.0,7.0,False,False,西欧,robust_capable
Erysipelatoclostridium_ramosum,0.042729848822190886,0.2890357853553758,0.5147413868454348,obese_enriched,1.103,-0.081,-0.387,0.225,77.0,6.0,False,False,西欧,robust_capable
Faecalitalea_cylindroides,-0.043307129281865364,0.43215705112814873,0.6515094937462242,lean_enriched,0.905,0.05,-0.083,0.182,0.0,6.0,False,False,西欧,robust_capable
Holdemanella_biformis,0.08547168826423802,0.2964082229529469,0.5219932421914728,obese_enriched,1.218,-0.065,-0.196,0.065,0.0,7.0,False,False,西欧,robust_capable
Holdemania_filiformis,0.08936430130157241,0.030085787695798727,0.10691199556185618,obese_enriched,1.228,-0.143,-0.28,-0.006,5.1,7.0,True,False,西欧,robust_capable
Turicibacter_sanguinis,-0.16096244693727957,0.005744248745023925,0.03175293056277114,lean_enriched,0.69,0.18,0.049,0.31,0.0,7.0,True,True,西欧,robust_capable
Firmicutes_bacterium_CAG_110,-0.2332136561059276,0.0038695945964466183,0.02484030079654442,lean_enriched,0.585,0.189,0.058,0.32,0.0,7.0,True,True,西欧,robust_capable
Firmicutes_bacterium_CAG_145,-0.09464751840403883,0.039550534605551725,0.13085722819285392,lean_enriched,0.804,0.116,-0.144,0.376,67.3,7.0,False,False,西欧,robust_capable
Firmicutes_bacterium_CAG_170,-0.19041347253572194,0.001489238706257074,0.012885152284572075,lean_enriched,0.645,0.202,0.072,0.333,0.0,7.0,True,True,西欧,robust_capable
Firmicutes_bacterium_CAG_238,-0.23691304637828264,4.315255537888629e-05,0.0009541509467109302,lean_enriched,0.58,0.291,0.16,0.422,0.0,7.0,True,True,西欧,robust_capable
Firmicutes_bacterium_CAG_83,0.005488242088260854,0.9291452432974728,0.9742977730154527,obese_enriched,1.013,-0.01,-0.141,0.12,0.0,7.0,False,False,西欧,robust_capable
Firmicutes_bacterium_CAG_94,-0.17529738064139105,0.003496019926883612,0.02319026551499463,lean_enriched,0.668,0.189,0.058,0.32,0.0,7.0,True,True,西欧,robust_capable
Firmicutes_bacterium_CAG_95,-0.34543521613383343,1.1036516774621401e-07,1.0981334190748293e-05,lean_enriched,0.451,0.417,0.174,0.66,62.0,7.0,True,True,西欧,robust_capable
Phascolarctobacterium_faecium,-0.05990677458120141,0.380433848680941,0.5914557491211504,lean_enriched,0.871,0.051,-0.129,0.231,35.7,7.0,False,False,西欧,robust_capable
Phascolarctobacterium_sp_CAG_266,-0.10211704761269666,0.12725520951976568,0.28703170130758743,lean_enriched,0.79,0.131,-0.042,0.303,31.3,7.0,False,False,西欧,robust_capable
Phascolarctobacterium_succinatutens,0.01659918614908877,0.8451431763312738,0.9350328794840521,obese_enriched,1.039,-0.005,-0.136,0.125,0.0,7.0,False,False,西欧,robust_capable
Allisonella_histaminiformans,0.08243165965369145,0.008832579354298367,0.04287032418305793,obese_enriched,1.209,-0.17,-0.333,-0.007,24.6,7.0,True,True,西欧,robust_capable
Dialister_invisus,0.0019599238041389765,0.9806331940230482,0.980633194023048,obese_enriched,1.005,0.003,-0.128,0.133,0.0,7.0,False,False,西欧,robust_capable
Veillonella_atypica,-0.028362962962329766,0.49865281056952837,0.713898628081555,lean_enriched,0.937,0.043,-0.088,0.173,0.0,7.0,False,False,西欧,robust_capable
Veillonella_dispar,-0.05174958052949953,0.21698503407439174,0.41922351243498984,lean_enriched,0.888,0.08,-0.05,0.211,0.0,7.0,False,False,西欧,robust_capable
Veillonella_infantium,-0.017490010376844382,0.5520299312200059,0.7576134918122839,lean_enriched,0.961,0.028,-0.102,0.159,0.0,7.0,False,False,西欧,robust_capable
Veillonella_parvula,-0.05187906982017139,0.3030808536925471,0.5244616511723207,lean_enriched,0.887,0.061,-0.07,0.191,0.0,7.0,False,False,西欧,robust_capable
Veillonella_sp_T11011_6,-0.002849609735492399,0.8757095804757427,0.9607906360506475,lean_enriched,0.993,-0.011,-0.141,0.12,0.0,7.0,False,False,西欧,robust_capable
Victivallis_vadensis,-0.10768108996808223,0.008580698030218995,0.0426889727003395,lean_enriched,0.78,0.122,-0.118,0.363,62.3,7.0,False,False,西欧,robust_capable
Parasutterella_excrementihominis,-0.06280604990154165,0.3094172264050736,0.5308105866776693,lean_enriched,0.865,0.087,-0.066,0.24,18.0,7.0,False,False,西欧,robust_capable
Turicimonas_muris,0.013380394967436697,0.7364266582347244,0.8731043768426273,obese_enriched,1.031,-0.017,-0.148,0.113,0.0,7.0,False,False,西欧,robust_capable
Bilophila_wadsworthia,-0.08726946368810193,0.06966911387015154,0.18242307447579154,lean_enriched,0.818,0.119,-0.012,0.25,0.0,7.0,False,False,西欧,robust_capable
Desulfovibrio_piger,-0.15509867200356048,0.030002453732123093,0.10691199556185618,lean_enriched,0.7,0.151,0.02,0.281,0.0,7.0,True,False,西欧,robust_capable
Desulfovibrionaceae_bacterium,-0.11402482756453443,0.004248975272117036,0.026423314973477816,lean_enriched,0.769,0.168,0.023,0.313,11.8,7.0,True,True,西欧,robust_capable
Escherichia_coli,-0.0193713775935904,0.7988621125795814,0.9136411517433144,lean_enriched,0.956,-0.022,-0.264,0.22,62.8,7.0,False,False,西欧,robust_capable
Haemophilus_parainfluenzae,-0.08965214607539884,0.05999632313694312,0.17303287397466205,lean_enriched,0.813,0.137,-0.036,0.309,31.1,7.0,False,False,西欧,robust_capable
Haemophilus_sp_HMSC71H05,-0.00208731982340523,0.9485512847451327,0.9805918769399331,lean_enriched,0.995,0.025,-0.123,0.174,14.6,7.0,False,False,西欧,robust_capable
Proteobacteria_bacterium_CAG_139,0.06586902086962948,0.2897036951089884,0.5147413868454348,obese_enriched,1.164,-0.077,-0.207,0.054,0.0,7.0,False,False,西欧,robust_capable
Fretibacterium_fastidiosum,-0.05837959828004736,0.0007904833369428599,0.007865309202581456,lean_enriched,0.874,0.315,0.115,0.515,24.5,5.0,True,True,西欧,robust_capable
Akkermansia_muciniphila,-0.3143715739479246,0.0014685608089744836,0.012885152284572075,lean_enriched,0.485,0.175,-0.03,0.38,48.8,7.0,False,False,西欧,robust_capable
Methanobrevibacter_smithii,-0.058760958962035426,0.6683069935961068,0.7898173560681262,lean_enriched,0.873,,,,,,,False,北美,robust_capable
Bifidobacterium_adolescentis,0.7523822635025434,0.0008179898851144263,0.0038668612750863787,obese_enriched,5.654,-0.301,-1.614,1.012,91.9,3.0,False,False,北美,robust_capable
Bifidobacterium_bifidum,0.8683833065543879,2.5713678626297215e-07,6.685556442837276e-06,obese_enriched,7.386,-0.694,-1.773,0.384,87.8,3.0,False,False,北美,robust_capable
Bifidobacterium_breve,0.6939941566200688,4.526394139474291e-06,5.49605354790145e-05,obese_enriched,4.943,,,,,,,False,北美,robust_capable
Bifidobacterium_longum,-0.33883230570000455,0.07343705014401515,0.14320224778082954,lean_enriched,0.458,0.323,-0.018,0.665,0.0,3.0,False,False,北美,robust_capable
Bifidobacterium_pseudocatenulatum,0.4986603639741781,0.010212851194104226,0.028450085469290343,obese_enriched,3.153,-0.242,-0.962,0.478,74.4,3.0,False,False,北美,robust_capable
Cutibacterium_acnes,-0.022007691312945027,0.7635942008359493,0.850862109502915,lean_enriched,0.951,,,,,,,False,北美,robust_capable
Collinsella_aerofaciens,0.7566099734994777,0.00023997280536246674,0.0014398368321748003,obese_enriched,5.71,-0.482,-1.436,0.472,84.9,3.0,False,False,北美,robust_capable
Collinsella_intestinalis,0.2550986581680994,0.00910092535112633,0.025813533723194684,obese_enriched,1.799,-0.414,-0.857,0.029,34.5,3.0,False,False,北美,robust_capable
Enorma_massiliensis,0.003682058421413864,0.932810560152677,0.9511009632929257,obese_enriched,1.009,-0.122,-0.462,0.217,0.0,3.0,False,False,北美,robust_capable
Adlercreutzia_equolifaciens,-0.05600340546988089,0.5025502746369988,0.634309980923134,lean_enriched,0.879,0.08,-0.259,0.419,0.0,3.0,False,False,北美,robust_capable
Asaccharobacter_celatus,-0.08227332497945597,0.3450458399971279,0.4721679915750171,lean_enriched,0.827,0.121,-0.218,0.46,0.0,3.0,False,False,北美,robust_capable
Eggerthella_lenta,-0.0103685068711806,0.9112629283021775,0.9477134454342646,lean_enriched,0.976,0.028,-0.312,0.368,0.0,3.0,False,False,北美,robust_capable
Gordonibacter_pamelaeae,-0.09635638410797864,0.24043839373270373,0.35359655395003886,lean_enriched,0.801,0.073,-0.319,0.465,19.9,3.0,False,False,北美,robust_capable
Slackia_isoflavoniconvertens,0.048231578515229745,0.6158994034178221,0.7448085808773663,obese_enriched,1.117,,,,,,,False,北美,robust_capable
Bacteroides_caccae,0.005955788540959961,0.9835078975052121,0.983507897505212,obese_enriched,1.014,0.016,-0.323,0.356,0.0,3.0,False,False,北美,robust_capable
Bacteroides_cellulosilyticus,-0.4110810313670873,0.05427532559247675,0.10996039990164119,lean_enriched,0.388,0.33,-0.315,0.975,68.0,3.0,False,False,北美,robust_capable
Bacteroides_dorei,0.1264174994701457,0.6426249206095729,0.765263264237354,obese_enriched,1.338,-0.223,-1.148,0.701,83.7,3.0,False,False,北美,robust_capable
Bacteroides_eggerthii,1.2125393021335684,4.932355748116686e-06,5.49605354790145e-05,obese_enriched,16.313,-0.41,-1.962,1.141,93.9,3.0,False,False,北美,robust_capable
Bacteroides_faecis,-0.20309650600887788,0.15942688448354406,0.26116415780757696,lean_enriched,0.626,0.261,-0.079,0.601,0.0,3.0,False,False,北美,robust_capable
Bacteroides_finegoldii,1.1808286439346287,8.87679059301739e-07,1.6449693759997168e-05,obese_enriched,15.165,-0.733,-1.95,0.485,90.3,3.0,False,False,北美,robust_capable
Bacteroides_fragilis,0.5391262618023441,0.02238732952629309,0.05456911572033941,obese_enriched,3.46,-0.38,-0.722,-0.038,0.0,3.0,True,False,北美,robust_capable
Bacteroides_galacturonicus,-0.12073429777397685,0.21640646520679704,0.328412069016736,lean_enriched,0.757,0.07,-0.849,0.988,83.9,3.0,False,False,北美,robust_capable
Bacteroides_massiliensis,-0.1032941404708386,0.5443825315216861,0.6686903536801814,lean_enriched,0.788,0.079,-0.26,0.418,0.0,3.0,False,False,北美,robust_capable
Bacteroides_nordii,-0.17363960809827397,0.014273515587902992,0.03839083502953219,lean_enriched,0.67,,,,,,,False,北美,robust_capable
Bacteroides_ovatus,0.5290666726673293,0.008897807085964991,0.025704776026121087,obese_enriched,3.381,-0.32,-0.934,0.293,64.9,3.0,False,False,北美,robust_capable
Bacteroides_salyersiae,0.11366500377330599,0.5041951130414655,0.634309980923134,obese_enriched,1.299,-0.096,-1.022,0.829,84.2,3.0,False,False,北美,robust_capable
Bacteroides_stercoris,0.4115359463146486,0.12203769746789216,0.2106349944473019,obese_enriched,2.58,-0.241,-0.608,0.126,10.6,3.0,False,False,北美,robust_capable
Bacteroides_thetaiotaomicron,1.2095866049170616,2.14038643824003e-09,1.1130009478848155e-07,obese_enriched,16.203,-0.874,-2.084,0.336,90.0,3.0,False,False,北美,robust_capable
Bacteroides_uniformis,0.3635883347119846,0.10690675819376154,0.1916948767612276,obese_enriched,2.31,0.066,-0.937,1.069,86.5,3.0,False,False,北美,robust_capable
Bacteroides_vulgatus,1.0713438563683906,9.375153792173002e-05,0.0006964399959899944,obese_enriched,11.785,-0.301,-1.651,1.049,92.3,3.0,False,False,北美,robust_capable
Bacteroides_xylanisolvens,-0.19863730968386187,0.35817584390205515,0.48587331868452693,lean_enriched,0.633,0.172,-0.167,0.512,0.0,3.0,False,False,北美,robust_capable
Barnesiella_intestinihominis,0.24784138642887313,0.2956503857551836,0.41179875158757717,obese_enriched,1.769,-0.08,-1.128,0.968,87.6,3.0,False,False,北美,robust_capable
Coprobacter_fastidiosus,-0.265313192423438,0.015376564236966395,0.040517360412664766,lean_enriched,0.543,,,,,,,False,北美,robust_capable
Coprobacter_sp,-0.3673789479784578,0.020060447836356358,0.04967348988050146,lean_enriched,0.429,,,,,,,False,北美,robust_capable
Butyricimonas_synergistica,0.2054995822748109,0.21894137934449068,0.328412069016736,obese_enriched,1.605,0.057,-1.148,1.263,90.5,3.0,False,False,北美,robust_capable
Butyricimonas_virosa,0.007247334159870666,0.9620253982105311,0.9682320136828572,obese_enriched,1.017,0.197,-1.144,1.537,92.1,3.0,False,False,北美,robust_capable
Odoribacter_splanchnicus,-0.12405682079334493,0.5662885538095277,0.6901641749553619,lean_enriched,0.752,0.111,-0.229,0.451,0.0,3.0,False,False,北美,robust_capable
Paraprevotella_clara,0.2390967710429104,0.0027163253049365013,0.009854575524885912,obese_enriched,1.734,,,,,,,False,北美,robust_capable
Paraprevotella_xylaniphila,0.26673627891269547,0.10527623906040273,0.1912296066488911,obese_enriched,1.848,-0.114,-1.098,0.87,86.0,3.0,False,False,北美,robust_capable
Prevotella_copri,0.920707821121433,0.0004750354096490453,0.00255536289328452,obese_enriched,8.331,-0.442,-1.284,0.399,80.6,3.0,False,False,北美,robust_capable
Alistipes_finegoldii,0.3013670164848554,0.19924916970469997,0.31596975938843075,obese_enriched,2.002,0.036,-0.954,1.026,86.1,3.0,False,False,北美,robust_capable
Alistipes_indistinctus,-0.12460984108377088,0.26290060080026617,0.376261410319647,lean_enriched,0.751,,,,,,,False,北美,robust_capable
Alistipes_putredinis,0.026688204754443084,0.9255930749165453,0.9511009632929257,obese_enriched,1.063,0.178,-0.457,0.813,67.0,3.0,False,False,北美,robust_capable
Alistipes_shahii,0.06782517245995494,0.7163265131180658,0.8339323585553602,obese_enriched,1.169,-0.055,-0.395,0.284,0.0,3.0,False,False,北美,robust_capable
Parabacteroides_distasonis,0.24859886681243928,0.24858943284970603,0.3590736252273532,obese_enriched,1.773,-0.047,-0.721,0.628,71.0,3.0,False,False,北美,robust_capable
Parabacteroides_goldsteinii,0.19233334652311027,0.21721359340195487,0.328412069016736,obese_enriched,1.557,-0.1,-0.909,0.71,79.6,3.0,False,False,北美,robust_capable
Parabacteroides_merdae,1.2753390046115671,9.490207938459903e-07,1.6449693759997168e-05,obese_enriched,18.851,-0.628,-2.066,0.81,93.0,3.0,False,False,北美,robust_capable
Lactobacillus_rogosae,0.11289305853836248,0.2005192703811195,0.31596975938843075,obese_enriched,1.297,-0.19,-0.53,0.149,0.0,3.0,False,False,北美,robust_capable
Lactococcus_lactis,-0.023879165031836208,0.727026423142326,0.8401194222977989,lean_enriched,0.947,0.142,-0.198,0.481,0.0,3.0,False,False,北美,robust_capable
Streptococcus_mitis,-0.008506848787774773,0.8248408336092388,0.8874149658140775,lean_enriched,0.981,,,,,,,False,北美,robust_capable
Streptococcus_parasanguinis,0.27060166519263634,0.04948902706787402,0.10432821922416685,obese_enriched,1.865,-0.293,-0.71,0.124,27.5,3.0,False,False,北美,robust_capable
Streptococcus_salivarius,0.14069716565316004,0.3257115521420212,0.4496548861429673,obese_enriched,1.383,-0.011,-0.726,0.703,74.0,3.0,False,False,北美,robust_capable
Streptococcus_thermophilus,-0.043688773398193465,0.758608204947708,0.850862109502915,lean_enriched,0.904,0.061,-0.278,0.4,0.0,3.0,False,False,北美,robust_capable
Clostridium_bolteae_CAG_59,0.1715110218620687,0.11431403459170943,0.20037066737423223,obese_enriched,1.484,-0.329,-0.785,0.127,37.4,3.0,False,False,北美,robust_capable
Clostridium_sp_CAG_167,-0.18602469694903104,0.07807125715052551,0.1485258062863656,lean_enriched,0.652,0.392,0.05,0.734,0.0,3.0,True,False,北美,robust_capable
Clostridium_sp_CAG_299,0.1804444797170445,0.039853677260169654,0.08881676646552093,obese_enriched,1.515,-0.275,-0.719,0.168,35.3,3.0,False,False,北美,robust_capable
Clostridium_sp_CAG_58,0.45794294166284555,0.004762522097527251,0.015618561715974665,obese_enriched,2.87,-0.477,-0.863,-0.092,16.2,3.0,True,True,北美,robust_capable
Hungatella_hathewayi,-0.04032603612385808,0.7947306664815875,0.8730843941628709,lean_enriched,0.911,-0.086,-0.426,0.254,0.0,3.0,False,False,北美,robust_capable
Intestinimonas_butyriciproducens,0.5764544930925302,0.00023632206145366905,0.0014398368321748003,obese_enriched,3.771,-0.264,-1.982,1.453,94.8,3.0,False,False,北美,robust_capable
Lawsonibacter_asaccharolyticus,0.0204309851626117,0.8760836604340885,0.9172419532061599,obese_enriched,1.048,0.025,-0.491,0.541,50.9,3.0,False,False,北美,robust_capable
Monoglobus_pectinilyticus,0.6043299531998556,0.0006149035236203641,0.0030943532156379613,obese_enriched,4.021,-0.578,-1.462,0.306,82.3,3.0,False,False,北美,robust_capable
Eubacterium_eligens,-0.15147688115939215,0.46739704189046316,0.6076161544576021,lean_enriched,0.706,0.113,-0.227,0.452,0.0,3.0,False,False,北美,robust_capable
Eubacterium_hallii,0.5181267789348502,0.0005311265243023601,0.0027618579263722727,obese_enriched,3.297,-0.203,-1.489,1.083,91.6,3.0,False,False,北美,robust_capable
Eubacterium_ramulus,-0.2048876254528287,0.09220217220969337,0.1712326055322877,lean_enriched,0.624,0.436,0.093,0.779,0.0,3.0,True,False,北美,robust_capable
Eubacterium_sp_CAG_180,0.16150452806527918,0.39460411502198356,0.5306744995123227,obese_enriched,1.45,-0.191,-0.751,0.368,57.8,3.0,False,False,北美,robust_capable
Eubacterium_sp_CAG_38,0.03857612523402102,0.8539827687605442,0.9062674280724143,obese_enriched,1.093,-0.028,-0.367,0.311,0.0,3.0,False,False,北美,robust_capable
Eubacterium_ventriosum,1.2416018530583925,1.7096506038358075e-11,2.66705494198386e-09,obese_enriched,17.442,-1.352,-3.99,1.285,97.3,3.0,False,False,北美,robust_capable
Anaerostipes_hadrus,0.15664339807039696,0.288724368107307,0.40577478761026936,obese_enriched,1.434,-0.159,-0.498,0.181,0.0,3.0,False,False,北美,robust_capable
Anaerotignum_lactatifermentans,0.029846778566224724,0.7454491333274755,0.8426816289788853,obese_enriched,1.071,-0.057,-0.53,0.416,42.3,3.0,False,False,北美,robust_capable
Blautia_hansenii,-0.21081690265292727,0.045200924213472174,0.09793533579585638,lean_enriched,0.615,-0.118,-1.06,0.825,84.7,3.0,False,False,北美,robust_capable
Blautia_hydrogenotrophica,-0.10582816807862158,0.2394064276510647,0.35359655395003886,lean_enriched,0.784,0.17,-0.17,0.509,0.0,3.0,False,False,北美,robust_capable
Blautia_obeum,0.5368422505508847,0.00016964276005560568,0.0011506204595075865,obese_enriched,3.442,-0.451,-1.487,0.584,87.1,3.0,False,False,北美,robust_capable
Blautia_producta,-0.32900233272447155,0.0012226641361657382,0.005431071350771637,lean_enriched,0.469,0.163,-0.644,0.97,79.5,3.0,False,False,北美,robust_capable
Blautia_sp_CAG_257,0.12012656722153682,0.21773706448579613,0.328412069016736,obese_enriched,1.319,-0.252,-0.593,0.088,0.0,3.0,False,False,北美,robust_capable
Blautia_wexlerae,-0.06642823752484656,0.6349111109911115,0.7618933331893338,lean_enriched,0.858,0.094,-0.246,0.433,0.0,3.0,False,False,北美,robust_capable
Ruminococcus_gnavus,-0.47089784213907165,0.026877314174102322,0.06258001509193974,lean_enriched,0.338,0.099,-0.872,1.07,85.4,3.0,False,False,北美,robust_capable
Ruminococcus_torques,0.30476533015110485,0.07763790351211144,0.1485258062863656,obese_enriched,2.017,-0.21,-0.755,0.335,55.9,3.0,False,False,北美,robust_capable
Coprococcus_catus,0.02096324200100097,0.8625476186469745,0.9091718142495135,obese_enriched,1.049,-0.031,-0.798,0.737,77.3,3.0,False,False,北美,robust_capable
Coprococcus_comes,0.5468973026945798,0.002527635136267534,0.009388359077565125,obese_enriched,3.523,-0.355,-1.48,0.77,89.1,3.0,False,False,北美,robust_capable
Coprococcus_eutactus,-0.5102527719331132,0.006371372540162375,0.019488904240496676,lean_enriched,0.309,0.531,0.186,0.877,0.0,3.0,True,True,北美,robust_capable
Dorea_formicigenerans,0.10610478763710707,0.49571778376480413,0.6338686415353233,obese_enriched,1.277,0.079,-0.652,0.81,75.1,3.0,False,False,北美,robust_capable
Dorea_longicatena,0.7035613904171633,4.909665777388799e-06,5.49605354790145e-05,obese_enriched,5.053,-0.422,-1.798,0.954,92.5,3.0,False,False,北美,robust_capable
Eisenbergiella_massiliensis,-0.10652748065193861,0.21315067422841422,0.328412069016736,lean_enriched,0.782,0.212,-0.128,0.553,0.0,3.0,False,False,北美,robust_capable
Eisenbergiella_tayi,0.46635203553471594,5.339625139665099e-05,0.00043841132725671336,obese_enriched,2.927,-0.519,-1.17,0.133,68.2,3.0,False,False,北美,robust_capable
Fusicatenibacter_saccharivorans,0.6485112078653352,0.0003372763285514957,0.0018791109733583332,obese_enriched,4.452,-0.382,-1.327,0.563,84.8,3.0,False,False,北美,robust_capable
Clostridium_aldenense,-0.021527058437272595,0.744470784032256,0.8426816289788853,lean_enriched,0.952,,,,,,,False,北美,robust_capable
Clostridium_asparagiforme,0.4193216255227552,2.0118808329296306e-06,3.138534099370224e-05,obese_enriched,2.626,-0.738,-1.288,-0.188,54.7,3.0,True,True,北美,robust_capable
Clostridium_bolteae,0.12634692099627218,0.4181408766752239,0.5575211689002986,obese_enriched,1.338,-0.185,-0.525,0.155,0.0,3.0,False,False,北美,robust_capable
Clostridium_citroniae,0.21785004757475182,0.01892009180514308,0.04760539228390839,obese_enriched,1.651,-0.339,-0.771,0.093,31.8,3.0,False,False,北美,robust_capable
Clostridium_clostridioforme,-0.42939051388695815,0.001664362584272695,0.006832646398593169,lean_enriched,0.372,0.096,-0.8,0.992,83.3,3.0,False,False,北美,robust_capable
Clostridium_lavalense,-0.14795175139971994,0.061141957433683836,0.12073601721081871,lean_enriched,0.711,0.206,-0.327,0.739,53.9,3.0,False,False,北美,robust_capable
Clostridium_saccharolyticum,0.014418696784585544,0.8019966502712673,0.8749054366595643,obese_enriched,1.034,0.039,-0.301,0.378,0.0,3.0,False,False,北美,robust_capable
Clostridium_symbiosum,-0.3843138590918467,0.018282544778866403,0.04675536041808457,lean_enriched,0.413,0.272,-0.179,0.723,36.9,3.0,False,False,北美,robust_capable
Lachnospira_pectinoschiza,0.08277308652563116,0.7415980628351779,0.8426816289788853,obese_enriched,1.21,-0.063,-0.402,0.276,0.0,3.0,False,False,北美,robust_capable
Eubacterium_rectale,0.5188561209555365,0.012814805038373194,0.03507209799975822,obese_enriched,3.303,-0.266,-0.919,0.387,68.9,3.0,False,False,北美,robust_capable
Roseburia_faecis,0.2818465397633443,0.24253096969650098,0.35359655395003886,obese_enriched,1.914,-0.082,-0.715,0.552,66.9,3.0,False,False,北美,robust_capable
Roseburia_hominis,0.04190488652576923,0.8104047607638968,0.8779384908275548,obese_enriched,1.101,-0.046,-0.385,0.293,0.0,3.0,False,False,北美,robust_capable
Roseburia_intestinalis,-0.3364594044852056,0.1470141576938699,0.2466043935510076,lean_enriched,0.461,0.212,-0.128,0.553,0.0,3.0,False,False,北美,robust_capable
Roseburia_inulinivorans,0.32662615673407225,0.08353818732483438,0.15701153280330318,obese_enriched,2.121,-0.301,-0.641,0.04,0.0,3.0,False,False,北美,robust_capable
Roseburia_sp_CAG_182,-0.2108489137062878,0.05064619928464032,0.10534409451205186,lean_enriched,0.615,0.263,-0.249,0.776,49.8,3.0,False,False,北美,robust_capable
Roseburia_sp_CAG_471,-0.09442882694834626,0.16071640480466273,0.26116415780757696,lean_enriched,0.805,0.343,0.002,0.685,0.0,3.0,True,False,北美,robust_capable
Sellimonas_intestinalis,-0.28145564984673993,0.006341699945109955,0.019488904240496676,lean_enriched,0.523,0.443,0.1,0.786,0.0,3.0,True,True,北美,robust_capable
Oscillibacter_sp_57_20,0.9456195746275083,5.1253557682385066e-05,0.00043841132725671336,obese_enriched,8.823,-0.586,-2.652,1.48,96.3,3.0,False,False,北美,robust_capable
Oscillibacter_sp_CAG_241,-0.017505672704737574,0.9313872237768657,0.9511009632929257,lean_enriched,0.96,0.024,-0.315,0.363,0.0,3.0,False,False,北美,robust_capable
Intestinibacter_bartlettii,-0.4025514341832223,0.0024220688698359536,0.009215676675473385,lean_enriched,0.396,0.488,0.143,0.832,0.0,3.0,True,True,北美,robust_capable
Agathobaculum_butyriciproducens,-0.024573398713859634,0.8443380106535585,0.902169381246268,lean_enriched,0.945,0.209,-0.598,1.015,79.1,3.0,False,False,北美,robust_capable
Anaeromassilibacillus_sp_An250,0.507281853906773,3.1383014501245684e-05,0.00028798530954084276,obese_enriched,3.216,-0.452,-1.649,0.745,90.2,3.0,False,False,北美,robust_capable
Anaerotruncus_colihominis,0.5281486641207769,1.4705734918753938e-05,0.00015293964315504094,obese_enriched,3.374,-0.437,-1.622,0.749,90.1,3.0,False,False,北美,robust_capable
Faecalibacterium_prausnitzii,0.4976005701182745,0.0048057112972229735,0.015618561715974665,obese_enriched,3.145,-0.087,-0.954,0.78,82.1,3.0,False,False,北美,robust_capable
Flavonifractor_plautii,0.2048329983244871,0.12287041342759279,0.2106349944473019,obese_enriched,1.603,-0.339,-0.873,0.194,53.1,3.0,False,False,北美,robust_capable
Gemmiger_formicilis,0.3870688315945644,0.004573055576597067,0.015508623259763968,obese_enriched,2.438,-0.211,-1.62,1.198,92.8,3.0,False,False,北美,robust_capable
Clostridium_leptum,0.8184490177468311,5.875916810023284e-07,1.309490031948046e-05,obese_enriched,6.583,-0.598,-1.929,0.734,91.9,3.0,False,False,北美,robust_capable
Eubacterium_siraeum,-0.6666845932666233,0.008777023837362348,0.025704776026121087,lean_enriched,0.215,0.228,-0.926,1.381,89.6,3.0,False,False,北美,robust_capable
Ruminococcaceae_bacterium_D16,0.6345908847192508,2.7141726220858194e-08,1.0585273226134697e-06,obese_enriched,4.311,-0.467,-2.213,1.279,95.1,3.0,False,False,北美,robust_capable
Ruminococcaceae_bacterium_D5,-0.030034279824849297,0.698586326127332,0.8193944877884495,lean_enriched,0.933,,,,,,,False,北美,robust_capable
Ruminococcus_bicirculans,0.5326006959722243,0.02295950396322889,0.05510280951174934,obese_enriched,3.409,-0.2,-1.302,0.903,88.8,3.0,False,False,北美,robust_capable
Ruminococcus_bromii,0.5609779326398938,0.03843164915253741,0.08688894591008459,obese_enriched,3.639,-0.376,-0.719,-0.034,0.0,3.0,True,False,北美,robust_capable
Ruminococcus_lactaris,-0.16888775775950507,0.4324094102643051,0.571659898315522,lean_enriched,0.678,0.136,-0.204,0.476,0.0,3.0,False,False,北美,robust_capable
Ruminococcus_sp_CAG_330,0.23478404266322703,0.10542144981926048,0.1912296066488911,obese_enriched,1.717,-0.069,-0.713,0.576,68.2,3.0,False,False,北美,robust_capable
Ruthenibacterium_lactatiformans,0.3652265720166248,0.015583600158717218,0.040517360412664766,obese_enriched,2.319,-0.246,-0.855,0.364,64.4,3.0,False,False,北美,robust_capable
Catenibacterium_mitsuokai,0.438927499219921,0.001253324157870378,0.005431071350771637,obese_enriched,2.747,-0.485,-1.251,0.281,76.9,3.0,False,False,北美,robust_capable
Dielma_fastidiosa,0.2659959050632642,0.03273989728364774,0.07510917612130952,obese_enriched,1.845,-0.082,-0.912,0.748,80.6,3.0,False,False,北美,robust_capable
Clostridium_innocuum,-0.4404933420960882,0.0032410988559280363,0.011491168671017583,lean_enriched,0.363,0.243,-0.398,0.885,67.7,3.0,False,False,北美,robust_capable
Clostridium_spiroforme,-0.041363935857941424,0.7746236211676334,0.8570303893769561,lean_enriched,0.909,0.017,-0.568,0.602,61.2,3.0,False,False,北美,robust_capable
Erysipelatoclostridium_ramosum,-0.3735573830335389,0.0038091727941848754,0.013205132353174236,lean_enriched,0.423,0.039,-0.942,1.02,85.9,3.0,False,False,北美,robust_capable
Holdemanella_biformis,0.099301848337816,0.27065908720121784,0.38384379639445443,obese_enriched,1.257,-0.238,-0.696,0.22,38.7,3.0,False,False,北美,robust_capable
Holdemania_filiformis,0.24745362050073652,0.05275206039273604,0.10828054501666873,obese_enriched,1.768,-0.193,-0.785,0.399,62.6,3.0,False,False,北美,robust_capable
Turicibacter_sanguinis,-0.3138374390031959,0.002061557155728634,0.008040072907341673,lean_enriched,0.485,0.497,-0.113,1.107,63.8,3.0,False,False,北美,robust_capable
Firmicutes_bacterium_CAG_110,-0.08500511587389387,0.5132195857377393,0.6404980430006987,lean_enriched,0.822,,,,,,,False,北美,robust_capable
Firmicutes_bacterium_CAG_145,-0.2731643322093009,0.007866396917071566,0.023599190751214697,lean_enriched,0.533,0.507,-0.042,1.056,55.0,3.0,False,False,北美,robust_capable
Firmicutes_bacterium_CAG_83,0.720437546521998,0.00021636877595332954,0.001406397043696642,obese_enriched,5.253,-0.311,-2.059,1.437,95.1,3.0,False,False,北美,robust_capable
Firmicutes_bacterium_CAG_94,-0.5827656362351619,0.00032748441221096947,0.0018791109733583332,lean_enriched,0.261,0.151,-0.914,1.217,87.8,3.0,False,False,北美,robust_capable
Firmicutes_bacterium_CAG_95,0.0669102514331783,0.485295134201879,0.6256697597974639,obese_enriched,1.167,-0.205,-0.545,0.135,0.0,3.0,False,False,北美,robust_capable
Acidaminococcus_intestini,-0.2677622243526808,0.1847105895778299,0.29706032963032436,lean_enriched,0.54,0.09,-0.805,0.985,83.2,3.0,False,False,北美,robust_capable
Phascolarctobacterium_faecium,-0.2701635977763269,0.11307678009756497,0.20037066737423223,lean_enriched,0.537,0.389,-0.059,0.836,35.7,3.0,False,False,北美,robust_capable
Phascolarctobacterium_succinatutens,0.8330835575933853,1.9513287302128757e-05,0.00019025455119575538,obese_enriched,6.809,-0.728,-1.119,-0.337,15.9,3.0,True,True,北美,robust_capable
Allisonella_histaminiformans,0.3613943001184712,3.1636206639163336e-06,4.486589305190437e-05,obese_enriched,2.298,,,,,,,False,北美,robust_capable
Dialister_invisus,0.2769382761571414,0.1367776735260997,0.23192735945729953,obese_enriched,1.892,-0.234,-0.574,0.106,0.0,3.0,False,False,北美,robust_capable
Megasphaera_sp_DISK_18,0.7206194084593268,1.229247313329788e-07,3.835251617588938e-06,obese_enriched,5.256,-0.516,-1.981,0.95,93.2,3.0,False,False,北美,robust_capable
Megasphaera_sp_MJR8396C,0.26670602026194234,0.001486656328941035,0.006268064522021661,obese_enriched,1.848,-0.559,-0.905,-0.213,0.0,3.0,True,True,北美,robust_capable
Veillonella_atypica,-0.23748941877538285,0.05978134340071001,0.11956268680142,lean_enriched,0.579,0.309,-0.032,0.649,0.0,3.0,False,False,北美,robust_capable
Veillonella_dispar,-0.34974505621482666,0.04380393857696398,0.09624527349304761,lean_enriched,0.447,0.208,-0.302,0.718,49.7,3.0,False,False,北美,robust_capable
Veillonella_infantium,-0.4075350021444911,0.005998988928779514,0.019098821895706206,lean_enriched,0.391,0.305,-0.183,0.793,45.5,3.0,False,False,北美,robust_capable
Veillonella_parvula,-0.653309277837789,7.59730578733866e-05,0.0005925898514124154,lean_enriched,0.222,0.558,0.051,1.065,48.0,3.0,True,True,北美,robust_capable
Veillonella_sp_T11011_6,-0.38885941410395025,0.0009623854601155556,0.004415650934647844,lean_enriched,0.408,0.54,0.194,0.886,0.0,3.0,True,True,北美,robust_capable
Parasutterella_excrementihominis,0.7957458179193044,0.00013058976645295521,0.0009260001621209552,obese_enriched,6.248,-0.54,-1.1,0.02,57.4,3.0,False,False,北美,robust_capable
Turicimonas_muris,0.350226202864548,0.0242453938270862,0.05730729450038556,obese_enriched,2.24,-0.373,-0.716,-0.031,0.0,3.0,True,False,北美,robust_capable
Bilophila_wadsworthia,0.9861012360026822,5.581392197103725e-10,4.353485913740905e-08,obese_enriched,9.685,-1.067,-3.804,1.67,97.6,3.0,False,False,北美,robust_capable
Desulfovibrio_piger,0.08630429239205811,0.45955174098704454,0.6024375764199911,obese_enriched,1.22,-0.167,-0.514,0.181,2.9,3.0,False,False,北美,robust_capable
Escherichia_coli,0.424964523929896,0.04598436247735079,0.09826795269132498,obese_enriched,2.661,-0.184,-0.873,0.504,72.1,3.0,False,False,北美,robust_capable
Klebsiella_pneumoniae,0.007022227111161572,0.9575129678788736,0.9682320136828572,obese_enriched,1.016,-0.035,-0.374,0.304,0.0,3.0,False,False,北美,robust_capable
Haemophilus_parainfluenzae,-0.2418558358818965,0.15516672494494196,0.2575107350150101,lean_enriched,0.573,0.243,-0.097,0.583,0.0,3.0,False,False,北美,robust_capable
Haemophilus_sp_HMSC71H05,0.33649792132794254,0.002058610854242204,0.008040072907341673,obese_enriched,2.17,-0.326,-0.987,0.334,69.5,3.0,False,False,北美,robust_capable
Proteobacteria_bacterium_CAG_139,0.1207565475905736,0.5379098544802866,0.6659836293565453,obese_enriched,1.321,-0.079,-0.418,0.26,0.0,3.0,False,False,北美,robust_capable
Akkermansia_muciniphila,0.6594286451539568,0.0007008337583534188,0.0034165645719729165,obese_enriched,4.565,-0.569,-1.423,0.286,81.2,3.0,False,False,北美,robust_capable
Methanobrevibacter_smithii,-0.8371370329775745,3.333215073752943e-07,6.299776489393062e-05,lean_enriched,0.145,,,,,,False,False,中东,adjusted_only_single_study
Methanosphaera_stadtmanae,-0.09702313735575824,0.3694092184618306,0.6042476480179646,lean_enriched,0.8,,,,,,False,False,中东,adjusted_only_single_study
Actinomyces_odontolyticus,-0.0023191728766279902,0.9476495902029846,0.9702310791231213,lean_enriched,0.995,,,,,,False,False,中东,adjusted_only_single_study
Actinomyces_sp_ICM47,0.03345633413531104,0.3266282310171067,0.5649748601714223,obese_enriched,1.08,,,,,,False,False,中东,adjusted_only_single_study
Aeriscardovia_aeriphila,-0.020851753344214383,0.5635579321243471,0.761614910560796,lean_enriched,0.953,,,,,,False,False,中东,adjusted_only_single_study
Bifidobacterium_adolescentis,-0.13221143488146778,0.40220534564762833,0.6235551675241614,lean_enriched,0.738,,,,,,False,False,中东,adjusted_only_single_study
Bifidobacterium_angulatum,0.11208539227718928,0.3258212154538759,0.5649748601714223,obese_enriched,1.294,,,,,,False,False,中东,adjusted_only_single_study
Bifidobacterium_animalis,-0.004492957420039467,0.9650975813499832,0.9702310791231213,lean_enriched,0.99,,,,,,False,False,中东,adjusted_only_single_study
Bifidobacterium_bifidum,-0.005799136138231263,0.9627569212296941,0.9702310791231213,lean_enriched,0.987,,,,,,False,False,中东,adjusted_only_single_study
Bifidobacterium_catenulatum,-0.31484507675074164,0.0018493630204479935,0.019418311714703932,lean_enriched,0.484,,,,,,False,False,中东,adjusted_only_single_study
Bifidobacterium_longum,-0.18442926274603993,0.15214614079977268,0.3506783001360614,lean_enriched,0.654,,,,,,False,False,中东,adjusted_only_single_study
Bifidobacterium_pseudocatenulatum,-0.23516874826323497,0.09939056300330215,0.2803703941436434,lean_enriched,0.582,,,,,,False,False,中东,adjusted_only_single_study
Olsenella_scatoligenes,-0.0927146850244775,0.25786110666289064,0.5130078858872245,lean_enriched,0.808,,,,,,False,False,中东,adjusted_only_single_study
Collinsella_aerofaciens,-0.20307380417218568,0.03749181334450487,0.16104438004798682,lean_enriched,0.627,,,,,,False,False,中东,adjusted_only_single_study
Collinsella_intestinalis,-0.03226067606599596,0.5374016866952943,0.758647967143801,lean_enriched,0.928,,,,,,False,False,中东,adjusted_only_single_study
Enorma_massiliensis,-0.021389174929654586,0.7023929293228786,0.8138498867845848,lean_enriched,0.952,,,,,,False,False,中东,adjusted_only_single_study
Adlercreutzia_equolifaciens,-0.19786592639624917,0.027329126428895237,0.12012104407119069,lean_enriched,0.634,,,,,,False,False,中东,adjusted_only_single_study
Asaccharobacter_celatus,-0.20844257835952468,0.02130782186457427,0.10067945831011342,lean_enriched,0.619,,,,,,False,False,中东,adjusted_only_single_study
Eggerthella_lenta,0.07705290997534997,0.33029763005992585,0.5649748601714223,obese_enriched,1.194,,,,,,False,False,中东,adjusted_only_single_study
Enterorhabdus_caecimuris,-0.08548809964879082,0.04227601928869031,0.17544583434483996,lean_enriched,0.821,,,,,,False,False,中东,adjusted_only_single_study
Gordonibacter_pamelaeae,-0.17126423713349603,0.0490109833370074,0.1864609188239544,lean_enriched,0.674,,,,,,False,False,中东,adjusted_only_single_study
Slackia_isoflavoniconvertens,-0.20891161343102416,0.06758811315845761,0.22024402391290498,lean_enriched,0.618,,,,,,False,False,中东,adjusted_only_single_study
Bacteroides_caccae,-0.15711561578714298,0.21999041389116514,0.4519368285372849,lean_enriched,0.696,,,,,,False,False,中东,adjusted_only_single_study
Bacteroides_cellulosilyticus,-0.11535553991072892,0.378693834521703,0.6078002856181396,lean_enriched,0.767,,,,,,False,False,中东,adjusted_only_single_study
Bacteroides_clarus,-0.0812421422582078,0.5010809371289624,0.7305997559479824,lean_enriched,0.829,,,,,,False,False,中东,adjusted_only_single_study
Bacteroides_coprocola,-0.2273161345621864,0.05114562931587868,0.1864609188239544,lean_enriched,0.592,,,,,,False,False,中东,adjusted_only_single_study
Bacteroides_dorei,-0.16154737345812895,0.17330820651732406,0.380875011997375,lean_enriched,0.689,,,,,,False,False,中东,adjusted_only_single_study
Bacteroides_eggerthii,0.09183718954207301,0.5467215005501789,0.758647967143801,obese_enriched,1.235,,,,,,False,False,中东,adjusted_only_single_study
Bacteroides_faecis,-0.06589774344703428,0.6396213452218211,0.8005856572643986,lean_enriched,0.859,,,,,,False,False,中东,adjusted_only_single_study
Bacteroides_faecis_CAG_32,0.005388120518286889,0.9612347619348884,0.9702310791231213,obese_enriched,1.012,,,,,,False,False,中东,adjusted_only_single_study
Bacteroides_finegoldii,0.18524507368717466,0.16421975298328548,0.3651474507510701,obese_enriched,1.532,,,,,,False,False,中东,adjusted_only_single_study
Bacteroides_fragilis,-0.17723072588185346,0.11534868953665584,0.311272249835427,lean_enriched,0.665,,,,,,False,False,中东,adjusted_only_single_study
Bacteroides_galacturonicus,-0.15426450003904185,0.12358773901162101,0.3196079251375054,lean_enriched,0.701,,,,,,False,False,中东,adjusted_only_single_study
Bacteroides_intestinalis,-0.4169302531275818,5.727842168500421e-05,0.001644091358659468,lean_enriched,0.383,,,,,,False,False,中东,adjusted_only_single_study
Bacteroides_massiliensis,0.032651196899799464,0.8222292825460279,0.9119621131490101,obese_enriched,1.078,,,,,,False,False,中东,adjusted_only_single_study
Bacteroides_nordii,0.011472865650824907,0.8409836318698761,0.9134822208241759,obese_enriched,1.027,,,,,,False,False,中东,adjusted_only_single_study
Bacteroides_ovatus,0.04967393081276089,0.5923671526583969,0.761614910560796,obese_enriched,1.121,,,,,,False,False,中东,adjusted_only_single_study
Bacteroides_plebeius,0.16253043409485513,0.297716742124996,0.544734629101148,obese_enriched,1.454,,,,,,False,False,中东,adjusted_only_single_study
Bacteroides_salyersiae,-0.4078816590441699,0.0025142151613101677,0.021599393885800986,lean_enriched,0.391,,,,,,False,False,中东,adjusted_only_single_study
Bacteroides_sp_CAG_144,-0.2711717444527854,0.05225571693445811,0.1864609188239544,lean_enriched,0.536,,,,,,False,False,中东,adjusted_only_single_study
Bacteroides_stercoris,0.2409631194824434,0.13247920446967118,0.32583231078997593,obese_enriched,1.742,,,,,,False,False,中东,adjusted_only_single_study
Bacteroides_thetaiotaomicron,0.061696530565241825,0.5446176038235438,0.758647967143801,obese_enriched,1.153,,,,,,False,False,中东,adjusted_only_single_study
Bacteroides_uniformis,0.07908453395538749,0.24467183009495672,0.49194655199943427,obese_enriched,1.2,,,,,,False,False,中东,adjusted_only_single_study
Bacteroides_vulgatus,0.2228933757464754,0.019227665542232382,0.09777444241290192,obese_enriched,1.671,,,,,,False,False,中东,adjusted_only_single_study
Bacteroides_xylanisolvens,0.16628187822084758,0.14338094306585297,0.3345555338203236,obese_enriched,1.466,,,,,,False,False,中东,adjusted_only_single_study
Barnesiella_intestinihominis,-0.16715103659462294,0.11726761472307437,0.311272249835427,lean_enriched,0.681,,,,,,False,False,中东,adjusted_only_single_study
Coprobacter_fastidiosus,-0.0074489652309684615,0.946207220643341,0.9702310791231213,lean_enriched,0.983,,,,,,False,False,中东,adjusted_only_single_study
Coprobacter_secundus,-0.16496102025651782,0.07891769221209653,0.2367530766362896,lean_enriched,0.684,,,,,,False,False,中东,adjusted_only_single_study
Butyricimonas_synergistica,-0.2566797618708464,0.003544902410067956,0.027916106479285153,lean_enriched,0.554,,,,,,False,False,中东,adjusted_only_single_study
Butyricimonas_virosa,-0.26580623865720554,0.00131590265931122,0.015544100163113786,lean_enriched,0.542,,,,,,False,False,中东,adjusted_only_single_study
Odoribacter_splanchnicus,-0.12326030005413113,0.07007716949271106,0.22414439210864498,lean_enriched,0.753,,,,,,False,False,中东,adjusted_only_single_study
Paraprevotella_clara,0.03573522124894541,0.7006967455540642,0.8138498867845848,obese_enriched,1.086,,,,,,False,False,中东,adjusted_only_single_study
Paraprevotella_xylaniphila,0.043806434748099254,0.7569767893468756,0.8665879572530717,obese_enriched,1.106,,,,,,False,False,中东,adjusted_only_single_study
Prevotella_copri,-0.07622902922724706,0.6721609648019383,0.8054904271667516,lean_enriched,0.839,,,,,,False,False,中东,adjusted_only_single_study
Prevotella_sp_AM42_24,0.01886762014076436,0.8142966124212115,0.9106630754296389,obese_enriched,1.044,,,,,,False,False,中东,adjusted_only_single_study
Prevotella_sp_CAG_279,-0.015397194706390976,0.9027171820718067,0.9585030753459071,lean_enriched,0.965,,,,,,False,False,中东,adjusted_only_single_study
Prevotella_stercorea,-0.08323410379562787,0.42485663655060735,0.6528284903094698,lean_enriched,0.826,,,,,,False,False,中东,adjusted_only_single_study
Alistipes_finegoldii,-0.15914058395048974,0.12513749449828254,0.3196079251375054,lean_enriched,0.693,,,,,,False,False,中东,adjusted_only_single_study
Alistipes_indistinctus,-0.30950114752619984,0.00491989263805984,0.03576383494589653,lean_enriched,0.49,,,,,,False,False,中东,adjusted_only_single_study
Alistipes_inops,0.006575507718068488,0.9588196001708347,0.9702310791231213,obese_enriched,1.015,,,,,,False,False,中东,adjusted_only_single_study
Alistipes_onderdonkii,-0.015431907775879005,0.8375419771090197,0.9134822208241759,lean_enriched,0.965,,,,,,False,False,中东,adjusted_only_single_study
Alistipes_putredinis,-0.12277812703168456,0.3489986690375799,0.5837234375938284,lean_enriched,0.754,,,,,,False,False,中东,adjusted_only_single_study
Alistipes_shahii,-0.30954422128566905,0.0006199081098808615,0.00836875948339163,lean_enriched,0.49,,,,,,False,False,中东,adjusted_only_single_study
Alistipes_timonensis,-0.13070966288809693,0.023170762655917353,0.10426843195162809,lean_enriched,0.74,,,,,,False,False,中东,adjusted_only_single_study
Parabacteroides_distasonis,-0.14454656227429538,0.044382146150482256,0.17847288558385416,lean_enriched,0.717,,,,,,False,False,中东,adjusted_only_single_study
Parabacteroides_goldsteinii,-0.3335556282668336,0.0005403368711717146,0.00785566681934262,lean_enriched,0.464,,,,,,False,False,中东,adjusted_only_single_study
Parabacteroides_johnsonii,0.01810772287282015,0.861024231359681,0.9299061698684555,obese_enriched,1.043,,,,,,False,False,中东,adjusted_only_single_study
Parabacteroides_merdae,-0.06461054556183649,0.5923239699339279,0.761614910560796,lean_enriched,0.862,,,,,,False,False,中东,adjusted_only_single_study
Gemella_sanguinis,0.05239172400009826,0.21203410996447888,0.44190398771730055,obese_enriched,1.128,,,,,,False,False,中东,adjusted_only_single_study
Enterococcus_faecium,0.014965438844259132,0.8107776393048706,0.9106630754296389,obese_enriched,1.035,,,,,,False,False,中东,adjusted_only_single_study
Lactobacillus_acidophilus,-0.05066549329053334,0.45986099333405794,0.6922176462743984,lean_enriched,0.89,,,,,,False,False,中东,adjusted_only_single_study
Lactobacillus_rogosae,0.08525433849668786,0.40250651025369144,0.6235551675241614,obese_enriched,1.217,,,,,,False,False,中东,adjusted_only_single_study
Lactobacillus_ruminis,0.058256956470059865,0.6254115498525477,0.7880185528142101,obese_enriched,1.144,,,,,,False,False,中东,adjusted_only_single_study
Sharpea_azabuensis,-0.015669456108697768,0.5499194259190515,0.758647967143801,lean_enriched,0.965,,,,,,False,False,中东,adjusted_only_single_study
Lactococcus_lactis,0.16180629960077555,0.0500192939299302,0.1864609188239544,obese_enriched,1.451,,,,,,False,False,中东,adjusted_only_single_study
Streptococcus_anginosus_group,-0.07685229405098162,0.13969092916615491,0.33248138395993865,lean_enriched,0.838,,,,,,False,False,中东,adjusted_only_single_study
Streptococcus_mitis,0.030078808787867214,0.5025289326626334,0.7305997559479824,obese_enriched,1.072,,,,,,False,False,中东,adjusted_only_single_study
Streptococcus_mutans,0.051935234227255565,0.2819179433414888,0.5342472972446242,obese_enriched,1.127,,,,,,False,False,中东,adjusted_only_single_study
Streptococcus_parasanguinis,0.11828608519471139,0.20569218842839138,0.43680700688725815,obese_enriched,1.313,,,,,,False,False,中东,adjusted_only_single_study
Streptococcus_salivarius,-0.11401046915867583,0.2849663954767717,0.5342472972446242,lean_enriched,0.769,,,,,,False,False,中东,adjusted_only_single_study
Streptococcus_thermophilus,0.05157121235096493,0.6855819245602586,0.8138498867845848,obese_enriched,1.126,,,,,,False,False,中东,adjusted_only_single_study
Streptococcus_vestibularis,0.1324838302583541,0.01528139013907229,0.08251950675099037,obese_enriched,1.357,,,,,,False,False,中东,adjusted_only_single_study
Clostridium_disporicum,-0.05273767836081806,0.3912200100769041,0.6213494277692007,lean_enriched,0.886,,,,,,False,False,中东,adjusted_only_single_study
Clostridium_sp_CAG_167,-0.16443760639025623,0.13256665268777099,0.32583231078997593,lean_enriched,0.685,,,,,,False,False,中东,adjusted_only_single_study
Clostridium_sp_CAG_253,-0.01510663687571863,0.8956325453943697,0.9585030753459071,lean_enriched,0.966,,,,,,False,False,中东,adjusted_only_single_study
Clostridium_sp_CAG_413,-0.38548762214275634,0.0001255785851429542,0.0029667940740022926,lean_enriched,0.412,,,,,,False,False,中东,adjusted_only_single_study
Clostridium_sp_CAG_58,0.15656887437499262,0.1041491439001731,0.289473355840187,obese_enriched,1.434,,,,,,False,False,中东,adjusted_only_single_study
Hungatella_hathewayi,-0.08935078088473274,0.1327464969885087,0.32583231078997593,lean_enriched,0.814,,,,,,False,False,中东,adjusted_only_single_study
Intestinimonas_butyriciproducens,-0.09556870427072833,0.18169107766324397,0.39470820319946104,lean_enriched,0.802,,,,,,False,False,中东,adjusted_only_single_study
Lawsonibacter_asaccharolyticus,-0.035938032300837544,0.6502802615775833,0.8032873819487795,lean_enriched,0.921,,,,,,False,False,中东,adjusted_only_single_study
Eubacterium_eligens,-0.059653129371207175,0.5858174063365249,0.761614910560796,lean_enriched,0.872,,,,,,False,False,中东,adjusted_only_single_study
Eubacterium_hallii,-0.13242758545374556,0.09387078134979777,0.2688117829562391,lean_enriched,0.737,,,,,,False,False,中东,adjusted_only_single_study
Eubacterium_ramulus,-0.09366093136022867,0.33526174557569544,0.5657541956589861,lean_enriched,0.806,,,,,,False,False,中东,adjusted_only_single_study
Eubacterium_sp_CAG_180,0.07868618983021773,0.648523793483887,0.8032873819487795,obese_enriched,1.199,,,,,,False,False,中东,adjusted_only_single_study
Eubacterium_sp_CAG_251,0.10112217608517601,0.5183453340614663,0.7478417415085278,obese_enriched,1.262,,,,,,False,False,中东,adjusted_only_single_study
Eubacterium_sp_CAG_274,0.011468451208849123,0.9269314054297466,0.9702310791231213,obese_enriched,1.027,,,,,,False,False,中东,adjusted_only_single_study
Eubacterium_sp_CAG_38,0.1128339719352184,0.35256065914971313,0.5845084612218928,obese_enriched,1.297,,,,,,False,False,中东,adjusted_only_single_study
Eubacterium_ventriosum,0.17257469590467012,0.1381208062014931,0.33248138395993865,obese_enriched,1.488,,,,,,False,False,中东,adjusted_only_single_study
Anaerostipes_hadrus,-0.37749279055005536,1.1143534941504237e-05,0.000988624359726899,lean_enriched,0.419,,,,,,False,False,中东,adjusted_only_single_study
Blautia_obeum,-0.21619616926124252,0.012493216553058677,0.07155205844024515,lean_enriched,0.608,,,,,,False,False,中东,adjusted_only_single_study
Blautia_wexlerae,0.09097606471418118,0.2943833549648021,0.544734629101148,obese_enriched,1.233,,,,,,False,False,中东,adjusted_only_single_study
Ruminococcus_gnavus,0.05420122113490903,0.5686742799568334,0.761614910560796,obese_enriched,1.133,,,,,,False,False,中东,adjusted_only_single_study
Ruminococcus_torques,-0.013460869503695256,0.8994875737793695,0.9585030753459071,lean_enriched,0.969,,,,,,False,False,中东,adjusted_only_single_study
Butyrivibrio_crossotus,-0.49086552722625165,0.0003312971015765701,0.005692286563451978,lean_enriched,0.323,,,,,,False,False,中东,adjusted_only_single_study
Coprococcus_catus,-0.27151364540562395,0.005766487535081051,0.0389237908617971,lean_enriched,0.535,,,,,,False,False,中东,adjusted_only_single_study
Coprococcus_comes,-0.09217544072304773,0.3708609903179042,0.6042476480179646,lean_enriched,0.809,,,,,,False,False,中东,adjusted_only_single_study
Coprococcus_eutactus,-0.16758380544761908,0.2844058751603309,0.5342472972446242,lean_enriched,0.68,,,,,,False,False,中东,adjusted_only_single_study
Dorea_formicigenerans,-0.1358743218351674,0.07380638458288645,0.22499043042202482,lean_enriched,0.731,,,,,,False,False,中东,adjusted_only_single_study
Dorea_longicatena,-0.13380192742282024,0.11601076285620188,0.311272249835427,lean_enriched,0.735,,,,,,False,False,中东,adjusted_only_single_study
Eisenbergiella_tayi,-0.11926065245091726,0.020175678593138492,0.09777444241290192,lean_enriched,0.76,,,,,,False,False,中东,adjusted_only_single_study
Fusicatenibacter_saccharivorans,-0.10100331636328855,0.19497138393407312,0.41874535867658885,lean_enriched,0.792,,,,,,False,False,中东,adjusted_only_single_study
Clostridium_bolteae,0.02115157152810635,0.6565388750926966,0.8054904271667516,obese_enriched,1.05,,,,,,False,False,中东,adjusted_only_single_study
Clostridium_citroniae,-0.003999518833963817,0.9408560302556676,0.9702310791231213,lean_enriched,0.991,,,,,,False,False,中东,adjusted_only_single_study
Clostridium_symbiosum,0.02059184492048042,0.6703826551397267,0.8054904271667516,obese_enriched,1.049,,,,,,False,False,中东,adjusted_only_single_study
Lachnospira_pectinoschiza,0.11884430207218152,0.47286516960736236,0.698214976998371,obese_enriched,1.315,,,,,,False,False,中东,adjusted_only_single_study
Eubacterium_rectale,0.3075288068698475,0.006574010218974685,0.04200032851453675,obese_enriched,2.03,,,,,,False,False,中东,adjusted_only_single_study
Roseburia_faecis,0.22086018123495066,0.054870001868999395,0.1864609188239544,obese_enriched,1.663,,,,,,False,False,中东,adjusted_only_single_study
Roseburia_hominis,-0.12040612538937123,0.21276858667870027,0.44190398771730055,lean_enriched,0.758,,,,,,False,False,中东,adjusted_only_single_study
Roseburia_intestinalis,0.24712102241697417,0.04270110253895575,0.17544583434483996,obese_enriched,1.767,,,,,,False,False,中东,adjusted_only_single_study
Roseburia_inulinivorans,0.09170408377116424,0.3287445627062301,0.5649748601714223,obese_enriched,1.235,,,,,,False,False,中东,adjusted_only_single_study
Roseburia_sp_CAG_182,-0.41789334512240955,2.8923763577405787e-05,0.0010933182632259387,lean_enriched,0.382,,,,,,False,False,中东,adjusted_only_single_study
Roseburia_sp_CAG_303,-0.23682210923169134,0.02204469529259636,0.10162066854391981,lean_enriched,0.58,,,,,,False,False,中东,adjusted_only_single_study
Roseburia_sp_CAG_309,-0.17722721210377168,0.01997906623885627,0.09777444241290192,lean_enriched,0.665,,,,,,False,False,中东,adjusted_only_single_study
Roseburia_sp_CAG_471,-0.36366562698331967,0.0010854422202619277,0.013676571975300289,lean_enriched,0.433,,,,,,False,False,中东,adjusted_only_single_study
Oscillibacter_sp_57_20,-0.29760695519022184,0.00759305588005758,0.04629314713970589,lean_enriched,0.504,,,,,,False,False,中东,adjusted_only_single_study
Oscillibacter_sp_CAG_241,-0.43499081041935755,0.00016812467582601214,0.003177556373111629,lean_enriched,0.367,,,,,,False,False,中东,adjusted_only_single_study
Intestinibacter_bartlettii,-0.06802009672046454,0.568219617292463,0.761614910560796,lean_enriched,0.855,,,,,,False,False,中东,adjusted_only_single_study
Romboutsia_ilealis,0.014606213976634329,0.82510857856339,0.9119621131490101,obese_enriched,1.034,,,,,,False,False,中东,adjusted_only_single_study
Agathobaculum_butyriciproducens,-0.03369852079195496,0.6733729496949563,0.8054904271667516,lean_enriched,0.925,,,,,,False,False,中东,adjusted_only_single_study
Anaeromassilibacillus_sp_An250,-0.19921888015194344,0.00015643669274293117,0.003177556373111629,lean_enriched,0.632,,,,,,False,False,中东,adjusted_only_single_study
Anaerotruncus_colihominis,-0.03683561400036426,0.5487925213408558,0.758647967143801,lean_enriched,0.919,,,,,,False,False,中东,adjusted_only_single_study
Faecalibacterium_prausnitzii,-0.011292189396627413,0.7827797861331871,0.8859004765219902,lean_enriched,0.974,,,,,,False,False,中东,adjusted_only_single_study
Flavonifractor_plautii,-0.0032931760326036924,0.9749197552279514,0.9749197552279514,lean_enriched,0.992,,,,,,False,False,中东,adjusted_only_single_study
Gemmiger_formicilis,-0.02349398614529137,0.7611301635132799,0.8665879572530717,lean_enriched,0.947,,,,,,False,False,中东,adjusted_only_single_study
Clostridium_leptum,-0.12276904870747547,0.1185799046992103,0.311272249835427,lean_enriched,0.754,,,,,,False,False,中东,adjusted_only_single_study
Eubacterium_siraeum,-0.475411001759507,0.0014491666284435908,0.016111323104461096,lean_enriched,0.335,,,,,,False,False,中东,adjusted_only_single_study
Ruminococcaceae_bacterium_D5,-0.21686190858180937,2.6896853036115443e-05,0.0010933182632259387,lean_enriched,0.607,,,,,,False,False,中东,adjusted_only_single_study
Ruminococcus_bicirculans,0.27566777151245286,0.05313215025851772,0.1864609188239544,obese_enriched,1.887,,,,,,False,False,中东,adjusted_only_single_study
Ruminococcus_bromii,-0.14155669123398204,0.3965424841453937,0.6235551675241614,lean_enriched,0.722,,,,,,False,False,中东,adjusted_only_single_study
Ruminococcus_callidus,0.035816765266341366,0.7043404571499315,0.8138498867845848,obese_enriched,1.086,,,,,,False,False,中东,adjusted_only_single_study
Ruminococcus_lactaris,-0.2770201924577619,0.05524767965154205,0.1864609188239544,lean_enriched,0.528,,,,,,False,False,中东,adjusted_only_single_study
Ruminococcus_obeum_CAG_39,-0.045768348354911864,0.45151946251221187,0.6882030517323229,lean_enriched,0.9,,,,,,False,False,中东,adjusted_only_single_study
Ruminococcus_sp_CAG_488,-0.2864724059808969,0.0037753627327670285,0.028541742259718738,lean_enriched,0.517,,,,,,False,False,中东,adjusted_only_single_study
Ruthenibacterium_lactatiformans,-0.37087069499082037,6.089227254294326e-05,0.001644091358659468,lean_enriched,0.426,,,,,,False,False,中东,adjusted_only_single_study
Catenibacterium_mitsuokai,0.2064019765637316,0.09077619682780899,0.2680734562571234,obese_enriched,1.608,,,,,,False,False,中东,adjusted_only_single_study
Coprobacillus_cateniformis,-0.07217976749195229,0.2997481556958698,0.544734629101148,lean_enriched,0.847,,,,,,False,False,中东,adjusted_only_single_study
Dielma_fastidiosa,-0.046972759032220826,0.320245595240479,0.5649748601714223,lean_enriched,0.897,,,,,,False,False,中东,adjusted_only_single_study
Clostridium_innocuum,-0.11246010348375136,0.14073286093542375,0.33248138395993865,lean_enriched,0.772,,,,,,False,False,中东,adjusted_only_single_study
Clostridium_spiroforme,0.03903443859440212,0.5346064079821036,0.758647967143801,obese_enriched,1.094,,,,,,False,False,中东,adjusted_only_single_study
Erysipelatoclostridium_ramosum,-0.004870637400849174,0.9337922718371627,0.9702310791231213,lean_enriched,0.989,,,,,,False,False,中东,adjusted_only_single_study
Holdemanella_biformis,-0.1546972473233034,0.30312471725956563,0.5456244910672181,lean_enriched,0.7,,,,,,False,False,中东,adjusted_only_single_study
Holdemania_filiformis,-0.09478113760094489,0.06494845221219891,0.21535539417729113,lean_enriched,0.804,,,,,,False,False,中东,adjusted_only_single_study
Massiliomicrobiota_timonensis,-0.02723062430554669,0.46514095807856404,0.6922176462743984,lean_enriched,0.939,,,,,,False,False,中东,adjusted_only_single_study
Turicibacter_sanguinis,-0.09995432078633734,0.15973285743093601,0.35939892921960603,lean_enriched,0.794,,,,,,False,False,中东,adjusted_only_single_study
Firmicutes_bacterium_CAG_110,-0.5291776715928329,1.5692450154395223e-05,0.000988624359726899,lean_enriched,0.296,,,,,,False,False,中东,adjusted_only_single_study
Firmicutes_bacterium_CAG_145,-0.21852691159975357,0.002004850706384235,0.0199429886056116,lean_enriched,0.605,,,,,,False,False,中东,adjusted_only_single_study
Firmicutes_bacterium_CAG_170,-0.24993005524276932,0.01306518886876046,0.07262707929987433,lean_enriched,0.562,,,,,,False,False,中东,adjusted_only_single_study
Firmicutes_bacterium_CAG_238,-0.272184551825696,0.006666718811831231,0.04200032851453675,lean_enriched,0.534,,,,,,False,False,中东,adjusted_only_single_study
Firmicutes_bacterium_CAG_83,-0.03933299206336928,0.6977293352339602,0.8138498867845848,lean_enriched,0.913,,,,,,False,False,中东,adjusted_only_single_study
Firmicutes_bacterium_CAG_94,-0.14567863127311614,0.01592997649509997,0.08363237659927485,lean_enriched,0.715,,,,,,False,False,中东,adjusted_only_single_study
Firmicutes_bacterium_CAG_95,-0.2980952876556938,0.005521946020582935,0.03865362214408055,lean_enriched,0.503,,,,,,False,False,中东,adjusted_only_single_study
Acidaminococcus_intestini,0.21373009577934296,0.07321770753674249,0.22499043042202482,obese_enriched,1.636,,,,,,False,False,中东,adjusted_only_single_study
Phascolarctobacterium_faecium,-0.039836650088496184,0.7061977853580523,0.8138498867845848,lean_enriched,0.912,,,,,,False,False,中东,adjusted_only_single_study
Phascolarctobacterium_sp_CAG_266,0.06640816114079362,0.6074678302350665,0.7705464423787085,obese_enriched,1.165,,,,,,False,False,中东,adjusted_only_single_study
Phascolarctobacterium_succinatutens,-0.10729766618130418,0.4626720654922969,0.6922176462743984,lean_enriched,0.781,,,,,,False,False,中东,adjusted_only_single_study
Megamonas_funiformis,0.2902315859300514,0.01171039131977737,0.06916449873243509,obese_enriched,1.951,,,,,,False,False,中东,adjusted_only_single_study
Megamonas_hypermegale,0.30212729395395904,0.0022339002931778093,0.021110357770530296,obese_enriched,2.005,,,,,,False,False,中东,adjusted_only_single_study
Mitsuokella_multacida,0.12866485548266965,0.05350720887182015,0.1864609188239544,obese_enriched,1.345,,,,,,False,False,中东,adjusted_only_single_study
Allisonella_histaminiformans,0.16262138224783282,0.0026497111689474085,0.021773713518741748,obese_enriched,1.454,,,,,,False,False,中东,adjusted_only_single_study
Dialister_sp_CAG_357,-0.08795699682371279,0.5894941203363802,0.761614910560796,lean_enriched,0.817,,,,,,False,False,中东,adjusted_only_single_study
Megasphaera_elsdenii,0.08050473667999555,0.2827874783507215,0.5342472972446242,obese_enriched,1.204,,,,,,False,False,中东,adjusted_only_single_study
Veillonella_atypica,0.1064433136800019,0.09256759207351514,0.2688117829562391,obese_enriched,1.278,,,,,,False,False,中东,adjusted_only_single_study
Veillonella_dispar,0.0675757129087057,0.22838219032482995,0.46413154807949314,obese_enriched,1.168,,,,,,False,False,中东,adjusted_only_single_study
Veillonella_infantium,0.016469313896116267,0.6650845383471797,0.8054904271667516,obese_enriched,1.039,,,,,,False,False,中东,adjusted_only_single_study
Veillonella_parvula,0.0620885748864376,0.3794731941954522,0.6078002856181396,obese_enriched,1.154,,,,,,False,False,中东,adjusted_only_single_study
Victivallis_vadensis,-0.24700128321308618,0.0023803796639487143,0.02142341697553843,lean_enriched,0.566,,,,,,False,False,中东,adjusted_only_single_study
Parasutterella_excrementihominis,-0.056418345692661034,0.6040564083189827,0.7705464423787085,lean_enriched,0.878,,,,,,False,False,中东,adjusted_only_single_study
Turicimonas_muris,-0.0148872515580796,0.8339388975812926,0.9134822208241759,lean_enriched,0.966,,,,,,False,False,中东,adjusted_only_single_study
Bilophila_wadsworthia,-0.15356009849756325,0.07115694987576031,0.22414439210864498,lean_enriched,0.702,,,,,,False,False,中东,adjusted_only_single_study
Desulfovibrio_piger,-0.16963458625127742,0.15845606749018315,0.35939892921960603,lean_enriched,0.677,,,,,,False,False,中东,adjusted_only_single_study
Desulfovibrionaceae_bacterium,-0.08833946677007648,0.27287512727215857,0.5342472972446242,lean_enriched,0.816,,,,,,False,False,中东,adjusted_only_single_study
Escherichia_coli,-0.252580540919409,0.05186585597719047,0.1864609188239544,lean_enriched,0.559,,,,,,False,False,中东,adjusted_only_single_study
Klebsiella_pneumoniae,-0.04838724226059009,0.5853406209213935,0.761614910560796,lean_enriched,0.895,,,,,,False,False,中东,adjusted_only_single_study
Klebsiella_variicola,-0.06647306447942486,0.3318106321641686,0.5649748601714223,lean_enriched,0.858,,,,,,False,False,中东,adjusted_only_single_study
Haemophilus_parainfluenzae,0.048050788371296824,0.5890541435466137,0.761614910560796,obese_enriched,1.117,,,,,,False,False,中东,adjusted_only_single_study
Haemophilus_sp_HMSC71H05,0.06546813068228331,0.28549723291908485,0.5342472972446242,obese_enriched,1.163,,,,,,False,False,中东,adjusted_only_single_study
Proteobacteria_bacterium_CAG_139,-0.009783937883840826,0.9147438221277964,0.9658468289505783,lean_enriched,0.978,,,,,,False,False,中东,adjusted_only_single_study
Akkermansia_muciniphila,-0.5542218371349412,0.00040765920927114647,0.006420632546020557,lean_enriched,0.279,,,,,,False,False,中东,adjusted_only_single_study
Blastocystis_sp_subtype_1,-0.047851450599465675,0.5740856837448209,0.761614910560796,lean_enriched,0.896,,,,,,False,False,中东,adjusted_only_single_study
Methanobrevibacter_smithii,-0.09227533391056494,0.7764408152679316,0.949963426337804,lean_enriched,0.809,,,,,,False,False,中亚,adjusted_only_single_study
Actinomyces_odontolyticus,-0.010032257899533811,0.9455211267081646,0.9768730019909059,lean_enriched,0.977,,,,,,False,False,中亚,adjusted_only_single_study
Actinomyces_sp_HMSC035G02,-0.00702365194997788,0.9505894234620026,0.9768730019909059,lean_enriched,0.984,,,,,,False,False,中亚,adjusted_only_single_study
Actinomyces_sp_ICM47,-0.04739018068477478,0.7053115343780993,0.9306773500965454,lean_enriched,0.897,,,,,,False,False,中亚,adjusted_only_single_study
Actinomyces_sp_oral_taxon_181,0.00912979769858896,0.9255459488839327,0.9768730019909059,obese_enriched,1.021,,,,,,False,False,中亚,adjusted_only_single_study
Actinomyces_sp_S6_Spd3,0.021694590532463698,0.7507003796185578,0.949963426337804,obese_enriched,1.051,,,,,,False,False,中亚,adjusted_only_single_study
Actinomyces_turicensis,-0.20555291915646423,0.03750451627025197,0.2260407331963835,lean_enriched,0.623,,,,,,False,False,中亚,adjusted_only_single_study
Aeriscardovia_aeriphila,-0.10799835438130401,0.2143656284116008,0.5690897039974641,lean_enriched,0.78,,,,,,False,False,中亚,adjusted_only_single_study
Bifidobacterium_adolescentis,-0.41908831192672424,0.293192573178582,0.6333658793898412,lean_enriched,0.381,,,,,,False,False,中亚,adjusted_only_single_study
Bifidobacterium_angulatum,0.15059551606436242,0.4733593836619733,0.8082560755249902,obese_enriched,1.414,,,,,,False,False,中亚,adjusted_only_single_study
Bifidobacterium_animalis,-0.11572751171028227,0.5518173924057159,0.8428443733320181,lean_enriched,0.766,,,,,,False,False,中亚,adjusted_only_single_study
Bifidobacterium_bifidum,-0.3710592014806602,0.1681193870852914,0.4839253702838672,lean_enriched,0.426,,,,,,False,False,中亚,adjusted_only_single_study
Bifidobacterium_catenulatum,-0.0002042763243493284,0.9990088416979888,0.9990088416979888,lean_enriched,1.0,,,,,,False,False,中亚,adjusted_only_single_study
Bifidobacterium_dentium,-0.18438990210180145,0.23102728285506013,0.5921733801917058,lean_enriched,0.654,,,,,,False,False,中亚,adjusted_only_single_study
Bifidobacterium_longum,-1.0896229462108007,0.0015642872817620587,0.051504906206313726,lean_enriched,0.081,,,,,,False,False,中亚,adjusted_only_single_study
Bifidobacterium_pseudocatenulatum,-0.9384235560020094,0.00610960204125755,0.10480317347695643,lean_enriched,0.115,,,,,,False,False,中亚,adjusted_only_single_study
Rothia_mucilaginosa,-0.19040617084731512,0.2490235101757195,0.6010512780633143,lean_enriched,0.645,,,,,,False,False,中亚,adjusted_only_single_study
Atopobium_deltae,0.22240766304284698,0.015044740594487394,0.13999269385473978,obese_enriched,1.669,,,,,,False,False,中亚,adjusted_only_single_study
Atopobium_parvulum,0.15528335257310244,0.15357833646372857,0.46915026070426674,obese_enriched,1.43,,,,,,False,False,中亚,adjusted_only_single_study
Atopobium_rimae,0.052584024563691975,0.5311187491392556,0.8428443733320181,obese_enriched,1.129,,,,,,False,False,中亚,adjusted_only_single_study
Olsenella_scatoligenes,-0.11070970109923203,0.6230565125330021,0.8879348239202165,lean_enriched,0.775,,,,,,False,False,中亚,adjusted_only_single_study
Collinsella_aerofaciens,0.14338036122161385,0.6055659709229095,0.8826222974889467,obese_enriched,1.391,,,,,,False,False,中亚,adjusted_only_single_study
Collinsella_intestinalis,-0.2655150562917633,0.030954626681867794,0.19984696112992417,lean_enriched,0.543,,,,,,False,False,中亚,adjusted_only_single_study
Collinsella_massiliensis,-0.042631716751897905,0.7422997082015259,0.949963426337804,lean_enriched,0.907,,,,,,False,False,中亚,adjusted_only_single_study
Enorma_massiliensis,-0.17643435089758402,0.09878083501535205,0.40051138560770017,lean_enriched,0.666,,,,,,False,False,中亚,adjusted_only_single_study
Adlercreutzia_equolifaciens,0.050776184123425466,0.846754568290783,0.9612471016201583,obese_enriched,1.124,,,,,,False,False,中亚,adjusted_only_single_study
Asaccharobacter_celatus,0.21477911833739347,0.3928789783404605,0.7181312472944483,obese_enriched,1.64,,,,,,False,False,中亚,adjusted_only_single_study
Eggerthella_lenta,-0.39127586526225994,0.1387307368711942,0.4687417321557016,lean_enriched,0.406,,,,,,False,False,中亚,adjusted_only_single_study
Enterorhabdus_caecimuris,0.05810720761517214,0.687177473202228,0.9187084898976208,obese_enriched,1.143,,,,,,False,False,中亚,adjusted_only_single_study
Gordonibacter_pamelaeae,-0.30799023230784767,0.1818756334725055,0.5069783283046091,lean_enriched,0.492,,,,,,False,False,中亚,adjusted_only_single_study
Slackia_isoflavoniconvertens,0.565461152991281,0.08352356243847431,0.3569797774416623,obese_enriched,3.677,,,,,,False,False,中亚,adjusted_only_single_study
Bacteroides_caccae,0.03344345053752856,0.9088634440958083,0.9768730019909059,obese_enriched,1.08,,,,,,False,False,中亚,adjusted_only_single_study
Bacteroides_cellulosilyticus,0.30608139955526725,0.28102900879567855,0.6330249390044073,obese_enriched,2.023,,,,,,False,False,中亚,adjusted_only_single_study
Bacteroides_clarus,-0.011031469739039852,0.9452745074273571,0.9768730019909059,lean_enriched,0.975,,,,,,False,False,中亚,adjusted_only_single_study
Bacteroides_dorei,0.5315552337589871,0.04333779520312541,0.254324429744657,obese_enriched,3.401,,,,,,False,False,中亚,adjusted_only_single_study
Bacteroides_eggerthii,-0.2661292323905272,0.13829360752922684,0.4687417321557016,lean_enriched,0.542,,,,,,False,False,中亚,adjusted_only_single_study
Bacteroides_faecis,0.06326253868272705,0.7694577995269231,0.949963426337804,obese_enriched,1.157,,,,,,False,False,中亚,adjusted_only_single_study
Bacteroides_faecis_CAG_32,0.05260836137476245,0.7890651801874957,0.949963426337804,obese_enriched,1.129,,,,,,False,False,中亚,adjusted_only_single_study
Bacteroides_fragilis,-0.8016628680489182,0.019392251276519553,0.15672889730958367,lean_enriched,0.158,,,,,,False,False,中亚,adjusted_only_single_study
Bacteroides_galacturonicus,0.3012280918426713,0.08484272737402736,0.3569797774416623,obese_enriched,2.001,,,,,,False,False,中亚,adjusted_only_single_study
Bacteroides_massiliensis,-0.4034167917971725,0.01020390353633916,0.121915094252236,lean_enriched,0.395,,,,,,False,False,中亚,adjusted_only_single_study
Bacteroides_nordii,-0.24751274474167195,0.14817845301224444,0.46915026070426674,lean_enriched,0.566,,,,,,False,False,中亚,adjusted_only_single_study
Bacteroides_ovatus,0.026831183714013343,0.9219951029498455,0.9768730019909059,obese_enriched,1.064,,,,,,False,False,中亚,adjusted_only_single_study
Bacteroides_plebeius,-0.22263223241950408,0.2957375257728999,0.6333658793898412,lean_enriched,0.599,,,,,,False,False,中亚,adjusted_only_single_study
Bacteroides_sp_CAG_530,0.9165580502312604,0.0012428348024002703,0.051504906206313726,obese_enriched,8.252,,,,,,False,False,中亚,adjusted_only_single_study
Bacteroides_stercoris,-0.13848737821838264,0.6203991395990451,0.8879348239202165,lean_enriched,0.727,,,,,,False,False,中亚,adjusted_only_single_study
Bacteroides_thetaiotaomicron,-0.7448027501554199,0.021529132577327012,0.16003321882479746,lean_enriched,0.18,,,,,,False,False,中亚,adjusted_only_single_study
Bacteroides_uniformis,-0.022356750002019365,0.9503824977883182,0.9768730019909059,lean_enriched,0.95,,,,,,False,False,中亚,adjusted_only_single_study
Bacteroides_vulgatus,-0.7446144142756592,0.031366114975548635,0.19984696112992417,lean_enriched,0.18,,,,,,False,False,中亚,adjusted_only_single_study
Bacteroides_xylanisolvens,-0.042861793024346305,0.8816466436569981,0.9768730019909059,lean_enriched,0.906,,,,,,False,False,中亚,adjusted_only_single_study
Barnesiella_intestinihominis,-0.6034899160180035,0.08315342712197941,0.3569797774416623,lean_enriched,0.249,,,,,,False,False,中亚,adjusted_only_single_study
Coprobacter_fastidiosus,-0.5483973774822554,0.0038086911574295884,0.08493381281067983,lean_enriched,0.283,,,,,,False,False,中亚,adjusted_only_single_study
Butyricimonas_synergistica,-0.20051706526967955,0.15783053518316498,0.4749896366552544,lean_enriched,0.63,,,,,,False,False,中亚,adjusted_only_single_study
Butyricimonas_virosa,-0.1317735879297877,0.5763199281670635,0.8511214833195706,lean_enriched,0.738,,,,,,False,False,中亚,adjusted_only_single_study
Odoribacter_splanchnicus,-0.9156190313593393,0.000875655707588126,0.051504906206313726,lean_enriched,0.121,,,,,,False,False,中亚,adjusted_only_single_study
Paraprevotella_clara,0.07839891689857684,0.5038036560930752,0.8260898184467336,obese_enriched,1.198,,,,,,False,False,中亚,adjusted_only_single_study
Paraprevotella_xylaniphila,0.371992989249313,0.13617677945436887,0.4687417321557016,obese_enriched,2.355,,,,,,False,False,中亚,adjusted_only_single_study
Prevotella_copri,0.8738826976663038,0.019032476802029113,0.15672889730958367,obese_enriched,7.48,,,,,,False,False,中亚,adjusted_only_single_study
Prevotella_sp_885,1.2092012199122848,0.0010199407324709016,0.051504906206313726,obese_enriched,16.188,,,,,,False,False,中亚,adjusted_only_single_study
Prevotella_sp_AM42_24,1.05009054765377,0.0046425573552139,0.08627419085105831,obese_enriched,11.223,,,,,,False,False,中亚,adjusted_only_single_study
Prevotella_sp_CAG_1092,0.2189408248939806,0.5344574091096874,0.8428443733320181,obese_enriched,1.656,,,,,,False,False,中亚,adjusted_only_single_study
Prevotella_sp_CAG_279,-0.7693750248979423,0.04881018420730975,0.27211677695575187,lean_enriched,0.17,,,,,,False,False,中亚,adjusted_only_single_study
Prevotella_sp_CAG_520,1.1633767323896613,0.010372196605596505,0.121915094252236,obese_enriched,14.567,,,,,,False,False,中亚,adjusted_only_single_study
Prevotella_sp_CAG_5226,0.023218436449096033,0.9435281783209957,0.9768730019909059,obese_enriched,1.055,,,,,,False,False,中亚,adjusted_only_single_study
Prevotella_stercorea,1.0610725588682715,0.0016167459347273367,0.051504906206313726,obese_enriched,11.51,,,,,,False,False,中亚,adjusted_only_single_study
Alistipes_finegoldii,-0.5716955669523607,0.05646540854623827,0.2998044310907413,lean_enriched,0.268,,,,,,False,False,中亚,adjusted_only_single_study
Alistipes_indistinctus,-0.3736566016752002,0.11745451759543347,0.44703809819049956,lean_enriched,0.423,,,,,,False,False,中亚,adjusted_only_single_study
Alistipes_onderdonkii,0.0352485732957107,0.7501414277746039,0.949963426337804,obese_enriched,1.085,,,,,,False,False,中亚,adjusted_only_single_study
Alistipes_putredinis,-0.5737847711772625,0.1714354450781413,0.4839253702838672,lean_enriched,0.267,,,,,,False,False,中亚,adjusted_only_single_study
Alistipes_shahii,-0.28315721761165114,0.3084840927131332,0.6369625247687843,lean_enriched,0.521,,,,,,False,False,中亚,adjusted_only_single_study
Parabacteroides_distasonis,-0.5233591812925347,0.035894300749520096,0.2223452518650828,lean_enriched,0.3,,,,,,False,False,中亚,adjusted_only_single_study
Parabacteroides_merdae,-0.33586036563816024,0.3589799402577808,0.6901079885990097,lean_enriched,0.461,,,,,,False,False,中亚,adjusted_only_single_study
Gemella_haemolysans,0.053249372260540204,0.48868023913858427,0.8082560755249902,obese_enriched,1.13,,,,,,False,False,中亚,adjusted_only_single_study
Gemella_morbillorum,0.02824662033061967,0.5212831940196994,0.8423634222202387,obese_enriched,1.067,,,,,,False,False,中亚,adjusted_only_single_study
Gemella_sanguinis,-0.11868545276060467,0.26770087222106687,0.6098979666670296,lean_enriched,0.761,,,,,,False,False,中亚,adjusted_only_single_study
Enterococcus_durans,0.13601285488419634,0.32433616732286485,0.6575178664818079,obese_enriched,1.368,,,,,,False,False,中亚,adjusted_only_single_study
Enterococcus_faecium,0.18047009440569467,0.18603456872182797,0.5121692447526869,obese_enriched,1.515,,,,,,False,False,中亚,adjusted_only_single_study
Lactobacillus_fermentum,0.010185640942307159,0.9132444995778022,0.9768730019909059,obese_enriched,1.024,,,,,,False,False,中亚,adjusted_only_single_study
Lactobacillus_mucosae,0.03321003617075741,0.8501385435923551,0.9612471016201583,obese_enriched,1.079,,,,,,False,False,中亚,adjusted_only_single_study
Lactobacillus_rogosae,-0.32704924982839917,0.19335791965381716,0.5195038082265208,lean_enriched,0.471,,,,,,False,False,中亚,adjusted_only_single_study
Lactobacillus_ruminis,-0.1749196944751664,0.514155253306109,0.8369096458924257,lean_enriched,0.668,,,,,,False,False,中亚,adjusted_only_single_study
Lactobacillus_salivarius,-0.07386386847884721,0.7037120664849346,0.9306773500965454,lean_enriched,0.844,,,,,,False,False,中亚,adjusted_only_single_study
Sharpea_azabuensis,0.18285547973513913,0.014985786858289054,0.13999269385473978,obese_enriched,1.524,,,,,,False,False,中亚,adjusted_only_single_study
Leuconostoc_mesenteroides,0.09891756509592506,0.19041613694828646,0.5178390065788766,obese_enriched,1.256,,,,,,False,False,中亚,adjusted_only_single_study
Lactococcus_lactis,0.11657440626411063,0.6220909248525478,0.8879348239202165,obese_enriched,1.308,,,,,,False,False,中亚,adjusted_only_single_study
Lactococcus_raffinolactis,0.05565260181725261,0.4804426611945124,0.8082560755249902,obese_enriched,1.137,,,,,,False,False,中亚,adjusted_only_single_study
Streptococcus_anginosus_group,0.046424647427872515,0.7618298153710756,0.949963426337804,obese_enriched,1.113,,,,,,False,False,中亚,adjusted_only_single_study
Streptococcus_australis,-0.12765860309440089,0.17095754239799327,0.4839253702838672,lean_enriched,0.745,,,,,,False,False,中亚,adjusted_only_single_study
Streptococcus_gordonii,-0.10151574173095718,0.47412409893378804,0.8082560755249902,lean_enriched,0.792,,,,,,False,False,中亚,adjusted_only_single_study
Streptococcus_infantis,-0.04210746836415494,0.720608891188271,0.9452693102057907,lean_enriched,0.908,,,,,,False,False,中亚,adjusted_only_single_study
Streptococcus_mitis,-0.010121048835801932,0.94779712738624,0.9768730019909059,lean_enriched,0.977,,,,,,False,False,中亚,adjusted_only_single_study
Streptococcus_mutans,-0.07542259447972208,0.22757388065996242,0.5901043649671118,lean_enriched,0.841,,,,,,False,False,中亚,adjusted_only_single_study
Streptococcus_oralis,-0.04466746267921415,0.7923461762279441,0.949963426337804,lean_enriched,0.902,,,,,,False,False,中亚,adjusted_only_single_study
Streptococcus_parasanguinis,0.09863317087016085,0.6686462031132723,0.9091957517942665,obese_enriched,1.255,,,,,,False,False,中亚,adjusted_only_single_study
Streptococcus_salivarius,0.004889230090484649,0.9850378220957148,0.9901756613909416,obese_enriched,1.011,,,,,,False,False,中亚,adjusted_only_single_study
Streptococcus_sanguinis,-0.05398979839328988,0.6497221815639843,0.8943706573380772,lean_enriched,0.883,,,,,,False,False,中亚,adjusted_only_single_study
Streptococcus_sp_A12,-0.0052166679136364524,0.9303407003026508,0.9768730019909059,lean_enriched,0.988,,,,,,False,False,中亚,adjusted_only_single_study
Streptococcus_thermophilus,-0.3381065793788854,0.151718503090879,0.46915026070426674,lean_enriched,0.459,,,,,,False,False,中亚,adjusted_only_single_study
Streptococcus_vestibularis,-0.08985059916945815,0.5495191673427369,0.8428443733320181,lean_enriched,0.813,,,,,,False,False,中亚,adjusted_only_single_study
Christensenella_minuta,-0.07527667668627373,0.22187863651568582,0.5821051287411522,lean_enriched,0.841,,,,,,False,False,中亚,adjusted_only_single_study
Clostridium_sp_CAG_167,-0.5332713963567322,0.01985876535752238,0.15672889730958367,lean_enriched,0.293,,,,,,False,False,中亚,adjusted_only_single_study
Clostridium_sp_CAG_253,-0.14120176215710992,0.4309531691892816,0.7567130451118882,lean_enriched,0.722,,,,,,False,False,中亚,adjusted_only_single_study
Clostridium_sp_CAG_413,-0.2926014013499939,0.2506626406273015,0.6010512780633143,lean_enriched,0.51,,,,,,False,False,中亚,adjusted_only_single_study
Clostridium_sp_CAG_510,0.22455374911443327,0.2482077599067525,0.6010512780633143,obese_enriched,1.677,,,,,,False,False,中亚,adjusted_only_single_study
Clostridium_sp_CAG_58,0.6091000885113129,0.007114486833856517,0.11259898999436059,obese_enriched,4.065,,,,,,False,False,中亚,adjusted_only_single_study
Clostridium_sp_CAG_590,0.6974702663614551,0.012716525415144047,0.13999269385473978,obese_enriched,4.983,,,,,,False,False,中亚,adjusted_only_single_study
Clostridium_sp_CAG_632,-0.11477359113522145,0.48930300536266225,0.8082560755249902,lean_enriched,0.768,,,,,,False,False,中亚,adjusted_only_single_study
Hungatella_hathewayi,-0.09339264937244039,0.33845130044823224,0.6738807142853195,lean_enriched,0.807,,,,,,False,False,中亚,adjusted_only_single_study
Eubacterium_sulci,0.09096645978608241,0.35823081076195307,0.6901079885990097,obese_enriched,1.233,,,,,,False,False,中亚,adjusted_only_single_study
Mogibacterium_diversum,-0.04221571510347903,0.6880014251699671,0.9187084898976208,lean_enriched,0.907,,,,,,False,False,中亚,adjusted_only_single_study
Bacteroides_pectinophilus,-0.3687507810813956,0.07839069633988244,0.3569797774416623,lean_enriched,0.428,,,,,,False,False,中亚,adjusted_only_single_study
Intestinimonas_butyriciproducens,-0.1970730567763552,0.24940423995180372,0.6010512780633143,lean_enriched,0.635,,,,,,False,False,中亚,adjusted_only_single_study
Lawsonibacter_asaccharolyticus,-0.02513911116032705,0.8914156617582569,0.9768730019909059,lean_enriched,0.944,,,,,,False,False,中亚,adjusted_only_single_study
Eubacterium_eligens,0.0687910579505558,0.8340551656241186,0.9612471016201583,obese_enriched,1.172,,,,,,False,False,中亚,adjusted_only_single_study
Eubacterium_hallii,-0.038587066564623206,0.8278105522682545,0.9612471016201583,lean_enriched,0.915,,,,,,False,False,中亚,adjusted_only_single_study
Eubacterium_ramulus,0.11722804412063628,0.5395839145374276,0.8428443733320181,obese_enriched,1.31,,,,,,False,False,中亚,adjusted_only_single_study
Eubacterium_sp_CAG_180,0.34857743648303974,0.41012270815065255,0.7347084331771481,obese_enriched,2.231,,,,,,False,False,中亚,adjusted_only_single_study
Eubacterium_sp_CAG_251,0.4775318334304261,0.15300316086941282,0.46915026070426674,obese_enriched,3.003,,,,,,False,False,中亚,adjusted_only_single_study
Eubacterium_sp_CAG_274,-0.5371424498310475,0.022787752610466176,0.16392480103657925,lean_enriched,0.29,,,,,,False,False,中亚,adjusted_only_single_study
Eubacterium_sp_CAG_38,-0.059581071855957984,0.8397451455254399,0.9612471016201583,lean_enriched,0.872,,,,,,False,False,中亚,adjusted_only_single_study
Eubacterium_sp_OM08_24,-0.06929803926133192,0.31335034159533837,0.6410745520711968,lean_enriched,0.853,,,,,,False,False,中亚,adjusted_only_single_study
Eubacterium_ventriosum,-0.20659288107071294,0.4542010496038037,0.7913033911066267,lean_enriched,0.621,,,,,,False,False,中亚,adjusted_only_single_study
Anaerostipes_hadrus,-0.43296823559214903,0.07687661057972424,0.3569797774416623,lean_enriched,0.369,,,,,,False,False,中亚,adjusted_only_single_study
Blautia_obeum,0.0037221038886377095,0.9835953159819639,0.9901756613909416,obese_enriched,1.009,,,,,,False,False,中亚,adjusted_only_single_study
Blautia_wexlerae,-0.21111057571132877,0.25590863932759134,0.6071024103197113,lean_enriched,0.615,,,,,,False,False,中亚,adjusted_only_single_study
Ruminococcus_gnavus,-0.6237302535628407,0.007573923093791071,0.11259898999436059,lean_enriched,0.238,,,,,,False,False,中亚,adjusted_only_single_study
Ruminococcus_torques,0.5588256614564171,0.01506647826239352,0.13999269385473978,obese_enriched,3.621,,,,,,False,False,中亚,adjusted_only_single_study
Butyrivibrio_crossotus,0.10802834862896203,0.7890964979887063,0.949963426337804,obese_enriched,1.282,,,,,,False,False,中亚,adjusted_only_single_study
Butyrivibrio_sp_CAG_318,0.34333403317315037,0.26802690911824617,0.6098979666670296,obese_enriched,2.205,,,,,,False,False,中亚,adjusted_only_single_study
Coprococcus_catus,0.23997906516363324,0.16187987616950375,0.4749896366552544,obese_enriched,1.738,,,,,,False,False,中亚,adjusted_only_single_study
Coprococcus_comes,0.16913161679956729,0.3081646661319713,0.6369625247687843,obese_enriched,1.476,,,,,,False,False,中亚,adjusted_only_single_study
Coprococcus_eutactus,0.21611575054925647,0.5742701169425446,0.8511214833195706,obese_enriched,1.645,,,,,,False,False,中亚,adjusted_only_single_study
Dorea_formicigenerans,0.22197098943474025,0.07342656443936933,0.3569797774416623,obese_enriched,1.667,,,,,,False,False,中亚,adjusted_only_single_study
Dorea_longicatena,0.028683074372265478,0.8478648931828021,0.9612471016201583,obese_enriched,1.068,,,,,,False,False,中亚,adjusted_only_single_study
Eisenbergiella_tayi,-0.2077510475764976,0.2982216024032885,0.6333658793898412,lean_enriched,0.62,,,,,,False,False,中亚,adjusted_only_single_study
Fusicatenibacter_saccharivorans,-0.22399621666428654,0.11146410273203361,0.4438659805222053,lean_enriched,0.597,,,,,,False,False,中亚,adjusted_only_single_study
Clostridium_aldenense,-0.11987426848998858,0.04640773906999749,0.26535707211819076,lean_enriched,0.759,,,,,,False,False,中亚,adjusted_only_single_study
Clostridium_asparagiforme,-0.0986705494106826,0.3555858669586335,0.6901079885990097,lean_enriched,0.797,,,,,,False,False,中亚,adjusted_only_single_study
Clostridium_bolteae,-0.436542806617082,0.020381784851918952,0.15672889730958367,lean_enriched,0.366,,,,,,False,False,中亚,adjusted_only_single_study
Clostridium_citroniae,-0.1317839655309737,0.3790335705700648,0.7102898003119702,lean_enriched,0.738,,,,,,False,False,中亚,adjusted_only_single_study
Clostridium_clostridioforme,0.05470853155668349,0.7436288143771095,0.949963426337804,obese_enriched,1.134,,,,,,False,False,中亚,adjusted_only_single_study
Clostridium_lavalense,0.008159861522530763,0.9487816173256741,0.9768730019909059,obese_enriched,1.019,,,,,,False,False,中亚,adjusted_only_single_study
Clostridium_saccharolyticum,0.019499798370559512,0.872003751977326,0.9762336515653458,obese_enriched,1.046,,,,,,False,False,中亚,adjusted_only_single_study
Clostridium_symbiosum,-0.19064541810533253,0.14892690597647373,0.46915026070426674,lean_enriched,0.645,,,,,,False,False,中亚,adjusted_only_single_study
Lachnoclostridium_sp_An138,-0.036198837123670044,0.4880820056777395,0.8082560755249902,lean_enriched,0.92,,,,,,False,False,中亚,adjusted_only_single_study
Lachnospira_pectinoschiza,-0.26295440959582017,0.480047899644658,0.8082560755249902,lean_enriched,0.546,,,,,,False,False,中亚,adjusted_only_single_study
Eubacterium_rectale,0.363109598811465,0.14807399637283067,0.46915026070426674,obese_enriched,2.307,,,,,,False,False,中亚,adjusted_only_single_study
Oribacterium_sinus,0.020432330562215453,0.6362857283663063,0.8943706573380772,obese_enriched,1.048,,,,,,False,False,中亚,adjusted_only_single_study
Roseburia_faecis,0.11027477077980101,0.6251379702039191,0.8879348239202165,obese_enriched,1.289,,,,,,False,False,中亚,adjusted_only_single_study
Roseburia_hominis,0.3737740092061869,0.07358304106171444,0.3569797774416623,obese_enriched,2.365,,,,,,False,False,中亚,adjusted_only_single_study
Roseburia_intestinalis,0.5384601189078662,0.075261761420491,0.3569797774416623,obese_enriched,3.455,,,,,,False,False,中亚,adjusted_only_single_study
Roseburia_inulinivorans,0.04786361911735382,0.8437737402529972,0.9612471016201583,obese_enriched,1.117,,,,,,False,False,中亚,adjusted_only_single_study
Roseburia_sp_CAG_182,-0.27746182387921137,0.09031115665196644,0.37295162839608365,lean_enriched,0.528,,,,,,False,False,中亚,adjusted_only_single_study
Roseburia_sp_CAG_309,-0.03272475619697848,0.7885217105465268,0.949963426337804,lean_enriched,0.927,,,,,,False,False,中亚,adjusted_only_single_study
Roseburia_sp_CAG_471,-0.0038242130086674174,0.9857354117882917,0.9901756613909416,lean_enriched,0.991,,,,,,False,False,中亚,adjusted_only_single_study
Oscillibacter_sp_57_20,0.16522797475183268,0.37762666027040726,0.7102898003119702,obese_enriched,1.463,,,,,,False,False,中亚,adjusted_only_single_study
Oscillibacter_sp_CAG_241,-0.013956385571659062,0.9607352592044254,0.9827704715714993,lean_enriched,0.968,,,,,,False,False,中亚,adjusted_only_single_study
Oscillibacter_sp_PC13,-0.052451308863503784,0.38534567443033707,0.7161007116497097,lean_enriched,0.886,,,,,,False,False,中亚,adjusted_only_single_study
Intestinibacter_bartlettii,0.03444368100495319,0.8149803385837517,0.9612471016201583,obese_enriched,1.083,,,,,,False,False,中亚,adjusted_only_single_study
Agathobaculum_butyriciproducens,-0.033889296123273654,0.821529228731759,0.9612471016201583,lean_enriched,0.925,,,,,,False,False,中亚,adjusted_only_single_study
Anaeromassilibacillus_sp_An250,-0.15512364194917852,0.2970567680898802,0.6333658793898412,lean_enriched,0.7,,,,,,False,False,中亚,adjusted_only_single_study
Anaerotruncus_colihominis,-0.0759563368094856,0.6547691521780343,0.8957884719981696,lean_enriched,0.84,,,,,,False,False,中亚,adjusted_only_single_study
Anaerotruncus_sp_CAG_528,-0.06476405281558514,0.7447518715862448,0.949963426337804,lean_enriched,0.861,,,,,,False,False,中亚,adjusted_only_single_study
Faecalibacterium_prausnitzii,-0.04596606516810924,0.6459038686798029,0.8943706573380772,lean_enriched,0.9,,,,,,False,False,中亚,adjusted_only_single_study
Flavonifractor_plautii,-0.2318732269324869,0.36311758170536734,0.6920959035922813,lean_enriched,0.586,,,,,,False,False,中亚,adjusted_only_single_study
Gemmiger_formicilis,-0.2593908106221868,0.12924097471332732,0.46485060259793537,lean_enriched,0.55,,,,,,False,False,中亚,adjusted_only_single_study
Harryflintia_acetispora,0.06020026684157201,0.5586944460529286,0.8475432753047828,obese_enriched,1.149,,,,,,False,False,中亚,adjusted_only_single_study
Clostridium_leptum,0.18265239403072248,0.29141608587490436,0.6333658793898412,obese_enriched,1.523,,,,,,False,False,中亚,adjusted_only_single_study
Eubacterium_siraeum,0.38172858499525475,0.26429201867599383,0.6098979666670296,obese_enriched,2.408,,,,,,False,False,中亚,adjusted_only_single_study
Ruminococcaceae_bacterium_D5,-0.15390559744584875,0.3346495993828146,0.6723140600213302,lean_enriched,0.702,,,,,,False,False,中亚,adjusted_only_single_study
Ruminococcus_bicirculans,-0.6254360610338069,0.08257430290712538,0.3569797774416623,lean_enriched,0.237,,,,,,False,False,中亚,adjusted_only_single_study
Ruminococcus_bromii,-0.49768015466454263,0.1463375871049277,0.46915026070426674,lean_enriched,0.318,,,,,,False,False,中亚,adjusted_only_single_study
Ruminococcus_callidus,-0.02132139367483822,0.9070412052132026,0.9768730019909059,lean_enriched,0.952,,,,,,False,False,中亚,adjusted_only_single_study
Ruminococcus_lactaris,-0.849767426308393,0.01038738471207392,0.121915094252236,lean_enriched,0.141,,,,,,False,False,中亚,adjusted_only_single_study
Ruminococcus_obeum_CAG_39,0.22729710984499044,0.12446468462820237,0.4550102405260513,obese_enriched,1.688,,,,,,False,False,中亚,adjusted_only_single_study
Ruminococcus_sp_CAG_330,-0.28705710922872985,0.11388326055687173,0.44554328252951575,lean_enriched,0.516,,,,,,False,False,中亚,adjusted_only_single_study
Ruminococcus_sp_CAG_403,-0.1795576744686278,0.40942858142534644,0.7347084331771481,lean_enriched,0.661,,,,,,False,False,中亚,adjusted_only_single_study
Ruminococcus_sp_CAG_488,0.07374444792898116,0.8341040074884034,0.9612471016201583,obese_enriched,1.185,,,,,,False,False,中亚,adjusted_only_single_study
Ruminococcus_sp_CAG_563,-0.04370730530044949,0.7661454960737899,0.949963426337804,lean_enriched,0.904,,,,,,False,False,中亚,adjusted_only_single_study
Ruthenibacterium_lactatiformans,-0.2163146856374019,0.3481747979191513,0.6871060171324844,lean_enriched,0.608,,,,,,False,False,中亚,adjusted_only_single_study
Catenibacterium_mitsuokai,1.0533302117924794,0.0027548587835776895,0.06825927874864719,obese_enriched,11.307,,,,,,False,False,中亚,adjusted_only_single_study
Coprobacillus_cateniformis,0.0854957134806505,0.5468485414341611,0.8428443733320181,obese_enriched,1.218,,,,,,False,False,中亚,adjusted_only_single_study
Dielma_fastidiosa,-0.014742884864044875,0.8534839736358356,0.9612471016201583,lean_enriched,0.967,,,,,,False,False,中亚,adjusted_only_single_study
Clostridium_innocuum,-0.4557312293070193,0.004200059913288268,0.08514666915120761,lean_enriched,0.35,,,,,,False,False,中亚,adjusted_only_single_study
Erysipelatoclostridium_ramosum,-0.3906634164237024,0.025297996978500357,0.17629541644392435,lean_enriched,0.407,,,,,,False,False,中亚,adjusted_only_single_study
Holdemanella_biformis,1.4176737887664437,2.116054473917424e-06,0.0004718801476835855,obese_enriched,26.162,,,,,,False,False,中亚,adjusted_only_single_study
Holdemania_filiformis,-0.10003649256478395,0.5813918318284689,0.8529630164325563,lean_enriched,0.794,,,,,,False,False,中亚,adjusted_only_single_study
Solobacterium_moorei,-0.05343984772142897,0.6435669920819882,0.8943706573380772,lean_enriched,0.884,,,,,,False,False,中亚,adjusted_only_single_study
Turicibacter_sanguinis,0.1924623713000441,0.014413541001581551,0.13999269385473978,obese_enriched,1.558,,,,,,False,False,中亚,adjusted_only_single_study
Firmicutes_bacterium_CAG_110,0.35637762342848545,0.23733629453689603,0.6010512780633143,obese_enriched,2.272,,,,,,False,False,中亚,adjusted_only_single_study
Firmicutes_bacterium_CAG_145,-0.039484149280764824,0.685024486183617,0.9187084898976208,lean_enriched,0.913,,,,,,False,False,中亚,adjusted_only_single_study
Firmicutes_bacterium_CAG_170,0.6857960038400586,0.03099801052177847,0.19984696112992417,obese_enriched,4.851,,,,,,False,False,中亚,adjusted_only_single_study
Firmicutes_bacterium_CAG_238,-0.3050789581785314,0.250283575731138,0.6010512780633143,lean_enriched,0.495,,,,,,False,False,中亚,adjusted_only_single_study
Firmicutes_bacterium_CAG_83,-0.06930334768991736,0.7728517211268514,0.949963426337804,lean_enriched,0.853,,,,,,False,False,中亚,adjusted_only_single_study
Firmicutes_bacterium_CAG_95,0.1407604183203387,0.5748869471436883,0.8511214833195706,obese_enriched,1.383,,,,,,False,False,中亚,adjusted_only_single_study
Phascolarctobacterium_faecium,-0.8499370020155812,0.009349756138973504,0.121915094252236,lean_enriched,0.141,,,,,,False,False,中亚,adjusted_only_single_study
Phascolarctobacterium_succinatutens,1.5022086944087223,0.0003679913799932575,0.04103103886924821,obese_enriched,31.784,,,,,,False,False,中亚,adjusted_only_single_study
Allisonella_histaminiformans,0.5246042116884053,0.002481388589345592,0.06825927874864719,obese_enriched,3.347,,,,,,False,False,中亚,adjusted_only_single_study
Dialister_sp_CAG_357,0.42875694836555384,0.12133276900217585,0.45095345812475357,obese_enriched,2.684,,,,,,False,False,中亚,adjusted_only_single_study
Megasphaera_elsdenii,0.317318175164373,0.26590929044841743,0.6098979666670296,obese_enriched,2.076,,,,,,False,False,中亚,adjusted_only_single_study
Veillonella_atypica,0.030644981270590968,0.8755458758433594,0.9762336515653458,obese_enriched,1.073,,,,,,False,False,中亚,adjusted_only_single_study
Veillonella_dispar,0.1449855748313968,0.4253829835410424,0.7528603597591466,obese_enriched,1.396,,,,,,False,False,中亚,adjusted_only_single_study
Veillonella_infantium,0.08253992009287497,0.5482705578372695,0.8428443733320181,obese_enriched,1.209,,,,,,False,False,中亚,adjusted_only_single_study
Veillonella_parvula,-0.17678097668411819,0.4118320813773252,0.7347084331771481,lean_enriched,0.666,,,,,,False,False,中亚,adjusted_only_single_study
Veillonella_rogosae,-0.012706405927007211,0.7683773667799074,0.949963426337804,lean_enriched,0.971,,,,,,False,False,中亚,adjusted_only_single_study
Veillonella_sp_T11011_6,0.03460956087492753,0.777288623086975,0.949963426337804,obese_enriched,1.083,,,,,,False,False,中亚,adjusted_only_single_study
Parvimonas_micra,-0.0362907290567903,0.6460022415963257,0.8943706573380772,lean_enriched,0.92,,,,,,False,False,中亚,adjusted_only_single_study
Victivallis_vadensis,-0.36797691568512136,0.08271251894472814,0.3569797774416623,lean_enriched,0.429,,,,,,False,False,中亚,adjusted_only_single_study
Parasutterella_excrementihominis,0.2500292224508931,0.3921831819952366,0.7181312472944483,obese_enriched,1.778,,,,,,False,False,中亚,adjusted_only_single_study
Turicimonas_muris,0.03457834974087007,0.8377919056723004,0.9612471016201583,obese_enriched,1.083,,,,,,False,False,中亚,adjusted_only_single_study
Bilophila_wadsworthia,-0.35124263530038663,0.13350233677792114,0.4687417321557016,lean_enriched,0.445,,,,,,False,False,中亚,adjusted_only_single_study
Desulfovibrionaceae_bacterium,-0.2528921899419492,0.1618056420914035,0.4749896366552544,lean_enriched,0.559,,,,,,False,False,中亚,adjusted_only_single_study
Anaerobiospirillum_thomasii,0.01778249407942492,0.8889022405867475,0.9768730019909059,obese_enriched,1.042,,,,,,False,False,中亚,adjusted_only_single_study
Enterobacter_cloacae_complex,0.08960320212112419,0.5653851436245894,0.8511214833195706,obese_enriched,1.229,,,,,,False,False,中亚,adjusted_only_single_study
Escherichia_coli,-0.5852878440919902,0.018028320775327858,0.15672889730958367,lean_enriched,0.26,,,,,,False,False,中亚,adjusted_only_single_study
Klebsiella_pneumoniae,-0.21384418370827632,0.30695858016989314,0.6369625247687843,lean_enriched,0.611,,,,,,False,False,中亚,adjusted_only_single_study
Klebsiella_variicola,-0.10578043885463197,0.5317355241581279,0.8428443733320181,lean_enriched,0.784,,,,,,False,False,中亚,adjusted_only_single_study
Haemophilus_parainfluenzae,0.023570289725906503,0.9070263194518627,0.9768730019909059,obese_enriched,1.056,,,,,,False,False,中亚,adjusted_only_single_study
Haemophilus_sp_HMSC71H05,-0.24632506928631281,0.11827465378134293,0.44703809819049956,lean_enriched,0.567,,,,,,False,False,中亚,adjusted_only_single_study
Proteobacteria_bacterium_CAG_139,0.011900472935333112,0.9657299202490899,0.9833688229020413,obese_enriched,1.028,,,,,,False,False,中亚,adjusted_only_single_study
Cloacibacillus_porcorum,-0.14561240093157563,0.29671519838230215,0.6333658793898412,lean_enriched,0.715,,,,,,False,False,中亚,adjusted_only_single_study
Fretibacterium_fastidiosum,-0.13014176578636244,0.05610259754425311,0.2998044310907413,lean_enriched,0.741,,,,,,False,False,中亚,adjusted_only_single_study
Akkermansia_muciniphila,-0.6807130874354195,0.07781728076902719,0.3569797774416623,lean_enriched,0.209,,,,,,False,False,中亚,adjusted_only_single_study
Actinobaculum_sp_oral_taxon_183,0.04559991872078084,0.5768391069803571,0.97856776668704,obese_enriched,1.111,,,,,,False,False,东亚,adjusted_only_single_study
Actinomyces_graevenitzii,0.04744982260414188,0.1695809761948165,0.9627015207568337,obese_enriched,1.115,,,,,,False,False,东亚,adjusted_only_single_study
Actinomyces_naeslundii,-0.07288229269302837,0.47696174005531333,0.9718145056713373,lean_enriched,0.846,,,,,,False,False,东亚,adjusted_only_single_study
Actinomyces_odontolyticus,0.24262742993132042,0.09968469143165863,0.9627015207568337,obese_enriched,1.748,,,,,,False,False,东亚,adjusted_only_single_study
Actinomyces_oris,0.10394512491954955,0.3598798412347868,0.9718145056713373,obese_enriched,1.27,,,,,,False,False,东亚,adjusted_only_single_study
Actinomyces_sp_HMSC035G02,0.05559123805136479,0.17949236686443856,0.9627015207568337,obese_enriched,1.137,,,,,,False,False,东亚,adjusted_only_single_study
Actinomyces_sp_ICM47,0.47568839957464926,0.010214705437637805,0.9627015207568337,obese_enriched,2.99,,,,,,False,False,东亚,adjusted_only_single_study
Actinomyces_sp_oral_taxon_414,0.009862758195637644,0.9121770888788091,0.9981963651823025,obese_enriched,1.023,,,,,,False,False,东亚,adjusted_only_single_study
Actinomyces_sp_S6_Spd3,0.02147630198547723,0.20976298604369353,0.9627015207568337,obese_enriched,1.051,,,,,,False,False,东亚,adjusted_only_single_study
Aeriscardovia_aeriphila,0.0032663543469249046,0.9762431917523595,0.9981963651823025,obese_enriched,1.008,,,,,,False,False,东亚,adjusted_only_single_study
Bifidobacterium_adolescentis,0.12584762450743842,0.7877991105866747,0.97856776668704,obese_enriched,1.336,,,,,,False,False,东亚,adjusted_only_single_study
Bifidobacterium_breve,-0.4859541529675805,0.31848622906542556,0.9718145056713373,lean_enriched,0.327,,,,,,False,False,东亚,adjusted_only_single_study
Bifidobacterium_dentium,-0.25112377652486856,0.4690403912485872,0.9718145056713373,lean_enriched,0.561,,,,,,False,False,东亚,adjusted_only_single_study
Bifidobacterium_longum,-0.3722615831886073,0.598221346190871,0.97856776668704,lean_enriched,0.424,,,,,,False,False,东亚,adjusted_only_single_study
Bifidobacterium_pseudocatenulatum,0.28990540757682925,0.6742898839720035,0.97856776668704,obese_enriched,1.949,,,,,,False,False,东亚,adjusted_only_single_study
Corynebacterium_durum,-0.014199553029425438,0.1787091034666118,0.9627015207568337,lean_enriched,0.968,,,,,,False,False,东亚,adjusted_only_single_study
Rothia_mucilaginosa,0.030335448213676286,0.7938628016234525,0.97856776668704,obese_enriched,1.072,,,,,,False,False,东亚,adjusted_only_single_study
Olsenella_scatoligenes,0.006691805590508082,0.9275063545885427,0.9981963651823025,obese_enriched,1.016,,,,,,False,False,东亚,adjusted_only_single_study
Collinsella_aerofaciens,0.3215153755864272,0.599164068328992,0.97856776668704,obese_enriched,2.097,,,,,,False,False,东亚,adjusted_only_single_study
Collinsella_intestinalis,0.4587281970986695,0.22986859699559745,0.9627015207568337,obese_enriched,2.876,,,,,,False,False,东亚,adjusted_only_single_study
Collinsella_massiliensis,0.23631070473951726,0.27091769595205994,0.9636122584369875,obese_enriched,1.723,,,,,,False,False,东亚,adjusted_only_single_study
Enorma_massiliensis,-0.06760099474921277,0.8375705824137256,0.9854850228668532,lean_enriched,0.856,,,,,,False,False,东亚,adjusted_only_single_study
Adlercreutzia_equolifaciens,-0.3061349880619119,0.5433673776249248,0.9718145056713373,lean_enriched,0.494,,,,,,False,False,东亚,adjusted_only_single_study
Asaccharobacter_celatus,-0.17720608507641106,0.6697844220117084,0.97856776668704,lean_enriched,0.665,,,,,,False,False,东亚,adjusted_only_single_study
Eggerthella_lenta,0.15121664922732303,0.7715071972834198,0.97856776668704,obese_enriched,1.417,,,,,,False,False,东亚,adjusted_only_single_study
Enterorhabdus_caecimuris,0.012271915099019592,0.9535178740463083,0.9981963651823025,obese_enriched,1.029,,,,,,False,False,东亚,adjusted_only_single_study
Gordonibacter_pamelaeae,-0.07769493946165851,0.8522937574861944,0.9868664560366461,lean_enriched,0.836,,,,,,False,False,东亚,adjusted_only_single_study
Slackia_isoflavoniconvertens,0.02342045485457933,0.6660976451804483,0.97856776668704,obese_enriched,1.055,,,,,,False,False,东亚,adjusted_only_single_study
Bacteroides_caccae,0.8589854912598573,0.14137396684827708,0.9627015207568337,obese_enriched,7.227,,,,,,False,False,东亚,adjusted_only_single_study
Bacteroides_cellulosilyticus,-0.6139705169116078,0.1303842383922285,0.9627015207568337,lean_enriched,0.243,,,,,,False,False,东亚,adjusted_only_single_study
Bacteroides_clarus,0.03032661511638557,0.913628908936996,0.9981963651823025,obese_enriched,1.072,,,,,,False,False,东亚,adjusted_only_single_study
Bacteroides_coprocola,1.1663430083505983,0.059372714867277104,0.9627015207568337,obese_enriched,14.667,,,,,,False,False,东亚,adjusted_only_single_study
Bacteroides_coprophilus,0.7068930890502796,0.1564175060905111,0.9627015207568337,obese_enriched,5.092,,,,,,False,False,东亚,adjusted_only_single_study
Bacteroides_dorei,0.7672105714154132,0.23130686166865427,0.9627015207568337,obese_enriched,5.851,,,,,,False,False,东亚,adjusted_only_single_study
Bacteroides_eggerthii,-0.46492365634174676,0.43820015698855974,0.9718145056713373,lean_enriched,0.343,,,,,,False,False,东亚,adjusted_only_single_study
Bacteroides_finegoldii,-0.43072408765744286,0.4128798944886718,0.9718145056713373,lean_enriched,0.371,,,,,,False,False,东亚,adjusted_only_single_study
Bacteroides_fragilis,-0.639711359525821,0.3431540891059738,0.9718145056713373,lean_enriched,0.229,,,,,,False,False,东亚,adjusted_only_single_study
Bacteroides_galacturonicus,0.04091558747197932,0.8858508032902122,0.9981963651823025,obese_enriched,1.099,,,,,,False,False,东亚,adjusted_only_single_study
Bacteroides_intestinalis,0.3168124365661151,0.5577977522583295,0.97856776668704,obese_enriched,2.074,,,,,,False,False,东亚,adjusted_only_single_study
Bacteroides_massiliensis,-0.936648606673099,0.1546027991364411,0.9627015207568337,lean_enriched,0.116,,,,,,False,False,东亚,adjusted_only_single_study
Bacteroides_nordii,-0.3924545518129434,0.014422376259325301,0.9627015207568337,lean_enriched,0.405,,,,,,False,False,东亚,adjusted_only_single_study
Bacteroides_ovatus,-0.1758927916574593,0.6906773788685152,0.97856776668704,lean_enriched,0.667,,,,,,False,False,东亚,adjusted_only_single_study
Bacteroides_plebeius,1.7631705572665486,0.013650617465445786,0.9627015207568337,obese_enriched,57.966,,,,,,False,False,东亚,adjusted_only_single_study
Bacteroides_salyersiae,-0.5213318655305965,0.17177552279423666,0.9627015207568337,lean_enriched,0.301,,,,,,False,False,东亚,adjusted_only_single_study
Bacteroides_sp_D2,0.22651288505246647,0.17359874038773346,0.9627015207568337,obese_enriched,1.685,,,,,,False,False,东亚,adjusted_only_single_study
Bacteroides_sp_OM05_12,-0.41379517243350594,0.1645060710258295,0.9627015207568337,lean_enriched,0.386,,,,,,False,False,东亚,adjusted_only_single_study
Bacteroides_stercoris,-0.8080204369161532,0.20787284581250642,0.9627015207568337,lean_enriched,0.156,,,,,,False,False,东亚,adjusted_only_single_study
Bacteroides_thetaiotaomicron,0.01681217864561574,0.9521477969954302,0.9981963651823025,obese_enriched,1.039,,,,,,False,False,东亚,adjusted_only_single_study
Bacteroides_uniformis,-0.01786288983344858,0.9645831427964445,0.9981963651823025,lean_enriched,0.96,,,,,,False,False,东亚,adjusted_only_single_study
Bacteroides_vulgatus,-0.13495423814341603,0.757166524596804,0.97856776668704,lean_enriched,0.733,,,,,,False,False,东亚,adjusted_only_single_study
Bacteroides_xylanisolvens,-0.11950432148962237,0.7730499386738616,0.97856776668704,lean_enriched,0.759,,,,,,False,False,东亚,adjusted_only_single_study
Barnesiella_intestinihominis,0.015604782158503805,0.9619882443370307,0.9981963651823025,obese_enriched,1.037,,,,,,False,False,东亚,adjusted_only_single_study
Coprobacter_fastidiosus,-0.05649795413596215,0.7991606205269187,0.97856776668704,lean_enriched,0.878,,,,,,False,False,东亚,adjusted_only_single_study
Coprobacter_secundus,0.001833996966128404,0.9936803710692261,0.9981963651823025,obese_enriched,1.004,,,,,,False,False,东亚,adjusted_only_single_study
Butyricimonas_synergistica,-0.22722582740139374,0.44809818602871454,0.9718145056713373,lean_enriched,0.593,,,,,,False,False,东亚,adjusted_only_single_study
Butyricimonas_virosa,-0.14440026924934973,0.7646955834596345,0.97856776668704,lean_enriched,0.717,,,,,,False,False,东亚,adjusted_only_single_study
Odoribacter_splanchnicus,-0.23677637898527443,0.5434964916579257,0.9718145056713373,lean_enriched,0.58,,,,,,False,False,东亚,adjusted_only_single_study
Paraprevotella_clara,0.3460217170005462,0.14849511042933275,0.9627015207568337,obese_enriched,2.218,,,,,,False,False,东亚,adjusted_only_single_study
Paraprevotella_xylaniphila,0.5377802926829012,0.13003820368253627,0.9627015207568337,obese_enriched,3.45,,,,,,False,False,东亚,adjusted_only_single_study
Prevotella_copri,-0.07163327380566906,0.9320448095328923,0.9981963651823025,lean_enriched,0.848,,,,,,False,False,东亚,adjusted_only_single_study
Prevotella_sp_CAG_1124,-0.008218444741244446,0.9043360703404687,0.9981963651823025,lean_enriched,0.981,,,,,,False,False,东亚,adjusted_only_single_study
Prevotella_stercorea,-0.16106357805675883,0.7302719540376486,0.97856776668704,lean_enriched,0.69,,,,,,False,False,东亚,adjusted_only_single_study
Alistipes_finegoldii,-0.41194130701448683,0.4846412797103372,0.9718145056713373,lean_enriched,0.387,,,,,,False,False,东亚,adjusted_only_single_study
Alistipes_indistinctus,-0.4773775274696351,0.11470703759171635,0.9627015207568337,lean_enriched,0.333,,,,,,False,False,东亚,adjusted_only_single_study
Alistipes_putredinis,-0.5871578404128039,0.4333977966453534,0.9718145056713373,lean_enriched,0.259,,,,,,False,False,东亚,adjusted_only_single_study
Alistipes_shahii,-0.8121692149247622,0.05628667505457734,0.9627015207568337,lean_enriched,0.154,,,,,,False,False,东亚,adjusted_only_single_study
Parabacteroides_distasonis,-0.23056916508114428,0.3490721298716579,0.9718145056713373,lean_enriched,0.588,,,,,,False,False,东亚,adjusted_only_single_study
Parabacteroides_goldsteinii,-0.41228818274338397,0.28725030014240727,0.9636122584369875,lean_enriched,0.387,,,,,,False,False,东亚,adjusted_only_single_study
Parabacteroides_johnsonii,-0.003719070843952066,0.9924568389402795,0.9981963651823025,lean_enriched,0.991,,,,,,False,False,东亚,adjusted_only_single_study
Parabacteroides_merdae,0.3810308092745346,0.5979401070668736,0.97856776668704,obese_enriched,2.405,,,,,,False,False,东亚,adjusted_only_single_study
Parabacteroides_sp_CAG_409,0.3318039554246823,0.47202773751720395,0.9718145056713373,obese_enriched,2.147,,,,,,False,False,东亚,adjusted_only_single_study
Gemella_haemolysans,0.3943388830597816,0.09201028269486766,0.9627015207568337,obese_enriched,2.479,,,,,,False,False,东亚,adjusted_only_single_study
Gemella_morbillorum,0.14834551677121444,0.4112409228676952,0.9718145056713373,obese_enriched,1.407,,,,,,False,False,东亚,adjusted_only_single_study
Gemella_sanguinis,0.4216900465531816,0.11905048300401914,0.9627015207568337,obese_enriched,2.641,,,,,,False,False,东亚,adjusted_only_single_study
Enterococcus_faecium,-0.28336912859793834,0.14125995273088998,0.9627015207568337,lean_enriched,0.521,,,,,,False,False,东亚,adjusted_only_single_study
Lactobacillus_rogosae,-0.09828821157398981,0.779310402178973,0.97856776668704,lean_enriched,0.797,,,,,,False,False,东亚,adjusted_only_single_study
Lactobacillus_salivarius,-0.13787772272033738,0.6277460603556516,0.97856776668704,lean_enriched,0.728,,,,,,False,False,东亚,adjusted_only_single_study
Streptococcus_anginosus_group,-0.15641868410673726,0.527811173580151,0.9718145056713373,lean_enriched,0.698,,,,,,False,False,东亚,adjusted_only_single_study
Streptococcus_australis,0.07820425895371275,0.7362436580674306,0.97856776668704,obese_enriched,1.197,,,,,,False,False,东亚,adjusted_only_single_study
Streptococcus_cristatus,0.09115952927320292,0.4616127561970117,0.9718145056713373,obese_enriched,1.234,,,,,,False,False,东亚,adjusted_only_single_study
Streptococcus_gordonii,-0.04705968390694537,0.8768260189477599,0.9981963651823025,lean_enriched,0.897,,,,,,False,False,东亚,adjusted_only_single_study
Streptococcus_infantis,-0.15248711201540144,0.5102984835448293,0.9718145056713373,lean_enriched,0.704,,,,,,False,False,东亚,adjusted_only_single_study
Streptococcus_milleri,0.0732314996501583,0.5365860907649025,0.9718145056713373,obese_enriched,1.184,,,,,,False,False,东亚,adjusted_only_single_study
Streptococcus_mitis,0.34579802345637506,0.2142714098180198,0.9627015207568337,obese_enriched,2.217,,,,,,False,False,东亚,adjusted_only_single_study
Streptococcus_oralis,0.058851379408893345,0.7985307216847312,0.97856776668704,obese_enriched,1.145,,,,,,False,False,东亚,adjusted_only_single_study
Streptococcus_parasanguinis,0.39976469563667993,0.25998873343515333,0.9636122584369875,obese_enriched,2.511,,,,,,False,False,东亚,adjusted_only_single_study
Streptococcus_salivarius,-0.009152663777066278,0.9781381691750035,0.9981963651823025,lean_enriched,0.979,,,,,,False,False,东亚,adjusted_only_single_study
Streptococcus_sanguinis,-0.15226042260102535,0.48967928583763876,0.9718145056713373,lean_enriched,0.704,,,,,,False,False,东亚,adjusted_only_single_study
Streptococcus_sinensis,-0.03838294085626259,0.7185021470904744,0.97856776668704,lean_enriched,0.915,,,,,,False,False,东亚,adjusted_only_single_study
Streptococcus_sp_A12,-0.04905299279999009,0.6028097759047457,0.97856776668704,lean_enriched,0.893,,,,,,False,False,东亚,adjusted_only_single_study
Streptococcus_sp_F0442,0.0426555154729773,0.6208045263133255,0.97856776668704,obese_enriched,1.103,,,,,,False,False,东亚,adjusted_only_single_study
Streptococcus_vestibularis,-0.06129298493396823,0.7582713281095574,0.97856776668704,lean_enriched,0.868,,,,,,False,False,东亚,adjusted_only_single_study
Catabacter_hongkongensis,-0.021236832346783863,0.9342608492364274,0.9981963651823025,lean_enriched,0.952,,,,,,False,False,东亚,adjusted_only_single_study
Christensenella_minuta,-0.17977748983701958,0.27691613313752833,0.9636122584369875,lean_enriched,0.661,,,,,,False,False,东亚,adjusted_only_single_study
Clostridium_bolteae_CAG_59,-0.455034275655013,0.23868632746037197,0.9627015207568337,lean_enriched,0.351,,,,,,False,False,东亚,adjusted_only_single_study
Clostridium_celatum,0.22116133966624074,0.2078033604857631,0.9627015207568337,obese_enriched,1.664,,,,,,False,False,东亚,adjusted_only_single_study
Clostridium_disporicum,0.4730225628251076,0.1464856958804353,0.9627015207568337,obese_enriched,2.972,,,,,,False,False,东亚,adjusted_only_single_study
Clostridium_sp_CAG_242,-0.16247232202435258,0.6900170260531535,0.97856776668704,lean_enriched,0.688,,,,,,False,False,东亚,adjusted_only_single_study
Clostridium_sp_CAG_299,0.4309384503729515,0.37400009730478156,0.9718145056713373,obese_enriched,2.697,,,,,,False,False,东亚,adjusted_only_single_study
Clostridium_sp_CAG_58,-0.5877854578225372,0.2379935103934142,0.9627015207568337,lean_enriched,0.258,,,,,,False,False,东亚,adjusted_only_single_study
Hungatella_hathewayi,-0.3202525053567805,0.4212463685529618,0.9718145056713373,lean_enriched,0.478,,,,,,False,False,东亚,adjusted_only_single_study
Lactonifactor_longoviformis,-0.008640458105582671,0.9715830582213172,0.9981963651823025,lean_enriched,0.98,,,,,,False,False,东亚,adjusted_only_single_study
Eubacterium_brachy,0.17841106546999053,0.3904122696309047,0.9718145056713373,obese_enriched,1.508,,,,,,False,False,东亚,adjusted_only_single_study
Eubacterium_sulci,0.07608642887462513,0.5112561081708256,0.9718145056713373,obese_enriched,1.191,,,,,,False,False,东亚,adjusted_only_single_study
Mogibacterium_diversum,0.15717854074914384,0.3226219307822147,0.9718145056713373,obese_enriched,1.436,,,,,,False,False,东亚,adjusted_only_single_study
Clostridiales_bacterium_1_7_47FAA,-0.1246379603918083,0.16705761366447916,0.9627015207568337,lean_enriched,0.751,,,,,,False,False,东亚,adjusted_only_single_study
Intestinimonas_butyriciproducens,-0.49761348707340514,0.21496421762574594,0.9627015207568337,lean_enriched,0.318,,,,,,False,False,东亚,adjusted_only_single_study
Lawsonibacter_asaccharolyticus,-0.0903857681773651,0.7095129959195421,0.97856776668704,lean_enriched,0.812,,,,,,False,False,东亚,adjusted_only_single_study
Monoglobus_pectinilyticus,-0.13081759583499286,0.4634176786194053,0.9718145056713373,lean_enriched,0.74,,,,,,False,False,东亚,adjusted_only_single_study
Anaerofustis_stercorihominis,0.24777333255370926,0.25111071103298266,0.9636122584369875,obese_enriched,1.769,,,,,,False,False,东亚,adjusted_only_single_study
Eubacterium_callanderi,0.11223825029413192,0.1747098843840369,0.9627015207568337,obese_enriched,1.295,,,,,,False,False,东亚,adjusted_only_single_study
Eubacterium_dolichum_CAG_375,0.25210901615410297,0.19629808093106643,0.9627015207568337,obese_enriched,1.787,,,,,,False,False,东亚,adjusted_only_single_study
Eubacterium_eligens,-0.36391576428425304,0.6379855814748813,0.97856776668704,lean_enriched,0.433,,,,,,False,False,东亚,adjusted_only_single_study
Eubacterium_hallii,-0.537368851278696,0.34572966911687797,0.9718145056713373,lean_enriched,0.29,,,,,,False,False,东亚,adjusted_only_single_study
Eubacterium_limosum,-0.0014342546060329697,0.9898325703754984,0.9981963651823025,lean_enriched,0.997,,,,,,False,False,东亚,adjusted_only_single_study
Eubacterium_ramulus,-0.10965786183948142,0.8418008067172928,0.9854850228668532,lean_enriched,0.777,,,,,,False,False,东亚,adjusted_only_single_study
Eubacterium_sp_CAG_180,0.25902850071321837,0.7180557312680843,0.97856776668704,obese_enriched,1.816,,,,,,False,False,东亚,adjusted_only_single_study
Eubacterium_sp_CAG_251,0.5923157669059527,0.26775752377473655,0.9636122584369875,obese_enriched,3.911,,,,,,False,False,东亚,adjusted_only_single_study
Eubacterium_sp_CAG_274,0.5469166081647667,0.3912538903437103,0.9718145056713373,obese_enriched,3.523,,,,,,False,False,东亚,adjusted_only_single_study
Eubacterium_sp_CAG_38,-1.2879242086664184,0.041579417666882314,0.9627015207568337,lean_enriched,0.052,,,,,,False,False,东亚,adjusted_only_single_study
Eubacterium_sp_OM08_24,-0.05550146070682893,0.8895726873109806,0.9981963651823025,lean_enriched,0.88,,,,,,False,False,东亚,adjusted_only_single_study
Eubacterium_ventriosum,0.7828843292965237,0.204899202041417,0.9627015207568337,obese_enriched,6.066,,,,,,False,False,东亚,adjusted_only_single_study
Anaerostipes_hadrus,0.8816634746278912,0.06699585507411165,0.9627015207568337,obese_enriched,7.615,,,,,,False,False,东亚,adjusted_only_single_study
Anaerotignum_lactatifermentans,-0.23322720043297906,0.39320819733765,0.9718145056713373,lean_enriched,0.584,,,,,,False,False,东亚,adjusted_only_single_study
Blautia_coccoides,-0.23187701584560255,0.5314849732120943,0.9718145056713373,lean_enriched,0.586,,,,,,False,False,东亚,adjusted_only_single_study
Blautia_hansenii,0.25835559251362156,0.3723411703272701,0.9718145056713373,obese_enriched,1.813,,,,,,False,False,东亚,adjusted_only_single_study
Blautia_obeum,0.015431592784633574,0.9805305899645145,0.9981963651823025,obese_enriched,1.036,,,,,,False,False,东亚,adjusted_only_single_study
Blautia_producta,0.16495881614736663,0.5092142214499968,0.9718145056713373,obese_enriched,1.462,,,,,,False,False,东亚,adjusted_only_single_study
Blautia_sp_CAG_257,-0.2715237464301969,0.39174564772346177,0.9718145056713373,lean_enriched,0.535,,,,,,False,False,东亚,adjusted_only_single_study
Blautia_wexlerae,0.7358007527625017,0.11057751771411584,0.9627015207568337,obese_enriched,5.443,,,,,,False,False,东亚,adjusted_only_single_study
Ruminococcus_gnavus,0.6803594728715687,0.27147898147822913,0.9636122584369875,obese_enriched,4.79,,,,,,False,False,东亚,adjusted_only_single_study
Ruminococcus_torques,0.6632666084897382,0.2946582939022193,0.9636122584369875,obese_enriched,4.605,,,,,,False,False,东亚,adjusted_only_single_study
Coprococcus_catus,0.42898998840893576,0.22216969185397778,0.9627015207568337,obese_enriched,2.685,,,,,,False,False,东亚,adjusted_only_single_study
Coprococcus_comes,0.031053851181525205,0.9586351833329034,0.9981963651823025,obese_enriched,1.074,,,,,,False,False,东亚,adjusted_only_single_study
Coprococcus_eutactus,-0.0669523864479109,0.8686297408189863,0.9981963651823025,lean_enriched,0.857,,,,,,False,False,东亚,adjusted_only_single_study
Dorea_formicigenerans,0.008649039335706155,0.9882617650177539,0.9981963651823025,obese_enriched,1.02,,,,,,False,False,东亚,adjusted_only_single_study
Dorea_longicatena,0.46677898079779656,0.44636500229992426,0.9718145056713373,obese_enriched,2.929,,,,,,False,False,东亚,adjusted_only_single_study
Dorea_sp_CAG_317,0.10634073172163871,0.8006463545621236,0.97856776668704,obese_enriched,1.277,,,,,,False,False,东亚,adjusted_only_single_study
Eisenbergiella_massiliensis,-0.45588951699465485,0.2069302116319119,0.9627015207568337,lean_enriched,0.35,,,,,,False,False,东亚,adjusted_only_single_study
Eisenbergiella_tayi,0.06653104762001583,0.8332292964593981,0.9854850228668532,obese_enriched,1.166,,,,,,False,False,东亚,adjusted_only_single_study
Fusicatenibacter_saccharivorans,0.40679591709216045,0.4267766238752191,0.9718145056713373,obese_enriched,2.552,,,,,,False,False,东亚,adjusted_only_single_study
Clostridium_aldenense,-0.6372864452538163,0.0655782884702506,0.9627015207568337,lean_enriched,0.231,,,,,,False,False,东亚,adjusted_only_single_study
Clostridium_asparagiforme,-0.17429729823821138,0.42384079890997695,0.9718145056713373,lean_enriched,0.669,,,,,,False,False,东亚,adjusted_only_single_study
Clostridium_bolteae,-0.2096259849763088,0.645205017447125,0.97856776668704,lean_enriched,0.617,,,,,,False,False,东亚,adjusted_only_single_study
Clostridium_citroniae,-0.5080129662774566,0.15737661441479378,0.9627015207568337,lean_enriched,0.31,,,,,,False,False,东亚,adjusted_only_single_study
Clostridium_clostridioforme,-0.0020969556630103803,0.9957516998085847,0.9981963651823025,lean_enriched,0.995,,,,,,False,False,东亚,adjusted_only_single_study
Clostridium_lavalense,-0.17074001721492238,0.5702481897205889,0.97856776668704,lean_enriched,0.675,,,,,,False,False,东亚,adjusted_only_single_study
Clostridium_saccharolyticum,-0.03882739921861278,0.8157416986683386,0.9832499932322953,lean_enriched,0.914,,,,,,False,False,东亚,adjusted_only_single_study
Clostridium_scindens,0.21171899300986052,0.3576561718758503,0.9718145056713373,obese_enriched,1.628,,,,,,False,False,东亚,adjusted_only_single_study
Clostridium_symbiosum,-0.19393627061078045,0.6547929171080887,0.97856776668704,lean_enriched,0.64,,,,,,False,False,东亚,adjusted_only_single_study
Lachnospira_pectinoschiza,0.9110981183790623,0.22948601327362445,0.9627015207568337,obese_enriched,8.149,,,,,,False,False,东亚,adjusted_only_single_study
Eubacterium_rectale,-0.16902804563298224,0.8390440328020851,0.9854850228668532,lean_enriched,0.678,,,,,,False,False,东亚,adjusted_only_single_study
Murimonas_intestini,0.031228436994717446,0.7339206388810624,0.97856776668704,obese_enriched,1.075,,,,,,False,False,东亚,adjusted_only_single_study
Roseburia_faecis,0.04657763092860684,0.9393178863168822,0.9981963651823025,obese_enriched,1.113,,,,,,False,False,东亚,adjusted_only_single_study
Roseburia_hominis,0.5784952650832883,0.3209284451370126,0.9718145056713373,obese_enriched,3.789,,,,,,False,False,东亚,adjusted_only_single_study
Roseburia_intestinalis,0.4618392375603493,0.44930290869668943,0.9718145056713373,obese_enriched,2.896,,,,,,False,False,东亚,adjusted_only_single_study
Roseburia_inulinivorans,0.775523150025607,0.19815051125642724,0.9627015207568337,obese_enriched,5.964,,,,,,False,False,东亚,adjusted_only_single_study
Roseburia_sp_CAG_303,0.5187668807338992,0.16018822759393636,0.9627015207568337,obese_enriched,3.302,,,,,,False,False,东亚,adjusted_only_single_study
Roseburia_sp_CAG_471,0.2387852131168648,0.1188781681732054,0.9627015207568337,obese_enriched,1.733,,,,,,False,False,东亚,adjusted_only_single_study
Sellimonas_intestinalis,0.6885222340603672,0.04760504271817585,0.9627015207568337,obese_enriched,4.881,,,,,,False,False,东亚,adjusted_only_single_study
Tyzzerella_nexilis,0.4584360836506235,0.28875408862449015,0.9636122584369875,obese_enriched,2.874,,,,,,False,False,东亚,adjusted_only_single_study
Oscillibacter_sp_57_20,-0.7487747455093123,0.18192939936351243,0.9627015207568337,lean_enriched,0.178,,,,,,False,False,东亚,adjusted_only_single_study
Oscillibacter_sp_CAG_241,-0.10939000062487703,0.8166663166929395,0.9832499932322953,lean_enriched,0.777,,,,,,False,False,东亚,adjusted_only_single_study
Intestinibacter_bartlettii,-0.27629882083013413,0.5137135090214753,0.9718145056713373,lean_enriched,0.529,,,,,,False,False,东亚,adjusted_only_single_study
Peptostreptococcus_stomatis,-0.023400432463049237,0.7682742399912744,0.97856776668704,lean_enriched,0.948,,,,,,False,False,东亚,adjusted_only_single_study
Romboutsia_ilealis,-0.23135104866314582,0.2132282409298267,0.9627015207568337,lean_enriched,0.587,,,,,,False,False,东亚,adjusted_only_single_study
Agathobaculum_butyriciproducens,-0.17770337703753153,0.6739805991136941,0.97856776668704,lean_enriched,0.664,,,,,,False,False,东亚,adjusted_only_single_study
Anaeromassilibacillus_sp_An250,0.05823305242407073,0.7591849017994495,0.97856776668704,obese_enriched,1.143,,,,,,False,False,东亚,adjusted_only_single_study
Anaerotruncus_colihominis,-0.11442411369910821,0.7823656598578541,0.97856776668704,lean_enriched,0.768,,,,,,False,False,东亚,adjusted_only_single_study
Faecalibacterium_prausnitzii,0.1930914098934733,0.7423149461523847,0.97856776668704,obese_enriched,1.56,,,,,,False,False,东亚,adjusted_only_single_study
Flavonifractor_plautii,-0.4930596860566952,0.13077313743768443,0.9627015207568337,lean_enriched,0.321,,,,,,False,False,东亚,adjusted_only_single_study
Gemmiger_formicilis,-0.14259664269128766,0.7596731510954307,0.97856776668704,lean_enriched,0.72,,,,,,False,False,东亚,adjusted_only_single_study
Clostridium_leptum,-0.1715135590813901,0.6952688323538927,0.97856776668704,lean_enriched,0.674,,,,,,False,False,东亚,adjusted_only_single_study
Clostridium_methylpentosum,-0.10183124174222846,0.16189507990219726,0.9627015207568337,lean_enriched,0.791,,,,,,False,False,东亚,adjusted_only_single_study
Eubacterium_siraeum,0.1146138834091347,0.35703416844718605,0.9718145056713373,obese_enriched,1.302,,,,,,False,False,东亚,adjusted_only_single_study
Ruminococcaceae_bacterium_D16,0.029152408980412492,0.9183951241473796,0.9981963651823025,obese_enriched,1.069,,,,,,False,False,东亚,adjusted_only_single_study
Ruminococcus_bicirculans,0.4738888085742224,0.4758072991532063,0.9718145056713373,obese_enriched,2.978,,,,,,False,False,东亚,adjusted_only_single_study
Ruminococcus_bromii,0.335385981937918,0.6819499232938995,0.97856776668704,obese_enriched,2.165,,,,,,False,False,东亚,adjusted_only_single_study
Ruminococcus_lactaris,0.4866232828090156,0.45263998957830154,0.9718145056713373,obese_enriched,3.066,,,,,,False,False,东亚,adjusted_only_single_study
Ruthenibacterium_lactatiformans,-0.5153028130567334,0.22302992722987264,0.9627015207568337,lean_enriched,0.305,,,,,,False,False,东亚,adjusted_only_single_study
Absiella_dolichum,0.2622880167832946,0.2107554986763301,0.9627015207568337,obese_enriched,1.829,,,,,,False,False,东亚,adjusted_only_single_study
Candidatus_Stoquefichus_sp_KLE1796,-0.08014571422463435,0.8429561972456142,0.9854850228668532,lean_enriched,0.831,,,,,,False,False,东亚,adjusted_only_single_study
Coprobacillus_cateniformis,-0.23809878322813927,0.4796001936301618,0.9718145056713373,lean_enriched,0.578,,,,,,False,False,东亚,adjusted_only_single_study
Dielma_fastidiosa,-0.3035620866143249,0.29202069864891966,0.9636122584369875,lean_enriched,0.497,,,,,,False,False,东亚,adjusted_only_single_study
Clostridium_innocuum,-0.040299416294859,0.929114024898094,0.9981963651823025,lean_enriched,0.911,,,,,,False,False,东亚,adjusted_only_single_study
Clostridium_spiroforme,-0.23002878734942306,0.4932942182571124,0.9718145056713373,lean_enriched,0.589,,,,,,False,False,东亚,adjusted_only_single_study
Erysipelatoclostridium_ramosum,0.12380546096846512,0.8128815586021142,0.9832499932322953,obese_enriched,1.33,,,,,,False,False,东亚,adjusted_only_single_study
Erysipelothrix_larvae,-0.1341967161365421,0.47125501918189416,0.9718145056713373,lean_enriched,0.734,,,,,,False,False,东亚,adjusted_only_single_study
Faecalicoccus_pleomorphus,-0.3559428693947571,0.056010465350024234,0.9627015207568337,lean_enriched,0.441,,,,,,False,False,东亚,adjusted_only_single_study
Holdemanella_biformis,1.033553322553898,0.07594121740593929,0.9627015207568337,obese_enriched,10.803,,,,,,False,False,东亚,adjusted_only_single_study
Holdemania_filiformis,-0.41687507874618385,0.21755597378289335,0.9627015207568337,lean_enriched,0.383,,,,,,False,False,东亚,adjusted_only_single_study
Solobacterium_moorei,-0.05083855443679852,0.5158591834835484,0.9718145056713373,lean_enriched,0.89,,,,,,False,False,东亚,adjusted_only_single_study
Turicibacter_sanguinis,-0.021675778086965747,0.9121391777471446,0.9981963651823025,lean_enriched,0.951,,,,,,False,False,东亚,adjusted_only_single_study
Firmicutes_bacterium_CAG_110,-0.21008333893356052,0.5643233028560977,0.97856776668704,lean_enriched,0.616,,,,,,False,False,东亚,adjusted_only_single_study
Firmicutes_bacterium_CAG_145,-0.08425209964516411,0.6628116737267413,0.97856776668704,lean_enriched,0.824,,,,,,False,False,东亚,adjusted_only_single_study
Firmicutes_bacterium_CAG_83,-0.5256986719352295,0.32120958151377055,0.9718145056713373,lean_enriched,0.298,,,,,,False,False,东亚,adjusted_only_single_study
Acidaminococcus_intestini,-0.6143269606038625,0.14183604008999576,0.9627015207568337,lean_enriched,0.243,,,,,,False,False,东亚,adjusted_only_single_study
Acidaminococcus_sp_CAG_542,0.23419679910565805,0.42531024511647064,0.9718145056713373,obese_enriched,1.715,,,,,,False,False,东亚,adjusted_only_single_study
Phascolarctobacterium_faecium,0.31466871334392793,0.546143689137611,0.9718145056713373,obese_enriched,2.064,,,,,,False,False,东亚,adjusted_only_single_study
Phascolarctobacterium_sp_CAG_266,-0.0012060323474014367,0.9981963651823025,0.9981963651823025,lean_enriched,0.997,,,,,,False,False,东亚,adjusted_only_single_study
Phascolarctobacterium_succinatutens,-0.06959483930626034,0.8962690213564655,0.9981963651823025,lean_enriched,0.852,,,,,,False,False,东亚,adjusted_only_single_study
Megamonas_funiformis,-0.292114846275673,0.6557011619601195,0.97856776668704,lean_enriched,0.51,,,,,,False,False,东亚,adjusted_only_single_study
Megamonas_hypermegale,-0.258150169268673,0.6484651368429306,0.97856776668704,lean_enriched,0.552,,,,,,False,False,东亚,adjusted_only_single_study
Allisonella_histaminiformans,-0.12340601263937945,0.6188020430939895,0.97856776668704,lean_enriched,0.753,,,,,,False,False,东亚,adjusted_only_single_study
Dialister_sp_CAG_357,0.030595719599529225,0.9664749887428784,0.9981963651823025,obese_enriched,1.073,,,,,,False,False,东亚,adjusted_only_single_study
Megasphaera_elsdenii,0.20407499755830352,0.7148107891095321,0.97856776668704,obese_enriched,1.6,,,,,,False,False,东亚,adjusted_only_single_study
Megasphaera_micronuciformis,-0.17735514374613176,0.341634228290014,0.9718145056713373,lean_enriched,0.665,,,,,,False,False,东亚,adjusted_only_single_study
Veillonella_atypica,0.1189135453276422,0.7746637166318125,0.97856776668704,obese_enriched,1.315,,,,,,False,False,东亚,adjusted_only_single_study
Veillonella_dispar,0.3982735872033183,0.24549444113622573,0.9636122584369875,obese_enriched,2.502,,,,,,False,False,东亚,adjusted_only_single_study
Veillonella_infantium,0.18103621024556404,0.5406329559989552,0.9718145056713373,obese_enriched,1.517,,,,,,False,False,东亚,adjusted_only_single_study
Veillonella_parvula,-0.3883629689541275,0.5217596630622392,0.9718145056713373,lean_enriched,0.409,,,,,,False,False,东亚,adjusted_only_single_study
Veillonella_rogosae,-0.03790345481927815,0.8313369262778256,0.9854850228668532,lean_enriched,0.916,,,,,,False,False,东亚,adjusted_only_single_study
Veillonella_sp_T11011_6,0.3252843470390404,0.2621272959387139,0.9636122584369875,obese_enriched,2.115,,,,,,False,False,东亚,adjusted_only_single_study
Veillonella_tobetsuensis,-0.19649003165504153,0.32992324578537946,0.9718145056713373,lean_enriched,0.636,,,,,,False,False,东亚,adjusted_only_single_study
Parvimonas_micra,0.12793092357894575,0.5863092392157718,0.97856776668704,obese_enriched,1.343,,,,,,False,False,东亚,adjusted_only_single_study
Fusobacterium_mortiferum,-0.1579755177191891,0.7602491055300555,0.97856776668704,lean_enriched,0.695,,,,,,False,False,东亚,adjusted_only_single_study
Fusobacterium_nucleatum,0.08683974488394175,0.6788791691526124,0.97856776668704,obese_enriched,1.221,,,,,,False,False,东亚,adjusted_only_single_study
Fusobacterium_ulcerans,0.11296486787033144,0.7522356720508939,0.97856776668704,obese_enriched,1.297,,,,,,False,False,东亚,adjusted_only_single_study
Fusobacterium_varium,0.13419778873698474,0.6156643357065261,0.97856776668704,obese_enriched,1.362,,,,,,False,False,东亚,adjusted_only_single_study
Oxalobacter_formigenes,-0.33539955507691077,0.3086362873058293,0.9718145056713373,lean_enriched,0.462,,,,,,False,False,东亚,adjusted_only_single_study
Parasutterella_excrementihominis,-0.1523148161104394,0.7326173159231522,0.97856776668704,lean_enriched,0.704,,,,,,False,False,东亚,adjusted_only_single_study
Turicimonas_muris,-0.1394858326386893,0.5021077658830843,0.9718145056713373,lean_enriched,0.725,,,,,,False,False,东亚,adjusted_only_single_study
Bilophila_wadsworthia,-0.3277130062570698,0.39976318650204,0.9718145056713373,lean_enriched,0.47,,,,,,False,False,东亚,adjusted_only_single_study
Desulfovibrio_piger,-0.057796277163874143,0.8512225119063219,0.9868664560366461,lean_enriched,0.875,,,,,,False,False,东亚,adjusted_only_single_study
Succinatimonas_hippei,-0.3110233896975504,0.2939813075905499,0.9636122584369875,lean_enriched,0.489,,,,,,False,False,东亚,adjusted_only_single_study
Citrobacter_freundii,-0.11930286702509862,0.6432549757932888,0.97856776668704,lean_enriched,0.76,,,,,,False,False,东亚,adjusted_only_single_study
Citrobacter_portucalensis,-0.03927439834810642,0.707313591439469,0.97856776668704,lean_enriched,0.914,,,,,,False,False,东亚,adjusted_only_single_study
Citrobacter_youngae,-0.10747991648469257,0.5970621594084107,0.97856776668704,lean_enriched,0.781,,,,,,False,False,东亚,adjusted_only_single_study
Enterobacter_cloacae_complex,-0.5355691040500954,0.14577439472916875,0.9627015207568337,lean_enriched,0.291,,,,,,False,False,东亚,adjusted_only_single_study
Escherichia_coli,-0.3986513159232271,0.39679708065081476,0.9718145056713373,lean_enriched,0.399,,,,,,False,False,东亚,adjusted_only_single_study
Klebsiella_pneumoniae,-0.07487415699100664,0.8860903072622555,0.9981963651823025,lean_enriched,0.842,,,,,,False,False,东亚,adjusted_only_single_study
Klebsiella_quasipneumoniae,-0.3283485562631322,0.4024543534138123,0.9718145056713373,lean_enriched,0.47,,,,,,False,False,东亚,adjusted_only_single_study
Klebsiella_variicola,-0.15501828556991437,0.7195900979567948,0.97856776668704,lean_enriched,0.7,,,,,,False,False,东亚,adjusted_only_single_study
Haemophilus_parainfluenzae,-0.27835518836776807,0.4532425703244565,0.9718145056713373,lean_enriched,0.527,,,,,,False,False,东亚,adjusted_only_single_study
Haemophilus_sp_HMSC71H05,-0.22789996895416947,0.2716608362234112,0.9636122584369875,lean_enriched,0.592,,,,,,False,False,东亚,adjusted_only_single_study
Haemophilus_sputorum,-0.17751592575446878,0.32326491959263426,0.9718145056713373,lean_enriched,0.664,,,,,,False,False,东亚,adjusted_only_single_study
Proteobacteria_bacterium_CAG_139,-0.12153727885267285,0.6092453608207218,0.97856776668704,lean_enriched,0.756,,,,,,False,False,东亚,adjusted_only_single_study
Cloacibacillus_porcorum,0.07289282311761613,0.7962776898775143,0.97856776668704,obese_enriched,1.183,,,,,,False,False,东亚,adjusted_only_single_study
Fretibacterium_fastidiosum,-0.05958223881892566,0.18516219250276705,0.9627015207568337,lean_enriched,0.872,,,,,,False,False,东亚,adjusted_only_single_study
Pyramidobacter_piscolens,-0.1436370234484231,0.6359057914848971,0.97856776668704,lean_enriched,0.718,,,,,,False,False,东亚,adjusted_only_single_study
Pyramidobacter_sp_C12_8,-0.057744991827818226,0.5390977647877064,0.9718145056713373,lean_enriched,0.875,,,,,,False,False,东亚,adjusted_only_single_study
Akkermansia_muciniphila,-0.05138719854235685,0.8919048700015263,0.9981963651823025,lean_enriched,0.888,,,,,,False,False,东亚,adjusted_only_single_study
Methanobrevibacter_smithii,0.15793623137588642,0.6722786120343691,0.9637876921276665,obese_enriched,1.439,,,,,,False,False,非洲,adjusted_only_single_study
Bifidobacterium_adolescentis,0.9439539158887117,0.08898347180594439,0.7881982358118774,obese_enriched,8.789,,,,,,False,False,非洲,adjusted_only_single_study
Bifidobacterium_pseudocatenulatum,-0.15595059381582277,0.6743452486199917,0.9637876921276665,lean_enriched,0.698,,,,,,False,False,非洲,adjusted_only_single_study
Rothia_mucilaginosa,0.21370551845330588,0.36517909086964817,0.884741845405315,obese_enriched,1.636,,,,,,False,False,非洲,adjusted_only_single_study
Collinsella_aerofaciens,-0.1099486620848466,0.6766882391937683,0.9637876921276665,lean_enriched,0.776,,,,,,False,False,非洲,adjusted_only_single_study
Slackia_isoflavoniconvertens,0.02071926779620792,0.9606136810660025,0.998209427570346,obese_enriched,1.049,,,,,,False,False,非洲,adjusted_only_single_study
Bacteroides_caccae,-0.2871662182572535,0.5613787682941223,0.9637876921276665,lean_enriched,0.516,,,,,,False,False,非洲,adjusted_only_single_study
Bacteroides_cellulosilyticus,-0.1960583126093996,0.6659995871677971,0.9637876921276665,lean_enriched,0.637,,,,,,False,False,非洲,adjusted_only_single_study
Bacteroides_dorei,-0.9798233058862164,0.05588514384806749,0.7881982358118774,lean_enriched,0.105,,,,,,False,False,非洲,adjusted_only_single_study
Bacteroides_fragilis,0.15030717235918356,0.8263430442307786,0.9720980488595874,obese_enriched,1.414,,,,,,False,False,非洲,adjusted_only_single_study
Bacteroides_intestinalis,-0.4114374901216823,0.179875428232807,0.7881982358118774,lean_enriched,0.388,,,,,,False,False,非洲,adjusted_only_single_study
Bacteroides_massiliensis,-0.0035087675596854884,0.9880032952216111,0.998209427570346,lean_enriched,0.992,,,,,,False,False,非洲,adjusted_only_single_study
Bacteroides_ovatus,-0.37017341684688065,0.3536199748620097,0.884741845405315,lean_enriched,0.426,,,,,,False,False,非洲,adjusted_only_single_study
Bacteroides_sp_CAG_530,0.6490125037494993,0.2831713113377609,0.8623853572559083,obese_enriched,4.457,,,,,,False,False,非洲,adjusted_only_single_study
Bacteroides_stercoris,-0.2721116484639192,0.37594858180843527,0.884741845405315,lean_enriched,0.534,,,,,,False,False,非洲,adjusted_only_single_study
Bacteroides_thetaiotaomicron,-0.3914907862702535,0.5508741857601458,0.9637876921276665,lean_enriched,0.406,,,,,,False,False,非洲,adjusted_only_single_study
Bacteroides_uniformis,-0.5517761434652464,0.4095696605540017,0.9078790188684496,lean_enriched,0.281,,,,,,False,False,非洲,adjusted_only_single_study
Bacteroides_vulgatus,-0.2260703156840428,0.7264369918275695,0.9637876921276665,lean_enriched,0.594,,,,,,False,False,非洲,adjusted_only_single_study
Bacteroides_xylanisolvens,-0.29958455792567995,0.5355799324411195,0.9637876921276665,lean_enriched,0.502,,,,,,False,False,非洲,adjusted_only_single_study
Barnesiella_intestinihominis,0.0007042750499437478,0.9982094275703461,0.998209427570346,obese_enriched,1.002,,,,,,False,False,非洲,adjusted_only_single_study
Butyricimonas_virosa,-0.3812532812784333,0.13902478878057833,0.7881982358118774,lean_enriched,0.416,,,,,,False,False,非洲,adjusted_only_single_study
Odoribacter_splanchnicus,-0.32293945913417116,0.6378306486971363,0.9637876921276665,lean_enriched,0.475,,,,,,False,False,非洲,adjusted_only_single_study
Paraprevotella_clara,-0.5517374448321806,0.14615304083312558,0.7881982358118774,lean_enriched,0.281,,,,,,False,False,非洲,adjusted_only_single_study
Paraprevotella_xylaniphila,-0.6111552839444181,0.19842278143980166,0.7881982358118774,lean_enriched,0.245,,,,,,False,False,非洲,adjusted_only_single_study
Prevotella_bivia,-0.3110485558915129,0.16171972188312897,0.7881982358118774,lean_enriched,0.489,,,,,,False,False,非洲,adjusted_only_single_study
Prevotella_copri,0.1921574388235826,0.7787327264190276,0.9662054198162009,obese_enriched,1.557,,,,,,False,False,非洲,adjusted_only_single_study
Prevotella_sp_885,0.32595905774465683,0.6888893827167619,0.9637876921276665,obese_enriched,2.118,,,,,,False,False,非洲,adjusted_only_single_study
Prevotella_sp_AM42_24,1.124374082646745,0.1003336374568056,0.7881982358118774,obese_enriched,13.316,,,,,,False,False,非洲,adjusted_only_single_study
Prevotella_sp_CAG_1092,0.009184574244126609,0.9895631327026703,0.998209427570346,obese_enriched,1.021,,,,,,False,False,非洲,adjusted_only_single_study
Prevotella_sp_CAG_279,0.886482140889167,0.17719778930604702,0.7881982358118774,obese_enriched,7.7,,,,,,False,False,非洲,adjusted_only_single_study
Prevotella_sp_CAG_520,-0.2949031392375541,0.7200191671369227,0.9637876921276665,lean_enriched,0.507,,,,,,False,False,非洲,adjusted_only_single_study
Prevotella_sp_CAG_5226,0.7142645215659111,0.381769452499919,0.884741845405315,obese_enriched,5.179,,,,,,False,False,非洲,adjusted_only_single_study
Prevotella_stercorea,0.3562531911491465,0.6060506067271196,0.9637876921276665,obese_enriched,2.271,,,,,,False,False,非洲,adjusted_only_single_study
Alistipes_indistinctus,-0.04998467421352448,0.8023254948867994,0.9685731199534334,lean_enriched,0.891,,,,,,False,False,非洲,adjusted_only_single_study
Alistipes_putredinis,-0.05766372113824514,0.9104345550113029,0.9918555314757282,lean_enriched,0.876,,,,,,False,False,非洲,adjusted_only_single_study
Alistipes_shahii,-0.0014408174876593405,0.9978491094057221,0.998209427570346,lean_enriched,0.997,,,,,,False,False,非洲,adjusted_only_single_study
Parabacteroides_distasonis,-0.1069708307808005,0.8600983935244518,0.9826144770775875,lean_enriched,0.782,,,,,,False,False,非洲,adjusted_only_single_study
Parabacteroides_merdae,-0.09820391009822055,0.7679075382323723,0.9662054198162009,lean_enriched,0.798,,,,,,False,False,非洲,adjusted_only_single_study
Candidatus_Gastranaerophilales_bacterium_HUM_9,-0.011461539822412492,0.9792929831738553,0.998209427570346,lean_enriched,0.974,,,,,,False,False,非洲,adjusted_only_single_study
Lactobacillus_fermentum,0.004777885189390263,0.9881449754124978,0.998209427570346,obese_enriched,1.011,,,,,,False,False,非洲,adjusted_only_single_study
Lactobacillus_mucosae,0.37347565758201695,0.20587267353295305,0.7881982358118774,obese_enriched,2.363,,,,,,False,False,非洲,adjusted_only_single_study
Lactobacillus_rogosae,-0.2480682366235637,0.1766426871972178,0.7881982358118774,lean_enriched,0.565,,,,,,False,False,非洲,adjusted_only_single_study
Lactobacillus_ruminis,0.6780596130413947,0.15584326223971137,0.7881982358118774,obese_enriched,4.765,,,,,,False,False,非洲,adjusted_only_single_study
Weissella_confusa,-0.07898413367966672,0.698173434342531,0.9637876921276665,lean_enriched,0.834,,,,,,False,False,非洲,adjusted_only_single_study
Streptococcus_anginosus_group,0.03702326950163948,0.795236089562331,0.9685731199534334,obese_enriched,1.089,,,,,,False,False,非洲,adjusted_only_single_study
Streptococcus_parasanguinis,0.07984625340128562,0.872620319195768,0.9826144770775875,obese_enriched,1.202,,,,,,False,False,非洲,adjusted_only_single_study
Streptococcus_salivarius,-0.6752537076275127,0.21996845729669412,0.7909913222729456,lean_enriched,0.211,,,,,,False,False,非洲,adjusted_only_single_study
Clostridium_sp_CAG_167,-0.2500975831140281,0.5521484802785528,0.9637876921276665,lean_enriched,0.562,,,,,,False,False,非洲,adjusted_only_single_study
Clostridium_sp_CAG_253,-0.5801913216262965,0.2051470276090715,0.7881982358118774,lean_enriched,0.263,,,,,,False,False,非洲,adjusted_only_single_study
Clostridium_sp_CAG_411,-0.498861387760417,0.15667341641988883,0.7881982358118774,lean_enriched,0.317,,,,,,False,False,非洲,adjusted_only_single_study
Clostridium_sp_CAG_413,0.00209034117729201,0.9970826941178511,0.998209427570346,obese_enriched,1.005,,,,,,False,False,非洲,adjusted_only_single_study
Clostridium_sp_CAG_510,-0.786041446140676,0.19863212913443673,0.7881982358118774,lean_enriched,0.164,,,,,,False,False,非洲,adjusted_only_single_study
Clostridium_sp_CAG_590,-0.582039587441705,0.3206121333239753,0.884741845405315,lean_enriched,0.262,,,,,,False,False,非洲,adjusted_only_single_study
Clostridium_sp_CAG_632,-0.43611972406586536,0.4303983226705649,0.915450400600884,lean_enriched,0.366,,,,,,False,False,非洲,adjusted_only_single_study
Bacteroides_pectinophilus,-0.3562555787519898,0.3002973303854705,0.8747791798185445,lean_enriched,0.44,,,,,,False,False,非洲,adjusted_only_single_study
Eubacterium_eligens,-0.38680702278368984,0.3895505140217431,0.884741845405315,lean_enriched,0.41,,,,,,False,False,非洲,adjusted_only_single_study
Eubacterium_hallii,0.19193831941136263,0.628760724268856,0.9637876921276665,obese_enriched,1.556,,,,,,False,False,非洲,adjusted_only_single_study
Eubacterium_ramulus,-0.12705010730252564,0.7443899475612366,0.9662054198162009,lean_enriched,0.746,,,,,,False,False,非洲,adjusted_only_single_study
Eubacterium_sp_CAG_180,-0.4916442714784668,0.449781152790669,0.9417292886554632,lean_enriched,0.322,,,,,,False,False,非洲,adjusted_only_single_study
Eubacterium_sp_CAG_251,0.5656413734203452,0.29964732250544585,0.8747791798185445,obese_enriched,3.678,,,,,,False,False,非洲,adjusted_only_single_study
Eubacterium_sp_CAG_38,-0.225341167289417,0.6613449108740328,0.9637876921276665,lean_enriched,0.595,,,,,,False,False,非洲,adjusted_only_single_study
Eubacterium_sp_OM08_24,-0.27114835661488457,0.6594831995981778,0.9637876921276665,lean_enriched,0.536,,,,,,False,False,非洲,adjusted_only_single_study
Anaerostipes_hadrus,0.14536359851542646,0.7187291127216144,0.9637876921276665,obese_enriched,1.398,,,,,,False,False,非洲,adjusted_only_single_study
Blautia_obeum,0.20643550617543638,0.64945206657172,0.9637876921276665,obese_enriched,1.609,,,,,,False,False,非洲,adjusted_only_single_study
Blautia_wexlerae,-0.5375670447068415,0.26274186529296367,0.8281640746359642,lean_enriched,0.29,,,,,,False,False,非洲,adjusted_only_single_study
Ruminococcus_gnavus,0.3332205721270457,0.47263219780306653,0.9452643956061331,obese_enriched,2.154,,,,,,False,False,非洲,adjusted_only_single_study
Ruminococcus_torques,-0.42390486684620776,0.3657684895796177,0.884741845405315,lean_enriched,0.377,,,,,,False,False,非洲,adjusted_only_single_study
Butyrivibrio_crossotus,-0.29409842592773006,0.6982123809794913,0.9637876921276665,lean_enriched,0.508,,,,,,False,False,非洲,adjusted_only_single_study
Butyrivibrio_sp_CAG_318,-1.241204084168813,0.04002169690884024,0.7881982358118774,lean_enriched,0.057,,,,,,False,False,非洲,adjusted_only_single_study
Coprococcus_catus,-0.260658118425383,0.5231812514025945,0.9637876921276665,lean_enriched,0.549,,,,,,False,False,非洲,adjusted_only_single_study
Coprococcus_comes,-0.09091789391623584,0.7991417460737891,0.9685731199534334,lean_enriched,0.811,,,,,,False,False,非洲,adjusted_only_single_study
Coprococcus_eutactus,0.008958466807715448,0.9900445357280918,0.998209427570346,obese_enriched,1.021,,,,,,False,False,非洲,adjusted_only_single_study
Dorea_formicigenerans,-0.21451859366744186,0.5617896048340573,0.9637876921276665,lean_enriched,0.61,,,,,,False,False,非洲,adjusted_only_single_study
Dorea_longicatena,-0.3224752524095545,0.4200634266406259,0.9078790188684496,lean_enriched,0.476,,,,,,False,False,非洲,adjusted_only_single_study
Fusicatenibacter_saccharivorans,-1.0735476701173183,0.013814029137879127,0.6170266348252677,lean_enriched,0.084,,,,,,False,False,非洲,adjusted_only_single_study
Clostridium_symbiosum,0.0812155530160179,0.7786811295850898,0.9662054198162009,obese_enriched,1.206,,,,,,False,False,非洲,adjusted_only_single_study
Lachnospira_pectinoschiza,0.26137873280350976,0.6142822055993536,0.9637876921276665,obese_enriched,1.825,,,,,,False,False,非洲,adjusted_only_single_study
Eubacterium_rectale,-0.2389128315601265,0.6880883301488796,0.9637876921276665,lean_enriched,0.577,,,,,,False,False,非洲,adjusted_only_single_study
Roseburia_faecis,0.09969172017789969,0.8615046606845356,0.9826144770775875,obese_enriched,1.258,,,,,,False,False,非洲,adjusted_only_single_study
Roseburia_hominis,-0.20435298214038694,0.6767966233798253,0.9637876921276665,lean_enriched,0.625,,,,,,False,False,非洲,adjusted_only_single_study
Roseburia_intestinalis,-0.2859504596330249,0.5130942582781937,0.9637876921276665,lean_enriched,0.518,,,,,,False,False,非洲,adjusted_only_single_study
Roseburia_inulinivorans,0.14552749017950412,0.735983872845688,0.9662054198162009,obese_enriched,1.398,,,,,,False,False,非洲,adjusted_only_single_study
Roseburia_sp_831b,-0.32513766635142805,0.2215304127000593,0.7909913222729456,lean_enriched,0.473,,,,,,False,False,非洲,adjusted_only_single_study
Roseburia_sp_CAG_182,0.7852884180986206,0.14918045307066138,0.7881982358118774,obese_enriched,6.099,,,,,,False,False,非洲,adjusted_only_single_study
Roseburia_sp_CAG_303,-0.3702057476662318,0.10630091848078725,0.7881982358118774,lean_enriched,0.426,,,,,,False,False,非洲,adjusted_only_single_study
Roseburia_sp_CAG_309,0.2547816563445243,0.41445879939026353,0.9078790188684496,obese_enriched,1.798,,,,,,False,False,非洲,adjusted_only_single_study
Roseburia_sp_CAG_471,0.06373597604217385,0.8690714796050133,0.9826144770775875,obese_enriched,1.158,,,,,,False,False,非洲,adjusted_only_single_study
Oscillibacter_sp_57_20,-0.6031366808144898,0.12542075238997957,0.7881982358118774,lean_enriched,0.249,,,,,,False,False,非洲,adjusted_only_single_study
Oscillibacter_sp_CAG_241,-0.4423895258910582,0.3468473343587122,0.884741845405315,lean_enriched,0.361,,,,,,False,False,非洲,adjusted_only_single_study
Agathobaculum_butyriciproducens,0.003551964781357997,0.9934348385118013,0.998209427570346,obese_enriched,1.008,,,,,,False,False,非洲,adjusted_only_single_study
Anaerotruncus_sp_CAG_528,0.07698684071220918,0.7538986151804415,0.9662054198162009,obese_enriched,1.194,,,,,,False,False,非洲,adjusted_only_single_study
Faecalibacterium_prausnitzii,-0.3929872429962405,0.009324418213733397,0.6170266348252677,lean_enriched,0.405,,,,,,False,False,非洲,adjusted_only_single_study
Gemmiger_formicilis,-0.8207582741062904,0.01226050081030961,0.6170266348252677,lean_enriched,0.151,,,,,,False,False,非洲,adjusted_only_single_study
Eubacterium_siraeum,0.8542733637186894,0.24201973293425944,0.7909913222729456,obese_enriched,7.149,,,,,,False,False,非洲,adjusted_only_single_study
Ruminococcus_bicirculans,0.38129971142872887,0.38513533017646284,0.884741845405315,obese_enriched,2.406,,,,,,False,False,非洲,adjusted_only_single_study
Ruminococcus_bromii,0.5164359328324867,0.46755017259515963,0.9452643956061331,obese_enriched,3.284,,,,,,False,False,非洲,adjusted_only_single_study
Ruminococcus_lactaris,-0.7620364229001435,0.1573291107277393,0.7881982358118774,lean_enriched,0.173,,,,,,False,False,非洲,adjusted_only_single_study
Ruminococcus_sp_CAG_330,0.013323086536853213,0.9743834085214086,0.998209427570346,obese_enriched,1.031,,,,,,False,False,非洲,adjusted_only_single_study
Ruminococcus_sp_CAG_488,-0.9289957988246731,0.14115572681426572,0.7881982358118774,lean_enriched,0.118,,,,,,False,False,非洲,adjusted_only_single_study
Ruminococcus_sp_CAG_579,-0.11972837333811226,0.7149924673856026,0.9637876921276665,lean_enriched,0.759,,,,,,False,False,非洲,adjusted_only_single_study
Ruthenibacterium_lactatiformans,0.10603601388196149,0.6970571826432548,0.9637876921276665,obese_enriched,1.277,,,,,,False,False,非洲,adjusted_only_single_study
Catenibacterium_mitsuokai,0.059598460094086425,0.8981401259663515,0.9918555314757282,obese_enriched,1.147,,,,,,False,False,非洲,adjusted_only_single_study
Holdemanella_biformis,-0.09586559270807427,0.8466806735756931,0.9826144770775875,lean_enriched,0.802,,,,,,False,False,非洲,adjusted_only_single_study
Firmicutes_bacterium_CAG_110,-1.1888007517647217,0.033824963441880365,0.7881982358118774,lean_enriched,0.065,,,,,,False,False,非洲,adjusted_only_single_study
Firmicutes_bacterium_CAG_170,-0.5099966453701678,0.34168393764726757,0.884741845405315,lean_enriched,0.309,,,,,,False,False,非洲,adjusted_only_single_study
Firmicutes_bacterium_CAG_238,0.07164825828763532,0.8254504730526727,0.9720980488595874,obese_enriched,1.179,,,,,,False,False,非洲,adjusted_only_single_study
Firmicutes_bacterium_CAG_534,-0.668175262738618,0.09335552711317747,0.7881982358118774,lean_enriched,0.215,,,,,,False,False,非洲,adjusted_only_single_study
Firmicutes_bacterium_CAG_791,0.7916761460748388,0.15316093976815148,0.7881982358118774,obese_enriched,6.19,,,,,,False,False,非洲,adjusted_only_single_study
Firmicutes_bacterium_CAG_83,-0.11580816550247919,0.7688866988157727,0.9662054198162009,lean_enriched,0.766,,,,,,False,False,非洲,adjusted_only_single_study
Firmicutes_bacterium_CAG_95,-0.5242040622109441,0.3077167180573671,0.8773200046741957,lean_enriched,0.299,,,,,,False,False,非洲,adjusted_only_single_study
Phascolarctobacterium_succinatutens,-0.30701787484391896,0.6890573583947766,0.9637876921276665,lean_enriched,0.493,,,,,,False,False,非洲,adjusted_only_single_study
Mitsuokella_multacida,-1.1134548205717651,0.03193619323424817,0.7881982358118774,lean_enriched,0.077,,,,,,False,False,非洲,adjusted_only_single_study
Veillonella_atypica,0.037789864066027024,0.910249018944933,0.9918555314757282,obese_enriched,1.091,,,,,,False,False,非洲,adjusted_only_single_study
Veillonella_dispar,0.7011474862917104,0.06756321847457217,0.7881982358118774,obese_enriched,5.025,,,,,,False,False,非洲,adjusted_only_single_study
Veillonella_infantium,0.30265496382745705,0.23819489198642807,0.7909913222729456,obese_enriched,2.007,,,,,,False,False,非洲,adjusted_only_single_study
Veillonella_parvula,-0.13625257666722512,0.7174543087999963,0.9637876921276665,lean_enriched,0.731,,,,,,False,False,非洲,adjusted_only_single_study
Veillonella_sp_T11011_6,0.3858426266419617,0.3859866164185668,0.884741845405315,obese_enriched,2.431,,,,,,False,False,非洲,adjusted_only_single_study
Victivallis_vadensis,-0.1739532828485365,0.6189855485875644,0.9637876921276665,lean_enriched,0.67,,,,,,False,False,非洲,adjusted_only_single_study
Comamonas_kerstersii,-0.42417584555699217,0.33517401466819075,0.884741845405315,lean_enriched,0.377,,,,,,False,False,非洲,adjusted_only_single_study
Parasutterella_excrementihominis,0.3011683303844699,0.23437810738286996,0.7909913222729456,obese_enriched,2.001,,,,,,False,False,非洲,adjusted_only_single_study
Bilophila_wadsworthia,-0.3465194617779084,0.2657541433533318,0.8281640746359642,lean_enriched,0.45,,,,,,False,False,非洲,adjusted_only_single_study
Desulfovibrio_piger,0.3717696747226389,0.49799839161846404,0.9637876921276665,obese_enriched,2.354,,,,,,False,False,非洲,adjusted_only_single_study
Anaerobiospirillum_thomasii,-0.5625021838793738,0.04670004142499344,0.7881982358118774,lean_enriched,0.274,,,,,,False,False,非洲,adjusted_only_single_study
Citrobacter_youngae,-0.25826168040470143,0.14344616154125772,0.7881982358118774,lean_enriched,0.552,,,,,,False,False,非洲,adjusted_only_single_study
Enterobacter_cloacae_complex,-0.275500774468456,0.16368467992574043,0.7881982358118774,lean_enriched,0.53,,,,,,False,False,非洲,adjusted_only_single_study
Escherichia_coli,-0.5769004256649967,0.14791535103436898,0.7881982358118774,lean_enriched,0.265,,,,,,False,False,非洲,adjusted_only_single_study
Klebsiella_pneumoniae,-0.4262063073353262,0.46732429706799794,0.9452643956061331,lean_enriched,0.375,,,,,,False,False,非洲,adjusted_only_single_study
Klebsiella_quasipneumoniae,0.06104495921431674,0.8823535609918796,0.9852948097742655,obese_enriched,1.151,,,,,,False,False,非洲,adjusted_only_single_study
Klebsiella_variicola,-0.38941085044656343,0.5044029760194123,0.9637876921276665,lean_enriched,0.408,,,,,,False,False,非洲,adjusted_only_single_study
Haemophilus_parainfluenzae,-0.7867904515470083,0.0648862798875771,0.7881982358118774,lean_enriched,0.163,,,,,,False,False,非洲,adjusted_only_single_study
Haemophilus_pittmaniae,-0.19809576636004012,0.5890618507607824,0.9637876921276665,lean_enriched,0.634,,,,,,False,False,非洲,adjusted_only_single_study
Haemophilus_sp_HMSC71H05,-0.6021085319853743,0.23425022457904615,0.7909913222729456,lean_enriched,0.25,,,,,,False,False,非洲,adjusted_only_single_study
Treponema_berlinense,-0.6547245884278186,0.1883882627430921,0.7881982358118774,lean_enriched,0.221,,,,,,False,False,非洲,adjusted_only_single_study
Blastocystis_sp_subtype_1,-0.10761097643118803,0.8270087878357684,0.9720980488595874,lean_enriched,0.781,,,,,,False,False,非洲,adjusted_only_single_study
