evidence_id,source_database,source_accession,title,intervention_type_hint,taxa_hint,study_tag,priority,relevance_score,preliminary_response_score,confidence_level,predicted_usefulness,main_positive_signals,main_limitations,source_url
EUROPEPMC:40409234,PubMed,40409234,Effects of multi-strain probiotics supplementation on body adiposity and metabolic profile in individuals with hypertension and overweight following an energy-restricted diet: A randomized clinical trial.,probiotic,,randomized_controlled_trial,high,4,15.00,high_for_manual_review,prioritize_extraction,high priority evidence; randomized_controlled_trial; relevance score 4; sample_size; duration; cfu; p_value; body_weight_effect; bmi_effect; waist_effect; body_fat_effect; glucose_effect; lipid_effect,taxa not identified from title,https://europepmc.org/article/MED/40409234
PMID:40077569,PubMed,40077569,"Effects of Liupao Tea with Different Years of Aging on Glycolipid Metabolism, Body Composition, and Gut Microbiota in Adults with Obesity or Overweight: A Randomized, Double-Blind Study.",,,randomized_controlled_trial,high,5,15.00,high_for_manual_review,prioritize_extraction,high priority evidence; randomized_controlled_trial; relevance score 5; sample_size; duration; p_value; body_weight_effect; bmi_effect; waist_effect; body_fat_effect; lipid_effect; microbiome_effect,taxa not identified from title; intervention type needs manual confirmation,https://pubmed.ncbi.nlm.nih.gov/40077569/
EUROPEPMC:41163054,PubMed,41163054,"The effects of a newly developed beverage powder supplement on anthropometric measures, body composition, metabolic syndrome components, and appetite in obese or overweight adults: a protocol for a randomized clinical trial study.",,,randomized_controlled_trial,high,4,14.40,high_for_manual_review,prioritize_extraction,high priority evidence; randomized_controlled_trial; relevance score 4; duration; dose; body_weight_effect; bmi_effect; waist_effect; body_fat_effect; glucose_effect; lipid_effect,missing sample_size; missing p_value; taxa not identified from title; intervention type needs manual confirmation,https://europepmc.org/article/MED/41163054
PMID:41479657,PubMed,41479657,"Targeting gut microbiota with short-chain fructo-oligosaccharides prebiotic fibers to support metabolic health in overweight prediabetic adults: a randomized, double-blinded, placebo-controlled study.",prebiotic,,randomized_controlled_trial,high,4,14.30,high_for_manual_review,prioritize_extraction,high priority evidence; randomized_controlled_trial; relevance score 4; sample_size; duration; dose; p_value; body_weight_effect; body_fat_effect; glucose_effect; microbiome_effect,taxa not identified from title,https://pubmed.ncbi.nlm.nih.gov/41479657/
PMID:31965834,PubMed,31965834,"Effect of multi-strain probiotic (UB0316) in weight management in overweight/obese adults: a 12-week double blind, randomised, placebo-controlled study.",probiotic,,randomized_controlled_trial,high,2,14.20,high_for_manual_review,prioritize_extraction,high priority evidence; randomized_controlled_trial; relevance score 2; sample_size; duration; cfu; dose; p_value; body_weight_effect; bmi_effect; waist_effect; body_fat_effect; lipid_effect,taxa not identified from title,https://pubmed.ncbi.nlm.nih.gov/31965834/
PMID:30262813,PubMed,30262813,Effects of daily consumption of the probiotic Bifidobacterium animalis subsp. lactis CECT 8145 on anthropometric adiposity biomarkers in abdominally obese subjects: a randomized controlled trial.,probiotic,Bifidobacterium,randomized_controlled_trial,high,2,14.10,high_for_manual_review,prioritize_extraction,high priority evidence; randomized_controlled_trial; relevance score 2; sample_size; duration; dose; p_value; body_weight_effect; bmi_effect; waist_effect; body_fat_effect; glucose_effect; microbiome_effect,,https://pubmed.ncbi.nlm.nih.gov/30262813/
PMID:39802638,PubMed,39802638,"Comparison of diet and exercise on cardiometabolic factors in young adults with overweight/obesity: multiomics analysis and gut microbiota prediction, a randomized controlled trial.",,,randomized_controlled_trial,high,4,14.00,high_for_manual_review,prioritize_extraction,high priority evidence; randomized_controlled_trial; relevance score 4; duration; p_value; body_weight_effect; waist_effect; body_fat_effect; lipid_effect; microbiome_effect,missing sample_size; taxa not identified from title; intervention type needs manual confirmation,https://pubmed.ncbi.nlm.nih.gov/39802638/
EUROPEPMC:41512635,PubMed,41512635,"Effects of a novel synbiotic intervention on abdominal visceral fat reductions and gut microbiota in overweight and obese adults: A randomized, double-blind, placebo-controlled trial.",synbiotic,,randomized_controlled_trial,high,3,14.00,high_for_manual_review,prioritize_extraction,high priority evidence; randomized_controlled_trial; relevance score 3; sample_size; duration; p_value; body_weight_effect; bmi_effect; waist_effect; body_fat_effect; microbiome_effect,taxa not identified from title,https://europepmc.org/article/MED/41512635
EUROPEPMC:40400804,PubMed,40400804,"Impact of a Probiotic-Fiber Blend on Body Weight, Metabolic Regulation, and Digestive Function in Obese Adults: A Randomized, Placebo-Controlled, Multicentric Trial.",probiotic,,randomized_controlled_trial,high,3,14.00,high_for_manual_review,prioritize_extraction,high priority evidence; randomized_controlled_trial; relevance score 3; sample_size; duration; p_value; body_weight_effect; bmi_effect; waist_effect; body_fat_effect; lipid_effect,taxa not identified from title,https://europepmc.org/article/MED/40400804
PMID:26956126,PubMed,26956126,"Antiobesity effect of Pediococcus pentosaceus LP28 on overweight subjects: a randomized, double-blind, placebo-controlled clinical trial.",,,randomized_controlled_trial,high,2,13.70,high_for_manual_review,prioritize_extraction,high priority evidence; randomized_controlled_trial; relevance score 2; sample_size; duration; p_value; body_weight_effect; bmi_effect; waist_effect; body_fat_effect; glucose_effect; lipid_effect,taxa not identified from title; intervention type needs manual confirmation,https://pubmed.ncbi.nlm.nih.gov/26956126/
PMID:32234652,PubMed,32234652,Gut microbiota composition after diet and probiotics in overweight breast cancer survivors: a randomized open-label pilot intervention trial.,probiotic,,randomized_controlled_trial,high,3,13.50,high_for_manual_review,prioritize_extraction,high priority evidence; randomized_controlled_trial; relevance score 3; sample_size; dose; p_value; body_weight_effect; bmi_effect; waist_effect; glucose_effect; microbiome_effect,missing duration; taxa not identified from title,https://pubmed.ncbi.nlm.nih.gov/32234652/
PMID:39415279,PubMed,39415279,"Effect of Sinetrol(&#174;) Xpur on metabolic health and adiposity by interactions with gut microbiota: a randomized, open label, dose-response clinical trial.",,,randomized_controlled_trial,high,3,13.30,high_for_manual_review,prioritize_extraction,high priority evidence; randomized_controlled_trial; relevance score 3; sample_size; duration; dose; body_weight_effect; bmi_effect; body_fat_effect; glucose_effect; microbiome_effect,missing p_value; taxa not identified from title; intervention type needs manual confirmation,https://pubmed.ncbi.nlm.nih.gov/39415279/
PMID:35487505,PubMed,35487505,"Effect of Lactobacillus plantarum LMT1-48 on Body Fat in Overweight Subjects: A Randomized, Double-Blind, Placebo-Controlled Trial.",,Lactobacillus,randomized_controlled_trial,high,3,13.20,high_for_manual_review,prioritize_extraction,high priority evidence; randomized_controlled_trial; relevance score 3; duration; p_value; body_weight_effect; bmi_effect; body_fat_effect; glucose_effect; lipid_effect,missing sample_size; intervention type needs manual confirmation,https://pubmed.ncbi.nlm.nih.gov/35487505/
PMID:42044842,PubMed,42044842,"The effect of a two-week low glycaemic index, higher fibre diet versus high glycaemic index diet on body composition, ectopic lipids, inflammatory biomarkers, gastrointestinal hormones and gut microbiota in metabolic dysfunction-associated steatotic liver disease (MASLD): A pilot randomized cross-over study.",,,randomized_controlled_trial,high,3,12.90,high_for_manual_review,prioritize_extraction,high priority evidence; randomized_controlled_trial; relevance score 3; sample_size; duration; p_value; body_weight_effect; bmi_effect; glucose_effect; microbiome_effect,taxa not identified from title; intervention type needs manual confirmation,https://pubmed.ncbi.nlm.nih.gov/42044842/
PMID:41861447,PubMed,41861447,"Effects of hypocaloric wholegrain rye vs refined wheat diets on weight loss, cardiometabolic risk factors and gut microbiota: A 12-week randomized controlled trial.",,,randomized_controlled_trial,high,3,12.90,high_for_manual_review,prioritize_extraction,high priority evidence; randomized_controlled_trial; relevance score 3; sample_size; duration; p_value; body_weight_effect; body_fat_effect; glucose_effect; microbiome_effect,taxa not identified from title; intervention type needs manual confirmation,https://pubmed.ncbi.nlm.nih.gov/41861447/
PMID:20216555,PubMed,20216555,Regulation of abdominal adiposity by probiotics (Lactobacillus gasseri SBT2055) in adults with obese tendencies in a randomized controlled trial.,probiotic,Lactobacillus,randomized_controlled_trial,high,2,12.70,high_for_manual_review,prioritize_extraction,high priority evidence; randomized_controlled_trial; relevance score 2; sample_size; duration; dose; p_value; body_weight_effect; bmi_effect; waist_effect; body_fat_effect,,https://pubmed.ncbi.nlm.nih.gov/20216555/
PMID:34444671,PubMed,34444671,"Effects of 60-Day Saccharomyces boulardii and Superoxide Dismutase Supplementation on Body Composition, Hunger Sensation, Pro/Antioxidant Ratio, Inflammation and Hormonal Lipo-Metabolic Biomarkers in Obese Adults: A Double-Blind, Placebo-Controlled Trial.",,Saccharomyces,randomized_controlled_trial,high,3,12.50,high_for_manual_review,prioritize_extraction,high priority evidence; randomized_controlled_trial; relevance score 3; duration; p_value; body_weight_effect; bmi_effect; body_fat_effect; glucose_effect,missing sample_size; intervention type needs manual confirmation,https://pubmed.ncbi.nlm.nih.gov/34444671/
PMID:24411490,PubMed,24411490,"The effects of co-administration of probiotics with herbal medicine on obesity, metabolic endotoxemia and dysbiosis: a randomized double-blind controlled clinical trial.",probiotic,,randomized_controlled_trial,high,2,12.40,high_for_manual_review,prioritize_extraction,high priority evidence; randomized_controlled_trial; relevance score 2; p_value; body_weight_effect; bmi_effect; waist_effect; body_fat_effect; lipid_effect; microbiome_effect,missing sample_size; missing duration; taxa not identified from title,https://pubmed.ncbi.nlm.nih.gov/24411490/
PMID:29688793,PubMed,29688793,"Lactobacillus gasseri BNR17 Supplementation Reduces the Visceral Fat Accumulation and Waist Circumference in Obese Adults: A Randomized, Double-Blind, Placebo-Controlled Trial.",,Lactobacillus,randomized_controlled_trial,high,2,12.40,high_for_manual_review,prioritize_extraction,high priority evidence; randomized_controlled_trial; relevance score 2; duration; cfu; p_value; body_weight_effect; bmi_effect; waist_effect; body_fat_effect,missing sample_size; intervention type needs manual confirmation,https://pubmed.ncbi.nlm.nih.gov/29688793/
PMID:37084470,PubMed,37084470,Randomized controlled trials reporting the effects of probiotics in individuals with overweight and obesity: A critical review of the interventions and body adiposity parameters.,probiotic,,randomized_controlled_trial,high,3,12.40,high_for_manual_review,prioritize_extraction,high priority evidence; randomized_controlled_trial; relevance score 3; duration; cfu; body_weight_effect; bmi_effect; waist_effect; body_fat_effect,missing sample_size; missing p_value; taxa not identified from title,https://pubmed.ncbi.nlm.nih.gov/37084470/
PMID:40451504,PubMed,40451504,"Comparing the effects of yogurt containing Akkermansia muciniphilia postbiotic with yogurt containing Lactobacillus rhamnosus postbiotic on body composition, biochemical indices, appetite, and depression scores in overweight or obese adults: A randomized, double-blind, controlled clinical trial.",postbiotic,Lactobacillus;Akkermansia,randomized_controlled_trial,high,3,12.30,high_for_manual_review,prioritize_extraction,high priority evidence; randomized_controlled_trial; relevance score 3; sample_size; duration; p_value; body_weight_effect; waist_effect; body_fat_effect,,https://pubmed.ncbi.nlm.nih.gov/40451504/
EUROPEPMC:35126309,PubMed,35126309,"Efficacy and Safety of <i>Lactobacillus plantarum</i> K50 on Lipids in Koreans With Obesity: A Randomized, Double-Blind Controlled Clinical Trial.",,Lactobacillus,randomized_controlled_trial,high,2,12.30,high_for_manual_review,prioritize_extraction,high priority evidence; randomized_controlled_trial; relevance score 2; sample_size; duration; dose; p_value; body_weight_effect; body_fat_effect; lipid_effect; microbiome_effect,intervention type needs manual confirmation,https://europepmc.org/article/MED/35126309
PMID:40598275,PubMed,40598275,"Differential effects of inulin and fructooligosaccharides on gut microbiota composition and glycemic metabolism in overweight/obese and healthy individuals: a randomized, double-blind clinical trial.",,,randomized_controlled_trial,high,3,11.90,high_for_manual_review,prioritize_extraction,high priority evidence; randomized_controlled_trial; relevance score 3; sample_size; duration; p_value; body_weight_effect; glucose_effect; microbiome_effect,taxa not identified from title; intervention type needs manual confirmation,https://pubmed.ncbi.nlm.nih.gov/40598275/
NCT:NCT05832190,ClinicalTrials.gov,NCT05832190,Correcting GUT MicrobioTa by Combined Supplementation of FibERs and BIotiN to Improve Microbiome and Optimize Bariatric Surgery Outcomes,,,clinical_trial_registry,high,1,11.90,high_for_manual_review,prioritize_extraction,high priority evidence; clinical_trial_registry; relevance score 1; sample_size; duration; body_weight_effect; bmi_effect; waist_effect; body_fat_effect; glucose_effect; lipid_effect; microbiome_effect,missing p_value; taxa not identified from title; intervention type needs manual confirmation,https://clinicaltrials.gov/study/NCT05832190
NCT:NCT01978691,ClinicalTrials.gov,NCT01978691,The Effect of a Bifidobacterium and Polydextrose on Body Fat Mass,,Bifidobacterium,clinical_trial_registry,high,1,11.90,high_for_manual_review,prioritize_extraction,high priority evidence; clinical_trial_registry; relevance score 1; sample_size; duration; body_weight_effect; bmi_effect; waist_effect; body_fat_effect; glucose_effect; lipid_effect; microbiome_effect,missing p_value; intervention type needs manual confirmation,https://clinicaltrials.gov/study/NCT01978691
EUROPEPMC:40827948,PubMed,40827948,Long-term efficacy of dapagliflozin combined with Bifidobacterium triple viable tablets on metabolic syndrome and gut microbiota in overweight/obese patients with type 2 diabetes.,,Bifidobacterium,needs_manual_classification,medium,4,11.80,high_for_manual_review,prioritize_extraction,relevance score 4; sample_size; duration; cfu; dose; p_value; body_weight_effect; glucose_effect; lipid_effect; microbiome_effect,intervention type needs manual confirmation,https://europepmc.org/article/MED/40827948
PMID:40827948,PubMed,40827948,Long-term efficacy of dapagliflozin combined with Bifidobacterium triple viable tablets on metabolic syndrome and gut microbiota in overweight/obese patients with type 2 diabetes.,,Bifidobacterium,needs_manual_classification,medium,4,11.80,high_for_manual_review,prioritize_extraction,relevance score 4; sample_size; duration; cfu; dose; p_value; body_weight_effect; glucose_effect; lipid_effect; microbiome_effect,intervention type needs manual confirmation,https://pubmed.ncbi.nlm.nih.gov/40827948/
PMID:31126565,PubMed,31126565,Effects of pro-/synbiotic supplementation on anthropometric and metabolic indices in overweight or obese children and adolescents: A systematic review and meta-analysis.,synbiotic,,meta_analysis_or_systematic_review,medium,3,11.70,high_for_manual_review,prioritize_extraction,meta_analysis_or_systematic_review; relevance score 3; sample_size; duration; body_weight_effect; bmi_effect; waist_effect; body_fat_effect; lipid_effect; microbiome_effect,missing p_value; taxa not identified from title,https://pubmed.ncbi.nlm.nih.gov/31126565/
PMID:39664910,PubMed,39664910,Effect of synbiotic supplementation on obesity and gut microbiota in obese adults: a double-blind randomized controlled trial.,synbiotic,,randomized_controlled_trial,high,2,11.70,high_for_manual_review,prioritize_extraction,high priority evidence; randomized_controlled_trial; relevance score 2; sample_size; duration; cfu; dose; waist_effect; body_fat_effect; lipid_effect; microbiome_effect,missing p_value; taxa not identified from title,https://pubmed.ncbi.nlm.nih.gov/39664910/
EUROPEPMC:42116047,PubMed,42116047,"Probiotic Bifidobacterium bifidum BGN4 supplementation modulates gut microbiome composition and reduces circulating zonulin, TNF&#945;, and insulin in adults with excess adiposity: a randomized, double-blind, placebo-controlled trial.",probiotic,Bifidobacterium,randomized_controlled_trial,high,3,11.70,high_for_manual_review,prioritize_extraction,high priority evidence; randomized_controlled_trial; relevance score 3; sample_size; duration; bmi_effect; body_fat_effect; glucose_effect; microbiome_effect,missing p_value,https://europepmc.org/article/MED/42116047
EUROPEPMC:40416368,PubMed,40416368,"Effect of <i>Bacillus coagulans</i> BC99 supplementation on body weight and gut microbiota in overweight and obese individual: a randomized, double-blind, placebo-controlled study.",,Bacillus,randomized_controlled_trial,high,3,11.60,high_for_manual_review,prioritize_extraction,high priority evidence; randomized_controlled_trial; relevance score 3; duration; dose; p_value; body_weight_effect; lipid_effect; microbiome_effect,missing sample_size; intervention type needs manual confirmation,https://europepmc.org/article/MED/40416368
EUROPEPMC:PMC12938260,publisher supplementary data,PMC12938260,"Lactobacillus helveticus UA881 Improves Body Composition, Lipid Profiles, and Gut Microbiota in Overweight Adults: A Randomized Double-Blind Placebo-Controlled Trial",,Lactobacillus,randomized_controlled_trial,high,5,11.60,high_for_manual_review,prioritize_extraction,high priority evidence; randomized_controlled_trial; relevance score 5; body_weight_effect; lipid_effect; microbiome_effect,missing sample_size; missing duration; missing p_value; intervention type needs manual confirmation,
NCT:NCT07452757,ClinicalTrials.gov,NCT07452757,To Evaluate Efficacy and Safety of Proprietary Healthy Diet Combinations for Weight Management in Overweight Volunteers,,,clinical_trial_registry,high,2,11.60,high_for_manual_review,prioritize_extraction,high priority evidence; clinical_trial_registry; relevance score 2; sample_size; body_weight_effect; bmi_effect; waist_effect; body_fat_effect; glucose_effect; lipid_effect,missing duration; missing p_value; taxa not identified from title; intervention type needs manual confirmation,https://clinicaltrials.gov/study/NCT07452757
NCT:NCT04886778,ClinicalTrials.gov,NCT04886778,Efficacy and Safety of Low-Carbohydrate Diet Combined With Probiotics for Weight Loss in Male Obese Patients.,probiotic,,clinical_trial_registry,high,2,11.60,high_for_manual_review,prioritize_extraction,high priority evidence; clinical_trial_registry; relevance score 2; sample_size; body_weight_effect; bmi_effect; waist_effect; body_fat_effect; glucose_effect; lipid_effect,missing duration; missing p_value; taxa not identified from title,https://clinicaltrials.gov/study/NCT04886778
PMID:41659802,PubMed,41659802,Effects of modified fasting therapy on tongue coating and gut microbiome in overweight and obese adults: a controlled clinical trial.,,,needs_manual_classification,high,3,11.60,high_for_manual_review,prioritize_extraction,high priority evidence; relevance score 3; sample_size; duration; p_value; body_weight_effect; bmi_effect; glucose_effect; lipid_effect; microbiome_effect,taxa not identified from title; intervention type needs manual confirmation,https://pubmed.ncbi.nlm.nih.gov/41659802/
NCT:NCT04863313,ClinicalTrials.gov,NCT04863313,Effect of a Probiotic on the Glycemic Profile and the Fecal Microbiota of Prediabetic Subjects (PREDIABETCARE),probiotic,,clinical_trial_registry,high,1,11.30,high_for_manual_review,prioritize_extraction,high priority evidence; clinical_trial_registry; relevance score 1; sample_size; body_weight_effect; bmi_effect; waist_effect; body_fat_effect; glucose_effect; lipid_effect; microbiome_effect,missing duration; missing p_value; taxa not identified from title,https://clinicaltrials.gov/study/NCT04863313
PMID:30525950,PubMed,30525950,Probiotic or synbiotic alters the gut microbiota and metabolism in a randomised controlled trial of weight management in overweight adults.,probiotic;synbiotic,,randomized_controlled_trial,high,3,11.20,high_for_manual_review,prioritize_extraction,high priority evidence; randomized_controlled_trial; relevance score 3; sample_size; duration; dose; waist_effect; body_fat_effect; microbiome_effect,missing p_value; taxa not identified from title,https://pubmed.ncbi.nlm.nih.gov/30525950/
PMID:30094122,PubMed,30094122,"Effects of Bifidobacterium breve B-3 on body fat reductions in pre-obese adults: a randomized, double-blind, placebo-controlled trial.",,Bifidobacterium,randomized_controlled_trial,high,2,11.20,high_for_manual_review,prioritize_extraction,high priority evidence; randomized_controlled_trial; relevance score 2; duration; cfu; dose; p_value; body_fat_effect; lipid_effect; microbiome_effect,missing sample_size; intervention type needs manual confirmation,https://pubmed.ncbi.nlm.nih.gov/30094122/
PMID:34115318,PubMed,34115318,"The Effects of Limosilactobacillus reuteri LR-99 Supplementation on Body Mass Index, Social Communication, Fine Motor Function, and Gut Microbiome Composition in Individuals with Prader-Willi Syndrome: a Randomized Double-Blinded Placebo-Controlled Trial.",,Limosilactobacillus,randomized_controlled_trial,high,2,11.20,high_for_manual_review,prioritize_extraction,high priority evidence; randomized_controlled_trial; relevance score 2; sample_size; duration; p_value; body_weight_effect; bmi_effect; microbiome_effect,intervention type needs manual confirmation,https://pubmed.ncbi.nlm.nih.gov/34115318/
PMID:41599863,PubMed,41599863,"Efficacy and Safety of CKDB-322, a Combination of Lactiplantibacillus plantarum Q180 and Phaeodactylum tricornutum, for Reducing Body Fat and Abdominal Adiposity in Overweight Adults.",,Lactiplantibacillus,needs_manual_classification,medium,3,11.10,high_for_manual_review,prioritize_extraction,relevance score 3; sample_size; duration; cfu; dose; p_value; body_weight_effect; body_fat_effect; lipid_effect; microbiome_effect,intervention type needs manual confirmation,https://pubmed.ncbi.nlm.nih.gov/41599863/
EUROPEPMC:41455007,PubMed,41455007,"Bifidobacterium Breve BBr60 Improves Obesity Via the Gut Microbiota-Short-Chain Fatty Acid-IL-27/GLP-1 Axis: Evidence from a Randomized, Double-Blind, Placebo-Controlled Trial.",,Bifidobacterium,randomized_controlled_trial,high,2,11.10,high_for_manual_review,prioritize_extraction,high priority evidence; randomized_controlled_trial; relevance score 2; sample_size; duration; dose; p_value; bmi_effect; glucose_effect; microbiome_effect,intervention type needs manual confirmation,https://europepmc.org/article/MED/41455007
EUROPEPMC:41599863,PubMed,41599863,"Efficacy and Safety of CKDB-322, a Combination of <i>Lactiplantibacillus plantarum</i> Q180 and <i>Phaeodactylum tricornutum</i>, for Reducing Body Fat and Abdominal Adiposity in Overweight Adults.",,Lactiplantibacillus,needs_manual_classification,medium,3,11.10,high_for_manual_review,prioritize_extraction,relevance score 3; sample_size; duration; cfu; dose; p_value; body_weight_effect; body_fat_effect; lipid_effect; microbiome_effect,intervention type needs manual confirmation,https://europepmc.org/article/MED/41599863
EUROPEPMC:41366779,PubMed,41366779,"The effects of next generation probiotics on metabolic dysfunction-associated steatotic liver disease: a parallel, double-blind, randomized, placebo-controlled trial.",probiotic,,randomized_controlled_trial,high,1,11.10,high_for_manual_review,prioritize_extraction,high priority evidence; randomized_controlled_trial; relevance score 1; sample_size; duration; cfu; dose; p_value; body_weight_effect; lipid_effect; microbiome_effect,taxa not identified from title,https://europepmc.org/article/MED/41366779
PMID:31952249,PubMed,31952249,"Effects of Synbiotic Supplement on Human Gut Microbiota, Body Composition and Weight Loss in Obesity.",synbiotic,,needs_manual_classification,medium,4,11.00,high_for_manual_review,prioritize_extraction,relevance score 4; duration; body_weight_effect; bmi_effect; waist_effect; body_fat_effect; glucose_effect; microbiome_effect,missing sample_size; missing p_value; taxa not identified from title,https://pubmed.ncbi.nlm.nih.gov/31952249/
PMID:32698957,PubMed,32698957,"The effect of synbiotic on glycemic profile and sex hormones in overweight and obese breast cancer survivors following a weight-loss diet: A randomized, triple-blind, controlled trial.",synbiotic,,randomized_controlled_trial,high,2,11.00,high_for_manual_review,prioritize_extraction,high priority evidence; randomized_controlled_trial; relevance score 2; sample_size; duration; cfu; p_value; body_weight_effect; glucose_effect,taxa not identified from title,https://pubmed.ncbi.nlm.nih.gov/32698957/
PMID:37181156,PubMed,37181156,Supplementation with inulin-type fructans affects gut microbiota and attenuates some of the cardiometabolic benefits of a plant-based diet in individuals with overweight or obesity.,,,needs_manual_classification,medium,4,11.00,high_for_manual_review,prioritize_extraction,relevance score 4; sample_size; duration; dose; p_value; body_weight_effect; glucose_effect; lipid_effect; microbiome_effect,taxa not identified from title; intervention type needs manual confirmation,https://pubmed.ncbi.nlm.nih.gov/37181156/
PMID:33763720,PubMed,33763720,"Mediterranean diet consumption affects the endocannabinoid system in overweight and obese subjects: possible links with gut microbiome, insulin resistance and inflammation.",,,needs_manual_classification,medium,4,10.90,high_for_manual_review,prioritize_extraction,relevance score 4; sample_size; duration; p_value; body_weight_effect; bmi_effect; glucose_effect; microbiome_effect,taxa not identified from title; intervention type needs manual confirmation,https://pubmed.ncbi.nlm.nih.gov/33763720/
PMID:40732984,PubMed,40732984,Gut Microbiota Shifts After a Weight Loss Program in Adults with Obesity: The WLM3P Study.,,,needs_manual_classification,medium,3,10.90,high_for_manual_review,prioritize_extraction,relevance score 3; sample_size; duration; p_value; body_weight_effect; bmi_effect; body_fat_effect; lipid_effect; microbiome_effect,taxa not identified from title; intervention type needs manual confirmation,https://pubmed.ncbi.nlm.nih.gov/40732984/
PMID:35714163,PubMed,35714163,Lacticaseibacillus rhamnosus HA-114 improves eating behaviors and mood-related factors in adults with overweight during weight loss: a randomized controlled trial.,,Lacticaseibacillus,randomized_controlled_trial,high,2,10.90,high_for_manual_review,prioritize_extraction,high priority evidence; randomized_controlled_trial; relevance score 2; sample_size; duration; body_weight_effect; body_fat_effect; glucose_effect; lipid_effect,missing p_value; intervention type needs manual confirmation,https://pubmed.ncbi.nlm.nih.gov/35714163/
PMID:38246355,PubMed,38246355,Daily Cashew and Brazil Nut Consumption Modifies Intestinal Health in Overweight Women on Energy-Restricted Intervention: A Randomized Controlled Trial (Brazilian Nuts Study).,,,randomized_controlled_trial,high,2,10.90,high_for_manual_review,prioritize_extraction,high priority evidence; randomized_controlled_trial; relevance score 2; duration; dose; p_value; body_weight_effect; body_fat_effect; microbiome_effect,missing sample_size; taxa not identified from title; intervention type needs manual confirmation,https://pubmed.ncbi.nlm.nih.gov/38246355/
PMID:35351144,PubMed,35351144,Physical activity enhances the improvement of body mass index and metabolism by inulin: a multicenter randomized placebo-controlled trial performed in obese individuals.,,,randomized_controlled_trial,high,2,10.80,high_for_manual_review,prioritize_extraction,high priority evidence; randomized_controlled_trial; relevance score 2; sample_size; duration; dose; bmi_effect; glucose_effect; lipid_effect; microbiome_effect,missing p_value; taxa not identified from title; intervention type needs manual confirmation,https://pubmed.ncbi.nlm.nih.gov/35351144/
PMID:24795503,PubMed,24795503,"Effect of probiotic (VSL#3) and omega-3 on lipid profile, insulin sensitivity, inflammatory markers, and gut colonization in overweight adults: a randomized, controlled trial.",probiotic,,randomized_controlled_trial,high,3,10.70,high_for_manual_review,prioritize_extraction,high priority evidence; randomized_controlled_trial; relevance score 3; duration; p_value; glucose_effect; lipid_effect; microbiome_effect,missing sample_size; taxa not identified from title,https://pubmed.ncbi.nlm.nih.gov/24795503/
PMID:41141981,PubMed,41141981,Investigating the Microbiota-Gut-Brain Axis Mechanisms of Transcutaneous Auricular Vagus Nerve Stimulation in Patients with Obesity: A Study Protocol for a Randomized Controlled Trial.,,,randomized_controlled_trial,high,2,10.70,high_for_manual_review,prioritize_extraction,high priority evidence; randomized_controlled_trial; relevance score 2; sample_size; body_weight_effect; bmi_effect; waist_effect; body_fat_effect,missing duration; missing p_value; taxa not identified from title; intervention type needs manual confirmation,https://pubmed.ncbi.nlm.nih.gov/41141981/
PMID:38498828,PubMed,38498828,Effect of Bifidobacterium Intake on Body Weight and Body Fat in Overweight and Obese Adult Subjects: A Systematic Review and Meta-Analysis.,,Bifidobacterium,meta_analysis_or_systematic_review,medium,3,10.70,high_for_manual_review,prioritize_extraction,meta_analysis_or_systematic_review; relevance score 3; sample_size; p_value; body_weight_effect; bmi_effect; waist_effect; body_fat_effect,missing duration; intervention type needs manual confirmation,https://pubmed.ncbi.nlm.nih.gov/38498828/
EUROPEPMC:40676704,PubMed,40676704,"Multi-omics analyses the effect of Bifidobacterium longum subsp. longum BL21 supplementation on overweight and obese subjects: a randomized, double-blind, placebo-controlled study.",,Bifidobacterium,randomized_controlled_trial,high,2,10.60,high_for_manual_review,prioritize_extraction,high priority evidence; randomized_controlled_trial; relevance score 2; duration; dose; p_value; body_weight_effect; lipid_effect; microbiome_effect,missing sample_size; intervention type needs manual confirmation,https://europepmc.org/article/MED/40676704
PMID:40353878,PubMed,40353878,Feasibility and Tolerability of Nabilone for the Treatment of Obesity: A Randomized Controlled Pilot Trial.,,,randomized_controlled_trial,high,1,10.60,high_for_manual_review,prioritize_extraction,high priority evidence; randomized_controlled_trial; relevance score 1; sample_size; duration; dose; p_value; body_weight_effect; bmi_effect; microbiome_effect,taxa not identified from title; intervention type needs manual confirmation,https://pubmed.ncbi.nlm.nih.gov/40353878/
PMID:35247098,PubMed,35247098,"Impact of wheat aleurone on biomarkers of cardiovascular disease, gut microbiota and metabolites in adults with high body mass index: a double-blind, placebo-controlled, randomized clinical trial.",,,randomized_controlled_trial,high,2,10.60,high_for_manual_review,prioritize_extraction,high priority evidence; randomized_controlled_trial; relevance score 2; sample_size; duration; dose; body_weight_effect; bmi_effect; microbiome_effect,missing p_value; taxa not identified from title; intervention type needs manual confirmation,https://pubmed.ncbi.nlm.nih.gov/35247098/
PMID:40828642,PubMed,40828642,Effects of a combined energy restriction and vigorous-intensity exercise intervention on the human gut microbiome: A randomised controlled trial.,,,randomized_controlled_trial,high,1,10.60,high_for_manual_review,prioritize_extraction,high priority evidence; randomized_controlled_trial; relevance score 1; sample_size; duration; body_weight_effect; body_fat_effect; glucose_effect; lipid_effect; microbiome_effect,missing p_value; taxa not identified from title; intervention type needs manual confirmation,https://pubmed.ncbi.nlm.nih.gov/40828642/
EUROPEPMC:41413231,PubMed,41413231,"The promising effects of a multi-species synbiotic preparation on metabolic profile in elderly patients with type 2 diabetes and high cardiovascular risk: a randomized, triple-blind, placebo-controlled trial.",synbiotic,,randomized_controlled_trial,high,1,10.60,high_for_manual_review,prioritize_extraction,high priority evidence; randomized_controlled_trial; relevance score 1; duration; dose; p_value; body_weight_effect; bmi_effect; glucose_effect; lipid_effect,missing sample_size; taxa not identified from title,https://europepmc.org/article/MED/41413231
NCT:NCT05114018,ClinicalTrials.gov,NCT05114018,Effect of Pasteurized Akkermansia Muciniphila on Insulin Resistance in Otherwise Healthy Subjects With Dysglycaemia,,Akkermansia,clinical_trial_registry,high,1,10.60,high_for_manual_review,prioritize_extraction,high priority evidence; clinical_trial_registry; relevance score 1; sample_size; body_weight_effect; bmi_effect; waist_effect; body_fat_effect; glucose_effect; lipid_effect,missing duration; missing p_value; intervention type needs manual confirmation,https://clinicaltrials.gov/study/NCT05114018
PMID:38393021,PubMed,38393021,The Efficacy of Lactobacillus delbrueckii ssp. bulgaricus Supplementation in Managing Body Weight and Blood Lipids of People with Overweight: A Randomized Pilot Trial.,,Lactobacillus,randomized_controlled_trial,high,3,10.50,high_for_manual_review,prioritize_extraction,high priority evidence; randomized_controlled_trial; relevance score 3; duration; body_weight_effect; bmi_effect; lipid_effect,missing sample_size; missing p_value; intervention type needs manual confirmation,https://pubmed.ncbi.nlm.nih.gov/38393021/
PMID:28730743,PubMed,28730743,Inulin-type fructans and whey protein both modulate appetite but only fructans alter gut microbiota in adults with overweight/obesity: A randomized controlled trial.,,,randomized_controlled_trial,high,3,10.50,high_for_manual_review,prioritize_extraction,high priority evidence; randomized_controlled_trial; relevance score 3; sample_size; duration; body_weight_effect; body_fat_effect,missing p_value; taxa not identified from title; intervention type needs manual confirmation,https://pubmed.ncbi.nlm.nih.gov/28730743/
PMID:36944956,PubMed,36944956,Effect of different doses of Lacticaseibacillus paracasei K56 on body fat and metabolic parameters in adult individuals with obesity: a pilot study.,,Lacticaseibacillus,needs_manual_classification,medium,3,10.40,high_for_manual_review,prioritize_extraction,relevance score 3; duration; cfu; p_value; body_weight_effect; bmi_effect; waist_effect; body_fat_effect,missing sample_size; intervention type needs manual confirmation,https://pubmed.ncbi.nlm.nih.gov/36944956/
PMID:38713231,PubMed,38713231,"Effect of prebiotic fiber on physical function and gut microbiota in adults, mostly women, with knee osteoarthritis and obesity: a randomized controlled trial.",prebiotic,,randomized_controlled_trial,high,2,10.40,high_for_manual_review,prioritize_extraction,high priority evidence; randomized_controlled_trial; relevance score 2; sample_size; duration; dose; p_value; body_fat_effect; microbiome_effect,taxa not identified from title,https://pubmed.ncbi.nlm.nih.gov/38713231/
PMID:36484872,PubMed,36484872,"Effects of synbiotic supplementation on anthropometric indices and body composition in overweight or obese children and adolescents: a randomized, double-blind, placebo-controlled clinical trial.",synbiotic,,randomized_controlled_trial,high,3,10.30,high_for_manual_review,prioritize_extraction,high priority evidence; randomized_controlled_trial; relevance score 3; sample_size; cfu; p_value; waist_effect,missing duration; taxa not identified from title,https://pubmed.ncbi.nlm.nih.gov/36484872/
PMID:28596023,PubMed,28596023,Prebiotics Reduce Body Fat and Alter Intestinal Microbiota in Children Who Are Overweight or With Obesity.,prebiotic,,needs_manual_classification,medium,4,10.30,high_for_manual_review,prioritize_extraction,relevance score 4; sample_size; duration; dose; body_weight_effect; body_fat_effect; lipid_effect; microbiome_effect,missing p_value; taxa not identified from title,https://pubmed.ncbi.nlm.nih.gov/28596023/
PMID:40814108,PubMed,40814108,Postbiotics as a novel intervention for obesity management and improving metabolic parameters: a systematic review and meta-analysis of animal studies.,postbiotic,,meta_analysis_or_systematic_review,medium,2,10.30,high_for_manual_review,prioritize_extraction,meta_analysis_or_systematic_review; relevance score 2; duration; dose; p_value; body_weight_effect; body_fat_effect; glucose_effect; lipid_effect; microbiome_effect,missing sample_size; taxa not identified from title,https://pubmed.ncbi.nlm.nih.gov/40814108/
EUROPEPMC:42065141,PubMed,42065141,"Effects of <i>Lactiplantibacillus Plantarum</i> KABP051 Probiotic on Body Composition, Microbiome and Mood in Healthy Overweight Adults.",probiotic,Lactiplantibacillus,needs_manual_classification,medium,4,10.30,high_for_manual_review,prioritize_extraction,relevance score 4; duration; p_value; body_weight_effect; waist_effect; body_fat_effect; microbiome_effect,missing sample_size,https://europepmc.org/article/MED/42065141
PMID:36879442,PubMed,36879442,"Effects of weight loss and feeding specially formulated diets on the body composition, blood metabolite profiles, voluntary physical activity, and fecal metabolites and microbiota of obese dogs.",,,needs_manual_classification,medium,4,10.30,high_for_manual_review,prioritize_extraction,relevance score 4; p_value; body_weight_effect; body_fat_effect; glucose_effect; lipid_effect; microbiome_effect,missing sample_size; missing duration; taxa not identified from title; intervention type needs manual confirmation,https://pubmed.ncbi.nlm.nih.gov/36879442/
NCT:NCT01433120,ClinicalTrials.gov,NCT01433120,Targeting the Gut Microbiome to Investigate the Pathways of Progression From Obesity to Metabolic Diseases in an At-risk Population.,,,clinical_trial_registry,high,3,10.30,high_for_manual_review,prioritize_extraction,high priority evidence; clinical_trial_registry; relevance score 3; sample_size; body_fat_effect; glucose_effect; lipid_effect; microbiome_effect,missing duration; missing p_value; taxa not identified from title; intervention type needs manual confirmation,https://clinicaltrials.gov/study/NCT01433120
NCT:NCT04962633,ClinicalTrials.gov,NCT04962633,Dietary Intervention With Probiotic Pasta and Evaluation of the Effects on Metabolic and Inflammatory Status,probiotic,,clinical_trial_registry,high,1,10.30,high_for_manual_review,prioritize_extraction,high priority evidence; clinical_trial_registry; relevance score 1; sample_size; body_weight_effect; bmi_effect; waist_effect; glucose_effect; lipid_effect; microbiome_effect,missing duration; missing p_value; taxa not identified from title,https://clinicaltrials.gov/study/NCT04962633
PMID:40965226,PubMed,40965226,"Effects of a Probiotic Formulation Based on SF68, Phytosterols, and 6S-5-Methyltetrahydrofolic Acid on Body Composition, Biochemical Parameters, Gut Microbiota, and Gastrointestinal and General Symptoms of Overweight/Obese Subjects: The PrObesity Study.",probiotic,,needs_manual_classification,medium,4,10.20,high_for_manual_review,prioritize_extraction,relevance score 4; duration; dose; p_value; waist_effect; body_fat_effect; glucose_effect; lipid_effect,missing sample_size; taxa not identified from title,https://pubmed.ncbi.nlm.nih.gov/40965226/
NCT:NCT06989177,ClinicalTrials.gov,NCT06989177,Probiotic Intervention on Body Weight,probiotic,,clinical_trial_registry,high,1,10.20,high_for_manual_review,prioritize_extraction,high priority evidence; clinical_trial_registry; relevance score 1; sample_size; duration; body_weight_effect; waist_effect; body_fat_effect; glucose_effect; lipid_effect,missing p_value; taxa not identified from title,https://clinicaltrials.gov/study/NCT06989177
EUROPEPMC:40951500,PubMed,40951500,Probiotic <i>Lactobacillus</i> sp. as a strategy for modulation of non-comorbid obesity: A systematic meta-analysis and GRADE assessment of randomized controlled trials.,probiotic,Lactobacillus,meta_analysis_or_systematic_review,high,1,10.10,high_for_manual_review,prioritize_extraction,high priority evidence; meta_analysis_or_systematic_review; relevance score 1; sample_size; dose; p_value; body_weight_effect; bmi_effect; waist_effect; body_fat_effect,missing duration,https://europepmc.org/article/MED/40951500
PMID:40977640,PubMed,40977640,Effects of dietary energy restriction of ultra-processed foods compared to a generic energy restriction on the intestinal microbiota of individuals with obesity: a secondary analysis of a randomized clinical trial.,,,randomized_controlled_trial,high,2,10.10,high_for_manual_review,prioritize_extraction,high priority evidence; randomized_controlled_trial; relevance score 2; sample_size; duration; p_value; waist_effect; body_fat_effect,taxa not identified from title; intervention type needs manual confirmation,https://pubmed.ncbi.nlm.nih.gov/40977640/
PMID:42097279,PubMed,42097279,Gut microbiota responses to isocaloric macronutrient modulation in tissue-specific insulin resistance: a secondary analysis of the PERSonalized glucose Optimization through Nutritional intervention (PERSON) randomized trial.,,,randomized_controlled_trial,high,2,10.10,high_for_manual_review,prioritize_extraction,high priority evidence; randomized_controlled_trial; relevance score 2; sample_size; p_value; bmi_effect; glucose_effect; microbiome_effect,missing duration; taxa not identified from title; intervention type needs manual confirmation,https://pubmed.ncbi.nlm.nih.gov/42097279/
PMID:37545298,PubMed,37545298,Intermittent dietary carbohydrate restriction versus calorie restriction and cardiometabolic profiles: A randomized trial.,,,randomized_controlled_trial,high,1,10.10,high_for_manual_review,prioritize_extraction,high priority evidence; randomized_controlled_trial; relevance score 1; duration; dose; body_weight_effect; waist_effect; glucose_effect; lipid_effect; microbiome_effect,missing sample_size; missing p_value; taxa not identified from title; intervention type needs manual confirmation,https://pubmed.ncbi.nlm.nih.gov/37545298/
PMID:32615727,PubMed,32615727,"Effect of Lactobacillus sakei, a Probiotic Derived from Kimchi, on Body Fat in Koreans with Obesity: A Randomized Controlled Study.",probiotic,Lactobacillus,randomized_controlled_trial,high,2,10.10,high_for_manual_review,prioritize_extraction,high priority evidence; randomized_controlled_trial; relevance score 2; sample_size; duration; p_value; waist_effect; body_fat_effect,,https://pubmed.ncbi.nlm.nih.gov/32615727/
PMID:32521799,PubMed,32521799,The Effect of Probiotics and Synbiotics on Risk Factors Associated with Cardiometabolic Diseases in Healthy People-A Systematic Review and Meta-Analysis with Meta-Regression of Randomized Controlled Trials.,probiotic;synbiotic,,meta_analysis_or_systematic_review,high,1,10.00,medium_for_manual_review,prioritize_extraction,high priority evidence; meta_analysis_or_systematic_review; relevance score 1; duration; p_value; body_weight_effect; bmi_effect; waist_effect; glucose_effect; lipid_effect,missing sample_size; taxa not identified from title,https://pubmed.ncbi.nlm.nih.gov/32521799/
PMID:39340527,PubMed,39340527,"Effects of probiotics, prebiotics, and synbiotics on cardiometabolic risk factors in children and adolescents with overweight or obesity: a systematic review and Bayesian network meta-analysis.",probiotic;prebiotic;synbiotic,,meta_analysis_or_systematic_review,medium,3,10.00,medium_for_manual_review,prioritize_extraction,meta_analysis_or_systematic_review; relevance score 3; sample_size; dose; bmi_effect; waist_effect; glucose_effect; lipid_effect; microbiome_effect,missing duration; missing p_value; taxa not identified from title,https://pubmed.ncbi.nlm.nih.gov/39340527/
PMID:37252684,PubMed,37252684,"Effect of green-lipped mussel (Perna canaliculus) supplementation on faecal microbiota, body composition and iron status markers in overweight and obese postmenopausal women: a randomised, double-blind, placebo-controlled trial.",,,randomized_controlled_trial,high,4,10.00,high_for_manual_review,prioritize_extraction,high priority evidence; randomized_controlled_trial; relevance score 4; duration; dose; body_fat_effect,missing sample_size; missing p_value; taxa not identified from title; intervention type needs manual confirmation,https://pubmed.ncbi.nlm.nih.gov/37252684/
EUROPEPMC:40218949,PubMed,40218949,"A 12-Week, Randomized, Double-Blind, Placebo-Controlled Study to Evaluate the Efficacy and Safety of <i>Lactobacillus plantarum</i> LMT1-48 on Body Fat Loss.",,Lactobacillus,randomized_controlled_trial,high,1,10.00,high_for_manual_review,prioritize_extraction,high priority evidence; randomized_controlled_trial; relevance score 1; sample_size; duration; p_value; bmi_effect; body_fat_effect; microbiome_effect,intervention type needs manual confirmation,https://europepmc.org/article/MED/40218949
EUROPEPMC:41459804,PubMed,41459804,"Effects of a slowly fermentable fiber mixture against the background of a high-protein diet on insulin sensitivity and metabolic health in individuals with overweight: a randomized, placebo-controlled trial.",,,randomized_controlled_trial,high,3,10.00,high_for_manual_review,prioritize_extraction,high priority evidence; randomized_controlled_trial; relevance score 3; sample_size; duration; p_value; glucose_effect,taxa not identified from title; intervention type needs manual confirmation,https://europepmc.org/article/MED/41459804
PMID:37082115,PubMed,37082115,Time-restricted feeding's effect on overweight and obese patients with chronic kidney disease stages 3-4: A prospective non-randomized control pilot study.,,,randomized_controlled_trial,high,2,9.90,medium_for_manual_review,prioritize_extraction,high priority evidence; randomized_controlled_trial; relevance score 2; duration; dose; body_weight_effect; body_fat_effect; microbiome_effect,missing sample_size; missing p_value; taxa not identified from title; intervention type needs manual confirmation,https://pubmed.ncbi.nlm.nih.gov/37082115/
PMID:39410163,PubMed,39410163,"Effects of a Sorghum Beverage with Lacticaseibacillus paracasei on Body Composition, Lipid Profiles, and Intestinal Health in Overweight and Obese Adults: A Randomized Single-Blind Pilot Study.",,Lacticaseibacillus,randomized_controlled_trial,high,4,9.90,medium_for_manual_review,prioritize_extraction,high priority evidence; randomized_controlled_trial; relevance score 4; sample_size; body_weight_effect,missing duration; missing p_value; intervention type needs manual confirmation,https://pubmed.ncbi.nlm.nih.gov/39410163/
PMID:27409822,PubMed,27409822,"GUT MICROBIOTA, PREBIOTICS, PROBIOTICS, AND SYNBIOTICS IN MANAGEMENT OF OBESITY AND PREDIABETES: REVIEW OF RANDOMIZED CONTROLLED TRIALS.",probiotic;prebiotic;synbiotic,,randomized_controlled_trial,high,2,9.90,medium_for_manual_review,prioritize_extraction,high priority evidence; randomized_controlled_trial; relevance score 2; duration; body_weight_effect; glucose_effect; lipid_effect; microbiome_effect,missing sample_size; missing p_value; taxa not identified from title,https://pubmed.ncbi.nlm.nih.gov/27409822/
PMID:38233990,PubMed,38233990,Effects of a Cycling versus Running HIIT Program on Fat Mass Loss and Gut Microbiota Composition in Men with Overweight/Obesity.,,,needs_manual_classification,medium,4,9.90,medium_for_manual_review,prioritize_extraction,relevance score 4; p_value; body_weight_effect; bmi_effect; body_fat_effect; microbiome_effect,missing sample_size; missing duration; taxa not identified from title; intervention type needs manual confirmation,https://pubmed.ncbi.nlm.nih.gov/38233990/
PMID:30659070,PubMed,30659070,Probiotics for the Prevention of Gestational Diabetes Mellitus in Overweight and Obese Women: Findings From the SPRING Double-Blind Randomized Controlled Trial.,probiotic,,randomized_controlled_trial,high,2,9.90,medium_for_manual_review,prioritize_extraction,high priority evidence; randomized_controlled_trial; relevance score 2; duration; dose; p_value; body_weight_effect; glucose_effect,missing sample_size; taxa not identified from title,https://pubmed.ncbi.nlm.nih.gov/30659070/
PMID:40647269,PubMed,40647269,"Twelve-Week Curcumin Supplementation Improves Glucose Homeostasis and Gut Health in Prediabetic Older Adults: A Pilot, Double-Blind, Placebo-Controlled Trial.",,,randomized_controlled_trial,high,1,9.80,medium_for_manual_review,prioritize_extraction,high priority evidence; randomized_controlled_trial; relevance score 1; sample_size; duration; dose; bmi_effect; glucose_effect; lipid_effect; microbiome_effect,missing p_value; taxa not identified from title; intervention type needs manual confirmation,https://pubmed.ncbi.nlm.nih.gov/40647269/
PMID:39984625,PubMed,39984625,Effects of oral supplementation of probiotics on body weight and visceral fat in obese patients: a meta-analysis and systematic review.,probiotic,,meta_analysis_or_systematic_review,medium,2,9.70,medium_for_manual_review,prioritize_extraction,meta_analysis_or_systematic_review; relevance score 2; sample_size; p_value; body_weight_effect; bmi_effect; waist_effect; body_fat_effect,missing duration; taxa not identified from title,https://pubmed.ncbi.nlm.nih.gov/39984625/
PMID:24738701,PubMed,24738701,Randomised clinical trial: The beneficial effects of VSL#3 in obese children with non-alcoholic steatohepatitis.,,,randomized_controlled_trial,high,1,9.70,medium_for_manual_review,prioritize_extraction,high priority evidence; randomized_controlled_trial; relevance score 1; sample_size; duration; p_value; bmi_effect; glucose_effect; lipid_effect,taxa not identified from title; intervention type needs manual confirmation,https://pubmed.ncbi.nlm.nih.gov/24738701/
PMID:42142662,PubMed,42142662,"The Effects of a Powdered Meal Replacement on Inflammation, Gut Microbiota, and Metabolism in People With Excess Body Weight-A Randomized Controlled Trial.",,,randomized_controlled_trial,high,2,9.70,medium_for_manual_review,prioritize_extraction,high priority evidence; randomized_controlled_trial; relevance score 2; sample_size; duration; p_value; lipid_effect; microbiome_effect,taxa not identified from title; intervention type needs manual confirmation,https://pubmed.ncbi.nlm.nih.gov/42142662/
EUROPEPMC:38674828,PubMed,38674828,"A 12-Week, Single-Centre, Randomised, Double-Blind, Placebo-Controlled, Parallel-Design Clinical Trial for the Evaluation of the Efficacy and Safety of <i>Lactiplantibacillus plantarum</i> SKO-001 in Reducing Body Fat.",,Lactiplantibacillus,randomized_controlled_trial,high,1,9.70,medium_for_manual_review,prioritize_extraction,high priority evidence; randomized_controlled_trial; relevance score 1; sample_size; duration; p_value; body_fat_effect; lipid_effect; microbiome_effect,intervention type needs manual confirmation,https://europepmc.org/article/MED/38674828
PMID:23560206,PubMed,23560206,"Effect of Lactobacillus gasseri BNR17 on Overweight and Obese Adults: A Randomized, Double-Blind Clinical Trial.",,Lactobacillus,randomized_controlled_trial,high,2,9.70,medium_for_manual_review,prioritize_extraction,high priority evidence; randomized_controlled_trial; relevance score 2; sample_size; duration; dose; body_weight_effect; waist_effect,missing p_value; intervention type needs manual confirmation,https://pubmed.ncbi.nlm.nih.gov/23560206/
NCT:NCT02768818,ClinicalTrials.gov,NCT02768818,Modulation of the Intestinal Flora With the Probiotic VIVOMIXX&#8482; in Pregnant Women at Risk of Metabolic Complications,probiotic,,clinical_trial_registry,high,1,9.60,medium_for_manual_review,prioritize_extraction,high priority evidence; clinical_trial_registry; relevance score 1; sample_size; body_weight_effect; bmi_effect; waist_effect; glucose_effect; microbiome_effect,missing duration; missing p_value; taxa not identified from title,https://clinicaltrials.gov/study/NCT02768818
PMID:40106235,PubMed,40106235,Childhood Obesity Body Mass Index and Gut Microbiome: A Cluster Randomized Controlled Pilot Feasibility Study.,,,randomized_controlled_trial,high,3,9.60,medium_for_manual_review,prioritize_extraction,high priority evidence; randomized_controlled_trial; relevance score 3; duration; bmi_effect; body_fat_effect,missing sample_size; missing p_value; taxa not identified from title; intervention type needs manual confirmation,https://pubmed.ncbi.nlm.nih.gov/40106235/
PMID:40806053,PubMed,40806053,Effect of Polyphenol-Rich Interventions on Gut Microbiota and Inflammatory or Oxidative Stress Markers in Adults Who Are Overweight or Obese: A Systematic Review and Meta-Analysis.,,,meta_analysis_or_systematic_review,medium,3,9.60,medium_for_manual_review,prioritize_extraction,meta_analysis_or_systematic_review; relevance score 3; sample_size; p_value; body_weight_effect; bmi_effect; microbiome_effect,missing duration; taxa not identified from title; intervention type needs manual confirmation,https://pubmed.ncbi.nlm.nih.gov/40806053/
NCT:NCT05443269,ClinicalTrials.gov,NCT05443269,Impact of Jump Start Nutrition Program on Weight Loss and Associated Measures,,,clinical_trial_registry,high,1,9.60,medium_for_manual_review,prioritize_extraction,high priority evidence; clinical_trial_registry; relevance score 1; sample_size; body_weight_effect; bmi_effect; waist_effect; glucose_effect; lipid_effect,missing duration; missing p_value; taxa not identified from title; intervention type needs manual confirmation,https://clinicaltrials.gov/study/NCT05443269
PMID:36793105,PubMed,36793105,"Design of the Building Research in CRC prevention (BRIDGE-CRC) trial: a 6-month, parallel group Mediterranean diet and weight loss randomized controlled lifestyle intervention targeting the bile acid-gut microbiome axis to reduce colorectal cancer risk among African American/Black adults with obesity.",,,randomized_controlled_trial,high,3,9.50,medium_for_manual_review,prioritize_extraction,high priority evidence; randomized_controlled_trial; relevance score 3; duration; body_weight_effect; microbiome_effect,missing sample_size; missing p_value; taxa not identified from title; intervention type needs manual confirmation,https://pubmed.ncbi.nlm.nih.gov/36793105/
PMID:39796619,PubMed,39796619,A Randomized Pilot Study of Time-Restricted Eating Shows Minimal Microbiome Changes.,,,randomized_controlled_trial,high,1,9.50,medium_for_manual_review,prioritize_extraction,high priority evidence; randomized_controlled_trial; relevance score 1; duration; p_value; body_weight_effect; body_fat_effect; microbiome_effect,missing sample_size; taxa not identified from title; intervention type needs manual confirmation,https://pubmed.ncbi.nlm.nih.gov/39796619/
PMID:41163367,PubMed,41163367,Gut enterotype- and body mass index (BMI)-dependent effects of anthocyanin supplementation on gut microbiota composition in individuals at risk for cognitive decline: a randomized placebo-controlled trial.,,,randomized_controlled_trial,high,2,9.50,medium_for_manual_review,prioritize_extraction,high priority evidence; randomized_controlled_trial; relevance score 2; sample_size; duration; body_weight_effect; bmi_effect,missing p_value; taxa not identified from title; intervention type needs manual confirmation,https://pubmed.ncbi.nlm.nih.gov/41163367/
PMID:41609510,PubMed,41609510,"Supplementation With Lactococcus lactis LMG 27352: Lack of Beneficial Effects on Cardiometabolic Risk in Obese Patients Without Concomitant Dietary Intervention-A Randomized, Triple-Blind, Placebo-Controlled Clinical Trial.",,,randomized_controlled_trial,high,2,9.50,medium_for_manual_review,prioritize_extraction,high priority evidence; randomized_controlled_trial; relevance score 2; sample_size; duration; waist_effect; glucose_effect; lipid_effect,missing p_value; taxa not identified from title; intervention type needs manual confirmation,https://pubmed.ncbi.nlm.nih.gov/41609510/
NCT:NCT05417360,ClinicalTrials.gov,NCT05417360,Akkermansia and Weight Maintenance,,Akkermansia,clinical_trial_registry,high,1,9.50,medium_for_manual_review,prioritize_extraction,high priority evidence; clinical_trial_registry; relevance score 1; sample_size; body_weight_effect; body_fat_effect; glucose_effect; lipid_effect; microbiome_effect,missing duration; missing p_value; intervention type needs manual confirmation,https://clinicaltrials.gov/study/NCT05417360
EUROPEPMC:42120725,PubMed,42120725,Pasteurized Akkermansia muciniphila Muc<sup>T</sup> for weight loss maintenance in people with overweight and obesity: a controlled randomized trial.,,Akkermansia,randomized_controlled_trial,high,2,9.50,medium_for_manual_review,prioritize_extraction,high priority evidence; randomized_controlled_trial; relevance score 2; sample_size; duration; p_value; body_weight_effect,intervention type needs manual confirmation,https://europepmc.org/article/MED/42120725
PMID:41586244,PubMed,41586244,"The effects of a very low-energy ketogenic therapy on body composition, gut microbiota and metabolites in overweight subjects.",,,needs_manual_classification,medium,4,9.50,medium_for_manual_review,prioritize_extraction,relevance score 4; duration; body_weight_effect; bmi_effect; body_fat_effect; microbiome_effect,missing sample_size; missing p_value; taxa not identified from title; intervention type needs manual confirmation,https://pubmed.ncbi.nlm.nih.gov/41586244/
PMID:38653887,PubMed,38653887,"Impact of Probiotics on Gastrointestinal Function and Metabolic Status After Roux-en-Y Gastric Bypass: A Double-Blind, Randomized Trial.",probiotic,,randomized_controlled_trial,high,1,9.50,medium_for_manual_review,prioritize_extraction,high priority evidence; randomized_controlled_trial; relevance score 1; duration; p_value; body_weight_effect; bmi_effect; glucose_effect,missing sample_size; taxa not identified from title,https://pubmed.ncbi.nlm.nih.gov/38653887/
NCT:NCT05353504,ClinicalTrials.gov,NCT05353504,Impact of Microbiome-changing Interventions on Food Decision-making,,,clinical_trial_registry,high,1,9.40,medium_for_manual_review,prioritize_extraction,high priority evidence; clinical_trial_registry; relevance score 1; sample_size; bmi_effect; waist_effect; body_fat_effect; glucose_effect; microbiome_effect,missing duration; missing p_value; taxa not identified from title; intervention type needs manual confirmation,https://clinicaltrials.gov/study/NCT05353504
EUROPEPMC:PMC12986909,publisher supplementary data,PMC12986909,Green Tea Catechin Plus Inulin Improves Insulin Resistance Without Reducing Visceral Fat and Shows Exploratory Gut Microbiota Signals in Adults with Visceral Obesity: A Double-Blind Randomized Controlled Trial,,,randomized_controlled_trial,high,3,9.40,medium_for_manual_review,prioritize_extraction,high priority evidence; randomized_controlled_trial; relevance score 3; body_fat_effect; glucose_effect; microbiome_effect,missing sample_size; missing duration; missing p_value; taxa not identified from title; intervention type needs manual confirmation,
EUROPEPMC:38140284,PubMed,38140284,"Effect of Continuous Ingestion of Bifidobacteria and Inulin on Reducing Body Fat: A Randomized, Double-Blind, Placebo-Controlled, Parallel-Group Comparison Study.",,,randomized_controlled_trial,high,1,9.40,medium_for_manual_review,prioritize_extraction,high priority evidence; randomized_controlled_trial; relevance score 1; sample_size; duration; dose; bmi_effect; body_fat_effect; lipid_effect,missing p_value; taxa not identified from title; intervention type needs manual confirmation,https://europepmc.org/article/MED/38140284
PMID:36530587,PubMed,36530587,Microbiome-Targeted Therapies as an Adjunct to Traditional Weight Loss Interventions: A Systematic Review and Meta-Analysis.,,,meta_analysis_or_systematic_review,medium,2,9.40,medium_for_manual_review,prioritize_extraction,meta_analysis_or_systematic_review; relevance score 2; sample_size; p_value; body_weight_effect; waist_effect; body_fat_effect; microbiome_effect,missing duration; taxa not identified from title; intervention type needs manual confirmation,https://pubmed.ncbi.nlm.nih.gov/36530587/
PMID:33827639,PubMed,33827639,"Effect of a prebiotic supplement on knee joint function, gut microbiota, and inflammation in adults with co-morbid obesity and knee osteoarthritis: study protocol for a randomized controlled trial.",prebiotic,,randomized_controlled_trial,high,2,9.40,medium_for_manual_review,prioritize_extraction,high priority evidence; randomized_controlled_trial; relevance score 2; sample_size; duration; dose; bmi_effect; microbiome_effect,missing p_value; taxa not identified from title,https://pubmed.ncbi.nlm.nih.gov/33827639/
PMID:34359450,PubMed,34359450,Synbiotic Supplementation Improves Obesity Index and Metabolic Biomarkers in Thai Obese Adults: A Randomized Clinical Trial.,synbiotic,,randomized_controlled_trial,high,2,9.30,medium_for_manual_review,prioritize_extraction,high priority evidence; randomized_controlled_trial; relevance score 2; body_weight_effect; glucose_effect; lipid_effect; microbiome_effect,missing sample_size; missing duration; missing p_value; taxa not identified from title,https://pubmed.ncbi.nlm.nih.gov/34359450/
PMID:23657005,PubMed,23657005,"Transglucosidase improves the gut microbiota profile of type 2 diabetes mellitus patients: a randomized double-blind, placebo-controlled study.",,,randomized_controlled_trial,high,1,9.30,medium_for_manual_review,prioritize_extraction,high priority evidence; randomized_controlled_trial; relevance score 1; sample_size; duration; dose; body_weight_effect; glucose_effect; microbiome_effect,missing p_value; taxa not identified from title; intervention type needs manual confirmation,https://pubmed.ncbi.nlm.nih.gov/23657005/
PMID:34967874,PubMed,34967874,"Weight loss and high-protein, high-fiber diet consumption impact blood metabolite profiles, body composition, voluntary physical activity, fecal microbiota, and fecal metabolites of adult dogs.",,,needs_manual_classification,medium,3,9.30,medium_for_manual_review,prioritize_extraction,relevance score 3; p_value; body_weight_effect; body_fat_effect; glucose_effect; lipid_effect; microbiome_effect,missing sample_size; missing duration; taxa not identified from title; intervention type needs manual confirmation,https://pubmed.ncbi.nlm.nih.gov/34967874/
PMID:37709337,PubMed,37709337,Impact of a Powdered Meal Replacement on Metabolism and Gut Microbiota (PREMIUM) in individuals with excessive body weight: a study protocol for a randomised controlled trial.,,,randomized_controlled_trial,high,2,9.20,medium_for_manual_review,prioritize_extraction,high priority evidence; randomized_controlled_trial; relevance score 2; sample_size; duration; body_weight_effect; microbiome_effect,missing p_value; taxa not identified from title; intervention type needs manual confirmation,https://pubmed.ncbi.nlm.nih.gov/37709337/
EUROPEPMC:41372103,PubMed,41372103,Impacts of Lifestyle and Microbiota-Targeted Interventions for Overweight and Obesity on the Human Gut Microbiome: A Systematic Review.,,,meta_analysis_or_systematic_review,medium,3,9.20,medium_for_manual_review,prioritize_extraction,meta_analysis_or_systematic_review; relevance score 3; sample_size; duration; body_weight_effect; body_fat_effect; microbiome_effect,missing p_value; taxa not identified from title; intervention type needs manual confirmation,https://europepmc.org/article/MED/41372103
NCT:NCT06327919,ClinicalTrials.gov,NCT06327919,Effects of Probiotic Supplementation With Weight Reducing Plan in Patients With Food Addiction and Weight Regain After Bariatric Surgery,probiotic,,clinical_trial_registry,high,1,9.20,medium_for_manual_review,prioritize_extraction,high priority evidence; clinical_trial_registry; relevance score 1; sample_size; body_weight_effect; bmi_effect; waist_effect; body_fat_effect,missing duration; missing p_value; taxa not identified from title,https://clinicaltrials.gov/study/NCT06327919
PMID:39639405,PubMed,39639405,Gut microbiota and metabolic responses to a 12-week caloric restriction combined with strength and HIIT training in patients with obesity: a randomized trial.,,,randomized_controlled_trial,high,3,9.10,medium_for_manual_review,prioritize_extraction,high priority evidence; randomized_controlled_trial; relevance score 3; duration; waist_effect; microbiome_effect,missing sample_size; missing p_value; taxa not identified from title; intervention type needs manual confirmation,https://pubmed.ncbi.nlm.nih.gov/39639405/
PMID:41450549,PubMed,41450549,"Exploring the interplay between diet, obesity, mental health, and the gut microbiota: the MIND-GUT intervention study, study protocol.",,,needs_manual_classification,medium,2,9.00,medium_for_manual_review,prioritize_extraction,relevance score 2; sample_size; duration; body_weight_effect; bmi_effect; waist_effect; body_fat_effect; microbiome_effect,missing p_value; taxa not identified from title; intervention type needs manual confirmation,https://pubmed.ncbi.nlm.nih.gov/41450549/
PMID:40192559,PubMed,40192559,The Effect of Prebiotics and Probiotics (Synbiotics) on Weight Loss and Biochemical Parameters in Obese Individuals.,probiotic;prebiotic;synbiotic,,needs_manual_classification,medium,2,9.00,medium_for_manual_review,prioritize_extraction,relevance score 2; sample_size; duration; p_value; body_weight_effect; bmi_effect; waist_effect; glucose_effect,taxa not identified from title,https://pubmed.ncbi.nlm.nih.gov/40192559/
NCT:NCT03312660,ClinicalTrials.gov,NCT03312660,Effect of a Kefir Beverage on Immunity and Lipid Profile,,,clinical_trial_registry,high,1,9.00,medium_for_manual_review,prioritize_extraction,high priority evidence; clinical_trial_registry; relevance score 1; sample_size; duration; bmi_effect; waist_effect; glucose_effect; lipid_effect,missing p_value; taxa not identified from title; intervention type needs manual confirmation,https://clinicaltrials.gov/study/NCT03312660
EUROPEPMC:41444876,PubMed,41444876,The role of microbiome-modulating supplements in managing metabolic syndrome risk factors among overweight and obese youth: a GRADE-assessed meta-analysis.,,,meta_analysis_or_systematic_review,medium,4,8.90,medium_for_manual_review,prioritize_extraction,meta_analysis_or_systematic_review; relevance score 4; body_weight_effect; bmi_effect; lipid_effect,missing sample_size; missing duration; missing p_value; taxa not identified from title; intervention type needs manual confirmation,https://europepmc.org/article/MED/41444876
PMID:25646321,PubMed,25646321,Whole-grain wheat consumption reduces inflammation in a randomized controlled trial on overweight and obese subjects with unhealthy dietary and lifestyle behaviors: role of polyphenols bound to cereal dietary fiber.,,,randomized_controlled_trial,high,2,8.90,medium_for_manual_review,prioritize_extraction,high priority evidence; randomized_controlled_trial; relevance score 2; p_value; body_weight_effect; microbiome_effect,missing sample_size; missing duration; taxa not identified from title; intervention type needs manual confirmation,https://pubmed.ncbi.nlm.nih.gov/25646321/
EUROPEPMC:41098558,PubMed,41098558,Postpartum Body Composition in Women With Overweight: Associations With Diet During Pregnancy.,,,needs_manual_classification,medium,3,8.90,medium_for_manual_review,prioritize_extraction,relevance score 3; sample_size; duration; dose; p_value; body_weight_effect; body_fat_effect,taxa not identified from title; intervention type needs manual confirmation,https://europepmc.org/article/MED/41098558
PMID:29547587,PubMed,29547587,Dietary Alteration of the Gut Microbiome and Its Impact on Weight and Fat Mass: A Systematic Review and Meta-Analysis.,,,meta_analysis_or_systematic_review,medium,3,8.90,medium_for_manual_review,prioritize_extraction,meta_analysis_or_systematic_review; relevance score 3; body_weight_effect; bmi_effect; body_fat_effect; microbiome_effect,missing sample_size; missing duration; missing p_value; taxa not identified from title; intervention type needs manual confirmation,https://pubmed.ncbi.nlm.nih.gov/29547587/
EUROPEPMC:41612500,PubMed,41612500,Multi-strain synbiotic and lifestyle modifications on patients with metabolic dysfunction-associated steatotic liver disease (MASLD): a randomized double-blinded placebo-controlled trial.,synbiotic,,randomized_controlled_trial,high,1,8.90,medium_for_manual_review,prioritize_extraction,high priority evidence; randomized_controlled_trial; relevance score 1; duration; dose; body_weight_effect; bmi_effect; lipid_effect,missing sample_size; missing p_value; taxa not identified from title,https://europepmc.org/article/MED/41612500
PMID:25079040,PubMed,25079040,Effects of probiotic yogurt on fat distribution and gene expression of proinflammatory factors in peripheral blood mononuclear cells in overweight and obese people with or without weight-loss diet.,probiotic,,needs_manual_classification,medium,2,8.90,medium_for_manual_review,prioritize_extraction,relevance score 2; sample_size; duration; dose; p_value; body_weight_effect; bmi_effect; body_fat_effect,taxa not identified from title,https://pubmed.ncbi.nlm.nih.gov/25079040/
PMID:39593091,PubMed,39593091,Carrageenan and insulin resistance in humans: a randomised double-blind cross-over trial.,,,randomized_controlled_trial,high,1,8.90,medium_for_manual_review,prioritize_extraction,high priority evidence; randomized_controlled_trial; relevance score 1; duration; dose; p_value; body_weight_effect; glucose_effect,missing sample_size; taxa not identified from title; intervention type needs manual confirmation,https://pubmed.ncbi.nlm.nih.gov/39593091/
PMID:36856122,PubMed,36856122,Agave fructans enhance the effects of fermented milk products on obesity biomarkers: a randomised trial.,,,randomized_controlled_trial,high,1,8.90,medium_for_manual_review,prioritize_extraction,high priority evidence; randomized_controlled_trial; relevance score 1; duration; dose; p_value; body_weight_effect; lipid_effect,missing sample_size; taxa not identified from title; intervention type needs manual confirmation,https://pubmed.ncbi.nlm.nih.gov/36856122/
PMID:38419068,PubMed,38419068,"Effects of a chronotype-adapted diet on weight loss, cardiometabolic health, and gut microbiota: study protocol for a randomized controlled trial.",,,randomized_controlled_trial,high,3,8.80,medium_for_manual_review,prioritize_extraction,high priority evidence; randomized_controlled_trial; relevance score 3; duration; body_weight_effect,missing sample_size; missing p_value; taxa not identified from title; intervention type needs manual confirmation,https://pubmed.ncbi.nlm.nih.gov/38419068/
PMID:23614897,PubMed,23614897,Effect of Lactobacillus gasseri SBT2055 in fermented milk on abdominal adiposity in adults in a randomised controlled trial.,,Lactobacillus,randomized_controlled_trial,high,1,8.80,medium_for_manual_review,prioritize_extraction,high priority evidence; randomized_controlled_trial; relevance score 1; duration; dose; bmi_effect; waist_effect; body_fat_effect,missing sample_size; missing p_value; intervention type needs manual confirmation,https://pubmed.ncbi.nlm.nih.gov/23614897/
PMID:28008750,PubMed,28008750,"The additional effects of a probiotic mix on abdominal adiposity and antioxidant Status: A double-blind, randomized trial.",probiotic,,randomized_controlled_trial,high,1,8.80,medium_for_manual_review,prioritize_extraction,high priority evidence; randomized_controlled_trial; relevance score 1; sample_size; duration; p_value; waist_effect; lipid_effect,taxa not identified from title,https://pubmed.ncbi.nlm.nih.gov/28008750/
PMID:33459204,PubMed,33459204,Probiotics as a therapeutic strategy in obesity and overweight: a systematic review.,probiotic,,meta_analysis_or_systematic_review,medium,2,8.70,medium_for_manual_review,prioritize_extraction,meta_analysis_or_systematic_review; relevance score 2; body_weight_effect; bmi_effect; waist_effect; body_fat_effect; microbiome_effect,missing sample_size; missing duration; missing p_value; taxa not identified from title,https://pubmed.ncbi.nlm.nih.gov/33459204/
PMID:38030409,PubMed,38030409,Beneficial effects of the probiotics and synbiotics supplementation on anthropometric indices and body composition in adults: A systematic review and meta-analysis.,probiotic;synbiotic,,meta_analysis_or_systematic_review,medium,1,8.70,medium_for_manual_review,prioritize_extraction,meta_analysis_or_systematic_review; relevance score 1; sample_size; p_value; body_weight_effect; bmi_effect; waist_effect; body_fat_effect,missing duration; taxa not identified from title,https://pubmed.ncbi.nlm.nih.gov/38030409/
PMID:37248499,PubMed,37248499,"The impact of Hafnia alvei HA4597&#8482; on weight loss and glycaemic control after bariatric surgery - study protocol for a triple-blinded, blocked randomized, 12-month, parallel-group, placebo-controlled clinical trial.",,,randomized_controlled_trial,high,1,8.70,medium_for_manual_review,prioritize_extraction,high priority evidence; randomized_controlled_trial; relevance score 1; duration; cfu; dose; body_weight_effect; microbiome_effect,missing sample_size; missing p_value; taxa not identified from title; intervention type needs manual confirmation,https://pubmed.ncbi.nlm.nih.gov/37248499/
PMID:37793780,PubMed,37793780,Prebiotic diet changes neural correlates of food decision-making in overweight adults: a randomised controlled within-subject cross-over trial.,prebiotic,,randomized_controlled_trial,high,2,8.70,medium_for_manual_review,prioritize_extraction,high priority evidence; randomized_controlled_trial; relevance score 2; duration; dose; p_value; microbiome_effect,missing sample_size; taxa not identified from title,https://pubmed.ncbi.nlm.nih.gov/37793780/
PMID:40573158,PubMed,40573158,Modulation of Gut Microbiota by Whole Encapsulated Brown Seaweed (Himanthalia elongata) in Overweight Subjects: A Randomized Double-Blind Placebo-Controlled Trial.,,,randomized_controlled_trial,high,3,8.70,medium_for_manual_review,prioritize_extraction,high priority evidence; randomized_controlled_trial; relevance score 3; duration; dose; microbiome_effect,missing sample_size; missing p_value; taxa not identified from title; intervention type needs manual confirmation,https://pubmed.ncbi.nlm.nih.gov/40573158/
PMID:41997541,PubMed,41997541,"Combined effectiveness of omega-3 PUFA-rich fish oil supplementation and high-intensity interval training in obesity associated metabolic dysfunction: Protocol for a double-blind, randomized clinical trial.",,,randomized_controlled_trial,high,2,8.70,medium_for_manual_review,prioritize_extraction,high priority evidence; randomized_controlled_trial; relevance score 2; duration; dose; bmi_effect; microbiome_effect,missing sample_size; missing p_value; taxa not identified from title; intervention type needs manual confirmation,https://pubmed.ncbi.nlm.nih.gov/41997541/
PMID:40390848,PubMed,40390848,"Effects of Daily Kombu (Laminaria japonica) Intake on Body Composition, Blood Pressure, and Fecal Microbiota in Healthy Adult Japanese: A Randomized, Double-Blind Study.",,,randomized_controlled_trial,high,2,8.70,medium_for_manual_review,prioritize_extraction,high priority evidence; randomized_controlled_trial; relevance score 2; duration; dose; body_fat_effect; microbiome_effect,missing sample_size; missing p_value; taxa not identified from title; intervention type needs manual confirmation,https://pubmed.ncbi.nlm.nih.gov/40390848/
EUROPEPMC:40647296,PubMed,40647296,Impact of Probiotic/Synbiotic Supplementation on Post-Bariatric Surgery Anthropometric and Cardiometabolic Outcomes: An Updated Systematic Review and Meta-Analysis of Randomized Controlled Trials.,probiotic;synbiotic,,meta_analysis_or_systematic_review,high,1,8.70,medium_for_manual_review,prioritize_extraction,high priority evidence; meta_analysis_or_systematic_review; relevance score 1; sample_size; dose; body_weight_effect; bmi_effect; glucose_effect; lipid_effect,missing duration; missing p_value; taxa not identified from title,https://europepmc.org/article/MED/40647296
PMID:36674104,PubMed,36674104,Effects of a Diet Containing Sources of Prebiotics and Probiotics and Modification of the Gut Microbiota on the Reduction of Body Fat.,probiotic;prebiotic,,needs_manual_classification,medium,2,8.70,medium_for_manual_review,prioritize_extraction,relevance score 2; duration; dose; body_weight_effect; bmi_effect; waist_effect; body_fat_effect; microbiome_effect,missing sample_size; missing p_value; taxa not identified from title,https://pubmed.ncbi.nlm.nih.gov/36674104/
PMID:37602405,PubMed,37602405,"Short-term changes in dietary fat levels and starch sources affect weight management, glucose and lipid metabolism, and gut microbiota in adult cats.",,,needs_manual_classification,medium,3,8.70,medium_for_manual_review,prioritize_extraction,relevance score 3; dose; p_value; body_weight_effect; glucose_effect; lipid_effect; microbiome_effect,missing sample_size; missing duration; taxa not identified from title; intervention type needs manual confirmation,https://pubmed.ncbi.nlm.nih.gov/37602405/
EUROPEPMC:41133047,PubMed,41133047,Efficacy of Gut Microbiome-Targeted Therapies in Modulating Systemic Inflammation and Low-Grade Chronic Inflammatory States in Adults With Metabolic Disorders: A Systematic Review.,,,meta_analysis_or_systematic_review,medium,2,8.60,medium_for_manual_review,prioritize_extraction,meta_analysis_or_systematic_review; relevance score 2; body_weight_effect; bmi_effect; body_fat_effect; glucose_effect; microbiome_effect,missing sample_size; missing duration; missing p_value; taxa not identified from title; intervention type needs manual confirmation,https://europepmc.org/article/MED/41133047
PMID:38068829,PubMed,38068829,Combating Obesity: Harnessing the Synergy of Postbiotics and Prebiotics for Enhanced Lipid Excretion and Microbiota Regulation.,prebiotic;postbiotic,,needs_manual_classification,medium,3,8.60,medium_for_manual_review,prioritize_extraction,relevance score 3; duration; dose; p_value; body_weight_effect; lipid_effect; microbiome_effect,missing sample_size; taxa not identified from title,https://pubmed.ncbi.nlm.nih.gov/38068829/
PMID:31298466,PubMed,31298466,Effect of Synbiotic Supplementation in a Very-Low-Calorie Ketogenic Diet on Weight Loss Achievement and Gut Microbiota: A Randomized Controlled Pilot Study.,synbiotic,,randomized_controlled_trial,high,2,8.60,medium_for_manual_review,prioritize_extraction,high priority evidence; randomized_controlled_trial; relevance score 2; body_weight_effect; glucose_effect; microbiome_effect,missing sample_size; missing duration; missing p_value; taxa not identified from title,https://pubmed.ncbi.nlm.nih.gov/31298466/
PMID:36435795,PubMed,36435795,"The effect of ""moderately restricted carbohydrate"" diet on gut microbiota composition and metabolic parameters in women with metabolic syndrome: a study protocol for a randomized controlled trial.",,,randomized_controlled_trial,high,2,8.50,medium_for_manual_review,prioritize_extraction,high priority evidence; randomized_controlled_trial; relevance score 2; duration; body_weight_effect; microbiome_effect,missing sample_size; missing p_value; taxa not identified from title; intervention type needs manual confirmation,https://pubmed.ncbi.nlm.nih.gov/36435795/
PMID:40796902,PubMed,40796902,The effects of inulin supplementation on eating behaviours in children and adolescents with obesity: a randomized double-blinded placebo-controlled study.,,,randomized_controlled_trial,high,1,8.50,medium_for_manual_review,prioritize_extraction,high priority evidence; randomized_controlled_trial; relevance score 1; sample_size; dose; p_value; lipid_effect; microbiome_effect,missing duration; taxa not identified from title; intervention type needs manual confirmation,https://pubmed.ncbi.nlm.nih.gov/40796902/
EUROPEPMC:40735396,PubMed,40735396,"The Effects of Probiotics Consumption on Blood Pressure, Lipid Profile, Glycemic Indices, and Inflammatory Parameters in Overweight and Obese Adults: A Systematic Review and Meta-Analysis of Randomized Controlled Trials.",probiotic,,meta_analysis_or_systematic_review,high,3,8.40,medium_for_manual_review,prioritize_extraction,high priority evidence; meta_analysis_or_systematic_review; relevance score 3; p_value; glucose_effect; lipid_effect,missing sample_size; missing duration; taxa not identified from title,https://europepmc.org/article/MED/40735396
NCT:NCT06244186,ClinicalTrials.gov,NCT06244186,The Effect of Lactobacillus Delbrueckii Subsp. Bulgaricus on Human's Weight Reduction,,Lactobacillus,clinical_trial_registry,high,1,8.40,medium_for_manual_review,prioritize_extraction,high priority evidence; clinical_trial_registry; relevance score 1; sample_size; body_weight_effect; bmi_effect; body_fat_effect,missing duration; missing p_value; intervention type needs manual confirmation,https://clinicaltrials.gov/study/NCT06244186
PMID:38926901,PubMed,38926901,"Effects of whole-body vibration on body composition, microbiota, cardiometabolic markers, physical fitness, and quality of life after bariatric surgery: protocol for a randomized controlled trial.",,,randomized_controlled_trial,high,3,8.30,medium_for_manual_review,prioritize_extraction,high priority evidence; randomized_controlled_trial; relevance score 3; duration; microbiome_effect,missing sample_size; missing p_value; taxa not identified from title; intervention type needs manual confirmation,https://pubmed.ncbi.nlm.nih.gov/38926901/
PMID:30453950,PubMed,30453950,"Evaluation of the effect of Lactobacillus reuteri V3401 on biomarkers of inflammation, cardiovascular risk and liver steatosis in obese adults with metabolic syndrome: a randomized clinical trial (PROSIR).",,Lactobacillus,randomized_controlled_trial,high,2,8.30,medium_for_manual_review,prioritize_extraction,high priority evidence; randomized_controlled_trial; relevance score 2; duration; body_fat_effect; glucose_effect,missing sample_size; missing p_value; intervention type needs manual confirmation,https://pubmed.ncbi.nlm.nih.gov/30453950/
EUROPEPMC:41494682,PubMed,41494682,The Effects of Probiotic Yogurt and Resistance Training on Body Composition and Metabolic Parameters in Post-bariatric Surgery Patients: A Randomized Controlled Trial.,probiotic,,randomized_controlled_trial,high,2,8.30,medium_for_manual_review,prioritize_extraction,high priority evidence; randomized_controlled_trial; relevance score 2; sample_size; duration; p_value,taxa not identified from title,https://europepmc.org/article/MED/41494682
PMID:33326198,PubMed,33326198,"Impact of diet and synbiotics on selected gut bacteria and intestinal permeability in individuals with excess body weight - A Prospective, Randomized Study.",synbiotic,,randomized_controlled_trial,high,1,8.30,medium_for_manual_review,prioritize_extraction,high priority evidence; randomized_controlled_trial; relevance score 1; duration; p_value; bmi_effect; microbiome_effect,missing sample_size; taxa not identified from title,https://pubmed.ncbi.nlm.nih.gov/33326198/
PMID:41961895,PubMed,41961895,"Effects of Probiotic and Synbiotic Supplementation on Metabolic and Hepatic Outcomes in Children and Adolescents With Obesity, Including Those With Obesity-Related Metabolic Dysfunction-Associated Steatotic Liver Disease: A Systematic Review and Meta-Analysis.",probiotic;synbiotic,,meta_analysis_or_systematic_review,medium,2,8.30,medium_for_manual_review,prioritize_extraction,meta_analysis_or_systematic_review; relevance score 2; sample_size; dose; bmi_effect; waist_effect; glucose_effect; lipid_effect,missing duration; missing p_value; taxa not identified from title,https://pubmed.ncbi.nlm.nih.gov/41961895/
PMID:37580231,PubMed,37580231,"No effect of multi-strain probiotic supplementation on metabolic and inflammatory markers and newborn body composition in pregnant women with obesity: Results from a randomized, double-blind placebo-controlled study.",probiotic,,randomized_controlled_trial,high,3,8.30,medium_for_manual_review,prioritize_extraction,high priority evidence; randomized_controlled_trial; relevance score 3; sample_size; duration,missing p_value; taxa not identified from title,https://pubmed.ncbi.nlm.nih.gov/37580231/
PMID:36615904,PubMed,36615904,Effects of Initial Combinations of Gemigliptin Plus Metformin Compared with Glimepiride Plus Metformin on Gut Microbiota and Glucose Regulation in Obese Patients with Type 2 Diabetes: The INTESTINE Study.,,,needs_manual_classification,medium,3,8.20,medium_for_manual_review,prioritize_extraction,relevance score 3; duration; p_value; body_weight_effect; glucose_effect; microbiome_effect,missing sample_size; taxa not identified from title; intervention type needs manual confirmation,https://pubmed.ncbi.nlm.nih.gov/36615904/
EUROPEPMC:40877311,PubMed,40877311,Long-term health outcomes in adolescents with obesity treated with faecal microbiota transplantation: 4-year follow-up.,,,needs_manual_classification,medium,2,8.20,medium_for_manual_review,prioritize_extraction,relevance score 2; p_value; bmi_effect; waist_effect; body_fat_effect; glucose_effect; lipid_effect,missing sample_size; missing duration; taxa not identified from title; intervention type needs manual confirmation,https://europepmc.org/article/MED/40877311
PMID:30595036,PubMed,30595036,Efficacy of synbiotic supplementation in obesity treatment: A systematic review and meta-analysis of clinical trials.,synbiotic,,meta_analysis_or_systematic_review,high,1,8.20,medium_for_manual_review,prioritize_extraction,high priority evidence; meta_analysis_or_systematic_review; relevance score 1; p_value; body_weight_effect; bmi_effect; body_fat_effect,missing sample_size; missing duration; taxa not identified from title,https://pubmed.ncbi.nlm.nih.gov/30595036/
NCT:NCT02125955,ClinicalTrials.gov,NCT02125955,"Effect of Prebiotic Intake on Adiposity, Satiety and Gut Microbiota in Overweight and Obese Children",prebiotic,,clinical_trial_registry,high,4,8.20,medium_for_manual_review,prioritize_extraction,high priority evidence; clinical_trial_registry; relevance score 4; sample_size,missing duration; missing p_value; taxa not identified from title,https://clinicaltrials.gov/study/NCT02125955
NCT:NCT02151825,ClinicalTrials.gov,NCT02151825,Effect of a Synbiotic on the Gut Microbiota and Adiposity-related Markers in Healthy Overweight Subjects,synbiotic,,clinical_trial_registry,high,4,8.20,medium_for_manual_review,prioritize_extraction,high priority evidence; clinical_trial_registry; relevance score 4; sample_size,missing duration; missing p_value; taxa not identified from title,https://clinicaltrials.gov/study/NCT02151825
PMID:41930918,PubMed,41930918,Gut Microbiota and Metabolic Profiles Reveal the Mechanism of Weight Loss in Patients with Obesity Stimulated By Acupuncture.,,,needs_manual_classification,medium,4,8.20,medium_for_manual_review,prioritize_extraction,relevance score 4; sample_size; duration; body_weight_effect; microbiome_effect,missing p_value; taxa not identified from title; intervention type needs manual confirmation,https://pubmed.ncbi.nlm.nih.gov/41930918/
EUROPEPMC:41736436,PubMed,41736436,Combined acupuncture and herb treatment improves intestinal flora inabdominally obese subjects based on 16s rRNA sequencing: a randomized controlled trial.,,,randomized_controlled_trial,high,1,8.10,medium_for_manual_review,prioritize_extraction,high priority evidence; randomized_controlled_trial; relevance score 1; duration; p_value; waist_effect; microbiome_effect,missing sample_size; taxa not identified from title; intervention type needs manual confirmation,https://europepmc.org/article/MED/41736436
PMID:39535126,PubMed,39535126,Gut microbial metabolism of bile acids modifies the effect of Mediterranean diet interventions on cardiometabolic risk in a randomized controlled trial.,,,randomized_controlled_trial,high,1,8.00,medium_for_manual_review,prioritize_extraction,high priority evidence; randomized_controlled_trial; relevance score 1; sample_size; duration; bmi_effect; lipid_effect,missing p_value; taxa not identified from title; intervention type needs manual confirmation,https://pubmed.ncbi.nlm.nih.gov/39535126/
PMID:41978077,PubMed,41978077,"Modulation of Glucose Homeostasis, Metabolic Endotoxemia and Circulating Short-Chain Fatty Acids Following Multi-Species Probiotic Supplementation: Findings from a 12-Week Randomised Placebo-Controlled Trial.",probiotic,,randomized_controlled_trial,high,1,8.00,medium_for_manual_review,prioritize_extraction,high priority evidence; randomized_controlled_trial; relevance score 1; sample_size; duration; p_value; glucose_effect,taxa not identified from title,https://pubmed.ncbi.nlm.nih.gov/41978077/
EUROPEPMC:42197276,PubMed,42197276,"Combined Probiotic <i>Lactiplantibacillus plantarum</i> ECGC 13110402 and Plant Sterol Supplement May Improve Lipids and Gut Microbiota in Coeliac Adults: A Randomised, Placebo-Controlled Pilot Human Intervention Study.",probiotic,Lactiplantibacillus,randomized_controlled_trial,high,2,8.00,medium_for_manual_review,prioritize_extraction,high priority evidence; randomized_controlled_trial; relevance score 2; duration; lipid_effect; microbiome_effect,missing sample_size; missing p_value,https://europepmc.org/article/MED/42197276
PMID:41812148,PubMed,41812148,"Effects of Polyphenols on Gut Health and Inflammation in Overweight and Obese Populations: A Systematic Review and Meta-analysis of Dose, Duration, and Food Matrix.",,,meta_analysis_or_systematic_review,medium,2,7.90,medium_for_manual_review,prioritize_extraction,meta_analysis_or_systematic_review; relevance score 2; duration; dose; p_value; body_weight_effect; microbiome_effect,missing sample_size; taxa not identified from title; intervention type needs manual confirmation,https://pubmed.ncbi.nlm.nih.gov/41812148/
PMID:39455650,PubMed,39455650,Effects of Lactiplantibacillus plantarum CBT LP3 and Bifidobacterium breve CBT BR3 supplementation on weight loss and gut microbiota of overweight dogs.,,Lactiplantibacillus;Bifidobacterium,needs_manual_classification,medium,3,7.90,medium_for_manual_review,prioritize_extraction,relevance score 3; duration; dose; p_value; body_weight_effect; microbiome_effect,missing sample_size; intervention type needs manual confirmation,https://pubmed.ncbi.nlm.nih.gov/39455650/
EUROPEPMC:40851363,PubMed,40851363,The effect of probiotics on weight management in patients with severe obesity undergoing metabolic and bariatric surgery: a systematic review and meta-analysis.,probiotic,,meta_analysis_or_systematic_review,medium,3,7.90,medium_for_manual_review,prioritize_extraction,meta_analysis_or_systematic_review; relevance score 3; sample_size; body_weight_effect; bmi_effect,missing duration; missing p_value; taxa not identified from title,https://europepmc.org/article/MED/40851363
PMID:37881833,PubMed,37881833,The impact of botanical fermented foods on metabolic syndrome and type 2 diabetes: a systematic review of randomised controlled trials.,,,meta_analysis_or_systematic_review,high,1,7.90,medium_for_manual_review,prioritize_extraction,high priority evidence; meta_analysis_or_systematic_review; relevance score 1; waist_effect; body_fat_effect; glucose_effect; lipid_effect; microbiome_effect,missing sample_size; missing duration; missing p_value; taxa not identified from title; intervention type needs manual confirmation,https://pubmed.ncbi.nlm.nih.gov/37881833/
NCT:NCT02217579,ClinicalTrials.gov,NCT02217579,Effect of Protein and Prebiotic Fiber Intake on Adiposity in Overweight and Obese Adults,prebiotic,,clinical_trial_registry,high,3,7.80,medium_for_manual_review,prioritize_extraction,high priority evidence; clinical_trial_registry; relevance score 3; sample_size; duration,missing p_value; taxa not identified from title,https://clinicaltrials.gov/study/NCT02217579
PMID:24299712,PubMed,24299712,Effect of Lactobacillus rhamnosus CGMCC1.3724 supplementation on weight loss and maintenance in obese men and women.,,Lactobacillus,needs_manual_classification,medium,2,7.80,medium_for_manual_review,prioritize_extraction,relevance score 2; duration; p_value; body_weight_effect; bmi_effect; body_fat_effect,missing sample_size; intervention type needs manual confirmation,https://pubmed.ncbi.nlm.nih.gov/24299712/
PMID:39179206,PubMed,39179206,Consumption of a Sourdough-Leavened Croissant Enriched with a Blend of Fibers Influences Fasting Blood Glucose in a Randomized Controlled Trial in Healthy Subjects.,,,randomized_controlled_trial,high,1,7.80,medium_for_manual_review,prioritize_extraction,high priority evidence; randomized_controlled_trial; relevance score 1; dose; p_value; glucose_effect; microbiome_effect,missing sample_size; missing duration; taxa not identified from title; intervention type needs manual confirmation,https://pubmed.ncbi.nlm.nih.gov/39179206/
PMID:37916149,PubMed,37916149,A specific gut microbiota signature is associated with an enhanced GLP-1 and GLP-2 secretion and improved metabolic control in patients with type 2 diabetes after metabolic Roux-en-Y gastric bypass.,,,needs_manual_classification,medium,2,7.70,medium_for_manual_review,prioritize_extraction,relevance score 2; duration; p_value; bmi_effect; glucose_effect; lipid_effect; microbiome_effect,missing sample_size; taxa not identified from title; intervention type needs manual confirmation,https://pubmed.ncbi.nlm.nih.gov/37916149/
PMID:32618656,PubMed,32618656,Allogenic Fecal Microbiota Transplantation in Patients With Nonalcoholic Fatty Liver Disease Improves Abnormal Small Intestinal Permeability: A Randomized Control Trial.,,,randomized_controlled_trial,high,1,7.70,medium_for_manual_review,prioritize_extraction,high priority evidence; randomized_controlled_trial; relevance score 1; sample_size; duration; glucose_effect; microbiome_effect,missing p_value; taxa not identified from title; intervention type needs manual confirmation,https://pubmed.ncbi.nlm.nih.gov/32618656/
PMID:33544206,PubMed,33544206,Prebiotic dietary fibre intervention improves fecal markers related to inflammation in obese patients: results from the Food4Gut randomized placebo-controlled trial.,prebiotic,,randomized_controlled_trial,high,1,7.70,medium_for_manual_review,prioritize_extraction,high priority evidence; randomized_controlled_trial; relevance score 1; sample_size; duration; dose; p_value,taxa not identified from title,https://pubmed.ncbi.nlm.nih.gov/33544206/
PMID:31250099,PubMed,31250099,Gut microbiota is associated with adiposity markers and probiotics may impact specific genera.,probiotic,,needs_manual_classification,medium,2,7.70,medium_for_manual_review,prioritize_extraction,relevance score 2; cfu; body_weight_effect; bmi_effect; body_fat_effect; microbiome_effect,missing sample_size; missing duration; missing p_value; taxa not identified from title,https://pubmed.ncbi.nlm.nih.gov/31250099/
PMID:24830782,PubMed,24830782,Probiotics during weaning: a follow-up study on effects on body composition and metabolic markers at school age.,probiotic,,needs_manual_classification,medium,2,7.70,medium_for_manual_review,prioritize_extraction,relevance score 2; sample_size; duration; bmi_effect; body_fat_effect; glucose_effect; lipid_effect,missing p_value; taxa not identified from title,https://pubmed.ncbi.nlm.nih.gov/24830782/
PMID:38409604,PubMed,38409604,Resistant starch intake facilitates weight loss in humans by reshaping the gut microbiota.,,,needs_manual_classification,medium,2,7.60,medium_for_manual_review,prioritize_extraction,relevance score 2; sample_size; duration; body_weight_effect; glucose_effect; lipid_effect; microbiome_effect,missing p_value; taxa not identified from title; intervention type needs manual confirmation,https://pubmed.ncbi.nlm.nih.gov/38409604/
PMID:41499920,PubMed,41499920,Gut microbiota composition and derived enterotypes are associated with ponderal status in preschool children. Childhood obesity risk assessment longitudinal study (CORALS) cohort.,,,needs_manual_classification,medium,2,7.60,medium_for_manual_review,prioritize_extraction,relevance score 2; sample_size; p_value; body_weight_effect; bmi_effect; microbiome_effect,missing duration; taxa not identified from title; intervention type needs manual confirmation,https://pubmed.ncbi.nlm.nih.gov/41499920/
NCT:NCT02637115,ClinicalTrials.gov,NCT02637115,Evaluation of the Effects Associated With the Administration of Akkermansia Muciniphila on Parameters of Metabolic Syndrome,,Akkermansia,clinical_trial_registry,high,1,7.60,medium_for_manual_review,prioritize_extraction,high priority evidence; clinical_trial_registry; relevance score 1; sample_size; body_fat_effect; glucose_effect; lipid_effect,missing duration; missing p_value; intervention type needs manual confirmation,https://clinicaltrials.gov/study/NCT02637115
PMID:42243519,PubMed,42243519,"Exercise reprograms the gut microbiota to enhance metabolic outcomes after bariatric surgery: a translational, cross-species study.",,,needs_manual_classification,medium,2,7.60,medium_for_manual_review,prioritize_extraction,relevance score 2; sample_size; duration; body_weight_effect; glucose_effect; lipid_effect; microbiome_effect,missing p_value; taxa not identified from title; intervention type needs manual confirmation,https://pubmed.ncbi.nlm.nih.gov/42243519/
PMID:38953736,PubMed,38953736,"Beneficial effects of a new probiotic formulation on adipocytokines, appetite-regulating hormones, and metabolic parameters in obese women.",probiotic,,needs_manual_classification,medium,2,7.50,medium_for_manual_review,prioritize_extraction,relevance score 2; duration; cfu; dose; p_value; bmi_effect; lipid_effect,missing sample_size; taxa not identified from title,https://pubmed.ncbi.nlm.nih.gov/38953736/
PMID:37474971,PubMed,37474971,Effects of synbiotic supplementation on intestinal microbiota composition in children and adolescents with exogenous obesity: (Probesity-2 trial).,synbiotic,,needs_manual_classification,medium,2,7.50,medium_for_manual_review,prioritize_extraction,relevance score 2; duration; cfu; dose; p_value; bmi_effect; microbiome_effect,missing sample_size; taxa not identified from title,https://pubmed.ncbi.nlm.nih.gov/37474971/
EUROPEPMC:41239457,PubMed,41239457,"Modulating effects of microbiota on synbiotic intervention outcomes for microbiota-derived trimethylamine, trimethylamine N-oxide and indoxyl sulfate in healthy young medical students: insights from a 12-week randomized clinical trial.",synbiotic,,randomized_controlled_trial,high,1,7.50,medium_for_manual_review,prioritize_extraction,high priority evidence; randomized_controlled_trial; relevance score 1; duration; body_weight_effect; microbiome_effect,missing sample_size; missing p_value; taxa not identified from title,https://europepmc.org/article/MED/41239457
PMID:37441828,PubMed,37441828,"Multispecies probiotic affects fecal short-chain fatty acids in postmenopausal women with obesity: A post hoc analysis of a randomized, double-blind, placebo-controlled study.",probiotic,,randomized_controlled_trial,high,1,7.50,medium_for_manual_review,prioritize_extraction,high priority evidence; randomized_controlled_trial; relevance score 1; sample_size; cfu; p_value,missing duration; taxa not identified from title,https://pubmed.ncbi.nlm.nih.gov/37441828/
PMID:41486934,PubMed,41486934,Synergistic anti-obesity effects of Bifidobacterium breve BR3 and Lactiplantibacillus plantarum LP3 via coordinated regulation of lipid metabolism and gut microbiota.,,Lactiplantibacillus;Bifidobacterium,needs_manual_classification,medium,3,7.50,medium_for_manual_review,prioritize_extraction,relevance score 3; duration; body_weight_effect; body_fat_effect; microbiome_effect,missing sample_size; missing p_value; intervention type needs manual confirmation,https://pubmed.ncbi.nlm.nih.gov/41486934/
PMID:41835385,PubMed,41835385,Maternal overweight/obesity and yoghurt supplementation from early pregnancy to postpartum augments infant gut microbiota.,,,needs_manual_classification,medium,3,7.50,medium_for_manual_review,prioritize_extraction,relevance score 3; duration; body_weight_effect; bmi_effect; microbiome_effect,missing sample_size; missing p_value; taxa not identified from title; intervention type needs manual confirmation,https://pubmed.ncbi.nlm.nih.gov/41835385/
NCT:NCT07517757,ClinicalTrials.gov,NCT07517757,Dietary Strategies for the Treatment of Fibromyalgia in Overweight and Obese Patients,,,clinical_trial_registry,high,2,7.40,medium_for_manual_review,prioritize_extraction,high priority evidence; clinical_trial_registry; relevance score 2; sample_size; body_weight_effect,missing duration; missing p_value; taxa not identified from title; intervention type needs manual confirmation,https://clinicaltrials.gov/study/NCT07517757
PMID:33143755,PubMed,33143755,Weight gain and body composition during pregnancy: a randomised pilot trial with probiotics and/or fish oil.,probiotic,,randomized_controlled_trial,high,2,7.40,medium_for_manual_review,prioritize_extraction,high priority evidence; randomized_controlled_trial; relevance score 2; dose; body_fat_effect,missing sample_size; missing duration; missing p_value; taxa not identified from title,https://pubmed.ncbi.nlm.nih.gov/33143755/
PMID:39594049,PubMed,39594049,"The Impact of Green Tea Kombucha on the Intestinal Health, Gut Microbiota, and Serum Metabolome of Individuals with Excess Body Weight in a Weight Loss Intervention: A Randomized Controlled Trial.",,,randomized_controlled_trial,high,2,7.40,medium_for_manual_review,prioritize_extraction,high priority evidence; randomized_controlled_trial; relevance score 2; sample_size; microbiome_effect,missing duration; missing p_value; taxa not identified from title; intervention type needs manual confirmation,https://pubmed.ncbi.nlm.nih.gov/39594049/
PMID:40637175,PubMed,40637175,Gut microbiome-based interventions for the management of obesity in children and adolescents aged up to 19 years.,,,needs_manual_classification,medium,2,7.40,medium_for_manual_review,prioritize_extraction,relevance score 2; sample_size; body_weight_effect; bmi_effect; waist_effect; microbiome_effect,missing duration; missing p_value; taxa not identified from title; intervention type needs manual confirmation,https://pubmed.ncbi.nlm.nih.gov/40637175/
PMID:39997695,PubMed,39997695,Synergistic Effects of Probiotics and Lifestyle Interventions on Intestinal Microbiota Composition and Clinical Outcomes in Obese Adults.,probiotic,,needs_manual_classification,medium,2,7.40,medium_for_manual_review,prioritize_extraction,relevance score 2; sample_size; duration; bmi_effect; glucose_effect; lipid_effect; microbiome_effect,missing p_value; taxa not identified from title,https://pubmed.ncbi.nlm.nih.gov/39997695/
EUROPEPMC:41924306,PubMed,41924306,"Oleoylethanolamide supplementation enriches Akkermansia muciniphila and modulates intestinal barrier function in adults with obesity: A randomized, double-blind, placebo-controlled trial.",,Akkermansia,randomized_controlled_trial,high,1,7.40,medium_for_manual_review,prioritize_extraction,high priority evidence; randomized_controlled_trial; relevance score 1; sample_size; duration; dose; microbiome_effect,missing p_value; intervention type needs manual confirmation,https://europepmc.org/article/MED/41924306
PMID:41075788,PubMed,41075788,Food- vs. supplement-based very-low-energy diets and gut microbiome composition in women with high body mass index: A randomized controlled trial.,,,randomized_controlled_trial,high,2,7.30,medium_for_manual_review,prioritize_extraction,high priority evidence; randomized_controlled_trial; relevance score 2; sample_size; duration,missing p_value; taxa not identified from title; intervention type needs manual confirmation,https://pubmed.ncbi.nlm.nih.gov/41075788/
EUROPEPMC:40895298,PubMed,40895298,Meta-analysis of probiotic metabolites in the prevention of gestational weight gain and postpartum weight retention.,probiotic,,meta_analysis_or_systematic_review,medium,1,7.30,medium_for_manual_review,prioritize_extraction,meta_analysis_or_systematic_review; relevance score 1; p_value; body_weight_effect; glucose_effect; lipid_effect; microbiome_effect,missing sample_size; missing duration; taxa not identified from title,https://europepmc.org/article/MED/40895298
PMID:35267303,PubMed,35267303,Agavins Impact on Gastrointestinal Tolerability-Related Symptoms during a Five-Week Dose-Escalation Intervention in Lean and Obese Mexican Adults: Exploratory Randomized Clinical Trial.,,,randomized_controlled_trial,high,1,7.30,medium_for_manual_review,prioritize_extraction,high priority evidence; randomized_controlled_trial; relevance score 1; dose; body_weight_effect; lipid_effect,missing sample_size; missing duration; missing p_value; taxa not identified from title; intervention type needs manual confirmation,https://pubmed.ncbi.nlm.nih.gov/35267303/
PMID:38999802,PubMed,38999802,"Preoperative Multistrain Probiotic Supplementation Does Not Affect Body Weight Changes or Cardiometabolic Risk Factors in Bariatrics: Randomized, Double-Blind, Placebo-Controlled Clinical Trial.",probiotic,,randomized_controlled_trial,high,2,7.30,medium_for_manual_review,prioritize_extraction,high priority evidence; randomized_controlled_trial; relevance score 2; sample_size; duration,missing p_value; taxa not identified from title,https://pubmed.ncbi.nlm.nih.gov/38999802/
PMID:35467389,PubMed,35467389,Whole-Genome Shotgun Metagenomic Sequencing Reveals Distinct Gut Microbiome Signatures of Obese Cats.,,,needs_manual_classification,medium,2,7.30,medium_for_manual_review,prioritize_extraction,relevance score 2; p_value; body_weight_effect; glucose_effect; lipid_effect; microbiome_effect,missing sample_size; missing duration; taxa not identified from title; intervention type needs manual confirmation,https://pubmed.ncbi.nlm.nih.gov/35467389/
EUROPEPMC:41080326,PubMed,41080326,Gut Microbiota Modulation in Type 2 Diabetes and Cardiometabolic Risk: A Systematic Review.,,,meta_analysis_or_systematic_review,medium,2,7.30,medium_for_manual_review,prioritize_extraction,meta_analysis_or_systematic_review; relevance score 2; body_weight_effect; glucose_effect; lipid_effect; microbiome_effect,missing sample_size; missing duration; missing p_value; taxa not identified from title; intervention type needs manual confirmation,https://europepmc.org/article/MED/41080326
NCT:NCT05423015,ClinicalTrials.gov,NCT05423015,Assessment of the Effects of Synbiotic on Gut Microbiota Composition in Scholars With Overweight,synbiotic,,clinical_trial_registry,high,3,7.20,medium_for_manual_review,prioritize_extraction,high priority evidence; clinical_trial_registry; relevance score 3; sample_size,missing duration; missing p_value; taxa not identified from title,https://clinicaltrials.gov/study/NCT05423015
NCT:NCT04642482,ClinicalTrials.gov,NCT04642482,Synbiotic Therapy on Intestinal Microbiota and Insulin Resistance in Obesity,synbiotic,,clinical_trial_registry,high,3,7.20,medium_for_manual_review,prioritize_extraction,high priority evidence; clinical_trial_registry; relevance score 3; sample_size,missing duration; missing p_value; taxa not identified from title,https://clinicaltrials.gov/study/NCT04642482
PMID:42151830,PubMed,42151830,Short-term synbiotic supplementation and intrahepatic triglyceride content assessed by proton MR spectroscopy: a pilot study.,synbiotic,,needs_manual_classification,medium,1,7.20,medium_for_manual_review,prioritize_extraction,relevance score 1; sample_size; duration; p_value; body_weight_effect; bmi_effect; lipid_effect,taxa not identified from title,https://pubmed.ncbi.nlm.nih.gov/42151830/
NCT:NCT07076329,ClinicalTrials.gov,NCT07076329,Microbiota-Inflammation-Brain Axis in Heart Failure: New Functional Food for the Prevention of undeRnutrition in Older,,,clinical_trial_registry,high,1,7.20,medium_for_manual_review,prioritize_extraction,high priority evidence; clinical_trial_registry; relevance score 1; sample_size; duration; lipid_effect; microbiome_effect,missing p_value; taxa not identified from title; intervention type needs manual confirmation,https://clinicaltrials.gov/study/NCT07076329
NCT:NCT03266055,ClinicalTrials.gov,NCT03266055,Effects of Blueberry on Gut Microbiota and Metabolic Syndrome,,,clinical_trial_registry,high,2,7.20,medium_for_manual_review,prioritize_extraction,high priority evidence; clinical_trial_registry; relevance score 2; sample_size; duration; dose,missing p_value; taxa not identified from title; intervention type needs manual confirmation,https://clinicaltrials.gov/study/NCT03266055
PMID:39796506,PubMed,39796506,"Role of Increasing Body Mass Index in Gut Barrier Dysfunction, Systemic Inflammation, and Metabolic Dysregulation in Obesity.",,,needs_manual_classification,medium,3,7.10,medium_for_manual_review,prioritize_extraction,relevance score 3; bmi_effect; glucose_effect; lipid_effect; microbiome_effect,missing sample_size; missing duration; missing p_value; taxa not identified from title; intervention type needs manual confirmation,https://pubmed.ncbi.nlm.nih.gov/39796506/
PMID:41711285,PubMed,41711285,Children's gut microbiota predicts the efficacy of obesity treatment.,,,needs_manual_classification,medium,2,7.10,medium_for_manual_review,prioritize_extraction,relevance score 2; sample_size; p_value; bmi_effect; lipid_effect; microbiome_effect,missing duration; taxa not identified from title; intervention type needs manual confirmation,https://pubmed.ncbi.nlm.nih.gov/41711285/
EUROPEPMC:41769660,PubMed,41769660,Retrospective insights into probiotic and prebiotic interventions: associations with gut microbiota profiles and nutritional outcomes.,probiotic;prebiotic,,needs_manual_classification,medium,1,7.10,medium_for_manual_review,prioritize_extraction,relevance score 1; sample_size; duration; dose; p_value; bmi_effect; lipid_effect; microbiome_effect,taxa not identified from title,https://europepmc.org/article/MED/41769660
PMID:32152146,PubMed,32152146,Genistein stimulates insulin sensitivity through gut microbiota reshaping and skeletal muscle AMPK activation in obese subjects.,,,needs_manual_classification,medium,3,7.10,medium_for_manual_review,prioritize_extraction,relevance score 3; sample_size; duration; dose; glucose_effect; microbiome_effect,missing p_value; taxa not identified from title; intervention type needs manual confirmation,https://pubmed.ncbi.nlm.nih.gov/32152146/
PMID:32660025,PubMed,32660025,Targeting the Intestinal Microbiota to Prevent Type 2 Diabetes and Enhance the Effect of Metformin on Glycaemia: A Randomised Controlled Pilot Study.,,,randomized_controlled_trial,high,1,7.00,medium_for_manual_review,prioritize_extraction,high priority evidence; randomized_controlled_trial; relevance score 1; sample_size; duration; glucose_effect,missing p_value; taxa not identified from title; intervention type needs manual confirmation,https://pubmed.ncbi.nlm.nih.gov/32660025/
PMID:40802664,PubMed,40802664,Effects of Baobab fruit powder on gut and cardiometabolic health in obesity-Protocol for a randomised placebo-controlled trial.,,,randomized_controlled_trial,high,2,7.00,medium_for_manual_review,prioritize_extraction,high priority evidence; randomized_controlled_trial; relevance score 2; duration; dose,missing sample_size; missing p_value; taxa not identified from title; intervention type needs manual confirmation,https://pubmed.ncbi.nlm.nih.gov/40802664/
PMID:41321998,PubMed,41321998,Gut microbiome enterotypes and temporal variations during a six-month inulin-supplemented weight loss randomized controlled trial in Thai children with obesity.,,,randomized_controlled_trial,high,3,7.00,medium_for_manual_review,prioritize_extraction,high priority evidence; randomized_controlled_trial; relevance score 3,missing sample_size; missing duration; missing p_value; taxa not identified from title; intervention type needs manual confirmation,https://pubmed.ncbi.nlm.nih.gov/41321998/
PMID:41907517,PubMed,41907517,Obesity-associated gut microbiome influences diet-induced metabolic and cognitive outcomes in older adults.,,,needs_manual_classification,medium,3,7.00,medium_for_manual_review,prioritize_extraction,relevance score 3; sample_size; duration; body_fat_effect; microbiome_effect,missing p_value; taxa not identified from title; intervention type needs manual confirmation,https://pubmed.ncbi.nlm.nih.gov/41907517/
NCT:NCT07306988,ClinicalTrials.gov,NCT07306988,Eradication of Helicobacter Pylori Improves Metabolic Syndrome Through Modulation of Gut Microbiota.,,,clinical_trial_registry,high,2,6.90,medium_for_manual_review,prioritize_extraction,high priority evidence; clinical_trial_registry; relevance score 2; sample_size; microbiome_effect,missing duration; missing p_value; taxa not identified from title; intervention type needs manual confirmation,https://clinicaltrials.gov/study/NCT07306988
EUROPEPMC:41804549,PubMed,41804549,Unravelling the role of the gut microbiome in antipsychotic-induced weight gain and metabolic dysfunction in humans and rodents: A systematic review.,,,meta_analysis_or_systematic_review,medium,3,6.90,medium_for_manual_review,prioritize_extraction,meta_analysis_or_systematic_review; relevance score 3; body_weight_effect; microbiome_effect,missing sample_size; missing duration; missing p_value; taxa not identified from title; intervention type needs manual confirmation,https://europepmc.org/article/MED/41804549
PMID:37685493,PubMed,37685493,Exploring Gut Microbiota and the Influence of Physical Activity Interventions on Overweight and Obese Children and Adolescents: A Systematic Review.,,,meta_analysis_or_systematic_review,medium,3,6.90,medium_for_manual_review,prioritize_extraction,meta_analysis_or_systematic_review; relevance score 3; body_weight_effect; microbiome_effect,missing sample_size; missing duration; missing p_value; taxa not identified from title; intervention type needs manual confirmation,https://pubmed.ncbi.nlm.nih.gov/37685493/
PMID:22695039,PubMed,22695039,Probiotics to adolescents with obesity: effects on inflammation and metabolic syndrome.,probiotic,,needs_manual_classification,medium,2,6.90,medium_for_manual_review,prioritize_extraction,relevance score 2; duration; body_weight_effect; glucose_effect; lipid_effect; microbiome_effect,missing sample_size; missing p_value; taxa not identified from title,https://pubmed.ncbi.nlm.nih.gov/22695039/
PMID:40340957,PubMed,40340957,Metabolic Flexibility to Predict Lifestyle Interventions Outcomes (MEPHISTO): Protocol for Predictive Validation Study and Randomized Controlled Trial.,,,randomized_controlled_trial,high,1,6.90,medium_for_manual_review,prioritize_extraction,high priority evidence; randomized_controlled_trial; relevance score 1; sample_size; body_weight_effect,missing duration; missing p_value; taxa not identified from title; intervention type needs manual confirmation,https://pubmed.ncbi.nlm.nih.gov/40340957/
PMID:40536121,PubMed,40536121,"Interaction between dietary omega-3 polyunsaturated fatty acids, obesity and gut microbiota in preclinical models: A systematic review of randomized controlled trials.",,,meta_analysis_or_systematic_review,high,2,6.90,medium_for_manual_review,prioritize_extraction,high priority evidence; meta_analysis_or_systematic_review; relevance score 2; body_weight_effect; microbiome_effect,missing sample_size; missing duration; missing p_value; taxa not identified from title; intervention type needs manual confirmation,https://pubmed.ncbi.nlm.nih.gov/40536121/
PMID:29568104,PubMed,29568104,Gut-microbiome-related LCT genotype and 2-year changes in body composition and fat distribution: the POUNDS Lost Trial.,,,needs_manual_classification,medium,2,6.90,medium_for_manual_review,prioritize_extraction,relevance score 2; p_value; body_weight_effect; body_fat_effect; microbiome_effect,missing sample_size; missing duration; taxa not identified from title; intervention type needs manual confirmation,https://pubmed.ncbi.nlm.nih.gov/29568104/
PMID:26259892,PubMed,26259892,"Effects of synbiotic on anthropometry, lipid profile and oxidative stress in obese children.",synbiotic,,needs_manual_classification,medium,2,6.90,medium_for_manual_review,prioritize_extraction,relevance score 2; p_value; body_weight_effect; bmi_effect; lipid_effect,missing sample_size; missing duration; taxa not identified from title,https://pubmed.ncbi.nlm.nih.gov/26259892/
PMID:28396144,PubMed,28396144,"Supplementation of Diet With Galacto-oligosaccharides Increases Bifidobacteria, but Not Insulin Sensitivity, in Obese Prediabetic Individuals.",,,needs_manual_classification,medium,2,6.90,medium_for_manual_review,prioritize_extraction,relevance score 2; duration; dose; p_value; body_weight_effect; glucose_effect,missing sample_size; taxa not identified from title; intervention type needs manual confirmation,https://pubmed.ncbi.nlm.nih.gov/28396144/
EUROPEPMC:38072119,PubMed,38072119,Effect of Probiotic Supplementation on Intestinal Permeability in Overweight and Obesity: A Systematic Review of Randomized Controlled Trials and Animal Studies.,probiotic,,meta_analysis_or_systematic_review,high,2,6.90,medium_for_manual_review,prioritize_extraction,high priority evidence; meta_analysis_or_systematic_review; relevance score 2; sample_size; body_weight_effect,missing duration; missing p_value; taxa not identified from title,https://europepmc.org/article/MED/38072119
NCT:NCT06423287,ClinicalTrials.gov,NCT06423287,Effects of TRE With Lactobacillus Plantarum LP-KFY04 Supplementation on Overweight / Obese Individuals,,Lactobacillus,clinical_trial_registry,high,2,6.80,medium_for_manual_review,prioritize_extraction,high priority evidence; clinical_trial_registry; relevance score 2; sample_size; duration,missing p_value; intervention type needs manual confirmation,https://clinicaltrials.gov/study/NCT06423287
EUROPEPMC:41782088,PubMed,41782088,"The relationship between intestinal flora and androgen level, glucose and lipid metabolism, inflammatory response and reproductive hormones: a systematic review and meta-analysis.",,,meta_analysis_or_systematic_review,medium,1,6.80,medium_for_manual_review,prioritize_extraction,meta_analysis_or_systematic_review; relevance score 1; sample_size; p_value; glucose_effect; lipid_effect; microbiome_effect,missing duration; taxa not identified from title; intervention type needs manual confirmation,https://europepmc.org/article/MED/41782088
PMID:40507757,PubMed,40507757,"Corporal Composition and Gut Microbiome Modification Through Exclusion Dietary Intervention in Adult Patients with Crohn's Disease: Protocol for a Prospective, Interventional, Controlled, Randomized Clinical Trial.",,,randomized_controlled_trial,high,1,6.70,medium_for_manual_review,prioritize_extraction,high priority evidence; randomized_controlled_trial; relevance score 1; body_fat_effect; microbiome_effect,missing sample_size; missing duration; missing p_value; taxa not identified from title; intervention type needs manual confirmation,https://pubmed.ncbi.nlm.nih.gov/40507757/
PMID:41667211,PubMed,41667211,Big breakfast diet composition impacts on appetite control and gut health: a randomised weight loss trial in adults with overweight or obesity.,,,randomized_controlled_trial,high,2,6.70,medium_for_manual_review,prioritize_extraction,high priority evidence; randomized_controlled_trial; relevance score 2; microbiome_effect,missing sample_size; missing duration; missing p_value; taxa not identified from title; intervention type needs manual confirmation,https://pubmed.ncbi.nlm.nih.gov/41667211/
PMID:39668899,PubMed,39668899,"Gut microbiota, physical activity and/or metabolic markers in healthy individuals - towards new biomarkers of health.",,,needs_manual_classification,medium,2,6.70,medium_for_manual_review,prioritize_extraction,relevance score 2; sample_size; duration; bmi_effect; lipid_effect; microbiome_effect,missing p_value; taxa not identified from title; intervention type needs manual confirmation,https://pubmed.ncbi.nlm.nih.gov/39668899/
PMID:40895654,PubMed,40895654,Recent Trends in the Prevention and Management of Obesity Among Adults: A Systematic Review.,,,meta_analysis_or_systematic_review,medium,1,6.70,medium_for_manual_review,prioritize_extraction,meta_analysis_or_systematic_review; relevance score 1; sample_size; body_weight_effect; waist_effect; body_fat_effect,missing duration; missing p_value; taxa not identified from title; intervention type needs manual confirmation,https://pubmed.ncbi.nlm.nih.gov/40895654/
NCT:NCT07515443,ClinicalTrials.gov,NCT07515443,The Effects of a Commercially Available Synbiotic on the Gut Microbiome and Cardiometabolic Health: A Randomized Double-Blind Placebo-Controlled Trial,synbiotic,,randomized_controlled_trial,high,2,6.70,medium_for_manual_review,prioritize_extraction,high priority evidence; randomized_controlled_trial; relevance score 2; sample_size,missing duration; missing p_value; taxa not identified from title,https://clinicaltrials.gov/study/NCT07515443
PMID:39137936,PubMed,39137936,"An encompassing review of meta-analyses and systematic reviews of the effect of oats on all-cause mortality, cardiovascular risk, diabetes risk, body weight/adiposity and gut health.",,,meta_analysis_or_systematic_review,medium,2,6.60,medium_for_manual_review,prioritize_extraction,meta_analysis_or_systematic_review; relevance score 2; body_weight_effect; glucose_effect; lipid_effect,missing sample_size; missing duration; missing p_value; taxa not identified from title; intervention type needs manual confirmation,https://pubmed.ncbi.nlm.nih.gov/39137936/
NCT:NCT05802121,ClinicalTrials.gov,NCT05802121,Akkermansia Muciniphilia and Metabolic Side Effects of ADT,,Akkermansia,clinical_trial_registry,high,1,6.60,medium_for_manual_review,prioritize_extraction,high priority evidence; clinical_trial_registry; relevance score 1; sample_size; glucose_effect; lipid_effect,missing duration; missing p_value; intervention type needs manual confirmation,https://clinicaltrials.gov/study/NCT05802121
PMID:39125666,PubMed,39125666,Metabolic Syndrome and Psoriasis: Pivotal Roles of Chronic Inflammation and Gut Microbiota.,,,needs_manual_classification,medium,2,6.60,medium_for_manual_review,prioritize_extraction,relevance score 2; body_weight_effect; body_fat_effect; glucose_effect; microbiome_effect,missing sample_size; missing duration; missing p_value; taxa not identified from title; intervention type needs manual confirmation,https://pubmed.ncbi.nlm.nih.gov/39125666/
NCT:NCT01235026,ClinicalTrials.gov,NCT01235026,Synbiotics and Low Grade Inflammation in Obese Subjects,synbiotic,,clinical_trial_registry,high,1,6.60,medium_for_manual_review,prioritize_extraction,high priority evidence; clinical_trial_registry; relevance score 1; sample_size; glucose_effect; lipid_effect,missing duration; missing p_value; taxa not identified from title,https://clinicaltrials.gov/study/NCT01235026
PMID:38270436,PubMed,38270436,Dietary supplementation with probiotics promotes weight loss by reshaping the gut microbiome and energy metabolism in obese dogs.,probiotic,,needs_manual_classification,medium,3,6.60,medium_for_manual_review,prioritize_extraction,relevance score 3; body_weight_effect; glucose_effect; lipid_effect,missing sample_size; missing duration; missing p_value; taxa not identified from title,https://pubmed.ncbi.nlm.nih.gov/38270436/
NCT:NCT03261466,ClinicalTrials.gov,NCT03261466,BIFI-OBESE: Clinical Trial in Paediatric Obesity,,,clinical_trial_registry,high,1,6.60,medium_for_manual_review,prioritize_extraction,high priority evidence; clinical_trial_registry; relevance score 1; sample_size; glucose_effect; microbiome_effect,missing duration; missing p_value; taxa not identified from title; intervention type needs manual confirmation,https://clinicaltrials.gov/study/NCT03261466
PMID:38744950,PubMed,38744950,"Effect of weight loss program using prebiotics and probiotics on body composition, physique, and metabolic products: longitudinal intervention study.",probiotic;prebiotic,,needs_manual_classification,medium,3,6.50,medium_for_manual_review,prioritize_extraction,relevance score 3; duration; body_weight_effect; microbiome_effect,missing sample_size; missing p_value; taxa not identified from title,https://pubmed.ncbi.nlm.nih.gov/38744950/
PMID:23442391,PubMed,23442391,SPRING: an RCT study of probiotics in the prevention of gestational diabetes mellitus in overweight and obese women.,probiotic,,needs_manual_classification,medium,2,6.50,medium_for_manual_review,prioritize_extraction,relevance score 2; duration; body_weight_effect; body_fat_effect; microbiome_effect,missing sample_size; missing p_value; taxa not identified from title,https://pubmed.ncbi.nlm.nih.gov/23442391/
PMID:24969566,PubMed,24969566,Inulin-type fructans modulate intestinal Bifidobacterium species populations and decrease fecal short-chain fatty acids in obese women.,,Bifidobacterium,needs_manual_classification,medium,1,6.40,medium_for_manual_review,prioritize_extraction,relevance score 1; sample_size; duration; dose; p_value; bmi_effect; glucose_effect,intervention type needs manual confirmation,https://pubmed.ncbi.nlm.nih.gov/24969566/
EUROPEPMC:41999447,PubMed,41999447,Reconsidering Obesity in India Through a Gut-Metabolic Lens: Mechanistic Insights and the Emerging Role of Synbiotics in Individuals with the Thin-Fat Phenotype.,synbiotic,,needs_manual_classification,medium,2,6.40,medium_for_manual_review,prioritize_extraction,relevance score 2; bmi_effect; body_fat_effect; glucose_effect; microbiome_effect,missing sample_size; missing duration; missing p_value; taxa not identified from title,https://europepmc.org/article/MED/41999447
PMID:38674884,PubMed,38674884,"Evaluation of Menopausal Syndrome Relief and Anti-Obesity Efficacy of the Korean Fermented Food Doenjang: A Randomized, Double-Blind Clinical Trial.",,,randomized_controlled_trial,high,1,6.40,medium_for_manual_review,prioritize_extraction,high priority evidence; randomized_controlled_trial; relevance score 1; sample_size; lipid_effect,missing duration; missing p_value; taxa not identified from title; intervention type needs manual confirmation,https://pubmed.ncbi.nlm.nih.gov/38674884/
EUROPEPMC:41870630,PubMed,41870630,Sex-specific differences in salivary microbiota composition and their associations with metabolic health in adults with excess body weight: a secondary cross-sectional analysis.,,,needs_manual_classification,medium,3,6.40,medium_for_manual_review,prioritize_extraction,relevance score 3; sample_size; p_value; microbiome_effect,missing duration; taxa not identified from title; intervention type needs manual confirmation,https://europepmc.org/article/MED/41870630
EUROPEPMC:41002774,PubMed,41002774,Effects of Dietary and Probiotic Interventions in Patients with Metabolic Syndrome and Obstructive Sleep Apnea.,probiotic,,needs_manual_classification,medium,1,6.40,medium_for_manual_review,prioritize_extraction,relevance score 1; sample_size; p_value; bmi_effect; body_fat_effect; lipid_effect,missing duration; taxa not identified from title,https://europepmc.org/article/MED/41002774
EUROPEPMC:38732619,PubMed,38732619,Insights into the Anti-Adipogenic and Anti-Inflammatory Potentialities of Probiotics against Obesity.,probiotic,,needs_manual_classification,medium,1,6.30,medium_for_manual_review,prioritize_extraction,relevance score 1; body_weight_effect; bmi_effect; glucose_effect; lipid_effect; microbiome_effect,missing sample_size; missing duration; missing p_value; taxa not identified from title,https://europepmc.org/article/MED/38732619
PMID:26084343,PubMed,26084343,Intake of Lactobacillus reuteri improves incretin and insulin secretion in glucose-tolerant humans: a proof of concept.,,Lactobacillus,needs_manual_classification,medium,1,6.30,medium_for_manual_review,prioritize_extraction,relevance score 1; duration; p_value; bmi_effect; body_fat_effect; glucose_effect,missing sample_size; intervention type needs manual confirmation,https://pubmed.ncbi.nlm.nih.gov/26084343/
PMID:41754080,PubMed,41754080,Associations Between Gut Microbiome Enterotypes and Body Weight Change During Whole Milk Consumption.,,,needs_manual_classification,medium,2,6.30,medium_for_manual_review,prioritize_extraction,relevance score 2; sample_size; dose; p_value; body_weight_effect,missing duration; taxa not identified from title; intervention type needs manual confirmation,https://pubmed.ncbi.nlm.nih.gov/41754080/
EUROPEPMC:42221399,PubMed,42221399,Harnessing Microbiome Therapy to Treat Metabolic Syndrome.,,,needs_manual_classification,medium,2,6.30,medium_for_manual_review,prioritize_extraction,relevance score 2; body_weight_effect; glucose_effect; lipid_effect; microbiome_effect,missing sample_size; missing duration; missing p_value; taxa not identified from title; intervention type needs manual confirmation,https://europepmc.org/article/MED/42221399
NCT:NCT03201068,ClinicalTrials.gov,NCT03201068,"Probiotic Supplement and Microbiome, Immune System and Metabolic Syndrome",probiotic,,clinical_trial_registry,high,2,6.20,medium_for_manual_review,prioritize_extraction,high priority evidence; clinical_trial_registry; relevance score 2; sample_size,missing duration; missing p_value; taxa not identified from title,https://clinicaltrials.gov/study/NCT03201068
NCT:NCT06313580,ClinicalTrials.gov,NCT06313580,Spices for Cultivating a Healthy Gut Microbiome and Cardiometabolic Profile,,,clinical_trial_registry,high,2,6.20,medium_for_manual_review,prioritize_extraction,high priority evidence; clinical_trial_registry; relevance score 2; sample_size,missing duration; missing p_value; taxa not identified from title; intervention type needs manual confirmation,https://clinicaltrials.gov/study/NCT06313580
NCT:NCT03883191,ClinicalTrials.gov,NCT03883191,Effect of a Three Combined Probiotics Supplementation on Weight Loss in Obese/Overweight Children,probiotic,,clinical_trial_registry,high,2,6.20,medium_for_manual_review,prioritize_extraction,high priority evidence; clinical_trial_registry; relevance score 2; sample_size,missing duration; missing p_value; taxa not identified from title,https://clinicaltrials.gov/study/NCT03883191
NCT:NCT03135041,ClinicalTrials.gov,NCT03135041,The Effect of Prebiotic Fibres on Weight Loss in an Overweight and Obese Population,prebiotic,,clinical_trial_registry,high,2,6.20,medium_for_manual_review,prioritize_extraction,high priority evidence; clinical_trial_registry; relevance score 2; sample_size,missing duration; missing p_value; taxa not identified from title,https://clinicaltrials.gov/study/NCT03135041
NCT:NCT03287726,ClinicalTrials.gov,NCT03287726,What is the Impact of Probiotics on Weight Loss Maintenance in Individuals With Obesity?,probiotic,,clinical_trial_registry,high,2,6.20,medium_for_manual_review,prioritize_extraction,high priority evidence; clinical_trial_registry; relevance score 2; sample_size,missing duration; missing p_value; taxa not identified from title,https://clinicaltrials.gov/study/NCT03287726
NCT:NCT06030999,ClinicalTrials.gov,NCT06030999,The Prevention And Treatment On Obesity And Weight Management By Oral Supplementation Of Probiotics And Prebiotics,probiotic;prebiotic,,clinical_trial_registry,high,2,6.20,medium_for_manual_review,prioritize_extraction,high priority evidence; clinical_trial_registry; relevance score 2; sample_size,missing duration; missing p_value; taxa not identified from title,https://clinicaltrials.gov/study/NCT06030999
NCT:NCT07593170,ClinicalTrials.gov,NCT07593170,AKK Study in Improving Obesity and Metabolic Status in Children and Adolescents,,,clinical_trial_registry,high,2,6.20,medium_for_manual_review,prioritize_extraction,high priority evidence; clinical_trial_registry; relevance score 2; sample_size,missing duration; missing p_value; taxa not identified from title; intervention type needs manual confirmation,https://clinicaltrials.gov/study/NCT07593170
NCT:NCT07448220,ClinicalTrials.gov,NCT07448220,Study on the Efficacy of Probiotics in the Treatment of Childhood Obesity and Their Effects on Gut Microbiota,probiotic,,clinical_trial_registry,high,2,6.20,medium_for_manual_review,prioritize_extraction,high priority evidence; clinical_trial_registry; relevance score 2; sample_size,missing duration; missing p_value; taxa not identified from title,https://clinicaltrials.gov/study/NCT07448220
NCT:NCT01650025,ClinicalTrials.gov,NCT01650025,"Effects of VSL#3 on Metabolic, Endocrine, Lipidomic and Inflammatory Parameters of Pediatric Patients With BMI>90&#176;",,,clinical_trial_registry,high,2,6.20,medium_for_manual_review,prioritize_extraction,high priority evidence; clinical_trial_registry; relevance score 2; sample_size,missing duration; missing p_value; taxa not identified from title; intervention type needs manual confirmation,https://clinicaltrials.gov/study/NCT01650025
NCT:NCT00522353,ClinicalTrials.gov,NCT00522353,Prebiotic Fiber as a Modifier of Satiety Hormones and Body Weight in Overweight and Obese Adults,prebiotic,,clinical_trial_registry,high,2,6.20,medium_for_manual_review,prioritize_extraction,high priority evidence; clinical_trial_registry; relevance score 2; sample_size,missing duration; missing p_value; taxa not identified from title,https://clinicaltrials.gov/study/NCT00522353
NCT:NCT05459909,ClinicalTrials.gov,NCT05459909,The Effect of Synbiotic and Diet Modification Among Overweight or Obese Hong Kong Chinese,synbiotic,,clinical_trial_registry,high,2,6.20,medium_for_manual_review,prioritize_extraction,high priority evidence; clinical_trial_registry; relevance score 2; sample_size,missing duration; missing p_value; taxa not identified from title,https://clinicaltrials.gov/study/NCT05459909
NCT:NCT03749291,ClinicalTrials.gov,NCT03749291,Motivational Intervention on the Gut Microbiota of Obese Children,,,clinical_trial_registry,high,2,6.20,medium_for_manual_review,prioritize_extraction,high priority evidence; clinical_trial_registry; relevance score 2; sample_size,missing duration; missing p_value; taxa not identified from title; intervention type needs manual confirmation,https://clinicaltrials.gov/study/NCT03749291
NCT:NCT05664321,ClinicalTrials.gov,NCT05664321,Influence of Adiposity and Other Factors on the Gut Microbiota Composition,,,clinical_trial_registry,high,2,6.20,medium_for_manual_review,prioritize_extraction,high priority evidence; clinical_trial_registry; relevance score 2; sample_size,missing duration; missing p_value; taxa not identified from title; intervention type needs manual confirmation,https://clinicaltrials.gov/study/NCT05664321
NCT:NCT04201938,ClinicalTrials.gov,NCT04201938,Effect of Probiotic Co-administration With Omega-3 Fatty Acids on Obesity Parameters and Insulin Resistance,probiotic,,clinical_trial_registry,high,2,6.20,medium_for_manual_review,prioritize_extraction,high priority evidence; clinical_trial_registry; relevance score 2; sample_size,missing duration; missing p_value; taxa not identified from title,https://clinicaltrials.gov/study/NCT04201938
NCT:NCT05908474,ClinicalTrials.gov,NCT05908474,"The Effects of io Fibrewater Supplementation on Gut Health, Immunity and Metabolism in Overweight Adults",,,clinical_trial_registry,high,2,6.20,medium_for_manual_review,prioritize_extraction,high priority evidence; clinical_trial_registry; relevance score 2; sample_size,missing duration; missing p_value; taxa not identified from title; intervention type needs manual confirmation,https://clinicaltrials.gov/study/NCT05908474
NCT:NCT07507929,ClinicalTrials.gov,NCT07507929,Probiotic for Weight Management in Overweight and Obese Adults,probiotic,,clinical_trial_registry,high,2,6.20,medium_for_manual_review,prioritize_extraction,high priority evidence; clinical_trial_registry; relevance score 2; sample_size,missing duration; missing p_value; taxa not identified from title,https://clinicaltrials.gov/study/NCT07507929
NCT:NCT07559227,ClinicalTrials.gov,NCT07559227,"Gut, Immune, and Vascular Health in Metabolically Healthy Obesity",,,clinical_trial_registry,high,2,6.20,medium_for_manual_review,prioritize_extraction,high priority evidence; clinical_trial_registry; relevance score 2; sample_size,missing duration; missing p_value; taxa not identified from title; intervention type needs manual confirmation,https://clinicaltrials.gov/study/NCT07559227
PMID:41205303,PubMed,41205303,Bacteroides acidifaciens alleviates high-fat diet-induced obesity-related osteoporosis by regulating gut microbiota and bile acid metabolism via the gut-bone axis.,,,needs_manual_classification,medium,2,6.20,medium_for_manual_review,prioritize_extraction,relevance score 2; duration; body_weight_effect; glucose_effect; lipid_effect,missing sample_size; missing p_value; taxa not identified from title; intervention type needs manual confirmation,https://pubmed.ncbi.nlm.nih.gov/41205303/
NCT:NCT02958644,ClinicalTrials.gov,NCT02958644,Effect of Synbiotic Supplement on the Body Mass Index of Participants With Severe Obesity,synbiotic,,clinical_trial_registry,high,2,6.20,medium_for_manual_review,prioritize_extraction,high priority evidence; clinical_trial_registry; relevance score 2; sample_size,missing duration; missing p_value; taxa not identified from title,https://clinicaltrials.gov/study/NCT02958644
NCT:NCT06305650,ClinicalTrials.gov,NCT06305650,Probiotic Influence on Obesity-Related Lipidemia,probiotic,,clinical_trial_registry,high,2,6.20,medium_for_manual_review,prioritize_extraction,high priority evidence; clinical_trial_registry; relevance score 2; sample_size,missing duration; missing p_value; taxa not identified from title,https://clinicaltrials.gov/study/NCT06305650
NCT:NCT02127125,ClinicalTrials.gov,NCT02127125,Mechanism of Microbiome-induced Insulin Resistance in Humans (Aim2),,,clinical_trial_registry,high,2,6.20,medium_for_manual_review,prioritize_extraction,high priority evidence; clinical_trial_registry; relevance score 2; sample_size,missing duration; missing p_value; taxa not identified from title; intervention type needs manual confirmation,https://clinicaltrials.gov/study/NCT02127125
NCT:NCT06035718,ClinicalTrials.gov,NCT06035718,Effect of Transcranial Direct Current Stimulation (tDCS) and Probiotic Supplementation in Overweight Adults,probiotic,,clinical_trial_registry,high,2,6.20,medium_for_manual_review,prioritize_extraction,high priority evidence; clinical_trial_registry; relevance score 2; sample_size,missing duration; missing p_value; taxa not identified from title,https://clinicaltrials.gov/study/NCT06035718
NCT:NCT06780007,ClinicalTrials.gov,NCT06780007,Weight Loss Effect of Akkermansia Muciniphila in Obese Patients,,Akkermansia,clinical_trial_registry,high,2,6.20,medium_for_manual_review,prioritize_extraction,high priority evidence; clinical_trial_registry; relevance score 2; sample_size,missing duration; missing p_value; intervention type needs manual confirmation,https://clinicaltrials.gov/study/NCT06780007
NCT:NCT01870544,ClinicalTrials.gov,NCT01870544,"Does Weight Loss Surgery and Probiotic Supplementation Lead to a ""Lean"" Gut Microbiota?",probiotic,,clinical_trial_registry,high,2,6.20,medium_for_manual_review,prioritize_extraction,high priority evidence; clinical_trial_registry; relevance score 2; sample_size,missing duration; missing p_value; taxa not identified from title,https://clinicaltrials.gov/study/NCT01870544
NCT:NCT05002153,ClinicalTrials.gov,NCT05002153,The Role of Microbiome in Recurrent Obesity,,,clinical_trial_registry,high,2,6.20,medium_for_manual_review,prioritize_extraction,high priority evidence; clinical_trial_registry; relevance score 2; sample_size,missing duration; missing p_value; taxa not identified from title; intervention type needs manual confirmation,https://clinicaltrials.gov/study/NCT05002153
EUROPEPMC:40913714,PubMed,40913714,"Bridging the Gut Microbiota and the Brain, Kidney, and Cardiovascular Health: The Role of Probiotics.",probiotic,,needs_manual_classification,medium,1,6.10,medium_for_manual_review,prioritize_extraction,relevance score 1; bmi_effect; body_fat_effect; glucose_effect; lipid_effect; microbiome_effect,missing sample_size; missing duration; missing p_value; taxa not identified from title,https://europepmc.org/article/MED/40913714
PMID:42058078,PubMed,42058078,"Study protocol for a pragmatic randomized controlled trial evaluating coarse-cereal intake intervention for obesity prevention among primary school students in suburban Beijing, China.",,,randomized_controlled_trial,high,1,6.00,medium_for_manual_review,prioritize_extraction,high priority evidence; randomized_controlled_trial; relevance score 1; duration; dose,missing sample_size; missing p_value; taxa not identified from title; intervention type needs manual confirmation,https://pubmed.ncbi.nlm.nih.gov/42058078/
PMID:42010766,PubMed,42010766,Exercise intensity as a modulator of gut microbiota and host metabolic health in obesity.,,,needs_manual_classification,medium,3,6.00,medium_for_manual_review,prioritize_extraction,relevance score 3; sample_size; duration; microbiome_effect,missing p_value; taxa not identified from title; intervention type needs manual confirmation,https://pubmed.ncbi.nlm.nih.gov/42010766/
PMID:33915854,PubMed,33915854,Role of Probiotics in Modulating Human Gut Microbiota Populations and Activities in Patients with Colorectal Cancer-A Systematic Review of Clinical Trials.,probiotic,,meta_analysis_or_systematic_review,high,1,6.00,medium_for_manual_review,prioritize_extraction,high priority evidence; meta_analysis_or_systematic_review; relevance score 1; sample_size; duration; microbiome_effect,missing p_value; taxa not identified from title,https://pubmed.ncbi.nlm.nih.gov/33915854/
EUROPEPMC:41097469,PubMed,41097469,"Effect of Probiotics Containing <i>Lactobacillus plantarum</i> on Blood Lipids: Systematic Review, Meta-Analysis, and Network Pharmacological Analysis.",probiotic,Lactobacillus,meta_analysis_or_systematic_review,medium,1,6.00,medium_for_manual_review,prioritize_extraction,meta_analysis_or_systematic_review; relevance score 1; sample_size; duration; p_value; lipid_effect,,https://europepmc.org/article/MED/41097469
PMID:42116498,PubMed,42116498,Timing matters in type 2 diabetes: Early high-Fiber nutrition enhances glycemic control and reshapes gut microbiota.,,,needs_manual_classification,medium,1,6.00,medium_for_manual_review,prioritize_extraction,relevance score 1; duration; p_value; bmi_effect; glucose_effect; microbiome_effect,missing sample_size; taxa not identified from title; intervention type needs manual confirmation,https://pubmed.ncbi.nlm.nih.gov/42116498/
NCT:NCT06729671,ClinicalTrials.gov,NCT06729671,A Probiotic Strategy for Antipsychotic-induced Metabolic Dysfunction,probiotic,,clinical_trial_registry,high,1,6.00,medium_for_manual_review,prioritize_extraction,high priority evidence; clinical_trial_registry; relevance score 1; sample_size; waist_effect,missing duration; missing p_value; taxa not identified from title,https://clinicaltrials.gov/study/NCT06729671
PMID:39520336,PubMed,39520336,Intermittent Fasting Improves Insulin Resistance by Modulating the Gut Microbiota and Bile Acid Metabolism in Diet-Induced Obesity.,,,needs_manual_classification,medium,3,6.00,medium_for_manual_review,prioritize_extraction,relevance score 3; duration; glucose_effect; microbiome_effect,missing sample_size; missing p_value; taxa not identified from title; intervention type needs manual confirmation,https://pubmed.ncbi.nlm.nih.gov/39520336/
PMID:39400776,PubMed,39400776,Impact of bariatric surgery on gut microbiota composition in obese patients compared to healthy controls.,,,needs_manual_classification,medium,2,5.90,low_for_manual_review,defer_or_screen_manually,relevance score 2; body_weight_effect; bmi_effect; microbiome_effect,missing sample_size; missing duration; missing p_value; taxa not identified from title; intervention type needs manual confirmation,https://pubmed.ncbi.nlm.nih.gov/39400776/
PMID:41882376,PubMed,41882376,Genetically mediated causal relationship between gut microbiota composition and childhood obesity.,,,needs_manual_classification,medium,2,5.90,low_for_manual_review,defer_or_screen_manually,relevance score 2; p_value; body_weight_effect; microbiome_effect,missing sample_size; missing duration; taxa not identified from title; intervention type needs manual confirmation,https://pubmed.ncbi.nlm.nih.gov/41882376/
PMID:41871887,PubMed,41871887,Effects of Nutritional Supplement Intake on Pregnancy Outcomes in Overweight and Obese Women: A Systematic Review and Meta-Analysis.,,,meta_analysis_or_systematic_review,medium,2,5.90,low_for_manual_review,defer_or_screen_manually,meta_analysis_or_systematic_review; relevance score 2; sample_size; body_weight_effect,missing duration; missing p_value; taxa not identified from title; intervention type needs manual confirmation,https://pubmed.ncbi.nlm.nih.gov/41871887/
PMID:35977666,PubMed,35977666,Functional fiber enhances the effect of every-other-day fasting on insulin sensitivity by regulating the gut microecosystem.,,,needs_manual_classification,medium,1,5.90,low_for_manual_review,defer_or_screen_manually,relevance score 1; sample_size; duration; body_weight_effect; glucose_effect; microbiome_effect,missing p_value; taxa not identified from title; intervention type needs manual confirmation,https://pubmed.ncbi.nlm.nih.gov/35977666/
PMID:30468509,PubMed,30468509,"Probiotics, prebiotics and synbiotics for weight loss and metabolic syndrome in the microbiome era.",probiotic;prebiotic;synbiotic,,needs_manual_classification,medium,3,5.90,low_for_manual_review,defer_or_screen_manually,relevance score 3; body_weight_effect; microbiome_effect,missing sample_size; missing duration; missing p_value; taxa not identified from title,https://pubmed.ncbi.nlm.nih.gov/30468509/
PMID:40642833,PubMed,40642833,Quantitative analysis of the efficacy characteristics and influencing factors of weight loss drugs in children and adolescents.,,,needs_manual_classification,medium,1,5.90,low_for_manual_review,defer_or_screen_manually,relevance score 1; sample_size; duration; dose; body_weight_effect; bmi_effect,missing p_value; taxa not identified from title; intervention type needs manual confirmation,https://pubmed.ncbi.nlm.nih.gov/40642833/
EUROPEPMC:40601234,PubMed,40601234,"Emerging evidence and potential avenues to achieve durable outcomes in patients with obesity: the confluence of nutrition, and Microbiome on body composition.",,,needs_manual_classification,medium,3,5.90,low_for_manual_review,defer_or_screen_manually,relevance score 3; body_weight_effect; microbiome_effect,missing sample_size; missing duration; missing p_value; taxa not identified from title; intervention type needs manual confirmation,https://europepmc.org/article/MED/40601234
NCT:NCT02773927,ClinicalTrials.gov,NCT02773927,Combination of Metformin/Inulin vs Inulin on Adiponectin in Metabolic Syndrome,,,clinical_trial_registry,high,1,5.80,low_for_manual_review,defer_or_screen_manually,high priority evidence; clinical_trial_registry; relevance score 1; sample_size; duration,missing p_value; taxa not identified from title; intervention type needs manual confirmation,https://clinicaltrials.gov/study/NCT02773927
NCT:NCT06974994,ClinicalTrials.gov,NCT06974994,Resilience to Antibiotic-induced Obesogenic Microbiota: Discovering Mechanism of Microbiota Modulation,,,clinical_trial_registry,high,1,5.80,low_for_manual_review,defer_or_screen_manually,high priority evidence; clinical_trial_registry; relevance score 1; sample_size; duration,missing p_value; taxa not identified from title; intervention type needs manual confirmation,https://clinicaltrials.gov/study/NCT06974994
PMID:37915619,PubMed,37915619,A nutritional supplement taken during preconception and pregnancy influences human milk macronutrients in women with overweight/obesity and gestational diabetes mellitus.,,,needs_manual_classification,medium,2,5.80,low_for_manual_review,defer_or_screen_manually,relevance score 2; duration; p_value; body_weight_effect,missing sample_size; taxa not identified from title; intervention type needs manual confirmation,https://pubmed.ncbi.nlm.nih.gov/37915619/
PMID:37602197,PubMed,37602197,Gut microbiome biomarkers in adolescent obesity: a regional study.,,,needs_manual_classification,medium,2,5.80,low_for_manual_review,defer_or_screen_manually,relevance score 2; bmi_effect; waist_effect; body_fat_effect,missing sample_size; missing duration; missing p_value; taxa not identified from title; intervention type needs manual confirmation,https://pubmed.ncbi.nlm.nih.gov/37602197/
PMID:34684633,PubMed,34684633,Effects of Probiotics and Synbiotics on Weight Loss in Subjects with Overweight or Obesity: A Systematic Review.,probiotic;synbiotic,,meta_analysis_or_systematic_review,medium,2,5.80,low_for_manual_review,defer_or_screen_manually,meta_analysis_or_systematic_review; relevance score 2; duration; body_weight_effect,missing sample_size; missing p_value; taxa not identified from title,https://pubmed.ncbi.nlm.nih.gov/34684633/
PMID:32698959,PubMed,32698959,Acute and chronic improvement in postprandial glucose metabolism by a diet resembling the traditional Mediterranean dietary pattern: Can SCFAs play a role?,,,needs_manual_classification,medium,1,5.70,low_for_manual_review,defer_or_screen_manually,relevance score 1; sample_size; duration; p_value; glucose_effect; microbiome_effect,taxa not identified from title; intervention type needs manual confirmation,https://pubmed.ncbi.nlm.nih.gov/32698959/
PMID:37642346,PubMed,37642346,"Gut microbiome diversity, variability, and latent community types compared with shifts in body weight during the freshman year of college in dormitory-housed adolescents.",,,needs_manual_classification,medium,2,5.70,low_for_manual_review,defer_or_screen_manually,relevance score 2; body_weight_effect; waist_effect; microbiome_effect,missing sample_size; missing duration; missing p_value; taxa not identified from title; intervention type needs manual confirmation,https://pubmed.ncbi.nlm.nih.gov/37642346/
PMID:39182247,PubMed,39182247,Examination of sex-specific interactions between gut microbiota and host metabolism after 12-week combined polyphenol supplementation in individuals with overweight or obesity.,,,needs_manual_classification,medium,3,5.70,low_for_manual_review,defer_or_screen_manually,relevance score 3; duration; dose; microbiome_effect,missing sample_size; missing p_value; taxa not identified from title; intervention type needs manual confirmation,https://pubmed.ncbi.nlm.nih.gov/39182247/
PMID:38975363,PubMed,38975363,"Dissecting the association between gut microbiota, body mass index and specific depressive symptoms: a mediation Mendelian randomisation study.",,,needs_manual_classification,medium,2,5.70,low_for_manual_review,defer_or_screen_manually,relevance score 2; p_value; bmi_effect; microbiome_effect,missing sample_size; missing duration; taxa not identified from title; intervention type needs manual confirmation,https://pubmed.ncbi.nlm.nih.gov/38975363/
EUROPEPMC:42108208,PubMed,42108208,Comparative Efficacy of Probiotics for the Treatment of Obesity: A Systematic Review and Network Meta-analysis.,probiotic,,meta_analysis_or_systematic_review,medium,1,5.60,low_for_manual_review,defer_or_screen_manually,meta_analysis_or_systematic_review; relevance score 1; sample_size; body_weight_effect; lipid_effect,missing duration; missing p_value; taxa not identified from title,https://europepmc.org/article/MED/42108208
PMID:36281657,PubMed,36281657,Algal polysaccharides and derivatives as potential therapeutics for obesity and related metabolic diseases.,,,needs_manual_classification,medium,2,5.60,low_for_manual_review,defer_or_screen_manually,relevance score 2; body_weight_effect; lipid_effect; microbiome_effect,missing sample_size; missing duration; missing p_value; taxa not identified from title; intervention type needs manual confirmation,https://pubmed.ncbi.nlm.nih.gov/36281657/
PMID:41374064,PubMed,41374064,Marine-Algal-Derived Postbiotics Modulating the Gut Microbiota-Adipose Tissue Axis in Obesity: A New Frontier.,postbiotic,,needs_manual_classification,medium,2,5.60,low_for_manual_review,defer_or_screen_manually,relevance score 2; body_weight_effect; glucose_effect; microbiome_effect,missing sample_size; missing duration; missing p_value; taxa not identified from title,https://pubmed.ncbi.nlm.nih.gov/41374064/
NCT:NCT01249378,ClinicalTrials.gov,NCT01249378,Metabolic Impact of Fat Digestion,,,clinical_trial_registry,high,1,5.60,low_for_manual_review,defer_or_screen_manually,high priority evidence; clinical_trial_registry; relevance score 1; sample_size; dose,missing duration; missing p_value; taxa not identified from title; intervention type needs manual confirmation,https://clinicaltrials.gov/study/NCT01249378
PMID:21505361,PubMed,21505361,Effects of Lactobacillus rhamnosus strain GG in pediatric obesity-related liver disease.,,Lactobacillus,needs_manual_classification,medium,1,5.60,low_for_manual_review,defer_or_screen_manually,relevance score 1; duration; p_value; bmi_effect; body_fat_effect,missing sample_size; intervention type needs manual confirmation,https://pubmed.ncbi.nlm.nih.gov/21505361/
EUROPEPMC:41374064,PubMed,41374064,Marine-Algal-Derived Postbiotics Modulating the Gut Microbiota-Adipose Tissue Axis in Obesity: A New Frontier.,postbiotic,,needs_manual_classification,medium,2,5.60,low_for_manual_review,defer_or_screen_manually,relevance score 2; body_weight_effect; glucose_effect; microbiome_effect,missing sample_size; missing duration; missing p_value; taxa not identified from title,https://europepmc.org/article/MED/41374064
PMID:27966574,PubMed,27966574,Acute increases in serum colonic short-chain fatty acids elicited by inulin do not increase GLP-1 or PYY responses but may reduce ghrelin in lean and overweight humans.,,,needs_manual_classification,medium,2,5.60,low_for_manual_review,defer_or_screen_manually,relevance score 2; dose; p_value; body_weight_effect,missing sample_size; missing duration; taxa not identified from title; intervention type needs manual confirmation,https://pubmed.ncbi.nlm.nih.gov/27966574/
PMID:36615804,PubMed,36615804,"Effects of a Novel Infant Formula on Weight Gain, Body Composition, Safety and Tolerability to Infants: The INNOVA 2020 Study.",,,needs_manual_classification,medium,2,5.50,low_for_manual_review,defer_or_screen_manually,relevance score 2; sample_size; duration; body_weight_effect,missing p_value; taxa not identified from title; intervention type needs manual confirmation,https://pubmed.ncbi.nlm.nih.gov/36615804/
PMID:28618860,PubMed,28618860,The effects of the Lactobacillus casei strain on obesity in children: a pilot study.,,Lactobacillus,needs_manual_classification,medium,1,5.50,low_for_manual_review,defer_or_screen_manually,relevance score 1; duration; p_value; body_weight_effect; lipid_effect,missing sample_size; intervention type needs manual confirmation,https://pubmed.ncbi.nlm.nih.gov/28618860/
PMID:40587116,PubMed,40587116,Prediction of Weight Loss and Regain Based on Multiomic and Phenotypic Features: Results From a Calorie-Restricted Feeding Trial.,,,needs_manual_classification,medium,1,5.50,low_for_manual_review,defer_or_screen_manually,relevance score 1; sample_size; duration; p_value; body_weight_effect,taxa not identified from title; intervention type needs manual confirmation,https://pubmed.ncbi.nlm.nih.gov/40587116/
EUROPEPMC:41269489,PubMed,41269489,Effect of host and gut microbiota-altering interventions on sarcopenia or its defining parameters: a systematic review and meta-analysis of nutrition-based intervention studies.,,,meta_analysis_or_systematic_review,medium,1,5.50,low_for_manual_review,defer_or_screen_manually,meta_analysis_or_systematic_review; relevance score 1; sample_size; duration; body_weight_effect,missing p_value; taxa not identified from title; intervention type needs manual confirmation,https://europepmc.org/article/MED/41269489
EUROPEPMC:41517125,PubMed,41517125,Clinical Potential of <i>Curcuma longa</i> Linn. as Nutraceutical/Dietary Supplement for Metabolic Syndrome: Systematic Review and Meta-Analysis of Randomized Controlled Trials.,,,meta_analysis_or_systematic_review,high,1,5.40,low_for_manual_review,defer_or_screen_manually,high priority evidence; meta_analysis_or_systematic_review; relevance score 1; glucose_effect; lipid_effect,missing sample_size; missing duration; missing p_value; taxa not identified from title; intervention type needs manual confirmation,https://europepmc.org/article/MED/41517125
PMID:41003008,PubMed,41003008,Dietary Modulation of Metabolic Health: From Bioactive Compounds to Personalized Nutrition.,,,needs_manual_classification,medium,1,5.40,low_for_manual_review,defer_or_screen_manually,relevance score 1; duration; dose; bmi_effect; glucose_effect; lipid_effect,missing sample_size; missing p_value; taxa not identified from title; intervention type needs manual confirmation,https://pubmed.ncbi.nlm.nih.gov/41003008/
EUROPEPMC:41346361,PubMed,41346361,Effect of probiotic-derived metabolites on hormonal and metabolic profiles in women with polycystic ovary syndrome: a systematic review and meta-analysis.,probiotic,,meta_analysis_or_systematic_review,medium,1,5.40,low_for_manual_review,defer_or_screen_manually,meta_analysis_or_systematic_review; relevance score 1; sample_size; duration; dose; glucose_effect,missing p_value; taxa not identified from title,https://europepmc.org/article/MED/41346361
PMID:34535959,PubMed,34535959,Gut barrier and microbiota changes with glycine and branched-chain amino acid supplementation in chronic haemodialysis patients.,,,needs_manual_classification,medium,1,5.40,low_for_manual_review,defer_or_screen_manually,relevance score 1; sample_size; duration; dose; p_value; microbiome_effect,taxa not identified from title; intervention type needs manual confirmation,https://pubmed.ncbi.nlm.nih.gov/34535959/
EUROPEPMC:38341803,PubMed,38341803,The effect of oral synbiotics on the gut microbiota and inflammatory biomarkers in healthy adults: a systematic review and meta-analysis.,synbiotic,,meta_analysis_or_systematic_review,medium,1,5.40,low_for_manual_review,defer_or_screen_manually,meta_analysis_or_systematic_review; relevance score 1; sample_size; p_value; microbiome_effect,missing duration; taxa not identified from title,https://europepmc.org/article/MED/38341803
EUROPEPMC:41884209,PubMed,41884209,Urolithin A: a multi-target therapeutic candidate derived from the gut microbiota for obesity and metabolic dysfunction.,,,needs_manual_classification,medium,3,5.40,low_for_manual_review,defer_or_screen_manually,relevance score 3; glucose_effect; lipid_effect,missing sample_size; missing duration; missing p_value; taxa not identified from title; intervention type needs manual confirmation,https://europepmc.org/article/MED/41884209
EUROPEPMC:41725786,PubMed,41725786,A Probiotic Nutritional Supplement Improves Glycemic Control and Biomarkers of Metabolic Syndrome in Patients With Type 2 Diabetes Mellitus.,probiotic,,needs_manual_classification,medium,1,5.40,low_for_manual_review,defer_or_screen_manually,relevance score 1; sample_size; duration; dose; p_value; glucose_effect,taxa not identified from title,https://europepmc.org/article/MED/41725786
EUROPEPMC:39944116,PubMed,39944116,"The effect of probiotics, prebiotics and synbiotics on gut microbial community profile in overweight and obese Latin American and Caribbean populations: a systematic review of human trials.",probiotic;prebiotic;synbiotic,,meta_analysis_or_systematic_review,medium,2,5.30,low_for_manual_review,defer_or_screen_manually,meta_analysis_or_systematic_review; relevance score 2; sample_size; duration,missing p_value; taxa not identified from title,https://europepmc.org/article/MED/39944116
PMID:37630855,PubMed,37630855,Toward Precision Weight-Loss Dietary Interventions: Findings from the POUNDS Lost Trial.,,,needs_manual_classification,medium,1,5.30,low_for_manual_review,defer_or_screen_manually,relevance score 1; sample_size; body_weight_effect; glucose_effect; lipid_effect,missing duration; missing p_value; taxa not identified from title; intervention type needs manual confirmation,https://pubmed.ncbi.nlm.nih.gov/37630855/
PMID:23510724,PubMed,23510724,Effect of Lactobacillus salivarius Ls-33 on fecal microbiota in obese adolescents.,,Lactobacillus,needs_manual_classification,medium,2,5.30,low_for_manual_review,defer_or_screen_manually,relevance score 2; sample_size; duration; p_value,intervention type needs manual confirmation,https://pubmed.ncbi.nlm.nih.gov/23510724/
PMID:39033197,PubMed,39033197,Enhancing gut microbiota and microbial function with inulin supplementation in children with obesity.,,,needs_manual_classification,medium,2,5.30,low_for_manual_review,defer_or_screen_manually,relevance score 2; duration; bmi_effect; microbiome_effect,missing sample_size; missing p_value; taxa not identified from title; intervention type needs manual confirmation,https://pubmed.ncbi.nlm.nih.gov/39033197/
NCT:NCT06823557,ClinicalTrials.gov,NCT06823557,Investigation of the Mechanisms of the Gut-brain Axis in Binge Eating and Obesity.,,,clinical_trial_registry,high,1,5.20,low_for_manual_review,defer_or_screen_manually,high priority evidence; clinical_trial_registry; relevance score 1; sample_size,missing duration; missing p_value; taxa not identified from title; intervention type needs manual confirmation,https://clinicaltrials.gov/study/NCT06823557
NCT:NCT06578143,ClinicalTrials.gov,NCT06578143,Effects of Synbiotics on Obesity,synbiotic,,clinical_trial_registry,high,1,5.20,low_for_manual_review,defer_or_screen_manually,high priority evidence; clinical_trial_registry; relevance score 1; sample_size,missing duration; missing p_value; taxa not identified from title,https://clinicaltrials.gov/study/NCT06578143
NCT:NCT05826184,ClinicalTrials.gov,NCT05826184,Time Restricted Eating With or Without a Fiber Supplement for Weight Management in Pediatric Cancer Survivors,,,clinical_trial_registry,high,1,5.20,low_for_manual_review,defer_or_screen_manually,high priority evidence; clinical_trial_registry; relevance score 1; sample_size,missing duration; missing p_value; taxa not identified from title; intervention type needs manual confirmation,https://clinicaltrials.gov/study/NCT05826184
NCT:NCT06901440,ClinicalTrials.gov,NCT06901440,Bariatric Surgery for Obesity,,,clinical_trial_registry,high,1,5.20,low_for_manual_review,defer_or_screen_manually,high priority evidence; clinical_trial_registry; relevance score 1; sample_size,missing duration; missing p_value; taxa not identified from title; intervention type needs manual confirmation,https://clinicaltrials.gov/study/NCT06901440
NCT:NCT07097974,ClinicalTrials.gov,NCT07097974,Evaluation of the Efficacy of the Composite WM Formula in Body Weight Change,,,clinical_trial_registry,high,1,5.20,low_for_manual_review,defer_or_screen_manually,high priority evidence; clinical_trial_registry; relevance score 1; sample_size,missing duration; missing p_value; taxa not identified from title; intervention type needs manual confirmation,https://clinicaltrials.gov/study/NCT07097974
NCT:NCT06554314,ClinicalTrials.gov,NCT06554314,Effect of Probiotics on Regulating Gut Health and Blood Lipid in Adults,probiotic,,clinical_trial_registry,high,1,5.20,low_for_manual_review,defer_or_screen_manually,high priority evidence; clinical_trial_registry; relevance score 1; sample_size,missing duration; missing p_value; taxa not identified from title,https://clinicaltrials.gov/study/NCT06554314
EUROPEPMC:39062848,PubMed,39062848,The Role of <i>Lactobacillus plantarum</i> in Reducing Obesity and Inflammation: A Meta-Analysis.,,Lactobacillus,meta_analysis_or_systematic_review,medium,1,5.20,low_for_manual_review,defer_or_screen_manually,meta_analysis_or_systematic_review; relevance score 1; body_weight_effect; bmi_effect,missing sample_size; missing duration; missing p_value; intervention type needs manual confirmation,https://europepmc.org/article/MED/39062848
NCT:NCT07386795,ClinicalTrials.gov,NCT07386795,The Efficacy and Safety of Microbiota Transplantation Combined With Prebiotics for Treatment of Functional Constipation,prebiotic,,clinical_trial_registry,high,1,5.20,low_for_manual_review,defer_or_screen_manually,high priority evidence; clinical_trial_registry; relevance score 1; sample_size,missing duration; missing p_value; taxa not identified from title,https://clinicaltrials.gov/study/NCT07386795
NCT:NCT05791604,ClinicalTrials.gov,NCT05791604,The Intervention of Obesity in Children With Prader-Willi Syndrome Using Prebiotics and Probiotics,probiotic;prebiotic,,clinical_trial_registry,high,1,5.20,low_for_manual_review,defer_or_screen_manually,high priority evidence; clinical_trial_registry; relevance score 1; sample_size,missing duration; missing p_value; taxa not identified from title,https://clinicaltrials.gov/study/NCT05791604
NCT:NCT06722443,ClinicalTrials.gov,NCT06722443,Impact of Nutritional Intervention With Probiotics and Prebiotics on Obesity.,probiotic;prebiotic,,clinical_trial_registry,high,1,5.20,low_for_manual_review,defer_or_screen_manually,high priority evidence; clinical_trial_registry; relevance score 1; sample_size,missing duration; missing p_value; taxa not identified from title,https://clinicaltrials.gov/study/NCT06722443
NCT:NCT02041975,ClinicalTrials.gov,NCT02041975,Effects of Prebiotic-based Snacks on the Gut Microbiota and Perceived 'Satisfaction',prebiotic,,clinical_trial_registry,high,1,5.20,low_for_manual_review,defer_or_screen_manually,high priority evidence; clinical_trial_registry; relevance score 1; sample_size,missing duration; missing p_value; taxa not identified from title,https://clinicaltrials.gov/study/NCT02041975
NCT:NCT04809688,ClinicalTrials.gov,NCT04809688,Saskatoon Berry on Metabolism and Gut Microbiota in Healthy Subjects,,,clinical_trial_registry,high,1,5.20,low_for_manual_review,defer_or_screen_manually,high priority evidence; clinical_trial_registry; relevance score 1; sample_size,missing duration; missing p_value; taxa not identified from title; intervention type needs manual confirmation,https://clinicaltrials.gov/study/NCT04809688
NCT:NCT05255367,ClinicalTrials.gov,NCT05255367,Effect of (Poly)Phenolic on Cardiometabolic Risk of Postmenopausal Women,,,clinical_trial_registry,high,1,5.20,low_for_manual_review,defer_or_screen_manually,high priority evidence; clinical_trial_registry; relevance score 1; sample_size,missing duration; missing p_value; taxa not identified from title; intervention type needs manual confirmation,https://clinicaltrials.gov/study/NCT05255367
NCT:NCT05821010,ClinicalTrials.gov,NCT05821010,Synbiotics and Fecal Microbiota Transplantation to Treat Non-Alcoholic Steatohepatitis,synbiotic,,clinical_trial_registry,high,1,5.20,low_for_manual_review,defer_or_screen_manually,high priority evidence; clinical_trial_registry; relevance score 1; sample_size,missing duration; missing p_value; taxa not identified from title,https://clinicaltrials.gov/study/NCT05821010
NCT:NCT06795607,ClinicalTrials.gov,NCT06795607,Effect of the Probiotic SF68&#174; on Body Composition and Low-to-moderate Cardiovascular Risk,probiotic,,clinical_trial_registry,high,1,5.20,low_for_manual_review,defer_or_screen_manually,high priority evidence; clinical_trial_registry; relevance score 1; sample_size,missing duration; missing p_value; taxa not identified from title,https://clinicaltrials.gov/study/NCT06795607
NCT:NCT06612164,ClinicalTrials.gov,NCT06612164,"Effects of Kefir Consumption on Health Outcomes: Gastrointestinal System, Immunity, Biochemical Parameters, Body Composition, Sleep Quality and Mental Well Being in Healthy Adults",,,clinical_trial_registry,high,1,5.20,low_for_manual_review,defer_or_screen_manually,high priority evidence; clinical_trial_registry; relevance score 1; sample_size,missing duration; missing p_value; taxa not identified from title; intervention type needs manual confirmation,https://clinicaltrials.gov/study/NCT06612164
NCT:NCT04555447,ClinicalTrials.gov,NCT04555447,Gastrointestinal Tolerability to Agavins and Impact on Host-gut Microbiota-metabolism Interactions Modulation,,,clinical_trial_registry,high,1,5.20,low_for_manual_review,defer_or_screen_manually,high priority evidence; clinical_trial_registry; relevance score 1; sample_size,missing duration; missing p_value; taxa not identified from title; intervention type needs manual confirmation,https://clinicaltrials.gov/study/NCT04555447
NCT:NCT04754464,ClinicalTrials.gov,NCT04754464,Clinical Study on the Effect of a Synbiotic on Body Fat Mass,synbiotic,,clinical_trial_registry,high,1,5.20,low_for_manual_review,defer_or_screen_manually,high priority evidence; clinical_trial_registry; relevance score 1; sample_size,missing duration; missing p_value; taxa not identified from title,https://clinicaltrials.gov/study/NCT04754464
PMID:41486320,PubMed,41486320,Exploring Paraprobiotics and Postbiotics: A New Frontier in Obesity Treatment via Gut Microbiota Modulation.,probiotic;postbiotic,,needs_manual_classification,medium,2,5.20,low_for_manual_review,defer_or_screen_manually,relevance score 2; body_weight_effect; body_fat_effect,missing sample_size; missing duration; missing p_value; taxa not identified from title,https://pubmed.ncbi.nlm.nih.gov/41486320/
PMID:37016727,PubMed,37016727,The gut microbiome and regional fat distribution: Findings from the Baltimore Longitudinal Study of Aging.,,,needs_manual_classification,medium,1,5.20,low_for_manual_review,defer_or_screen_manually,relevance score 1; sample_size; bmi_effect; waist_effect; microbiome_effect,missing duration; missing p_value; taxa not identified from title; intervention type needs manual confirmation,https://pubmed.ncbi.nlm.nih.gov/37016727/
NCT:NCT04097106,ClinicalTrials.gov,NCT04097106,Synbiotic Dietary Supplement and Gut Microbiota,synbiotic,,clinical_trial_registry,high,1,5.20,low_for_manual_review,defer_or_screen_manually,high priority evidence; clinical_trial_registry; relevance score 1; sample_size,missing duration; missing p_value; taxa not identified from title,https://clinicaltrials.gov/study/NCT04097106
NCT:NCT04130321,ClinicalTrials.gov,NCT04130321,Demonstration of the Prebiotic-like Effects of Camu-camu Consumption Against Obesity-related Disorders in Humans,prebiotic,,clinical_trial_registry,high,1,5.20,low_for_manual_review,defer_or_screen_manually,high priority evidence; clinical_trial_registry; relevance score 1; sample_size,missing duration; missing p_value; taxa not identified from title,https://clinicaltrials.gov/study/NCT04130321
NCT:NCT04398693,ClinicalTrials.gov,NCT04398693,Evaluation of Intestinal Microbiota Manipulation to Treat Resistant Hypertension,,,clinical_trial_registry,high,1,5.20,low_for_manual_review,defer_or_screen_manually,high priority evidence; clinical_trial_registry; relevance score 1; sample_size,missing duration; missing p_value; taxa not identified from title; intervention type needs manual confirmation,https://clinicaltrials.gov/study/NCT04398693
NCT:NCT04884776,ClinicalTrials.gov,NCT04884776,Modulation of Gut Microbiota to Enhance Health and Immunity,,,clinical_trial_registry,high,1,5.20,low_for_manual_review,defer_or_screen_manually,high priority evidence; clinical_trial_registry; relevance score 1; sample_size,missing duration; missing p_value; taxa not identified from title; intervention type needs manual confirmation,https://clinicaltrials.gov/study/NCT04884776
NCT:NCT05374980,ClinicalTrials.gov,NCT05374980,The Effects of Yogurt on Gut Microbiome and Metabolism in H. Pylori.,,,clinical_trial_registry,high,1,5.20,low_for_manual_review,defer_or_screen_manually,high priority evidence; clinical_trial_registry; relevance score 1; sample_size,missing duration; missing p_value; taxa not identified from title; intervention type needs manual confirmation,https://clinicaltrials.gov/study/NCT05374980
NCT:NCT03843736,ClinicalTrials.gov,NCT03843736,The Role of Dysbiosis of Gut Microbiota in the Pathogenesis of PCOS.,,,clinical_trial_registry,high,1,5.20,low_for_manual_review,defer_or_screen_manually,high priority evidence; clinical_trial_registry; relevance score 1; sample_size,missing duration; missing p_value; taxa not identified from title; intervention type needs manual confirmation,https://clinicaltrials.gov/study/NCT03843736
NCT:NCT07606872,ClinicalTrials.gov,NCT07606872,Validation of the Snouda Metabolic Score for Phenotyping and Guiding Reversal in Type 2 Diabetes,,,clinical_trial_registry,high,1,5.20,low_for_manual_review,defer_or_screen_manually,high priority evidence; clinical_trial_registry; relevance score 1; sample_size,missing duration; missing p_value; taxa not identified from title; intervention type needs manual confirmation,https://clinicaltrials.gov/study/NCT07606872
NCT:NCT04492605,ClinicalTrials.gov,NCT04492605,The Evaluation of TCI378 and TCI507 Probiotics on Weight-lowering Efficacy in Adults,probiotic,,clinical_trial_registry,high,1,5.20,low_for_manual_review,defer_or_screen_manually,high priority evidence; clinical_trial_registry; relevance score 1; sample_size,missing duration; missing p_value; taxa not identified from title,https://clinicaltrials.gov/study/NCT04492605
NCT:NCT02539836,ClinicalTrials.gov,NCT02539836,Study on Dietary Nutrition Intervention Techniques for Children Obesity,,,clinical_trial_registry,high,1,5.20,low_for_manual_review,defer_or_screen_manually,high priority evidence; clinical_trial_registry; relevance score 1; sample_size,missing duration; missing p_value; taxa not identified from title; intervention type needs manual confirmation,https://clinicaltrials.gov/study/NCT02539836
NCT:NCT01922830,ClinicalTrials.gov,NCT01922830,Probiotics and Microbiota in Bariatric Surgery,probiotic,,clinical_trial_registry,high,1,5.20,low_for_manual_review,defer_or_screen_manually,high priority evidence; clinical_trial_registry; relevance score 1; sample_size,missing duration; missing p_value; taxa not identified from title,https://clinicaltrials.gov/study/NCT01922830
NCT:NCT04303481,ClinicalTrials.gov,NCT04303481,The Effect of Consuming Enzymes and Prebiotics on Body Composition and Blood Biochemical Index,prebiotic,,clinical_trial_registry,high,1,5.20,low_for_manual_review,defer_or_screen_manually,high priority evidence; clinical_trial_registry; relevance score 1; sample_size,missing duration; missing p_value; taxa not identified from title,https://clinicaltrials.gov/study/NCT04303481
NCT:NCT03548480,ClinicalTrials.gov,NCT03548480,Targeting the Gut Microbiome for Prader-Willi Syndrome Treatment,,,clinical_trial_registry,high,1,5.20,low_for_manual_review,defer_or_screen_manually,high priority evidence; clinical_trial_registry; relevance score 1; sample_size,missing duration; missing p_value; taxa not identified from title; intervention type needs manual confirmation,https://clinicaltrials.gov/study/NCT03548480
NCT:NCT03727321,ClinicalTrials.gov,NCT03727321,FMT and Fiber in Patients With Metabolic Syndrome,,,clinical_trial_registry,high,1,5.20,low_for_manual_review,defer_or_screen_manually,high priority evidence; clinical_trial_registry; relevance score 1; sample_size,missing duration; missing p_value; taxa not identified from title; intervention type needs manual confirmation,https://clinicaltrials.gov/study/NCT03727321
NCT:NCT04498455,ClinicalTrials.gov,NCT04498455,Study of a Prebiotic Supplement to Mitigate Excessive Weight Gain Among Physicians in Residency,prebiotic,,clinical_trial_registry,high,1,5.20,low_for_manual_review,defer_or_screen_manually,high priority evidence; clinical_trial_registry; relevance score 1; sample_size,missing duration; missing p_value; taxa not identified from title,https://clinicaltrials.gov/study/NCT04498455
NCT:NCT03530501,ClinicalTrials.gov,NCT03530501,Effect of Very-low Calorie Diet and Synbiotic Supplementation in Gut Microbiota (Pronokal Method),synbiotic,,clinical_trial_registry,high,1,5.20,low_for_manual_review,defer_or_screen_manually,high priority evidence; clinical_trial_registry; relevance score 1; sample_size,missing duration; missing p_value; taxa not identified from title,https://clinicaltrials.gov/study/NCT03530501
NCT:NCT03800277,ClinicalTrials.gov,NCT03800277,Effect of Cranberry and Agaves Extract on Microbiota and Intestinal Health,,,clinical_trial_registry,high,1,5.20,low_for_manual_review,defer_or_screen_manually,high priority evidence; clinical_trial_registry; relevance score 1; sample_size,missing duration; missing p_value; taxa not identified from title; intervention type needs manual confirmation,https://clinicaltrials.gov/study/NCT03800277
NCT:NCT06987279,ClinicalTrials.gov,NCT06987279,Lactobacillus Plantarum and Hormonal Regulation in Obese Women,,Lactobacillus,clinical_trial_registry,high,1,5.20,low_for_manual_review,defer_or_screen_manually,high priority evidence; clinical_trial_registry; relevance score 1; sample_size,missing duration; missing p_value; intervention type needs manual confirmation,https://clinicaltrials.gov/study/NCT06987279
NCT:NCT06964932,ClinicalTrials.gov,NCT06964932,Probiotics in Obesity Management,probiotic,,clinical_trial_registry,high,1,5.20,low_for_manual_review,defer_or_screen_manually,high priority evidence; clinical_trial_registry; relevance score 1; sample_size,missing duration; missing p_value; taxa not identified from title,https://clinicaltrials.gov/study/NCT06964932
NCT:NCT01724736,ClinicalTrials.gov,NCT01724736,A Pilot Study to Determine the Effect of a Cobiotic Formulation on the Gastrointestinal Microbiome,,,clinical_trial_registry,high,1,5.20,low_for_manual_review,defer_or_screen_manually,high priority evidence; clinical_trial_registry; relevance score 1; sample_size,missing duration; missing p_value; taxa not identified from title; intervention type needs manual confirmation,https://clinicaltrials.gov/study/NCT01724736
NCT:NCT01106924,ClinicalTrials.gov,NCT01106924,Effects of a Probiotic on Body Weight,probiotic,,clinical_trial_registry,high,1,5.20,low_for_manual_review,defer_or_screen_manually,high priority evidence; clinical_trial_registry; relevance score 1; sample_size,missing duration; missing p_value; taxa not identified from title,https://clinicaltrials.gov/study/NCT01106924
NCT:NCT05207488,ClinicalTrials.gov,NCT05207488,"Gastrointestinal And Metabolic Effects From a Prebiotic, Lifting, and Aerobic iNtervention",prebiotic,,clinical_trial_registry,high,1,5.20,low_for_manual_review,defer_or_screen_manually,high priority evidence; clinical_trial_registry; relevance score 1; sample_size,missing duration; missing p_value; taxa not identified from title,https://clinicaltrials.gov/study/NCT05207488
NCT:NCT05405205,ClinicalTrials.gov,NCT05405205,Effect of Synbiotic L. Fermentum Strains on Body Fat Mass,synbiotic,,clinical_trial_registry,high,1,5.20,low_for_manual_review,defer_or_screen_manually,high priority evidence; clinical_trial_registry; relevance score 1; sample_size,missing duration; missing p_value; taxa not identified from title,https://clinicaltrials.gov/study/NCT05405205
NCT:NCT04561284,ClinicalTrials.gov,NCT04561284,Carbohydrate-induced Resilience of the Gut Microbiome After Antibiotics Use,,,clinical_trial_registry,high,1,5.20,low_for_manual_review,defer_or_screen_manually,high priority evidence; clinical_trial_registry; relevance score 1; sample_size,missing duration; missing p_value; taxa not identified from title; intervention type needs manual confirmation,https://clinicaltrials.gov/study/NCT04561284
NCT:NCT05000775,ClinicalTrials.gov,NCT05000775,The Influence of GNiib&#174; in Obesity Management in Obese Young Individuals in Hong Kong.,,,clinical_trial_registry,high,1,5.20,low_for_manual_review,defer_or_screen_manually,high priority evidence; clinical_trial_registry; relevance score 1; sample_size,missing duration; missing p_value; taxa not identified from title; intervention type needs manual confirmation,https://clinicaltrials.gov/study/NCT05000775
NCT:NCT01620125,ClinicalTrials.gov,NCT01620125,Metabolic Control Before and After Supplementation With Lactobacillus Reuteri DSM 17938 in Type 2 Diabetes Patients,,Lactobacillus,clinical_trial_registry,high,1,5.20,low_for_manual_review,defer_or_screen_manually,high priority evidence; clinical_trial_registry; relevance score 1; sample_size,missing duration; missing p_value; intervention type needs manual confirmation,https://clinicaltrials.gov/study/NCT01620125
NCT:NCT02660333,ClinicalTrials.gov,NCT02660333,Effect of Prebiotic or Synbiotic on Inflammatory Response and Indicators of Nutritional Status in Obesity,prebiotic;synbiotic,,clinical_trial_registry,high,1,5.20,low_for_manual_review,defer_or_screen_manually,high priority evidence; clinical_trial_registry; relevance score 1; sample_size,missing duration; missing p_value; taxa not identified from title,https://clinicaltrials.gov/study/NCT02660333
NCT:NCT05162209,ClinicalTrials.gov,NCT05162209,PROBESITY-2: Synbiotics in Pediatric Obesity,synbiotic,,clinical_trial_registry,high,1,5.20,low_for_manual_review,defer_or_screen_manually,high priority evidence; clinical_trial_registry; relevance score 1; sample_size,missing duration; missing p_value; taxa not identified from title,https://clinicaltrials.gov/study/NCT05162209
NCT:NCT02355210,ClinicalTrials.gov,NCT02355210,Use of a Novel Synbiotic to Change Human Gut Bacteria and Improve Health in Obese Adults,synbiotic,,clinical_trial_registry,high,1,5.20,low_for_manual_review,defer_or_screen_manually,high priority evidence; clinical_trial_registry; relevance score 1; sample_size,missing duration; missing p_value; taxa not identified from title,https://clinicaltrials.gov/study/NCT02355210
EUROPEPMC:42131482,PubMed,42131482,Bioactive compounds as therapeutic modulators of metabolic syndrome: targeting inflammation and gut microbiota regulation.,,,needs_manual_classification,medium,2,5.10,low_for_manual_review,defer_or_screen_manually,relevance score 2; glucose_effect; lipid_effect; microbiome_effect,missing sample_size; missing duration; missing p_value; taxa not identified from title; intervention type needs manual confirmation,https://europepmc.org/article/MED/42131482
EUROPEPMC:33292434,PubMed,33292434,Probiotics supplementation and insulin resistance: a systematic review.,probiotic,,meta_analysis_or_systematic_review,medium,1,5.10,low_for_manual_review,defer_or_screen_manually,meta_analysis_or_systematic_review; relevance score 1; glucose_effect; lipid_effect; microbiome_effect,missing sample_size; missing duration; missing p_value; taxa not identified from title,https://europepmc.org/article/MED/33292434
PMID:38769692,PubMed,38769692,"Impact of nocturnal hypoxia on glycaemic control, appetite, gut microbiota and inflammation in adults with type 2 diabetes mellitus: A single-blind cross-over trial.",,,needs_manual_classification,medium,1,5.10,low_for_manual_review,defer_or_screen_manually,relevance score 1; sample_size; p_value; glucose_effect; microbiome_effect,missing duration; taxa not identified from title; intervention type needs manual confirmation,https://pubmed.ncbi.nlm.nih.gov/38769692/
PMID:35562794,PubMed,35562794,Elucidating the role of the gut microbiota in the physiological effects of dietary fiber.,,,needs_manual_classification,medium,1,5.10,low_for_manual_review,defer_or_screen_manually,relevance score 1; sample_size; duration; dose; glucose_effect; microbiome_effect,missing p_value; taxa not identified from title; intervention type needs manual confirmation,https://pubmed.ncbi.nlm.nih.gov/35562794/
EUROPEPMC:40649724,PubMed,40649724,Gut Microbiota and Liver Health: Meta-Analysis of <i>Bifidobacterium</i>-Containing Probiotics in NAFLD Management.,probiotic,Bifidobacterium,meta_analysis_or_systematic_review,medium,1,5.10,low_for_manual_review,defer_or_screen_manually,meta_analysis_or_systematic_review; relevance score 1; sample_size; glucose_effect; lipid_effect,missing duration; missing p_value,https://europepmc.org/article/MED/40649724
EUROPEPMC:10.21203/rs.3.rs-8449196/v1,publisher supplementary data,10.21203/rs.3.rs-8449196/v1,"Probiotic Effect on Quality of Life, Bowel Habits and Weight Loss after Different Types of Bariatric Surgeries, a Randomized Controlled Trial",probiotic,,randomized_controlled_trial,high,1,5.00,low_for_manual_review,defer_or_screen_manually,high priority evidence; randomized_controlled_trial; relevance score 1,missing sample_size; missing duration; missing p_value; taxa not identified from title,
PMID:41743894,PubMed,41743894,Enteroendocrine hormones and gut microbiota in obesity: a systematic review from mechanistic insight to precision metabolic care.,,,meta_analysis_or_systematic_review,medium,3,5.00,low_for_manual_review,defer_or_screen_manually,meta_analysis_or_systematic_review; relevance score 3,missing sample_size; missing duration; missing p_value; taxa not identified from title; intervention type needs manual confirmation,https://pubmed.ncbi.nlm.nih.gov/41743894/
PMID:37513562,PubMed,37513562,Probiotics and Polycystic Ovary Syndrome: A Perspective for Management in Adolescents with Obesity.,probiotic,,needs_manual_classification,medium,1,4.90,low_for_manual_review,defer_or_screen_manually,relevance score 1; body_weight_effect; bmi_effect; glucose_effect,missing sample_size; missing duration; missing p_value; taxa not identified from title,https://pubmed.ncbi.nlm.nih.gov/37513562/
PMID:35103461,PubMed,35103461,Akkermansia muciniphila as a novel powerful bacterial player in the treatment of metabolic disorders.,,Akkermansia,needs_manual_classification,medium,1,4.90,low_for_manual_review,defer_or_screen_manually,relevance score 1; body_weight_effect; body_fat_effect; glucose_effect,missing sample_size; missing duration; missing p_value; intervention type needs manual confirmation,https://pubmed.ncbi.nlm.nih.gov/35103461/
PMID:40434504,PubMed,40434504,Harnessing Probiotics: Exploring the Role of the Gut Microbiome in Combating Obesity.,probiotic,,needs_manual_classification,medium,2,4.90,low_for_manual_review,defer_or_screen_manually,relevance score 2; body_weight_effect; lipid_effect,missing sample_size; missing duration; missing p_value; taxa not identified from title,https://pubmed.ncbi.nlm.nih.gov/40434504/
PMID:40284712,PubMed,40284712,"Prebiotic Effects of Insoluble Konjac Glucomannan Derived from Edible ""Konnyaku"" on Weight Control.",prebiotic,,needs_manual_classification,medium,1,4.90,low_for_manual_review,defer_or_screen_manually,relevance score 1; p_value; body_weight_effect; microbiome_effect,missing sample_size; missing duration; taxa not identified from title,https://pubmed.ncbi.nlm.nih.gov/40284712/
PMID:31064150,PubMed,31064150,Mulberry Leaf Polyphenols and Fiber Induce Synergistic Antiobesity and Display a Modulation Effect on Gut Microbiota and Metabolites.,,,needs_manual_classification,medium,2,4.90,low_for_manual_review,defer_or_screen_manually,relevance score 2; body_weight_effect; lipid_effect,missing sample_size; missing duration; missing p_value; taxa not identified from title; intervention type needs manual confirmation,https://pubmed.ncbi.nlm.nih.gov/31064150/
EUROPEPMC:40832705,PubMed,40832705,"Evolution of multidisciplinary obesity treatments: past, present, and future role of nutrition.",,,needs_manual_classification,medium,1,4.90,low_for_manual_review,defer_or_screen_manually,relevance score 1; body_weight_effect; body_fat_effect; microbiome_effect,missing sample_size; missing duration; missing p_value; taxa not identified from title; intervention type needs manual confirmation,https://europepmc.org/article/MED/40832705
EUROPEPMC:40362845,PubMed,40362845,The Influences of Oral Probiotics on the Immunometabolic Response During Pregnancy and Lactation: A Systematic Review.,probiotic,,meta_analysis_or_systematic_review,medium,1,4.90,low_for_manual_review,defer_or_screen_manually,meta_analysis_or_systematic_review; relevance score 1; body_weight_effect; glucose_effect,missing sample_size; missing duration; missing p_value; taxa not identified from title,https://europepmc.org/article/MED/40362845
EUROPEPMC:34836254,PubMed,34836254,Impact of Exercise on Gut Microbiota in Obesity.,,,needs_manual_classification,medium,2,4.90,low_for_manual_review,defer_or_screen_manually,relevance score 2; body_weight_effect; microbiome_effect,missing sample_size; missing duration; missing p_value; taxa not identified from title; intervention type needs manual confirmation,https://europepmc.org/article/MED/34836254
EUROPEPMC:34973469,PubMed,34973469,Microbiota and body weight control: Weight watchers within?,,,needs_manual_classification,medium,2,4.90,low_for_manual_review,defer_or_screen_manually,relevance score 2; body_weight_effect; microbiome_effect,missing sample_size; missing duration; missing p_value; taxa not identified from title; intervention type needs manual confirmation,https://europepmc.org/article/MED/34973469
PMID:36091491,PubMed,36091491,Multi-omic analyses identify mucosa bacteria and fecal metabolites associated with weight loss after fecal microbiota transplantation.,,,needs_manual_classification,medium,2,4.90,low_for_manual_review,defer_or_screen_manually,relevance score 2; body_weight_effect; microbiome_effect,missing sample_size; missing duration; missing p_value; taxa not identified from title; intervention type needs manual confirmation,https://pubmed.ncbi.nlm.nih.gov/36091491/
PMID:34946095,PubMed,34946095,Metagenome-Scale Metabolic Network Suggests Folate Produced by Bifidobacterium longum Might Contribute to High-Fiber-Diet-Induced Weight Loss in a Prader-Willi Syndrome Child.,,Bifidobacterium,needs_manual_classification,medium,2,4.80,low_for_manual_review,defer_or_screen_manually,relevance score 2; duration; body_weight_effect,missing sample_size; missing p_value; intervention type needs manual confirmation,https://pubmed.ncbi.nlm.nih.gov/34946095/
PMID:42157654,PubMed,42157654,"Gut Microbiota as a Mediator of Sarcopenic Obesity: Mechanisms, Modifiable Factors, and Healthcare Burden.",,,needs_manual_classification,medium,2,4.70,low_for_manual_review,defer_or_screen_manually,relevance score 2; body_fat_effect; microbiome_effect,missing sample_size; missing duration; missing p_value; taxa not identified from title; intervention type needs manual confirmation,https://pubmed.ncbi.nlm.nih.gov/42157654/
EUROPEPMC:37661739,PubMed,37661739,Questioning the foundations of the gut microbiota and obesity.,,,needs_manual_classification,medium,2,4.70,low_for_manual_review,defer_or_screen_manually,relevance score 2; body_fat_effect; microbiome_effect,missing sample_size; missing duration; missing p_value; taxa not identified from title; intervention type needs manual confirmation,https://europepmc.org/article/MED/37661739
PMID:41580820,PubMed,41580820,Targeting G-protein-coupled receptors and gut microbiota: Ge-Lian Qi-Shen decoction elevates GLP-1 to combat non-alcoholic fatty liver disease.,,,needs_manual_classification,medium,1,4.70,low_for_manual_review,defer_or_screen_manually,relevance score 1; duration; glucose_effect; lipid_effect; microbiome_effect,missing sample_size; missing p_value; taxa not identified from title; intervention type needs manual confirmation,https://pubmed.ncbi.nlm.nih.gov/41580820/
EUROPEPMC:32718098,PubMed,32718098,"Modulation of the Gut Microbiota by Olive Oil Phenolic Compounds: Implications for Lipid Metabolism, Immune System, and Obesity.",,,needs_manual_classification,medium,3,4.70,low_for_manual_review,defer_or_screen_manually,relevance score 3; lipid_effect,missing sample_size; missing duration; missing p_value; taxa not identified from title; intervention type needs manual confirmation,https://europepmc.org/article/MED/32718098
EUROPEPMC:42057790,PubMed,42057790,The impact of antibiotic exposure on obesity and metabolic phenotypes via the gut microbiota.,,,needs_manual_classification,medium,3,4.70,low_for_manual_review,defer_or_screen_manually,relevance score 3; microbiome_effect,missing sample_size; missing duration; missing p_value; taxa not identified from title; intervention type needs manual confirmation,https://europepmc.org/article/MED/42057790
EUROPEPMC:34065217,PubMed,34065217,"<i>Akkermansia muciniphila,</i> a New Generation of Beneficial Microbiota in Modulating Obesity: A Systematic Review.",,Akkermansia,meta_analysis_or_systematic_review,medium,2,4.70,low_for_manual_review,defer_or_screen_manually,meta_analysis_or_systematic_review; relevance score 2; glucose_effect,missing sample_size; missing duration; missing p_value; intervention type needs manual confirmation,https://europepmc.org/article/MED/34065217
EUROPEPMC:41220421,PubMed,41220421,Therapeutic Potential Targeting Gut Microbiota Modulation With Emphasis on <i>Lactobacillus</i> spp. in Common Metabolic Disorders: A Systematic Review.,,Lactobacillus,meta_analysis_or_systematic_review,medium,2,4.70,low_for_manual_review,defer_or_screen_manually,meta_analysis_or_systematic_review; relevance score 2; microbiome_effect,missing sample_size; missing duration; missing p_value; intervention type needs manual confirmation,https://europepmc.org/article/MED/41220421
PMID:40289103,PubMed,40289103,Gut microbiome links obesity to type 2 diabetes: insights from Mendelian randomization.,,,needs_manual_classification,medium,2,4.70,low_for_manual_review,defer_or_screen_manually,relevance score 2; sample_size; bmi_effect,missing duration; missing p_value; taxa not identified from title; intervention type needs manual confirmation,https://pubmed.ncbi.nlm.nih.gov/40289103/
EUROPEPMC:41692128,PubMed,41692128,Diet and Exercise Interventions in Pediatric Cancer Survivors and Effects on Cardiometabolic Disease Risk and Inflammaging Biomarkers: A Systematic Review.,,,meta_analysis_or_systematic_review,medium,1,4.70,low_for_manual_review,defer_or_screen_manually,meta_analysis_or_systematic_review; relevance score 1; bmi_effect; glucose_effect,missing sample_size; missing duration; missing p_value; taxa not identified from title; intervention type needs manual confirmation,https://europepmc.org/article/MED/41692128
PMID:26413489,PubMed,26413489,Early probiotics to prevent childhood metabolic syndrome: A systematic review.,probiotic,,meta_analysis_or_systematic_review,medium,1,4.70,low_for_manual_review,defer_or_screen_manually,meta_analysis_or_systematic_review; relevance score 1; sample_size; bmi_effect,missing duration; missing p_value; taxa not identified from title,https://pubmed.ncbi.nlm.nih.gov/26413489/
PMID:38828839,PubMed,38828839,Exploring causal effects of gut microbiota and metabolites on body fat percentage using two-sample Mendelian randomization.,,,needs_manual_classification,medium,2,4.70,low_for_manual_review,defer_or_screen_manually,relevance score 2; body_fat_effect; microbiome_effect,missing sample_size; missing duration; missing p_value; taxa not identified from title; intervention type needs manual confirmation,https://pubmed.ncbi.nlm.nih.gov/38828839/
PMID:31175629,PubMed,31175629,Understanding the Role of the Gut Microbiome and Microbial Metabolites in Obesity and Obesity-Associated Metabolic Disorders: Current Evidence and Perspectives.,,,needs_manual_classification,medium,3,4.70,low_for_manual_review,defer_or_screen_manually,relevance score 3; microbiome_effect,missing sample_size; missing duration; missing p_value; taxa not identified from title; intervention type needs manual confirmation,https://pubmed.ncbi.nlm.nih.gov/31175629/
PMID:35866596,PubMed,35866596,Mild intermittent hypoxia exposure alters gut microbiota composition in men with overweight and obesity.,,,needs_manual_classification,medium,3,4.70,low_for_manual_review,defer_or_screen_manually,relevance score 3; glucose_effect,missing sample_size; missing duration; missing p_value; taxa not identified from title; intervention type needs manual confirmation,https://pubmed.ncbi.nlm.nih.gov/35866596/
EUROPEPMC:42196968,PubMed,42196968,Effects of Animal-Based Foods on Metabolic Outcomes in Adults with MASLD and Comorbidities: A Systematic Review of Randomized Controlled Trials (2020-2026).,,,meta_analysis_or_systematic_review,high,1,4.70,low_for_manual_review,defer_or_screen_manually,high priority evidence; meta_analysis_or_systematic_review; relevance score 1; lipid_effect,missing sample_size; missing duration; missing p_value; taxa not identified from title; intervention type needs manual confirmation,https://europepmc.org/article/MED/42196968
EUROPEPMC:41295220,PubMed,41295220,Impact of Reducing Obesity in PCOS: Methods and Treatment Outcomes.,,,needs_manual_classification,medium,1,4.60,low_for_manual_review,defer_or_screen_manually,relevance score 1; body_weight_effect; glucose_effect; lipid_effect,missing sample_size; missing duration; missing p_value; taxa not identified from title; intervention type needs manual confirmation,https://europepmc.org/article/MED/41295220
PMID:40772021,PubMed,40772021,The Effect of Probiotics on the Improvement of Body Weight and Fat.,probiotic,,needs_manual_classification,medium,1,4.60,low_for_manual_review,defer_or_screen_manually,relevance score 1; duration; cfu; body_weight_effect,missing sample_size; missing p_value; taxa not identified from title,https://pubmed.ncbi.nlm.nih.gov/40772021/
EUROPEPMC:40673005,PubMed,40673005,The role of probiotics in adolescents' obesity.,probiotic,,needs_manual_classification,medium,1,4.60,low_for_manual_review,defer_or_screen_manually,relevance score 1; body_weight_effect; lipid_effect; microbiome_effect,missing sample_size; missing duration; missing p_value; taxa not identified from title,https://europepmc.org/article/MED/40673005
PMID:25809828,PubMed,25809828,Urinary (1)H-NMR-based metabolic profiling of children with NAFLD undergoing VSL#3 treatment.,,,needs_manual_classification,medium,1,4.60,low_for_manual_review,defer_or_screen_manually,relevance score 1; duration; p_value; bmi_effect,missing sample_size; taxa not identified from title; intervention type needs manual confirmation,https://pubmed.ncbi.nlm.nih.gov/25809828/
PMID:25830947,PubMed,25830947,Impact of probiotics during weaning on the metabolic and inflammatory profile: follow-up at school age.,probiotic,,needs_manual_classification,medium,1,4.50,low_for_manual_review,defer_or_screen_manually,relevance score 1; sample_size; duration; body_weight_effect,missing p_value; taxa not identified from title,https://pubmed.ncbi.nlm.nih.gov/25830947/
EUROPEPMC:41596930,PubMed,41596930,<i>Lacticaseibacillus rhamnosus</i> CU262 Attenuates High-Fat Diet-Induced Obesity via Gut-Liver Axis Reprogramming.,,Lacticaseibacillus,needs_manual_classification,medium,1,4.50,low_for_manual_review,defer_or_screen_manually,relevance score 1; duration; body_weight_effect; lipid_effect,missing sample_size; missing p_value; intervention type needs manual confirmation,https://europepmc.org/article/MED/41596930
EUROPEPMC:41799504,PubMed,41799504,The Role of the Gut Microbiome in Clinical Outcomes of Colorectal Cancer: A Systematic Review (2020-2025).,,,meta_analysis_or_systematic_review,medium,1,4.40,low_for_manual_review,defer_or_screen_manually,meta_analysis_or_systematic_review; relevance score 1; sample_size; microbiome_effect,missing duration; missing p_value; taxa not identified from title; intervention type needs manual confirmation,https://europepmc.org/article/MED/41799504
EUROPEPMC:41373952,PubMed,41373952,Obesity and Diabetes in Mexico: An Approach to the Intestinal Microbiota.,,,needs_manual_classification,medium,2,4.40,low_for_manual_review,defer_or_screen_manually,relevance score 2; glucose_effect; microbiome_effect,missing sample_size; missing duration; missing p_value; taxa not identified from title; intervention type needs manual confirmation,https://europepmc.org/article/MED/41373952
EUROPEPMC:41200610,PubMed,41200610,Gut Microbiota-Directed Interventions in Type 2 Diabetes: A Systematic Review of Clinical Outcomes and Complication Risk.,,,meta_analysis_or_systematic_review,medium,1,4.40,low_for_manual_review,defer_or_screen_manually,meta_analysis_or_systematic_review; relevance score 1; glucose_effect; microbiome_effect,missing sample_size; missing duration; missing p_value; taxa not identified from title; intervention type needs manual confirmation,https://europepmc.org/article/MED/41200610
PMID:41657529,PubMed,41657529,Association of Anti-Inflammatory Dietary Adherence With Biomarkers and Gut Microbiota Related to Colorectal Cancer Risk: A Retrospective Study.,,,needs_manual_classification,medium,1,4.40,low_for_manual_review,defer_or_screen_manually,relevance score 1; sample_size; p_value; microbiome_effect,missing duration; taxa not identified from title; intervention type needs manual confirmation,https://pubmed.ncbi.nlm.nih.gov/41657529/
EUROPEPMC:41507594,PubMed,41507594,"Impact of probiotic, prebiotic, and synbiotic supplementation on the gut microbiome in older adults with sarcopenia, obesity, and sarcopenic obesity.",probiotic;prebiotic;synbiotic,,needs_manual_classification,medium,2,4.40,low_for_manual_review,defer_or_screen_manually,relevance score 2; glucose_effect; microbiome_effect,missing sample_size; missing duration; missing p_value; taxa not identified from title,https://europepmc.org/article/MED/41507594
EUROPEPMC:41246285,PubMed,41246285,Microbiome-based therapeutics for metabolic disorders: harnessing microbial intrusions for treatment.,,,needs_manual_classification,medium,2,4.40,low_for_manual_review,defer_or_screen_manually,relevance score 2; lipid_effect; microbiome_effect,missing sample_size; missing duration; missing p_value; taxa not identified from title; intervention type needs manual confirmation,https://europepmc.org/article/MED/41246285
EUROPEPMC:42015346,PubMed,42015346,Gut microbiome and metabolic health: mechanisms and precision interventions.,,,needs_manual_classification,medium,2,4.40,low_for_manual_review,defer_or_screen_manually,relevance score 2; glucose_effect; microbiome_effect,missing sample_size; missing duration; missing p_value; taxa not identified from title; intervention type needs manual confirmation,https://europepmc.org/article/MED/42015346
PMID:31370223,PubMed,31370223,Lactobacillus reuteri V3401 Reduces Inflammatory Biomarkers and Modifies the Gastrointestinal Microbiome in Adults with Metabolic Syndrome: The PROSIR Study.,,Lactobacillus,needs_manual_classification,medium,2,4.30,low_for_manual_review,defer_or_screen_manually,relevance score 2; duration; microbiome_effect,missing sample_size; missing p_value; intervention type needs manual confirmation,https://pubmed.ncbi.nlm.nih.gov/31370223/
PMID:29954454,PubMed,29954454,Probiotic Bifidobacterium strains and galactooligosaccharides improve intestinal barrier function in obese adults but show no synergism when used together as synbiotics.,probiotic;synbiotic,Bifidobacterium,needs_manual_classification,medium,1,4.30,low_for_manual_review,defer_or_screen_manually,relevance score 1; duration; p_value; microbiome_effect,missing sample_size,https://pubmed.ncbi.nlm.nih.gov/29954454/
PMID:41348832,PubMed,41348832,"Human-derived fecal virome transplantation (FVT) reshapes the murine gut microbiota and virome, enhancing glucose regulation.",,,needs_manual_classification,medium,2,4.30,low_for_manual_review,defer_or_screen_manually,relevance score 2; duration; glucose_effect,missing sample_size; missing p_value; taxa not identified from title; intervention type needs manual confirmation,https://pubmed.ncbi.nlm.nih.gov/41348832/
PMID:37562188,PubMed,37562188,Does gut microbiota affect the success of weight loss? Evidence and speculation.,,,needs_manual_classification,medium,2,4.20,low_for_manual_review,defer_or_screen_manually,relevance score 2; body_weight_effect,missing sample_size; missing duration; missing p_value; taxa not identified from title; intervention type needs manual confirmation,https://pubmed.ncbi.nlm.nih.gov/37562188/
PMID:22634320,PubMed,22634320,Comparative meta-analysis of the effect of Lactobacillus species on weight gain in humans and animals.,,Lactobacillus,meta_analysis_or_systematic_review,medium,1,4.20,low_for_manual_review,defer_or_screen_manually,meta_analysis_or_systematic_review; relevance score 1; body_weight_effect,missing sample_size; missing duration; missing p_value; intervention type needs manual confirmation,https://pubmed.ncbi.nlm.nih.gov/22634320/
PMID:37772600,PubMed,37772600,"Effects of overfeeding on the digestive efficiency, voluntary physical activity levels, and fecal characteristics and microbiota of adult cats.",,,needs_manual_classification,medium,1,4.20,low_for_manual_review,defer_or_screen_manually,relevance score 1; p_value; body_weight_effect,missing sample_size; missing duration; taxa not identified from title; intervention type needs manual confirmation,https://pubmed.ncbi.nlm.nih.gov/37772600/
EUROPEPMC:40650397,PubMed,40650397,The Genetic Blueprint of Obesity: From Pathogenesis to Novel Therapies.,,,needs_manual_classification,medium,1,4.20,low_for_manual_review,defer_or_screen_manually,relevance score 1; body_weight_effect; body_fat_effect,missing sample_size; missing duration; missing p_value; taxa not identified from title; intervention type needs manual confirmation,https://europepmc.org/article/MED/40650397
EUROPEPMC:41841409,PubMed,41841409,Bioengineered Probiotic-Prebiotic Hierarchical Microspheres With pH-Responsive Architecture Reprogram Immunometabolism in Obesity-Related Disorders.,probiotic;prebiotic,,needs_manual_classification,medium,1,4.10,low_for_manual_review,defer_or_screen_manually,relevance score 1; glucose_effect; lipid_effect; microbiome_effect,missing sample_size; missing duration; missing p_value; taxa not identified from title,https://europepmc.org/article/MED/41841409
PMID:40388727,PubMed,40388727,Causal relationship between metabolic dysfunction-associated fatty liver disease and endotoxin biomarkers: A Mendelian randomization study.,,,needs_manual_classification,medium,1,4.10,low_for_manual_review,defer_or_screen_manually,relevance score 1; glucose_effect; lipid_effect; microbiome_effect,missing sample_size; missing duration; missing p_value; taxa not identified from title; intervention type needs manual confirmation,https://pubmed.ncbi.nlm.nih.gov/40388727/
EUROPEPMC:42063761,PubMed,42063761,"Interplay between circadian rhythms, gut microbiota, and MASLD: from mechanistic foundations to therapeutic opportunities.",,,needs_manual_classification,medium,1,4.10,low_for_manual_review,defer_or_screen_manually,relevance score 1; glucose_effect; lipid_effect; microbiome_effect,missing sample_size; missing duration; missing p_value; taxa not identified from title; intervention type needs manual confirmation,https://europepmc.org/article/MED/42063761
PMID:37083403,PubMed,37083403,Gut Microbiota and Serum Metabolites in Individuals with Class III Obesity Without Type 2 Diabetes Mellitus: Pilot Analysis.,,,needs_manual_classification,medium,2,4.00,low_for_manual_review,defer_or_screen_manually,relevance score 2; p_value,missing sample_size; missing duration; taxa not identified from title; intervention type needs manual confirmation,https://pubmed.ncbi.nlm.nih.gov/37083403/
PMID:24532292,PubMed,24532292,"Influence of diet on gut microbiota, inflammation and type 2 diabetes mellitus. First experience with macrobiotic Ma-Pi 2 diet.",,,needs_manual_classification,medium,1,4.00,low_for_manual_review,defer_or_screen_manually,relevance score 1; duration; glucose_effect; lipid_effect,missing sample_size; missing p_value; taxa not identified from title; intervention type needs manual confirmation,https://pubmed.ncbi.nlm.nih.gov/24532292/
EUROPEPMC:33178196,PubMed,33178196,Gut Microbiota as a Trigger for Metabolic Inflammation in Obesity and Type 2 Diabetes.,,,needs_manual_classification,medium,3,4.00,low_for_manual_review,defer_or_screen_manually,relevance score 3,missing sample_size; missing duration; missing p_value; taxa not identified from title; intervention type needs manual confirmation,https://europepmc.org/article/MED/33178196
EUROPEPMC:41373754,PubMed,41373754,<i>Akkermansia muciniphila</i> in Metabolic Disease: Far from Perfect.,,Akkermansia,needs_manual_classification,medium,1,3.90,low_for_manual_review,defer_or_screen_manually,relevance score 1; body_weight_effect; glucose_effect,missing sample_size; missing duration; missing p_value; intervention type needs manual confirmation,https://europepmc.org/article/MED/41373754
PMID:41373754,PubMed,41373754,Akkermansia muciniphila in Metabolic Disease: Far from Perfect.,,Akkermansia,needs_manual_classification,medium,1,3.90,low_for_manual_review,defer_or_screen_manually,relevance score 1; body_weight_effect; glucose_effect,missing sample_size; missing duration; missing p_value; intervention type needs manual confirmation,https://pubmed.ncbi.nlm.nih.gov/41373754/
PMID:40572100,PubMed,40572100,Alleviation of Adipose Tissue Inflammation and Obesity Suppression by a Probiotic Strain That Induces GLP-1 Secretion.,probiotic,,needs_manual_classification,medium,1,3.90,low_for_manual_review,defer_or_screen_manually,relevance score 1; body_weight_effect; glucose_effect,missing sample_size; missing duration; missing p_value; taxa not identified from title,https://pubmed.ncbi.nlm.nih.gov/40572100/
PMID:40772014,PubMed,40772014,"Erchen Decoction Offers Health Benefits in Regulating Obesity: Component Analysis, Network Pharmacology, and Experiment Verification.",,,needs_manual_classification,medium,1,3.90,low_for_manual_review,defer_or_screen_manually,relevance score 1; body_weight_effect; lipid_effect,missing sample_size; missing duration; missing p_value; taxa not identified from title; intervention type needs manual confirmation,https://pubmed.ncbi.nlm.nih.gov/40772014/
PMID:32472285,PubMed,32472285,"Probiotics, Prebiotics, Synbiotics, Postbiotics, and Obesity: Current Evidence, Controversies, and Perspectives.",probiotic;prebiotic;synbiotic;postbiotic,,needs_manual_classification,medium,1,3.90,low_for_manual_review,defer_or_screen_manually,relevance score 1; body_weight_effect; microbiome_effect,missing sample_size; missing duration; missing p_value; taxa not identified from title,https://pubmed.ncbi.nlm.nih.gov/32472285/
PMID:37571301,PubMed,37571301,Dietary Fat Modulation of Gut Microbiota and Impact on Regulatory Pathways Controlling Food Intake.,,,needs_manual_classification,medium,1,3.90,low_for_manual_review,defer_or_screen_manually,relevance score 1; body_weight_effect; microbiome_effect,missing sample_size; missing duration; missing p_value; taxa not identified from title; intervention type needs manual confirmation,https://pubmed.ncbi.nlm.nih.gov/37571301/
PMID:42139619,PubMed,42139619,"Clinical, endoscopic, morphological and microbiological characteristics of diverticular disease in patients with metabolic disorders.",,,needs_manual_classification,medium,1,3.90,low_for_manual_review,defer_or_screen_manually,relevance score 1; sample_size; body_weight_effect,missing duration; missing p_value; taxa not identified from title; intervention type needs manual confirmation,https://pubmed.ncbi.nlm.nih.gov/42139619/
PMID:30400274,PubMed,30400274,Potential Prebiotic Properties of Nuts and Edible Seeds and Their Relationship to Obesity.,prebiotic,,needs_manual_classification,medium,1,3.90,low_for_manual_review,defer_or_screen_manually,relevance score 1; body_weight_effect; microbiome_effect,missing sample_size; missing duration; missing p_value; taxa not identified from title,https://pubmed.ncbi.nlm.nih.gov/30400274/
EUROPEPMC:39421246,PubMed,39421246,"Probiotics, prebiotics, synbiotics and other microbiome-based innovative therapeutics to mitigate obesity and enhance longevity via the gut-brain axis.",probiotic;prebiotic;synbiotic,,needs_manual_classification,medium,2,3.70,low_for_manual_review,defer_or_screen_manually,relevance score 2; microbiome_effect,missing sample_size; missing duration; missing p_value; taxa not identified from title,https://europepmc.org/article/MED/39421246
EUROPEPMC:41308055,PubMed,41308055,Oral Methods of Microbiota Manipulation for Depression Symptoms: A Systematic Review: M&#233;thodes orales de manipulation du microbiote pour traiter les sympt&#244;mes de d&#233;pression : Une revue syst&#233;matique.,,,meta_analysis_or_systematic_review,medium,1,3.70,low_for_manual_review,defer_or_screen_manually,meta_analysis_or_systematic_review; relevance score 1; microbiome_effect,missing sample_size; missing duration; missing p_value; taxa not identified from title; intervention type needs manual confirmation,https://europepmc.org/article/MED/41308055
PMID:42060019,PubMed,42060019,Association between gut microbiota and sarcopenia in older adults: a cross-sectional analysis from the second wave of the Birjand Longitudinal Aging Study (BLAS).,,,needs_manual_classification,medium,1,3.70,low_for_manual_review,defer_or_screen_manually,relevance score 1; sample_size; p_value,missing duration; taxa not identified from title; intervention type needs manual confirmation,https://pubmed.ncbi.nlm.nih.gov/42060019/
EUROPEPMC:37771199,PubMed,37771199,Human gut microbiome: Therapeutic opportunities for metabolic syndrome-Hype or hope?,,,needs_manual_classification,medium,2,3.70,low_for_manual_review,defer_or_screen_manually,relevance score 2; microbiome_effect,missing sample_size; missing duration; missing p_value; taxa not identified from title; intervention type needs manual confirmation,https://europepmc.org/article/MED/37771199
EUROPEPMC:40295195,PubMed,40295195,"Microbiome, Potential Therapeutic Agents: New Players of Obesity Treatment.",,,needs_manual_classification,medium,2,3.70,low_for_manual_review,defer_or_screen_manually,relevance score 2; microbiome_effect,missing sample_size; missing duration; missing p_value; taxa not identified from title; intervention type needs manual confirmation,https://europepmc.org/article/MED/40295195
EUROPEPMC:41599902,PubMed,41599902,Personalized Nutrition Through the Gut Microbiome in Metabolic Syndrome and Related Comorbidities.,,,needs_manual_classification,medium,2,3.70,low_for_manual_review,defer_or_screen_manually,relevance score 2; microbiome_effect,missing sample_size; missing duration; missing p_value; taxa not identified from title; intervention type needs manual confirmation,https://europepmc.org/article/MED/41599902
EUROPEPMC:41850442,PubMed,41850442,Targeting 7-ketocholesterol-driven metabolic dysfunction in obesity: Therapeutic potential of Bifidobacterium and dietary antioxidants.,,Bifidobacterium,needs_manual_classification,medium,2,3.70,low_for_manual_review,defer_or_screen_manually,relevance score 2; lipid_effect,missing sample_size; missing duration; missing p_value; intervention type needs manual confirmation,https://europepmc.org/article/MED/41850442
EUROPEPMC:41426235,PubMed,41426235,Modulating Metabolic Health and Physiological Functions: Advances in Dietary Interventions Targeting Gut Microbiota.,,,needs_manual_classification,medium,2,3.70,low_for_manual_review,defer_or_screen_manually,relevance score 2; microbiome_effect,missing sample_size; missing duration; missing p_value; taxa not identified from title; intervention type needs manual confirmation,https://europepmc.org/article/MED/41426235
EUROPEPMC:42197000,PubMed,42197000,Gut Microbiome Dysbiosis in Metabolic Syndrome: Current Evidence and Emerging Perspectives.,,,needs_manual_classification,medium,2,3.70,low_for_manual_review,defer_or_screen_manually,relevance score 2; microbiome_effect,missing sample_size; missing duration; missing p_value; taxa not identified from title; intervention type needs manual confirmation,https://europepmc.org/article/MED/42197000
EUROPEPMC:41576942,PubMed,41576942,"Gut microbiome and obesity care: Bridging dietary, surgical, and pharmacological interventions.",,,needs_manual_classification,medium,2,3.70,low_for_manual_review,defer_or_screen_manually,relevance score 2; microbiome_effect,missing sample_size; missing duration; missing p_value; taxa not identified from title; intervention type needs manual confirmation,https://europepmc.org/article/MED/41576942
PMID:26792677,PubMed,26792677,Microbiota manipulation for weight change.,,,needs_manual_classification,medium,2,3.70,low_for_manual_review,defer_or_screen_manually,relevance score 2; sample_size,missing duration; missing p_value; taxa not identified from title; intervention type needs manual confirmation,https://pubmed.ncbi.nlm.nih.gov/26792677/
EUROPEPMC:41323139,PubMed,41323139,Diet and nutrition key factors for oral microbiota composition: a systematic review.,,,meta_analysis_or_systematic_review,medium,1,3.70,low_for_manual_review,defer_or_screen_manually,meta_analysis_or_systematic_review; relevance score 1; microbiome_effect,missing sample_size; missing duration; missing p_value; taxa not identified from title; intervention type needs manual confirmation,https://europepmc.org/article/MED/41323139
EUROPEPMC:41373658,PubMed,41373658,Gut Microbiota and Short-Chain Fatty Acids: Key Factors in Pediatric Obesity and Therapeutic Targets.,,,needs_manual_classification,medium,2,3.70,low_for_manual_review,defer_or_screen_manually,relevance score 2; microbiome_effect,missing sample_size; missing duration; missing p_value; taxa not identified from title; intervention type needs manual confirmation,https://europepmc.org/article/MED/41373658
EUROPEPMC:40917104,PubMed,40917104,Exploring the Role of the Gut Microbiome Across the Lifespan: Implications for Aging and Metabolic Disorders.,,,needs_manual_classification,medium,2,3.70,low_for_manual_review,defer_or_screen_manually,relevance score 2; microbiome_effect,missing sample_size; missing duration; missing p_value; taxa not identified from title; intervention type needs manual confirmation,https://europepmc.org/article/MED/40917104
EUROPEPMC:41011021,PubMed,41011021,The Gut Microbiota Axis in Social Jetlag: A Novel Framework for Metabolic Dysfunction and Chronotherapeutic Innovation.,,,needs_manual_classification,medium,2,3.70,low_for_manual_review,defer_or_screen_manually,relevance score 2; glucose_effect,missing sample_size; missing duration; missing p_value; taxa not identified from title; intervention type needs manual confirmation,https://europepmc.org/article/MED/41011021
PMID:37807018,PubMed,37807018,Consumption of yacon flour and energy-restricted diet increased the relative abundance of intestinal bacteria in obese adults.,,,needs_manual_classification,medium,1,3.70,low_for_manual_review,defer_or_screen_manually,relevance score 1; sample_size; duration; dose,missing p_value; taxa not identified from title; intervention type needs manual confirmation,https://pubmed.ncbi.nlm.nih.gov/37807018/
EUROPEPMC:41783752,PubMed,41783752,Gut Microbiota Has the Potential to Improve Sarcopenic Obesity in Menopausal Women by Regulating Estrogen.,,,needs_manual_classification,medium,2,3.70,low_for_manual_review,defer_or_screen_manually,relevance score 2; microbiome_effect,missing sample_size; missing duration; missing p_value; taxa not identified from title; intervention type needs manual confirmation,https://europepmc.org/article/MED/41783752
EUROPEPMC:41522487,PubMed,41522487,"The Gut Microbiota-Insulin Resistance Axis: Mechanisms, Clinical Implications, and Therapeutic Potential.",,,needs_manual_classification,medium,2,3.70,low_for_manual_review,defer_or_screen_manually,relevance score 2; glucose_effect,missing sample_size; missing duration; missing p_value; taxa not identified from title; intervention type needs manual confirmation,https://europepmc.org/article/MED/41522487
EUROPEPMC:42077461,PubMed,42077461,Faecal microbiota transplantation and glucolipid metabolic disorders: the interventional role of gut microbiota.,,,needs_manual_classification,medium,2,3.70,low_for_manual_review,defer_or_screen_manually,relevance score 2; lipid_effect,missing sample_size; missing duration; missing p_value; taxa not identified from title; intervention type needs manual confirmation,https://europepmc.org/article/MED/42077461
EUROPEPMC:40893881,PubMed,40893881,"Metabolic Dysfunction-Associated Steatotic Liver Disease (MASLD): the interplay of gut microbiome, insulin resistance, and diabetes.",,,needs_manual_classification,medium,2,3.70,low_for_manual_review,defer_or_screen_manually,relevance score 2; microbiome_effect,missing sample_size; missing duration; missing p_value; taxa not identified from title; intervention type needs manual confirmation,https://europepmc.org/article/MED/40893881
EUROPEPMC:42232906,PubMed,42232906,"From ""spleen governing muscle"" to gut microbiota: mechanisms of sarcopenic obesity in perimenopausal women.",,,needs_manual_classification,medium,2,3.70,low_for_manual_review,defer_or_screen_manually,relevance score 2; microbiome_effect,missing sample_size; missing duration; missing p_value; taxa not identified from title; intervention type needs manual confirmation,https://europepmc.org/article/MED/42232906
EUROPEPMC:41883787,PubMed,41883787,Maternal probiotic and prebiotic supplementation on glucose metabolism in pregnant women and their offspring: effects and related mechanisms.,probiotic;prebiotic,,needs_manual_classification,medium,1,3.40,low_for_manual_review,defer_or_screen_manually,relevance score 1; glucose_effect; microbiome_effect,missing sample_size; missing duration; missing p_value; taxa not identified from title,https://europepmc.org/article/MED/41883787
EUROPEPMC:42180583,PubMed,42180583,Impact of probiotics and prebiotics on glucose/lipid metabolism in metabolic dysfunction-associated steatotic liver disease: mechanisms and implications.,probiotic;prebiotic,,needs_manual_classification,medium,1,3.40,low_for_manual_review,defer_or_screen_manually,relevance score 1; lipid_effect; microbiome_effect,missing sample_size; missing duration; missing p_value; taxa not identified from title,https://europepmc.org/article/MED/42180583
EUROPEPMC:34828808,PubMed,34828808,Characteristics of the Gut Microbiota and Potential Effects of Probiotic Supplements in Individuals with Type 2 Diabetes <i>mellitus</i>.,probiotic,,needs_manual_classification,medium,1,3.40,low_for_manual_review,defer_or_screen_manually,relevance score 1; glucose_effect; microbiome_effect,missing sample_size; missing duration; missing p_value; taxa not identified from title,https://europepmc.org/article/MED/34828808
PMID:39503979,PubMed,39503979,Synbiotic Effects of Lacticaseibacillus paracasei K56 and Prebiotics on the Intestinal Microecology of Children with Obesity.,prebiotic;synbiotic,Lacticaseibacillus,needs_manual_classification,medium,1,3.40,low_for_manual_review,defer_or_screen_manually,relevance score 1; sample_size; microbiome_effect,missing duration; missing p_value,https://pubmed.ncbi.nlm.nih.gov/39503979/
EUROPEPMC:42193156,PubMed,42193156,Oxidative Stress-Gut Microbiome Crosstalk: Intestinal Redox Imbalance and Probiotics Therapeutic Potential.,probiotic,,needs_manual_classification,medium,1,3.40,low_for_manual_review,defer_or_screen_manually,relevance score 1; glucose_effect; microbiome_effect,missing sample_size; missing duration; missing p_value; taxa not identified from title,https://europepmc.org/article/MED/42193156
PMID:37513229,PubMed,37513229,Weight Loss Supplements.,,,needs_manual_classification,medium,1,3.40,low_for_manual_review,defer_or_screen_manually,relevance score 1; lipid_effect; microbiome_effect,missing sample_size; missing duration; missing p_value; taxa not identified from title; intervention type needs manual confirmation,https://pubmed.ncbi.nlm.nih.gov/37513229/
EUROPEPMC:41228392,PubMed,41228392,Nutrition and Gut Microbiome in the Prevention of Food Allergy.,,,needs_manual_classification,medium,1,3.40,low_for_manual_review,defer_or_screen_manually,relevance score 1; sample_size; microbiome_effect,missing duration; missing p_value; taxa not identified from title; intervention type needs manual confirmation,https://europepmc.org/article/MED/41228392
EUROPEPMC:42197026,PubMed,42197026,Exercise and the Gut Microbiome: From Mechanisms to Clinical Applications.,,,needs_manual_classification,medium,1,3.30,low_for_manual_review,defer_or_screen_manually,relevance score 1; duration; microbiome_effect,missing sample_size; missing p_value; taxa not identified from title; intervention type needs manual confirmation,https://europepmc.org/article/MED/42197026
EUROPEPMC:41120928,PubMed,41120928,A novel synbiotic formulation prevents calcium oxalate stones by restoring gut microbiota homeostasis.,synbiotic,,needs_manual_classification,medium,1,3.30,low_for_manual_review,defer_or_screen_manually,relevance score 1; duration; microbiome_effect,missing sample_size; missing p_value; taxa not identified from title,https://europepmc.org/article/MED/41120928
PMID:36768984,PubMed,36768984,Fermented Foods in the Management of Obesity: Mechanisms of Action and Future Challenges.,,,needs_manual_classification,medium,1,3.20,low_for_manual_review,defer_or_screen_manually,relevance score 1; body_weight_effect,missing sample_size; missing duration; missing p_value; taxa not identified from title; intervention type needs manual confirmation,https://pubmed.ncbi.nlm.nih.gov/36768984/
EUROPEPMC:41599808,PubMed,41599808,About Unsuccessful Responders to Diet and Physical Activity Interventions: A Focus on Energy Balance and Body-Weight Loss.,,,needs_manual_classification,medium,1,3.20,low_for_manual_review,defer_or_screen_manually,relevance score 1; body_weight_effect,missing sample_size; missing duration; missing p_value; taxa not identified from title; intervention type needs manual confirmation,https://europepmc.org/article/MED/41599808
EUROPEPMC:41783897,PubMed,41783897,"Obesity: current developments in mechanisms, diagnosis, classification and the evolution of personalized management.",,,needs_manual_classification,medium,1,3.20,low_for_manual_review,defer_or_screen_manually,relevance score 1; body_weight_effect,missing sample_size; missing duration; missing p_value; taxa not identified from title; intervention type needs manual confirmation,https://europepmc.org/article/MED/41783897
PMID:35531940,PubMed,35531940,Gut microbiota in bariatric surgery.,,,needs_manual_classification,medium,1,3.20,low_for_manual_review,defer_or_screen_manually,relevance score 1; body_weight_effect,missing sample_size; missing duration; missing p_value; taxa not identified from title; intervention type needs manual confirmation,https://pubmed.ncbi.nlm.nih.gov/35531940/
PMID:39914371,PubMed,39914371,Breastfeeding and Health Benefits for the Mother-Infant Dyad: A Perspective on Human Milk Microbiota.,,,needs_manual_classification,medium,1,3.20,low_for_manual_review,defer_or_screen_manually,relevance score 1; body_weight_effect,missing sample_size; missing duration; missing p_value; taxa not identified from title; intervention type needs manual confirmation,https://pubmed.ncbi.nlm.nih.gov/39914371/
EUROPEPMC:41718117,PubMed,41718117,"Childhood Obesity: A Multisystem Challenge Linking Hypertension, NAFLD, and Sleep Apnea.",,,needs_manual_classification,medium,1,3.20,low_for_manual_review,defer_or_screen_manually,relevance score 1; body_weight_effect,missing sample_size; missing duration; missing p_value; taxa not identified from title; intervention type needs manual confirmation,https://europepmc.org/article/MED/41718117
EUROPEPMC:41302164,PubMed,41302164,Probiotics and Phytoantioxidants Target Coronary Endothelial Dysfunction in Irregular Sleep- and Obesity-Associated Cardiometabolic Syndrome.,probiotic,,needs_manual_classification,medium,2,3.00,low_for_manual_review,defer_or_screen_manually,relevance score 2,missing sample_size; missing duration; missing p_value; taxa not identified from title,https://europepmc.org/article/MED/41302164
EUROPEPMC:41901529,PubMed,41901529,Heart-Gut Axis in Cardiometabolic Disease: Microbiome-Mediated Pathways Linking Metabolic Syndrome to Cardiovascular Risk.,,,needs_manual_classification,medium,2,3.00,low_for_manual_review,defer_or_screen_manually,relevance score 2,missing sample_size; missing duration; missing p_value; taxa not identified from title; intervention type needs manual confirmation,https://europepmc.org/article/MED/41901529
EUROPEPMC:40362809,PubMed,40362809,Small Intestinal Bacterial Overgrowth and Pediatric Obesity-A Systematic Review.,,,meta_analysis_or_systematic_review,medium,1,3.00,low_for_manual_review,defer_or_screen_manually,meta_analysis_or_systematic_review; relevance score 1,missing sample_size; missing duration; missing p_value; taxa not identified from title; intervention type needs manual confirmation,https://europepmc.org/article/MED/40362809
EUROPEPMC:40137132,PubMed,40137132,The Functions of Major Gut Microbiota in Obesity and Type 2 Diabetes.,,,needs_manual_classification,medium,2,3.00,low_for_manual_review,defer_or_screen_manually,relevance score 2,missing sample_size; missing duration; missing p_value; taxa not identified from title; intervention type needs manual confirmation,https://europepmc.org/article/MED/40137132
EUROPEPMC:41762381,PubMed,41762381,Gut Microbiota and Metabolic Health: From Dysbiosis to Therapeutics.,,,needs_manual_classification,medium,2,3.00,low_for_manual_review,defer_or_screen_manually,relevance score 2,missing sample_size; missing duration; missing p_value; taxa not identified from title; intervention type needs manual confirmation,https://europepmc.org/article/MED/41762381
EUROPEPMC:PMC13032950,publisher supplementary data,PMC13032950,The Role of Gut Microbiota in Postmenopausal Women: Implications for Lipid Metabolism and Targeted Nutritional Interventions,,,needs_manual_classification,medium,2,3.00,low_for_manual_review,defer_or_screen_manually,relevance score 2,missing sample_size; missing duration; missing p_value; taxa not identified from title; intervention type needs manual confirmation,
EUROPEPMC:41750295,PubMed,41750295,Endotoxins and Metabolic Endotoxemia in Obesity and Associated Noncommunicable Diseases: A Focus on Sex Differences.,,,needs_manual_classification,medium,2,3.00,low_for_manual_review,defer_or_screen_manually,relevance score 2,missing sample_size; missing duration; missing p_value; taxa not identified from title; intervention type needs manual confirmation,https://europepmc.org/article/MED/41750295
PMID:41520880,PubMed,41520880,The role of the gut microbiome in childhood obesity: Mechanistic insights and community-based interventions.,,,needs_manual_classification,medium,2,3.00,low_for_manual_review,defer_or_screen_manually,relevance score 2,missing sample_size; missing duration; missing p_value; taxa not identified from title; intervention type needs manual confirmation,https://pubmed.ncbi.nlm.nih.gov/41520880/
EUROPEPMC:39159270,PubMed,39159270,Obesity and the gut microbiota: implications of neuroendocrine and immune signaling.,,,needs_manual_classification,medium,2,3.00,low_for_manual_review,defer_or_screen_manually,relevance score 2,missing sample_size; missing duration; missing p_value; taxa not identified from title; intervention type needs manual confirmation,https://europepmc.org/article/MED/39159270
EUROPEPMC:42051485,PubMed,42051485,Targeted regulation of adipose tissue macrophages from an immunometabolic perspective: a novel therapeutic approach for obesity-related metabolic disorders.,,,needs_manual_classification,medium,2,3.00,low_for_manual_review,defer_or_screen_manually,relevance score 2,missing sample_size; missing duration; missing p_value; taxa not identified from title; intervention type needs manual confirmation,https://europepmc.org/article/MED/42051485
EUROPEPMC:42072163,PubMed,42072163,"Microbiota-Gut-Brain Axis Disruption, Neuroinflammation, and Potential Antioxidant-Based Treatments in Metabolic Diseases.",,,needs_manual_classification,medium,2,3.00,low_for_manual_review,defer_or_screen_manually,relevance score 2,missing sample_size; missing duration; missing p_value; taxa not identified from title; intervention type needs manual confirmation,https://europepmc.org/article/MED/42072163
EUROPEPMC:41822330,PubMed,41822330,Gut microbiota in obesity management: from microbial clocks to precision microbial therapies.,,,needs_manual_classification,medium,2,3.00,low_for_manual_review,defer_or_screen_manually,relevance score 2,missing sample_size; missing duration; missing p_value; taxa not identified from title; intervention type needs manual confirmation,https://europepmc.org/article/MED/41822330
EUROPEPMC:PMC12942760,publisher supplementary data,PMC12942760,Why Clinical Trials of Microbiome-Targeted Interventions Often Fail to Support Health Claims: A Commentary on Probiotics and Translational Design,probiotic,,needs_manual_classification,high,1,3.00,low_for_manual_review,defer_or_screen_manually,high priority evidence; relevance score 1,missing sample_size; missing duration; missing p_value; taxa not identified from title,
EUROPEPMC:40825719,PubMed,40825719,Pediatric metabolic dysfunction-associated steatotic liver disease and the gut microbiome: from research landscape to targeted modulation.,,,needs_manual_classification,medium,2,3.00,low_for_manual_review,defer_or_screen_manually,relevance score 2,missing sample_size; missing duration; missing p_value; taxa not identified from title; intervention type needs manual confirmation,https://europepmc.org/article/MED/40825719
EUROPEPMC:41297880,PubMed,41297880,"The role of the gut non-bacterial microbiome (virome, mycobiome, archaeome) and its impact on obesity.",,,needs_manual_classification,medium,2,3.00,low_for_manual_review,defer_or_screen_manually,relevance score 2,missing sample_size; missing duration; missing p_value; taxa not identified from title; intervention type needs manual confirmation,https://europepmc.org/article/MED/41297880
EUROPEPMC:10.64898/2026.04.07.716956,publisher supplementary data,10.64898/2026.04.07.716956,Engineered Lactate Catabolizing Probiotics Reveal Timescale Dependent Microbiome-Host Metabolic Coupling,probiotic,,needs_manual_classification,medium,2,3.00,low_for_manual_review,defer_or_screen_manually,relevance score 2,missing sample_size; missing duration; missing p_value; taxa not identified from title,
EUROPEPMC:36313072,PubMed,36313072,Gut microbiota and obesity: New insights.,,,needs_manual_classification,medium,2,3.00,low_for_manual_review,defer_or_screen_manually,relevance score 2,missing sample_size; missing duration; missing p_value; taxa not identified from title; intervention type needs manual confirmation,https://europepmc.org/article/MED/36313072
PMID:38940505,PubMed,38940505,Role of the intestinal microbiota in contributing to weight disorders and associated comorbidities.,,,needs_manual_classification,medium,2,3.00,low_for_manual_review,defer_or_screen_manually,relevance score 2,missing sample_size; missing duration; missing p_value; taxa not identified from title; intervention type needs manual confirmation,https://pubmed.ncbi.nlm.nih.gov/38940505/
EUROPEPMC:42221502,PubMed,42221502,Therapeutic potential of natural compounds from medicinal and food homology substances targeting gut microbiota in lipid metabolism disorders.,,,needs_manual_classification,medium,2,3.00,low_for_manual_review,defer_or_screen_manually,relevance score 2,missing sample_size; missing duration; missing p_value; taxa not identified from title; intervention type needs manual confirmation,https://europepmc.org/article/MED/42221502
EUROPEPMC:10.21203/rs.3.rs-9134629/v1,publisher supplementary data,10.21203/rs.3.rs-9134629/v1,Blood drops to gut maps: dried blood spot metabolomics infers gut microbiome composition and guides probiotic intervention in metabolic disease,probiotic,,needs_manual_classification,medium,2,3.00,low_for_manual_review,defer_or_screen_manually,relevance score 2,missing sample_size; missing duration; missing p_value; taxa not identified from title,
EUROPEPMC:42212103,PubMed,42212103,Gut microbiota and pediatric metabolic dysfunction-associated steatotic liver disease: clinical evidence and therapeutic implications.,,,needs_manual_classification,medium,2,3.00,low_for_manual_review,defer_or_screen_manually,relevance score 2,missing sample_size; missing duration; missing p_value; taxa not identified from title; intervention type needs manual confirmation,https://europepmc.org/article/MED/42212103
EUROPEPMC:33722164,PubMed,33722164,The impact of the gut microbiota on the reproductive and metabolic endocrine system.,,,needs_manual_classification,medium,2,3.00,low_for_manual_review,defer_or_screen_manually,relevance score 2,missing sample_size; missing duration; missing p_value; taxa not identified from title; intervention type needs manual confirmation,https://europepmc.org/article/MED/33722164
PMID:26843076,PubMed,26843076,Microbial transmission from mothers with obesity or diabetes to infants: an innovative opportunity to interrupt a vicious cycle.,,,needs_manual_classification,medium,1,2.70,low_for_manual_review,defer_or_screen_manually,relevance score 1; microbiome_effect,missing sample_size; missing duration; missing p_value; taxa not identified from title; intervention type needs manual confirmation,https://pubmed.ncbi.nlm.nih.gov/26843076/
EUROPEPMC:41677879,PubMed,41677879,Soy and the gut microbiome: a bi-directional relationship shaping nutrition and health.,,,needs_manual_classification,medium,1,2.70,low_for_manual_review,defer_or_screen_manually,relevance score 1; microbiome_effect,missing sample_size; missing duration; missing p_value; taxa not identified from title; intervention type needs manual confirmation,https://europepmc.org/article/MED/41677879
PMID:31752378,PubMed,31752378,Role of Probiotics in Non-alcoholic Fatty Liver Disease: Does Gut Microbiota Matter?,probiotic,,needs_manual_classification,medium,1,2.70,low_for_manual_review,defer_or_screen_manually,relevance score 1; microbiome_effect,missing sample_size; missing duration; missing p_value; taxa not identified from title,https://pubmed.ncbi.nlm.nih.gov/31752378/
EUROPEPMC:40606926,PubMed,40606926,"Gut microbiota in non-alcoholic fatty liver disease: Pathophysiology, diagnosis, and therapeutics.",,,needs_manual_classification,medium,1,2.70,low_for_manual_review,defer_or_screen_manually,relevance score 1; microbiome_effect,missing sample_size; missing duration; missing p_value; taxa not identified from title; intervention type needs manual confirmation,https://europepmc.org/article/MED/40606926
EUROPEPMC:40732011,PubMed,40732011,Microbiota-A Rescuing Modulator in Children Struggling with Functional Constipation.,,,needs_manual_classification,medium,1,2.70,low_for_manual_review,defer_or_screen_manually,relevance score 1; microbiome_effect,missing sample_size; missing duration; missing p_value; taxa not identified from title; intervention type needs manual confirmation,https://europepmc.org/article/MED/40732011
EUROPEPMC:39649015,PubMed,39649015,Impact of Probiotics and Prebiotics on Gut Microbiome and Hormonal Regulation.,probiotic;prebiotic,,needs_manual_classification,medium,1,2.70,low_for_manual_review,defer_or_screen_manually,relevance score 1; microbiome_effect,missing sample_size; missing duration; missing p_value; taxa not identified from title,https://europepmc.org/article/MED/39649015
EUROPEPMC:41103651,PubMed,41103651,"Insulin resistance, metabolic syndrome and polycystic ovaries: an intriguing conundrum.",,,needs_manual_classification,medium,1,2.70,low_for_manual_review,defer_or_screen_manually,relevance score 1; glucose_effect,missing sample_size; missing duration; missing p_value; taxa not identified from title; intervention type needs manual confirmation,https://europepmc.org/article/MED/41103651
EUROPEPMC:41377049,PubMed,41377049,"Gut microbiota dysbiosis in polycystic ovary syndrome: focus on diet, probiotics, and traditional Chinese medicine.",probiotic,,needs_manual_classification,medium,1,2.70,low_for_manual_review,defer_or_screen_manually,relevance score 1; microbiome_effect,missing sample_size; missing duration; missing p_value; taxa not identified from title,https://europepmc.org/article/MED/41377049
PMID:40783766,PubMed,40783766,"Distinct gut microbiota profiles and network properties in older Korean individuals with subjective cognitive decline, mild cognitive impairment, and Alzheimer's disease.",,,needs_manual_classification,medium,1,2.70,low_for_manual_review,defer_or_screen_manually,relevance score 1; sample_size,missing duration; missing p_value; taxa not identified from title; intervention type needs manual confirmation,https://pubmed.ncbi.nlm.nih.gov/40783766/
EUROPEPMC:42133449,PubMed,42133449,Parental microbiome programming of early-life neurodevelopment: multi-niche contributions through the microbiome-gut-brain axis.,,,needs_manual_classification,medium,1,2.70,low_for_manual_review,defer_or_screen_manually,relevance score 1; microbiome_effect,missing sample_size; missing duration; missing p_value; taxa not identified from title; intervention type needs manual confirmation,https://europepmc.org/article/MED/42133449
EUROPEPMC:41869364,PubMed,41869364,Psoriasis: microbiome dysbiosis and pathogenic mechanisms.,,,needs_manual_classification,medium,1,2.70,low_for_manual_review,defer_or_screen_manually,relevance score 1; microbiome_effect,missing sample_size; missing duration; missing p_value; taxa not identified from title; intervention type needs manual confirmation,https://europepmc.org/article/MED/41869364
EUROPEPMC:41788191,PubMed,41788191,Causal Effects of Yogurt Intake on Gut Microbiota: A European Mendelian Randomization Study.,,,needs_manual_classification,medium,1,2.70,low_for_manual_review,defer_or_screen_manually,relevance score 1; microbiome_effect,missing sample_size; missing duration; missing p_value; taxa not identified from title; intervention type needs manual confirmation,https://europepmc.org/article/MED/41788191
EUROPEPMC:42196944,PubMed,42196944,The Gut Microbiota-Polyphenol-NLRP3 Inflammasome Axis: A Key Regulatory Network Linking Diet to Chronic Inflammation.,,,needs_manual_classification,medium,1,2.70,low_for_manual_review,defer_or_screen_manually,relevance score 1; microbiome_effect,missing sample_size; missing duration; missing p_value; taxa not identified from title; intervention type needs manual confirmation,https://europepmc.org/article/MED/42196944
EUROPEPMC:40573072,PubMed,40573072,Kidney-Gut Axis in Chronic Kidney Disease: Therapeutic Perspectives from Microbiota Modulation and Nutrition.,,,needs_manual_classification,medium,1,2.70,low_for_manual_review,defer_or_screen_manually,relevance score 1; microbiome_effect,missing sample_size; missing duration; missing p_value; taxa not identified from title; intervention type needs manual confirmation,https://europepmc.org/article/MED/40573072
EUROPEPMC:40572244,PubMed,40572244,Modulating the Gut-Muscle Axis: Increasing SCFA-Producing Gut Microbiota Commensals and Decreasing Endotoxin Production to Mitigate Cancer Cachexia.,,,needs_manual_classification,medium,1,2.70,low_for_manual_review,defer_or_screen_manually,relevance score 1; microbiome_effect,missing sample_size; missing duration; missing p_value; taxa not identified from title; intervention type needs manual confirmation,https://europepmc.org/article/MED/40572244
EUROPEPMC:42198214,PubMed,42198214,Edible Plant-Derived Exosome-like Nanoparticles as Prebiotic Nanocarriers: Gut Microbiota Modulation and Functional Food Potential.,prebiotic,,needs_manual_classification,medium,1,2.70,low_for_manual_review,defer_or_screen_manually,relevance score 1; microbiome_effect,missing sample_size; missing duration; missing p_value; taxa not identified from title,https://europepmc.org/article/MED/42198214
EUROPEPMC:41971399,PubMed,41971399,Fermentation method outweighs geographic origin in shaping kefir's <i>in vitro</i> anti-obesity potential and probiotic properties.,probiotic,,needs_manual_classification,medium,1,2.70,low_for_manual_review,defer_or_screen_manually,relevance score 1; lipid_effect,missing sample_size; missing duration; missing p_value; taxa not identified from title,https://europepmc.org/article/MED/41971399
PMID:41895350,PubMed,41895350,"Understanding gut microbiota dysbiosis as a plausible link between obstructive sleep apnea (OSA), viral infections, and lifestyle diseases.",,,needs_manual_classification,medium,1,2.70,low_for_manual_review,defer_or_screen_manually,relevance score 1; microbiome_effect,missing sample_size; missing duration; missing p_value; taxa not identified from title; intervention type needs manual confirmation,https://pubmed.ncbi.nlm.nih.gov/41895350/
PMID:42061563,PubMed,42061563,Oroxin A in Linggui Zhugan Decoction in the treatment of MASH by regulating cholesterol-bile acid metabolism.,,,needs_manual_classification,medium,1,2.70,low_for_manual_review,defer_or_screen_manually,relevance score 1; microbiome_effect,missing sample_size; missing duration; missing p_value; taxa not identified from title; intervention type needs manual confirmation,https://pubmed.ncbi.nlm.nih.gov/42061563/
EUROPEPMC:39857762,PubMed,39857762,Malnutrition and Its Influence on Gut sIgA-Microbiota Dynamics.,,,needs_manual_classification,medium,1,2.70,low_for_manual_review,defer_or_screen_manually,relevance score 1; microbiome_effect,missing sample_size; missing duration; missing p_value; taxa not identified from title; intervention type needs manual confirmation,https://europepmc.org/article/MED/39857762
PMID:41393538,PubMed,41393538,The Obesity Drug Revolution: New Frontiers in Pharmacotherapy.,,,needs_manual_classification,medium,1,2.70,low_for_manual_review,defer_or_screen_manually,relevance score 1; lipid_effect,missing sample_size; missing duration; missing p_value; taxa not identified from title; intervention type needs manual confirmation,https://pubmed.ncbi.nlm.nih.gov/41393538/
EUROPEPMC:36458804,PubMed,36458804,The gut microbiome: a core regulator of metabolism.,,,needs_manual_classification,medium,1,2.70,low_for_manual_review,defer_or_screen_manually,relevance score 1; microbiome_effect,missing sample_size; missing duration; missing p_value; taxa not identified from title; intervention type needs manual confirmation,https://europepmc.org/article/MED/36458804
EUROPEPMC:41137026,PubMed,41137026,Akkermansia muciniphila: a microbial guardian against oxidative stress-gut microbiota crosstalk and clinical prospects.,,Akkermansia,needs_manual_classification,medium,1,2.70,low_for_manual_review,defer_or_screen_manually,relevance score 1; glucose_effect,missing sample_size; missing duration; missing p_value; intervention type needs manual confirmation,https://europepmc.org/article/MED/41137026
EUROPEPMC:36317983,PubMed,36317983,"Microbiome and Human Health: Current Understanding, Engineering, and Enabling Technologies.",,,needs_manual_classification,medium,1,2.70,low_for_manual_review,defer_or_screen_manually,relevance score 1; microbiome_effect,missing sample_size; missing duration; missing p_value; taxa not identified from title; intervention type needs manual confirmation,https://europepmc.org/article/MED/36317983
EUROPEPMC:41798990,PubMed,41798990,Microbiota management: a perspective for kidney transplant patients.,,,needs_manual_classification,medium,1,2.70,low_for_manual_review,defer_or_screen_manually,relevance score 1; microbiome_effect,missing sample_size; missing duration; missing p_value; taxa not identified from title; intervention type needs manual confirmation,https://europepmc.org/article/MED/41798990
EUROPEPMC:37280680,PubMed,37280680,Maternal microbiota and gestational diabetes: impact on infant health.,,,needs_manual_classification,medium,1,2.70,low_for_manual_review,defer_or_screen_manually,relevance score 1; microbiome_effect,missing sample_size; missing duration; missing p_value; taxa not identified from title; intervention type needs manual confirmation,https://europepmc.org/article/MED/37280680
EUROPEPMC:35370685,PubMed,35370685,Nutraceuticals in the Modulation of the Intestinal Microbiota: Current Status and Future Directions.,,,needs_manual_classification,medium,1,2.70,low_for_manual_review,defer_or_screen_manually,relevance score 1; microbiome_effect,missing sample_size; missing duration; missing p_value; taxa not identified from title; intervention type needs manual confirmation,https://europepmc.org/article/MED/35370685
EUROPEPMC:33802777,PubMed,33802777,Recognizing the Benefits of Pre-/Probiotics in Metabolic Syndrome and Type 2 Diabetes Mellitus Considering the Influence of <i>Akkermansia muciniphila</i> as a Key Gut Bacterium.,probiotic,Akkermansia,needs_manual_classification,medium,1,2.70,low_for_manual_review,defer_or_screen_manually,relevance score 1; microbiome_effect,missing sample_size; missing duration; missing p_value,https://europepmc.org/article/MED/33802777
EUROPEPMC:32549225,PubMed,32549225,Microbiota and Lifestyle: A Special Focus on Diet.,,,needs_manual_classification,medium,1,2.70,low_for_manual_review,defer_or_screen_manually,relevance score 1; microbiome_effect,missing sample_size; missing duration; missing p_value; taxa not identified from title; intervention type needs manual confirmation,https://europepmc.org/article/MED/32549225
EUROPEPMC:41377642,PubMed,41377642,"Gut Microbiome and Cardiovascular Health: Mechanisms, Therapeutic Potential and Future Directions.",,,needs_manual_classification,medium,1,2.70,low_for_manual_review,defer_or_screen_manually,relevance score 1; sample_size,missing duration; missing p_value; taxa not identified from title; intervention type needs manual confirmation,https://europepmc.org/article/MED/41377642
EUROPEPMC:41683193,PubMed,41683193,Gut Microbiota Impact on Cognitive Function in Humans.,,,needs_manual_classification,medium,1,2.70,low_for_manual_review,defer_or_screen_manually,relevance score 1; microbiome_effect,missing sample_size; missing duration; missing p_value; taxa not identified from title; intervention type needs manual confirmation,https://europepmc.org/article/MED/41683193
EUROPEPMC:41746476,PubMed,41746476,"The Gut-Brain Axis in Obesity: Mechanisms, Development, and Therapeutic Perspectives.",,,needs_manual_classification,medium,1,2.70,low_for_manual_review,defer_or_screen_manually,relevance score 1; microbiome_effect,missing sample_size; missing duration; missing p_value; taxa not identified from title; intervention type needs manual confirmation,https://europepmc.org/article/MED/41746476
EUROPEPMC:41774188,PubMed,41774188,"Microbes, mood, and metabolism/obesity: Pharmacological insights into the gut-obesity-depression triad.",,,needs_manual_classification,medium,1,2.70,low_for_manual_review,defer_or_screen_manually,relevance score 1; microbiome_effect,missing sample_size; missing duration; missing p_value; taxa not identified from title; intervention type needs manual confirmation,https://europepmc.org/article/MED/41774188
EUROPEPMC:41276282,PubMed,41276282,Aging and the microbiome: implications for health and disease.,,,needs_manual_classification,medium,1,2.70,low_for_manual_review,defer_or_screen_manually,relevance score 1; microbiome_effect,missing sample_size; missing duration; missing p_value; taxa not identified from title; intervention type needs manual confirmation,https://europepmc.org/article/MED/41276282
EUROPEPMC:PMC13093847,publisher supplementary data,PMC13093847,"Obesity and Natural Products: Mechanisms, Therapeutic Potential, and Future Directions",,,needs_manual_classification,medium,1,2.00,low_for_manual_review,defer_or_screen_manually,relevance score 1,missing sample_size; missing duration; missing p_value; taxa not identified from title; intervention type needs manual confirmation,
EUROPEPMC:39958467,PubMed,39958467,Synbiotics and Gut-Heart Axis in Cardiometabolic Disease.,synbiotic,,needs_manual_classification,medium,1,2.00,low_for_manual_review,defer_or_screen_manually,relevance score 1,missing sample_size; missing duration; missing p_value; taxa not identified from title,https://europepmc.org/article/MED/39958467
EUROPEPMC:PMC12938230,publisher supplementary data,PMC12938230,"Interplay of Microbiome, Oxidative Stress and Inflammation in Health and Disease",,,needs_manual_classification,medium,1,2.00,low_for_manual_review,defer_or_screen_manually,relevance score 1,missing sample_size; missing duration; missing p_value; taxa not identified from title; intervention type needs manual confirmation,
EUROPEPMC:PMC12942818,publisher supplementary data,PMC12942818,Early-Life &#946;-Lactam Exposure and the Developing Microbiome: Clinical Relevance and Controversies,,,needs_manual_classification,medium,1,2.00,low_for_manual_review,defer_or_screen_manually,relevance score 1,missing sample_size; missing duration; missing p_value; taxa not identified from title; intervention type needs manual confirmation,
EUROPEPMC:40861487,PubMed,40861487,Microbiota and enteric nervous system crosstalk in diabetic gastroenteropathy: bridging mechanistic insights to microbiome-based therapies.,,,needs_manual_classification,medium,1,2.00,low_for_manual_review,defer_or_screen_manually,relevance score 1,missing sample_size; missing duration; missing p_value; taxa not identified from title; intervention type needs manual confirmation,https://europepmc.org/article/MED/40861487
EUROPEPMC:41624190,PubMed,41624190,Diet type and the oral microbiome.,,,needs_manual_classification,medium,1,2.00,low_for_manual_review,defer_or_screen_manually,relevance score 1,missing sample_size; missing duration; missing p_value; taxa not identified from title; intervention type needs manual confirmation,https://europepmc.org/article/MED/41624190
EUROPEPMC:41640966,PubMed,41640966,Fighting the epidemic of pediatric metabolic dysfunction-associated steatotic liver disease: Role of non-invasive diagnostics and early pharmacological intervention.,,,needs_manual_classification,medium,1,2.00,low_for_manual_review,defer_or_screen_manually,relevance score 1,missing sample_size; missing duration; missing p_value; taxa not identified from title; intervention type needs manual confirmation,https://europepmc.org/article/MED/41640966
EUROPEPMC:40943409,PubMed,40943409,"Gut Microbiota-Derived Metabolites in Atherosclerosis: Pathways, Biomarkers, and Targets.",,,needs_manual_classification,medium,1,2.00,low_for_manual_review,defer_or_screen_manually,relevance score 1,missing sample_size; missing duration; missing p_value; taxa not identified from title; intervention type needs manual confirmation,https://europepmc.org/article/MED/40943409
EUROPEPMC:41063745,PubMed,41063745,Synergistic Effects of Bioactive Compounds on Human Adiposity Mechanisms of Fat Loss and Fat Accumulation.,,,needs_manual_classification,medium,1,2.00,low_for_manual_review,defer_or_screen_manually,relevance score 1,missing sample_size; missing duration; missing p_value; taxa not identified from title; intervention type needs manual confirmation,https://europepmc.org/article/MED/41063745
EUROPEPMC:41901072,PubMed,41901072,Linking Obesity and Depression Through the Gut-Brain Axis: The Impact of Short-Chain Fatty Acids and Inflammation.,,,needs_manual_classification,medium,1,2.00,low_for_manual_review,defer_or_screen_manually,relevance score 1,missing sample_size; missing duration; missing p_value; taxa not identified from title; intervention type needs manual confirmation,https://europepmc.org/article/MED/41901072
EUROPEPMC:41960437,PubMed,41960437,Unveiling the gut: microbiota and derived metabolites' role in the rising tide of precocious puberty.,,,needs_manual_classification,medium,1,2.00,low_for_manual_review,defer_or_screen_manually,relevance score 1,missing sample_size; missing duration; missing p_value; taxa not identified from title; intervention type needs manual confirmation,https://europepmc.org/article/MED/41960437
EUROPEPMC:41625558,PubMed,41625558,Obesity-induced cognitive impairment: Underlying mechanisms and therapeutic prospects.,,,needs_manual_classification,medium,1,2.00,low_for_manual_review,defer_or_screen_manually,relevance score 1,missing sample_size; missing duration; missing p_value; taxa not identified from title; intervention type needs manual confirmation,https://europepmc.org/article/MED/41625558
EUROPEPMC:41834856,PubMed,41834856,The role of Western diet and gut microbiota in the pathogenesis of cardiovascular diseases.,,,needs_manual_classification,medium,1,2.00,low_for_manual_review,defer_or_screen_manually,relevance score 1,missing sample_size; missing duration; missing p_value; taxa not identified from title; intervention type needs manual confirmation,https://europepmc.org/article/MED/41834856
EUROPEPMC:41898712,PubMed,41898712,"GLP-1 Receptor Agonists at the Crossroads of Circadian Biology, Sleep, and Metabolic Disease.",,,needs_manual_classification,medium,1,2.00,low_for_manual_review,defer_or_screen_manually,relevance score 1,missing sample_size; missing duration; missing p_value; taxa not identified from title; intervention type needs manual confirmation,https://europepmc.org/article/MED/41898712
EUROPEPMC:42196504,PubMed,42196504,Current Understanding of Probiotic Strains and Immune Function: From Gut Microbiota to Systemic Immunity.,probiotic,,needs_manual_classification,medium,1,2.00,low_for_manual_review,defer_or_screen_manually,relevance score 1,missing sample_size; missing duration; missing p_value; taxa not identified from title,https://europepmc.org/article/MED/42196504
EUROPEPMC:42228606,PubMed,42228606,Microbial shifts in early life: the pediatric gut microbiome and its role in health and disease.,,,needs_manual_classification,medium,1,2.00,low_for_manual_review,defer_or_screen_manually,relevance score 1,missing sample_size; missing duration; missing p_value; taxa not identified from title; intervention type needs manual confirmation,https://europepmc.org/article/MED/42228606
EUROPEPMC:42180565,PubMed,42180565,"Gestational constipation and the gut microbiota: mechanisms, interventions, and implications for maternal and offspring health.",,,needs_manual_classification,medium,1,2.00,low_for_manual_review,defer_or_screen_manually,relevance score 1,missing sample_size; missing duration; missing p_value; taxa not identified from title; intervention type needs manual confirmation,https://europepmc.org/article/MED/42180565
EUROPEPMC:42051455,PubMed,42051455,Gut microbiome dysbiosis in PCOS: from pathogenesis to microbiome-targeted therapies.,,,needs_manual_classification,medium,1,2.00,low_for_manual_review,defer_or_screen_manually,relevance score 1,missing sample_size; missing duration; missing p_value; taxa not identified from title; intervention type needs manual confirmation,https://europepmc.org/article/MED/42051455
EUROPEPMC:42123927,PubMed,42123927,The Role of Microbiome and Diet on Disease Activity and Immune-Inflammatory Status in Rheumatoid Arthritis.,,,needs_manual_classification,medium,1,2.00,low_for_manual_review,defer_or_screen_manually,relevance score 1,missing sample_size; missing duration; missing p_value; taxa not identified from title; intervention type needs manual confirmation,https://europepmc.org/article/MED/42123927
EUROPEPMC:41788730,PubMed,41788730,Impact of sleeve gastrectomy on bone metabolism in obese patients: from mechanisms to clinical prevention.,,,needs_manual_classification,medium,1,2.00,low_for_manual_review,defer_or_screen_manually,relevance score 1,missing sample_size; missing duration; missing p_value; taxa not identified from title; intervention type needs manual confirmation,https://europepmc.org/article/MED/41788730
EUROPEPMC:41703894,PubMed,41703894,GLP-1 agonists and the gut microbiome: A bidirectional relationship.,,,needs_manual_classification,medium,1,2.00,low_for_manual_review,defer_or_screen_manually,relevance score 1,missing sample_size; missing duration; missing p_value; taxa not identified from title; intervention type needs manual confirmation,https://europepmc.org/article/MED/41703894
EUROPEPMC:41884636,PubMed,41884636,"Engineered bacteria: a novel era for metabolic, cardiovascular and cerebrovascular diseases therapy.",,,needs_manual_classification,medium,1,2.00,low_for_manual_review,defer_or_screen_manually,relevance score 1,missing sample_size; missing duration; missing p_value; taxa not identified from title; intervention type needs manual confirmation,https://europepmc.org/article/MED/41884636
EUROPEPMC:41488302,PubMed,41488302,"Mechanisms of gut microbiota in host fat deposition: metabolites, signaling pathways, and translational applications.",,,needs_manual_classification,medium,1,2.00,low_for_manual_review,defer_or_screen_manually,relevance score 1,missing sample_size; missing duration; missing p_value; taxa not identified from title; intervention type needs manual confirmation,https://europepmc.org/article/MED/41488302
EUROPEPMC:41880417,PubMed,41880417,EXPLORING THE IMPACT OF GUT MICROBIOTA MODULATION ON COLORECTAL CANCER THERAPY: A BIBLIOMETRIC ANALYSIS OF PROBIOTIC AND PREBIOTIC INTERVENTIONS.,probiotic;prebiotic,,needs_manual_classification,medium,1,2.00,low_for_manual_review,defer_or_screen_manually,relevance score 1,missing sample_size; missing duration; missing p_value; taxa not identified from title,https://europepmc.org/article/MED/41880417
EUROPEPMC:41745391,PubMed,41745391,Probiotics as Microbiome Modulators in Male Infertility: Rethinking Dysbiosis Across the Gut-Testis Axis.,probiotic,,needs_manual_classification,medium,1,2.00,low_for_manual_review,defer_or_screen_manually,relevance score 1,missing sample_size; missing duration; missing p_value; taxa not identified from title,https://europepmc.org/article/MED/41745391
EUROPEPMC:PMC13206985,publisher supplementary data,PMC13206985,Current Understanding of Probiotic Strains and Immune Function: From Gut Microbiota to Systemic Immunity,probiotic,,needs_manual_classification,medium,1,2.00,low_for_manual_review,defer_or_screen_manually,relevance score 1,missing sample_size; missing duration; missing p_value; taxa not identified from title,
EUROPEPMC:41906418,PubMed,41906418,Dysregulated eating behaviour and microbiota-based interventions targeting eating disorders and food addiction.,,,needs_manual_classification,medium,1,2.00,low_for_manual_review,defer_or_screen_manually,relevance score 1,missing sample_size; missing duration; missing p_value; taxa not identified from title; intervention type needs manual confirmation,https://europepmc.org/article/MED/41906418
EUROPEPMC:41030554,PubMed,41030554,<i>Akkermansia muciniphila</i> and osteoporosis: emerging role of gut microbiota in skeletal homeostasis.,,Akkermansia,needs_manual_classification,medium,1,2.00,low_for_manual_review,defer_or_screen_manually,relevance score 1,missing sample_size; missing duration; missing p_value; intervention type needs manual confirmation,https://europepmc.org/article/MED/41030554
EUROPEPMC:41901168,PubMed,41901168,Anti-Obesogenic Effects of Culinary Herbs Through Modulation of Inflammation and Metabolic Pathways.,,,needs_manual_classification,medium,1,2.00,low_for_manual_review,defer_or_screen_manually,relevance score 1,missing sample_size; missing duration; missing p_value; taxa not identified from title; intervention type needs manual confirmation,https://europepmc.org/article/MED/41901168
EUROPEPMC:40299326,PubMed,40299326,Intestinal Microbiota Modulation by Fecal Microbiota Transplantation in Nonalcoholic Fatty Liver Disease.,,,needs_manual_classification,medium,1,2.00,low_for_manual_review,defer_or_screen_manually,relevance score 1,missing sample_size; missing duration; missing p_value; taxa not identified from title; intervention type needs manual confirmation,https://europepmc.org/article/MED/40299326
EUROPEPMC:37371961,PubMed,37371961,The Preventive Mechanisms of Bioactive Food Compounds against Obesity-Induced Inflammation.,,,needs_manual_classification,medium,1,2.00,low_for_manual_review,defer_or_screen_manually,relevance score 1,missing sample_size; missing duration; missing p_value; taxa not identified from title; intervention type needs manual confirmation,https://europepmc.org/article/MED/37371961
PMID:40025880,PubMed,40025880,Epigenomic mechanisms of dietary prescriptions for obesity therapy.,,,needs_manual_classification,medium,1,2.00,low_for_manual_review,defer_or_screen_manually,relevance score 1,missing sample_size; missing duration; missing p_value; taxa not identified from title; intervention type needs manual confirmation,https://pubmed.ncbi.nlm.nih.gov/40025880/
EUROPEPMC:41516240,PubMed,41516240,From Gut Dysbiosis to Skin Inflammation in Atopic Dermatitis: Probiotics and the Gut-Skin Axis-Clinical Outcomes and Microbiome Implications.,probiotic,,needs_manual_classification,medium,1,2.00,low_for_manual_review,defer_or_screen_manually,relevance score 1,missing sample_size; missing duration; missing p_value; taxa not identified from title,https://europepmc.org/article/MED/41516240
EUROPEPMC:39593945,PubMed,39593945,"Probiotic, Postbiotic, and Paraprobiotic Effects of <i>Lactobacillus rhamnosus</i> as a Modulator of Obesity-Associated Factors.",probiotic;postbiotic,Lactobacillus,needs_manual_classification,medium,1,2.00,low_for_manual_review,defer_or_screen_manually,relevance score 1,missing sample_size; missing duration; missing p_value,https://europepmc.org/article/MED/39593945
EUROPEPMC:PMC13203418,publisher supplementary data,PMC13203418,Oxidative Stress&#8211;Gut Microbiome Crosstalk: Intestinal Redox Imbalance and Probiotics Therapeutic Potential,probiotic,,needs_manual_classification,medium,1,2.00,low_for_manual_review,defer_or_screen_manually,relevance score 1,missing sample_size; missing duration; missing p_value; taxa not identified from title,
EUROPEPMC:38534735,PubMed,38534735,Microbial-Based Bioactive Compounds to Alleviate Inflammation in Obesity.,,,needs_manual_classification,medium,1,2.00,low_for_manual_review,defer_or_screen_manually,relevance score 1,missing sample_size; missing duration; missing p_value; taxa not identified from title; intervention type needs manual confirmation,https://europepmc.org/article/MED/38534735
EUROPEPMC:41584842,PubMed,41584842,&#946;-cell heterogeneity and molecular plasticity in type 2 diabetes: multi-omics perspectives and the role of gut microbiota.,,,needs_manual_classification,medium,1,2.00,low_for_manual_review,defer_or_screen_manually,relevance score 1,missing sample_size; missing duration; missing p_value; taxa not identified from title; intervention type needs manual confirmation,https://europepmc.org/article/MED/41584842
EUROPEPMC:34203876,PubMed,34203876,Gut Microbiota and Host Metabolism: From Proof of Concept to Therapeutic Intervention.,,,needs_manual_classification,medium,1,2.00,low_for_manual_review,defer_or_screen_manually,relevance score 1,missing sample_size; missing duration; missing p_value; taxa not identified from title; intervention type needs manual confirmation,https://europepmc.org/article/MED/34203876
EUROPEPMC:37316582,PubMed,37316582,The gut-liver axis and gut microbiota in health and liver disease.,,,needs_manual_classification,medium,1,2.00,low_for_manual_review,defer_or_screen_manually,relevance score 1,missing sample_size; missing duration; missing p_value; taxa not identified from title; intervention type needs manual confirmation,https://europepmc.org/article/MED/37316582
EUROPEPMC:34884466,PubMed,34884466,Implications of Gut Microbiota in Complex Human Diseases.,,,needs_manual_classification,medium,1,2.00,low_for_manual_review,defer_or_screen_manually,relevance score 1,missing sample_size; missing duration; missing p_value; taxa not identified from title; intervention type needs manual confirmation,https://europepmc.org/article/MED/34884466
PMID:36943206,PubMed,36943206,Association between intestinal microflora and obesity.,,,needs_manual_classification,medium,1,2.00,low_for_manual_review,defer_or_screen_manually,relevance score 1,missing sample_size; missing duration; missing p_value; taxa not identified from title; intervention type needs manual confirmation,https://pubmed.ncbi.nlm.nih.gov/36943206/
EUROPEPMC:34812127,PubMed,34812127,Serum metabolite profiling yields insights into health promoting effect of A. muciniphila in human volunteers with a metabolic syndrome.,,,needs_manual_classification,medium,1,2.00,low_for_manual_review,defer_or_screen_manually,relevance score 1,missing sample_size; missing duration; missing p_value; taxa not identified from title; intervention type needs manual confirmation,https://europepmc.org/article/MED/34812127
