evidence_id,source_database,source_accession,title,intervention_type_hint,taxa_hint,enriched_intervention_type_hint,enriched_taxa_hint,enrichment_source,study_tag,priority,relevance_score,preliminary_response_score,confidence_level,predicted_usefulness,main_positive_signals,main_limitations,source_url,pdf_source_file,pdf_match_score,pdf_pages,pdf_intervention_terms,pdf_duration_terms,pdf_cfu_terms,pdf_sample_size_terms,pdf_outcome_terms,pdf_text_excerpt
PMID:40077569,PubMed,40077569,"Effects of Liupao Tea with Different Years of Aging on Glycolipid Metabolism, Body Composition, and Gut Microbiota in Adults with Obesity or Overweight: A Randomized, Double-Blind Study.",,,dietary_polyphenol,,evidence_details; regex_inference,randomized_controlled_trial,high,5,15.00,high_for_manual_review,prioritize_extraction,high priority evidence; randomized_controlled_trial; relevance score 5; sample_size; duration; p_value; body_weight_effect; bmi_effect; waist_effect; body_fat_effect; lipid_effect; microbiome_effect,taxa not identified from title; intervention type needs manual confirmation,https://pubmed.ncbi.nlm.nih.gov/40077569/,,,,,,,,,
EUROPEPMC:40409234,PubMed,40409234,Effects of multi-strain probiotics supplementation on body adiposity and metabolic profile in individuals with hypertension and overweight following an energy-restricted diet: A randomized clinical trial.,probiotic,,probiotic; prebiotic,,evidence_details; regex_inference,randomized_controlled_trial,high,4,15.00,high_for_manual_review,prioritize_extraction,high priority evidence; randomized_controlled_trial; relevance score 4; sample_size; duration; cfu; p_value; body_weight_effect; bmi_effect; waist_effect; body_fat_effect; glucose_effect; lipid_effect,taxa not identified from title,https://europepmc.org/article/MED/40409234,,,,,,,,,
EUROPEPMC:41163054,PubMed,41163054,"The effects of a newly developed beverage powder supplement on anthropometric measures, body composition, metabolic syndrome components, and appetite in obese or overweight adults: a protocol for a randomized clinical trial study.",,,probiotic; prebiotic; postbiotic; dietary_polyphenol,Akkermansia muciniphila,evidence_details; regex_inference,randomized_controlled_trial,high,4,14.40,high_for_manual_review,prioritize_extraction,high priority evidence; randomized_controlled_trial; relevance score 4; duration; dose; body_weight_effect; bmi_effect; waist_effect; body_fat_effect; glucose_effect; lipid_effect,missing sample_size; missing p_value; taxa not identified from title; intervention type needs manual confirmation,https://europepmc.org/article/MED/41163054,,,,,,,,,
PMID:41479657,PubMed,41479657,"Targeting gut microbiota with short-chain fructo-oligosaccharides prebiotic fibers to support metabolic health in overweight prediabetic adults: a randomized, double-blinded, placebo-controlled study.",prebiotic,,prebiotic; probiotic,Bifidobacterium,evidence_details; regex_inference,randomized_controlled_trial,high,4,14.30,high_for_manual_review,prioritize_extraction,high priority evidence; randomized_controlled_trial; relevance score 4; sample_size; duration; dose; p_value; body_weight_effect; body_fat_effect; glucose_effect; microbiome_effect,taxa not identified from title,https://pubmed.ncbi.nlm.nih.gov/41479657/,fnut-12-1718169.pdf,1.000,14,prebiotic fibers to support metabolic health in overweight prediabetic adults; Prebiotic dietary fibers may help mitigate this trend by modulating gut microbiota. This; Bifidobacterium; prebiotic; prebiotic properties have been shown to beneficially modulate the gut microbiota and impr; prebiotic dietary fibers; inulin is primarily extracted from chicory roots and has a broader DP range; inulin and typically has a DP of 2 to 9. These structural differences influence their,12 weeks; 3 months,,n = 66; 30 participants,microbiota; glucose; BMI; HbA1c; fat mass; Body weight; body mass index; triglycerides; cholesterol,"Frontiers in Nutrition 01 frontiersin.org Targeting gut microbiota with short-chain fructo-oligosaccharides prebiotic fibers to support metabolic health in overweight prediabetic adults: a randomized, double-blinded, placebo-controlled study Cindy Le Bourgot 1*, Odile Capronnier 2, Sahara Graf 2 and Thomas Carton 2 1Department of Scientific and Regulatory Affairs, TEREOS, Moussy-le-Vieux, France, 2Department of Biometry, BIOFORTIS SAS, Saint-Herblain, France Background and objectives: The global rise in metabolic disorders such as obesity and type 2 diabetes is largely driven by dietary changes and sedentary lifestyles. Prebiotic dietary fibers may help mitigate this trend by modulating gut microbiota. This study aimed to evaluate the effects of short-chain fructo- oligosaccharides (scFOS) on glucose homeostasis, body composition and gut microbiota in overweight individuals with prediabe"
PMID:31965834,PubMed,31965834,"Effect of multi-strain probiotic (UB0316) in weight management in overweight/obese adults: a 12-week double blind, randomised, placebo-controlled study.",probiotic,,probiotic; prebiotic,Lactobacillus salivarius; Lactobacillus casei; Lactobacillus plantarum; Lactobacillus acidophilus; Bifidobacterium breve; Bacillus coagulans; UB0316; UBLS-22; UBLC-42; UBLP-40; UBLA-34,evidence_details; regex_inference,randomized_controlled_trial,high,2,14.20,high_for_manual_review,prioritize_extraction,high priority evidence; randomized_controlled_trial; relevance score 2; sample_size; duration; cfu; dose; p_value; body_weight_effect; bmi_effect; waist_effect; body_fat_effect; lipid_effect,taxa not identified from title,https://pubmed.ncbi.nlm.nih.gov/31965834/,"Effect of multi-strain probiotic (UB0316) in weight management in overweight_obese adults_ a 12-week double blind, randomised, p(科研通-ablesci.com).pdf",0.911,12,probiotic; UB0316; probiotic capsule; Lactobacillus salivarius UBLS-22; Lactobacillus casei UBLC-42; Lactobacillus plantarum; Lactobacillus acidophilus UBLA-34; Bifidobacterium breve UBBr-01,12 weeks; 5 day; 28 days,"IS2 5×109 cfu each and fructo-o; IS2 (5×109 cfu each) were combin; IS2, 5×109 cfu each and prebioti",71 subjects,Body mass index; BMI; microbiota; body weight; body fat; cholesterol; glucose; HbA1c; triglycerides; LDL; waist circumference; visceral fat,"Beneficial Microbes, 2019; 10(8): 855-866 Wageningen Academic Publishers ISSN 1876-2883 print, ISSN 1876-2891 online, DOI 10.3920/BM2019.0052 855 1. Introduction Obesity and overweight are defined as abnormal or excessive fat accumulation that may impair health. Body mass index (BMI) is a simple index of weight-for-height that is commonly used to classify overweight and obesity in adults. It is defined as a person’s weight in kilograms divided by the square of height in meters (kg/m 2). According to WHO, overweight in adults is a BMI between 25.0-29.9 and obesity is a BMI greater than or equal to 30.0 kg/m2 (WHO, 2018). The prevalence of overweight and obesity has been rapidly increasing throughout the world. In 2016, more than 1.9 billion adults (39% of men and 40% of women) aged 18 years and older were overweight (WHO, 2018). It has been reported that men in developed countries have hi"
PMID:30262813,PubMed,30262813,Effects of daily consumption of the probiotic Bifidobacterium animalis subsp. lactis CECT 8145 on anthropometric adiposity biomarkers in abdominally obese subjects: a randomized controlled trial.,probiotic,Bifidobacterium,probiotic; postbiotic,Bifidobacterium; Bifidobacterium animalis; Akkermansia spp; Akkermansia genus; CECT 8145,evidence_details; regex_inference,randomized_controlled_trial,high,2,14.10,high_for_manual_review,prioritize_extraction,high priority evidence; randomized_controlled_trial; relevance score 2; sample_size; duration; dose; p_value; body_weight_effect; bmi_effect; waist_effect; body_fat_effect; glucose_effect; microbiome_effect,,https://pubmed.ncbi.nlm.nih.gov/30262813/,s41366-018-0220-0.pdf,1.000,6,probiotic Biﬁdobacterium animalis subsp. lactis CECT 8145 on anthropometric adiposity bio; probiotic Biﬁdobacterium animalis subsp. lactis CECT 8145; Akkermansia spp. after Ba8145 treatment; Akkermansia genus appears as a possible mechanism involved. Our results support Ba8145 prob; Akkermansia ssp. increased 0.008; Akkermansia percentage content after Ba8145 treatments was 1.8; Lactobacillus gasseri SBT2055; probiotic consumption in a recent meta-analysis,3 months; 12 weeks; 3 weeks; 12 months,"unit (CFU) of Ba8145, 10 10; CFU of h-k Ba8145, or; unit (CFU)/capsule containi; of 10 10 CFU before the heat t",n = 135; 187 subjects; 43 men; 83 women; n = 40; n = 42; n = 44,adiposity; waist circumference; body mass index; visceral fat; body fat; insulin; BMI; glucose; HOMA-IR; microbiota,"International Journal of Obesity (2019) 43:1863 –1868 https://doi.org/10.1038/s41366-018-0220-0 BRIEF COMMUNICATION Clinical Research Effects of daily consumption of the probiotic Biﬁdobacterium animalis subsp. lactis CECT 8145 on anthropometric adiposity biomarkers in abdominally obese subjects: a randomized controlled trial Anna Pedret 1,2 ● Rosa M. Valls 2,1 ● Lorena Calderón-Pérez 2,1 ● Elisabet Llauradó 2,1 ● Judit Companys 1,2 ● Laura Pla-Pagà 1,2 ● Ana Moragas 4,5,6 ● Francisco Martín-Luján 4,5,7 ● Yolanda Ortega 4,5,8 ● Montse Giralt 2,1 ● Antoni Caimari 1 ● Empar Chenoll 9 ● Salvador Genovés 9 ● Patricia Martorell 9 ● Francisco M. Codoñer 10 ● Daniel Ramón 9,1 ● Lluís Arola 1,11 ● Rosa Solà 1,2,3 Received: 21 May 2018 / Revised: 25 July 2018 / Accepted: 29 August 2018 / Published online: 27 September 2018 © The Author(s) 2018. This article is published with open access Abstract "
EUROPEPMC:40400804,PubMed,40400804,"Impact of a Probiotic-Fiber Blend on Body Weight, Metabolic Regulation, and Digestive Function in Obese Adults: A Randomized, Placebo-Controlled, Multicentric Trial.",probiotic,,probiotic; prebiotic,,evidence_details; regex_inference,randomized_controlled_trial,high,3,14.00,high_for_manual_review,prioritize_extraction,high priority evidence; randomized_controlled_trial; relevance score 3; sample_size; duration; p_value; body_weight_effect; bmi_effect; waist_effect; body_fat_effect; lipid_effect,taxa not identified from title,https://europepmc.org/article/MED/40400804,,,,,,,,,
EUROPEPMC:41512635,PubMed,41512635,"Effects of a novel synbiotic intervention on abdominal visceral fat reductions and gut microbiota in overweight and obese adults: A randomized, double-blind, placebo-controlled trial.",synbiotic,,synbiotic; probiotic; prebiotic,Lacticaseibacillus rhamnosus; Bifidobacterium animalis; CECT 8145; ASV110; ASV473,evidence_details; regex_inference,randomized_controlled_trial,high,3,14.00,high_for_manual_review,prioritize_extraction,high priority evidence; randomized_controlled_trial; relevance score 3; sample_size; duration; p_value; body_weight_effect; bmi_effect; waist_effect; body_fat_effect; microbiome_effect,taxa not identified from title,https://europepmc.org/article/MED/41512635,,,,,,,,,
PMID:39802638,PubMed,39802638,"Comparison of diet and exercise on cardiometabolic factors in young adults with overweight/obesity: multiomics analysis and gut microbiota prediction, a randomized controlled trial.",,,prebiotic,,evidence_details; regex_inference,randomized_controlled_trial,high,4,14.00,high_for_manual_review,prioritize_extraction,high priority evidence; randomized_controlled_trial; relevance score 4; duration; p_value; body_weight_effect; waist_effect; body_fat_effect; lipid_effect; microbiome_effect,missing sample_size; taxa not identified from title; intervention type needs manual confirmation,https://pubmed.ncbi.nlm.nih.gov/39802638/,MCO2-6-e70044.pdf,1.000,18,,8 weeks,,123 participants; n=29; n=32; n=30,LDL; microbiota; glucose; waist circumference; body fat; body mass index; BMI; cholesterol; HDL; insulin,"Received:31July2024 Revised:13November2024 Accepted:22November2024 DOI:10.1002/mco2.70044 ORIGINAL ARTICLE Comparisonofdietandexerciseoncardiometabolicfactors inyoungadultswithoverweight/obesity:multiomics analysisandgutmicrobiotaprediction,arandomized controlledtrial ZongyuLin1,# TianzeLi1,# FenglianHuang1,# MiaoWu1 LeweiZhu1 YueqinZhou1 Ying-AnMing2 ZhijunLu1 WeiPeng1 FeiGao3 YannaZhu1,4,∗ 1DepartmentofMaternalandChild Health,SchoolofPublicHealth,Sun Yat-senUniversity,Guangzhou,China 2DepartmentofPhysicalEducation,Sun Yat-senUniversity,Guangzhou,China 3AgriculturalGenomicsInstituteat Shenzhen,ChineseAcademyof AgriculturalSciences,Shenzhen,China 4GuangdongProvincialKeyLaboratoryof Food,NutritionandHealth,Guangzhou, China ∗Correspondence YannaZhu,DepartmentofMaternaland ChildHealth,SchoolofPublicHealth, SunYat-senUniversity,No.74Zhongshan SecondRd,Guangzhou,Guangdong Province510080,China"
PMID:34358838,PubMed,34358838,Effects of probiotics on body adiposity and cardiovascular risk markers in individuals with overweight and obesity: A systematic review and meta-analysis of randomized controlled trials.,probiotic,,probiotic,,evidence_details,meta_analysis_or_systematic_review,high,3,13.70,high_for_manual_review,prioritize_extraction,high priority evidence; meta_analysis_or_systematic_review; relevance score 3; sample_size; duration; p_value; body_weight_effect; bmi_effect; waist_effect; body_fat_effect; glucose_effect; lipid_effect,taxa not identified from title,https://pubmed.ncbi.nlm.nih.gov/34358838/,,,,,,,,,
PMID:26956126,PubMed,26956126,"Antiobesity effect of Pediococcus pentosaceus LP28 on overweight subjects: a randomized, double-blind, placebo-controlled clinical trial.",,,postbiotic,LP28; BMI 25-,evidence_details; regex_inference,randomized_controlled_trial,high,2,13.70,high_for_manual_review,prioritize_extraction,high priority evidence; randomized_controlled_trial; relevance score 2; sample_size; duration; p_value; body_weight_effect; bmi_effect; waist_effect; body_fat_effect; glucose_effect; lipid_effect,taxa not identified from title; intervention type needs manual confirmation,https://pubmed.ncbi.nlm.nih.gov/26956126/,,,,,,,,,
PMID:32234652,PubMed,32234652,Gut microbiota composition after diet and probiotics in overweight breast cancer survivors: a randomized open-label pilot intervention trial.,probiotic,,probiotic,Lactobacillus rhamnosus; Bifidobacterium longum; BB536; HN001,evidence_details; regex_inference,randomized_controlled_trial,high,3,13.50,high_for_manual_review,prioritize_extraction,high priority evidence; randomized_controlled_trial; relevance score 3; sample_size; dose; p_value; body_weight_effect; bmi_effect; waist_effect; glucose_effect; microbiome_effect,missing duration; taxa not identified from title,https://pubmed.ncbi.nlm.nih.gov/32234652/,Gut microbiota composition after diet and probiotics in overweight breast cancer survivors_ a randomized open-label pilot interv(科研通-ablesci.com).pdf,1.000,9,Lactobacillus rhamnosus HN001; probiotic administration the number of bacterial species; Lactobacillus rhamnosus has been reported to improve insulin sensitivity and expression of ge; probiotic strains Biﬁdobacterium longum and Lactobacillus rhamno- sus has been found to b; probiotic strains; probiotic product,8 wk,units (CFU) of B. longum BB5; units (CFU) of L. rhamnosus,n = 16; n = 18,microbiota; body weight; body mass index; glucose; insulin; waist circumference; BMI; HbA1c; triglycerides; HDL; cholesterol; LDL,"Applied nutritional investigation Gut microbiota composition after diet and probiotics in overweight breast cancer survivors: a randomized open-label pilot intervention trial Marianna Pellegrini M.D. a, Mirko Ippolito M.D. a, Taira Monge R.D. a, Rossella Violi R.D. a, Paola Cappello M.D. b, Ilario Ferrocino Ph.D. c, Luca Simone Cocolin Ph.D. c, Antonella De Francesco M.D. a, Simona Bo Ph.D. d, Concetta Finocchiaro Ph.D. a,* a Department of Clinical Nutrition, Citt /C18a della Salute e della Scienza, Turin, Italy b CeRMS Labortory of Tumor Immunology, University of Turin, Italy c Department of Agricultural, Forest and Food Sciences, University of Turin, Italy d Department of Medical Science, University of Turin, Italy ARTICLE INFO Article History: Received 12 June 2019 Received in revised form 15 November 2019 Accepted 19 January 2020 ABSTRACT Objectives: Breast cancer (BC) is the most di"
NCT:NCT07073781,ClinicalTrials.gov,NCT07073781,"Probiotic Impact on Cognitive Performance, and Metabolic Outcomes in Overweight Young Adults With Impaired Glucose Regulation",probiotic,,probiotic,,evidence_details,clinical_trial_registry,high,3,13.30,high_for_manual_review,prioritize_extraction,high priority evidence; clinical_trial_registry; relevance score 3; sample_size; body_weight_effect; bmi_effect; waist_effect; body_fat_effect; glucose_effect; lipid_effect; microbiome_effect,missing duration; missing p_value; taxa not identified from title,https://clinicaltrials.gov/study/NCT07073781,NCT07073781.csv,1.000,csv,Probiotic Impact on Cognitive Performance; Probiotic Consortium,,,,Glucose; Insulin; BMI,"NCT Number,Study Title,Study URL,Study Status,Conditions,Interventions,Sponsor,Collaborators,Study Type NCT07073781,""Probiotic Impact on Cognitive Performance, and Metabolic Outcomes in Overweight Young Adults With Impaired Glucose Regulation"",https://clinicaltrials.gov/study/NCT07073781,RECRUITING,""Impaired Glucose Regulation|Impaired Glucose Tolerance (Prediabetes)|Prediabetes (Insulin Resistance, Impaired Glucose Tolerance)|Overweight (BMI &gt; 25)|Cognitive Dysfunction|Neurovascular Coupling Mechanism and Cognitive Function"",DIETARY_SUPPLEMENT: Lab4p Probiotic Consortium|OTHER: Placebo,Leeds Beckett University,""Cultech Ltd, Port Talbot, UK"",INTERVENTIONAL"
PMID:39415279,PubMed,39415279,"Effect of Sinetrol(®) Xpur on metabolic health and adiposity by interactions with gut microbiota: a randomized, open label, dose-response clinical trial.",,,dietary_polyphenol,UCG-004,evidence_details; regex_inference,randomized_controlled_trial,high,3,13.30,high_for_manual_review,prioritize_extraction,high priority evidence; randomized_controlled_trial; relevance score 3; sample_size; duration; dose; body_weight_effect; bmi_effect; body_fat_effect; glucose_effect; microbiome_effect,missing p_value; taxa not identified from title; intervention type needs manual confirmation,https://pubmed.ncbi.nlm.nih.gov/39415279/,s12986-024-00851-7.pdf,1.000,9,Bifidobacterium have also shown to increase with polyphenol consumption,16 weeks,,n = 20,adiposity; microbiota; HDL; HbA1C; LDL; BMI; body weight; glucose; body fat; fat mass,"Muralidharan et al. Nutrition & Metabolism (2024) 21:83 https://doi.org/10.1186/s12986-024-00851-7 RESEARCH Effect of Sinetrol® Xpur on metabolic health and adiposity by interactions with gut microbiota: a randomized, open label, dose– response clinical trial Jananee Muralidharan1, Cindy Romain1, Linda Chung2, Pedro Alcaraz2, Francisco Javier Martínez‑Noguera2, Mayoura Keophiphath3, Benjamin Lelouvier4, Patricia Ancel5, Benedicte Gaborit5 and Julien Cases1* Abstract Background Sinetrol ® Xpur is a polyphenolic ingredient rich in citrus flavonoids that has shown weight loss effects in previous studies. The dose dependent nature, gut microbial actions of this product has not been explored previ‑ ously, thus presented in this study. Methods In this open label study, we evaluated the effect of Sinetrol® Xpur supplementation on healthy but over‑ weight/obese adults (20–50 yrs) for 16 weeks. P"
PMID:35487505,PubMed,35487505,"Effect of Lactobacillus plantarum LMT1-48 on Body Fat in Overweight Subjects: A Randomized, Double-Blind, Placebo-Controlled Trial.",,Lactobacillus,probiotic,Lactobacillus; Lactobacillus plantarum; Lactobacillus levels,evidence_details; regex_inference,randomized_controlled_trial,high,3,13.20,high_for_manual_review,prioritize_extraction,high priority evidence; randomized_controlled_trial; relevance score 3; duration; p_value; body_weight_effect; bmi_effect; body_fat_effect; glucose_effect; lipid_effect,missing sample_size; intervention type needs manual confirmation,https://pubmed.ncbi.nlm.nih.gov/35487505/,,,,,,,,,
PMID:42044842,PubMed,42044842,"The effect of a two-week low glycaemic index, higher fibre diet versus high glycaemic index diet on body composition, ectopic lipids, inflammatory biomarkers, gastrointestinal hormones and gut microbiota in metabolic dysfunction-associated steatotic liver disease (MASLD): A pilot randomized cross-over study.",,,dietary_polyphenol,,evidence_details; regex_inference,randomized_controlled_trial,high,3,12.90,high_for_manual_review,prioritize_extraction,high priority evidence; randomized_controlled_trial; relevance score 3; sample_size; duration; p_value; body_weight_effect; bmi_effect; glucose_effect; microbiome_effect,taxa not identified from title; intervention type needs manual confirmation,https://pubmed.ncbi.nlm.nih.gov/42044842/,PIIS240545772600402X.pdf,1.000,10,,,,7 participants; 269 participants,microbiota; glucose; HOMA-IR; body weight; body mass index; insulin; BMI,"Original article The effect of a two-w eek low glycaemic index, higher fibre diet versus high glycaemic index diet on body composition, ectopic lipids, inflammatory biomarkers, gastrointestinal hormones and gut microbiota in metabolic dysfunction-associated steatotic liver disease (MASLD): A pilot randomized cross-over study Amina A. Al-Aw adi a,b,c,d,1 , Jane I. Grove a,b , Stephen Bawden b,e,f,g , Amrita Vijay b,h , Ana M. Valdes b,h , Penny Gow land b,e , Moir a A. Taylor b,i,2 , Guruprasad P. Aithal a,b,*,2 a Nottingham Digestive Diseases Centre, Translational Medical Sciences, School of Medicine, University of Nottingham, Nottingham, UK b National Institute for Health Research (NIHR) Nottingham Biomedical Research Centre, Nottingham University Hospitals NHS Trust and the University of Nottingham, Nottingham, UK c Al-Sabah Hospital, Ministry of Health, Civil Service Commission, Kuwai"
PMID:41861447,PubMed,41861447,"Effects of hypocaloric wholegrain rye vs refined wheat diets on weight loss, cardiometabolic risk factors and gut microbiota: A 12-week randomized controlled trial.",,,,A 12-week,evidence_details; regex_inference,randomized_controlled_trial,high,3,12.90,high_for_manual_review,prioritize_extraction,high priority evidence; randomized_controlled_trial; relevance score 3; sample_size; duration; p_value; body_weight_effect; body_fat_effect; glucose_effect; microbiome_effect,taxa not identified from title; intervention type needs manual confirmation,https://pubmed.ncbi.nlm.nih.gov/41861447/,PIIS0261561426000452.pdf,1.000,18,,6 weeks; 2 weeks,,255 participants,fat mass; Body weight; HOMA-IR; insulin; LDL; HDL; BMI; body fat,"Randomized Contro l T rials Effects of h ypocaloric wholegr ain ry e v s r efined wheat diets on weig ht loss, car diometabolic risk fact ors and gut micr obio ta: A 1 2- wee k r andomized contr olled trial Sebastian Åberg a , b , * , 1 , Elise Nor din a , 1 , Kia Nøhr Iv ersen a , Pan pan Qin c , Per M. Hellstr € om d , Karsten Kristiansen c , Rikar d Landberg a , e a Department of Life Sciences, Division of Food and Nutrition Science, Chalmers Univ ersity of T echnology , SE-4 1 2 96 Gothenburg, Sweden b Institute of Neur oscience and Physiology , Department of Physiology , Sahlgrenska Academy , Univ ersity of Gothenburg, 40530 Gothenburg, Sweden c 4 Labor atory of Integr ative Biomedicine, Department of Biology , Univ ersity of Copenhagen, Copenhagen, Denmark d Department of Medical Sciences, Gastroenter ology and Hepatology , Uppsala Univ ersity , SE-75 1 85 Uppsala, Sweden e W allen"
PMID:20216555,PubMed,20216555,Regulation of abdominal adiposity by probiotics (Lactobacillus gasseri SBT2055) in adults with obese tendencies in a randomized controlled trial.,probiotic,Lactobacillus,probiotic,Lactobacillus; Lactobacillus gasseri; SBT2055; LG2055,evidence_details; regex_inference,randomized_controlled_trial,high,2,12.70,high_for_manual_review,prioritize_extraction,high priority evidence; randomized_controlled_trial; relevance score 2; sample_size; duration; dose; p_value; body_weight_effect; bmi_effect; waist_effect; body_fat_effect,,https://pubmed.ncbi.nlm.nih.gov/20216555/,Regulation of abdominal adiposity by probiotics (Lactobacillus gasseri SBT2055) in adults with obese tendencies in a randomized (科研通-ablesci.com).pdf,1.000,8,Lactobacillus gasseri SBT2055; probiotic Lactobacillus gasseri SBT2055; probiotic LG2055 showed lowering effects on abdominal adiposity; probiotic that originates from human intestine and has been selected for its ability to i; probiotic LG2055 lowered adipocyte enlargement caused by a high-fat diet in rats. As enla; probiotic LG2055 in healthy adults with obese tendencies in a randomized controlled trial; Probiotic FM Lactobacillus gasseri SBT2055; Lactobacillus delbrueckii ssp. bulgaricus,12 weeks,5 /C2 10 10 cfu/100 g of FM on th,59 men; 28 women,adiposity; body weight; body mass index; BMI; visceral fat; cholesterol; body fat; waist circumference,"ORIGINAL ARTICLE Regulation of abdominal adiposity by probiotics (Lactobacillus gasseri SBT2055) in adults with obese tendencies in a randomized controlled trial Y Kadooka1, M Sato 2, K Imaizumi 2, A Ogawa 1, K Ikuyama 3, Y Akai3, M Okano 3, M Kagoshima 4 and T Tsuchida5 1Technology and Research Institute, Snow Brand Milk Products Co. Ltd., Saitama, Japan; 2Laboratory of Nutrition Chemistry, Department of Bioscience and Biotechnology, Faculty of Agriculture, Graduate School, Kyushu University, Fukuoka, Japan; 3Nippon Milk Community Co. Ltd., Saitama, Japan; 4Department of Pharmacy, Faculty of Pharmacy, Iwaki Meisei University, Fukushima, Japan and 5Isogo Central and Neurosurgical Hospital, Kanagawa, Japan Background/Objectives: In spite of the much evidence for the beneficial effects of probiotics, their anti-obesity effects have not been well examined. We evaluated the effects of the pr"
PMID:34444671,PubMed,34444671,"Effects of 60-Day Saccharomyces boulardii and Superoxide Dismutase Supplementation on Body Composition, Hunger Sensation, Pro/Antioxidant Ratio, Inflammation and Hormonal Lipo-Metabolic Biomarkers in Obese Adults: A Double-Blind, Placebo-Controlled Trial.",,Saccharomyces,,Saccharomyces; Saccharomyces boulardii; BMI 30-,evidence_details; regex_inference,randomized_controlled_trial,high,3,12.50,high_for_manual_review,prioritize_extraction,high priority evidence; randomized_controlled_trial; relevance score 3; duration; p_value; body_weight_effect; bmi_effect; body_fat_effect; glucose_effect,missing sample_size; intervention type needs manual confirmation,https://pubmed.ncbi.nlm.nih.gov/34444671/,nutrients-13-02512-v2.pdf,1.000,15,Saccharomyces boulardii and Superoxide Dismutase Supplementation on Body Composition; Saccharomyces boulardii and Superoxide Dismutase; Saccharomyces boulardii; probiotic; prebiotic treatment in the last 4 weeks. All participants agreed to avoid participating i; Saccharomyces cerevisiae variant boulardii,4 weeks; 1 month; 60 days; 3 months,(5.0× 109 CFU) and 500 IU SOD t,4 women,adiposity; glucose; insulin; HOMA-IR; BMI; body weight; fat mass; microbiota; cholesterol; triglycerides,"nutrients Article Effects of 60-Day Saccharomyces boulardii and Superoxide Dismutase Supplementation on Body Composition, Hunger Sensation, Pro/Antioxidant Ratio, Inﬂammation and Hormonal Lipo-Metabolic Biomarkers in Obese Adults: A Double-Blind, Placebo-Controlled Trial Mariangela Rondanelli 1,2 , Niccolò Miraglia 3,4 , Pietro Putignano 5, Ignazio Castagliuolo 6, Paola Brun 6 , Stefano Dall’Acqua 7 , Gabriella Peroni 8,* , Milena Anna Faliva 8, Maurizio Naso 8, Mara Nichetti 8, Vittoria Infantino 2 and Simone Perna 9 /gid00030/gid00035/gid00032/gid00030/gid00038/gid00001/gid00033/gid00042/gid00045/gid00001 /gid00048/gid00043/gid00031/gid00028/gid00047/gid00032/gid00046 Citation: Rondanelli, M.; Miraglia, N.; Putignano, P .; Castagliuolo, I.; Brun, P .; Dall’Acqua, S.; Peroni, G.; Faliva, M.A.; Naso, M.; Nichetti, M.; et al. Effects of 60-Day Saccharomyces boulardii and Superoxide Dismut"
PMID:30641692,PubMed,30641692,The effect of probiotic supplementation on glycemic control and lipid profile in patients with type 2 diabetes: A randomized placebo controlled trial.,probiotic,,probiotic,Lactobacillus; Bifidobacterium and; Streptococcus,evidence_details; regex_inference,randomized_controlled_trial,high,1,12.40,high_for_manual_review,prioritize_extraction,high priority evidence; randomized_controlled_trial; relevance score 1; sample_size; duration; p_value; body_weight_effect; bmi_effect; waist_effect; glucose_effect; lipid_effect; microbiome_effect,taxa not identified from title,https://pubmed.ncbi.nlm.nih.gov/30641692/,The effect of probiotic supplementation on glycemic control and lipid profile in patients with type 2 diabetes_ A randomized pla(科研通-ablesci.com).pdf,1.000,19,probiotic supplementation on glycemic control and lipid profile in patients with type 2 d; probiotic supplementation on glycemic control and lipid profile Elham Razmpoosh a; probiotic supplements or pl acebo for 6 weeks. The probiotic supplement consisted of 7 vi; Lactobacillus; Bifidobacterium and Strep tococcus. Nutrient intakes were estimated using a 3-day and 2 4hour-d; probiotic group; probiotic supplements in withi n group comparison; probiotic may p lay a role in the improvement of intestinal health,6 weeks; 10 months; 3 weeks; 2 months,"units (CFU)], Lactobacillus; ( 7 × 10 9 CFU), Lactobacillus r; 1.5 × 10 9 CFU), Lactobacillus b; (2 × 10 8 CFU), Bifidobacterium; (3 × 10 10 CFU), Bifidobacterium; (7 × 10 9 CFU), Streptococcus t; 1.5 × 10 9 CFU), and 100 mg fruc; 10 9-10 11 CFU/g; it should be n",60 patients; 30 participants; 68 patients; 68 participants; n = 34,microbiota; glucose; insulin; HDL; cholesterol; waist circumference; body mass index; triglycerides; body weight,"Accepted Manuscript The effect of probiotic supplementation on glycemic control and lipid profile in patients with type 2 diabetes: A randomized placebo controlled trial Elham Razmpoosh, Amir Javadi, Hanieh Sadat Ejtahed, Parvin Mirmiran, Maryam Javadi, Abbas Yousefinejad PII: S1871-4021(18)30314-X DOI: 10.1016/j.dsx.2018.08.008 Reference: DSX 1067 To appear in: Diabetes & Metabolic Syndrome: Clinical Research & Reviews Received Date: 14 July 2018 Accepted Date: 9 August 2018 Please cite this article as: Razmpoosh E, Javadi A, Ejtahed HS, Mirmiran P, Javadi M, Yousefinejad A, The effect of probiotic supplementation on glycemic control and lipid profile in patients with type 2 diabetes: A randomized placebo controlled trial, Diabetes & Metabolic Syndrome: Clinical Research & Reviews (2018), doi: 10.1016/j.dsx.2018.08.008. This is a PDF file of an unedited manuscript that has been accepted"
PMID:37084470,PubMed,37084470,Randomized controlled trials reporting the effects of probiotics in individuals with overweight and obesity: A critical review of the interventions and body adiposity parameters.,probiotic,,probiotic; dietary_polyphenol,,evidence_details; regex_inference,randomized_controlled_trial,high,3,12.40,high_for_manual_review,prioritize_extraction,high priority evidence; randomized_controlled_trial; relevance score 3; duration; cfu; body_weight_effect; bmi_effect; waist_effect; body_fat_effect,missing sample_size; missing p_value; taxa not identified from title,https://pubmed.ncbi.nlm.nih.gov/37084470/,Randomized controlled trials reporting the effects of probiotics in individuals with overweight and obesity_ A critical review o(科研通-ablesci.com) (1).pdf,1.000,13,Lactobacillus in over- weight adults; probiotic supplementation; probiotic supple- mentation; probiotic supplementation for the treatment of obesity. 1.1. Gut microbiota The gut micro; probiotic; Lactobacillus and Biﬁdobacterium genera; Saccharomyces boulardii; Lactobacillus,12 weeks,"/C21 10 10 CFU/day, in capsules,; 1 /C2 109 CFU (colony-forming u",5 women; 7 men; 366 participants,adiposity; Body weight; microbiota; body mass index; BMI; waist circumference; fat mass; body fat,"Narrative Review Randomized controlled trials reporting the effects of probiotics in individuals with overweight and obesity: A critical review of the interventions and body adiposity parameters Marcella Rodrigues Guedes a, Karine Scanci da Silva Pontes a, Maria In ^es Barreto Silva b, c, Mario Fritsch Neves d,M /C19arcia Regina Simas Torres Klein b, * a Post-Graduation Program in Clinical and Experimental Pathophysiology, State University of Rio de Janeiro (UERJ), Rio de Janeiro, Brazil b Department of Applied Nutrition, Nutrition Institute, State University of Rio de Janeiro (UERJ), Rio de Janeiro, Brazil c Human Nutrition Research Unit, Department of Agricultural, Food and Nutritional Science, Division of Human Nutrition, University of Alberta, Albe rta, Canada d Department of Clinical Medicine, State University of Rio de Janeiro (UERJ), Rio de Janeiro, Brazil article info Article his"
PMID:24411490,PubMed,24411490,"The effects of co-administration of probiotics with herbal medicine on obesity, metabolic endotoxemia and dysbiosis: a randomized double-blind controlled clinical trial.",probiotic,,probiotic,Lactobacillus plantarum; Bifidobacterium breve,evidence_details; regex_inference,randomized_controlled_trial,high,2,12.40,high_for_manual_review,prioritize_extraction,high priority evidence; randomized_controlled_trial; relevance score 2; p_value; body_weight_effect; bmi_effect; waist_effect; body_fat_effect; lipid_effect; microbiome_effect,missing sample_size; missing duration; taxa not identified from title,https://pubmed.ncbi.nlm.nih.gov/24411490/,,,,,,,,,
PMID:29688793,PubMed,29688793,"Lactobacillus gasseri BNR17 Supplementation Reduces the Visceral Fat Accumulation and Waist Circumference in Obese Adults: A Randomized, Double-Blind, Placebo-Controlled Trial.",,Lactobacillus,probiotic,Lactobacillus; Lactobacillus gasseri; BNR17,evidence_details; regex_inference,randomized_controlled_trial,high,2,12.40,high_for_manual_review,prioritize_extraction,high priority evidence; randomized_controlled_trial; relevance score 2; duration; cfu; p_value; body_weight_effect; bmi_effect; waist_effect; body_fat_effect,missing sample_size; intervention type needs manual confirmation,https://pubmed.ncbi.nlm.nih.gov/29688793/,,,,,,,,,
PMID:40451504,PubMed,40451504,"Comparing the effects of yogurt containing Akkermansia muciniphilia postbiotic with yogurt containing Lactobacillus rhamnosus postbiotic on body composition, biochemical indices, appetite, and depression scores in overweight or obese adults: A randomized, double-blind, controlled clinical trial.",postbiotic,Lactobacillus;Akkermansia,postbiotic; probiotic,Lactobacillus; Akkermansia; Lactobacillus rhamnosus; Lactobacillus rhamnosus-fortified; Akkermansia muciniphilia; Akkermansia muciniphila,evidence_details; regex_inference,randomized_controlled_trial,high,3,12.30,high_for_manual_review,prioritize_extraction,high priority evidence; randomized_controlled_trial; relevance score 3; sample_size; duration; p_value; body_weight_effect; waist_effect; body_fat_effect,,https://pubmed.ncbi.nlm.nih.gov/40451504/,Comparing the effects of yogurt containing Akkermansia muciniphilia postbiotic with yogurt containing Lactobacillus rhamnosus po(科研通-ablesci.com).pdf,1.000,9,Akkermansia muciniphilia postbio tic with y ogurt containing Lact obacillus r hamnosus post; Akkermansia muciniphila Lactobacillus rhamnosus summary Objective; Akkermansia muciniphila postbiotic-fortified yog urt; Lactobacillus rhamnosus postbiotic-fortified y ogurt; Lactobacillus rhamnosus -fortified yogurt did not demonstrat e an y beneficial impact on the; Akkermansia muciniphila postbiotic may ha ve fav orable effects on w eight management and l; Akkermansia muciniphila and Lacticaseibacillus rhamnosus; Akkermansia muciniphila and Lacti - caseibacillus rhamnosus,3 months; 8 weeks,,n = 22; 7 participants; 66 participants,glucose; body fat; BMI,"Randomized Contro lled T rial Comparing the effects of y ogurt containing Akkermansia muciniphilia postbio tic with y ogurt containing Lact obacillus r hamnosus postbio tic on body composition, biochemical indices, appetit e, and depr ession scor es in o v erwe ight or obese adults: A r andomized, double-blind, control led clinical trial Erfaneh Aalipanah a , b , Moein Askarpour g , Mohammad Hadi Eskandari e , Mort eza Zar e c , Mandana F amouri f , Alir eza Bedelta v ana f , Mohammad Ali Mohsen pour a , b , Zahra Sohrab i c , d , * a Department of Clinical Nutrition, School of Nutrition and Food Sciences, Shir az Univ ersity of Medical Sciences, Shir az, Ir an b Student Resear ch Committee, Shir az Univ ersity of Medical Sciences, Shir az, Ir an c Nutrition Resear ch Center , School of Nutrition and Food Sciences, Shir az Univ ersity of Medical Sciences, Shir az, Ir an d Department of C"
EUROPEPMC:41126806,PubMed,41126806,Probiotic pasta consumption improves lipid metabolism and reduces gut permeability in overweight and obese adults: a randomized controlled trial.,probiotic,,probiotic,Akkermansia muciniphila; UBBC-07,evidence_details; regex_inference,randomized_controlled_trial,high,3,12.30,high_for_manual_review,prioritize_extraction,high priority evidence; randomized_controlled_trial; relevance score 3; sample_size; duration; dose; p_value; body_weight_effect; lipid_effect; microbiome_effect,taxa not identified from title,https://europepmc.org/article/MED/41126806,2.pdf,0.694,14,,,,,,
EUROPEPMC:35126309,PubMed,35126309,"Efficacy and Safety of <i>Lactobacillus plantarum</i> K50 on Lipids in Koreans With Obesity: A Randomized, Double-Blind Controlled Clinical Trial.",,Lactobacillus,probiotic,Lactobacillus; Lactobacillus plantarum; K50; A 12-week,evidence_details; regex_inference,randomized_controlled_trial,high,2,12.30,high_for_manual_review,prioritize_extraction,high priority evidence; randomized_controlled_trial; relevance score 2; sample_size; duration; dose; p_value; body_weight_effect; body_fat_effect; lipid_effect; microbiome_effect,intervention type needs manual confirmation,https://europepmc.org/article/MED/35126309,4.pdf,0.716,10,,,,,,
PMID:41830022,PubMed,41830022,Green Tea Catechin Plus Inulin Improves Insulin Resistance Without Reducing Visceral Fat and Shows Exploratory Gut Microbiota Signals in Adults with Visceral Obesity: A Double-Blind Randomized Controlled Trial.,,,probiotic; prebiotic; dietary_polyphenol,Bifidobacterium showed; Coprococcus and; Coprococcus were,evidence_details; regex_inference,randomized_controlled_trial,high,3,12.10,high_for_manual_review,prioritize_extraction,high priority evidence; randomized_controlled_trial; relevance score 3; sample_size; duration; dose; p_value; body_fat_effect; glucose_effect; microbiome_effect,taxa not identified from title; intervention type needs manual confirmation,https://pubmed.ncbi.nlm.nih.gov/41830022/,nutrients-18-00851.pdf,1.000,15,Inulin Improves Insulin Resistance Without Reducing Visceral Fat and Shows Exploratory; inulin may improve metabolic health and modulate the gut microbiota; inulin beverage; inulin 2.3 g; inulin; inulin group and increased in the placebo group; Bifidobacterium showed nominal between-group differences; inulin for12 weeks Nutrients 2026,12 weeks; 6 weeks; 2 weeks; 3 months,,n = 49; n = 47,Insulin; Visceral Fat; Microbiota; BMI; HOMA-IR; body weight; body fat; LDL; cholesterol; glucose; HbA1c; waist circumference,"Academic Editors: Alina Kuryłowicz and Monika Stołyhwo-Gofron Received: 28 January 2026 Revised: 26 February 2026 Accepted: 3 March 2026 Published: 6 March 2026 Copyright: © 2026 by the authors. Licensee MDPI, Basel, Switzerland. This article is an open access article distributed under the terms and conditions of the Creative Commons Attribution (CC BY) license. Article Green Tea Catechin Plus Inulin Improves Insulin Resistance Without Reducing Visceral Fat and Shows Exploratory Gut Microbiota Signals in Adults with Visceral Obesity: A Double-Blind Randomized Controlled Trial Chikara Iino 1,* , Keita Mikami 1, Keisuke Furusawa 1, Satoshi Sato 1 , Kenta Yoshida 1 , Tohru Yamaguchi2,3 , Hiroto Bushita 2,3,4 , Keita Kinoshita 2,4 , Yuji Matsui 2,4 , Seiya Imoto 5 , Takuro Iwane 6, Yoshinori Tamada3 , Koichi Murashita 6, Shigeyuki Nakaji 7 , Tatsuya Mikami 7 and Hirotake Sakuraba 1 1 Departm"
EUROPEPMC:39792908,PubMed,39792908,"The efficacy of Lacticaseibacillus paracasei MSMC39-1 and Bifidobacterium animalis TA-1 probiotics in modulating gut microbiota and reducing the risk of the characteristics of metabolic syndrome: A randomized, double-blinded, placebo-controlled study.",probiotic,Lacticaseibacillus;Bifidobacterium,probiotic,Lacticaseibacillus; Bifidobacterium; Lacticaseibacillus paracasei; Bifidobacterium animalis; MSMC39-,evidence_details; regex_inference,randomized_controlled_trial,high,2,12.10,high_for_manual_review,prioritize_extraction,high priority evidence; randomized_controlled_trial; relevance score 2; sample_size; duration; dose; body_weight_effect; bmi_effect; waist_effect; lipid_effect; microbiome_effect,missing p_value,https://europepmc.org/article/MED/39792908,,,,,,,,,
PMID:27221805,PubMed,27221805,Effect of fragmented Lactobacillus amylovorus CP1563 on lipid metabolism in overweight and mildly obese individuals: a randomized controlled trial.,,Lactobacillus,probiotic,Lactobacillus; Lactobacillus amylovorus; CP1563,evidence_details; regex_inference,randomized_controlled_trial,high,3,12.10,high_for_manual_review,prioritize_extraction,high priority evidence; randomized_controlled_trial; relevance score 3; sample_size; duration; dose; p_value; body_fat_effect; glucose_effect; lipid_effect,intervention type needs manual confirmation,https://pubmed.ncbi.nlm.nih.gov/27221805/,,,,,,,,,
PMID:40598275,PubMed,40598275,"Differential effects of inulin and fructooligosaccharides on gut microbiota composition and glycemic metabolism in overweight/obese and healthy individuals: a randomized, double-blind clinical trial.",,,prebiotic,,evidence_details; regex_inference,randomized_controlled_trial,high,3,11.90,high_for_manual_review,prioritize_extraction,high priority evidence; randomized_controlled_trial; relevance score 3; sample_size; duration; p_value; body_weight_effect; glucose_effect; microbiome_effect,taxa not identified from title; intervention type needs manual confirmation,https://pubmed.ncbi.nlm.nih.gov/40598275/,s12916-025-04189-6.pdf,1.000,17,inulin and fructooligosaccharides on gut microbiota composition and glycemic metabolis; inulin and fructooligosac- charides; inulin; Inulin significantly reduced glucose levels at 1 h; Inulin also reduced the abundance of Ruminococcus by 72.0; inulin. Functional prediction of gut microbiota revealed upregulation of microbial fol; inulin may be more suitable for managing glycemic dysregulation in overweight or obese; probiotic intervention holds broad applica - bility in intervening in metabolic health. D,4 weeks; 1 month; 2 days,,131 adults; 40 participants; 120 participants; N = 44; N = 43,microbiota; glucose; insulin; SCFA; body mass index; BMI; body weight; cholesterol; triglycerides,"Li et al. BMC Medicine (2025) 23:372 https://doi.org/10.1186/s12916-025-04189-6 RESEARCH Open Access © The Author(s) 2025. Open Access This article is licensed under a Creative Commons Attribution-NonCommercial-NoDerivatives 4.0 International License, which permits any non-commercial use, sharing, distribution and reproduction in any medium or format, as long as you give appropriate credit to the original author(s) and the source, provide a link to the Creative Commons licence, and indicate if you modified the licensed material. You do not have permission under this licence to share adapted material derived from this article or parts of it. The images or other third party material in this article are included in the article’s Creative Commons licence, unless indicated otherwise in a credit line to the material. If material is not included in the article’s Creative Commons licence and you"
NCT:NCT05832190,ClinicalTrials.gov,NCT05832190,Correcting GUT MicrobioTa by Combined Supplementation of FibERs and BIotiN to Improve Microbiome and Optimize Bariatric Surgery Outcomes,,,prebiotic,IL10; B12-vitamin,evidence_details; regex_inference,clinical_trial_registry,high,1,11.90,high_for_manual_review,prioritize_extraction,high priority evidence; clinical_trial_registry; relevance score 1; sample_size; duration; body_weight_effect; bmi_effect; waist_effect; body_fat_effect; glucose_effect; lipid_effect; microbiome_effect,missing p_value; taxa not identified from title; intervention type needs manual confirmation,https://clinicaltrials.gov/study/NCT05832190,NCT05832190.csv,1.000,csv,,,,,MicrobioTa,"NCT Number,Study Title,Study URL,Study Status,Conditions,Interventions,Sponsor,Collaborators,Study Type NCT05832190,Correcting GUT MicrobioTa by Combined Supplementation of FibERs and BIotiN to Improve Microbiome and Optimize Bariatric Surgery Outcomes,https://clinicaltrials.gov/study/NCT05832190,TERMINATED,Severe Obesity|Metabolic Syndrome,OTHER: Standard of care|DIETARY_SUPPLEMENT: Biotin supplement|DIETARY_SUPPLEMENT: Fiber supplement,Assistance Publique - Hôpitaux de Paris,,INTERVENTIONAL"
NCT:NCT01978691,ClinicalTrials.gov,NCT01978691,The Effect of a Bifidobacterium and Polydextrose on Body Fat Mass,,Bifidobacterium,probiotic; prebiotic; synbiotic,Bifidobacterium; Bifidobacterium and; Bifidobacterium animalis; CD14,evidence_details; regex_inference,clinical_trial_registry,high,1,11.90,high_for_manual_review,prioritize_extraction,high priority evidence; clinical_trial_registry; relevance score 1; sample_size; duration; body_weight_effect; bmi_effect; waist_effect; body_fat_effect; glucose_effect; lipid_effect; microbiome_effect,missing p_value; intervention type needs manual confirmation,https://clinicaltrials.gov/study/NCT01978691,NCT01978691.csv,1.000,csv,Bifidobacterium and Polydextrose on Body Fat Mass; probiotic; Bifidobacterium animalis ssp. lactis 420; prebiotic; Polydextrose,6 months,,232 participants,Body Fat; glucose; Insulin; BMI; HbA1c; cholesterol; HDL; LDL; triglycerides; microbiota,"NCT Number,Study Title,Study URL,Acronym,Study Status,Brief Summary,Study Results,Conditions,Interventions,Primary Outcome Measures,Secondary Outcome Measures,Other Outcome Measures,Sponsor,Collaborators,Sex,Age,Phases,Enrollment,Funder Type,Study Type,Study Design,Other IDs,Start Date,Primary Completion Date,Completion Date,First Posted,Results First Posted,Last Update Posted,Locations,Study Documents NCT01978691,The Effect of a Bifidobacterium and Polydextrose on Body Fat Mass,https://clinicaltrials.gov/study/NCT01978691,MetSProb,COMPLETED,""Obesity is a major problem worldwide, and it is related to abnormalities in glucose and lipid metabolism. The purpose of this study is to investigate the effect of a dietary supplement containing probiotic (Bifidobacterium animalis ssp. lactis 420) and/or prebiotic (Litesse) on change in body fat mass in a double-blind, randomized, placebo-controlle"
EUROPEPMC:40827948,PubMed,40827948,Long-term efficacy of dapagliflozin combined with Bifidobacterium triple viable tablets on metabolic syndrome and gut microbiota in overweight/obese patients with type 2 diabetes.,,Bifidobacterium,probiotic,Bifidobacterium; Lactobacillus acidophilus; Bifidobacterium triple; Bifidobacterium longum; Bifidobacterium abundance; Bifidobacterium probiotics; Enterococcus faecalis,evidence_details; regex_inference,needs_manual_classification,medium,4,11.80,high_for_manual_review,prioritize_extraction,relevance score 4; sample_size; duration; cfu; dose; p_value; body_weight_effect; glucose_effect; lipid_effect; microbiome_effect,intervention type needs manual confirmation,https://europepmc.org/article/MED/40827948,,,,,,,,,
PMID:40827948,PubMed,40827948,Long-term efficacy of dapagliflozin combined with Bifidobacterium triple viable tablets on metabolic syndrome and gut microbiota in overweight/obese patients with type 2 diabetes.,,Bifidobacterium,probiotic,Bifidobacterium; Lactobacillus acidophilus; Bifidobacterium triple; Bifidobacterium longum; Bifidobacterium abundance; Bifidobacterium probiotics; Enterococcus faecalis,evidence_details; regex_inference,needs_manual_classification,medium,4,11.80,high_for_manual_review,prioritize_extraction,relevance score 4; sample_size; duration; cfu; dose; p_value; body_weight_effect; glucose_effect; lipid_effect; microbiome_effect,intervention type needs manual confirmation,https://pubmed.ncbi.nlm.nih.gov/40827948/,,,,,,,,,
PMID:33718754,PubMed,33718754,Ingesting Yogurt Containing Lactobacillus plantarum OLL2712 Reduces Abdominal Fat Accumulation and Chronic Inflammation in Overweight Adults in a Randomized Placebo-Controlled Trial.,,Lactobacillus,probiotic,Lactobacillus; Lactobacillus plantarum; OLL2712,evidence_details; regex_inference,randomized_controlled_trial,high,2,11.70,high_for_manual_review,prioritize_extraction,high priority evidence; randomized_controlled_trial; relevance score 2; sample_size; dose; p_value; body_weight_effect; body_fat_effect; glucose_effect; lipid_effect,missing duration; intervention type needs manual confirmation,https://pubmed.ncbi.nlm.nih.gov/33718754/,PIIS2475299122105160.pdf,1.000,11,Yogurt ContainingLactobacillus plantarum OLL2712 Reduces Abdominal Fat Accumulation an; Lactobacillus plantarum OLL2712; yogurt or yogurt containing; Lactobacillus plantarum; yogurt contain- ingheat-treatedOLL2712cellscouldreducebodyfataccumulationand improve m; yogurt is a relatively affordable dairy food containing var- iousnutrients; yogurt has been reported to be effective for reducing the risk of obesity and other me; yogurt on abdominal fat 3 Thiswasatriple-blindstudywiththegroupallocationsbeingwithhel,12 wk,,n = 50; 50 participants; n =15,insulin; glucose; body fat; BMI; HOMA-IR; HbA1c,"CURRENT DEVELOPMENTS IN NUTRITIONORIGINAL RESEARCH Nutrition in Health and Disease Ingesting Yogurt ContainingLactobacillus plantarum OLL2712 Reduces Abdominal Fat Accumulation and Chronic Inflammation in Overweight Adults in a Randomized Placebo-Controlled Trial T akayuki T oshimitsu,1 Ayako Gotou,1 T oshihiro Sashihara,1 Keisuke Furuichi,1 Satoshi Hachimura,2 Nobuhiko Shioya,3 Satoru Suzuki,4 and Yukio Asami1 1Applied Microbiology Research Department, Food Microbiology Research Laboratories, Division of Research and Development, Meiji Co., Ltd., Hachi ouji, T okyo, Japan; 2Research Center for Food Safety, Graduate School of Agricultural and Life Sciences, The University of T okyo, Bunkyo-ku, T okyo, Japan; 3Statistical Analysis Department, KSO Corporation, Minato-ku, T okyo, Japan; and 4Shinagawa Season T errace Health Care Clinic, Minato-ku, T okyo, Japan ABSTRACT Background: Chronic "
EUROPEPMC:42116047,PubMed,42116047,"Probiotic Bifidobacterium bifidum BGN4 supplementation modulates gut microbiome composition and reduces circulating zonulin, TNFα, and insulin in adults with excess adiposity: a randomized, double-blind, placebo-controlled trial.",probiotic,Bifidobacterium,probiotic,Bifidobacterium; Lactiplantibacillus plantarum; Bifidobacterium bifidum; Bifidobacterium catenulatum,evidence_details; regex_inference,randomized_controlled_trial,high,3,11.70,high_for_manual_review,prioritize_extraction,high priority evidence; randomized_controlled_trial; relevance score 3; sample_size; duration; bmi_effect; body_fat_effect; glucose_effect; microbiome_effect,missing p_value,https://europepmc.org/article/MED/42116047,s12986-026-01124-1_reference.pdf,0.899,48,Probiotic Bifidobacterium bifidum BGN4 supplementation modulates gut microbiome compositi; Bifidobacterium 7bifidum BGN4 alters gut microbiota composition and to assess its associated ef; probiotic intervention modulated 23the enrichment of several taxa; Bifidobacterium 24catenulatum group; Lactiplantibacillus plantarum group; Probiotic; Akkermansia muciniphila and Bifidobacterium longum; probiotic supplementation in obese 68individuals reported a significant mean reduction in,8 weeks,,60 adults; 30 participants; 58 participants,insulin; adiposity; body fat; microbiota; glucose; BMI; SCFA; body weight; waist circumference,"ARTICLE IN PRESS Article in Press Probiotic Bifidobacterium bifidum BGN4 supplementation modulates gut microbiome composition and reduces circulating zonulin, TNFα, and insulin in adults with excess adiposity: a randomized, double-blind, placebo-controlled trial Nutrition & Metabolism Received: 31 December 2025 Accepted: 16 April 2026 Cite this article as: Choi J., Kim H., Ham S. et al. Probiotic Bifidobacterium bifidum BGN4 supplementation modulates gut microbiome composition and reduces circulating zonulin, TNFα, and insulin in adults with excess adiposity: a randomized, double-blind, placebo-controlled trial. Nutr Metab (Lond) (2026). https://doi.org/10.1186/ s12986-026-01124-1 Ju-Won Choi, Hyeyoon Kim, Sung-Hee Ham, Ye-Jin Han, Sung-Eun Kim & Mi-Kyung Sung We are providing an unedited version of this manuscript to give early access to its findings. Before final publication, the manus"
PMID:39664910,PubMed,39664910,Effect of synbiotic supplementation on obesity and gut microbiota in obese adults: a double-blind randomized controlled trial.,synbiotic,,synbiotic; probiotic; prebiotic,Bifidobacterium animalis; Bifidobacterium and,evidence_details; regex_inference,randomized_controlled_trial,high,2,11.70,high_for_manual_review,prioritize_extraction,high priority evidence; randomized_controlled_trial; relevance score 2; sample_size; duration; cfu; dose; waist_effect; body_fat_effect; lipid_effect; microbiome_effect,missing p_value; taxa not identified from title,https://pubmed.ncbi.nlm.nih.gov/39664910/,fnut-11-1510318.pdf,1.000,11,synbiotic supplementation on obesity and gut microbiota in obese adults; Bifidobacterium animalis subsp. lactis MN-Gup; synbiotic supplementation led to an enrichment of beneficial bacteria and bile acids chen; Bifidobacterium and Romboutsia were significantly positively correlated with CDCA. A more favor; inulin; polydextrose are commonly combined with probiotics to form synbiotics; Lactobacillus acidophilus; Bifidobacterium lactis,12 weeks; 4 weeks; 1 month; 3 months,"1 × 1011 CFU/day, GOS 0.7 g/da; 1 × 10 11 CFU/day, GOS 0.7 g/da",,microbiota; body fat; cholesterol; LDL; glucose; body mass index; BMI; Waist circumference; triglycerides; HDL,"Frontiers in Nutrition 01 frontiersin.org Effect of synbiotic supplementation on obesity and gut microbiota in obese adults: a double-blind randomized controlled trial Xiaokang Niu 1†, Qi Zhang 2†, Julong Liu 3†, Yuyang Zhao 1, Nan Shang 1, Shusen Li 3, Yinghua Liu 4, Wei Xiong 5, Erna Sun 3, Yong Zhang 4, Hongfeng Zhao 3, Yixuan Li 1, Pengjie Wang 1, Bing Fang 2, Liang Zhao 2, Juan Chen 1, Fuqing Wang 6, Guofang Pang 7, Chenyuan Wang 3*, Jingjing He 2* and Ran Wang 1* 1 Key Laboratory of Functional Dairy, Co-Constructed by Ministry of Education and Beijing Government, Department of Nutrition and Health, China Agricultural University, Beijing, China, 2 Research Center for Probiotics, China Agricultural University, Beijing, China, 3 Mengniu Hi-Tech Dairy Product Beijing Co., Ltd., Beijing, China, 4 Department of Nutrition, The First Medical Center of Chinese PLA General Hospital, Beijing,"
PMID:31126565,PubMed,31126565,Effects of pro-/synbiotic supplementation on anthropometric and metabolic indices in overweight or obese children and adolescents: A systematic review and meta-analysis.,synbiotic,,synbiotic,,evidence_details,meta_analysis_or_systematic_review,medium,3,11.70,high_for_manual_review,prioritize_extraction,meta_analysis_or_systematic_review; relevance score 3; sample_size; duration; body_weight_effect; bmi_effect; waist_effect; body_fat_effect; lipid_effect; microbiome_effect,missing p_value; taxa not identified from title,https://pubmed.ncbi.nlm.nih.gov/31126565/,Effects of pro-_synbiotic supplementation on anthropometric and metabolic indices in overweight or obese children and adolescent(科研通-ablesci.com) (1).pdf,1.000,24,synbiotic supplementation on anthropometric and metabolic indices in overweight or obese; synbiotic did not affect the anthropometric and metabolic indices. ACCEPTED MANUSCRIPT 2; Synbiotic supplementation can decrease BMI z -score in overweight or obese children and a; synbiotic subgroups. Conclusion; synbiotic supplements did not have favorable effects t o manage overweight or obese child; synbiotic; probiotic; probiotic and prebiotic synergistically. Prebiotics contain a group of fermentable dietar,16 weeks; 4 weeks; 8 weeks,,410 subjects; 5 participants; n=2; 215 subjects,BMI; waist circumference; body fat; cholesterol; microbiota; body mass index; glucose; HDL; LDL,"Accepted Manuscript Title: Effects of pro-/synbiotic supplementation on anthropometric and metabolic indices in overweight or obese children and adolescents: a systematic review and meta-analysis Authors: Hamed Mohammadi, Abed Ghavami, Amir Hadi, Gholamreza Askari, Michael Symonds, Maryam Miraghajani PII: S0965-2299(19)30339-5 DOI: https://doi.org/10.1016/j.ctim.2019.05.008 Reference: YCTIM 2104 To appear in: Complementary Therapies in Medicine Received date: 11 March 2019 Accepted date: 7 May 2019 Please cite this article as: Mohammadi H, Ghavami A, Hadi A, Askari G, Symonds M, Miraghajani M, Effects of pro-/synbiotic supplementation on anthropometric and metabolic indices in overweight or obese children and adolescents: a systematic review and meta-analysis, Complementary Therapies in Medicine (2019), https://doi.org/10.1016/j.ctim.2019.05.008 This is a PDF ﬁle of an unedited manuscrip"
PMID:31987116,PubMed,31987116,"Effect of a low energy diet, containing a high protein, probiotic condensed yogurt, on biochemical and anthropometric measurements among women with overweight/obesity: A randomised controlled trial.",probiotic,,probiotic,,evidence_details,randomized_controlled_trial,high,2,11.70,high_for_manual_review,prioritize_extraction,high priority evidence; randomized_controlled_trial; relevance score 2; duration; dose; p_value; body_weight_effect; bmi_effect; waist_effect; lipid_effect,missing sample_size; taxa not identified from title,https://pubmed.ncbi.nlm.nih.gov/31987116/,"Effect of a low energy diet, containing a high protein, probiotic condensed yogurt, on biochemical and anthropometric measuremen(科研通-ablesci.com).pdf",1.000,7,probiotic condensed yogurt; yogurt; probiotic enriched product; probiotic that is accompanied by a low energy diet; probiotic contents; probiotic food and sup- plements on anthropometric and biochemical parameters among indiv; probiotic consumption on obesity reported that modulation of gut microbiota by probiotic; yogurt for a long time,8 weeks; 3 months,"- viation; CFU, colony forming u; unites (CFU)/g of L. acidophi; .79 /C2 106 CFU/g of B. lactis Bb; La5 (CFU/g) 1.85 /C2 10 6; Bb12 (CFU/g) 1.79 /C2 106 E",70 women,glucose; triglycerides; cholesterol; body mass index; waist circumference; BMI; HDL; LDL; insulin; microbiota; body weight; body fat,"Original article Effect of a low energy diet, containing a high protein, probiotic condensed yogurt, on biochemical and anthropometric measurements among women with overweight/obesity: A randomised controlled trial Elham Razmpoosh a, b, Saeideh Zare b, Hossein Fallahzadeh c, Sara Sa ﬁ a, b, Azadeh Nadjarzadeh a, b, * a Nutrition and Food Security Research Center, Shahid Sadoughi University of Medical Sciences, Yazd, Iran b Department of Nutrition, Faculty of Health, Shahid Sadoughi University of Medical Sciences, Yazd, Iran c Department of Biostatistics and Epidemiology, Faculty of Health, Shahid Sadoughi University of Medical Sciences, Yazd, Iran article info Article history: Received 16 July 2018 Accepted 2 October 2019 Keywords: Dairy product Obesity Anthropometry Blood pressure Blood glucose Lipids summary Background & aims: The aim of this study was to determine the effect of low en"
NCT:NCT05440630,ClinicalTrials.gov,NCT05440630,Study of Efficacy of a Probiotic and Postbiotic in Overweight and Obese Individuals,probiotic;postbiotic,,probiotic; postbiotic,,evidence_details; regex_inference,clinical_trial_registry,high,2,11.60,high_for_manual_review,prioritize_extraction,high priority evidence; clinical_trial_registry; relevance score 2; sample_size; body_weight_effect; bmi_effect; waist_effect; body_fat_effect; glucose_effect; lipid_effect,missing duration; missing p_value; taxa not identified from title,https://clinicaltrials.gov/study/NCT05440630,,,,,,,,,
PMID:36239189,PubMed,36239189,"Effect of faecal microbial transplant via colonoscopy in patients with severe obesity and insulin resistance: A randomized double-blind, placebo-controlled Phase 2 trial.",,,probiotic,Bifidobacterium; Streptococcus decreased; Coprococcus,evidence_details; regex_inference,randomized_controlled_trial,high,2,11.60,high_for_manual_review,prioritize_extraction,high priority evidence; randomized_controlled_trial; relevance score 2; sample_size; duration; p_value; body_weight_effect; glucose_effect; lipid_effect; microbiome_effect,taxa not identified from title; intervention type needs manual confirmation,https://pubmed.ncbi.nlm.nih.gov/36239189/,,,,,,,,,
EUROPEPMC:37836532,PubMed,37836532,Effects of Synbiotic Supplementation on Metabolic Syndrome Traits and Gut Microbial Profile among Overweight and Obese Hong Kong Chinese Individuals: A Randomized Trial.,synbiotic,,synbiotic; probiotic; prebiotic,Lactobacillus acidophilus; Bifidobacterium lactis; HN019,evidence_details; regex_inference,randomized_controlled_trial,high,3,11.60,high_for_manual_review,prioritize_extraction,high priority evidence; randomized_controlled_trial; relevance score 3; sample_size; duration; body_weight_effect; glucose_effect; lipid_effect; microbiome_effect,missing p_value; taxa not identified from title,https://europepmc.org/article/MED/37836532,,,,,,,,,
EUROPEPMC:PMC12938260,publisher supplementary data,PMC12938260,"Lactobacillus helveticus UA881 Improves Body Composition, Lipid Profiles, and Gut Microbiota in Overweight Adults: A Randomized Double-Blind Placebo-Controlled Trial",,Lactobacillus,probiotic,Lactobacillus; Lactobacillus helveticus; UA881,evidence_details; regex_inference,randomized_controlled_trial,high,5,11.60,high_for_manual_review,prioritize_extraction,high priority evidence; randomized_controlled_trial; relevance score 5; body_weight_effect; lipid_effect; microbiome_effect,missing sample_size; missing duration; missing p_value; intervention type needs manual confirmation,,,,,,,,,,
EUROPEPMC:40416368,PubMed,40416368,"Effect of <i>Bacillus coagulans</i> BC99 supplementation on body weight and gut microbiota in overweight and obese individual: a randomized, double-blind, placebo-controlled study.",,Bacillus,probiotic,Bacillus; Bacillus coagulans; BC99,evidence_details; regex_inference,randomized_controlled_trial,high,3,11.60,high_for_manual_review,prioritize_extraction,high priority evidence; randomized_controlled_trial; relevance score 3; duration; dose; p_value; body_weight_effect; lipid_effect; microbiome_effect,missing sample_size; intervention type needs manual confirmation,https://europepmc.org/article/MED/40416368,5.pdf,0.616,10,,,,,,
NCT:NCT04886778,ClinicalTrials.gov,NCT04886778,Efficacy and Safety of Low-Carbohydrate Diet Combined With Probiotics for Weight Loss in Male Obese Patients.,probiotic,,probiotic,,evidence_details,clinical_trial_registry,high,2,11.60,high_for_manual_review,prioritize_extraction,high priority evidence; clinical_trial_registry; relevance score 2; sample_size; body_weight_effect; bmi_effect; waist_effect; body_fat_effect; glucose_effect; lipid_effect,missing duration; missing p_value; taxa not identified from title,https://clinicaltrials.gov/study/NCT04886778,NCT04886778.csv,1.000,csv,probiotic strains may play a different role in the same species. Therefore; Lactobacillus reuteri PLBK1; Lactobacillus reuteri PLBK2; Lactobacillus gasseri PLBK3; Lactobacillus acidophilus PLBK4; Bifidobacterium lactis PLBK5; Probiotic compound preparations,12 weeks,,,microbiota; glucose; insulin; body fat; body weight; Body mass index; BMI; HOMA-IR; waist circumference; triglycerides; cholesterol,"NCT Number,Study Title,Study URL,Acronym,Study Status,Brief Summary,Study Results,Conditions,Interventions,Primary Outcome Measures,Secondary Outcome Measures,Other Outcome Measures,Sponsor,Collaborators,Sex,Age,Phases,Enrollment,Funder Type,Study Type,Study Design,Other IDs,Start Date,Primary Completion Date,Completion Date,First Posted,Results First Posted,Last Update Posted,Locations,Study Documents NCT04886778,Efficacy and Safety of Low-Carbohydrate Diet Combined With Probiotics for Weight Loss in Male Obese Patients.,https://clinicaltrials.gov/study/NCT04886778,,COMPLETED,""Over the years, increasing obesity prevalence represents an important threat to national and global public health. Many strategies studied for weight loss have reported that low-carbohydrate diets showed beneficial effects on weight loss for obese patients. However, individual weight losses have varied widely with"
NCT:NCT07452757,ClinicalTrials.gov,NCT07452757,To Evaluate Efficacy and Safety of Proprietary Healthy Diet Combinations for Weight Management in Overweight Volunteers,,,,PRP-02,evidence_details; regex_inference,clinical_trial_registry,high,2,11.60,high_for_manual_review,prioritize_extraction,high priority evidence; clinical_trial_registry; relevance score 2; sample_size; body_weight_effect; bmi_effect; waist_effect; body_fat_effect; glucose_effect; lipid_effect,missing duration; missing p_value; taxa not identified from title; intervention type needs manual confirmation,https://clinicaltrials.gov/study/NCT07452757,NCT07452757.csv,1.000,csv,,10 days; 30 days; 60 days,,140 subjects,body mass index; BMI; body weight; waist circumference; Body Fat; Cholesterol; Visceral Fat; Triglycerides; HDL; LDL; Glucose; HbA1c,"NCT Number,Study Title,Study URL,Acronym,Study Status,Brief Summary,Study Results,Conditions,Interventions,Primary Outcome Measures,Secondary Outcome Measures,Other Outcome Measures,Sponsor,Collaborators,Sex,Age,Phases,Enrollment,Funder Type,Study Type,Study Design,Other IDs,Start Date,Primary Completion Date,Completion Date,First Posted,Results First Posted,Last Update Posted,Locations,Study Documents NCT07452757,To Evaluate Efficacy and Safety of Proprietary Healthy Diet Combinations for Weight Management in Overweight Volunteers,https://clinicaltrials.gov/study/NCT07452757,,COMPLETED,""This is an open-label, four-arm, randomized, controlled clinical study designed to evaluate the efficacy and safety of a structured Weight Management Program (WMP) in overweight and obese adults with a body mass index (BMI) ≥ 23 kg/m² (Asian Indian ethnicity cut-off). A total of 140 subjects will be enro"
PMID:41659802,PubMed,41659802,Effects of modified fasting therapy on tongue coating and gut microbiome in overweight and obese adults: a controlled clinical trial.,,,,,evidence_details,needs_manual_classification,high,3,11.60,high_for_manual_review,prioritize_extraction,high priority evidence; relevance score 3; sample_size; duration; p_value; body_weight_effect; bmi_effect; glucose_effect; lipid_effect; microbiome_effect,taxa not identified from title; intervention type needs manual confirmation,https://pubmed.ncbi.nlm.nih.gov/41659802/,fnut-12-1686416.pdf,1.000,17,,3 days; 2 days,,48 participants; n = 35; n = 13; 48 patients,microbiota; body mass index; BMI; body weight; glucose; insulin; HOMA-IR,"Frontiers in Nutrition 01 frontiersin.org Effects of modified fasting therapy on tongue coating and gut microbiome in overweight and obese adults: a controlled clinical trial Dongkai Zeng †, Tingying Zhang †, Yunling Zhu , Jiahao Feng , Ziheng Ye , Jin Zhao , Peng Huang , Li Zhang * and Taoli Liu * Traditional Chinese Medicine Department, The Seventh Affiliated Hospital of Sun Yat-sen University, Shenzhen, China Introduction: Caloric restriction facilitates weight loss and metabolic improvement, in part by altering the gut microbiota. However, its influence via the tongue coating microbiota and gut microbiota remains largely unexplored. Methods: To address this gap, we conducted a single-center, prospective, controlled study from 23 April to 5 July 2021, enrolling 48 participants with a body mass index (BMI) ≥ 24 kg/m2. Participants were assigned to either a 7-day modified fasting group "
PMID:33054635,PubMed,33054635,"The combined effects of probiotics and restricted calorie diet on the anthropometric indices, eating behavior, and hormone levels of obese women with food addiction: a randomized clinical trial.",probiotic,,probiotic,,evidence_details,randomized_controlled_trial,high,1,11.30,high_for_manual_review,prioritize_extraction,high priority evidence; randomized_controlled_trial; relevance score 1; sample_size; duration; p_value; body_weight_effect; bmi_effect; waist_effect; body_fat_effect,taxa not identified from title,https://pubmed.ncbi.nlm.nih.gov/33054635/,"The combined effects of probiotics and restricted calorie diet on the anthropometric indices, eating behavior, and hormone level(科研通-ablesci.com).pdf",0.873,14,probiotic supplementation on the anthropometric indices; probiotic; probiotic group compared to the placebo group; probiotic group compared to the baseline values; probiotic supplementation may have beneﬁcial eﬀects on anthropometric indices; probiotic administration on obesity management have been demonstrated in several meta-ana; probiotic sup- plementation along with a restricted calorie diet; probiotic group,12 weeks; 1 month; 2 months,"1.8 × 10 9 CFU/capsule), Biﬁdoba; (1.8 × 109 CFU/capsule), Biﬁdoba; (1.8 × 109 CFU/capsule), Lactoba; (1 × 109 CFU/ capsule), Lactob; (1 × 109 CFU/capsule), magnesi",n = 62; 62 women; n = 31,microbiota; body mass index; BMI; waist circumference; body weight,"Full Terms & Conditions of access and use can be found at https://www.tandfonline.com/action/journalInformation?journalCode=ynns20 Nutritional Neuroscience An International Journal on Nutrition, Diet and Nervous System ISSN: (Print) (Online) Journal homepage: https://www.tandfonline.com/loi/ynns20 The combined effects of probiotics and restricted calorie diet on the anthropometric indices, eating behavior, and hormone levels of obese women with food addiction: a randomized clinical trial Elham Narmaki , Mohaddeseh Borazjani , Asal Ataie-Jafari , Nastaran Hariri , Azita Hekmat Doost , Mostafa Qorbani & Atoosa Saidpour To cite this article: Elham Narmaki , Mohaddeseh Borazjani , Asal Ataie-Jafari , Nastaran Hariri , Azita Hekmat Doost , Mostafa Qorbani & Atoosa Saidpour (2020): The combined effects of probiotics and restricted calorie diet on the anthropometric indices, eating behavior, an"
NCT:NCT04863313,ClinicalTrials.gov,NCT04863313,Effect of a Probiotic on the Glycemic Profile and the Fecal Microbiota of Prediabetic Subjects (PREDIABETCARE),probiotic,,probiotic,,evidence_details,clinical_trial_registry,high,1,11.30,high_for_manual_review,prioritize_extraction,high priority evidence; clinical_trial_registry; relevance score 1; sample_size; body_weight_effect; bmi_effect; waist_effect; body_fat_effect; glucose_effect; lipid_effect; microbiome_effect,missing duration; missing p_value; taxa not identified from title,https://clinicaltrials.gov/study/NCT04863313,,,,,,,,,
PMID:34115318,PubMed,34115318,"The Effects of Limosilactobacillus reuteri LR-99 Supplementation on Body Mass Index, Social Communication, Fine Motor Function, and Gut Microbiome Composition in Individuals with Prader-Willi Syndrome: a Randomized Double-Blinded Placebo-Controlled Trial.",,Limosilactobacillus,probiotic,Limosilactobacillus; Lactobacillus reuteri; Limosilactobacillus reuteri; LR-99,evidence_details; regex_inference,randomized_controlled_trial,high,2,11.20,high_for_manual_review,prioritize_extraction,high priority evidence; randomized_controlled_trial; relevance score 2; sample_size; duration; p_value; body_weight_effect; bmi_effect; microbiome_effect,intervention type needs manual confirmation,https://pubmed.ncbi.nlm.nih.gov/34115318/,,,,,,,,,
PMID:30094122,PubMed,30094122,"Effects of Bifidobacterium breve B-3 on body fat reductions in pre-obese adults: a randomized, double-blind, placebo-controlled trial.",,Bifidobacterium,probiotic,Bifidobacterium; Bifidobacterium breve,evidence_details; regex_inference,randomized_controlled_trial,high,2,11.20,high_for_manual_review,prioritize_extraction,high priority evidence; randomized_controlled_trial; relevance score 2; duration; cfu; dose; p_value; body_fat_effect; lipid_effect; microbiome_effect,missing sample_size; intervention type needs manual confirmation,https://pubmed.ncbi.nlm.nih.gov/30094122/,bmfh-37-067.pdf,0.652,9,Bifidobacterium breve B-3 on body fat reductions in pre-obese adults; Bifidobacterium breve B-3 has been shown to exert anti-obesity effects in high-fat diet-induced; probiotic strain B. breve B-3 has potential as a functional food ingredient to reduce bod; Bifidobacterium breve; Bifidobacterium was found to be significantly lower in obese subjects than in lean subjects; probiotic bifidobacterial strain is the best candidate to exert anti-obesity effects; Bifidobacterium spp. are known to be species- or even strain-specific; Bifidobacterium breve B-3 is one of the promising anti-obesogenic strains. We previously report,12 weeks,(2 × 10 10 CFU/day) daily for 12; units (CFU)/ day reduced bod; 10 billion CFU per capsule). The; 20 billion CFU/day for the B-3 g; required CFU during the interv,4 participants; 80 participants,body fat; microbiota; BMI; visceral fat; HDL; cholesterol; insulin; body weight; glucose; adiposity; body mass index; fat mass,"Effects of Bifidobacterium breve B-3 on body fat reductions in pre-obese adults: a randomized, double-blind, placebo-controlled trial Junichi MINAMI 1*, Noriyuki IWABUCHI 1, Miyuki TANAKA1, Koji YAMAUCHI1, Jin-zhong XIAO2, Fumiaki ABE1 and Naoki SAKANE 3 1Food Ingredients & Technology Institute, Morinaga Milk Industry Co., Ltd., 5-1-83 Higashihara, Zama-shi, Kanagawa 252-8583, Japan 2Next Generation Science Institute, Morinaga Milk Industry Co., Ltd., 5-1-83 Higashihara, Zama-shi, Kanagawa 252-8583, Japan 3Division of Preventive Medicine, Clinical Research Institute, National Hospital Organization Kyoto Medical Center, 1-1 Mukaihata-cho, Fukakusa, Fushimi-ku, Kyoto 612-8555, Japan Received January 12, 2018; Accepted April 20, 2018; Published online in J-STAGE May 8, 2018 Accumulating evidence suggests a relationship between the gut microbiota and the development of obesity, indicating th"
PMID:30525950,PubMed,30525950,Probiotic or synbiotic alters the gut microbiota and metabolism in a randomised controlled trial of weight management in overweight adults.,probiotic;synbiotic,,probiotic; synbiotic; prebiotic,Lactobacillus and; Bifidobacterium animalis; Akkermansia were; B420,evidence_details; regex_inference,randomized_controlled_trial,high,3,11.20,high_for_manual_review,prioritize_extraction,high priority evidence; randomized_controlled_trial; relevance score 3; sample_size; duration; dose; waist_effect; body_fat_effect; microbiome_effect,missing p_value; taxa not identified from title,https://pubmed.ncbi.nlm.nih.gov/30525950/,,,,,,,,,
EUROPEPMC:41366779,PubMed,41366779,"The effects of next generation probiotics on metabolic dysfunction-associated steatotic liver disease: a parallel, double-blind, randomized, placebo-controlled trial.",probiotic,,probiotic; dietary_polyphenol,Lactobacillus delbrueckii; Bifidobacterium; LL001; LH001,evidence_details; regex_inference,randomized_controlled_trial,high,1,11.10,high_for_manual_review,prioritize_extraction,high priority evidence; randomized_controlled_trial; relevance score 1; sample_size; duration; cfu; dose; p_value; body_weight_effect; lipid_effect; microbiome_effect,taxa not identified from title,https://europepmc.org/article/MED/41366779,,,,,,,,,
EUROPEPMC:41455007,PubMed,41455007,"Bifidobacterium Breve BBr60 Improves Obesity Via the Gut Microbiota-Short-Chain Fatty Acid-IL-27/GLP-1 Axis: Evidence from a Randomized, Double-Blind, Placebo-Controlled Trial.",,Bifidobacterium,probiotic; prebiotic,Bifidobacterium; Bifidobacterium Breve; Bifidobacterium breve; IL-27; BBr60,evidence_details; regex_inference,randomized_controlled_trial,high,2,11.10,high_for_manual_review,prioritize_extraction,high priority evidence; randomized_controlled_trial; relevance score 2; sample_size; duration; dose; p_value; bmi_effect; glucose_effect; microbiome_effect,intervention type needs manual confirmation,https://europepmc.org/article/MED/41455007,,,,,,,,,
EUROPEPMC:41599863,PubMed,41599863,"Efficacy and Safety of CKDB-322, a Combination of <i>Lactiplantibacillus plantarum</i> Q180 and <i>Phaeodactylum tricornutum</i>, for Reducing Body Fat and Abdominal Adiposity in Overweight Adults.",,Lactiplantibacillus,probiotic,Lactiplantibacillus; Lactobacillus; Lactiplantibacillus plantarum; CKDB-322; Q180,evidence_details; regex_inference,needs_manual_classification,medium,3,11.10,high_for_manual_review,prioritize_extraction,relevance score 3; sample_size; duration; cfu; dose; p_value; body_weight_effect; body_fat_effect; lipid_effect; microbiome_effect,intervention type needs manual confirmation,https://europepmc.org/article/MED/41599863,,,,,,,,,
PMID:41599863,PubMed,41599863,"Efficacy and Safety of CKDB-322, a Combination of Lactiplantibacillus plantarum Q180 and Phaeodactylum tricornutum, for Reducing Body Fat and Abdominal Adiposity in Overweight Adults.",,Lactiplantibacillus,probiotic,Lactiplantibacillus; Lactobacillus; Lactiplantibacillus plantarum; CKDB-322; Q180,evidence_details; regex_inference,needs_manual_classification,medium,3,11.10,high_for_manual_review,prioritize_extraction,relevance score 3; sample_size; duration; cfu; dose; p_value; body_weight_effect; body_fat_effect; lipid_effect; microbiome_effect,intervention type needs manual confirmation,https://pubmed.ncbi.nlm.nih.gov/41599863/,nutrients-18-00250-v2.pdf,1.000,24,Lactiplantibacillus plantarum Q180 and Phaeodactylum tricornutum; Lactiplantibacillus plantarum Q180 and Phaeodacty- lum tricornutum; Lactobacillus; Lactiplantibacillus plantarum; probiotic strains belong to non-pathogenic; probiotic supplementation has emerged as a promising therapeutic approach; probiotic properties,,1.0 × 109 CFU of L. plantarum Q,n = 50; 100 adults,Body Fat; Adiposity; body mass index; BMI; waist circumference; body weight; triglycerides; microbiota; insulin; glucose,"Received: 23 December 2025 Revised: 9 January 2026 Accepted: 11 January 2026 Published: 13 January 2026 Copyright: © 2026 by the authors. Licensee MDPI, Basel, Switzerland. This article is an open access article distributed under the terms and conditions of the Creative Commons Attribution (CC BY) license. Article Efficacy and Safety of CKDB-322, a Combination of Lactiplantibacillus plantarum Q180 and Phaeodactylum tricornutum, for Reducing Body Fat and Abdominal Adiposity in Overweight Adults Hyang-Im Baek 1 , So-Young Kwon 2 , Hye-Ji Noh 2 and Soo Jung Park 3,* 1 Department of Food Science & Nutrition, Woosuk University, Wanju 55338, Republic of Korea; hyangim100@gmail.com 2 Research Institute, Chong Kun Dang Bio (CKD Bio), Seoul 03742, Republic of Korea; ksy2022@ckdbio.com (S.-Y.K.); nhj@ckdbio.com (H.-J.N.) 3 Department of Sasang Constitutional Medicine, College of Korean Medicine, W"
PMID:37181156,PubMed,37181156,Supplementation with inulin-type fructans affects gut microbiota and attenuates some of the cardiometabolic benefits of a plant-based diet in individuals with overweight or obesity.,,,probiotic; prebiotic,Bifidobacterium and; IL-10,evidence_details; regex_inference,needs_manual_classification,medium,4,11.00,high_for_manual_review,prioritize_extraction,relevance score 4; sample_size; duration; dose; p_value; body_weight_effect; glucose_effect; lipid_effect; microbiome_effect,taxa not identified from title; intervention type needs manual confirmation,https://pubmed.ncbi.nlm.nih.gov/37181156/,fnut-10-1108088.pdf,1.000,13,inulin-type fructans affects gut microbiota and attenuates some of the cardiometabolic; inulin-type fructans; Bifidobacterium and Faecalibacterium; inulin; inulin and its hydrolyzed form fructooligosaccharide; inulin-rich food items during the 10-week intervention,10 weeks; 3 days,,100 subjects; n = 82; n = 21; n = 22; 100 adults; 82 participants,microbiota; body mass index; insulin; HOMA-IR; HDL; cholesterol; LDL; body weight; glucose; waist circumference,"Frontiers in Nutrition 01 frontiersin.org Supplementation with inulin-type fructans affects gut microbiota and attenuates some of the cardiometabolic benefits of a plant-based diet in individuals with overweight or obesity Mona Adnan Aldubayan 1,2*, Xiaotian Mao 3, Martin Frederik Laursen 4, Kristina Pigsborg 2, Lars H. Christensen 2, Henrik M. Roager 2, Dennis S. Nielsen 3, Mads Fiil Hjorth 5 and Faidon Magkos 2* 1 Department of Clinical Nutrition, College of Applied Medical Sciences, King Saud bin Abdulaziz University for Health Sciences, Riyadh, Saudi Arabia, 2 Department of Nutrition, Exercise and Sports, Faculty of Science, University of Copenhagen, Copenhagen, Denmark, 3 Department of Food Science, Faculty of Science, University of Copenhagen, Copenhagen, Denmark, 4 National Food Institute, Technical University of Denmark, Kongens Lyngby, Denmark, 5 Obesity and Nutritional Sciences"
PMID:32698957,PubMed,32698957,"The effect of synbiotic on glycemic profile and sex hormones in overweight and obese breast cancer survivors following a weight-loss diet: A randomized, triple-blind, controlled trial.",synbiotic,,synbiotic,,evidence_details,randomized_controlled_trial,high,2,11.00,high_for_manual_review,prioritize_extraction,high priority evidence; randomized_controlled_trial; relevance score 2; sample_size; duration; cfu; p_value; body_weight_effect; glucose_effect,taxa not identified from title,https://pubmed.ncbi.nlm.nih.gov/32698957/,,,,,,,,,
PMID:31952249,PubMed,31952249,"Effects of Synbiotic Supplement on Human Gut Microbiota, Body Composition and Weight Loss in Obesity.",synbiotic,,synbiotic; probiotic; prebiotic,Lactobacillus acidophilus; Lactobacillus abundance; Bifidobacterium lactis; Bifidobacterium longum; Bifidobacterium bifidum; Bifidobacterium and; Bifidobacterium abundance,evidence_details; regex_inference,needs_manual_classification,medium,4,11.00,high_for_manual_review,prioritize_extraction,relevance score 4; duration; body_weight_effect; bmi_effect; waist_effect; body_fat_effect; glucose_effect; microbiome_effect,missing sample_size; missing p_value; taxa not identified from title,https://pubmed.ncbi.nlm.nih.gov/31952249/,,,,,,,,,
PMID:35714163,PubMed,35714163,Lacticaseibacillus rhamnosus HA-114 improves eating behaviors and mood-related factors in adults with overweight during weight loss: a randomized controlled trial.,,Lacticaseibacillus,probiotic,Lacticaseibacillus; Lacticaseibacillus rhamnosus; HA-114,evidence_details; regex_inference,randomized_controlled_trial,high,2,10.90,high_for_manual_review,prioritize_extraction,high priority evidence; randomized_controlled_trial; relevance score 2; sample_size; duration; body_weight_effect; body_fat_effect; glucose_effect; lipid_effect,missing p_value; intervention type needs manual confirmation,https://pubmed.ncbi.nlm.nih.gov/35714163/,Lacticaseibacillus rhamnosus HA-114 improves eating behaviors and mood-related factors in adults with overweight during weight l(科研通-ablesci.com).pdf,0.890,14,Lacticaseibacillus rhamnosus HA-114 improves eating behaviors and mood-related factors in adults w; Lacticaseibacillus; HA-114 improves eating behaviors and mood-related factors in adults with overweight du; Lacticaseibacillus rhamnosus HA-114 improves eating behaviors and mood- related factors in adults; Lacticaseibacillus rhamnosus HA-114 supplementation accentuated bene ﬁcial impact of weight loss o; HA-114 supplementation or placebo; probiotic supplementation did not potentiate the reduction in body weight or fat mass; probiotic-supplemented group only. With respect to eating behaviors and mood-related fact,18 months; 12 weeks; 1 week,"(10 × 10 9 CFU per capsule), pro",152 adults,microbiota; body weight; fat mass; insulin; HOMA-IR; LDL; cholesterol; triglycerides; body mass index; BMI,"Full Terms & Conditions of access and use can be found at https://www.tandfonline.com/action/journalInformation?journalCode=ynns20 Nutritional Neuroscience An International Journal on Nutrition, Diet and Nervous System ISSN: (Print) (Online) Journal homepage: https://www.tandfonline.com/loi/ynns20 Lacticaseibacillus rhamnosus HA-114 improves eating behaviors and mood-related factors in adults with overweight during weight loss: a randomized controlled trial Béatrice S.-Y. Choi, Lucie Brunelle, Geneviève Pilon, Brunella Gonzalez Cautela, Thomas A. Tompkins, Vicky Drapeau, André Marette & Angelo Tremblay To cite this article: Béatrice S.-Y. Choi, Lucie Brunelle, Geneviève Pilon, Brunella Gonzalez Cautela, Thomas A. Tompkins, Vicky Drapeau, André Marette & Angelo Tremblay (2022): Lacticaseibacillus￿rhamnosus HA-114 improves eating behaviors and mood-related factors in adults with overweight"
PMID:38246355,PubMed,38246355,Daily Cashew and Brazil Nut Consumption Modifies Intestinal Health in Overweight Women on Energy-Restricted Intervention: A Randomized Controlled Trial (Brazilian Nuts Study).,,,,IL-10; IL-17A; UCG-002,evidence_details; regex_inference,randomized_controlled_trial,high,2,10.90,high_for_manual_review,prioritize_extraction,high priority evidence; randomized_controlled_trial; relevance score 2; duration; dose; p_value; body_weight_effect; body_fat_effect; microbiome_effect,missing sample_size; taxa not identified from title; intervention type needs manual confirmation,https://pubmed.ncbi.nlm.nih.gov/38246355/,,,,,,,,,
PMID:33763720,PubMed,33763720,"Mediterranean diet consumption affects the endocannabinoid system in overweight and obese subjects: possible links with gut microbiome, insulin resistance and inflammation.",,,,Akkermansia muciniphila,evidence_details; regex_inference,needs_manual_classification,medium,4,10.90,high_for_manual_review,prioritize_extraction,relevance score 4; sample_size; duration; p_value; body_weight_effect; bmi_effect; glucose_effect; microbiome_effect,taxa not identified from title; intervention type needs manual confirmation,https://pubmed.ncbi.nlm.nih.gov/33763720/,,,,,,,,,
PMID:40732984,PubMed,40732984,Gut Microbiota Shifts After a Weight Loss Program in Adults with Obesity: The WLM3P Study.,,,prebiotic,BMI 30,evidence_details; regex_inference,needs_manual_classification,medium,3,10.90,high_for_manual_review,prioritize_extraction,relevance score 3; sample_size; duration; p_value; body_weight_effect; bmi_effect; body_fat_effect; lipid_effect; microbiome_effect,taxa not identified from title; intervention type needs manual confirmation,https://pubmed.ncbi.nlm.nih.gov/40732984/,,,,,,,,,
PMID:35351144,PubMed,35351144,Physical activity enhances the improvement of body mass index and metabolism by inulin: a multicenter randomized placebo-controlled trial performed in obese individuals.,,,probiotic; prebiotic,Bifidobacterium,evidence_details; regex_inference,randomized_controlled_trial,high,2,10.80,high_for_manual_review,prioritize_extraction,high priority evidence; randomized_controlled_trial; relevance score 2; sample_size; duration; dose; bmi_effect; glucose_effect; lipid_effect; microbiome_effect,missing p_value; taxa not identified from title; intervention type needs manual confirmation,https://pubmed.ncbi.nlm.nih.gov/35351144/,,,,,,,,,
PMID:38498828,PubMed,38498828,Effect of Bifidobacterium Intake on Body Weight and Body Fat in Overweight and Obese Adult Subjects: A Systematic Review and Meta-Analysis.,,Bifidobacterium,probiotic,Bifidobacterium; Bifidobacterium Intake; Bifidobacterium genus; Bifidobacterium probiotics,evidence_details; regex_inference,meta_analysis_or_systematic_review,medium,3,10.70,high_for_manual_review,prioritize_extraction,meta_analysis_or_systematic_review; relevance score 3; sample_size; p_value; body_weight_effect; bmi_effect; waist_effect; body_fat_effect,missing duration; intervention type needs manual confirmation,https://pubmed.ncbi.nlm.nih.gov/38498828/,,,,,,,,,
PMID:24795503,PubMed,24795503,"Effect of probiotic (VSL#3) and omega-3 on lipid profile, insulin sensitivity, inflammatory markers, and gut colonization in overweight adults: a randomized, controlled trial.",probiotic,,probiotic,,evidence_details,randomized_controlled_trial,high,3,10.70,high_for_manual_review,prioritize_extraction,high priority evidence; randomized_controlled_trial; relevance score 3; duration; p_value; glucose_effect; lipid_effect; microbiome_effect,missing sample_size; taxa not identified from title,https://pubmed.ncbi.nlm.nih.gov/24795503/,,,,,,,,,
PMID:41141981,PubMed,41141981,Investigating the Microbiota-Gut-Brain Axis Mechanisms of Transcutaneous Auricular Vagus Nerve Stimulation in Patients with Obesity: A Study Protocol for a Randomized Controlled Trial.,,,,FS-14,evidence_details; regex_inference,randomized_controlled_trial,high,2,10.70,high_for_manual_review,prioritize_extraction,high priority evidence; randomized_controlled_trial; relevance score 2; sample_size; body_weight_effect; bmi_effect; waist_effect; body_fat_effect,missing duration; missing p_value; taxa not identified from title; intervention type needs manual confirmation,https://pubmed.ncbi.nlm.nih.gov/41141981/,,,,,,,,,
PMID:35247098,PubMed,35247098,"Impact of wheat aleurone on biomarkers of cardiovascular disease, gut microbiota and metabolites in adults with high body mass index: a double-blind, placebo-controlled, randomized clinical trial.",,,probiotic; prebiotic; dietary_polyphenol,Lactobacillus spp; Bifidobacterium spp,evidence_details; regex_inference,randomized_controlled_trial,high,2,10.60,high_for_manual_review,prioritize_extraction,high priority evidence; randomized_controlled_trial; relevance score 2; sample_size; duration; dose; body_weight_effect; bmi_effect; microbiome_effect,missing p_value; taxa not identified from title; intervention type needs manual confirmation,https://pubmed.ncbi.nlm.nih.gov/35247098/,,,,,,,,,
PMID:40828642,PubMed,40828642,Effects of a combined energy restriction and vigorous-intensity exercise intervention on the human gut microbiome: A randomised controlled trial.,,,,,evidence_details,randomized_controlled_trial,high,1,10.60,high_for_manual_review,prioritize_extraction,high priority evidence; randomized_controlled_trial; relevance score 1; sample_size; duration; body_weight_effect; body_fat_effect; glucose_effect; lipid_effect; microbiome_effect,missing p_value; taxa not identified from title; intervention type needs manual confirmation,https://pubmed.ncbi.nlm.nih.gov/40828642/,,,,,,,,,
EUROPEPMC:41413231,PubMed,41413231,"The promising effects of a multi-species synbiotic preparation on metabolic profile in elderly patients with type 2 diabetes and high cardiovascular risk: a randomized, triple-blind, placebo-controlled trial.",synbiotic,,synbiotic; probiotic; prebiotic,,evidence_details; regex_inference,randomized_controlled_trial,high,1,10.60,high_for_manual_review,prioritize_extraction,high priority evidence; randomized_controlled_trial; relevance score 1; duration; dose; p_value; body_weight_effect; bmi_effect; glucose_effect; lipid_effect,missing sample_size; taxa not identified from title,https://europepmc.org/article/MED/41413231,,,,,,,,,
EUROPEPMC:40676704,PubMed,40676704,"Multi-omics analyses the effect of Bifidobacterium longum subsp. longum BL21 supplementation on overweight and obese subjects: a randomized, double-blind, placebo-controlled study.",,Bifidobacterium,probiotic,Bifidobacterium; Bifidobacterium longum; BL21; BL 21,evidence_details; regex_inference,randomized_controlled_trial,high,2,10.60,high_for_manual_review,prioritize_extraction,high priority evidence; randomized_controlled_trial; relevance score 2; duration; dose; p_value; body_weight_effect; lipid_effect; microbiome_effect,missing sample_size; intervention type needs manual confirmation,https://europepmc.org/article/MED/40676704,,,,,,,,,
NCT:NCT05114018,ClinicalTrials.gov,NCT05114018,Effect of Pasteurized Akkermansia Muciniphila on Insulin Resistance in Otherwise Healthy Subjects With Dysglycaemia,,Akkermansia,postbiotic,Akkermansia; Akkermansia Muciniphila; Akkermansia muciniphila,evidence_details; regex_inference,clinical_trial_registry,high,1,10.60,high_for_manual_review,prioritize_extraction,high priority evidence; clinical_trial_registry; relevance score 1; sample_size; body_weight_effect; bmi_effect; waist_effect; body_fat_effect; glucose_effect; lipid_effect,missing duration; missing p_value; intervention type needs manual confirmation,https://clinicaltrials.gov/study/NCT05114018,,,,,,,,,
PMID:40353878,PubMed,40353878,Feasibility and Tolerability of Nabilone for the Treatment of Obesity: A Randomized Controlled Pilot Trial.,,,,,evidence_details,randomized_controlled_trial,high,1,10.60,high_for_manual_review,prioritize_extraction,high priority evidence; randomized_controlled_trial; relevance score 1; sample_size; duration; dose; p_value; body_weight_effect; bmi_effect; microbiome_effect,taxa not identified from title; intervention type needs manual confirmation,https://pubmed.ncbi.nlm.nih.gov/40353878/,,,,,,,,,
PMID:38393021,PubMed,38393021,The Efficacy of Lactobacillus delbrueckii ssp. bulgaricus Supplementation in Managing Body Weight and Blood Lipids of People with Overweight: A Randomized Pilot Trial.,,Lactobacillus,probiotic,Lactobacillus; Lactobacillus delbrueckii,evidence_details; regex_inference,randomized_controlled_trial,high,3,10.50,high_for_manual_review,prioritize_extraction,high priority evidence; randomized_controlled_trial; relevance score 3; duration; body_weight_effect; bmi_effect; lipid_effect,missing sample_size; missing p_value; intervention type needs manual confirmation,https://pubmed.ncbi.nlm.nih.gov/38393021/,,,,,,,,,
PMID:28730743,PubMed,28730743,Inulin-type fructans and whey protein both modulate appetite but only fructans alter gut microbiota in adults with overweight/obesity: A randomized controlled trial.,,,probiotic; prebiotic,Bifidobacterium,evidence_details; regex_inference,randomized_controlled_trial,high,3,10.50,high_for_manual_review,prioritize_extraction,high priority evidence; randomized_controlled_trial; relevance score 3; sample_size; duration; body_weight_effect; body_fat_effect,missing p_value; taxa not identified from title; intervention type needs manual confirmation,https://pubmed.ncbi.nlm.nih.gov/28730743/,,,,,,,,,
PMID:38713231,PubMed,38713231,"Effect of prebiotic fiber on physical function and gut microbiota in adults, mostly women, with knee osteoarthritis and obesity: a randomized controlled trial.",prebiotic,,prebiotic; probiotic,Bifidobacterium abundance,evidence_details; regex_inference,randomized_controlled_trial,high,2,10.40,high_for_manual_review,prioritize_extraction,high priority evidence; randomized_controlled_trial; relevance score 2; sample_size; duration; dose; p_value; body_fat_effect; microbiome_effect,taxa not identified from title,https://pubmed.ncbi.nlm.nih.gov/38713231/,,,,,,,,,
PMID:36944956,PubMed,36944956,Effect of different doses of Lacticaseibacillus paracasei K56 on body fat and metabolic parameters in adult individuals with obesity: a pilot study.,,Lacticaseibacillus,probiotic,Lacticaseibacillus; Lacticaseibacillus paracasei; K56,evidence_details; regex_inference,needs_manual_classification,medium,3,10.40,high_for_manual_review,prioritize_extraction,relevance score 3; duration; cfu; p_value; body_weight_effect; bmi_effect; waist_effect; body_fat_effect,missing sample_size; intervention type needs manual confirmation,https://pubmed.ncbi.nlm.nih.gov/36944956/,,,,,,,,,
PMID:40814108,PubMed,40814108,Postbiotics as a novel intervention for obesity management and improving metabolic parameters: a systematic review and meta-analysis of animal studies.,postbiotic,,postbiotic,STATA 17,evidence_details; regex_inference,meta_analysis_or_systematic_review,medium,2,10.30,high_for_manual_review,prioritize_extraction,meta_analysis_or_systematic_review; relevance score 2; duration; dose; p_value; body_weight_effect; body_fat_effect; glucose_effect; lipid_effect; microbiome_effect,missing sample_size; taxa not identified from title,https://pubmed.ncbi.nlm.nih.gov/40814108/,,,,,,,,,
EUROPEPMC:42065141,PubMed,42065141,"Effects of <i>Lactiplantibacillus Plantarum</i> KABP051 Probiotic on Body Composition, Microbiome and Mood in Healthy Overweight Adults.",probiotic,Lactiplantibacillus,probiotic,Lactiplantibacillus; Lactiplantibacillus Plantarum; Lactiplantibacillus plantarum; Lactiplantibacillus spp; KABP051,evidence_details; regex_inference,needs_manual_classification,medium,4,10.30,high_for_manual_review,prioritize_extraction,relevance score 4; duration; p_value; body_weight_effect; waist_effect; body_fat_effect; microbiome_effect,missing sample_size,https://europepmc.org/article/MED/42065141,,,,,,,,,
PMID:28596023,PubMed,28596023,Prebiotics Reduce Body Fat and Alter Intestinal Microbiota in Children Who Are Overweight or With Obesity.,prebiotic,,prebiotic; probiotic,Bifidobacterium spp; Bifidobacterium and,evidence_details; regex_inference,needs_manual_classification,medium,4,10.30,high_for_manual_review,prioritize_extraction,relevance score 4; sample_size; duration; dose; body_weight_effect; body_fat_effect; lipid_effect; microbiome_effect,missing p_value; taxa not identified from title,https://pubmed.ncbi.nlm.nih.gov/28596023/,,,,,,,,,
PMID:34229263,PubMed,34229263,"Supplementation with Bifidobacterium breve BR03 and B632 strains improved insulin sensitivity in children and adolescents with obesity in a cross-over, randomized double-blind placebo-controlled trial.",,Bifidobacterium,probiotic,Bifidobacterium; Bifidobacterium breve; BR03; B632; DSM 16604; DSM 24706; F 54; F 43; CI95,evidence_details; regex_inference,randomized_controlled_trial,high,2,10.30,high_for_manual_review,prioritize_extraction,high priority evidence; randomized_controlled_trial; relevance score 2; duration; cfu; p_value; body_weight_effect; glucose_effect,missing sample_size; intervention type needs manual confirmation,https://pubmed.ncbi.nlm.nih.gov/34229263/,,,,,,,,,
PMID:36484872,PubMed,36484872,"Effects of synbiotic supplementation on anthropometric indices and body composition in overweight or obese children and adolescents: a randomized, double-blind, placebo-controlled clinical trial.",synbiotic,,synbiotic; probiotic; prebiotic,Lactobacillus coagulans; Lactobacillus indicus; SC-208; HU36,evidence_details; regex_inference,randomized_controlled_trial,high,3,10.30,high_for_manual_review,prioritize_extraction,high priority evidence; randomized_controlled_trial; relevance score 3; sample_size; cfu; p_value; waist_effect,missing duration; taxa not identified from title,https://pubmed.ncbi.nlm.nih.gov/36484872/,,,,,,,,,
PMID:36879442,PubMed,36879442,"Effects of weight loss and feeding specially formulated diets on the body composition, blood metabolite profiles, voluntary physical activity, and fecal metabolites and microbiota of obese dogs.",,,probiotic,Bifidobacterium,evidence_details; regex_inference,needs_manual_classification,medium,4,10.30,high_for_manual_review,prioritize_extraction,relevance score 4; p_value; body_weight_effect; body_fat_effect; glucose_effect; lipid_effect; microbiome_effect,missing sample_size; missing duration; taxa not identified from title; intervention type needs manual confirmation,https://pubmed.ncbi.nlm.nih.gov/36879442/,,,,,,,,,
NCT:NCT04962633,ClinicalTrials.gov,NCT04962633,Dietary Intervention With Probiotic Pasta and Evaluation of the Effects on Metabolic and Inflammatory Status,probiotic,,probiotic,,evidence_details,clinical_trial_registry,high,1,10.30,high_for_manual_review,prioritize_extraction,high priority evidence; clinical_trial_registry; relevance score 1; sample_size; body_weight_effect; bmi_effect; waist_effect; glucose_effect; lipid_effect; microbiome_effect,missing duration; missing p_value; taxa not identified from title,https://clinicaltrials.gov/study/NCT04962633,,,,,,,,,
NCT:NCT01433120,ClinicalTrials.gov,NCT01433120,Targeting the Gut Microbiome to Investigate the Pathways of Progression From Obesity to Metabolic Diseases in an At-risk Population.,,,probiotic,Lactobacillus paracasei; F19,evidence_details; regex_inference,clinical_trial_registry,high,3,10.30,high_for_manual_review,prioritize_extraction,high priority evidence; clinical_trial_registry; relevance score 3; sample_size; body_fat_effect; glucose_effect; lipid_effect; microbiome_effect,missing duration; missing p_value; taxa not identified from title; intervention type needs manual confirmation,https://clinicaltrials.gov/study/NCT01433120,,,,,,,,,
NCT:NCT06989177,ClinicalTrials.gov,NCT06989177,Probiotic Intervention on Body Weight,probiotic,,probiotic,Akkermansia muciniphila,evidence_details; regex_inference,clinical_trial_registry,high,1,10.20,high_for_manual_review,prioritize_extraction,high priority evidence; clinical_trial_registry; relevance score 1; sample_size; duration; body_weight_effect; waist_effect; body_fat_effect; glucose_effect; lipid_effect,missing p_value; taxa not identified from title,https://clinicaltrials.gov/study/NCT06989177,,,,,,,,,
PMID:40965226,PubMed,40965226,"Effects of a Probiotic Formulation Based on SF68, Phytosterols, and 6S-5-Methyltetrahydrofolic Acid on Body Composition, Biochemical Parameters, Gut Microbiota, and Gastrointestinal and General Symptoms of Overweight/Obese Subjects: The PrObesity Study.",probiotic,,probiotic,SF68,evidence_details; regex_inference,needs_manual_classification,medium,4,10.20,high_for_manual_review,prioritize_extraction,relevance score 4; duration; dose; p_value; waist_effect; body_fat_effect; glucose_effect; lipid_effect,missing sample_size; taxa not identified from title,https://pubmed.ncbi.nlm.nih.gov/40965226/,,,,,,,,,
PMID:37545298,PubMed,37545298,Intermittent dietary carbohydrate restriction versus calorie restriction and cardiometabolic profiles: A randomized trial.,,,probiotic,Bifidobacterium reduced,evidence_details; regex_inference,randomized_controlled_trial,high,1,10.10,high_for_manual_review,prioritize_extraction,high priority evidence; randomized_controlled_trial; relevance score 1; duration; dose; body_weight_effect; waist_effect; glucose_effect; lipid_effect; microbiome_effect,missing sample_size; missing p_value; taxa not identified from title; intervention type needs manual confirmation,https://pubmed.ncbi.nlm.nih.gov/37545298/,,,,,,,,,
PMID:42097279,PubMed,42097279,Gut microbiota responses to isocaloric macronutrient modulation in tissue-specific insulin resistance: a secondary analysis of the PERSonalized glucose Optimization through Nutritional intervention (PERSON) randomized trial.,,,prebiotic,,evidence_details; regex_inference,randomized_controlled_trial,high,2,10.10,high_for_manual_review,prioritize_extraction,high priority evidence; randomized_controlled_trial; relevance score 2; sample_size; p_value; bmi_effect; glucose_effect; microbiome_effect,missing duration; taxa not identified from title; intervention type needs manual confirmation,https://pubmed.ncbi.nlm.nih.gov/42097279/,,,,,,,,,
PMID:32615727,PubMed,32615727,"Effect of Lactobacillus sakei, a Probiotic Derived from Kimchi, on Body Fat in Koreans with Obesity: A Randomized Controlled Study.",probiotic,Lactobacillus,probiotic,Lactobacillus; Lactobacillus sakei; CJLS03,evidence_details; regex_inference,randomized_controlled_trial,high,2,10.10,high_for_manual_review,prioritize_extraction,high priority evidence; randomized_controlled_trial; relevance score 2; sample_size; duration; p_value; waist_effect; body_fat_effect,,https://pubmed.ncbi.nlm.nih.gov/32615727/,,,,,,,,,
EUROPEPMC:40951500,PubMed,40951500,Probiotic <i>Lactobacillus</i> sp. as a strategy for modulation of non-comorbid obesity: A systematic meta-analysis and GRADE assessment of randomized controlled trials.,probiotic,Lactobacillus,probiotic,Lactobacillus; Lactobacillus sp; Lactobacillus sp-based,evidence_details; regex_inference,meta_analysis_or_systematic_review,high,1,10.10,high_for_manual_review,prioritize_extraction,high priority evidence; meta_analysis_or_systematic_review; relevance score 1; sample_size; dose; p_value; body_weight_effect; bmi_effect; waist_effect; body_fat_effect,missing duration,https://europepmc.org/article/MED/40951500,,,,,,,,,
PMID:40977640,PubMed,40977640,Effects of dietary energy restriction of ultra-processed foods compared to a generic energy restriction on the intestinal microbiota of individuals with obesity: a secondary analysis of a randomized clinical trial.,,,,,evidence_details,randomized_controlled_trial,high,2,10.10,high_for_manual_review,prioritize_extraction,high priority evidence; randomized_controlled_trial; relevance score 2; sample_size; duration; p_value; waist_effect; body_fat_effect,taxa not identified from title; intervention type needs manual confirmation,https://pubmed.ncbi.nlm.nih.gov/40977640/,,,,,,,,,
EUROPEPMC:40218949,PubMed,40218949,"A 12-Week, Randomized, Double-Blind, Placebo-Controlled Study to Evaluate the Efficacy and Safety of <i>Lactobacillus plantarum</i> LMT1-48 on Body Fat Loss.",,Lactobacillus,probiotic,Lactobacillus; Lactobacillus plantarum; A 12-Week,evidence_details; regex_inference,randomized_controlled_trial,high,1,10.00,high_for_manual_review,prioritize_extraction,high priority evidence; randomized_controlled_trial; relevance score 1; sample_size; duration; p_value; bmi_effect; body_fat_effect; microbiome_effect,intervention type needs manual confirmation,https://europepmc.org/article/MED/40218949,,,,,,,,,
EUROPEPMC:41459804,PubMed,41459804,"Effects of a slowly fermentable fiber mixture against the background of a high-protein diet on insulin sensitivity and metabolic health in individuals with overweight: a randomized, placebo-controlled trial.",,,prebiotic,,evidence_details; regex_inference,randomized_controlled_trial,high,3,10.00,high_for_manual_review,prioritize_extraction,high priority evidence; randomized_controlled_trial; relevance score 3; sample_size; duration; p_value; glucose_effect,taxa not identified from title; intervention type needs manual confirmation,https://europepmc.org/article/MED/41459804,,,,,,,,,
PMID:30928918,PubMed,30928918,"Impact of bacterial probiotics on obesity, diabetes and non-alcoholic fatty liver disease related variables: a systematic review and meta-analysis of randomised controlled trials.",probiotic,,probiotic,Lactobacillus acidophilus; Bifidobacterium breve; Streptococcus salivarius,evidence_details; regex_inference,meta_analysis_or_systematic_review,high,1,10.00,high_for_manual_review,prioritize_extraction,high priority evidence; meta_analysis_or_systematic_review; relevance score 1; sample_size; duration; body_weight_effect; bmi_effect; waist_effect; body_fat_effect; glucose_effect,missing p_value; taxa not identified from title,https://pubmed.ncbi.nlm.nih.gov/30928918/,,,,,,,,,
PMID:32521799,PubMed,32521799,The Effect of Probiotics and Synbiotics on Risk Factors Associated with Cardiometabolic Diseases in Healthy People-A Systematic Review and Meta-Analysis with Meta-Regression of Randomized Controlled Trials.,probiotic;synbiotic,,probiotic; synbiotic,Lactobacillus and; Bifidobacterium genera,evidence_details; regex_inference,meta_analysis_or_systematic_review,high,1,10.00,medium_for_manual_review,prioritize_extraction,high priority evidence; meta_analysis_or_systematic_review; relevance score 1; duration; p_value; body_weight_effect; bmi_effect; waist_effect; glucose_effect; lipid_effect,missing sample_size; taxa not identified from title,https://pubmed.ncbi.nlm.nih.gov/32521799/,,,,,,,,,
PMID:39340527,PubMed,39340527,"Effects of probiotics, prebiotics, and synbiotics on cardiometabolic risk factors in children and adolescents with overweight or obesity: a systematic review and Bayesian network meta-analysis.",probiotic;prebiotic;synbiotic,,probiotic; prebiotic; synbiotic,,evidence_details; regex_inference,meta_analysis_or_systematic_review,medium,3,10.00,medium_for_manual_review,prioritize_extraction,meta_analysis_or_systematic_review; relevance score 3; sample_size; dose; bmi_effect; waist_effect; glucose_effect; lipid_effect; microbiome_effect,missing duration; missing p_value; taxa not identified from title,https://pubmed.ncbi.nlm.nih.gov/39340527/,,,,,,,,,
PMID:37252684,PubMed,37252684,"Effect of green-lipped mussel (Perna canaliculus) supplementation on faecal microbiota, body composition and iron status markers in overweight and obese postmenopausal women: a randomised, double-blind, placebo-controlled trial.",,,probiotic,Bifidobacterium which,evidence_details; regex_inference,randomized_controlled_trial,high,4,10.00,high_for_manual_review,prioritize_extraction,high priority evidence; randomized_controlled_trial; relevance score 4; duration; dose; body_fat_effect,missing sample_size; missing p_value; taxa not identified from title; intervention type needs manual confirmation,https://pubmed.ncbi.nlm.nih.gov/37252684/,,,,,,,,,
PMID:30659070,PubMed,30659070,Probiotics for the Prevention of Gestational Diabetes Mellitus in Overweight and Obese Women: Findings From the SPRING Double-Blind Randomized Controlled Trial.,probiotic,,probiotic,Lactobacillus rhamnosus; Bifidobacterium animalis,evidence_details; regex_inference,randomized_controlled_trial,high,2,9.90,medium_for_manual_review,prioritize_extraction,high priority evidence; randomized_controlled_trial; relevance score 2; duration; dose; p_value; body_weight_effect; glucose_effect,missing sample_size; taxa not identified from title,https://pubmed.ncbi.nlm.nih.gov/30659070/,,,,,,,,,
PMID:40375569,PubMed,40375569,"Mental health and health-related quality of life response to curcumin-probiotic drink powder co-supplementation in adults with overweight/obesity and metabolic syndrome: a four-arm randomised, double-blind, placebo-controlled, clinical trial.",probiotic,,probiotic,Lactobacillus acidophilus; Lactobacillus rhamnosus,evidence_details; regex_inference,randomized_controlled_trial,high,3,9.90,medium_for_manual_review,prioritize_extraction,high priority evidence; randomized_controlled_trial; relevance score 3; sample_size; duration; dose; body_weight_effect,missing p_value; taxa not identified from title,https://pubmed.ncbi.nlm.nih.gov/40375569/,,,,,,,,,
