pathway_id,pathway,metabolite_class,coef_obese_log10,fold_change_obese_vs_lean,cliffs_delta_lean_vs_obese,p_ols,p_mannwhitney,mean_lean_pct,mean_obese_pct,analysis,fdr,direction
PWY-7383,anaerobic energy metabolism  invertebrates  cytosol,其他/未分类,-0.0517,0.888,0.314,1.569037668115213e-06,4.061900419152656e-06,0.0001,0.0001,matched_144v144,0.0006197698789055091,lean_enriched
PWY66-399,gluconeogenesis III,其他/未分类,-0.0328,0.927,0.277,1.7463537364533325e-05,4.8219478137185796e-05,0.0001,0.0001,matched_144v144,0.003449048629495332,lean_enriched
PWY0-1586,peptidoglycan maturation  meso diaminopimelate containing,肽聚糖/细胞壁,0.0408,1.099,-0.288,5.565427326683115e-05,2.4227970826961906e-05,0.0003,0.0004,matched_144v144,0.007327812646799436,obese_enriched
THISYNARA-PWY,superpathway of thiamin diphosphate biosynthesis III  eukaryotes,B族维生素/辅因子,0.0366,1.088,-0.272,0.00015884807485652883,6.732216799351686e-05,0.0002,0.0002,matched_144v144,0.01568624739208222,obese_enriched
PWY-7200,superpathway of pyrimidine deoxyribonucleoside salvage,核苷酸,-0.0075,0.983,0.17,0.00021840453687683862,0.001075736590769641,0.0,0.0,matched_144v144,0.01725395841327025,lean_enriched
PWY-6317,galactose degradation I  Leloir pathway,其他/未分类,0.0319,1.076,-0.214,0.0003495393536860114,0.0017014723812362762,0.0003,0.0003,matched_144v144,0.019791300315370235,obese_enriched
PWY-7237,myo   chiro  and scillo inositol degradation,其他/未分类,0.0421,1.102,-0.254,0.0003507319043230168,0.00018977085145177778,0.0002,0.0002,matched_144v144,0.019791300315370235,obese_enriched
PWY-7312,dTDP D  beta  fucofuranose biosynthesis,其他/未分类,0.0255,1.06,-0.147,0.0004187033833984924,0.020962285402625663,0.0,0.0,matched_144v144,0.020673479555300564,obese_enriched
COBALSYN-PWY,adenosylcobalamin salvage from cobinamide I,B族维生素/辅因子,0.0308,1.073,-0.248,0.000513778879063931,0.00027384412927049695,0.0002,0.0002,matched_144v144,0.022549184136694753,obese_enriched
PWY-5392,reductive TCA cycle II,其他/未分类,-0.0018,0.996,0.172,0.0006075368359060783,0.001882495518582861,0.0,0.0,matched_144v144,0.023997705018290093,lean_enriched
PWY-6588,pyruvate fermentation to acetone,短链脂肪酸-乙酸/发酵,-0.0097,0.978,0.217,0.0009949452032764396,0.0014283024960100197,0.0,0.0,matched_144v144,0.03572757775401761,lean_enriched
TRPSYN-PWY,L tryptophan biosynthesis,芳香族氨基酸/吲哚,0.0299,1.071,-0.215,0.0011317897344554349,0.001597718359479187,0.0003,0.0003,matched_144v144,0.035800534285746824,obese_enriched
PWY-7357,thiamin formation from pyrithiamine and oxythiamine  yeast,B族维生素/辅因子,0.0276,1.066,-0.232,0.0012546737658941849,0.0006505315150883514,0.0003,0.0003,matched_144v144,0.035800534285746824,obese_enriched
P163-PWY,L lysine fermentation to acetate and butanoate,短链脂肪酸-丁酸,-0.0025,0.994,0.112,0.0013019817934627816,0.04826714210711845,0.0,0.0,matched_144v144,0.035800534285746824,lean_enriched
PWY-6892,thiazole biosynthesis I  E  coli,其他/未分类,0.0333,1.08,-0.241,0.0014689709409724818,0.00040690673591170246,0.0002,0.0002,matched_144v144,0.035800534285746824,obese_enriched
PWY-6737,starch degradation V,其他/未分类,0.0235,1.056,-0.202,0.0016777247131348895,0.003037937457161863,0.0006,0.0007,matched_144v144,0.035800534285746824,obese_enriched
THRESYN-PWY,superpathway of L threonine biosynthesis,其他氨基酸,0.0196,1.046,-0.252,0.0016871177550011492,0.00022442517734635895,0.0003,0.0003,matched_144v144,0.035800534285746824,obese_enriched
METHANOGENESIS-PWY,methanogenesis from H2 and CO2,其他/未分类,-0.005,0.989,0.196,0.0017790555696701193,0.0007775035884663412,0.0,0.0,matched_144v144,0.035800534285746824,lean_enriched
PWY-6470,peptidoglycan biosynthesis V   beta  lactam resistance,肽聚糖/细胞壁,0.0316,1.076,-0.223,0.0019169134407777402,0.0010506350533792542,0.0001,0.0001,matched_144v144,0.035800534285746824,obese_enriched
PWY-5840,superpathway of menaquinol 7 biosynthesis,其他/未分类,-0.0179,0.96,0.228,0.0020150438349540527,0.0008028321264405752,0.0,0.0,matched_144v144,0.035800534285746824,lean_enriched
PWY-5347,superpathway of L methionine biosynthesis  transsulfuration,其他氨基酸,0.0268,1.064,-0.228,0.002052162113316128,0.0008200327460877464,0.0001,0.0001,matched_144v144,0.035800534285746824,obese_enriched
PWY-5198,factor 420 biosynthesis,其他/未分类,-0.0039,0.991,0.193,0.002066278232768718,0.0010045856605172534,0.0,0.0,matched_144v144,0.035800534285746824,lean_enriched
RHAMCAT-PWY,L rhamnose degradation I,其他/未分类,0.0255,1.06,-0.213,0.0020845880723346253,0.0017940668041520563,0.0001,0.0001,matched_144v144,0.035800534285746824,obese_enriched
PWY66-422,D galactose degradation V  Leloir pathway,其他/未分类,0.0268,1.064,-0.197,0.0022009222757566308,0.003814360903554106,0.0003,0.0003,matched_144v144,0.036223512455161214,obese_enriched
PWY-7286,7  3 amino 3 carboxypropyl  wyosine biosynthesis,其他/未分类,-0.005,0.989,0.175,0.0025138302733239844,0.0026292253255569124,0.0,0.0,matched_144v144,0.0382504060575775,lean_enriched
PWY-5101,L isoleucine biosynthesis II,支链氨基酸(BCAA),-0.0091,0.979,0.199,0.0025419530950027895,0.0019841206650683878,0.0,0.0,matched_144v144,0.0382504060575775,lean_enriched
PWY-6349,CDP archaeol biosynthesis,其他/未分类,-0.0038,0.991,0.198,0.002614584717859728,0.00046656924911886986,0.0,0.0,matched_144v144,0.0382504060575775,lean_enriched
PWY-6527,stachyose degradation,其他/未分类,0.0303,1.072,-0.185,0.002724935915362808,0.006546673099862166,0.0003,0.0003,matched_144v144,0.03844106023458247,obese_enriched
PWY-6936,seleno amino acid biosynthesis,其他/未分类,0.0262,1.062,-0.213,0.002833864229068652,0.001768364896511746,0.0002,0.0003,matched_144v144,0.03859918518903853,obese_enriched
PWY-3001,superpathway of L isoleucine biosynthesis I,支链氨基酸(BCAA),0.0172,1.04,-0.242,0.0029761369846874495,0.00038564980352623145,0.0003,0.0003,matched_144v144,0.039185803631718086,obese_enriched
METSYN-PWY,L homoserine and L methionine biosynthesis,其他氨基酸,0.0261,1.062,-0.216,0.003345264380952116,0.001499816949244825,0.0001,0.0001,matched_144v144,0.04230195539720262,obese_enriched
PWY3O-355,stearate biosynthesis III  fungi,其他/未分类,-0.0075,0.983,0.187,0.0034269938549632505,0.0026177966766687292,0.0,0.0,matched_144v144,0.04230195539720262,lean_enriched
MET-SAM-PWY,superpathway of S adenosyl L methionine biosynthesis,其他氨基酸,0.0258,1.061,-0.211,0.0036015746909786144,0.001983815322601462,0.0001,0.0001,matched_144v144,0.043109757664744015,obese_enriched
PWY-6167,flavin biosynthesis II  archaea,其他/未分类,-0.0092,0.979,0.189,0.0038026578195422805,0.0009597825637965095,0.0,0.0,matched_144v144,0.04417793643291767,lean_enriched
METH-ACETATE-PWY,methanogenesis from acetate,短链脂肪酸-乙酸/发酵,0.0242,1.057,-0.185,0.004578479642956539,0.006731010918142548,0.0001,0.0001,matched_144v144,0.0502398147056472,obese_enriched
PYRIDNUCSYN-PWY,NAD biosynthesis I  from aspartate,B族维生素/辅因子,0.0173,1.041,-0.22,0.004652239236651759,0.0012506193683173808,0.0003,0.0003,matched_144v144,0.0502398147056472,obese_enriched
GLYCOGENSYNTH-PWY,glycogen biosynthesis I  from ADP D Glucose,其他/未分类,0.0288,1.068,-0.188,0.004706007959769484,0.005778328085772459,0.0003,0.0003,matched_144v144,0.0502398147056472,obese_enriched
HOMOSER-METSYN-PWY,L methionine biosynthesis I,其他氨基酸,0.0207,1.049,-0.217,0.004902580672475994,0.0014565224269182076,0.0001,0.0001,matched_144v144,0.05096103593757941,obese_enriched
PWY0-1319,CDP diacylglycerol biosynthesis II,其他/未分类,0.0179,1.042,-0.179,0.00534486448321941,0.008647857294017047,0.0004,0.0004,matched_144v144,0.05281926827496044,obese_enriched
PWY-5667,CDP diacylglycerol biosynthesis I,其他/未分类,0.0179,1.042,-0.179,0.005348786660755487,0.008576227820682174,0.0004,0.0004,matched_144v144,0.05281926827496044,obese_enriched
PWY-5659,GDP mannose biosynthesis,其他/未分类,0.0248,1.059,-0.177,0.006156722806047662,0.009550068664282457,0.0001,0.0001,matched_144v144,0.057910265134737,obese_enriched
PWY-6305,putrescine biosynthesis IV,多胺,0.0245,1.058,-0.207,0.00623974347242719,0.002442451105417228,0.0001,0.0001,matched_144v144,0.057910265134737,obese_enriched
HISTSYN-PWY,L histidine biosynthesis,其他氨基酸,0.0187,1.044,-0.178,0.006304155445047319,0.008921245363266142,0.0003,0.0004,matched_144v144,0.057910265134737,obese_enriched
COMPLETE-ARO-PWY,superpathway of aromatic amino acid biosynthesis,其他/未分类,0.0171,1.04,-0.162,0.006530018449384259,0.01774210448229009,0.0004,0.0005,matched_144v144,0.058621756534245055,obese_enriched
P164-PWY,purine nucleobases degradation I  anaerobic,核苷酸,0.0161,1.038,-0.194,0.007023396618075118,0.004460818736563319,0.0001,0.0001,matched_144v144,0.06164981475865937,obese_enriched
PWY66-388,fatty acid  alpha  oxidation III,脂肪酸/脂质,-0.0008,0.998,0.135,0.007229490112072206,0.004532556139750504,0.0,0.0,matched_144v144,0.06207931726670699,lean_enriched
DTDPRHAMSYN-PWY,dTDP L rhamnose biosynthesis I,其他/未分类,0.0204,1.048,-0.186,0.008800027599812462,0.006339612682330005,0.0005,0.0006,matched_144v144,0.0726374273104676,obese_enriched
PWY490-3,nitrate reduction VI  assimilatory,其他/未分类,0.0022,1.005,-0.166,0.008968638703570607,0.014589799210459093,0.0,0.0,matched_144v144,0.0726374273104676,obese_enriched
ANAGLYCOLYSIS-PWY,glycolysis III  from glucose,糖类降解/利用,0.0173,1.041,-0.169,0.009010718830918765,0.01298563347501074,0.0004,0.0004,matched_144v144,0.0726374273104676,obese_enriched
THISYN-PWY,superpathway of thiamin diphosphate biosynthesis I,B族维生素/辅因子,0.017,1.04,-0.19,0.010002448448275504,0.005205012203163842,0.0002,0.0002,matched_144v144,0.07901934274137648,obese_enriched
PWY-5154,L arginine biosynthesis III  via N acetyl L citrulline,其他氨基酸,0.0287,1.068,-0.198,0.010226501634380861,0.00376312374174378,0.0002,0.0002,matched_144v144,0.07920525775647923,obese_enriched
P562-PWY,myo inositol degradation I,其他/未分类,-0.0018,0.996,0.099,0.010720010816623235,0.03607518011231223,0.0,0.0,matched_144v144,0.0808624040562625,lean_enriched
HSERMETANA-PWY,L methionine biosynthesis III,其他氨基酸,0.0162,1.038,-0.181,0.01095213048916804,0.008089498554877903,0.0003,0.0003,matched_144v144,0.0808624040562625,obese_enriched
GLCMANNANAUT-PWY,superpathway of N acetylglucosamine  N acetylmannosamine and N acetylneuraminate degradation,其他/未分类,0.0204,1.048,-0.209,0.011158775524726947,0.0021711880005961877,0.0001,0.0001,matched_144v144,0.0808624040562625,obese_enriched
PWY-6595,superpathway of guanosine nucleotides degradation  plants,核苷酸,-0.0096,0.978,0.185,0.011259322083783385,0.006532615111024926,0.0,0.0,matched_144v144,0.0808624040562625,lean_enriched
PWY-6897,thiamin salvage II,B族维生素/辅因子,0.0179,1.042,-0.201,0.011604046937016084,0.0032690990289901676,0.0002,0.0003,matched_144v144,0.08184997393073845,obese_enriched
PWY-6151,S adenosyl L methionine cycle I,其他氨基酸,0.0185,1.043,-0.157,0.013026610673738701,0.02143671659760683,0.0004,0.0004,matched_144v144,0.0889145925682546,obese_enriched
PWY-5505,L glutamate and L glutamine biosynthesis,其他氨基酸,0.018,1.042,-0.191,0.013055813592300677,0.0051596436471538325,0.0001,0.0001,matched_144v144,0.0889145925682546,obese_enriched
LACTOSECAT-PWY,lactose and galactose degradation I,其他/未分类,0.0168,1.039,-0.164,0.014016188853007382,0.016176069117628155,0.0,0.0,matched_144v144,0.09383719655826978,obese_enriched
NONOXIPENT-PWY,pentose phosphate pathway  non oxidative branch,糖类降解/利用,0.0196,1.046,-0.181,0.014734991597409004,0.007888580866499646,0.0003,0.0003,matched_144v144,0.09574570937977125,obese_enriched
RUMP-PWY,formaldehyde oxidation I,其他/未分类,-0.0084,0.981,0.216,0.01478604625864822,0.0015662079355015625,0.0,0.0,matched_144v144,0.09574570937977125,lean_enriched
ARO-PWY,chorismate biosynthesis I,芳香族氨基酸/吲哚,0.0151,1.035,-0.139,0.015100005442716495,0.04207737528989462,0.0005,0.0005,matched_144v144,0.09620164757859703,obese_enriched
PWY-6165,chorismate biosynthesis II  archaea,芳香族氨基酸/吲哚,-0.0034,0.992,0.125,0.015529328036689579,0.01067717844837337,0.0,0.0,matched_144v144,0.09736642181733943,lean_enriched
ASPASN-PWY,superpathway of L aspartate and L asparagine biosynthesis,其他氨基酸,0.0213,1.05,-0.196,0.01578693010383799,0.003954123994361888,0.0002,0.0002,matched_144v144,0.0974349592346251,obese_enriched
PWY-7539,6 hydroxymethyl dihydropterin diphosphate biosynthesis III  Chlamydia,其他/未分类,0.0266,1.063,-0.183,0.017222321502361294,0.007128869723032302,0.0001,0.0002,matched_144v144,0.10465872297588787,obese_enriched
GLUTORN-PWY,L ornithine biosynthesis,其他氨基酸,0.0193,1.045,-0.163,0.017524553175633385,0.017008560998133828,0.0004,0.0004,matched_144v144,0.10488179552083617,obese_enriched
PANTO-PWY,phosphopantothenate biosynthesis I,B族维生素/辅因子,0.0163,1.038,-0.143,0.019212417495724655,0.035793761931377024,0.0003,0.0003,matched_144v144,0.1132672374747946,obese_enriched
PWY-6147,6 hydroxymethyl dihydropterin diphosphate biosynthesis I,其他/未分类,0.0253,1.06,-0.175,0.022771676869378924,0.010259891365932056,0.0001,0.0002,matched_144v144,0.12958077363333378,obese_enriched
PWY-7282,4 amino 2 methyl 5 phosphomethylpyrimidine biosynthesis  yeast,核苷酸,0.0278,1.066,-0.187,0.02282921423013084,0.006112097647846771,0.0001,0.0001,matched_144v144,0.12958077363333378,obese_enriched
PWY-6163,chorismate biosynthesis from 3 dehydroquinate,芳香族氨基酸/吲哚,0.0146,1.034,-0.128,0.023235519046316162,0.059541810622203976,0.0005,0.0005,matched_144v144,0.12958077363333378,obese_enriched
P162-PWY,L glutamate degradation V  via hydroxyglutarate,其他氨基酸,0.0073,1.017,0.001,0.023443821406218788,0.9864495976027566,0.0,0.0,matched_144v144,0.12958077363333378,obese_enriched
PANTOSYN-PWY,pantothenate and coenzyme A biosynthesis I,B族维生素/辅因子,0.0141,1.033,-0.141,0.023619786586329197,0.03849487923153596,0.0003,0.0004,matched_144v144,0.12958077363333378,obese_enriched
PWY-724,superpathway of L lysine  L threonine and L methionine biosynthesis II,其他氨基酸,0.0125,1.029,-0.172,0.024950865695426143,0.0117508423720868,0.0004,0.0004,matched_144v144,0.13288554284467133,obese_enriched
PWY-5899,superpathway of menaquinol 13 biosynthesis,其他/未分类,-0.0162,0.963,0.185,0.025897582350176744,0.006437569427114067,0.0,0.0,matched_144v144,0.13288554284467133,lean_enriched
PWY-5898,superpathway of menaquinol 12 biosynthesis,其他/未分类,-0.0162,0.963,0.185,0.025897582350176744,0.006437569427114067,0.0,0.0,matched_144v144,0.13288554284467133,lean_enriched
PWY-5897,superpathway of menaquinol 11 biosynthesis,其他/未分类,-0.0162,0.963,0.185,0.025897582350176744,0.006437569427114067,0.0,0.0,matched_144v144,0.13288554284467133,lean_enriched
PWY-2941,L lysine biosynthesis II,其他氨基酸,0.0214,1.051,-0.162,0.02606819396528488,0.017272165952676624,0.0001,0.0001,matched_144v144,0.13288554284467133,obese_enriched
PWY-5838,superpathway of menaquinol 8 biosynthesis I,其他/未分类,-0.0171,0.961,0.184,0.026240689473124974,0.00671941017134598,0.0,0.0,matched_144v144,0.13288554284467133,lean_enriched
ARGORNPROST-PWY,arginine  ornithine and proline interconversion,其他氨基酸,-0.0086,0.98,0.152,0.027769692102768567,0.02606751679954258,0.0,0.0,matched_144v144,0.13884846051384284,lean_enriched
PWY-6471,peptidoglycan biosynthesis IV  Enterococcus faecium,肽聚糖/细胞壁,0.0258,1.061,-0.176,0.02832290171543769,0.009950128643142066,0.0001,0.0002,matched_144v144,0.13984432721997359,obese_enriched
PWY4LZ-257,superpathway of fermentation  Chlamydomonas reinhardtii,短链脂肪酸-乙酸/发酵,-0.0118,0.973,0.253,0.028941629185784006,0.00020072091168473879,0.0,0.0,matched_144v144,0.14113510528869977,lean_enriched
PWY0-1061,superpathway of L alanine biosynthesis,其他/未分类,0.0249,1.059,-0.143,0.030054271599985867,0.035918620241980094,0.0001,0.0001,matched_144v144,0.14477362539017583,obese_enriched
ARGININE-SYN4-PWY,L ornithine de novo  biosynthesis,其他氨基酸,0.026,1.062,-0.135,0.03126708220668748,0.047977667792565445,0.0001,0.0001,matched_144v144,0.14548367381366603,obese_enriched
GALACT-GLUCUROCAT-PWY,superpathway of hexuronide and hexuronate degradation,其他/未分类,0.0162,1.038,-0.153,0.03141158896040684,0.024676460929629183,0.0001,0.0001,matched_144v144,0.14548367381366603,obese_enriched
PWY-5088,L glutamate degradation VIII  to propanoate,短链脂肪酸-丙酸,-0.0018,0.996,0.143,0.03198805569239822,0.006194657329750041,0.0,0.0,matched_144v144,0.14548367381366603,lean_enriched
POLYISOPRENSYN-PWY,polyisoprenoid biosynthesis  E  coli,其他/未分类,0.02,1.047,-0.139,0.03217504286326929,0.04165011262088819,0.0001,0.0001,matched_144v144,0.14548367381366603,obese_enriched
ILEUSYN-PWY,L isoleucine biosynthesis I  from threonine,支链氨基酸(BCAA),0.0151,1.035,-0.142,0.03241155264709522,0.03757586924779672,0.0005,0.0005,matched_144v144,0.14548367381366603,obese_enriched
VALSYN-PWY,L valine biosynthesis,支链氨基酸(BCAA),0.0151,1.035,-0.142,0.03241155264709522,0.03757586924779672,0.0005,0.0005,matched_144v144,0.14548367381366603,obese_enriched
P122-PWY,heterolactic fermentation,短链脂肪酸-乙酸/发酵,-0.0054,0.988,0.127,0.0328258085035359,0.05425871834270384,0.0,0.0,matched_144v144,0.14568757706625482,lean_enriched
PWY-6895,superpathway of thiamin diphosphate biosynthesis II,B族维生素/辅因子,0.0226,1.053,-0.156,0.0333920458088496,0.022417282823965268,0.0001,0.0001,matched_144v144,0.1465539788277288,obese_enriched
PYRIDOXSYN-PWY,pyridoxal 5  phosphate biosynthesis I,其他/未分类,0.0289,1.069,-0.132,0.03377384796762116,0.052976313578205744,0.0001,0.0001,matched_144v144,0.14660076865066327,obese_enriched
CITRULBIO-PWY,L citrulline biosynthesis,其他/未分类,0.0281,1.067,-0.138,0.03547857020286208,0.0435284645547913,0.0001,0.0001,matched_144v144,0.1500961320952626,obese_enriched
PWY-5100,pyruvate fermentation to acetate and lactate II,短链脂肪酸-乙酸/发酵,0.0179,1.042,-0.169,0.035523969662593434,0.012985644852316052,0.0002,0.0002,matched_144v144,0.1500961320952626,obese_enriched
PWY-7111,pyruvate fermentation to isobutanol  engineered,短链脂肪酸-乙酸/发酵,0.0148,1.035,-0.141,0.03571907953659414,0.03862771318312974,0.0005,0.0005,matched_144v144,0.1500961320952626,obese_enriched
PWY-5918,superpathay of heme biosynthesis from glutamate,其他氨基酸,-0.0099,0.978,0.216,0.03629460701894897,0.0015319667662394493,0.0,0.0,matched_144v144,0.15011365486922418,lean_enriched
PWY0-845,superpathway of pyridoxal 5  phosphate biosynthesis and salvage,其他/未分类,0.0291,1.069,-0.137,0.03648331865176081,0.04382369902648432,0.0001,0.0001,matched_144v144,0.15011365486922418,obese_enriched
HEME-BIOSYNTHESIS-II,heme biosynthesis I  aerobic,其他/未分类,-0.0075,0.983,0.194,0.038936104777041104,0.004342801782435748,0.0,0.0,matched_144v144,0.15522702864582155,lean_enriched
PWY-5861,superpathway of demethylmenaquinol 8 biosynthesis,其他/未分类,-0.0126,0.971,0.184,0.03921971438724974,0.006893784476279039,0.0,0.0,matched_144v144,0.15522702864582155,lean_enriched
PWY0-166,superpathway of pyrimidine deoxyribonucleotides de novo biosynthesis  E  coli,核苷酸,-0.0145,0.967,0.148,0.03934780516913901,0.029473730686717024,0.0002,0.0002,matched_144v144,0.15522702864582155,lean_enriched
GLUCUROCAT-PWY,superpathway of  beta  D glucuronide and D glucuronate degradation,其他/未分类,0.0149,1.035,-0.143,0.03957042314309446,0.035545155525772594,0.0001,0.0001,matched_144v144,0.15522702864582155,obese_enriched
REDCITCYC,TCA cycle VIII  helicobacter,其他/未分类,-0.0044,0.99,0.213,0.03969096175500753,0.00133516941532883,0.0,0.0,matched_144v144,0.15522702864582155,lean_enriched
PHOSLIPSYN-PWY,superpathway of phospholipid biosynthesis I  bacteria,脂肪酸/脂质,0.0238,1.056,-0.156,0.0406695678548434,0.022334105171909157,0.0002,0.0002,matched_144v144,0.15736212789499374,obese_enriched
PWY-5695,urate biosynthesis inosine 5  phosphate degradation,其他/未分类,0.012,1.028,-0.156,0.041033668792871784,0.022334105171909157,0.0004,0.0004,matched_144v144,0.15736212789499374,obese_enriched
PWY-6608,guanosine nucleotides degradation III,核苷酸,0.0178,1.042,-0.178,0.04167544528416706,0.009164414701208308,0.0001,0.0001,matched_144v144,0.15818989586151871,obese_enriched
PWY-1042,glycolysis IV  plant cytosol,糖类降解/利用,0.0118,1.028,-0.172,0.04205047864673282,0.011470453748015905,0.0006,0.0006,matched_144v144,0.15818989586151871,obese_enriched
P161-PWY,acetylene degradation,其他/未分类,-0.0105,0.976,0.255,0.042713159839135595,0.00017938409458890237,0.0,0.0,matched_144v144,0.15916696355149584,lean_enriched
PWY4FS-8,phosphatidylglycerol biosynthesis II  non plastidic,其他/未分类,0.025,1.059,-0.14,0.044517850578409734,0.03943292312841496,0.0001,0.0001,matched_144v144,0.16282513436368923,obese_enriched
PWY4FS-7,phosphatidylglycerol biosynthesis I  plastidic,其他/未分类,0.025,1.059,-0.14,0.044519277243742876,0.03943292312841496,0.0001,0.0001,matched_144v144,0.16282513436368923,obese_enriched
GALACTUROCAT-PWY,D galacturonate degradation I,其他/未分类,0.013,1.031,-0.138,0.048460192449235245,0.04272519395547171,0.0001,0.0001,matched_144v144,0.17561262401328367,obese_enriched
PWY-6859,all trans farnesol biosynthesis,其他/未分类,0.0176,1.041,-0.136,0.05064401493629923,0.04578367615695571,0.0,0.0,matched_144v144,0.18066246387993745,obese_enriched
PWY-7187,pyrimidine deoxyribonucleotides de novo biosynthesis II,核苷酸,-0.0132,0.97,0.141,0.05076843921689382,0.038760936450414424,0.0002,0.0002,matched_144v144,0.18066246387993745,lean_enriched
PWY-5863,superpathway of phylloquinol biosynthesis,其他/未分类,-0.0072,0.984,0.187,0.05123166051981102,0.006113428078594164,0.0,0.0,matched_144v144,0.18068308844040493,lean_enriched
PWY-7616,methanol oxidation to carbon dioxide,其他/未分类,-0.0008,0.998,0.151,0.05367862415244473,0.004322878658935692,0.0,0.0,matched_144v144,0.1876376684974838,lean_enriched
PWY-7242,D fructuronate degradation,其他/未分类,0.0131,1.031,-0.128,0.05569670460735485,0.060311295580339944,0.0001,0.0001,matched_144v144,0.19250093935716436,obese_enriched
PROTOCATECHUATE-ORTHO-CLEAVAGE-PWY,protocatechuate degradation II  ortho cleavage pathway,其他/未分类,-0.0008,0.998,0.124,0.05639489746055271,0.033741139837647774,0.0,0.0,matched_144v144,0.19250093935716436,lean_enriched
P125-PWY,superpathway of  R R  butanediol biosynthesis,其他/未分类,0.0014,1.003,-0.03,0.05670100722336191,0.6237797303512116,0.0,0.0,matched_144v144,0.19250093935716436,obese_enriched
PWY-5973,cis vaccenate biosynthesis,其他/未分类,0.0157,1.037,-0.149,0.057019265581742355,0.02863958796201714,0.0002,0.0003,matched_144v144,0.19250093935716436,obese_enriched
PWY-6606,guanosine nucleotides degradation II,核苷酸,0.0115,1.027,-0.166,0.058101302233809896,0.01484862300002316,0.0001,0.0001,matched_144v144,0.19449164730809243,obese_enriched
PWY-5837,1 4 dihydroxy 2 naphthoate biosynthesis I,其他/未分类,-0.0071,0.984,0.188,0.060340218769417066,0.005728957622806549,0.0,0.0,matched_144v144,0.1986198867826645,lean_enriched
PWY-5791,1 4 dihydroxy 2 naphthoate biosynthesis II  plants,其他/未分类,-0.0071,0.984,0.188,0.060340218769417066,0.005728957622806549,0.0,0.0,matched_144v144,0.1986198867826645,lean_enriched
TRNA-CHARGING-PWY,tRNA charging,其他/未分类,-0.0117,0.973,0.157,0.06255734695681639,0.02119749039066321,0.0006,0.0005,matched_144v144,0.20421613262762375,lean_enriched
PWY-7456,mannan degradation,其他/未分类,0.0153,1.036,-0.116,0.06501510004064161,0.0890911239018467,0.0001,0.0001,matched_144v144,0.21049970914797897,obese_enriched
PWY-6507,4 deoxy L threo hex 4 enopyranuronate degradation,其他/未分类,0.0122,1.029,-0.123,0.06614062522668977,0.07220050283369857,0.0001,0.0001,matched_144v144,0.21233173361842275,obese_enriched
PWY0-162,superpathway of pyrimidine ribonucleotides de novo biosynthesis,核苷酸,-0.0162,0.963,0.132,0.06686124939960854,0.05332448616746153,0.0002,0.0002,matched_144v144,0.21233173361842275,lean_enriched
PWY-7323,superpathway of GDP mannose derived O antigen building blocks biosynthesis,肽聚糖/细胞壁,0.0166,1.039,-0.123,0.06719358658810846,0.07153014879196051,0.0001,0.0001,matched_144v144,0.21233173361842275,obese_enriched
GOLPDLCAT-PWY,superpathway of glycerol degradation to 1 3 propanediol,其他/未分类,0.0077,1.018,-0.161,0.07125827258776278,0.018362750558252337,0.0,0.0,matched_144v144,0.223389029144177,obese_enriched
PWY-5097,L lysine biosynthesis VI,其他氨基酸,0.0098,1.023,-0.124,0.07354313803619156,0.06998581033159933,0.0004,0.0005,matched_144v144,0.22873653168736743,obese_enriched
PWY-621,sucrose degradation III  sucrose invertase,糖类降解/利用,0.018,1.042,-0.13,0.0743745637970337,0.056361813070330315,0.0001,0.0001,matched_144v144,0.22951525546740867,obese_enriched
PWY-6891,thiazole biosynthesis II  Bacillus,其他/未分类,0.0169,1.04,-0.129,0.07556743747404655,0.05897005722849881,0.0,0.0,matched_144v144,0.23138866513370845,obese_enriched
PWY-7219,adenosine ribonucleotides de novo biosynthesis,核苷酸,-0.0105,0.976,0.148,0.07681740468005877,0.029579453670893416,0.0006,0.0005,matched_144v144,0.23340672960479392,lean_enriched
BRANCHED-CHAIN-AA-SYN-PWY,superpathway of branched amino acid biosynthesis,其他/未分类,0.0116,1.027,-0.145,0.08082004121162863,0.033022529594886094,0.0004,0.0004,matched_144v144,0.24369401739384203,obese_enriched
CALVIN-PWY,Calvin Benson Bassham cycle,其他/未分类,0.0098,1.023,-0.121,0.0832721854349125,0.07551340062449069,0.0004,0.0004,matched_144v144,0.24918570641507906,obese_enriched
PWY-7663,gondoate biosynthesis  anaerobic,其他/未分类,0.0142,1.033,-0.14,0.08566249024216502,0.040528640241618216,0.0002,0.0002,matched_144v144,0.2542898003471239,obese_enriched
PWY-6609,adenine and adenosine salvage III,核苷酸,-0.0108,0.975,0.146,0.0862654006240876,0.03210267241493674,0.0005,0.0005,matched_144v144,0.2542898003471239,lean_enriched
SER-GLYSYN-PWY,superpathway of L serine and glycine biosynthesis I,其他氨基酸,0.0119,1.028,-0.133,0.0883028455426573,0.05025875154591654,0.0002,0.0002,matched_144v144,0.25728462778122224,obese_enriched
P105-PWY,TCA cycle IV  2 oxoglutarate decarboxylase,其他/未分类,-0.012,0.973,0.142,0.0885840743753069,0.021190176667558198,0.0,0.0,matched_144v144,0.25728462778122224,lean_enriched
UNMAPPED,UNMAPPED,其他/未分类,-0.0132,0.97,0.127,0.09415082962127794,0.06296936863758208,0.381,0.3698,matched_144v144,0.27145677153580133,lean_enriched
PWY-6121,5 aminoimidazole ribonucleotide biosynthesis I,核苷酸,0.0098,1.023,-0.084,0.09487272007395708,0.21590805238616362,0.0005,0.0005,matched_144v144,0.2715559741247322,obese_enriched
GLYCOLYSIS-TCA-GLYOX-BYPASS,superpathway of glycolysis  pyruvate dehydrogenase  TCA  and glyoxylate bypass,糖类降解/利用,-0.014,0.968,0.166,0.10188638159864695,0.00887298299087964,0.0,0.0,matched_144v144,0.28953324267241404,lean_enriched
PWY-4722,creatinine degradation II,其他/未分类,0.0005,1.001,-0.054,0.1039188529858545,0.23970687352323106,0.0,0.0,matched_144v144,0.2931996209243752,obese_enriched
PWY-5850,superpathway of menaquinol 6 biosynthesis I,其他/未分类,-0.0073,0.983,0.159,0.10771627172862715,0.009319532021701767,0.0,0.0,matched_144v144,0.301758349878069,lean_enriched
PWY-5304,superpathway of sulfur oxidation  Acidianus ambivalens,硫/含硫代谢,0.012,1.028,-0.107,0.1085830106216506,0.11542503407469998,0.0,0.0,matched_144v144,0.30204429010952105,obese_enriched
PWY-7220,adenosine deoxyribonucleotides de novo biosynthesis II,核苷酸,0.0129,1.03,-0.11,0.11323538752943312,0.10747496544535107,0.0003,0.0003,matched_144v144,0.31061095884809775,obese_enriched
PWY-7222,guanosine deoxyribonucleotides de novo biosynthesis II,核苷酸,0.0129,1.03,-0.11,0.11323538752943312,0.10747496544535107,0.0003,0.0003,matched_144v144,0.31061095884809775,obese_enriched
PWY-5994,palmitate biosynthesis I  animals and fungi,脂肪酸/脂质,-0.0131,0.97,0.11,0.11620410410739662,0.10301799613348772,0.0,0.0,matched_144v144,0.3165560077408391,lean_enriched
PWY-5896,superpathway of menaquinol 10 biosynthesis,其他/未分类,-0.0071,0.984,0.152,0.11794838828187525,0.012566987864964048,0.0,0.0,matched_144v144,0.31787197383916493,lean_enriched
PWY-7328,superpathway of UDP glucose derived O antigen building blocks biosynthesis,肽聚糖/细胞壁,-0.0119,0.973,0.167,0.11829665861862594,0.014137545446783533,0.0,0.0,matched_144v144,0.31787197383916493,lean_enriched
PWY-5103,L isoleucine biosynthesis III,支链氨基酸(BCAA),0.0107,1.025,-0.135,0.12350503804126933,0.04702703683241881,0.0004,0.0004,matched_144v144,0.32962493261014447,obese_enriched
PWY-6353,purine nucleotides degradation II  aerobic,核苷酸,0.0114,1.027,-0.129,0.12816643835898056,0.05840283747689536,0.0001,0.0001,matched_144v144,0.33977008826709615,obese_enriched
ORNDEG-PWY,superpathway of ornithine degradation,其他氨基酸,-0.0072,0.984,0.134,0.1291867511525229,0.013277675981829181,0.0,0.0,matched_144v144,0.34019177803497697,lean_enriched
PWY-5189,tetrapyrrole biosynthesis II  from glycine,其他/未分类,-0.0067,0.985,0.141,0.1353137152899704,0.03833472558272882,0.0,0.0,matched_144v144,0.3539663413214458,lean_enriched
PWY-5860,superpathway of demethylmenaquinol 6 biosynthesis I,其他/未分类,-0.0051,0.988,0.159,0.1363418235770931,0.009405739859460999,0.0,0.0,matched_144v144,0.3543093441641564,lean_enriched
PWY-7209,superpathway of pyrimidine ribonucleosides degradation,核苷酸,0.0064,1.015,-0.082,0.13994614480609494,0.22979613887720074,0.0,0.0,matched_144v144,0.36129887057782684,obese_enriched
PWY-561,superpathway of glyoxylate cycle and fatty acid degradation,脂肪酸/脂质,-0.0094,0.979,0.151,0.14103254824829203,0.013872196414645592,0.0,0.0,matched_144v144,0.36173932829919064,lean_enriched
P461-PWY,hexitol fermentation to lactate  formate  ethanol and acetate,短链脂肪酸-乙酸/发酵,-0.0097,0.978,0.138,0.14235689184375389,0.04323491193211685,0.0,0.0,matched_144v144,0.36278046631150185,lean_enriched
GLYCOCAT-PWY,glycogen degradation I  bacterial,其他/未分类,-0.0162,0.963,0.154,0.1434488522076686,0.023521249192380345,0.0,0.0,matched_144v144,0.36321985014121216,lean_enriched
PWY-6630,superpathway of L tyrosine biosynthesis,芳香族氨基酸/吲哚,-0.009,0.979,0.081,0.14563003099523628,0.21072656219782404,0.0,0.0,matched_144v144,0.3663940270262314,lean_enriched
COA-PWY,coenzyme A biosynthesis I,其他/未分类,0.0087,1.02,-0.068,0.1541439319657166,0.3174315496568213,0.0004,0.0004,matched_144v144,0.3842425081771374,obese_enriched
PWY0-881,superpathway of fatty acid biosynthesis I  E  coli,脂肪酸/脂质,-0.0037,0.991,0.132,0.15466976911434138,0.03325034022185504,0.0,0.0,matched_144v144,0.3842425081771374,lean_enriched
PWY-6629,superpathway of L tryptophan biosynthesis,芳香族氨基酸/吲哚,-0.0121,0.972,0.11,0.1578546953860942,0.07844651988512674,0.0,0.0,matched_144v144,0.3881137652967468,lean_enriched
PWY-4242,pantothenate and coenzyme A biosynthesis III,B族维生素/辅因子,0.0091,1.021,-0.067,0.15819320560196515,0.3278153251646494,0.0004,0.0005,matched_144v144,0.3881137652967468,obese_enriched
PWY66-398,TCA cycle III  animals,其他/未分类,0.0034,1.008,-0.047,0.16207216904479504,0.4910219968244409,0.0,0.0,matched_144v144,0.3934118685116431,obese_enriched
PWY-2942,L lysine biosynthesis III,其他氨基酸,0.0072,1.017,-0.1,0.16234464447442487,0.14129923313396786,0.0004,0.0004,matched_144v144,0.3934118685116431,obese_enriched
PWY-7197,pyrimidine deoxyribonucleotide phosphorylation,核苷酸,-0.0102,0.977,0.103,0.1667626226264728,0.12945564544828797,0.0001,0.0001,matched_144v144,0.40165387766741917,lean_enriched
PWY-6953,dTDP 3 acetamido 3 6 dideoxy  alpha  D galactose biosynthesis,其他/未分类,-0.003,0.993,0.128,0.16818052154885652,0.015300068428748707,0.0,0.0,matched_144v144,0.40261397582908076,lean_enriched
PWY-4984,urea cycle,其他/未分类,0.0184,1.043,-0.078,0.17070008260573657,0.2514156654245723,0.0001,0.0001,matched_144v144,0.4061839315016021,obese_enriched
PWY-6168,flavin biosynthesis III  fungi,其他/未分类,0.0094,1.022,-0.087,0.17188610162134618,0.2035706244904124,0.0003,0.0003,matched_144v144,0.40655694694869304,obese_enriched
UNINTEGRATED,UNINTEGRATED,其他/未分类,0.0074,1.017,-0.123,0.17978818775446678,0.07220050283369857,0.5741,0.5839,matched_144v144,0.42254655102451477,obese_enriched
PWY-6731,starch degradation III,其他/未分类,-0.01,0.977,0.149,0.18287320938810891,0.02936385677429414,0.0,0.0,matched_144v144,0.42254655102451477,lean_enriched
PWY-7279,aerobic respiration II  cytochrome c   yeast,其他/未分类,-0.0003,0.999,0.09,0.18406648104318998,0.030049097909482084,0.0,0.0,matched_144v144,0.42254655102451477,lean_enriched
PWY-7115,C4 photosynthetic carbon assimilation cycle  NAD ME type,B族维生素/辅因子,0.0099,1.023,-0.061,0.18467390404259762,0.3700127407603363,0.0,0.0,matched_144v144,0.42254655102451477,obese_enriched
TCA-GLYOX-BYPASS,superpathway of glyoxylate bypass and TCA,其他/未分类,-0.0084,0.981,0.166,0.1854880611539518,0.00875480486738876,0.0,0.0,matched_144v144,0.42254655102451477,lean_enriched
PWY-6803,phosphatidylcholine acyl editing,其他/未分类,-0.0065,0.985,0.244,0.18561409242961002,0.0002026333804221064,0.0,0.0,matched_144v144,0.42254655102451477,lean_enriched
PENTOSE-P-PWY,pentose phosphate pathway,糖类降解/利用,0.0145,1.034,-0.104,0.18613443007155842,0.12626750273721066,0.0001,0.0001,matched_144v144,0.42254655102451477,obese_enriched
PWY-3841,folate transformations II,B族维生素/辅因子,-0.008,0.982,0.132,0.19047591739760814,0.05280294086413482,0.0005,0.0004,matched_144v144,0.42811645742496585,lean_enriched
DAPLYSINESYN-PWY,L lysine biosynthesis I,其他氨基酸,0.0146,1.034,-0.058,0.19075568735897214,0.39861813531656687,0.0001,0.0001,matched_144v144,0.42811645742496585,obese_enriched
PWY-2723,trehalose degradation V,其他/未分类,-0.0101,0.977,0.157,0.19487404598608385,0.021593885937936465,0.0,0.0,matched_144v144,0.4348884077090571,lean_enriched
GLYOXYLATE-BYPASS,glyoxylate cycle,其他/未分类,-0.0075,0.983,0.177,0.1961793695342842,0.007824294874906271,0.0,0.0,matched_144v144,0.435341859359788,lean_enriched
KETOGLUCONMET-PWY,ketogluconate metabolism,其他/未分类,-0.0046,0.99,0.118,0.20480088257194282,0.06654748853417519,0.0,0.0,matched_144v144,0.4513023952214489,lean_enriched
GLUDEG-I-PWY,GABA shunt,其他/未分类,-0.0063,0.986,0.103,0.20594572516818366,0.13017253949230875,0.0,0.0,matched_144v144,0.4513023952214489,lean_enriched
PWY0-1415,superpathway of heme biosynthesis from uroporphyrinogen III,其他/未分类,-0.0044,0.99,0.135,0.20679932540527152,0.03932152185712903,0.0,0.0,matched_144v144,0.4513023952214489,lean_enriched
PWY-5121,superpathway of geranylgeranyl diphosphate biosynthesis II  via MEP,其他/未分类,0.0117,1.027,-0.066,0.2099726231557758,0.33062090229335483,0.0,0.0,matched_144v144,0.455709813991931,obese_enriched
PWY-5845,superpathway of menaquinol 9 biosynthesis,其他/未分类,-0.0072,0.984,0.126,0.21933995847435575,0.06215269110352675,0.0,0.0,matched_144v144,0.4661976670163539,lean_enriched
PWY-7392,taxadiene biosynthesis  engineered,其他/未分类,0.0098,1.023,-0.053,0.2197254688457586,0.43681150373983313,0.0,0.0,matched_144v144,0.4661976670163539,obese_enriched
ANAEROFRUCAT-PWY,homolactic fermentation,短链脂肪酸-乙酸/发酵,0.0085,1.02,-0.101,0.21998786056094158,0.14015479236578282,0.0003,0.0003,matched_144v144,0.4661976670163539,obese_enriched
PWY-6122,5 aminoimidazole ribonucleotide biosynthesis II,核苷酸,0.0069,1.016,-0.055,0.22070623729634983,0.42030930471760886,0.0005,0.0005,matched_144v144,0.4661976670163539,obese_enriched
PWY-6277,superpathway of 5 aminoimidazole ribonucleotide biosynthesis,核苷酸,0.0069,1.016,-0.055,0.22070623729634983,0.42030930471760886,0.0005,0.0005,matched_144v144,0.4661976670163539,obese_enriched
PWY-6545,pyrimidine deoxyribonucleotides de novo biosynthesis III,核苷酸,-0.0085,0.981,0.082,0.22290285545861904,0.23124695860159628,0.0001,0.0001,matched_144v144,0.46833312716039643,lean_enriched
ENTBACSYN-PWY,enterobactin biosynthesis,其他/未分类,-0.007,0.984,0.146,0.2246056927386354,0.007114258292827867,0.0,0.0,matched_144v144,0.46915524885113724,lean_enriched
TEICHOICACID-PWY,teichoic acid  poly glycerol  biosynthesis,肽聚糖/细胞壁,0.0091,1.021,-0.086,0.22827300044348517,0.2055904742594583,0.0001,0.0001,matched_144v144,0.46915524885113724,obese_enriched
NAD-BIOSYNTHESIS-II,NAD salvage pathway II,B族维生素/辅因子,0.01,1.023,-0.054,0.22858617047392482,0.4285146280567381,0.0,0.0,matched_144v144,0.46915524885113724,obese_enriched
P221-PWY,octane oxidation,其他/未分类,-0.0009,0.998,0.127,0.2294737657168352,0.0363064931638125,0.0,0.0,matched_144v144,0.46915524885113724,lean_enriched
PWY-6263,superpathway of menaquinol 8 biosynthesis II,其他/未分类,-0.0061,0.986,0.114,0.23018529734919593,0.09339739923890673,0.0,0.0,matched_144v144,0.46915524885113724,lean_enriched
PWY-7400,L arginine biosynthesis IV  archaebacteria,其他氨基酸,0.0081,1.019,-0.086,0.2316631341363535,0.2089035731422787,0.0004,0.0005,matched_144v144,0.46915524885113724,obese_enriched
GLUCOSE1PMETAB-PWY,glucose and glucose 1 phosphate degradation,其他/未分类,-0.009,0.979,0.153,0.23305457141562447,0.024721592032014864,0.0,0.0,matched_144v144,0.46915524885113724,lean_enriched
PWY-7254,TCA cycle VII  acetate producers,短链脂肪酸-乙酸/发酵,-0.0065,0.985,0.169,0.23494748955925104,0.00764815540318119,0.0,0.0,matched_144v144,0.46915524885113724,lean_enriched
PWY-7184,pyrimidine deoxyribonucleotides de novo biosynthesis I,核苷酸,-0.0097,0.978,0.092,0.23497279631924237,0.17930255126952277,0.0001,0.0001,matched_144v144,0.46915524885113724,lean_enriched
PWY-5920,superpathway of heme biosynthesis from glycine,其他/未分类,-0.0041,0.991,0.115,0.23603546567455372,0.05454682118760883,0.0,0.0,matched_144v144,0.46915524885113724,lean_enriched
PWY-6549,L glutamine biosynthesis III,其他氨基酸,0.0095,1.022,-0.065,0.23635922663639572,0.3405634882190506,0.0001,0.0001,matched_144v144,0.46915524885113724,obese_enriched
PWY-7199,pyrimidine deoxyribonucleosides salvage,核苷酸,-0.0075,0.983,0.114,0.2386095390336105,0.09594572225855866,0.0003,0.0003,matched_144v144,0.4712538395913808,lean_enriched
PWY-6126,superpathway of adenosine nucleotides de novo biosynthesis II,核苷酸,0.0071,1.016,-0.085,0.2407438771637355,0.213294359168263,0.0004,0.0004,matched_144v144,0.4728004677624169,obese_enriched
ARGSYN-PWY,L arginine biosynthesis I  via L ornithine,其他氨基酸,0.008,1.019,-0.083,0.24178656832407144,0.22388731598040934,0.0004,0.0005,matched_144v144,0.4728004677624169,obese_enriched
PWY-6270,isoprene biosynthesis I,其他/未分类,0.0177,1.042,-0.055,0.24450306742046685,0.42276127234314564,0.0,0.0001,matched_144v144,0.4757572001531251,obese_enriched
COLANSYN-PWY,colanic acid building blocks biosynthesis,其他/未分类,0.0084,1.019,-0.088,0.25091301413461453,0.1978442589817344,0.0001,0.0001,matched_144v144,0.4858364734469252,obese_enriched
P23-PWY,reductive TCA cycle I,其他/未分类,-0.0018,0.996,0.136,0.2583158174791087,0.032491908213299996,0.0,0.0,matched_144v144,0.49773047758169725,lean_enriched
RIBOSYN2-PWY,flavin biosynthesis I  bacteria and plants,其他/未分类,0.0082,1.019,-0.08,0.2597100114620129,0.23934154589418133,0.0003,0.0004,matched_144v144,0.4979876433373548,obese_enriched
PWY-5723,Rubisco shunt,其他/未分类,-0.0076,0.983,0.114,0.2631347071688475,0.06472386379833137,0.0,0.0,matched_144v144,0.5005286151437333,lean_enriched
PWY-6572,chondroitin sulfate degradation I  bacterial,硫/含硫代谢,0.0037,1.008,-0.038,0.263569498607333,0.58108189585191,0.0,0.0,matched_144v144,0.5005286151437333,obese_enriched
P42-PWY,incomplete reductive TCA cycle,其他/未分类,-0.0083,0.981,0.073,0.2655320935832144,0.2837563090489805,0.0,0.0,matched_144v144,0.5018429519874147,lean_enriched
PWY-6123,inosine 5  phosphate biosynthesis I,其他/未分类,0.0072,1.017,-0.079,0.26822410823444603,0.24389207814322278,0.0003,0.0003,matched_144v144,0.504457043783849,obese_enriched
PWY-5862,superpathway of demethylmenaquinol 9 biosynthesis,其他/未分类,-0.005,0.989,0.127,0.27105001797122874,0.061953531992038804,0.0,0.0,matched_144v144,0.504457043783849,lean_enriched
ECASYN-PWY,enterobacterial common antigen biosynthesis,其他/未分类,-0.0012,0.997,0.092,0.27248761631889673,0.08677957609862176,0.0,0.0,matched_144v144,0.504457043783849,lean_enriched
PWY-6285,superpathway of fatty acids biosynthesis  E  coli,脂肪酸/脂质,-0.0066,0.985,0.093,0.2727127125920645,0.1162595286753783,0.0,0.0,matched_144v144,0.504457043783849,lean_enriched
P621-PWY,nylon 6 oligomer degradation,其他/未分类,0.0014,1.003,-0.011,0.2742582791804501,0.8450628611726292,0.0,0.0,matched_144v144,0.504457043783849,obese_enriched
PWY-7208,superpathway of pyrimidine nucleobases salvage,核苷酸,-0.0092,0.979,0.076,0.27457788459120896,0.26786042125922127,0.0001,0.0001,matched_144v144,0.504457043783849,lean_enriched
PWY-4702,phytate degradation I,其他/未分类,-0.004,0.991,0.143,0.2836660464494301,0.015929383974042203,0.0,0.0,matched_144v144,0.5187411497570596,lean_enriched
PWY-5690,TCA cycle II  plants and fungi,其他/未分类,0.0069,1.016,-0.092,0.2857553436472286,0.1763422437316653,0.0001,0.0001,matched_144v144,0.5201537361320521,obese_enriched
GLYCOL-GLYOXDEG-PWY,superpathway of glycol metabolism and degradation,其他/未分类,-0.0021,0.995,0.157,0.2892580988894561,0.007483791238866369,0.0,0.0,matched_144v144,0.523341321529637,lean_enriched
PWY-5188,tetrapyrrole biosynthesis I  from glutamate,其他氨基酸,0.0086,1.02,-0.081,0.29015632763288735,0.23262857292051287,0.0001,0.0001,matched_144v144,0.523341321529637,obese_enriched
PWY-7046,4 coumarate degradation  anaerobic,其他/未分类,-0.0033,0.992,0.09,0.29673185305794303,0.18791444740573937,0.0,0.0,matched_144v144,0.5292432333078908,lean_enriched
PWY-5022,4 aminobutanoate degradation V,短链脂肪酸-丁酸,-0.0049,0.989,0.093,0.29697607155008465,0.1705310774688148,0.0,0.0,matched_144v144,0.5292432333078908,lean_enriched
P124-PWY,Bifidobacterium shunt,其他/未分类,0.008,1.019,-0.036,0.29744809568190317,0.6004672143994715,0.0,0.0,matched_144v144,0.5292432333078908,obese_enriched
ALLANTOINDEG-PWY,superpathway of allantoin degradation in yeast,其他/未分类,0.0018,1.004,0.012,0.3051922490030128,0.8622886448332694,0.0,0.0,matched_144v144,0.5405871675165473,obese_enriched
PWY-7371,1 4 dihydroxy 6 naphthoate biosynthesis II,其他/未分类,-0.0037,0.991,0.123,0.3079442752876062,0.07018096556491933,0.0,0.0,matched_144v144,0.5430267354401984,lean_enriched
P4-PWY,superpathway of L lysine  L threonine and L methionine biosynthesis I,其他氨基酸,0.01,1.023,-0.05,0.30955257572831174,0.4648488987417505,0.0001,0.0001,matched_144v144,0.5434367440563695,obese_enriched
NAGLIPASYN-PWY,lipid IVA biosynthesis,脂肪酸/脂质,0.0086,1.02,-0.063,0.3143541035121912,0.35509545317558133,0.0,0.0,matched_144v144,0.5475653178087585,obese_enriched
PWY-6876,isopropanol biosynthesis,其他/未分类,-0.0011,0.998,0.122,0.31467677757617263,0.07000910459566982,0.0,0.0,matched_144v144,0.5475653178087585,lean_enriched
PWY-5677,succinate fermentation to butanoate,短链脂肪酸-丁酸,0.0013,1.003,-0.125,0.32141658113323957,0.039088125691715,0.0,0.0,matched_144v144,0.5568401295948668,obese_enriched
PWY-5941,glycogen degradation II  eukaryotic,其他/未分类,-0.0085,0.981,0.075,0.33220111291191035,0.2743301635162053,0.0,0.0,matched_144v144,0.5690401548393855,lean_enriched
PWY-7269,NAD NADP NADH NADPH mitochondrial interconversion  yeast,B族维生素/辅因子,-0.0009,0.998,0.155,0.33302869180406414,0.0027490390797801053,0.0,0.0,matched_144v144,0.5690401548393855,lean_enriched
PWY-5675,nitrate reduction V  assimilatory,其他/未分类,-0.0051,0.988,0.118,0.3342755781577873,0.06778402131720389,0.0,0.0,matched_144v144,0.5690401548393855,lean_enriched
PWY-6124,inosine 5  phosphate biosynthesis II,其他/未分类,0.0067,1.015,-0.073,0.33753467284990535,0.28312138747560267,0.0003,0.0003,matched_144v144,0.5690401548393855,obese_enriched
NONMEVIPP-PWY,methylerythritol phosphate pathway I,其他/未分类,0.0182,1.043,-0.059,0.3380646920595499,0.38415222875674615,0.0001,0.0001,matched_144v144,0.5690401548393855,obese_enriched
PWY-5656,mannosylglycerate biosynthesis I,其他/未分类,-0.002,0.995,0.131,0.3392859160970354,0.0211103534914233,0.0,0.0,matched_144v144,0.5690401548393855,lean_enriched
PWY-5856,ubiquinol 9 biosynthesis  prokaryotic,B族维生素/辅因子,-0.0009,0.998,0.155,0.3451207315622987,0.003914387394236166,0.0,0.0,matched_144v144,0.5690401548393855,lean_enriched
PWY-5857,ubiquinol 10 biosynthesis  prokaryotic,B族维生素/辅因子,-0.0009,0.998,0.155,0.3451207315622987,0.003914387394236166,0.0,0.0,matched_144v144,0.5690401548393855,lean_enriched
PWY-6708,ubiquinol 8 biosynthesis  prokaryotic,B族维生素/辅因子,-0.0009,0.998,0.155,0.3451207315622987,0.003914387394236166,0.0,0.0,matched_144v144,0.5690401548393855,lean_enriched
PWY-5855,ubiquinol 7 biosynthesis  prokaryotic,B族维生素/辅因子,-0.0009,0.998,0.155,0.3451207315622987,0.003914387394236166,0.0,0.0,matched_144v144,0.5690401548393855,lean_enriched
PWY-7234,inosine 5  phosphate biosynthesis III,其他/未分类,-0.0109,0.975,0.066,0.3474567240916754,0.3341502072523408,0.0001,0.0001,matched_144v144,0.5690401548393855,lean_enriched
KDO-NAGLIPASYN-PWY,superpathway of  Kdo 2 lipid A biosynthesis,脂肪酸/脂质,-0.0011,0.997,0.138,0.3474586725752422,0.009406576005568278,0.0,0.0,matched_144v144,0.5690401548393855,lean_enriched
PWY0-781,aspartate superpathway,其他/未分类,0.0091,1.021,-0.049,0.34951016421012104,0.4735375780215836,0.0001,0.0001,matched_144v144,0.5690401548393855,obese_enriched
PWY0-1241,ADP L glycero  beta  D manno heptose biosynthesis,其他/未分类,-0.0063,0.986,0.046,0.34968772638877865,0.4992324534549305,0.0,0.0,matched_144v144,0.5690401548393855,lean_enriched
PWY-7332,superpathway of UDP N acetylglucosamine derived O antigen building blocks biosynthesis,肽聚糖/细胞壁,0.0103,1.024,-0.035,0.3510806968558323,0.6094411597389325,0.0,0.0,matched_144v144,0.5690401548393855,obese_enriched
PWY-6837,fatty acid beta oxidation V  unsaturated  odd number  di isomerase dependent,脂肪酸/脂质,-0.001,0.998,0.143,0.3515083488121774,0.007920578150860681,0.0,0.0,matched_144v144,0.5690401548393855,lean_enriched
PWY-7229,superpathway of adenosine nucleotides de novo biosynthesis I,核苷酸,0.0051,1.012,-0.067,0.3530533961539487,0.3243298441344109,0.0004,0.0004,matched_144v144,0.5692085366563663,obese_enriched
UBISYN-PWY,superpathway of ubiquinol 8 biosynthesis  prokaryotic,B族维生素/辅因子,-0.001,0.998,0.14,0.3561335634321292,0.007271632487175512,0.0,0.0,matched_144v144,0.5718404778686628,lean_enriched
ORNARGDEG-PWY,superpathway of L arginine and L ornithine degradation,其他氨基酸,-0.0033,0.992,0.133,0.36360155498106206,0.013207961843764028,0.0,0.0,matched_144v144,0.5791234444254819,lean_enriched
ARGDEG-PWY,superpathway of L arginine  putrescine  and 4 aminobutanoate degradation,短链脂肪酸-丁酸,-0.0033,0.992,0.133,0.36360155498106206,0.013207961843764028,0.0,0.0,matched_144v144,0.5791234444254819,lean_enriched
PWY-4041,gamma  glutamyl cycle,其他氨基酸,0.0076,1.018,-0.063,0.36602726677624375,0.35730852436380833,0.0001,0.0001,matched_144v144,0.5806456641631176,obese_enriched
PWY-5004,superpathway of L citrulline metabolism,其他/未分类,-0.0028,0.994,0.032,0.3736996092308771,0.640537461590295,0.0,0.0,matched_144v144,0.5904453825847857,lean_enriched
PWY0-1277,3 phenylpropanoate and 3  3 hydroxyphenyl propanoate degradation,短链脂肪酸-丙酸,-0.0034,0.992,0.097,0.3777016782770136,0.044692569860720024,0.0,0.0,matched_144v144,0.5943910873283681,lean_enriched
TCA,TCA cycle I  prokaryotic,其他/未分类,0.0059,1.014,-0.073,0.38171794375600265,0.28758778580325806,0.0001,0.0001,matched_144v144,0.5983277293000835,obese_enriched
PWY-7385,1 3 propanediol biosynthesis  engineered,其他/未分类,-0.002,0.995,0.106,0.3905223636072258,0.07465746783363839,0.0,0.0,matched_144v144,0.6097088285567359,lean_enriched
CRNFORCAT-PWY,creatinine degradation I,其他/未分类,-0.001,0.998,0.049,0.39436155955789454,0.4305301084171279,0.0,0.0,matched_144v144,0.6125541407723354,lean_enriched
PWY-5676,acetyl CoA fermentation to butanoate II,短链脂肪酸-丁酸,-0.0052,0.988,0.036,0.3969903147740531,0.5971313851772775,0.0,0.0,matched_144v144,0.6125541407723354,lean_enriched
PWY0-1338,polymyxin resistance,其他/未分类,-0.0007,0.998,0.149,0.39699711401953885,0.004595003408132694,0.0,0.0,matched_144v144,0.6125541407723354,lean_enriched
PWY-5989,stearate biosynthesis II  bacteria and plants,其他/未分类,0.0109,1.025,-0.051,0.3994777652830461,0.4553946376475473,0.0001,0.0001,matched_144v144,0.613983335746316,obese_enriched
ARGSYNBSUB-PWY,L arginine biosynthesis II  acetyl cycle,其他氨基酸,0.006,1.014,-0.055,0.40122258884128703,0.41624092237908117,0.0004,0.0005,matched_144v144,0.6142748937686371,obese_enriched
PWY-7204,pyridoxal 5  phosphate salvage II  plants,其他/未分类,-0.0023,0.995,0.094,0.4048213535302756,0.10061706118498792,0.0,0.0,matched_144v144,0.6153419179477373,lean_enriched
PWY-7388,octanoyl  acyl carrier protein  biosynthesis  mitochondria  yeast,其他/未分类,0.0114,1.027,-0.044,0.40593413513430465,0.521044516476052,0.0001,0.0001,matched_144v144,0.6153419179477373,obese_enriched
PWY-7560,methylerythritol phosphate pathway II,其他/未分类,0.0147,1.034,-0.034,0.40659301413761884,0.6159179261839773,0.0001,0.0001,matched_144v144,0.6153419179477373,obese_enriched
PWY-5686,UMP biosynthesis,其他/未分类,0.0047,1.011,-0.043,0.4244773853859023,0.5247269865492622,0.0006,0.0006,matched_144v144,0.6399003187486842,obese_enriched
PWY-5173,superpathway of acetyl CoA biosynthesis,其他/未分类,-0.0031,0.993,0.186,0.42606021223013657,0.005826176527007181,0.0,0.0,matched_144v144,0.6399003187486842,lean_enriched
PWY-6690,cinnamate and 3 hydroxycinnamate degradation to 2 oxopent 4 enoate,其他/未分类,-0.0026,0.994,0.096,0.43550778006416,0.05642702297954132,0.0,0.0,matched_144v144,0.6491531061333706,lean_enriched
HCAMHPDEG-PWY,3 phenylpropanoate and 3  3 hydroxyphenyl propanoate degradation to 2 oxopent 4 enoate,短链脂肪酸-丙酸,-0.0026,0.994,0.096,0.43550778006416,0.05642702297954132,0.0,0.0,matched_144v144,0.6491531061333706,lean_enriched
PWY0-1533,methylphosphonate degradation I,其他/未分类,-0.0006,0.999,0.117,0.43833653982937126,0.02589413927020194,0.0,0.0,matched_144v144,0.6509132828293295,lean_enriched
PWY-7196,superpathway of pyrimidine ribonucleosides salvage,核苷酸,0.0053,1.012,-0.043,0.44028714688736126,0.5312032267137885,0.0001,0.0001,matched_144v144,0.6513611349082685,obese_enriched
PWY-5030,L histidine degradation III,其他氨基酸,0.0085,1.02,-0.058,0.44674661222918777,0.39822285132354107,0.0001,0.0001,matched_144v144,0.6584511635467506,obese_enriched
PWY-5384,sucrose degradation IV  sucrose phosphorylase,糖类降解/利用,0.0053,1.012,-0.027,0.4602503977062984,0.697692027562085,0.0,0.0,matched_144v144,0.67173963347736,obese_enriched
PWY-7211,superpathway of pyrimidine deoxyribonucleotides de novo biosynthesis,核苷酸,-0.0049,0.989,0.023,0.4605916248342852,0.7325462531785402,0.0001,0.0001,matched_144v144,0.67173963347736,lean_enriched
P108-PWY,pyruvate fermentation to propanoate I,短链脂肪酸-丙酸,-0.0048,0.989,0.06,0.4608644067654799,0.38106752764223306,0.0001,0.0,matched_144v144,0.67173963347736,lean_enriched
PWY-1269,CMP 3 deoxy D manno octulosonate biosynthesis I,其他/未分类,0.0073,1.017,-0.068,0.46505847661139044,0.3167470498720686,0.0001,0.0001,matched_144v144,0.6753606553731588,obese_enriched
PWY-6143,CMP pseudaminate biosynthesis,其他/未分类,0.0031,1.007,0.087,0.47560722052271154,0.1940473982360087,0.0,0.0,matched_144v144,0.6881496414156449,obese_enriched
PWY-6901,superpathway of glucose and xylose degradation,其他/未分类,0.0064,1.015,-0.079,0.48236980221866055,0.24966524430569392,0.0002,0.0002,matched_144v144,0.6953871236363902,obese_enriched
PWY-5910,superpathway of geranylgeranyldiphosphate biosynthesis I  via mevalonate,其他/未分类,-0.0009,0.998,0.13,0.4848796158893446,0.020472167036694782,0.0,0.0,matched_144v144,0.6964634482774222,lean_enriched
PWY-7198,pyrimidine deoxyribonucleotides de novo biosynthesis IV,核苷酸,-0.0056,0.987,0.033,0.4934671244573109,0.63395151465203,0.0001,0.0001,matched_144v144,0.7062301237704268,lean_enriched
AST-PWY,L arginine degradation II  AST pathway,其他氨基酸,-0.0018,0.996,0.133,0.4977036641191601,0.015299416040763805,0.0,0.0,matched_144v144,0.7097218315056616,lean_enriched
PWY0-42,2 methylcitrate cycle I,其他/未分类,-0.0018,0.996,0.136,0.5070862623000747,0.017028826269093578,0.0,0.0,matched_144v144,0.715718428620657,lean_enriched
HEMESYN2-PWY,heme biosynthesis II  anaerobic,其他/未分类,-0.0027,0.994,0.083,0.5085533420872799,0.22227482574160462,0.0,0.0,matched_144v144,0.715718428620657,lean_enriched
PWY-7446,sulfoglycolysis,糖类降解/利用,-0.0007,0.998,0.077,0.5096625154778831,0.12624916481681905,0.0,0.0,matched_144v144,0.715718428620657,lean_enriched
HEXITOLDEGSUPER-PWY,superpathway of hexitol degradation  bacteria,其他/未分类,0.0047,1.011,-0.085,0.5100274437062001,0.2143370827459702,0.0001,0.0001,matched_144v144,0.715718428620657,obese_enriched
PWY-5747,2 methylcitrate cycle II,其他/未分类,-0.0018,0.996,0.137,0.5123414246070948,0.023753810249403085,0.0,0.0,matched_144v144,0.715718428620657,lean_enriched
PWY-6435,4 hydroxybenzoate biosynthesis V,其他/未分类,-0.0011,0.997,0.016,0.512913562619177,0.7768008463336853,0.0,0.0,matched_144v144,0.715718428620657,lean_enriched
FUCCAT-PWY,fucose degradation,其他/未分类,-0.004,0.991,0.006,0.5150674029965423,0.9328998715448742,0.0,0.0,matched_144v144,0.715718428620657,lean_enriched
THREOCAT-PWY,superpathway of L threonine metabolism,其他氨基酸,-0.0017,0.996,0.102,0.5164044358402209,0.008554851513620062,0.0,0.0,matched_144v144,0.715718428620657,lean_enriched
PWY66-409,superpathway of purine nucleotide salvage,核苷酸,0.0077,1.018,-0.059,0.5195596751719652,0.3853133085561746,0.0001,0.0001,matched_144v144,0.7175736772479939,obese_enriched
FASYN-INITIAL-PWY,superpathway of fatty acid biosynthesis initiation  E  coli,脂肪酸/脂质,0.0092,1.021,-0.032,0.5220770561456483,0.6359689765591177,0.0001,0.0001,matched_144v144,0.7178339234279822,obese_enriched
PWY-6969,TCA cycle V  2 oxoglutarate ferredoxin oxidoreductase,其他/未分类,-0.0048,0.989,0.049,0.5233827087272377,0.47528591416400323,0.0001,0.0001,matched_144v144,0.7178339234279822,lean_enriched
PWY-7094,fatty acid salvage,脂肪酸/脂质,-0.0015,0.997,0.138,0.5252206628287599,0.012466920056919148,0.0,0.0,matched_144v144,0.7178621516171633,lean_enriched
PYRIDNUCSAL-PWY,NAD salvage pathway I,B族维生素/辅因子,0.007,1.016,-0.002,0.5297824253392069,0.9824951666013929,0.0,0.0,matched_144v144,0.7216002000309888,obese_enriched
PWY-7003,glycerol degradation to butanol,其他/未分类,-0.0022,0.995,0.021,0.531953720896526,0.7539472091285039,0.0,0.0,matched_144v144,0.7220677654781024,lean_enriched
PWY-4981,L proline biosynthesis II  from arginine,其他氨基酸,-0.0065,0.985,0.02,0.5411806815870828,0.7658000067419618,0.0001,0.0001,matched_144v144,0.7320766069414305,lean_enriched
OANTIGEN-PWY,O antigen building blocks biosynthesis  E  coli,肽聚糖/细胞壁,0.0047,1.011,-0.062,0.5432864826371807,0.36176065558903747,0.0002,0.0002,matched_144v144,0.732416930517701,obese_enriched
PWY-6823,molybdenum cofactor biosynthesis,其他/未分类,-0.0012,0.997,0.087,0.5458691385934177,0.1811626987432048,0.0,0.0,matched_144v144,0.7329835017856801,lean_enriched
PWY-6478,GDP D glycero  alpha  D manno heptose biosynthesis,其他/未分类,-0.0013,0.997,-0.033,0.5474180582956345,0.598679786494726,0.0,0.0,matched_144v144,0.7329835017856801,lean_enriched
PWY-6282,palmitoleate biosynthesis I  from  5Z  dodec 5 enoate,脂肪酸/脂质,0.0078,1.018,-0.037,0.54979486259739,0.5922311710571396,0.0001,0.0001,matched_144v144,0.7334279172627323,obese_enriched
PWY-7228,superpathway of guanosine nucleotides de novo biosynthesis I,核苷酸,-0.0054,0.988,0.06,0.5520005231587781,0.38068304227477734,0.0002,0.0002,matched_144v144,0.7334279172627323,lean_enriched
PWY-5367,petroselinate biosynthesis,其他/未分类,0.0025,1.006,-0.063,0.5581307104982843,0.3565478850109717,0.0,0.0,matched_144v144,0.7334279172627323,obese_enriched
PWY66-391,fatty acid  beta  oxidation VI  peroxisome,脂肪酸/脂质,0.0016,1.004,-0.056,0.5588107870243828,0.4040297291587651,0.0,0.0,matched_144v144,0.7334279172627323,obese_enriched
PWY-922,mevalonate pathway I,其他/未分类,-0.0007,0.998,0.137,0.5588302226190356,0.015353570293636848,0.0,0.0,matched_144v144,0.7334279172627323,lean_enriched
3-HYDROXYPHENYLACETATE-DEGRADATION-PWY,4 hydroxyphenylacetate degradation,短链脂肪酸-乙酸/发酵,-0.001,0.998,0.105,0.5588906407495757,0.013226444316109389,0.0,0.0,matched_144v144,0.7334279172627323,lean_enriched
PWY-6562,norspermidine biosynthesis,多胺,-0.0003,0.999,0.119,0.5664505840643799,0.010424299248684621,0.0,0.0,matched_144v144,0.7405824658339766,lean_enriched
PWY-7221,guanosine ribonucleotides de novo biosynthesis,核苷酸,0.0034,1.008,-0.024,0.5692522003176529,0.7293535072373338,0.0006,0.0006,matched_144v144,0.7405824658339766,obese_enriched
PWY-7316,dTDP N acetylviosamine biosynthesis,其他/未分类,-0.0019,0.996,-0.012,0.5699672648443769,0.8519676443039491,0.0,0.0,matched_144v144,0.7405824658339766,lean_enriched
PWY0-862,5Z  dodec 5 enoate biosynthesis,其他/未分类,0.0074,1.017,-0.035,0.5745903156825245,0.6040224878790514,0.0001,0.0001,matched_144v144,0.7413069258404096,obese_enriched
GLUCONEO-PWY,gluconeogenesis I,其他/未分类,0.003,1.007,-0.052,0.5748717528747262,0.44436224281757597,0.0002,0.0002,matched_144v144,0.7413069258404096,obese_enriched
GALACTARDEG-PWY,D galactarate degradation I,其他/未分类,-0.0028,0.994,0.05,0.5798590750648842,0.46035343411712204,0.0,0.0,matched_144v144,0.7413069258404096,lean_enriched
GLUCARGALACTSUPER-PWY,superpathway of D glucarate and D galactarate degradation,其他/未分类,-0.0028,0.994,0.05,0.5798590750648842,0.46035343411712204,0.0,0.0,matched_144v144,0.7413069258404096,lean_enriched
PWY-6612,superpathway of tetrahydrofolate biosynthesis,B族维生素/辅因子,0.0025,1.006,-0.041,0.5799084559105989,0.5508721283222839,0.0,0.0,matched_144v144,0.7413069258404096,obese_enriched
FERMENTATION-PWY,mixed acid fermentation,短链脂肪酸-乙酸/发酵,0.006,1.014,-0.009,0.5876558494825943,0.8958588743865741,0.0001,0.0001,matched_144v144,0.7487872920826605,obese_enriched
FOLSYN-PWY,superpathway of tetrahydrofolate biosynthesis and salvage,B族维生素/辅因子,0.0031,1.007,-0.042,0.594403237337597,0.537719760534733,0.0,0.0,matched_144v144,0.7549494493516103,obese_enriched
PWY-7031,protein N glycosylation  bacterial,其他/未分类,-0.0004,0.999,0.029,0.599489221114208,0.5027904147009568,0.0,0.0,matched_144v144,0.7558158311326427,lean_enriched
PWY-6386,UDP N acetylmuramoyl pentapeptide biosynthesis II  lysine containing,其他氨基酸,0.0028,1.007,-0.048,0.6000325575509857,0.4836388911583759,0.0006,0.0006,matched_144v144,0.7558158311326427,obese_enriched
GLUCARDEG-PWY,D glucarate degradation I,其他/未分类,-0.0022,0.995,0.072,0.602991683820441,0.2922041301568582,0.0,0.0,matched_144v144,0.7558158311326427,lean_enriched
PWY-7315,dTDP N acetylthomosamine biosynthesis,其他/未分类,0.0047,1.011,0.068,0.6036658312927038,0.318457989117386,0.0,0.0,matched_144v144,0.7558158311326427,obese_enriched
PWYG-321,mycolate biosynthesis,其他/未分类,0.007,1.016,-0.041,0.6095265299016565,0.5433371340628714,0.0001,0.0001,matched_144v144,0.7558158311326427,obese_enriched
PWY-7664,oleate biosynthesis IV  anaerobic,脂肪酸/脂质,0.0067,1.016,-0.039,0.6116918050012277,0.5694512235527226,0.0001,0.0001,matched_144v144,0.7558158311326427,obese_enriched
PWY66-367,ketogenesis,其他/未分类,-0.0002,1.0,0.016,0.6129101058238564,0.7808060940617079,0.0,0.0,matched_144v144,0.7558158311326427,lean_enriched
BIOTIN-BIOSYNTHESIS-PWY,biotin biosynthesis I,B族维生素/辅因子,0.0061,1.014,-0.047,0.6145892719152029,0.49207105859346345,0.0001,0.0001,matched_144v144,0.7558158311326427,obese_enriched
POLYAMINSYN3-PWY,superpathway of polyamine biosynthesis II,多胺,-0.0028,0.994,0.084,0.615058505752861,0.2167212845680616,0.0,0.0,matched_144v144,0.7558158311326427,lean_enriched
PWY3DJ-35471,L ascorbate biosynthesis IV,其他/未分类,-0.0006,0.999,0.036,0.6150739067627525,0.4634055327685045,0.0,0.0,matched_144v144,0.7558158311326427,lean_enriched
PWY-6703,preQ0 biosynthesis,其他/未分类,0.004,1.009,-0.043,0.616133411708129,0.5293487438697815,0.0002,0.0002,matched_144v144,0.7558158311326427,obese_enriched
PWY0-41,allantoin degradation IV  anaerobic,其他/未分类,-0.0004,0.999,0.118,0.6190850072189039,0.016592256957380872,0.0,0.0,matched_144v144,0.7570853803450992,lean_enriched
PWY0-1261,anhydromuropeptides recycling,其他/未分类,0.0039,1.009,-0.059,0.6216701022888735,0.39075857500670397,0.0002,0.0002,matched_144v144,0.7579002790250156,obese_enriched
PWY-5464,superpathway of cytosolic glycolysis  plants   pyruvate dehydrogenase and TCA cycle,糖类降解/利用,0.0016,1.004,0.031,0.6272737368550955,0.6459451947212542,0.0,0.0,matched_144v144,0.7612668056569992,obese_enriched
PWY0-1298,superpathway of pyrimidine deoxyribonucleosides degradation,核苷酸,-0.003,0.993,0.038,0.6282860218840044,0.5815161859293305,0.0,0.0,matched_144v144,0.7612668056569992,lean_enriched
PWY-3781,aerobic respiration I  cytochrome c,其他/未分类,-0.0005,0.999,0.07,0.632090590978708,0.25651225472118366,0.0,0.0,matched_144v144,0.7635345059222926,lean_enriched
PWY-7288,fatty acid  beta  oxidation  peroxisome  yeast,脂肪酸/脂质,0.0009,1.002,-0.054,0.637806859308917,0.4195621122379204,0.0,0.0,matched_144v144,0.7672551363936022,obese_enriched
PWY-7210,pyrimidine deoxyribonucleotides biosynthesis from CTP,核苷酸,0.0038,1.009,-0.058,0.6405535701312968,0.39310442033465487,0.0,0.0,matched_144v144,0.7672551363936022,obese_enriched
FASYN-ELONG-PWY,fatty acid elongation    saturated,脂肪酸/脂质,0.0062,1.014,-0.042,0.6410121839249588,0.5367863749433066,0.0001,0.0001,matched_144v144,0.7672551363936022,obese_enriched
PWY-7013,L 1 2 propanediol degradation,其他/未分类,0.0023,1.005,-0.094,0.6436865174939768,0.1665928150540289,0.0,0.0,matched_144v144,0.7672551363936022,obese_enriched
PWY-7117,C4 photosynthetic carbon assimilation cycle  PEPCK type,其他/未分类,0.0047,1.011,0.005,0.6463855844937436,0.9385268549547616,0.0,0.0,matched_144v144,0.7672551363936022,obese_enriched
PWY66-400,glycolysis VI  metazoan,糖类降解/利用,-0.0037,0.992,0.02,0.6468252162508089,0.7690422583534836,0.0003,0.0002,matched_144v144,0.7672551363936022,lean_enriched
P185-PWY,formaldehyde assimilation III  dihydroxyacetone cycle,其他/未分类,0.0016,1.004,-0.098,0.6548153348037977,0.15152156173592993,0.0,0.0,matched_144v144,0.7697342786711534,obese_enriched
PWY-7409,phospholipid remodeling  phosphatidylethanolamine  yeast,脂肪酸/脂质,-0.0005,0.999,0.079,0.6568982806159767,0.04662126274766815,0.0,0.0,matched_144v144,0.7697342786711534,lean_enriched
PWY-5692,allantoin degradation to glyoxylate II,其他/未分类,-0.0003,0.999,0.126,0.6572563291395617,0.007731484832647788,0.0,0.0,matched_144v144,0.7697342786711534,lean_enriched
URDEGR-PWY,superpathway of allantoin degradation in plants,其他/未分类,-0.0003,0.999,0.126,0.6572563291395617,0.007731484832647788,0.0,0.0,matched_144v144,0.7697342786711534,lean_enriched
LPSSYN-PWY,superpathway of lipopolysaccharide biosynthesis,肽聚糖/细胞壁,-0.0008,0.998,0.101,0.6586586992173414,0.03883820980873174,0.0,0.0,matched_144v144,0.7697342786711534,lean_enriched
PWY-841,superpathway of purine nucleotides de novo biosynthesis I,核苷酸,-0.0033,0.992,0.037,0.6617466103798764,0.5863753951792263,0.0002,0.0002,matched_144v144,0.7710616846609178,lean_enriched
PWY66-389,phytol degradation,其他/未分类,0.0009,1.002,0.177,0.6649994267261274,0.008803489052299125,0.0,0.0,matched_144v144,0.7725728634024128,obese_enriched
PWY-6125,superpathway of guanosine nucleotides de novo biosynthesis II,核苷酸,-0.0034,0.992,0.043,0.6927181094064893,0.5247269865492622,0.0002,0.0002,matched_144v144,0.8024154053242324,lean_enriched
PWY-5138,unsaturated  even numbered fatty acid  beta  oxidation,脂肪酸/脂质,-0.0013,0.997,0.021,0.7007829550498219,0.7533757453349575,0.0,0.0,matched_144v144,0.8074644073711018,lean_enriched
1CMET2-PWY,N10 formyl tetrahydrofolate biosynthesis,B族维生素/辅因子,0.002,1.005,-0.005,0.701165295514653,0.9475363000480487,0.0004,0.0004,matched_144v144,0.8074644073711018,obese_enriched
PWY-6519,8 amino 7 oxononanoate biosynthesis I,其他/未分类,0.0047,1.011,-0.033,0.704081495310477,0.6239052079939007,0.0001,0.0001,matched_144v144,0.8084656704873211,obese_enriched
PWY-6700,queuosine biosynthesis,其他/未分类,-0.0023,0.995,0.046,0.7256530650800623,0.502382777499516,0.0005,0.0005,matched_144v144,0.8308201759612307,lean_enriched
PWY-6590,superpathway of Clostridium acetobutylicum acidogenic fermentation,短链脂肪酸-乙酸/发酵,0.002,1.005,-0.03,0.7293551007587178,0.6593609720123349,0.0,0.0,matched_144v144,0.8326452739875536,obese_enriched
POLYAMSYN-PWY,superpathway of polyamine biosynthesis I,多胺,0.0024,1.006,-0.035,0.7363546442970974,0.6129345589385958,0.0,0.0,matched_144v144,0.838213499992373,obese_enriched
PWY0-1297,superpathway of purine deoxyribonucleosides degradation,核苷酸,-0.0035,0.992,-0.02,0.7409245339239493,0.7722885539966249,0.0,0.0,matched_144v144,0.8409919278734481,lean_enriched
PPGPPMET-PWY,ppGpp biosynthesis,其他/未分类,0.0015,1.004,-0.029,0.7439819771019429,0.6686074799119163,0.0,0.0,matched_144v144,0.8420426388403079,obese_enriched
PWY-5913,TCA cycle VI  obligate autotrophs,其他/未分类,0.0032,1.007,0.017,0.7529281749518079,0.8005844843019885,0.0,0.0,matched_144v144,0.8497332260170403,obese_enriched
ARG-POLYAMINE-SYN,superpathway of arginine and polyamine biosynthesis,其他氨基酸,0.0027,1.006,-0.028,0.7622606347678121,0.676869069655776,0.0001,0.0001,matched_144v144,0.8557635172663393,obese_enriched
PWY-6387,UDP N acetylmuramoyl pentapeptide biosynthesis I  meso diaminopimelate containing,其他/未分类,0.0016,1.004,-0.025,0.7626044508297504,0.7134610738510458,0.0006,0.0006,matched_144v144,0.8557635172663393,obese_enriched
PWY-1861,formaldehyde assimilation II  RuMP Cycle,其他/未分类,0.0029,1.007,-0.001,0.767572571425398,0.9858874128299852,0.0,0.0,matched_144v144,0.8588984864391848,obese_enriched
PROPFERM-PWY,L alanine fermentation to propanoate and acetate,短链脂肪酸-丙酸,0.0004,1.001,-0.048,0.7729500745144318,0.46884817914333576,0.0,0.0,matched_144v144,0.8599698056108254,obese_enriched
PWY-6318,L phenylalanine degradation IV  mammalian  via side chain,芳香族氨基酸/吲哚,-0.0004,0.999,-0.08,0.7750039596498317,0.1961567401882508,0.0,0.0,matched_144v144,0.8599698056108254,lean_enriched
PWY-5104,L isoleucine biosynthesis IV,支链氨基酸(BCAA),-0.0041,0.991,0.029,0.7750613944239337,0.6706691669402808,0.0001,0.0001,matched_144v144,0.8599698056108254,lean_enriched
PWY-241,C4 photosynthetic carbon assimilation cycle  NADP ME type,B族维生素/辅因子,0.0027,1.006,0.006,0.7804179971009664,0.929525272145814,0.0,0.0,matched_144v144,0.8634876998736182,obese_enriched
GLYCOLYSIS,glycolysis I  from glucose 6 phosphate,糖类降解/利用,-0.002,0.995,0.006,0.7980358480029104,0.9250277872438127,0.0002,0.0002,matched_144v144,0.8793270274713519,lean_enriched
CENTFERM-PWY,pyruvate fermentation to butanoate,短链脂肪酸-丁酸,0.0013,1.003,-0.026,0.799185830030925,0.7060864564525852,0.0,0.0,matched_144v144,0.8793270274713519,obese_enriched
METHGLYUT-PWY,superpathway of methylglyoxal degradation,其他/未分类,-0.0009,0.998,0.054,0.8175995040180133,0.4284595876743824,0.0,0.0,matched_144v144,0.8957158251187228,lean_enriched
SALVADEHYPOX-PWY,adenosine nucleotides degradation II,核苷酸,0.0017,1.004,-0.054,0.8186162351085036,0.43265373997296497,0.0001,0.0001,matched_144v144,0.8957158251187228,obese_enriched
PWY-5265,peptidoglycan biosynthesis II  staphylococci,肽聚糖/细胞壁,0.0015,1.003,0.032,0.8216834555680529,0.5997481132580256,0.0,0.0,matched_144v144,0.8965883009651406,obese_enriched
PWY-6396,superpathway of 2 3 butanediol biosynthesis,其他/未分类,-0.0001,1.0,0.065,0.8301225643681606,0.07866330639722781,0.0,0.0,matched_144v144,0.8989739921130936,lean_enriched
PWY-5705,allantoin degradation to glyoxylate III,其他/未分类,-0.0002,1.0,0.132,0.8316730804951511,0.01303133583103276,0.0,0.0,matched_144v144,0.8989739921130936,lean_enriched
PWY-821,superpathway of sulfur amino acid biosynthesis  Saccharomyces cerevisiae,硫/含硫代谢,-0.0012,0.997,0.045,0.8320228204169433,0.5063693318662572,0.0,0.0,matched_144v144,0.8989739921130936,lean_enriched
HISDEG-PWY,L histidine degradation I,其他氨基酸,-0.0022,0.995,-0.01,0.8329733699073222,0.8885870150665006,0.0001,0.0001,matched_144v144,0.8989739921130936,lean_enriched
PWY-5083,NAD NADH phosphorylation and dephosphorylation,B族维生素/辅因子,-0.0015,0.997,0.038,0.8386346245121152,0.5815057472038265,0.0,0.0,matched_144v144,0.9026176476356553,lean_enriched
PWY-5177,glutaryl CoA degradation,其他/未分类,0.0015,1.003,-0.046,0.8426087365223979,0.5046396137799332,0.0001,0.0001,matched_144v144,0.9044305731694217,obese_enriched
PWY0-1296,purine ribonucleosides degradation,核苷酸,-0.0014,0.997,0.033,0.8589877487962513,0.6259089610562463,0.0004,0.0004,matched_144v144,0.9187110551918557,lean_enriched
PWY1G-0,mycothiol biosynthesis,其他/未分类,-0.0001,1.0,0.025,0.8605647858759155,0.558184998032935,0.0,0.0,matched_144v144,0.9187110551918557,lean_enriched
PWY-6284,superpathway of unsaturated fatty acids biosynthesis  E  coli,脂肪酸/脂质,0.0012,1.003,-0.04,0.8641603558437392,0.5574891321508098,0.0,0.0,matched_144v144,0.9200629125560026,obese_enriched
P441-PWY,superpathway of N acetylneuraminate degradation,其他/未分类,0.0012,1.003,-0.002,0.8684786145072017,0.9734718386701557,0.0001,0.0001,matched_144v144,0.9221748729310341,obese_enriched
UDPNAGSYN-PWY,UDP N acetyl D glucosamine biosynthesis I,其他/未分类,-0.0013,0.997,-0.006,0.8802762207469397,0.9351502784355894,0.0002,0.0002,matched_144v144,0.9294736481867435,lean_enriched
DENOVOPURINE2-PWY,superpathway of purine nucleotides de novo biosynthesis II,核苷酸,-0.0011,0.998,0.017,0.8805378219753491,0.8016782953306945,0.0002,0.0002,matched_144v144,0.9294736481867435,lean_enriched
PWY-5484,glycolysis II  from fructose 6 phosphate,糖类降解/利用,-0.0011,0.997,0.008,0.8824116913165286,0.9014585698170281,0.0002,0.0002,matched_144v144,0.9294736481867435,lean_enriched
PWY-5005,biotin biosynthesis II,B族维生素/辅因子,0.0008,1.002,-0.028,0.892077648437787,0.6841292878809686,0.0,0.0,matched_144v144,0.9368125083736154,obese_enriched
GLYCOLYSIS-E-D,superpathway of glycolysis and Entner Doudoroff,糖类降解/利用,0.001,1.002,-0.004,0.8941223181186152,0.9554251110950274,0.0001,0.0001,matched_144v144,0.9368125083736154,obese_enriched
FUC-RHAMCAT-PWY,superpathway of fucose and rhamnose degradation,其他/未分类,-0.0008,0.998,-0.022,0.9079662354323457,0.742686640342267,0.0,0.0,matched_144v144,0.9488006957560225,lean_enriched
PWY-5415,catechol degradation I  meta cleavage pathway,其他/未分类,0.0,1.0,0.005,0.9121075841594273,0.8825897343607177,0.0,0.0,matched_144v144,0.9506134452321208,obese_enriched
PWY-6531,mannitol cycle,其他/未分类,0.0005,1.001,-0.013,0.9150997138534775,0.8545986938458479,0.0,0.0,matched_144v144,0.9512220709792727,obese_enriched
PWY-5971,palmitate biosynthesis II  bacteria and plants,脂肪酸/脂质,0.0012,1.003,0.008,0.9285300179958076,0.90930225743361,0.0001,0.0001,matched_144v144,0.9626492312554962,obese_enriched
PWY-6628,superpathway of L phenylalanine biosynthesis,芳香族氨基酸/吲哚,-0.0008,0.998,0.05,0.9333883988198325,0.4626084717528689,0.0,0.0,matched_144v144,0.9638597795458986,lean_enriched
PWY-6385,peptidoglycan biosynthesis III  mycobacteria,肽聚糖/细胞壁,0.0004,1.001,0.009,0.9360001605877148,0.8913828173405725,0.0005,0.0005,matched_144v144,0.9638597795458986,obese_enriched
COA-PWY-1,coenzyme A biosynthesis II  mammalian,其他/未分类,0.0004,1.001,0.023,0.9370181147990508,0.7378777718631968,0.0005,0.0005,matched_144v144,0.9638597795458986,obese_enriched
SULFATE-CYS-PWY,superpathway of sulfate assimilation and cysteine biosynthesis,其他氨基酸,-0.0007,0.998,0.023,0.9455838133634628,0.7320110548809826,0.0,0.0,matched_144v144,0.9701444318923839,lean_enriched
PRPP-PWY,superpathway of histidine  purine  and pyrimidine biosynthesis,其他氨基酸,-0.0004,0.999,-0.014,0.9588802776614302,0.8435123000011385,0.0001,0.0001,matched_144v144,0.9812375898348833,lean_enriched
PWY-6749,CMP legionaminate biosynthesis I,其他/未分类,0.0001,1.0,0.084,0.9620025286841712,0.2087549902448056,0.0,0.0,matched_144v144,0.981888885866273,obese_enriched
PWY-6113,superpathway of mycolate biosynthesis,其他/未分类,0.0004,1.001,0.001,0.968014361593386,0.9870157222860106,0.0001,0.0001,matched_144v144,0.9854785382200709,obese_enriched
PEPTIDOGLYCANSYN-PWY,peptidoglycan biosynthesis I  meso diaminopimelate containing,肽聚糖/细胞壁,-0.0002,1.0,0.009,0.9705265809129702,0.8913828173405725,0.0006,0.0006,matched_144v144,0.9854961425722961,lean_enriched
PWY0-1479,tRNA processing,其他/未分类,-0.0003,0.999,-0.027,0.9738170871709813,0.6872508924638187,0.0001,0.0001,matched_144v144,0.9863019216218912,lean_enriched
PWY-5345,superpathway of L methionine biosynthesis  by sulfhydrylation,其他氨基酸,-0.0002,1.0,0.022,0.98480285822708,0.744825008097642,0.0,0.0,matched_144v144,0.9936958399493478,lean_enriched
PWY-5136,fatty acid  beta  oxidation II  peroxisome,脂肪酸/脂质,-0.0001,1.0,-0.011,0.9861487829370743,0.8746295505030851,0.0,0.0,matched_144v144,0.9936958399493478,lean_enriched
PWY-622,starch biosynthesis,其他/未分类,-0.0001,1.0,0.059,0.9925870351139492,0.3875643019592723,0.0,0.0,matched_144v144,0.9959978389746986,lean_enriched
SO4ASSIM-PWY,sulfate reduction I  assimilatory,硫/含硫代谢,-0.0001,1.0,0.026,0.993476325458307,0.7034563159220781,0.0,0.0,matched_144v144,0.9959978389746986,lean_enriched
FAO-PWY,fatty acid  beta  oxidation I,脂肪酸/脂质,0.0,1.0,-0.008,0.9976357296628232,0.9014585944420936,0.0,0.0,matched_144v144,0.9976357296628232,obese_enriched
PWY-7383,anaerobic energy metabolism  invertebrates  cytosol,其他/未分类,-0.0442,0.903,0.218,6.49061946059137e-07,4.782289855080566e-05,0.0001,0.0001,adjusted_full,0.0002557304067473,lean_enriched
PWY0-1586,peptidoglycan maturation  meso diaminopimelate containing,肽聚糖/细胞壁,0.0378,1.091,-0.184,2.072277763610396e-06,0.0005773661998090626,0.0003,0.0004,adjusted_full,0.00040823871943124803,obese_enriched
THISYNARA-PWY,superpathway of thiamin diphosphate biosynthesis III  eukaryotes,B族维生素/辅因子,0.0342,1.082,-0.184,9.124579709037665e-06,0.0006114272671315707,0.0002,0.0002,adjusted_full,0.0011513982835261167,obese_enriched
PWY66-399,gluconeogenesis III,其他/未分类,-0.028,0.938,0.21,1.1689322675392048e-05,9.046647025603291e-05,0.0001,0.0001,adjusted_full,0.0011513982835261167,lean_enriched
PWY-7237,myo   chiro  and scillo inositol degradation,其他/未分类,0.0384,1.093,-0.165,3.113158227963006e-05,0.0020889690938789038,0.0002,0.0002,adjusted_full,0.0020464841869231084,obese_enriched
THRESYN-PWY,superpathway of L threonine biosynthesis,其他氨基酸,0.0207,1.049,-0.196,3.11647338110118e-05,0.00025474020971400147,0.0003,0.0003,adjusted_full,0.0020464841869231084,obese_enriched
P163-PWY,L lysine fermentation to acetate and butanoate,短链脂肪酸-丁酸,-0.0027,0.994,0.126,3.667546857445979e-05,0.006347217552441929,0.0,0.0,adjusted_full,0.0020643049454767367,lean_enriched
PWY-3001,superpathway of L isoleucine biosynthesis I,支链氨基酸(BCAA),0.0183,1.043,-0.202,6.282565177904406e-05,0.0001677635744253431,0.0003,0.0003,adjusted_full,0.00309416335011792,obese_enriched
PWY-5392,reductive TCA cycle II,其他/未分类,-0.0021,0.995,0.191,8.905076717511094e-05,3.3351712753958955e-05,0.0,0.0,adjusted_full,0.0036383722862285296,lean_enriched
PWY-5347,superpathway of L methionine biosynthesis  transsulfuration,其他氨基酸,0.0257,1.061,-0.147,0.00010925725197381212,0.006228729951883757,0.0001,0.0001,adjusted_full,0.0036383722862285296,obese_enriched
PWY-7357,thiamin formation from pyrithiamine and oxythiamine  yeast,B族维生素/辅因子,0.0261,1.062,-0.161,0.00011429886888316898,0.0026726150913443762,0.0003,0.0003,adjusted_full,0.0036383722862285296,obese_enriched
PWY-6317,galactose degradation I  Leloir pathway,其他/未分类,0.0287,1.068,-0.151,0.00011988423483909979,0.004909096020649522,0.0003,0.0003,adjusted_full,0.0036383722862285296,obese_enriched
PWY-6936,seleno amino acid biosynthesis,其他/未分类,0.0272,1.065,-0.149,0.00012004781655068752,0.005427930754917885,0.0002,0.0002,adjusted_full,0.0036383722862285296,obese_enriched
LACTOSECAT-PWY,lactose and galactose degradation I,其他/未分类,0.0206,1.049,-0.17,0.00013356821778685887,0.0015315226815472327,0.0,0.0,adjusted_full,0.0037589912720015994,obese_enriched
ASPASN-PWY,superpathway of L aspartate and L asparagine biosynthesis,其他氨基酸,0.0256,1.061,-0.161,0.00016789805878905523,0.0025903039157712687,0.0002,0.0002,adjusted_full,0.004410122344192518,obese_enriched
GLYCOGENSYNTH-PWY,glycogen biosynthesis I  from ADP D Glucose,其他/未分类,0.0301,1.072,-0.152,0.0002771035465454114,0.004494010935341094,0.0003,0.0003,adjusted_full,0.005744691909439593,obese_enriched
HOMOSER-METSYN-PWY,L methionine biosynthesis I,其他氨基酸,0.0201,1.047,-0.14,0.0002803956973761667,0.008925012486915065,0.0001,0.0001,adjusted_full,0.005744691909439593,obese_enriched
METSYN-PWY,L homoserine and L methionine biosynthesis,其他氨基酸,0.0248,1.059,-0.136,0.0002825069882999295,0.010916851550888191,0.0001,0.0001,adjusted_full,0.005744691909439593,obese_enriched
RHAMCAT-PWY,L rhamnose degradation I,其他/未分类,0.0246,1.058,-0.152,0.00029353113223857646,0.004451711101660132,0.0001,0.0001,adjusted_full,0.005744691909439593,obese_enriched
PWY-5154,L arginine biosynthesis III  via N acetyl L citrulline,其他氨基酸,0.0317,1.076,-0.139,0.0003108420758212052,0.009562481182913708,0.0002,0.0002,adjusted_full,0.005744691909439593,obese_enriched
TRPSYN-PWY,L tryptophan biosynthesis,芳香族氨基酸/吲哚,0.0258,1.061,-0.163,0.00031933970586808027,0.00239364736287469,0.0003,0.0003,adjusted_full,0.005744691909439593,obese_enriched
PWY-6892,thiazole biosynthesis I  E  coli,其他/未分类,0.0303,1.072,-0.16,0.0003220922555485292,0.0028922361964315297,0.0002,0.0002,adjusted_full,0.005744691909439593,obese_enriched
PWY-6470,peptidoglycan biosynthesis V   beta  lactam resistance,肽聚糖/细胞壁,0.0294,1.07,-0.139,0.00033797050913813166,0.009523887616957874,0.0001,0.0001,adjusted_full,0.005744691909439593,obese_enriched
PWY66-422,D galactose degradation V  Leloir pathway,其他/未分类,0.0259,1.061,-0.145,0.00035237477947371574,0.006890298484482877,0.0003,0.0003,adjusted_full,0.005744691909439593,obese_enriched
MET-SAM-PWY,superpathway of S adenosyl L methionine biosynthesis,其他氨基酸,0.0243,1.058,-0.131,0.00036451090795936505,0.014778715226108637,0.0001,0.0001,adjusted_full,0.005744691909439593,obese_enriched
HISTSYN-PWY,L histidine biosynthesis,其他氨基酸,0.0183,1.043,-0.152,0.000522767401655688,0.004474442751146724,0.0003,0.0004,adjusted_full,0.007921936778936196,obese_enriched
PWY-7539,6 hydroxymethyl dihydropterin diphosphate biosynthesis III  Chlamydia,其他/未分类,0.0298,1.071,-0.148,0.0006077183926809355,0.005689284689479569,0.0001,0.0002,adjusted_full,0.008568201990217668,obese_enriched
PWY-6527,stachyose degradation,其他/未分类,0.0289,1.069,-0.142,0.0006089077556499866,0.008178900404026265,0.0003,0.0003,adjusted_full,0.008568201990217668,obese_enriched
PWY-7312,dTDP D  beta  fucofuranose biosynthesis,其他/未分类,0.0183,1.043,-0.063,0.0006687436398305302,0.21545742482899266,0.0,0.0,adjusted_full,0.009085689451490651,obese_enriched
PWY-5100,pyruvate fermentation to acetate and lactate II,短链脂肪酸-乙酸/发酵,0.0227,1.054,-0.156,0.0007844566246085743,0.003589113684325515,0.0002,0.0002,adjusted_full,0.010302530336525943,obese_enriched
PWY-6147,6 hydroxymethyl dihydropterin diphosphate biosynthesis I,其他/未分类,0.0288,1.069,-0.143,0.0008666512118187271,0.007682934909542576,0.0001,0.0002,adjusted_full,0.010766494019724555,obese_enriched
P164-PWY,purine nucleobases degradation I  anaerobic,核苷酸,0.0152,1.036,-0.136,0.000883112293262988,0.011033403870138096,0.0001,0.0001,adjusted_full,0.010766494019724555,obese_enriched
PWY-6897,thiamin salvage II,B族维生素/辅因子,0.0185,1.044,-0.128,0.000947729286691763,0.017159840562392236,0.0002,0.0002,adjusted_full,0.010766494019724555,obese_enriched
PWY4FS-8,phosphatidylglycerol biosynthesis II  non plastidic,其他/未分类,0.0318,1.076,-0.127,0.0009564117070060428,0.017774636707124914,0.0001,0.0001,adjusted_full,0.010766494019724555,obese_enriched
PWY4FS-7,phosphatidylglycerol biosynthesis I  plastidic,其他/未分类,0.0318,1.076,-0.127,0.0009564144433765467,0.017774636707124914,0.0001,0.0001,adjusted_full,0.010766494019724555,obese_enriched
PHOSLIPSYN-PWY,superpathway of phospholipid biosynthesis I  bacteria,脂肪酸/脂质,0.0296,1.071,-0.132,0.001006247695116909,0.013866125480912084,0.0002,0.0002,adjusted_full,0.01101282199655728,obese_enriched
COBALSYN-PWY,adenosylcobalamin salvage from cobinamide I,B族维生素/辅因子,0.0233,1.055,-0.125,0.0010511776896241535,0.019348690987300042,0.0002,0.0002,adjusted_full,0.01119362188410585,obese_enriched
METHANOGENESIS-PWY,methanogenesis from H2 and CO2,其他/未分类,-0.0042,0.99,0.124,0.001555503704427908,0.006194772293193741,0.0,0.0,adjusted_full,0.016128117356436728,lean_enriched
PWY-6349,CDP archaeol biosynthesis,其他/未分类,-0.0032,0.993,0.137,0.0016077787465596572,0.0020770537088360295,0.0,0.0,adjusted_full,0.016242687849859102,lean_enriched
PWY-6737,starch degradation V,其他/未分类,0.0198,1.047,-0.11,0.0016939297912284665,0.040813920506106514,0.0006,0.0007,adjusted_full,0.016294717959579073,obese_enriched
PWY-5840,superpathway of menaquinol 7 biosynthesis,其他/未分类,-0.0146,0.967,0.184,0.001695643239448584,0.0005976981030107651,0.0,0.0,adjusted_full,0.016294717959579073,lean_enriched
METH-ACETATE-PWY,methanogenesis from acetate,短链脂肪酸-乙酸/发酵,0.0213,1.05,-0.122,0.001786143720095493,0.02234308100109122,0.0001,0.0001,adjusted_full,0.01675572918375296,obese_enriched
PYRIDNUCSYN-PWY,NAD biosynthesis I  from aspartate,B族维生素/辅因子,0.0149,1.035,-0.164,0.0018463096834761647,0.0021515723155807478,0.0003,0.0003,adjusted_full,0.016917349192781605,obese_enriched
PWY-7286,7  3 amino 3 carboxypropyl  wyosine biosynthesis,其他/未分类,-0.0042,0.99,0.105,0.0019376983724012221,0.020266300121506806,0.0,0.0,adjusted_full,0.01735120815286549,lean_enriched
PWY-5198,factor 420 biosynthesis,其他/未分类,-0.0032,0.993,0.118,0.002106872858519772,0.009624536540306476,0.0,0.0,adjusted_full,0.018446842361262,lean_enriched
PWY-7200,superpathway of pyrimidine deoxyribonucleoside salvage,核苷酸,-0.0056,0.987,0.116,0.0021701516705563534,0.0043841967321870115,0.0,0.0,adjusted_full,0.018587820830417462,lean_enriched
PWY-6167,flavin biosynthesis II  archaea,其他/未分类,-0.0081,0.982,0.121,0.0023825502270799657,0.006625280182287575,0.0,0.0,adjusted_full,0.019972867861053328,lean_enriched
PWY3O-355,stearate biosynthesis III  fungi,其他/未分类,-0.0058,0.987,0.177,0.002913179542476145,0.00039179922144833295,0.0,0.0,adjusted_full,0.02391234874449169,lean_enriched
GOLPDLCAT-PWY,superpathway of glycerol degradation to 1 3 propanediol,其他/未分类,0.0098,1.023,-0.152,0.00308712141042859,0.004593021279150581,0.0,0.0,adjusted_full,0.024439891063154758,obese_enriched
ANAGLYCOLYSIS-PWY,glycolysis III  from glucose,糖类降解/利用,0.0158,1.037,-0.102,0.0031015090181668475,0.05595465222432647,0.0004,0.0004,adjusted_full,0.024439891063154758,obese_enriched
PWY-5659,GDP mannose biosynthesis,其他/未分类,0.0205,1.048,-0.109,0.0032063364753975618,0.04168974499182722,0.0001,0.0001,adjusted_full,0.024538720945909642,obese_enriched
PWY-6151,S adenosyl L methionine cycle I,其他氨基酸,0.0186,1.044,-0.12,0.003238612916719039,0.025289706415371913,0.0004,0.0004,adjusted_full,0.024538720945909642,obese_enriched
PWY-5101,L isoleucine biosynthesis II,支链氨基酸(BCAA),-0.0082,0.981,0.105,0.0033881284239102205,0.03561100388362787,0.0,0.0,adjusted_full,0.024761155683546587,lean_enriched
NONOXIPENT-PWY,pentose phosphate pathway  non oxidative branch,糖类降解/利用,0.0196,1.046,-0.12,0.0034937274845036987,0.025350397215078466,0.0003,0.0003,adjusted_full,0.024761155683546587,obese_enriched
PWY-6471,peptidoglycan biosynthesis IV  Enterococcus faecium,肽聚糖/细胞壁,0.0268,1.064,-0.136,0.0035086702001100724,0.011404787468482122,0.0001,0.0002,adjusted_full,0.024761155683546587,obese_enriched
THISYN-PWY,superpathway of thiamin diphosphate biosynthesis I,B族维生素/辅因子,0.0159,1.037,-0.126,0.0035193520768492612,0.01837418931360922,0.0002,0.0002,adjusted_full,0.024761155683546587,obese_enriched
PWY-6895,superpathway of thiamin diphosphate biosynthesis II,B族维生素/辅因子,0.0244,1.058,-0.109,0.004255307872395736,0.041806151763134375,0.0001,0.0001,adjusted_full,0.0293595259938167,obese_enriched
PWY0-1319,CDP diacylglycerol biosynthesis II,其他/未分类,0.0157,1.037,-0.122,0.00439258325473533,0.022935154846636066,0.0004,0.0004,adjusted_full,0.0293595259938167,obese_enriched
PWY-5667,CDP diacylglycerol biosynthesis I,其他/未分类,0.0157,1.037,-0.122,0.004396477242728897,0.022879511402261403,0.0004,0.0004,adjusted_full,0.0293595259938167,obese_enriched
PWY-1042,glycolysis IV  plant cytosol,糖类降解/利用,0.0133,1.031,-0.142,0.005033754483294293,0.007821813675005227,0.0006,0.0006,adjusted_full,0.03305498777363252,obese_enriched
PWY-5505,L glutamate and L glutamine biosynthesis,其他氨基酸,0.016,1.038,-0.118,0.005200958525279106,0.027295354946501916,0.0001,0.0001,adjusted_full,0.033593076376392916,obese_enriched
PWY-5121,superpathway of geranylgeranyl diphosphate biosynthesis II  via MEP,其他/未分类,0.0202,1.048,-0.087,0.006072475474513116,0.10509753067008025,0.0,0.0,adjusted_full,0.038058319647215635,obese_enriched
GLUTORN-PWY,L ornithine biosynthesis,其他氨基酸,0.0181,1.042,-0.105,0.00608546735475783,0.05053046418025773,0.0004,0.0004,adjusted_full,0.038058319647215635,obese_enriched
RUMP-PWY,formaldehyde oxidation I,其他/未分类,-0.0082,0.981,0.198,0.006355489968528527,0.0002192697360385186,0.0,0.0,adjusted_full,0.03911396134736762,lean_enriched
PWY-6595,superpathway of guanosine nucleotides degradation  plants,核苷酸,-0.0091,0.979,0.187,0.006452810882179937,0.00048128171985231156,0.0,0.0,adjusted_full,0.03911396134736762,lean_enriched
PWY-2941,L lysine biosynthesis II,其他氨基酸,0.021,1.049,-0.117,0.007010137806480479,0.029092949956018393,0.0001,0.0001,adjusted_full,0.04184839842050468,obese_enriched
VALSYN-PWY,L valine biosynthesis,支链氨基酸(BCAA),0.0145,1.034,-0.104,0.009599316699192489,0.05264481940710861,0.0005,0.0005,adjusted_full,0.05561957028649765,obese_enriched
ILEUSYN-PWY,L isoleucine biosynthesis I  from threonine,支链氨基酸(BCAA),0.0145,1.034,-0.104,0.009599316699192489,0.05264481940710861,0.0005,0.0005,adjusted_full,0.05561957028649765,obese_enriched
PANTO-PWY,phosphopantothenate biosynthesis I,B族维生素/辅因子,0.0137,1.032,-0.114,0.00974726316277766,0.03407750980080794,0.0003,0.0003,adjusted_full,0.05565828530629563,obese_enriched
PWY-7111,pyruvate fermentation to isobutanol  engineered,短链脂肪酸-乙酸/发酵,0.0144,1.034,-0.104,0.010233443625223508,0.05298533237669228,0.0005,0.0005,adjusted_full,0.05714719810281134,obese_enriched
UNMAPPED,UNMAPPED,其他/未分类,-0.0162,0.963,0.094,0.0107240745620096,0.07868835747872956,0.3846,0.3817,adjusted_full,0.05714719810281134,lean_enriched
REDCITCYC,TCA cycle VIII  helicobacter,其他/未分类,-0.0045,0.99,0.201,0.010752341919753121,0.00013697137157529853,0.0,0.0,adjusted_full,0.05714719810281134,lean_enriched
PWY-5088,L glutamate degradation VIII  to propanoate,短链脂肪酸-丙酸,-0.0023,0.995,0.138,0.010802219594953071,0.0012860222497989874,0.0,0.0,adjusted_full,0.05714719810281134,lean_enriched
PWY-6165,chorismate biosynthesis II  archaea,芳香族氨基酸/吲哚,-0.003,0.993,0.065,0.010860366469417522,0.08337131311583275,0.0,0.0,adjusted_full,0.05714719810281134,lean_enriched
PWY-6305,putrescine biosynthesis IV,多胺,0.0176,1.041,-0.081,0.010878273750535154,0.12974572276809676,0.0001,0.0001,adjusted_full,0.05714719810281134,obese_enriched
PWY-7392,taxadiene biosynthesis  engineered,其他/未分类,0.0155,1.036,-0.071,0.01114874406240169,0.18594188484450724,0.0,0.0,adjusted_full,0.057797436323503495,obese_enriched
PWY-6270,isoprene biosynthesis I,其他/未分类,0.0291,1.069,-0.078,0.012509391527131633,0.14303810972531925,0.0,0.0,adjusted_full,0.06286725294207221,obese_enriched
PWY66-388,fatty acid  alpha  oxidation III,脂肪酸/脂质,-0.001,0.998,0.115,0.012518347522764935,0.0030107597910705784,0.0,0.0,adjusted_full,0.06286725294207221,lean_enriched
COMPLETE-ARO-PWY,superpathway of aromatic amino acid biosynthesis,其他/未分类,0.0128,1.03,-0.098,0.01260536289955255,0.06819169988214141,0.0005,0.0005,adjusted_full,0.06286725294207221,obese_enriched
PWY-6588,pyruvate fermentation to acetone,短链脂肪酸-乙酸/发酵,-0.006,0.986,0.064,0.014577455433495113,0.22888861461677346,0.0,0.0,adjusted_full,0.07179396800996343,lean_enriched
PWY-5899,superpathway of menaquinol 13 biosynthesis,其他/未分类,-0.0137,0.969,0.171,0.01590105533538649,0.00142608420300333,0.0,0.0,adjusted_full,0.07502233259048595,lean_enriched
PWY-5898,superpathway of menaquinol 12 biosynthesis,其他/未分类,-0.0137,0.969,0.171,0.01590105533538649,0.00142608420300333,0.0,0.0,adjusted_full,0.07502233259048595,lean_enriched
PWY-5897,superpathway of menaquinol 11 biosynthesis,其他/未分类,-0.0137,0.969,0.171,0.01590105533538649,0.00142608420300333,0.0,0.0,adjusted_full,0.07502233259048595,lean_enriched
ARGININE-SYN4-PWY,L ornithine de novo  biosynthesis,其他氨基酸,0.0225,1.053,-0.088,0.016040206498640085,0.09897816917041657,0.0001,0.0001,adjusted_full,0.07502233259048595,obese_enriched
BRANCHED-CHAIN-AA-SYN-PWY,superpathway of branched amino acid biosynthesis,其他/未分类,0.0126,1.029,-0.111,0.01633995501534776,0.03845283733222008,0.0004,0.0004,adjusted_full,0.07502233259048595,obese_enriched
GLCMANNANAUT-PWY,superpathway of N acetylglucosamine  N acetylmannosamine and N acetylneuraminate degradation,其他/未分类,0.0157,1.037,-0.084,0.016375433001984244,0.11479152795371207,0.0001,0.0001,adjusted_full,0.07502233259048595,obese_enriched
POLYISOPRENSYN-PWY,polyisoprenoid biosynthesis  E  coli,其他/未分类,0.0168,1.039,-0.083,0.016713561382708433,0.12178207555281936,0.0001,0.0001,adjusted_full,0.07540440358254336,obese_enriched
PWY-5838,superpathway of menaquinol 8 biosynthesis I,其他/未分类,-0.0144,0.967,0.167,0.016841592678334558,0.0017332090376766841,0.0,0.0,adjusted_full,0.07540440358254336,lean_enriched
NONMEVIPP-PWY,methylerythritol phosphate pathway I,其他/未分类,0.0353,1.085,-0.076,0.017764386159255564,0.15364512249762008,0.0001,0.0001,adjusted_full,0.07864233872749092,obese_enriched
DTDPRHAMSYN-PWY,dTDP L rhamnose biosynthesis I,其他/未分类,0.0152,1.036,-0.089,0.018530314998927835,0.09588644362277035,0.0006,0.0006,adjusted_full,0.08112160121752852,obese_enriched
PANTOSYN-PWY,pantothenate and coenzyme A biosynthesis I,B族维生素/辅因子,0.0113,1.026,-0.115,0.019566530149040962,0.03212875107919185,0.0003,0.0003,adjusted_full,0.08471662504090263,obese_enriched
PWY-6606,guanosine nucleotides degradation II,核苷酸,0.011,1.026,-0.107,0.020339119698307425,0.04641285469105215,0.0001,0.0001,adjusted_full,0.08646081794098645,obese_enriched
P122-PWY,heterolactic fermentation,短链脂肪酸-乙酸/发酵,-0.0048,0.989,0.145,0.0204544972393941,0.005395244537577015,0.0,0.0,adjusted_full,0.08646081794098645,lean_enriched
PWY-724,superpathway of L lysine  L threonine and L methionine biosynthesis II,其他氨基酸,0.0106,1.025,-0.113,0.020627707833636363,0.03470934334313584,0.0004,0.0004,adjusted_full,0.08646081794098645,obese_enriched
PWY-6891,thiazole biosynthesis II  Bacillus,其他/未分类,0.0172,1.04,-0.091,0.02182780040709463,0.09046354904069352,0.0,0.0,adjusted_full,0.09052793010942405,obese_enriched
PWY-5918,superpathay of heme biosynthesis from glutamate,其他氨基酸,-0.008,0.982,0.189,0.022287083423122092,0.0004038495325346508,0.0,0.0,adjusted_full,0.09146990488239692,lean_enriched
PWY-6859,all trans farnesol biosynthesis,其他/未分类,0.0157,1.037,-0.086,0.022826746358079165,0.11022287857044594,0.0,0.0,adjusted_full,0.09271894912456898,obese_enriched
PWY-7616,methanol oxidation to carbon dioxide,其他/未分类,-0.0007,0.998,0.148,0.02421497872457052,0.0006208304004829753,0.0,0.0,adjusted_full,0.09735409813755903,lean_enriched
PWY-7323,superpathway of GDP mannose derived O antigen building blocks biosynthesis,肽聚糖/细胞壁,0.0158,1.037,-0.078,0.025584560707213426,0.14437639296111007,0.0001,0.0001,adjusted_full,0.10182138301658678,obese_enriched
HSERMETANA-PWY,L methionine biosynthesis III,其他氨基酸,0.0116,1.027,-0.111,0.026866000256871535,0.03776328353574506,0.0003,0.0003,adjusted_full,0.10585204101207385,obese_enriched
CITRULBIO-PWY,L citrulline biosynthesis,其他/未分类,0.0232,1.055,-0.07,0.02816200393253749,0.18882425886871046,0.0001,0.0001,adjusted_full,0.10985969850910664,obese_enriched
PWY0-162,superpathway of pyrimidine ribonucleotides de novo biosynthesis,核苷酸,-0.0147,0.967,0.133,0.02874065960894873,0.012986737081266667,0.0002,0.0002,adjusted_full,0.11101784201888037,lean_enriched
PWY-5103,L isoleucine biosynthesis III,支链氨基酸(BCAA),0.0118,1.028,-0.101,0.0294580478380471,0.05990717884331256,0.0004,0.0004,adjusted_full,0.11252073795306718,obese_enriched
PWY-5861,superpathway of demethylmenaquinol 8 biosynthesis,其他/未分类,-0.0103,0.976,0.167,0.02970090544954057,0.0017945451750394084,0.0,0.0,adjusted_full,0.11252073795306718,lean_enriched
PWY-5695,urate biosynthesis inosine 5  phosphate degradation,其他/未分类,0.0103,1.024,-0.109,0.030319331091949862,0.04192285025768842,0.0004,0.0004,adjusted_full,0.11254114687725128,obese_enriched
P562-PWY,myo inositol degradation I,其他/未分类,-0.0012,0.997,0.048,0.03051776079863894,0.1845380258983086,0.0,0.0,adjusted_full,0.11254114687725128,lean_enriched
PWY4LZ-257,superpathway of fermentation  Chlamydomonas reinhardtii,短链脂肪酸-乙酸/发酵,-0.0085,0.981,0.186,0.03063006463177963,0.0005293451854489851,0.0,0.0,adjusted_full,0.11254114687725128,lean_enriched
PWY0-1061,superpathway of L alanine biosynthesis,其他/未分类,0.0195,1.046,-0.068,0.03084884229122624,0.20698759165559555,0.0001,0.0001,adjusted_full,0.11254114687725128,obese_enriched
P23-PWY,reductive TCA cycle I,其他/未分类,-0.003,0.993,0.166,0.03167810277029195,0.0011609785363838646,0.0,0.0,adjusted_full,0.11381564161174308,lean_enriched
PWY-7560,methylerythritol phosphate pathway II,其他/未分类,0.0292,1.07,-0.067,0.031775940551501874,0.21160961831160363,0.0,0.0001,adjusted_full,0.11381564161174308,obese_enriched
P621-PWY,nylon 6 oligomer degradation,其他/未分类,0.0018,1.004,0.016,0.03314791577945785,0.718886964387899,0.0,0.0,adjusted_full,0.11766016952348102,obese_enriched
HEME-BIOSYNTHESIS-II,heme biosynthesis I  aerobic,其他/未分类,-0.0056,0.987,0.171,0.037631042136783685,0.0014112534272415866,0.0,0.0,adjusted_full,0.13214017568443562,lean_enriched
ARO-PWY,chorismate biosynthesis I,芳香族氨基酸/吲哚,0.0106,1.025,-0.074,0.03789807069122138,0.16682746863389686,0.0005,0.0005,adjusted_full,0.13214017568443562,obese_enriched
PROTOCATECHUATE-ORTHO-CLEAVAGE-PWY,protocatechuate degradation II  ortho cleavage pathway,其他/未分类,-0.001,0.998,0.09,0.04045264957168503,0.051076938342239385,0.0,0.0,adjusted_full,0.13981003448459564,lean_enriched
PWY-5973,cis vaccenate biosynthesis,其他/未分类,0.0138,1.032,-0.094,0.04132257862672825,0.07995839016591998,0.0002,0.0003,adjusted_full,0.14157474764287767,obese_enriched
PWY490-3,nitrate reduction VI  assimilatory,其他/未分类,0.0014,1.003,-0.094,0.04284980552060072,0.07940993108846767,0.0,0.0,adjusted_full,0.1455415808199714,obese_enriched
PWY-5863,superpathway of phylloquinol biosynthesis,其他/未分类,-0.0057,0.987,0.171,0.043283233776350225,0.0013923737491651047,0.0,0.0,adjusted_full,0.14575721459728194,lean_enriched
P105-PWY,TCA cycle IV  2 oxoglutarate decarboxylase,其他/未分类,-0.0115,0.974,0.15,0.04423981148539512,0.0024282572125367986,0.0,0.0,adjusted_full,0.14675453598742041,lean_enriched
P161-PWY,acetylene degradation,其他/未分类,-0.0074,0.983,0.186,0.044324339549500075,0.000503478435070529,0.0,0.0,adjusted_full,0.14675453598742041,lean_enriched
CALVIN-PWY,Calvin Benson Bassham cycle,其他/未分类,0.0095,1.022,-0.092,0.0455554716068346,0.0867310834183546,0.0004,0.0004,adjusted_full,0.14957379844244026,obese_enriched
PWY-7282,4 amino 2 methyl 5 phosphomethylpyrimidine biosynthesis  yeast,核苷酸,0.0189,1.044,-0.089,0.0471097653061956,0.09653572813222476,0.0001,0.0001,adjusted_full,0.15339873992265346,obese_enriched
SER-GLYSYN-PWY,superpathway of L serine and glycine biosynthesis I,其他氨基酸,0.0113,1.026,-0.075,0.04796324177236972,0.16100009294988715,0.0002,0.0002,adjusted_full,0.154897682445194,obese_enriched
PWY-7663,gondoate biosynthesis  anaerobic,其他/未分类,0.0133,1.031,-0.087,0.04860845766264365,0.10361667297901597,0.0002,0.0002,adjusted_full,0.15570514080554146,obese_enriched
PWY-5367,petroselinate biosynthesis,其他/未分类,0.0062,1.014,-0.11,0.049885764768621346,0.04010615282796789,0.0,0.0,adjusted_full,0.15850799450674846,obese_enriched
PWY-5850,superpathway of menaquinol 6 biosynthesis I,其他/未分类,-0.0069,0.984,0.159,0.051899486757511035,0.001277597429117448,0.0,0.0,adjusted_full,0.16358718225967478,lean_enriched
GLYCOLYSIS-TCA-GLYOX-BYPASS,superpathway of glycolysis  pyruvate dehydrogenase  TCA  and glyoxylate bypass,糖类降解/利用,-0.0134,0.97,0.179,0.052625742596402555,0.0004408888837082369,0.0,0.0,adjusted_full,0.16455986176970322,lean_enriched
PWY-5791,1 4 dihydroxy 2 naphthoate biosynthesis II  plants,其他/未分类,-0.0055,0.987,0.172,0.05535157240051663,0.001324154879888929,0.0,0.0,adjusted_full,0.17037905879534024,lean_enriched
PWY-5837,1 4 dihydroxy 2 naphthoate biosynthesis I,其他/未分类,-0.0055,0.987,0.172,0.05535157240051663,0.001324154879888929,0.0,0.0,adjusted_full,0.17037905879534024,lean_enriched
PWY-6353,purine nucleotides degradation II  aerobic,核苷酸,0.0113,1.026,-0.091,0.0562488758129586,0.09046355779344194,0.0001,0.0001,adjusted_full,0.17116036164894483,obese_enriched
PWY-6163,chorismate biosynthesis from 3 dehydroquinate,芳香族氨基酸/吲哚,0.01,1.023,-0.067,0.05647423100092088,0.21246352761849985,0.0005,0.0005,adjusted_full,0.17116036164894483,obese_enriched
PWY-5896,superpathway of menaquinol 10 biosynthesis,其他/未分类,-0.0067,0.985,0.153,0.05909224095403181,0.0018300355649673809,0.0,0.0,adjusted_full,0.17772780867090482,lean_enriched
PWY-7456,mannan degradation,其他/未分类,0.0123,1.029,-0.06,0.06100155915524943,0.26143923047347806,0.0001,0.0001,adjusted_full,0.18208041141794148,obese_enriched
TEICHOICACID-PWY,teichoic acid  poly glycerol  biosynthesis,肽聚糖/细胞壁,0.0112,1.026,-0.067,0.06249544891800994,0.21068305117645314,0.0001,0.0001,adjusted_full,0.184554962856625,obese_enriched
TRNA-CHARGING-PWY,tRNA charging,其他/未分类,-0.0092,0.979,0.09,0.06305709305526723,0.0943241861261203,0.0005,0.0005,adjusted_full,0.184554962856625,lean_enriched
PWY-6608,guanosine nucleotides degradation III,核苷酸,0.0129,1.03,-0.081,0.06323583752701618,0.12898419809156286,0.0001,0.0001,adjusted_full,0.184554962856625,obese_enriched
PWY0-881,superpathway of fatty acid biosynthesis I  E  coli,脂肪酸/脂质,-0.0035,0.992,0.162,0.06372730938700565,0.0011596352873171258,0.0,0.0,adjusted_full,0.1846217639594134,lean_enriched
PWY-5097,L lysine biosynthesis VI,其他氨基酸,0.0082,1.019,-0.106,0.06750418006473213,0.04744075115014235,0.0004,0.0004,adjusted_full,0.19413610909127343,obese_enriched
PWY0-166,superpathway of pyrimidine deoxyribonucleotides de novo biosynthesis  E  coli,核苷酸,-0.0102,0.977,0.105,0.06882448018158852,0.0500945233744951,0.0002,0.0002,adjusted_full,0.1964988781996078,lean_enriched
PWY0-845,superpathway of pyridoxal 5  phosphate biosynthesis and salvage,其他/未分类,0.0194,1.046,-0.066,0.07184891236591312,0.2165739317638612,0.0001,0.0001,adjusted_full,0.20365806814510626,obese_enriched
PWY-6630,superpathway of L tyrosine biosynthesis,芳香族氨基酸/吲哚,-0.0096,0.978,0.098,0.07299735737309715,0.05754279856168836,0.0,0.0,adjusted_full,0.20543542003571627,lean_enriched
PWY-5860,superpathway of demethylmenaquinol 6 biosynthesis I,其他/未分类,-0.0048,0.989,0.159,0.07428994607123189,0.0012664122013880804,0.0,0.0,adjusted_full,0.20759034575932883,lean_enriched
PYRIDOXSYN-PWY,pyridoxal 5  phosphate biosynthesis I,其他/未分类,0.0187,1.044,-0.058,0.07752582939989844,0.2773202696704159,0.0001,0.0001,adjusted_full,0.21510687875746468,obese_enriched
PWY-5304,superpathway of sulfur oxidation  Acidianus ambivalens,硫/含硫代谢,0.0103,1.024,-0.044,0.07933704371081313,0.41331522641454665,0.0,0.0,adjusted_full,0.21859297358084176,obese_enriched
PWY-7219,adenosine ribonucleotides de novo biosynthesis,核苷酸,-0.0085,0.981,0.094,0.08178937089744981,0.07971900210012331,0.0006,0.0005,adjusted_full,0.22378480648330015,lean_enriched
PWY0-1241,ADP L glycero  beta  D manno heptose biosynthesis,其他/未分类,-0.01,0.977,0.043,0.08822617686684232,0.41903153307393914,0.0,0.0,adjusted_full,0.23692282022546698,lean_enriched
PWY-5189,tetrapyrrole biosynthesis II  from glycine,其他/未分类,-0.0056,0.987,0.138,0.08839793131385058,0.010120678021678374,0.0,0.0,adjusted_full,0.23692282022546698,lean_enriched
PWY-7209,superpathway of pyrimidine ribonucleosides degradation,核苷酸,0.0059,1.014,-0.029,0.08865575947728277,0.5872310031258363,0.0,0.0,adjusted_full,0.23692282022546698,obese_enriched
PWY-561,superpathway of glyoxylate cycle and fatty acid degradation,脂肪酸/脂质,-0.0085,0.981,0.158,0.08899638932327186,0.0013791410545676637,0.0,0.0,adjusted_full,0.23692282022546698,lean_enriched
P125-PWY,superpathway of  R R  butanediol biosynthesis,其他/未分类,0.0011,1.003,-0.004,0.09020257905353078,0.9343624177712619,0.0,0.0,adjusted_full,0.23785950045230686,obese_enriched
ARGORNPROST-PWY,arginine  ornithine and proline interconversion,其他氨基酸,-0.0052,0.988,0.072,0.09055564738031988,0.17955607380713456,0.0,0.0,adjusted_full,0.23785950045230686,lean_enriched
GALACT-GLUCUROCAT-PWY,superpathway of hexuronide and hexuronate degradation,其他/未分类,0.0102,1.024,-0.016,0.09182044815880315,0.7600719937053562,0.0001,0.0001,adjusted_full,0.23958448062628104,obese_enriched
NAD-BIOSYNTHESIS-II,NAD salvage pathway II,B族维生素/辅因子,0.0108,1.025,-0.032,0.09585645430996845,0.5462738873212156,0.0,0.0,adjusted_full,0.24847001972452348,obese_enriched
PWY-7187,pyrimidine deoxyribonucleotides de novo biosynthesis II,核苷酸,-0.0089,0.98,0.098,0.0976251288459245,0.06787664434844855,0.0002,0.0002,adjusted_full,0.2504810170403395,lean_enriched
ORNDEG-PWY,superpathway of ornithine degradation,其他氨基酸,-0.0058,0.987,0.117,0.09790374777718854,0.007042926539982292,0.0,0.0,adjusted_full,0.2504810170403395,lean_enriched
UNINTEGRATED,UNINTEGRATED,其他/未分类,0.0085,1.02,-0.09,0.09915033340957567,0.0921534498707143,0.5707,0.5729,adjusted_full,0.2520337507314375,obese_enriched
PWY-6612,superpathway of tetrahydrofolate biosynthesis,B族维生素/辅因子,0.0057,1.013,-0.05,0.10051269844091429,0.35353568238063193,0.0,0.0,adjusted_full,0.25385899478025786,obese_enriched
GLYCOCAT-PWY,glycogen degradation I  bacterial,其他/未分类,-0.0146,0.967,0.156,0.10649020528249918,0.0036124683522817044,0.0,0.0,adjusted_full,0.2672429355497113,lean_enriched
COLANSYN-PWY,colanic acid building blocks biosynthesis,其他/未分类,0.0089,1.021,-0.064,0.10868563635347268,0.23267849639675287,0.0001,0.0001,adjusted_full,0.27102620710929265,obese_enriched
GLYOXYLATE-BYPASS,glyoxylate cycle,其他/未分类,-0.0071,0.984,0.185,0.11072915983791067,0.00044421282941500194,0.0,0.0,adjusted_full,0.27103619257538714,lean_enriched
TCA-GLYOX-BYPASS,superpathway of glyoxylate bypass and TCA,其他/未分类,-0.008,0.982,0.179,0.11085548238667937,0.00043684740472977555,0.0,0.0,adjusted_full,0.27103619257538714,lean_enriched
PWY-7328,superpathway of UDP glucose derived O antigen building blocks biosynthesis,肽聚糖/细胞壁,-0.0099,0.978,0.158,0.11094497690061263,0.0031233316447171425,0.0,0.0,adjusted_full,0.27103619257538714,lean_enriched
PWY-7196,superpathway of pyrimidine ribonucleosides salvage,核苷酸,0.0085,1.02,-0.048,0.1114412771502861,0.3681590132146727,0.0001,0.0001,adjusted_full,0.27103619257538714,obese_enriched
FOLSYN-PWY,superpathway of tetrahydrofolate biosynthesis and salvage,B族维生素/辅因子,0.0072,1.017,-0.05,0.11285569271605833,0.35125447145956146,0.0,0.0,adjusted_full,0.2721709846066327,obese_enriched
P42-PWY,incomplete reductive TCA cycle,其他/未分类,-0.0092,0.979,0.089,0.11328944536925827,0.09775079228541288,0.0,0.0,adjusted_full,0.2721709846066327,lean_enriched
P461-PWY,hexitol fermentation to lactate  formate  ethanol and acetate,短链脂肪酸-乙酸/发酵,-0.0082,0.981,0.122,0.11479281944572595,0.022879512636790677,0.0,0.0,adjusted_full,0.2741113385552486,lean_enriched
PWY-7234,inosine 5  phosphate biosynthesis III,其他/未分类,-0.0146,0.967,0.089,0.11644992953727668,0.09570158878804236,0.0001,0.0001,adjusted_full,0.27639320625112657,lean_enriched
PWY-5845,superpathway of menaquinol 9 biosynthesis,其他/未分类,-0.0072,0.984,0.143,0.11743620765183893,0.00748178791955865,0.0,0.0,adjusted_full,0.2770650647594284,lean_enriched
PWY-7115,C4 photosynthetic carbon assimilation cycle  NAD ME type,B族维生素/辅因子,0.0092,1.021,-0.011,0.11899393600665004,0.8374049073607706,0.0,0.0,adjusted_full,0.27761477126229167,obese_enriched
PENTOSE-P-PWY,pentose phosphate pathway,糖类降解/利用,0.0131,1.031,-0.047,0.11907841711504387,0.38378576165679257,0.0001,0.0001,adjusted_full,0.27761477126229167,obese_enriched
PWY-6168,flavin biosynthesis III  fungi,其他/未分类,0.0086,1.02,-0.044,0.12057095548214705,0.4161011427951523,0.0003,0.0003,adjusted_full,0.27915959596156265,obese_enriched
PWY66-409,superpathway of purine nucleotide salvage,核苷酸,0.015,1.035,-0.096,0.12115809875489139,0.07313770503242241,0.0001,0.0001,adjusted_full,0.27915959596156265,obese_enriched
PWY-6284,superpathway of unsaturated fatty acids biosynthesis  E  coli,脂肪酸/脂质,0.0082,1.019,-0.101,0.12462057232645736,0.059026440818860056,0.0,0.0,adjusted_full,0.2854680552129314,obese_enriched
PWY-6549,L glutamine biosynthesis III,其他氨基酸,0.0099,1.023,-0.018,0.12795879484716408,0.7424774958789151,0.0001,0.0001,adjusted_full,0.29010741872893653,obese_enriched
PWY0-1415,superpathway of heme biosynthesis from uroporphyrinogen III,其他/未分类,-0.0038,0.991,0.182,0.12815389714294376,0.0004864502368618872,0.0,0.0,adjusted_full,0.29010741872893653,lean_enriched
PWY-5677,succinate fermentation to butanoate,短链脂肪酸-丁酸,0.0015,1.003,-0.086,0.12885481796336012,0.07003485019673165,0.0,0.0,adjusted_full,0.29010741872893653,obese_enriched
PWY-6629,superpathway of L tryptophan biosynthesis,芳香族氨基酸/吲哚,-0.0107,0.976,0.109,0.13136465764197794,0.028850810579916345,0.0,0.0,adjusted_full,0.29407769949397333,lean_enriched
PWY-6731,starch degradation III,其他/未分类,-0.0091,0.979,0.153,0.1332995690340125,0.004167619149590476,0.0,0.0,adjusted_full,0.2967233344598922,lean_enriched
PWY-7254,TCA cycle VII  acetate producers,短链脂肪酸-乙酸/发酵,-0.0067,0.985,0.16,0.1347301831907372,0.0016060600291916355,0.0,0.0,adjusted_full,0.2972313772839627,lean_enriched
PWY-5920,superpathway of heme biosynthesis from glycine,其他/未分类,-0.0038,0.991,0.158,0.13503659018738406,0.0012964018673095367,0.0,0.0,adjusted_full,0.2972313772839627,lean_enriched
ECASYN-PWY,enterobacterial common antigen biosynthesis,其他/未分类,-0.0013,0.997,0.086,0.13648905235136607,0.04846548099053074,0.0,0.0,adjusted_full,0.2984111354131,lean_enriched
ANAEROFRUCAT-PWY,homolactic fermentation,短链脂肪酸-乙酸/发酵,0.0079,1.018,-0.056,0.1370873490095713,0.2989947594946055,0.0003,0.0003,adjusted_full,0.2984111354131,obese_enriched
PWY-6122,5 aminoimidazole ribonucleotide biosynthesis II,核苷酸,0.0069,1.016,-0.069,0.1398851687793953,0.19819770136889525,0.0005,0.0005,adjusted_full,0.29968278906154,obese_enriched
PWY-6277,superpathway of 5 aminoimidazole ribonucleotide biosynthesis,核苷酸,0.0069,1.016,-0.069,0.1398851687793953,0.19819770136889525,0.0005,0.0005,adjusted_full,0.29968278906154,obese_enriched
PWY-4984,urea cycle,其他/未分类,0.0156,1.037,-0.027,0.1401650925712735,0.6163055646866888,0.0001,0.0001,adjusted_full,0.29968278906154,obese_enriched
RIBOSYN2-PWY,flavin biosynthesis I  bacteria and plants,其他/未分类,0.0083,1.019,-0.053,0.1407139999400632,0.325636842263745,0.0003,0.0003,adjusted_full,0.29968278906154,obese_enriched
PWY-2723,trehalose degradation V,其他/未分类,-0.0094,0.979,0.155,0.14281277057414393,0.0038296370189908687,0.0,0.0,adjusted_full,0.30118006731673636,lean_enriched
PWY-7371,1 4 dihydroxy 6 naphthoate biosynthesis II,其他/未分类,-0.0045,0.99,0.076,0.14294586951327334,0.15520467828591325,0.0,0.0,adjusted_full,0.30118006731673636,lean_enriched
PWY-3841,folate transformations II,B族维生素/辅因子,-0.0069,0.984,0.068,0.14405131425582018,0.20657065259089002,0.0004,0.0004,adjusted_full,0.3018947756212402,lean_enriched
PWY-7279,aerobic respiration II  cytochrome c   yeast,其他/未分类,-0.0002,0.999,0.089,0.14531252232117822,0.010430449871185464,0.0,0.0,adjusted_full,0.30292663383356727,lean_enriched
PWY-6803,phosphatidylcholine acyl editing,其他/未分类,-0.005,0.989,0.181,0.1476831996167112,0.0004988128481213907,0.0,0.0,adjusted_full,0.30624831920518003,lean_enriched
DAPLYSINESYN-PWY,L lysine biosynthesis I,其他氨基酸,0.0125,1.029,0.007,0.15288439999006662,0.8987011871385723,0.0001,0.0001,adjusted_full,0.3144058145825214,obese_enriched
PWY0-1261,anhydromuropeptides recycling,其他/未分类,0.0092,1.021,-0.083,0.15355486515433436,0.12161450602625999,0.0002,0.0002,adjusted_full,0.3144058145825214,obese_enriched
GLUCONEO-PWY,gluconeogenesis I,其他/未分类,0.0062,1.014,-0.045,0.15401097008737724,0.40085117513188295,0.0002,0.0002,adjusted_full,0.3144058145825214,obese_enriched
PWY-7400,L arginine biosynthesis IV  archaebacteria,其他氨基酸,0.008,1.019,-0.04,0.15999736280877871,0.45863936089620505,0.0004,0.0004,adjusted_full,0.32413720719132205,obese_enriched
P221-PWY,octane oxidation,其他/未分类,-0.001,0.998,0.101,0.16042323706169492,0.03475756682656698,0.0,0.0,adjusted_full,0.32413720719132205,lean_enriched
PWY-6121,5 aminoimidazole ribonucleotide biosynthesis I,核苷酸,0.0068,1.016,-0.06,0.1620444727464905,0.26490180342202063,0.0004,0.0005,adjusted_full,0.3252655434174515,obese_enriched
GLUCUROCAT-PWY,superpathway of  beta  D glucuronide and D glucuronate degradation,其他/未分类,0.0084,1.019,-0.006,0.16263277170872575,0.9170787059669008,0.0001,0.0001,adjusted_full,0.3252655434174515,obese_enriched
PWY-1269,CMP 3 deoxy D manno octulosonate biosynthesis I,其他/未分类,0.0112,1.026,-0.055,0.1636880813411609,0.3077089760787959,0.0001,0.0001,adjusted_full,0.3257227477192798,obese_enriched
PWY-5862,superpathway of demethylmenaquinol 9 biosynthesis,其他/未分类,-0.0048,0.989,0.142,0.16462748040929587,0.007544411549847135,0.0,0.0,adjusted_full,0.3259458657349878,lean_enriched
ARGSYN-PWY,L arginine biosynthesis I  via L ornithine,其他氨基酸,0.0078,1.018,-0.037,0.17072213128158586,0.4875258281402852,0.0004,0.0004,adjusted_full,0.3363225986247242,obese_enriched
P162-PWY,L glutamate degradation V  via hydroxyglutarate,其他氨基酸,0.0033,1.008,0.017,0.17486469109120384,0.7564836310794103,0.0,0.0,adjusted_full,0.3414380722913892,obese_enriched
GLUCOSE1PMETAB-PWY,glucose and glucose 1 phosphate degradation,其他/未分类,-0.0082,0.981,0.156,0.17505200660624523,0.003615711844135598,0.0,0.0,adjusted_full,0.3414380722913892,lean_enriched
PWY-5723,Rubisco shunt,其他/未分类,-0.0069,0.984,0.144,0.18123555302378508,0.003939360131542708,0.0,0.0,adjusted_full,0.3517576743417306,lean_enriched
PWY-4041,gamma  glutamyl cycle,其他氨基酸,0.0084,1.02,-0.01,0.18637736550203463,0.8508336478558861,0.0001,0.0001,adjusted_full,0.35996412748922374,obese_enriched
PWY-6562,norspermidine biosynthesis,多胺,-0.0008,0.998,0.084,0.18988263714251272,0.02156391428597091,0.0,0.0,adjusted_full,0.36494516602024396,lean_enriched
PWY-6837,fatty acid beta oxidation V  unsaturated  odd number  di isomerase dependent,脂肪酸/脂质,-0.001,0.998,0.177,0.20197511185572714,0.00011051490230876233,0.0,0.0,adjusted_full,0.38630191296677907,lean_enriched
PWY-6263,superpathway of menaquinol 8 biosynthesis II,其他/未分类,-0.0048,0.989,0.069,0.20300044265995396,0.19867960204891943,0.0,0.0,adjusted_full,0.38633417231392,lean_enriched
PWY-2942,L lysine biosynthesis III,其他氨基酸,0.0054,1.013,-0.092,0.20518981036505138,0.08520603068964451,0.0004,0.0004,adjusted_full,0.38633417231392,obese_enriched
PWY-6285,superpathway of fatty acids biosynthesis  E  coli,脂肪酸/脂质,-0.0059,0.986,0.108,0.20623859000423936,0.024274716369307177,0.0,0.0,adjusted_full,0.38633417231392,lean_enriched
PWY0-1338,polymyxin resistance,其他/未分类,-0.0007,0.998,0.159,0.20685927124177603,0.00030953867430554943,0.0,0.0,adjusted_full,0.38633417231392,lean_enriched
PWY-621,sucrose degradation III  sucrose invertase,糖类降解/利用,0.0101,1.023,-0.017,0.20689469634070334,0.7547801260179512,0.0001,0.0001,adjusted_full,0.38633417231392,obese_enriched
PWY-6969,TCA cycle V  2 oxoglutarate ferredoxin oxidoreductase,其他/未分类,-0.0071,0.984,0.081,0.2156950513583074,0.12851728592772887,0.0001,0.0001,adjusted_full,0.3990413392682122,lean_enriched
P124-PWY,Bifidobacterium shunt,其他/未分类,0.0079,1.018,-0.01,0.21661036027897362,0.8535184681638008,0.0,0.0,adjusted_full,0.3990413392682122,obese_enriched
PWY-5675,nitrate reduction V  assimilatory,其他/未分类,-0.005,0.989,0.14,0.2167381893487244,0.006710490803380372,0.0,0.0,adjusted_full,0.3990413392682122,lean_enriched
PWY-4242,pantothenate and coenzyme A biosynthesis III,B族维生素/辅因子,0.0064,1.015,-0.023,0.22160870861859674,0.6694583602504872,0.0004,0.0004,adjusted_full,0.4061108427708238,obese_enriched
ENTBACSYN-PWY,enterobactin biosynthesis,其他/未分类,-0.0055,0.987,0.12,0.22505473009077112,0.006245479582362661,0.0,0.0,adjusted_full,0.410516498406314,lean_enriched
PWY-6609,adenine and adenosine salvage III,核苷酸,-0.0063,0.986,0.065,0.22940919516826933,0.22179201137247917,0.0005,0.0005,adjusted_full,0.4165309810889314,lean_enriched
OANTIGEN-PWY,O antigen building blocks biosynthesis  E  coli,肽聚糖/细胞壁,0.0078,1.018,-0.047,0.23146276170499752,0.3764850822083047,0.0002,0.0002,adjusted_full,0.4183317803292157,obese_enriched
PPGPPMET-PWY,ppGpp biosynthesis,其他/未分类,0.0045,1.01,-0.063,0.23480585611193175,0.2422538033332915,0.0,0.0,adjusted_full,0.42243610642968543,obese_enriched
COA-PWY,coenzyme A biosynthesis I,其他/未分类,0.0057,1.013,-0.031,0.23765333013243373,0.5633684216942643,0.0004,0.0004,adjusted_full,0.42561550941899495,obese_enriched
P4-PWY,superpathway of L lysine  L threonine and L methionine biosynthesis I,其他氨基酸,0.0087,1.02,0.015,0.25454606964974064,0.7838430926300533,0.0001,0.0001,adjusted_full,0.4534266358109098,obese_enriched
PWY-6113,superpathway of mycolate biosynthesis,其他/未分类,0.0099,1.023,-0.058,0.2558772959726779,0.27602553635221005,0.0001,0.0001,adjusted_full,0.4534266358109098,obese_enriched
PWY-7117,C4 photosynthetic carbon assimilation cycle  PEPCK type,其他/未分类,0.009,1.021,0.018,0.25663487255287537,0.7377495176406828,0.0,0.0,adjusted_full,0.4534266358109098,obese_enriched
PYRIDNUCSAL-PWY,NAD salvage pathway I,B族维生素/辅因子,0.01,1.023,0.015,0.2579785096233626,0.7773974961530651,0.0,0.0,adjusted_full,0.45376577139109314,obese_enriched
PWY0-781,aspartate superpathway,其他/未分类,0.0084,1.019,0.016,0.2609238210663874,0.7590127103060036,0.0001,0.0001,adjusted_full,0.45690660222291835,obese_enriched
KDO-NAGLIPASYN-PWY,superpathway of  Kdo 2 lipid A biosynthesis,脂肪酸/脂质,-0.001,0.998,0.135,0.2698345545004577,0.002161197757965713,0.0,0.0,adjusted_full,0.47041953306716955,lean_enriched
PWY-5690,TCA cycle II  plants and fungi,其他/未分类,0.0052,1.012,-0.051,0.27200992131315616,0.3441122192198186,0.0001,0.0001,adjusted_full,0.47212294712503755,obese_enriched
PWY-7222,guanosine deoxyribonucleotides de novo biosynthesis II,核苷酸,0.0071,1.016,-0.044,0.27734845925635704,0.41159622216531433,0.0003,0.0003,adjusted_full,0.477184685358099,obese_enriched
PWY-7220,adenosine deoxyribonucleotides de novo biosynthesis II,核苷酸,0.0071,1.016,-0.044,0.27734845925635704,0.41159622216531433,0.0003,0.0003,adjusted_full,0.477184685358099,obese_enriched
PWY-7197,pyrimidine deoxyribonucleotide phosphorylation,核苷酸,-0.0063,0.986,0.079,0.2830990756105559,0.14071462495400558,0.0001,0.0001,adjusted_full,0.48496102517634365,lean_enriched
PWY-7385,1 3 propanediol biosynthesis  engineered,其他/未分类,-0.002,0.995,0.132,0.28511722867155737,0.0066997558806491855,0.0,0.0,adjusted_full,0.4863038445739983,lean_enriched
ARGDEG-PWY,superpathway of L arginine  putrescine  and 4 aminobutanoate degradation,短链脂肪酸-丁酸,-0.0027,0.994,0.122,0.298814807596727,0.005000090705872432,0.0,0.0,adjusted_full,0.5052919922451092,lean_enriched
ORNARGDEG-PWY,superpathway of L arginine and L ornithine degradation,其他氨基酸,-0.0027,0.994,0.122,0.298814807596727,0.005000090705872432,0.0,0.0,adjusted_full,0.5052919922451092,lean_enriched
PWY-6143,CMP pseudaminate biosynthesis,其他/未分类,0.0032,1.007,0.074,0.3044011798268321,0.1580336451611669,0.0,0.0,adjusted_full,0.5113055807578679,obese_enriched
PWY-6876,isopropanol biosynthesis,其他/未分类,-0.0009,0.998,0.081,0.3060085886092859,0.12658292662371953,0.0,0.0,adjusted_full,0.5113055807578679,lean_enriched
PWY-7242,D fructuronate degradation,其他/未分类,0.0058,1.014,0.016,0.30626425649456046,0.7699800769223375,0.0001,0.0001,adjusted_full,0.5113055807578679,obese_enriched
PWY3DJ-35471,L ascorbate biosynthesis IV,其他/未分类,-0.0012,0.997,0.068,0.309708747657983,0.0946632697568693,0.0,0.0,adjusted_full,0.5148744581318367,lean_enriched
PWY-7199,pyrimidine deoxyribonucleosides salvage,核苷酸,-0.0051,0.988,0.057,0.3115120652474615,0.2870741398532882,0.0003,0.0003,adjusted_full,0.5150659599219207,lean_enriched
PWY-7221,guanosine ribonucleotides de novo biosynthesis,核苷酸,0.0047,1.011,-0.062,0.31243848837903315,0.25095246968187734,0.0005,0.0005,adjusted_full,0.5150659599219207,obese_enriched
GLYCOL-GLYOXDEG-PWY,superpathway of glycol metabolism and degradation,其他/未分类,-0.0012,0.997,0.167,0.31799396459008306,0.0004893497975585823,0.0,0.0,adjusted_full,0.5211228885065393,lean_enriched
PWY-7210,pyrimidine deoxyribonucleotides biosynthesis from CTP,核苷酸,0.0065,1.015,-0.026,0.3187579089595837,0.6299131573691993,0.0,0.0,adjusted_full,0.5211228885065393,obese_enriched
PWY-5173,superpathway of acetyl CoA biosynthesis,其他/未分类,-0.0026,0.994,0.179,0.33275975863172647,0.0007548835102545485,0.0,0.0,adjusted_full,0.5403493184814,lean_enriched
PWY-6708,ubiquinol 8 biosynthesis  prokaryotic,B族维生素/辅因子,-0.0006,0.999,0.139,0.33737546280818376,0.0014754431107052261,0.0,0.0,adjusted_full,0.5403493184814,lean_enriched
PWY-5855,ubiquinol 7 biosynthesis  prokaryotic,B族维生素/辅因子,-0.0006,0.999,0.139,0.33737546280818376,0.0014754431107052261,0.0,0.0,adjusted_full,0.5403493184814,lean_enriched
PWY-5857,ubiquinol 10 biosynthesis  prokaryotic,B族维生素/辅因子,-0.0006,0.999,0.139,0.33737546280818376,0.0014754431107052261,0.0,0.0,adjusted_full,0.5403493184814,lean_enriched
PWY-5856,ubiquinol 9 biosynthesis  prokaryotic,B族维生素/辅因子,-0.0006,0.999,0.139,0.33737546280818376,0.0014754431107052261,0.0,0.0,adjusted_full,0.5403493184814,lean_enriched
PWY-7388,octanoyl  acyl carrier protein  biosynthesis  mitochondria  yeast,其他/未分类,0.0099,1.023,-0.006,0.3447295983300077,0.9126636828692641,0.0001,0.0001,adjusted_full,0.5451292258849718,obese_enriched
GALACTUROCAT-PWY,D galacturonate degradation I,其他/未分类,0.0053,1.012,0.013,0.34494830132476373,0.8062014866014315,0.0001,0.0001,adjusted_full,0.5451292258849718,obese_enriched
PWY-5989,stearate biosynthesis II  bacteria and plants,其他/未分类,0.0093,1.022,-0.008,0.3452797893339732,0.8792803643372769,0.0001,0.0001,adjusted_full,0.5451292258849718,obese_enriched
FERMENTATION-PWY,mixed acid fermentation,短链脂肪酸-乙酸/发酵,0.0082,1.019,0.021,0.3458941788610227,0.692238151710793,0.0001,0.0001,adjusted_full,0.5451292258849718,obese_enriched
PWY-5104,L isoleucine biosynthesis IV,支链氨基酸(BCAA),0.0102,1.024,-0.01,0.3508121629947677,0.8486529687376163,0.0001,0.0001,adjusted_full,0.5506772598403923,obese_enriched
UBISYN-PWY,superpathway of ubiquinol 8 biosynthesis  prokaryotic,B族维生素/辅因子,-0.0007,0.998,0.125,0.35461513372204645,0.003473359414366151,0.0,0.0,adjusted_full,0.5544379471685964,lean_enriched
PWY-7184,pyrimidine deoxyribonucleotides de novo biosynthesis I,核苷酸,-0.006,0.986,0.073,0.3577903337073709,0.1717187189570445,0.0001,0.0001,adjusted_full,0.5552791438154222,lean_enriched
PWY-5913,TCA cycle VI  obligate autotrophs,其他/未分类,0.0071,1.016,0.024,0.35911094191571225,0.6593546680262413,0.0,0.0,adjusted_full,0.5552791438154222,obese_enriched
PWY-5941,glycogen degradation II  eukaryotic,其他/未分类,-0.0066,0.985,0.091,0.36413001817327717,0.0904635286176137,0.0,0.0,adjusted_full,0.5552791438154222,lean_enriched
METHGLYUT-PWY,superpathway of methylglyoxal degradation,其他/未分类,-0.0027,0.994,0.127,0.36582199079958255,0.01794927291812328,0.0,0.0,adjusted_full,0.5552791438154222,lean_enriched
PWY-6126,superpathway of adenosine nucleotides de novo biosynthesis II,核苷酸,0.0044,1.01,-0.047,0.36611877075242394,0.3818894023795397,0.0004,0.0004,adjusted_full,0.5552791438154222,obese_enriched
PWY-821,superpathway of sulfur amino acid biosynthesis  Saccharomyces cerevisiae,硫/含硫代谢,-0.0041,0.991,0.067,0.36807320678843936,0.21061447107309306,0.0,0.0,adjusted_full,0.5552791438154222,lean_enriched
PWY0-1277,3 phenylpropanoate and 3  3 hydroxyphenyl propanoate degradation,短链脂肪酸-丙酸,-0.0022,0.995,0.13,0.3681258697475198,0.0016434146389890662,0.0,0.0,adjusted_full,0.5552791438154222,lean_enriched
ARG-POLYAMINE-SYN,superpathway of arginine and polyamine biosynthesis,其他氨基酸,0.0065,1.015,-0.059,0.3688016701866238,0.27010432754516966,0.0001,0.0001,adjusted_full,0.5552791438154222,obese_enriched
PWY-7031,protein N glycosylation  bacterial,其他/未分类,-0.0008,0.998,0.045,0.3695916428483854,0.20690960203985076,0.0,0.0,adjusted_full,0.5552791438154222,lean_enriched
PWY-5686,UMP biosynthesis,其他/未分类,0.0043,1.01,-0.04,0.3699285650466515,0.46004643741048534,0.0005,0.0005,adjusted_full,0.5552791438154222,obese_enriched
ARGSYNBSUB-PWY,L arginine biosynthesis II  acetyl cycle,其他氨基酸,0.0054,1.012,-0.018,0.3706558751864366,0.7382743684759346,0.0004,0.0004,adjusted_full,0.5552791438154222,obese_enriched
PWY-5971,palmitate biosynthesis II  bacteria and plants,脂肪酸/脂质,0.0093,1.022,-0.025,0.38264080863714656,0.6456011476375523,0.0001,0.0001,adjusted_full,0.571062418950893,obese_enriched
PWY-6507,4 deoxy L threo hex 4 enopyranuronate degradation,其他/未分类,0.0049,1.011,0.017,0.3856361613421111,0.7449328810713036,0.0001,0.0001,adjusted_full,0.5733609342218557,obese_enriched
PWY-4722,creatinine degradation II,其他/未分类,0.0003,1.001,-0.015,0.3886551217985248,0.6936746055350929,0.0,0.0,adjusted_full,0.5756771352955593,obese_enriched
CRNFORCAT-PWY,creatinine degradation I,其他/未分类,-0.0008,0.998,0.053,0.3932090254627554,0.2782438457550259,0.0,0.0,adjusted_full,0.5802410338289349,lean_enriched
PWY-7269,NAD NADP NADH NADPH mitochondrial interconversion  yeast,B族维生素/辅因子,-0.0005,0.999,0.149,0.40045678897398573,0.0005024125714967816,0.0,0.0,adjusted_full,0.5887312494617551,lean_enriched
PWY-4702,phytate degradation I,其他/未分类,-0.0021,0.995,0.133,0.40230938965158114,0.005449462240213475,0.0,0.0,adjusted_full,0.5892561320547323,lean_enriched
PWY-5656,mannosylglycerate biosynthesis I,其他/未分类,-0.0013,0.997,0.147,0.4052846396730342,0.0017506950338382,0.0,0.0,adjusted_full,0.5914153630784277,lean_enriched
PWY-241,C4 photosynthetic carbon assimilation cycle  NADP ME type,B族维生素/辅因子,0.0063,1.015,0.023,0.4073134717307729,0.6677701868136355,0.0,0.0,adjusted_full,0.5921826858373599,obese_enriched
PWY-5345,superpathway of L methionine biosynthesis  by sulfhydrylation,其他氨基酸,-0.0079,0.982,0.045,0.40954477661678823,0.40110637223855283,0.0,0.0,adjusted_full,0.5932376543640241,lean_enriched
PWY-7332,superpathway of UDP N acetylglucosamine derived O antigen building blocks biosynthesis,肽聚糖/细胞壁,0.0074,1.017,-0.006,0.4137410342665232,0.9070250821763304,0.0,0.0,adjusted_full,0.5961237390383958,obese_enriched
POLYAMSYN-PWY,superpathway of polyamine biosynthesis I,多胺,0.0046,1.011,-0.059,0.415037820086929,0.27334048556960033,0.0,0.0,adjusted_full,0.5961237390383958,obese_enriched
PWY-6749,CMP legionaminate biosynthesis I,其他/未分类,-0.0019,0.996,0.064,0.4160762137958346,0.2183612971576776,0.0,0.0,adjusted_full,0.5961237390383958,lean_enriched
TCA,TCA cycle I  prokaryotic,其他/未分类,0.0041,1.009,-0.031,0.4181100311592254,0.5577456838103327,0.0001,0.0001,adjusted_full,0.5962322186836287,obese_enriched
PWY0-1298,superpathway of pyrimidine deoxyribonucleosides degradation,核苷酸,-0.0038,0.991,0.038,0.42067308425805017,0.4804297660303608,0.0,0.0,adjusted_full,0.5962322186836287,lean_enriched
PWY-5004,superpathway of L citrulline metabolism,其他/未分类,-0.002,0.995,0.029,0.4206917685128142,0.5849276644372867,0.0,0.0,adjusted_full,0.5962322186836287,lean_enriched
SULFATE-CYS-PWY,superpathway of sulfate assimilation and cysteine biosynthesis,其他氨基酸,-0.0067,0.985,0.044,0.4299691510849615,0.4065908705231639,0.0,0.0,adjusted_full,0.6071965789515227,lean_enriched
PWY-6901,superpathway of glucose and xylose degradation,其他/未分类,0.0054,1.013,-0.024,0.43371400560814233,0.6560004370844432,0.0002,0.0002,adjusted_full,0.6102975650343145,obese_enriched
PWY-7229,superpathway of adenosine nucleotides de novo biosynthesis I,核苷酸,0.0035,1.008,-0.037,0.4397362031159916,0.48854415432542275,0.0004,0.0004,adjusted_full,0.6162224597894747,obese_enriched
PWY-7316,dTDP N acetylviosamine biosynthesis,其他/未分类,-0.0025,0.994,0.018,0.44235788247323515,0.7269746394240288,0.0,0.0,adjusted_full,0.6162224597894747,lean_enriched
POLYAMINSYN3-PWY,superpathway of polyamine biosynthesis II,多胺,-0.0034,0.992,0.068,0.4446882230223831,0.20385745792121057,0.0,0.0,adjusted_full,0.6162224597894747,lean_enriched
PWY-6545,pyrimidine deoxyribonucleotides de novo biosynthesis III,核苷酸,-0.0043,0.99,0.053,0.44578165946220183,0.3210924244228972,0.0001,0.0001,adjusted_full,0.6162224597894747,lean_enriched
PWY-7208,superpathway of pyrimidine nucleobases salvage,核苷酸,-0.0051,0.988,0.064,0.44729087542273593,0.2316816550586619,0.0001,0.0001,adjusted_full,0.6162224597894747,lean_enriched
PWY-6700,queuosine biosynthesis,其他/未分类,-0.004,0.991,0.042,0.4473086890857608,0.4359104722103856,0.0005,0.0005,adjusted_full,0.6162224597894747,lean_enriched
AST-PWY,L arginine degradation II  AST pathway,其他氨基酸,-0.0014,0.997,0.138,0.4516835630288836,0.0023383500670880156,0.0,0.0,adjusted_full,0.6200812677121258,lean_enriched
PWY-7204,pyridoxal 5  phosphate salvage II  plants,其他/未分类,-0.0014,0.997,0.1,0.45342487361173367,0.03118128155976727,0.0,0.0,adjusted_full,0.6203104173716079,lean_enriched
KETOGLUCONMET-PWY,ketogluconate metabolism,其他/未分类,-0.002,0.995,0.084,0.4611450568626536,0.09630211592510726,0.0,0.0,adjusted_full,0.6286891086639638,lean_enriched
FASYN-INITIAL-PWY,superpathway of fatty acid biosynthesis initiation  E  coli,脂肪酸/脂质,0.0081,1.019,0.003,0.4640978098821582,0.9487864366407321,0.0001,0.0001,adjusted_full,0.6305328865295529,obese_enriched
P108-PWY,pyruvate fermentation to propanoate I,短链脂肪酸-丙酸,-0.0038,0.991,0.057,0.46648802558699687,0.28592090755961885,0.0001,0.0,adjusted_full,0.6316023439219133,lean_enriched
PWY-6953,dTDP 3 acetamido 3 6 dideoxy  alpha  D galactose biosynthesis,其他/未分类,-0.0012,0.997,0.096,0.4709212856588787,0.021685976878331296,0.0,0.0,adjusted_full,0.6354211868136924,lean_enriched
PWY66-391,fatty acid  beta  oxidation VI  peroxisome,脂肪酸/脂质,0.0015,1.003,-0.007,0.48563923907217843,0.8910265719236954,0.0,0.0,adjusted_full,0.6493672414432922,obese_enriched
HISDEG-PWY,L histidine degradation I,其他氨基酸,-0.006,0.986,0.011,0.4889541474761029,0.830346395267356,0.0001,0.0001,adjusted_full,0.6493672414432922,lean_enriched
PWY-5994,palmitate biosynthesis I  animals and fungi,脂肪酸/脂质,-0.0047,0.989,0.052,0.48952353172908003,0.33111054539676743,0.0,0.0,adjusted_full,0.6493672414432922,lean_enriched
SO4ASSIM-PWY,sulfate reduction I  assimilatory,硫/含硫代谢,-0.0044,0.99,0.047,0.49096433289974484,0.38492144068938083,0.0,0.0,adjusted_full,0.6493672414432922,lean_enriched
PWY-6690,cinnamate and 3 hydroxycinnamate degradation to 2 oxopent 4 enoate,其他/未分类,-0.0014,0.997,0.127,0.49114578159924127,0.002667492147534627,0.0,0.0,adjusted_full,0.6493672414432922,lean_enriched
HCAMHPDEG-PWY,3 phenylpropanoate and 3  3 hydroxyphenyl propanoate degradation to 2 oxopent 4 enoate,短链脂肪酸-丙酸,-0.0014,0.997,0.127,0.49114578159924127,0.002667492147534627,0.0,0.0,adjusted_full,0.6493672414432922,lean_enriched
NAGLIPASYN-PWY,lipid IVA biosynthesis,脂肪酸/脂质,0.0044,1.01,-0.007,0.49336652625279487,0.8950318706168257,0.0,0.0,adjusted_full,0.6501217770689002,obese_enriched
PWY-6282,palmitoleate biosynthesis I  from  5Z  dodec 5 enoate,脂肪酸/脂质,0.0067,1.016,0.002,0.4998056481748612,0.974657392748882,0.0001,0.0001,adjusted_full,0.6564114179363177,obese_enriched
GLUDEG-I-PWY,GABA shunt,其他/未分类,-0.0027,0.994,0.064,0.5068464114039574,0.23086823678782453,0.0,0.0,adjusted_full,0.6616408071437565,lean_enriched
GALACTARDEG-PWY,D galactarate degradation I,其他/未分类,-0.0025,0.994,0.079,0.5088252907729904,0.14069684463636245,0.0,0.0,adjusted_full,0.6616408071437565,lean_enriched
GLUCARGALACTSUPER-PWY,superpathway of D glucarate and D galactarate degradation,其他/未分类,-0.0025,0.994,0.079,0.5088252907729904,0.14069684463636245,0.0,0.0,adjusted_full,0.6616408071437565,lean_enriched
PWY-6386,UDP N acetylmuramoyl pentapeptide biosynthesis II  lysine containing,其他氨基酸,0.0029,1.007,-0.029,0.5113587174261653,0.5938089610546599,0.0006,0.0006,adjusted_full,0.6627478114010169,obese_enriched
GLUCARDEG-PWY,D glucarate degradation I,其他/未分类,-0.002,0.995,0.085,0.5145590748356987,0.11085242763694209,0.0,0.0,adjusted_full,0.6647090999516896,lean_enriched
PWY-7288,fatty acid  beta  oxidation  peroxisome  yeast,脂肪酸/脂质,0.001,1.002,-0.003,0.5262385937409039,0.9597039265845076,0.0,0.0,adjusted_full,0.6751120115084086,obese_enriched
PWY-5384,sucrose degradation IV  sucrose phosphorylase,糖类降解/利用,0.0037,1.009,0.035,0.5273805939326219,0.5157178913371201,0.0,0.0,adjusted_full,0.6751120115084086,obese_enriched
PROPFERM-PWY,L alanine fermentation to propanoate and acetate,短链脂肪酸-丙酸,0.0006,1.001,-0.043,0.5277525369152026,0.40667350117155776,0.0,0.0,adjusted_full,0.6751120115084086,obese_enriched
PWY-7198,pyrimidine deoxyribonucleotides de novo biosynthesis IV,核苷酸,-0.004,0.991,0.08,0.5330865891431844,0.1363908458936992,0.0001,0.0001,adjusted_full,0.6797285311405005,lean_enriched
PWY0-862,5Z  dodec 5 enoate biosynthesis,其他/未分类,0.0063,1.015,0.003,0.535507473939113,0.9580212872593739,0.0001,0.0001,adjusted_full,0.6806127249419694,obese_enriched
PWY-7003,glycerol degradation to butanol,其他/未分类,-0.0018,0.996,-0.002,0.5410799153043213,0.9694801784617593,0.0,0.0,adjusted_full,0.685483879838915,lean_enriched
PWYG-321,mycolate biosynthesis,其他/未分类,0.0061,1.014,-0.0,0.5560577293936635,0.9983348783859625,0.0001,0.0001,adjusted_full,0.702201106990716,obese_enriched
SALVADEHYPOX-PWY,adenosine nucleotides degradation II,核苷酸,0.0034,1.008,-0.053,0.5652377446487047,0.32426914311848476,0.0001,0.0001,adjusted_full,0.7106105376361919,obese_enriched
PWY-7664,oleate biosynthesis IV  anaerobic,脂肪酸/脂质,0.0058,1.013,0.001,0.5663241340552392,0.981130366984302,0.0001,0.0001,adjusted_full,0.7106105376361919,obese_enriched
BIOTIN-BIOSYNTHESIS-PWY,biotin biosynthesis I,B族维生素/辅因子,0.0053,1.012,-0.004,0.5700823527391629,0.9362383086806526,0.0001,0.0001,adjusted_full,0.7130553872356513,obese_enriched
PWY-6396,superpathway of 2 3 butanediol biosynthesis,其他/未分类,-0.0002,1.0,0.064,0.5725092952097914,0.03971644084209943,0.0,0.0,adjusted_full,0.7136770537074348,lean_enriched
FAO-PWY,fatty acid  beta  oxidation I,脂肪酸/脂质,0.0028,1.007,-0.066,0.5742020965108041,0.21830338477390032,0.0,0.0,adjusted_full,0.7136770537074348,obese_enriched
PWY-5136,fatty acid  beta  oxidation II  peroxisome,脂肪酸/脂质,0.0026,1.006,-0.067,0.5780399462028984,0.20815827707973256,0.0,0.0,adjusted_full,0.7161878578740314,obese_enriched
FASYN-ELONG-PWY,fatty acid elongation    saturated,脂肪酸/脂质,0.0054,1.013,0.0,0.5908833496964356,0.996484752079689,0.0001,0.0001,adjusted_full,0.7298057673366635,obese_enriched
PWY-5030,L histidine degradation III,其他氨基酸,0.0047,1.011,-0.014,0.5987049413505865,0.7997451334385632,0.0001,0.0001,adjusted_full,0.7371554590379097,obese_enriched
GLYCOLYSIS-E-D,superpathway of glycolysis and Entner Doudoroff,糖类降解/利用,0.0032,1.007,0.012,0.6098449610833532,0.8218581547568684,0.0001,0.0001,adjusted_full,0.7478832821724445,obese_enriched
PWY-6531,mannitol cycle,其他/未分类,0.0019,1.004,0.023,0.6112142559886475,0.6627099906066393,0.0,0.0,adjusted_full,0.7478832821724445,obese_enriched
PWY0-1533,methylphosphonate degradation I,其他/未分类,-0.0002,0.999,0.1,0.6167221319562645,0.018389074198952693,0.0,0.0,adjusted_full,0.7496734580143929,lean_enriched
FUCCAT-PWY,fucose degradation,其他/未分类,-0.0024,0.995,0.028,0.6175207260689313,0.595093493868999,0.0,0.0,adjusted_full,0.7496734580143929,lean_enriched
HEXITOLDEGSUPER-PWY,superpathway of hexitol degradation  bacteria,其他/未分类,0.0029,1.007,-0.023,0.6183854666362378,0.6674327624612233,0.0001,0.0001,adjusted_full,0.7496734580143929,obese_enriched
PWY-7046,4 coumarate degradation  anaerobic,其他/未分类,-0.0011,0.998,0.063,0.6228860966263048,0.2412908183450143,0.0,0.0,adjusted_full,0.7528132578857795,lean_enriched
PWY0-1297,superpathway of purine deoxyribonucleosides degradation,核苷酸,0.004,1.009,-0.075,0.63078963295147,0.15893207587895375,0.0,0.0,adjusted_full,0.7600339919965724,obese_enriched
PWY-6519,8 amino 7 oxononanoate biosynthesis I,其他/未分类,0.0045,1.01,0.004,0.6363144519532663,0.9378982486120092,0.0001,0.0001,adjusted_full,0.7641504429078095,obese_enriched
ALLANTOINDEG-PWY,superpathway of allantoin degradation in yeast,其他/未分类,0.0007,1.002,0.019,0.6380850145093131,0.7128061167808338,0.0,0.0,adjusted_full,0.7641504429078095,obese_enriched
PWY-6478,GDP D glycero  alpha  D manno heptose biosynthesis,其他/未分类,-0.0007,0.998,0.047,0.6413543359244746,0.35326246704812536,0.0,0.0,adjusted_full,0.7657382071340696,lean_enriched
PWY-5188,tetrapyrrole biosynthesis I  from glutamate,其他氨基酸,0.003,1.007,-0.036,0.6450096145196833,0.5029202865210933,0.0001,0.0001,adjusted_full,0.767775794926753,obese_enriched
PWY-6703,preQ0 biosynthesis,其他/未分类,0.0028,1.007,-0.026,0.650543162637713,0.6294204437660369,0.0002,0.0002,adjusted_full,0.7720301387929485,obese_enriched
PWY-5138,unsaturated  even numbered fatty acid  beta  oxidation,脂肪酸/脂质,-0.0011,0.997,0.053,0.6615242554848793,0.3211227587993545,0.0,0.0,adjusted_full,0.7827043743574847,lean_enriched
1CMET2-PWY,N10 formyl tetrahydrofolate biosynthesis,B族维生素/辅因子,0.0018,1.004,-0.025,0.6661878044509228,0.6391684140925988,0.0004,0.0004,adjusted_full,0.7858622603403101,obese_enriched
PWY-7446,sulfoglycolysis,糖类降解/利用,-0.0003,0.999,0.082,0.6685560893487792,0.04690433109824042,0.0,0.0,adjusted_full,0.7863017886669224,lean_enriched
P185-PWY,formaldehyde assimilation III  dihydroxyacetone cycle,其他/未分类,0.0012,1.003,-0.041,0.6822031406461492,0.44401156207768433,0.0,0.0,adjusted_full,0.79849620962002,obese_enriched
PWY-7013,L 1 2 propanediol degradation,其他/未分类,0.0016,1.004,-0.053,0.6829777224414892,0.31861038227216865,0.0,0.0,adjusted_full,0.79849620962002,obese_enriched
PWY-5022,4 aminobutanoate degradation V,短链脂肪酸-丁酸,-0.0015,0.997,0.052,0.6873895432435069,0.3302228805507751,0.0,0.0,adjusted_full,0.8012765681595909,lean_enriched
THREOCAT-PWY,superpathway of L threonine metabolism,其他氨基酸,-0.0006,0.999,0.092,0.708722205094718,0.004468623840675263,0.0,0.0,adjusted_full,0.8237066336499081,lean_enriched
PWY-6387,UDP N acetylmuramoyl pentapeptide biosynthesis I  meso diaminopimelate containing,其他/未分类,0.0016,1.004,-0.017,0.7127473743953971,0.7477422086504599,0.0006,0.0006,adjusted_full,0.8259484279758427,obese_enriched
UDPNAGSYN-PWY,UDP N acetyl D glucosamine biosynthesis I,其他/未分类,0.0026,1.006,-0.009,0.7267922364722694,0.8628473364690454,0.0002,0.0002,adjusted_full,0.8374140528220294,obese_enriched
PWY-7228,superpathway of guanosine nucleotides de novo biosynthesis I,核苷酸,-0.0025,0.994,0.052,0.7268924011805433,0.33345785529745076,0.0002,0.0002,adjusted_full,0.8374140528220294,lean_enriched
PWY-5747,2 methylcitrate cycle II,其他/未分类,-0.0006,0.999,0.138,0.73381206638071,0.0046139893228486955,0.0,0.0,adjusted_full,0.8429211491370253,lean_enriched
PWY-5265,peptidoglycan biosynthesis II  staphylococci,肽聚糖/细胞壁,0.0017,1.004,0.014,0.7442647878520416,0.7687101161324752,0.0,0.0,adjusted_full,0.852442809342164,obese_enriched
PWY-6318,L phenylalanine degradation IV  mammalian  via side chain,芳香族氨基酸/吲哚,-0.0004,0.999,-0.051,0.7562666205567545,0.2924126379533891,0.0,0.0,adjusted_full,0.863678401447424,lean_enriched
PWY-6123,inosine 5  phosphate biosynthesis I,其他/未分类,0.0016,1.004,-0.012,0.760429423284346,0.8236624551095832,0.0003,0.0003,adjusted_full,0.8659225224683016,obese_enriched
PWY0-42,2 methylcitrate cycle I,其他/未分类,-0.0006,0.999,0.13,0.7629004307109495,0.004962288082120036,0.0,0.0,adjusted_full,0.8662327657063807,lean_enriched
PWY-7094,fatty acid salvage,脂肪酸/脂质,-0.0004,0.999,0.124,0.7733638915659771,0.005638285767371994,0.0,0.0,adjusted_full,0.8755901530948131,lean_enriched
3-HYDROXYPHENYLACETATE-DEGRADATION-PWY,4 hydroxyphenylacetate degradation,短链脂肪酸-乙酸/发酵,-0.0003,0.999,0.072,0.7774632220558167,0.03124239928085844,0.0,0.0,adjusted_full,0.8777091962463949,lean_enriched
PWY-7211,superpathway of pyrimidine deoxyribonucleotides de novo biosynthesis,核苷酸,-0.0014,0.997,0.022,0.785784530319967,0.6762276927771591,0.0001,0.0001,adjusted_full,0.884568871274477,lean_enriched
PWY-841,superpathway of purine nucleotides de novo biosynthesis I,核苷酸,-0.0016,0.996,0.04,0.7971764385387096,0.45108300152401415,0.0002,0.0002,adjusted_full,0.893100472857871,lean_enriched
PWY-5705,allantoin degradation to glyoxylate III,其他/未分类,0.0002,1.0,0.105,0.7978968691522096,0.014747382724790443,0.0,0.0,adjusted_full,0.893100472857871,obese_enriched
P441-PWY,superpathway of N acetylneuraminate degradation,其他/未分类,0.0013,1.003,0.032,0.8128940923696314,0.5493631280086035,0.0001,0.0001,adjusted_full,0.9034848637543352,obese_enriched
PWY-6590,superpathway of Clostridium acetobutylicum acidogenic fermentation,短链脂肪酸-乙酸/发酵,0.0011,1.002,-0.007,0.813670927623651,0.8942982764404414,0.0,0.0,adjusted_full,0.9034848637543352,obese_enriched
PWY-3781,aerobic respiration I  cytochrome c,其他/未分类,0.0002,1.0,0.046,0.8153727945317323,0.3400974861764292,0.0,0.0,adjusted_full,0.9034848637543352,obese_enriched
PWY-6823,molybdenum cofactor biosynthesis,其他/未分类,-0.0003,0.999,0.094,0.8163467296866582,0.06944619954044719,0.0,0.0,adjusted_full,0.9034848637543352,lean_enriched
PWY-622,starch biosynthesis,其他/未分类,0.0015,1.003,0.077,0.8214342774385677,0.15005011545651023,0.0,0.0,adjusted_full,0.9050487488977402,obese_enriched
PWY-5910,superpathway of geranylgeranyldiphosphate biosynthesis I  via mevalonate,其他/未分类,-0.0002,1.0,0.102,0.8223539393537843,0.022955683165186286,0.0,0.0,adjusted_full,0.9050487488977402,lean_enriched
PWY-6435,4 hydroxybenzoate biosynthesis V,其他/未分类,0.0003,1.001,0.015,0.8248585914035661,0.7424444786756876,0.0,0.0,adjusted_full,0.905276559924805,obese_enriched
PWY-5177,glutaryl CoA degradation,其他/未分类,0.0013,1.003,0.015,0.8348999008283218,0.7781471241069826,0.0001,0.0001,adjusted_full,0.9137515581287744,obese_enriched
PWY-5083,NAD NADH phosphorylation and dephosphorylation,B族维生素/辅因子,-0.0011,0.998,0.067,0.8459589750301986,0.2097440185852555,0.0,0.0,adjusted_full,0.9232904048806045,lean_enriched
COA-PWY-1,coenzyme A biosynthesis II  mammalian,其他/未分类,-0.0009,0.998,0.035,0.8519514947686114,0.5181173522701592,0.0005,0.0005,adjusted_full,0.9272621241404223,lean_enriched
PWY-6385,peptidoglycan biosynthesis III  mycobacteria,肽聚糖/细胞壁,0.0008,1.002,0.005,0.8547659314403755,0.9244427012333042,0.0005,0.0005,adjusted_full,0.9277624710399668,obese_enriched
PWY0-1296,purine ribonucleosides degradation,核苷酸,0.0012,1.003,-0.007,0.8601421433117924,0.8998024076109482,0.0004,0.0004,adjusted_full,0.9279449310977955,obese_enriched
PWY0-1479,tRNA processing,其他/未分类,-0.001,0.998,0.006,0.8616306179104751,0.910457169158695,0.0001,0.0001,adjusted_full,0.9279449310977955,lean_enriched
PWY-6628,superpathway of L phenylalanine biosynthesis,芳香族氨基酸/吲哚,-0.0014,0.997,0.055,0.8619996060451603,0.29814971789072875,0.0,0.0,adjusted_full,0.9279449310977955,lean_enriched
HEMESYN2-PWY,heme biosynthesis II  anaerobic,其他/未分类,-0.0004,0.999,0.07,0.8807660818789991,0.19054658430795224,0.0,0.0,adjusted_full,0.9440532921563143,lean_enriched
PWY-6125,superpathway of guanosine nucleotides de novo biosynthesis II,核苷酸,-0.001,0.998,0.041,0.8823835140199754,0.44401160332808043,0.0002,0.0002,adjusted_full,0.9440532921563143,lean_enriched
PWY66-367,ketogenesis,其他/未分类,-0.0,1.0,0.013,0.8842090094785362,0.7656110934620529,0.0,0.0,adjusted_full,0.9440532921563143,obese_enriched
LPSSYN-PWY,superpathway of lipopolysaccharide biosynthesis,肽聚糖/细胞壁,-0.0002,1.0,0.091,0.8873192411061204,0.023405716378081087,0.0,0.0,adjusted_full,0.9440532921563143,lean_enriched
PWY-6572,chondroitin sulfate degradation I  bacterial,硫/含硫代谢,0.0004,1.001,0.036,0.8914877124326703,0.4974340838984086,0.0,0.0,adjusted_full,0.9440532921563143,obese_enriched
CENTFERM-PWY,pyruvate fermentation to butanoate,短链脂肪酸-丁酸,0.0006,1.001,-0.003,0.8934729579480944,0.9591298730045681,0.0,0.0,adjusted_full,0.9440532921563143,obese_enriched
PRPP-PWY,superpathway of histidine  purine  and pyrimidine biosynthesis,其他氨基酸,0.0007,1.002,0.001,0.8937357308992518,0.9792807993371917,0.0001,0.0001,adjusted_full,0.9440532921563143,obese_enriched
PWY66-398,TCA cycle III  animals,其他/未分类,0.0002,1.001,0.044,0.9006140814931111,0.41163402382268677,0.0,0.0,adjusted_full,0.9485260468140051,obese_enriched
PWY-6124,inosine 5  phosphate biosynthesis II,其他/未分类,0.0007,1.002,-0.001,0.9027849430336343,0.9798356592276192,0.0003,0.0003,adjusted_full,0.9485260468140051,obese_enriched
PWY66-389,phytol degradation,其他/未分类,-0.0002,1.0,0.124,0.9065619107214273,0.019097040345235104,0.0,0.0,adjusted_full,0.9499611511283041,lean_enriched
PEPTIDOGLYCANSYN-PWY,peptidoglycan biosynthesis I  meso diaminopimelate containing,肽聚糖/细胞壁,0.0005,1.001,-0.005,0.9144507880778578,0.925732083515097,0.0005,0.0005,adjusted_full,0.9521590010324998,obese_enriched
PWY-5676,acetyl CoA fermentation to butanoate II,短链脂肪酸-丁酸,0.0005,1.001,-0.008,0.9152615014952763,0.8884328133722159,0.0,0.0,adjusted_full,0.9521590010324998,obese_enriched
PWY-5464,superpathway of cytosolic glycolysis  plants   pyruvate dehydrogenase and TCA cycle,糖类降解/利用,0.0003,1.001,0.077,0.915909292871364,0.14915696963926126,0.0,0.0,adjusted_full,0.9521590010324998,obese_enriched
PWY-5005,biotin biosynthesis II,B族维生素/辅因子,0.0005,1.001,-0.017,0.9256514282446526,0.7537223380622763,0.0,0.0,adjusted_full,0.9597543756010346,obese_enriched
GLYCOLYSIS,glycolysis I  from glucose 6 phosphate,糖类降解/利用,-0.0005,0.999,0.021,0.9319023240688172,0.6985785545228704,0.0002,0.0002,adjusted_full,0.9636995162286457,lean_enriched
PWY-7409,phospholipid remodeling  phosphatidylethanolamine  yeast,脂肪酸/脂质,-0.0001,1.0,0.071,0.9355179481230806,0.028509152536275006,0.0,0.0,adjusted_full,0.9649059464934392,lean_enriched
PWY1G-0,mycothiol biosynthesis,其他/未分类,-0.0,1.0,0.037,0.9418517717403803,0.28257685954156764,0.0,0.0,adjusted_full,0.9658975764196182,obese_enriched
FUC-RHAMCAT-PWY,superpathway of fucose and rhamnose degradation,其他/未分类,-0.0004,0.999,0.029,0.9425848196616783,0.5910834464611535,0.0,0.0,adjusted_full,0.9658975764196182,lean_enriched
PWY-922,mevalonate pathway I,其他/未分类,-0.0001,1.0,0.104,0.9465062941644782,0.02064593049741882,0.0,0.0,adjusted_full,0.9658975764196182,lean_enriched
DENOVOPURINE2-PWY,superpathway of purine nucleotides de novo biosynthesis II,核苷酸,-0.0004,0.999,0.033,0.9504654783053202,0.5436556240956081,0.0002,0.0002,adjusted_full,0.9658975764196182,lean_enriched
PWY66-400,glycolysis VI  metazoan,糖类降解/利用,-0.0004,0.999,0.032,0.9530844557873743,0.5479721061425675,0.0002,0.0002,adjusted_full,0.9658975764196182,lean_enriched
PWY0-41,allantoin degradation IV  anaerobic,其他/未分类,0.0,1.0,0.096,0.9558340528003751,0.01649656291384609,0.0,0.0,adjusted_full,0.9658975764196182,obese_enriched
PWY-7315,dTDP N acetylthomosamine biosynthesis,其他/未分类,0.0004,1.001,0.076,0.9558403822685412,0.1574269866228014,0.0,0.0,adjusted_full,0.9658975764196182,obese_enriched
PWY-5692,allantoin degradation to glyoxylate II,其他/未分类,0.0,1.0,0.11,0.958543026345357,0.0051458893427220095,0.0,0.0,adjusted_full,0.9658975764196182,obese_enriched
URDEGR-PWY,superpathway of allantoin degradation in plants,其他/未分类,0.0,1.0,0.11,0.958543026345357,0.0051458893427220095,0.0,0.0,adjusted_full,0.9658975764196182,obese_enriched
PWY-1861,formaldehyde assimilation II  RuMP Cycle,其他/未分类,-0.0004,0.999,0.055,0.9637738827594562,0.306829912643938,0.0,0.0,adjusted_full,0.9686910964470045,lean_enriched
PWY-5484,glycolysis II  from fructose 6 phosphate,糖类降解/利用,-0.0002,1.0,0.022,0.9722676114001809,0.6833637466272358,0.0002,0.0002,adjusted_full,0.9747415747879676,lean_enriched
PWY-4981,L proline biosynthesis II  from arginine,其他氨基酸,0.0001,1.0,-0.021,0.9937711377683345,0.7001240299458042,0.0001,0.0001,adjusted_full,0.9937711377683346,obese_enriched
