evidence_id,source_database,source_accession,source_url,title,abstract,publication_types,clinical_interventions,enrollment,phase,primary_outcomes,secondary_outcomes,arms,detail_status
EUROPEPMC:PMC12938260,publisher supplementary data,PMC12938260,,"Lactobacillus helveticus UA881 Improves Body Composition, Lipid Profiles, and Gut Microbiota in Overweight Adults: A Randomized Double-Blind Placebo-Controlled Trial",,,,,,,,,unsupported_source
EUROPEPMC:41163054,PubMed,41163054,https://europepmc.org/article/MED/41163054,"The effects of a newly developed beverage powder supplement on anthropometric measures, body composition, metabolic syndrome components, and appetite in obese or overweight adults: a protocol for a randomized clinical trial study.","Overweight and obesity result from excessive fat accumulation and pose significant global health challenges linked to various diseases. Recent research suggests that gut microbiota, particularly dysbiosis, is vital in obesity development. Next-generation probiotics, especially Akkermansia muciniphila, alongside compounds found in green tea extract and konjac glucomannan, offer promise in obesity management by enhancing gut microbiota balance and metabolic function. This research investigates a unique supplement that integrates these elements, proposing that it will outperform lifestyle changes alone in improving anthropometric measures, body composition, metabolic metrics, blood pressure, and appetite among overweight or obese adults.; This study will include 72 overweight or obese patients, who will be randomly assigned to either the intervention or control group within a randomized, triple-blind controlled clinical trial. The intervention group will consume 2 g of beverage sachets containing pasteurized Akkermansia muciniphila, green tea extract, and konjac glucomannan three times daily. In comparison, the control group will take 2 g of microcrystalline cellulose three times daily for 8 weeks. Evaluations of anthropometry (body mass index, waist and hip circumference), body composition (fat mass, fat-free mass, total body water, etc.), appetite using a visual analogue scale, blood pressure, and biochemical parameters including fasting blood glucose (FBS), total cholesterol (TC), triglycerides (TG), low- and high-density lipoprotein (LDL and HDL) will be conducted.; The results of this study will provide evidence for the synergistic effects of Akkermansia muciniphila combined with prebiotics in the management of obesity and its associated metabolic states.; Iranian Registry of Clinical Trials (IRCT20250222064807N2) (2025/03/26).",Journal Article; Clinical Trial Protocol,,,,,,,ok
NCT:NCT02125955,ClinicalTrials.gov,NCT02125955,https://clinicaltrials.gov/study/NCT02125955,"Effect of Prebiotic Intake on Adiposity, Satiety and Gut Microbiota in Overweight and Obese Children",,,Prebiotic fiber; Placebo,42,NA,Body fat,Appetite regulation,Prebiotic fiber; Placebo,ok
NCT:NCT02151825,ClinicalTrials.gov,NCT02151825,https://clinicaltrials.gov/study/NCT02151825,Effect of a Synbiotic on the Gut Microbiota and Adiposity-related Markers in Healthy Overweight Subjects,,,Synbiotic; Placebo,54,NA,Changes to the gut microbiota,Body composition; Expression of genes mediating dietary energy harvest and adiposity; Adiposity-related metabolic markers,Synbiotic; Placebo,ok
EUROPEPMC:41512635,PubMed,41512635,https://europepmc.org/article/MED/41512635,"Effects of a novel synbiotic intervention on abdominal visceral fat reductions and gut microbiota in overweight and obese adults: A randomized, double-blind, placebo-controlled trial.","Emerging evidence highlight the gut microbiome as an important regulator of metabolic health, with probiotics and prebiotics demonstrating exciting potential for their role in health promotion. This study aims to investigate a novel synbiotic formulation comprising four probiotic strains (Bifidobacterium animalis subsp. lactis CECT 8145, and three Lacticaseibacillus rhamnosus strains), prebiotics (inulin, fructooligosaccharides), and Chrysanthemum morifolium extract. We hypothesized that this intervention would improve metabolic health parameters, particularly visceral adiposity.; In a 12-week, double-blind, randomized, placebo-controlled, parallel-group trial with a 6-week post-intervention follow-up, 112 participants (BMI: 24.0-34.9 kg/m2) received daily synbiotic or a matched placebo. Changes in visceral adipose tissue (VAT) area, serving as the primary endpoint, were quantified by dual-energy X-ray absorptiometry (DXA). Secondary outcomes included analysis of blood biochemical parameters, body composition, and fecal microbiota characterization.; Compared with placebo, synbiotic supplementation significantly reduced VAT area from baseline to week 12 (p = 0.048). In subgroup analyses by gender and BMI, the effect was more pronounced in men than in women (p = 0.051) and was highly significant in individuals with 24 ≤ BMI <28 (p = 0.003). However, subcutaneous adipose tissue (SAT) increased in the 24 ≤ BMI <28 subgroup (p = 0.027). Although no significant changes occurred in blood biochemistry, BMI, or waist circumference, the synbiotic group showed a trend toward greater total body fat reduction between weeks 12-18 (p = 0.077). Microbiota analysis revealed transient enrichment of B. animalis subsp. lactis (ASV110) and L. rhamnosus (ASV473), which dissipated by week 18.; This synbiotic formulation reduced visceral fat, a key driver of metabolic dysfunction, and modulated adipose distribution, particularly in men and overweight (24 ≤ BMI <28) individuals. These results support its use as a functional food for visceral adiposity management.; This study was registered on the website of www.chictr.org.cn, number ChiCTR2400088457.",Journal Article,,,,,,,ok
EUROPEPMC:42116047,PubMed,42116047,https://europepmc.org/article/MED/42116047,"Probiotic Bifidobacterium bifidum BGN4 supplementation modulates gut microbiome composition and reduces circulating zonulin, TNFα, and insulin in adults with excess adiposity: a randomized, double-blind, placebo-controlled trial.","Obesity, characterized by excess body fat accumulation, is closely linked to the alteration of gut microbiota, which contribute to systemic inflammation. Probiotics intervention has emerged as a promising strategy favorably modulating gut microbiota composition in obese individuals accompanied by improvements in metabolic parameters. The objective of this study was to evaluate whether supplementation with Bifidobacterium bifidum BGN4 alters gut microbiota composition and to assess its associated effects on circulating zonulin, a marker of intestinal permeability, as well as metabolic parameters in individuals with excess adiposity.; This randomized, double-blind, placebo-controlled trial involved 60 adults with excess body fat (body fat percentage ≥ 20% for males and ≥ 28% for females). A total of 60 adults were enrolled, and sex- and age-stratified randomization allocated 30 participants to each group. Participants received one capsule of B. bifidum BGN4 (9 × 109 colony forming unit) or matched placebo for 8 weeks. Blood samples were analyzed for zonulin, TNFα, hs-CRP, glucose, insulin, lipid profiles, and total antioxidant capacity. Fecal samples were analyzed to determine alterations in gut microbiota composition.; A total of 58 participants, with 29 individuals in each group, successfully completed the 8-week intervention. Supplementation with B. bifidum BGN4 did not result in significant changes in BMI, body fat percentage, or the primary outcome, hs-CRP. In contrast, significant improvements were observed in serum zonulin (between-group differences: -1.61 ± 2.69 ng/mL), TNFα (between-group differences: -0.17 ± 0.26 pg/mL), and fasting insulin (between-group differences: -3.52 ± 10.25 μIU/mL). The probiotic intervention modulated the enrichment of several taxa, including Bacteroides coprocola, Bifidobacterium catenulatum group, Lactiplantibacillus plantarum group, and Prevotella stercorea. In addition, several microbial taxa demonstrated correlations with metabolic and inflammatory parameters. No adverse effects were observed, as indicated by stable liver enzyme concentrations, blood pressure, and gastrointestinal symptoms.; The results indicate that B. bifidum BGN4 may serve as a preventive strategy for metabolic disorders in individuals with excess adiposity through the maintenance of gut microbial balance and intestinal barrier integrity thereby potentially mitigating inflammation and metabolic stress.; Clinical trial registration number: KCT0010817. Date of registration: July 28, 2025.",Journal Article,,,,,,,ok
PMID:40598275,PubMed,40598275,https://pubmed.ncbi.nlm.nih.gov/40598275/,"Differential effects of inulin and fructooligosaccharides on gut microbiota composition and glycemic metabolism in overweight/obese and healthy individuals: a randomized, double-blind clinical trial.","Modulating the gut microbiota with prebiotics is a promising strategy for managing metabolic diseases. However, the clinical effects on glycemic metabolism across different populations remain uncertain. In this study, we conducted a randomized, double-blind investigation to examine the impact of inulin and fructooligosaccharides (FOS) on glycemic metabolism in overweight/obese and healthy adults.; A total of 131 adults were included, with 44 receiving inulin, 43 receiving FOS, and 44 receiving placebo over a period of 4 weeks. Blood and fecal samples were collected before and after the intervention, and various metabolic parameters, gut microbiota composition, and metabolites were analyzed.; Placebo had no effect on glycemic metabolism or gut microbiota. Inulin significantly reduced glucose levels at 1 h (Cohen's d = 0.71, p = 0.041) and 2 h (Cohen's d = 0.73, p = 0.028) during oral glucose tolerance test (OGTT), increased fasting insulin (Cohen's d = 0.70, p = 0.008), and lowered homocysteine (HCY) levels (Cohen's d = 0.76, p = 0.014) in overweight/obese individuals. These effects were not observed in healthy individuals. In contrast, although FOS significantly decreased HCY (Cohen's d = 0.72, p = 0.023), it did not improve glycemic metrics in either group. Inulin also reduced the abundance of Ruminococcus by 72.0% (from 1.661% ± 1.501% to 0.465% ± 0.594%), positively correlating with improved glycemic outcomes. Propionate levels decreased significantly in both overweight/obese (Cohen's d = 0.89, p = 0.014) and healthy participants (Cohen's d = 1.19, p = 0.020) following inulin. Functional prediction of gut microbiota revealed upregulation of microbial folate and glutathione metabolism with inulin, and purine metabolism with FOS.; Practically, inulin may be more suitable for managing glycemic dysregulation in overweight or obese individuals, while FOS may be considered for HCY reduction in individuals with normal glycemic status. Such targeted use of prebiotics could complement existing dietary and pharmacologic strategies in personalized metabolic care.; ChiCTR-IOR-17010574.",Journal Article; Randomized Controlled Trial,,,,,,,ok
PMID:41321998,PubMed,41321998,https://pubmed.ncbi.nlm.nih.gov/41321998/,Gut microbiome enterotypes and temporal variations during a six-month inulin-supplemented weight loss randomized controlled trial in Thai children with obesity.,"Gut microbiome profiles can reflect the host's health status and have the potential to predict the effectiveness of medical interventions. In this study, gut microbiome enterotypes of 143 Thai children with obesity who participated in a randomized controlled trial of inulin supplementation were analyzed to identify microbial markers for weight loss responses and healthier lifestyles. Two gut microbiome enterotypes, which encompass 25 % of the children with obesity, were exclusive to children with obesity, including a rarely described Megasphaera enterotype. Megasphaera enterotype was also positively associated with dietary fiber intake specifically in the inulin group. Prevotella and Bacteroides enterotypes are significantly associated with poor health status, including longer times spent on electronic devices and lower concentrations of butyrate, a beneficial short-chain fatty acid. Children with these enterotypes also exhibited some of the best weight loss outcomes after receiving only behavioral and dietary advice. Observed associations between enterotypes and clinical parameters are consistent with earlier research of different populations. Intervention-specific associations suggest potential criteria for a personalized selection of weight loss interventions.",Journal Article,,,,,,,ok
PMID:37580231,PubMed,37580231,https://pubmed.ncbi.nlm.nih.gov/37580231/,"No effect of multi-strain probiotic supplementation on metabolic and inflammatory markers and newborn body composition in pregnant women with obesity: Results from a randomized, double-blind placebo-controlled study.","Modulation of the gut microbiome composition with probiotics may have beneficial metabolic effects in pregnant women with obesity. The aim was to investigate the effect of probiotic supplementation during pregnancy on metabolic and inflammatory markers and the body composition of the offspring.; A randomized double-blind trial in 50 pregnant women (pre-pregnancy BMI ≥30 and < 35 kg/m2) comparing multi-strain probiotics (Vivomixx®; 450 billion CFU/d) versus placebo from 14 to 20 weeks of gestation until delivery was carried out. Participants were followed with two predelivery visits at gestational week 27-30 and 36-37 and with one postdelivery visit. All visits included fasting blood samples (C-reactive protein (CRP), alanine aminotransferase (ALT), aspartate aminotransferase (AST), insulin, C-peptide, glucose, glucagon, and glucagon-like peptide-1 (GLP-1)). At delivery, umbilical cord blood samples were collected (GLP-1 and glucagon). At the postdelivery visit, a dual-energy X-ray absorptiometry (DXA) scan of the newborn was performed. Forty-nine of 50 participants completed the study until delivery, and 36 mother-offspring dyads underwent postdelivery examinations including a DXA scan. There were no significant differences in changes in measured biomarkers between the probiotic versus the placebo group. No differences were found in newborn body composition or GLP-1 and glucagon. GLP-1 measured in umbilical blood samples was positively correlated to fat percent in offspring from the probiotic group.; In this study of pregnant women with obesity and their newborns, there was no effect of probiotic supplementation in mothers or babies on metabolic or inflammatory biomarkers or on body composition of offspring. This study was registered at clinicaltrials.gov as NCT02508844.","Randomized Controlled Trial; Journal Article; Research Support, Non-U.S. Gov't",,,,,,,ok
NCT:NCT04642482,ClinicalTrials.gov,NCT04642482,https://clinicaltrials.gov/study/NCT04642482,Synbiotic Therapy on Intestinal Microbiota and Insulin Resistance in Obesity,,,Synbiotic (Rillus); Placebo,16,PHASE4,Homeostatic Model Assessment for Insulin Resistance (HOMA-IR),,Synbiotic; Placebo,ok
PMID:30525950,PubMed,30525950,https://pubmed.ncbi.nlm.nih.gov/30525950/,Probiotic or synbiotic alters the gut microbiota and metabolism in a randomised controlled trial of weight management in overweight adults.,"The gut microbiota contributes to host energy metabolism, and altered gut microbiota has been associated with obesity-related metabolic disorders. We previously reported that a probiotic alone or together with a prebiotic controls body fat mass in healthy overweight or obese individuals in a randomised, double-blind, placebo controlled clinical study (ClinicalTrials.gov NCT01978691). We now aimed to investigate whether changes in the gut microbiota may be associated with the observed clinical benefits. Faecal and plasma samples were obtained from a protocol compliant subset (n=134) of participants from a larger clinical study where participants were randomised (1:1:1:1) into four groups: (1) placebo, 12 g/d microcrystalline cellulose; (2) Litesse® Ultra™ polydextrose (LU), 12 g/day; (3) Bifidobacterium animalis subsp. lactis 420™ (B420), 1010 cfu/d in 12 g microcrystalline cellulose; (4) LU+B420, 1010 cfu/d of B420 in 12 g/d LU for 6 months of intervention. The faecal microbiota composition and metabolites were assessed as exploratory outcomes at baseline, 2, 4, 6 months, and +1 month post-intervention and correlated to obesity-related clinical outcomes. Lactobacillus and Akkermansia were more abundant with B420 at the end of the intervention. LU+B420 increased Akkermansia, Christensenellaceae and Methanobrevibacter, while Paraprevotella was reduced. Christensenellaceae was consistently increased in the LU and LU+B420 groups across the intervention time points, and correlated negatively to waist-hip ratio and energy intake at baseline, and waist-area body fat mass after 6 months treatment with LU+B420. Functional metagenome predictions indicated alterations in pathways related to cellular processes and metabolism. Plasma bile acids glycocholic acid, glycoursodeoxycholic acid, and taurohyodeoxycholic acid and tauroursodeoxycholic acid were reduced in LU+B420 compared to Placebo. Consumption of B420 and its combination with LU resulted in alterations of the gut microbiota and its metabolism, and may support improved gut barrier function and obesity-related markers.",Journal Article; Randomized Controlled Trial,,,,,,,ok
NCT:NCT05423015,ClinicalTrials.gov,NCT05423015,https://clinicaltrials.gov/study/NCT05423015,Assessment of the Effects of Synbiotic on Gut Microbiota Composition in Scholars With Overweight,,,Lactobacillus casei strain Shirota; Lactobacillus casei strain Shirota plus inulin; Lactobacillus casei strain Shirota plus fructans from A. salmiana,37,NA,"Gut bacteria associated with changes of the intervention group; Effect of probiotic and synbiotic products intervention on the BMI z-score; Effect of probiotic and synbiotic products intervention on the fat percentage; Effect of probiotic and synbiotic products intervention on waist and neck circunference; Effect of probiotic and synbiotic products intervention on glucose, triglycerides and cholesterol serum levels",Effect of probiotic and synbiotic products intervention on Free Fatty Acid Receptors (FFAR) 2 and 3 levels,Lactobacillus casei (Probiotic); L. casei strain Shirota plus inulin (Syn-Inulin); L. casei strain Shirota plus fructans from A. salmiana (Syn-A. salmiana),ok
NCT:NCT02217579,ClinicalTrials.gov,NCT02217579,https://clinicaltrials.gov/study/NCT02217579,Effect of Protein and Prebiotic Fiber Intake on Adiposity in Overweight and Obese Adults,,,Protein; Prebiotic fiber; Protein plus prebiotic fiber; Control,132,NA,Change in baseline fat mass at 12 weeks,Change in baseline appetite at 12 weeks,Control; Protein; Fiber; Protein plus prebiotic fiber,ok
NCT:NCT01433120,ClinicalTrials.gov,NCT01433120,https://clinicaltrials.gov/study/NCT01433120,Targeting the Gut Microbiome to Investigate the Pathways of Progression From Obesity to Metabolic Diseases in an At-risk Population.,,,Lactobacillus paracasei ssp paracasei F19; Flax seed fibres; Maltodextrin (Placebo),58,NA,Insulin resistance; Changes in the gut microbiota,Inflammatory markers; Lipid metabolism; Total fat mass and abdominal fat,Probiotic L. casei F19; Flax seed fibres; Placebo,ok
EUROPEPMC:41494682,PubMed,41494682,https://europepmc.org/article/MED/41494682,The Effects of Probiotic Yogurt and Resistance Training on Body Composition and Metabolic Parameters in Post-bariatric Surgery Patients: A Randomized Controlled Trial.,"Bariatric surgery (BS) is an effective intervention for morbid obesity; however, it is often accompanied by undesirable muscle mass loss, which can negatively affect metabolic function and physical performance. Probiotics and resistance training (RT) have been studied discretely to address this complication. The present randomized controlled trial investigated the independent and combined effects of fortified yogurt (FY) and RT on muscle preservation and related health outcomes in post-BS patients.; In this parallel, randomized controlled trial, 52 participants who had recently undergone BS and met the eligibility criteria were randomly assigned to one of four groups: group A (FY+RT), group B (FY), group C (RT), and group D (control), with 13 participants in each group. Anthropometric indices, body composition, functional performance, inflammatory and oxidative stress markers, lipid profile, and liver enzymes were measured at baseline and after a 12-week intervention.; All participants completed the intervention. The FY+RT group showed the greatest preservation of muscle mass, with the smallest reductions in fat-free mass percentage (-2.32%, P=0.001) and skeletal muscle mass (-1.34 kg, P<0.001). This group also exhibited significant improvements in muscle strength, as measured by hand grip strength (P=0.038) and 30-second chair stand test repetitions (P<0.001).; The combination of FY and RT was the most effective strategy for preserving muscle mass and improving strength following BS. Further research is warranted to elucidate the underlying mechanisms and validate these findings.",Journal Article,,,,,,,ok
EUROPEPMC:42120725,PubMed,42120725,https://europepmc.org/article/MED/42120725,Pasteurized Akkermansia muciniphila Muc,"Preclinical research suggests that the mucosal symbiont Akkermansia muciniphila prevents diet-induced obesity. In this randomized controlled trial, adults with overweight/obesity (n = 90) underwent an 8-week low-energy diet for ≥8% weight loss, followed by a 24-week healthy ad libitum diet with daily supplementation of pasteurized A. muciniphila MucT or placebo. The primary outcome was change in body weight during the maintenance period. Here we show that MucT led to lower body weight regain versus placebo at the end of the weight maintenance period (MucT: 1.2 ± 0.7 kg, placebo: 3.2 ± 0.4 kg, P = 0.012). Additionally, the MucT group had a greater net weight loss from baseline to end of maintenance than the placebo group (3.1 ± 0.7 kg, P = 0.009). Initial Akkermansia spp. abundance was associated with cardiometabolic response to MucT. No serious adverse events related to the treatment were observed. The relative short-term intervention and absence of groups receiving modified strains of MucT lacking active components are limitations that should be addressed in the future. Our findings suggest pasteurized A. muciniphila MucT as a strategy for weight loss maintenance. ClinicalTrials.gov: NCT05417360 .",Journal Article,,,,,,,ok
NCT:NCT07507929,ClinicalTrials.gov,NCT07507929,https://clinicaltrials.gov/study/NCT07507929,Probiotic for Weight Management in Overweight and Obese Adults,,,Probiotic; Placebo,76,NA,Change from baseline in body weight following the intervention,,Probiotic group; Placebo group,ok
NCT:NCT07517757,ClinicalTrials.gov,NCT07517757,https://clinicaltrials.gov/study/NCT07517757,Dietary Strategies for the Treatment of Fibromyalgia in Overweight and Obese Patients,,,Very Low-Calorie Ketogenic Diet; Mediterranean diet; Mediterranean diet enriched by GABA-producing probiotic,90,NA,"Assessing the impact of dietary approach on the severity of fibromyalgia, particularly on pain through the Widespread Pain Index (WPI); Assessing the impact of dietary approach on the severity of fibromyalgia, particularly on pain through the Symptom Severity Scale (SSS).; Assessing the impact of dietary approach on the severity of fibromyalgia, particularly on pain through the Fibromyalgia Impact Questionnaire (FIQR).; Assessing the impact of dietary approach on the severity of fibromyalgia, particularly on pain through the PainDETECT (PD-Q).; Assessing the impact of dietary approach on the severity of fibromyalgia, particularly on anxiety and depression through The Hospital Anxiety and Depression Scale (HADS).; Assessing the impact of dietary approach on the severity of fibromyalgia, particularly on sleep quality through the Pittsburgh Sleep Quality Index (PSQI).; Assess the presence of functional gastrointestinal disorders, in particular Irritable Bowel Syndrome (IBS) through the Rome IV criteria and the Bristol Stool Scale.",Assess adherence to the Mediterranean diet and the impact of the dietary approach on anthropometric measurements.; Evaluate the impact of dietary intervention on the composition of the gut microbiota through metabolomic analysis.; Assessment of neurosteroids with positive allosteric action on GABA-A receptors or NMDA receptors in saliva and/or plasma.; Exploratory pilot sub-study to measure brain levels of GABA and glutamate using magnetic resonance imaging (MRI) in a small sample of patients (18 patients + 6 controls).; Assess the impact of the dietary approach on metabolic parameters.; Assess the impact of the dietary approach on the body composition of the participants.,Very Low-Calorie Ketogenic Diet (VLCKD); Mediterranean Diet; Mediterranean Diet enriched by GABA- producing probiotic,ok
NCT:NCT07559227,ClinicalTrials.gov,NCT07559227,https://clinicaltrials.gov/study/NCT07559227,"Gut, Immune, and Vascular Health in Metabolically Healthy Obesity",,,Inulin Supplementation; Maltodextrin (Placebo); High-fat meal,70,NA,Serum lipopolysaccharide binding protein; Serum interleukin-6; Flow-mediated dilation; Serum C reactive protein; Serum lipopolysaccharide; Serum TNF-alpha; Serum zonulin,Augmentation Index; Pulse-wave velocity; Serum soluble CD14; Serum IL-1 beta; Serum soluble VCAM-1; Peripheral blood mononuclear cell transcriptome; Serum treated HAEC transcriptome; Serum treated HAEC eNOS and NFkB protein expression; Microbiome composition (shotgun sequencing); Serum treated HAEC nitric oxide production,Metabolically Healthy Obesity Group; Metabolically Healthy Normal Weight Group,ok
NCT:NCT07593170,ClinicalTrials.gov,NCT07593170,https://clinicaltrials.gov/study/NCT07593170,AKK Study in Improving Obesity and Metabolic Status in Children and Adolescents,,,AKK; Placebo (maltodextrin),100,PHASE2,Z - score,Dietary intake; Sleep quality (13- 18 years); Sleep quality (7- 12 years); Gastrointestinal symptoms; Stool Classification,AKK Group; Placebo Group,ok
EUROPEPMC:41455007,PubMed,41455007,https://europepmc.org/article/MED/41455007,"Bifidobacterium Breve BBr60 Improves Obesity Via the Gut Microbiota-Short-Chain Fatty Acid-IL-27/GLP-1 Axis: Evidence from a Randomized, Double-Blind, Placebo-Controlled Trial.","This study aims to investigate how Bifidobacterium breve BBr60 improves obesity-related metabolic disorders by modulating the gut microbiota-SCFAs axis, thereby affecting inflammatory factors and metabolic hormones. A randomized, double-blind, placebo-controlled trial was conducted. A total of 75 individuals with obesity subjects (BMI ≥ 28) were enrolled and randomly assigned to either the BBr60 intervention group (10 billion CFU daily) and the placebo group. After the 12-week intervention, 65 participants (BBr60: n = 33; placebo: n = 32) completed the study and were included in the primary analysis. All participants received standardized nutritional counseling aimed at a moderate energy intake (~ 1800 kcal/day, including a daily intake of 25 g of dietary fiber.). Every week, we call participants at a fixed time to inquire about their weekly diet and weight changes, and provide dietary suggestions for the following week based on the inquiry results. Participants were instructed to maintain their usual physical activity levels throughout the study. The composition of the gut microbiota was analyzed by 16 S sequencing, fecal SCFAs were detected by GC-MS, and serum levels of IL-27, IL-1β, and metabolic hormones were measured using ELISA technology. Metabolic indicators such as body weight, body fat percentage, and HOMA-IR were also assessed. The BBr60 intervention significantly increased fecal butyrate levels (p < 0.001), accompanied by a decrease in IL-1β levels (p < 0.05) and an upregulation of IL-27 (p < 0.01). In terms of metabolic hormones, leptin (LEP), adiponectin (ADPN), connecting peptide (C-P), pancreatic polypeptide (PP), peptide YY (PYY), Glucose-dependent insulinotropic polypeptide (GIP), and Glucagon-Like Peptide-1 (GLP-1) were all significantly elevated (p < 0.05), while Homeostasis Model Assessment for Insulin Resistance(HOMA-IR) was significantly reduced in the BBr60 group (p < 0.05). In the control group, C-P, PP, and GIP were significantly increased (p < 0.05), whereas LEP, ADPN, PYY, GLP-1, and HOMA-IR showed no difference before and after the 12-week period. Correlation analysis indicated that butyrate levels were significantly positively correlated with GLP-1 and IL-27, and negatively correlated with IL-1β. Bifidobacterium breve BBr60, by remodeling the gut microbiota-SCFAs axis, inhibits the pro-inflammatory factor IL-1β, activates the anti-inflammatory signal IL-27, and synergistically regulates the metabolic hormone network (such as GLP-1, ADPN), significantly improving obesity-related metabolic disorders. This study provides a theoretical basis and intervention targets for the clinical application of probiotics targeting the ""microbiota-SCFAs-inflammation/hormone axis,"" and future research can explore precise probiotic treatment regimens based on individual microbiota characteristics.",Journal Article,,,,,,,ok
NCT:NCT06780007,ClinicalTrials.gov,NCT06780007,https://clinicaltrials.gov/study/NCT06780007,Weight Loss Effect of Akkermansia Muciniphila in Obese Patients,,,Probiotic; Placebo,106,NA,Change in Body Mass Index(BMI),,Probiotic group; Placebo group,ok
NCT:NCT07515443,ClinicalTrials.gov,NCT07515443,https://clinicaltrials.gov/study/NCT07515443,The Effects of a Commercially Available Synbiotic on the Gut Microbiome and Cardiometabolic Health: A Randomized Double-Blind Placebo-Controlled Trial,,,Synbiotic; Placebo,47,NA,Gut microbiome diversity and total bacteria; Blood biomarkers,Hypertension,Treatment group; Control group,ok
EUROPEPMC:38072119,PubMed,38072119,https://europepmc.org/article/MED/38072119,Effect of Probiotic Supplementation on Intestinal Permeability in Overweight and Obesity: A Systematic Review of Randomized Controlled Trials and Animal Studies.,"Overweight and obesity are associated with increased intestinal permeability, characterized by loss of gut epithelial integrity, resulting in unregulated passage of lipopolysaccharide (LPS) and other inflammatory triggers into circulation, i.e., metabolic endotoxemia. In obesity, shifts in the gut microbiome negatively impact intestinal permeability. Probiotics are an intervention that can target the gut microbiome by introducing beneficial microbial species, potentially restoring gut barrier integrity. Currently, the role of probiotic supplementation in ameliorating obesity- and overweight-associated increases in gut permeability has not been reviewed. This systematic review aimed to summarize findings from both animal and clinical studies that evaluated the effect of probiotic supplementation on obesity-induced impairment in intestinal permeability (International Prospective Register of Systematic Reviews, CRD42022363538). A literature search was conducted using PubMed (Medline), Web of Science, and CAB Direct from origin until August 2023 using keywords of intestinal permeability, overweight or obesity, and probiotic supplementation. Of 920 records, 26 eligible records were included, comprising 12 animal and 14 clinical studies. Clinical trials ranged from 3 to 26 wk and were mostly parallel-arm (n = 13) or crossover (n = 1) design. In both animal and clinical studies, plasma/serum LPS was the most common measure of intestinal permeability. Eleven of 12 animal studies reported a positive effect of probiotic supplementation in reducing intestinal permeability. However, results from clinical trials were inconsistent, with half reporting reductions in serum LPS and half reporting no differences after probiotic supplementation. Bifidobacterium, Lactobacillus, and Akkermansia emerged as the most common genera in probiotic formulations among the animal and clinical studies that yielded positive results, suggesting that specific bacteria may be more effective at reducing intestinal permeability and improving gut barrier function. However, better standardization of strain use, dosage, duration, and the delivery matrix is needed to fully understand the probiotic impact on intestinal permeability in individuals with overweight and obesity.","Journal Article; Research Support, N.I.H., Extramural; Research Support, U.S. Gov't, Non-P.H.S.; Systematic Review",,,,,,,ok
NCT:NCT06305650,ClinicalTrials.gov,NCT06305650,https://clinicaltrials.gov/study/NCT06305650,Probiotic Influence on Obesity-Related Lipidemia,,,Probiotic,72,NA,Effect on body mass index (BMI) values.,,Probiotic group; Placebo group,ok
PMID:38999802,PubMed,38999802,https://pubmed.ncbi.nlm.nih.gov/38999802/,"Preoperative Multistrain Probiotic Supplementation Does Not Affect Body Weight Changes or Cardiometabolic Risk Factors in Bariatrics: Randomized, Double-Blind, Placebo-Controlled Clinical Trial.","Emerging evidence suggests that microbiota plays a crucial role in the development, progression, and therapeutic options in obesity and its comorbidities. This study assessed preoperative probiotic therapy's impact on bariatric treatment outcomes. A 12-week randomized, double-blind, placebo-controlled trial with 48 patients undergoing bariatric surgery was conducted. Participants received probiotics-Sanprobi Barrier-which contained nine strains of bacteria: Bifidobacterium bifidum W23, Bifidobacterium lactis W51 and W52, Lactobacillus acidophilus W37, Levilactobacillus brevis W63, Lacticaseibacillus casei W56, Ligilactobacillus salivarius W24, Lactococcus lactis W19, and Lactococcus lactis W58. Primary outcomes included excess body weight loss, body weight loss, and excess body mass index loss, with secondary objectives focusing on metabolic profiles. Surgical treatment of obesity significantly improved anthropometric and metabolic parameters. No significant differences were observed in primary outcomes or in secondary outcomes between groups at any time point post-surgery. Preoperative probiotics administration did not affect clinical outcomes 1, 3, or 6 months following bariatric surgery.",Journal Article; Randomized Controlled Trial,,,,,,,ok
NCT:NCT05908474,ClinicalTrials.gov,NCT05908474,https://clinicaltrials.gov/study/NCT05908474,"The Effects of io Fibrewater Supplementation on Gut Health, Immunity and Metabolism in Overweight Adults",,,Enriched fibre water,30,NA,Anthropometric measurements,Blood pressure; Gastrointestinal symptoms; Gut microbiota composition; Fasting blood glucose via OGGT; Neurocognitive and Mood Assessment,iowater fibre Group; Volvic Placebo control Group,ok
NCT:NCT06030999,ClinicalTrials.gov,NCT06030999,https://clinicaltrials.gov/study/NCT06030999,The Prevention And Treatment On Obesity And Weight Management By Oral Supplementation Of Probiotics And Prebiotics,,,Study product A (Wonderlab wonder4shape); Study product B (Wonderlab wonder4shape); Study product C (placebo),150,NA,Change of Weight,Blood lipids - Total Cholesterol Level; Blood Sugar Level; Blood hormone - Leptin level; Blood hormone - Adiponectin level; Blood inflammation,Study product A (Wonderlab wonder4shape); Study product B (Wonderlab wonder4shape); Study product C (placebo),ok
NCT:NCT06035718,ClinicalTrials.gov,NCT06035718,https://clinicaltrials.gov/study/NCT06035718,Effect of Transcranial Direct Current Stimulation (tDCS) and Probiotic Supplementation in Overweight Adults,,,Probiotic Blend Capsule; tDCS; Sham tDCS,60,NA,"Body analysis test; Impulsive Behavior Scale Questionnaire measuring Urgency, Premeditation (lack of), Perseverance (lack of), and Sensation seeking (UPPS); Eating attitudes Test (EAT-26); Balloon analogue risk task (BART); Tangney self-control questionnaire (Form 36)",,Active tDCS over the dorsolateral prefrontal cortex (DLPFC); Active tDCS over the ventromedial prefrontal cortex (VMPFC); Sham tDCS Stimulation; Probiotic supplementation,ok
NCT:NCT07448220,ClinicalTrials.gov,NCT07448220,https://clinicaltrials.gov/study/NCT07448220,Study on the Efficacy of Probiotics in the Treatment of Childhood Obesity and Their Effects on Gut Microbiota,,,Probiotic; Placebo,60,PHASE2,Body Mass Index (BMI) percentile in children upon administration of probiotics or placebo as assessed anthropometrically,Height (cm) of children upon administration of probiotics or placebo as assessed anthropometrically; Microbiota profiles of fecal samples in children upon administration of probiotics or placebo as assessed via 16s rRNA gene sequencing; Weight (kg) of children upon administration of probiotics or placebo as assessed anthropometrically; Waist circumference (cm) of children upon administration of probiotics or placebo as assessed anthropometrically,Probiotic; Placebo,ok
NCT:NCT07452757,ClinicalTrials.gov,NCT07452757,https://clinicaltrials.gov/study/NCT07452757,To Evaluate Efficacy and Safety of Proprietary Healthy Diet Combinations for Weight Management in Overweight Volunteers,,,Arm II; Arm III; Arm IV,140,NA,Change in Body Weight,Change in BMI During Maintenance Phase; Change in Body Fat Percentage; Change in Waist Circumference; Change in Total Cholesterol; Change in Quality of Life; Incidence of Adverse Events; Change in Muscle Mass; Change in Fat-Free Mass; Change in Visceral Fat Level; Change in Waist-to-Hip Ratio; Change in Skinfold Thickness; Change in Triglycerides; Change in High-Density Lipoprotein (HDL) Cholesterol; Change in Low-Density Lipoprotein (LDL) Cholesterol; Change in Fasting Blood Glucose; Change in Glycated Hemoglobin (HbA1c); Change in Serum Insulin,Arm I (Control group); Arm II (PRP-02 before all the meals); Arm III (1 meal replacement); Arm IV (2 Meal replacement),ok
NCT:NCT05002153,ClinicalTrials.gov,NCT05002153,https://clinicaltrials.gov/study/NCT05002153,The Role of Microbiome in Recurrent Obesity,,,Fecal microbiota transplantation (FMT); Placebo,300,NA,Microbiome Profiling; Reaching Target Weight,Glycemic Response; Metabolic Rate; Substrate Utilization,Fecal Microbiota Transplantation (FMT); Placebo,ok
PMID:36435795,PubMed,36435795,https://pubmed.ncbi.nlm.nih.gov/36435795/,"The effect of ""moderately restricted carbohydrate"" diet on gut microbiota composition and metabolic parameters in women with metabolic syndrome: a study protocol for a randomized controlled trial.","Metabolic syndrome (MetS) is a group of risk factors that increase the risk of death and a variety of chronic diseases. Recent studies have indicated that the imbalance of gut microbiota might contribute to development and progression of metabolic syndrome. Carbohydrate restriction in the diet has been proven to be one of the most effective methods in the management of metabolic syndrome, even in the absence of weight loss. However, no study has examined the effects of a carbohydrate-restricted diet on gut microbiota composition in metabolic syndrome patients. Thus, we will examine the effects of a ""moderately restricted carbohydrate (MRC)"" diet on gut microbiota, insulin resistance, and components of MetS among Iranian women. In addition, the stability of changes in dependent variables, including gut microbiota, will also be assessed.; This is a parallel randomized clinical trial in which 70 overweight or obese women aged 20-50 years with MetS will be randomly assigned to receive either MRC diet (42-45% carbohydrate, 35-40% fats) or a normal weight loss (NWL) diet (52-55% carbohydrate, 25-30% fats) for 3 months. Protein accounted for 15-17% of total energy in both diets. The quantity of gut microbiota including Firmicutes, Bacteroidetes, Bifidobacteria, Lactobacillus, Clostridium, Prevotella, Bacteroidetes, and Akkermansia muciniphila, as well as anthropometric, blood pressure, and metabolic parameters will be measured at study baseline and the end of trail. At the end of this phase, all participants will be placed on a weight maintenance diet for an additional 6 months. After following up study subjects in this duration, all dependent variables will be examined again to assess their stability over this period.; To the best of our knowledge, this is the first randomized controlled trial investigating the effects of a moderately restricted carbohydrate diet on gut microbiota composition and several metabolic parameters during the weight loss and maintenance phases in women with MetS.; Iranian Registry of Clinical Trials ( www.irct.ir , IRCT20210307050621N1). Registered on May 31, 2021.",Clinical Trial Protocol; Journal Article,,,,,,,ok
EUROPEPMC:35126309,PubMed,35126309,https://europepmc.org/article/MED/35126309,Efficacy and Safety of,"Only few studies have investigated the role of probiotics in the development of obesity. We aimed to determine the efficacy and safety of an intake of Lactobacillus plantarum K50 (LPK) on body fat and lipid profiles in people with obesity.; This randomized, double-blind, placebo-controlled, clinical trial involved 81 adults with a body mass index of 25-30 kg/m2 who were assigned randomly to a diet including 4 × 109 colony-forming unit of LPK or a placebo. Changes in body fat, anthropometric parameters, and biomarkers of obesity were compared using a linear mixed-effect model.; After 12 weeks of treatment, body weight, fat mass, and abdominal fat area did not change significantly in the two groups. However, total cholesterol levels decreased from 209.4 ± 34.4 mg/dL to 203.5 ± 30.9 mg/dL in the LPK group, but increased from 194.7 ± 37.5 mg/dL to 199.9 ± 30.7 mg/dL in the placebo group (P = 0.037). Similarly, triglyceride levels decreased from 135.4 ± 115.8 mg/dL to 114.5 ± 65.9 mg/dL in the LPK group, with a significant difference between groups. LPK supplementation also tended to decrease leptin levels compared with placebo. It also changed the distribution of gut microbiota significantly, with an increase in L. plantarum and a decrease in Actinobacteria, both of whose changes in abundance were correlated with changes in visceral adiposity, with borderline significance.; A 12-week consumption of LPK reduced the total cholesterol and triglyceride levels significantly with favorable alterations in microbiota, suggesting potential benefits for controlling blood lipid profiles.","Journal Article; Randomized Controlled Trial; Research Support, Non-U.S. Gov't",,,,,,,ok
NCT:NCT05459909,ClinicalTrials.gov,NCT05459909,https://clinicaltrials.gov/study/NCT05459909,The Effect of Synbiotic and Diet Modification Among Overweight or Obese Hong Kong Chinese,,,Synbiotic supplementation; Dietary intervention,100,NA,Change in body weight at week 8 compared with baseline; Change in Body Mass Index (BMI) at week 8 compared with baseline; Change in body fat percentage at week 8 compared with baseline,Change in fasting glucose at week 8 compared with baseline; Change in fasting insulin at week 8 compared with baseline; Changes in fasting lipids at week 8 compared with baseline; Use of 16S rRNA gene sequencing to assess the changes in the composition of the gut microbiota (bacteriome) of stool samples at week 8 compared with baseline,Synbiotic supplementation; Dietary intervention; Synbiotic supplementation & dietary intervention,ok
NCT:NCT03749291,ClinicalTrials.gov,NCT03749291,https://clinicaltrials.gov/study/NCT03749291,Motivational Intervention on the Gut Microbiota of Obese Children,,,Obemat2.0 therapy; Usual Clinical Practice,219,NA,Fecal microbial diversity (diversity index like Gini-Simpson),Fecal Short Chain Fatty Acids: butyrate acid (μg); Fecal Short Chain Fatty Acids: acetic acid (μg); Fecal Short Chain Fatty Acids: propionic acid (μg); Akkermansia Muciniphila (cfu),Obemat2.0 Intervention Group; Control Group,ok
NCT:NCT05664321,ClinicalTrials.gov,NCT05664321,https://clinicaltrials.gov/study/NCT05664321,Influence of Adiposity and Other Factors on the Gut Microbiota Composition,,,"Observational, case-control study",92,,Correlations between gut flora by type of meat intake in total participants,,Normal weight; Obese,ok
NCT:NCT04201938,ClinicalTrials.gov,NCT04201938,https://clinicaltrials.gov/study/NCT04201938,Effect of Probiotic Co-administration With Omega-3 Fatty Acids on Obesity Parameters and Insulin Resistance,,,Symbiter-Omega; Placebo,56,NA,HOMA-2IR; insulin sensitivity (%S),HbA1c; fasting plasma insulins (FPI); fasting plasma glucose (FPG); β-cell function (%B); C-peptide; weight; waist circumferences (WC); body mass index (BMI); cytokines levels,Symbiter-Omega; Placebo,ok
PMID:29688793,PubMed,29688793,https://pubmed.ncbi.nlm.nih.gov/29688793/,"Lactobacillus gasseri BNR17 Supplementation Reduces the Visceral Fat Accumulation and Waist Circumference in Obese Adults: A Randomized, Double-Blind, Placebo-Controlled Trial.","Lactobacillus gasseri BNR17 is a probiotic strain isolated from human breast milk. Animal studies reported that BNR17 inhibited increases in body weight and adipose tissue weights. The purpose of this study was to evaluate the antiobesity effects of BNR17 in humans. In a randomized, double-blind, placebo-controlled trial, 90 volunteers aged 20-75 years with body mass index (BMI) from 25 to 35 kg/m2 were randomized to receive a placebo, low-dose BNR (BNR-L, 109 CFU/day), or high-dose BNR (BNR-H, 1010 CFU/day) for 12 weeks. Body weight, BMI, waist and hip circumferences, waist-to-hip ratio, abdominal adipose tissue areas, body fat mass, lean body mass, and biochemical parameters were assessed at the beginning and end of the trial. Visceral adipose tissue (VAT) was significantly decreased in the BNR-H group compared with the placebo group (P = .038). Difference of VAT areas of the BNR-H group compared with the placebo group after 12-week consumption of BNR17 was significant (-21.6 cm2, P = .012). Waist circumferences were significantly decreased in both the BNR-L and BNL-H groups (P = .045 and .012, respectively) compared with the baseline values, but not in the placebo group. Biochemical parameters were not significantly different among the groups. These findings suggest that daily consumption of BNR17 may contribute to reduced visceral fat mass in obese adults.",Journal Article; Randomized Controlled Trial,,,,,,,ok
NCT:NCT02958644,ClinicalTrials.gov,NCT02958644,https://clinicaltrials.gov/study/NCT02958644,Effect of Synbiotic Supplement on the Body Mass Index of Participants With Severe Obesity,,,Synbiotics; Placebo,180,NA,Body mass index,Plasma C-reactive protein; Total cholesterol; Plasma LDL-cholesterol; Plasma HDL-cholesterol; Plasma triglycerides; Blood glucose; Glycated hemoglobin; Plasma insulin; Arterial blood pressure; Interleucin I-ß; Interleucin 6; Albumin; Tumoral Necrose Factor (TNF-α); Adverse events,Synbiotics; Placebo,ok
NCT:NCT03135041,ClinicalTrials.gov,NCT03135041,https://clinicaltrials.gov/study/NCT03135041,The Effect of Prebiotic Fibres on Weight Loss in an Overweight and Obese Population,,,Fiber-containing dietary supplement; Placebo,117,NA,Weight loss,Body composition; Gut microbiota composition and function; Glucose metabolism; Lipid metabolism; Inflammatory markers; SCFA concentration; Lipidomics and bile acids; Metabolomics; Weight loss,Fiber-containing dietary supplement; Placebo,ok
NCT:NCT03266055,ClinicalTrials.gov,NCT03266055,https://clinicaltrials.gov/study/NCT03266055,Effects of Blueberry on Gut Microbiota and Metabolic Syndrome,,,"50 g of blueberry powder, taken daily for 8 weeks; 50g of placebo blueberry powder, taken daily for 8 weeks",59,NA,Changes in plasma insulin/glucose of overweight/obese men and women taking either blueberry powder or placebo blueberry powder; Changes in plasma lipids/lipoproteins of overweight/obese men and women taking either blueberry powder or placebo blueberry powder,Changes in gene expression in overweight/obese men and women taking either blueberry powder or placebo blueberry powder; Changes in metabolites concentration in overweight/obese men and women taking either blueberry powder or placebo blueberry powder; Changes in the gut microbiota composition in overweight/obese men and women taking either blueberry powder or placebo blueberry powder; Changes in blood pressure of overweight/obese men and women taking either blueberry powder or placebo blueberry powder; Changes in intestinal integrity of overweight/obese men and women taking either blueberry powder or placebo blueberry powder; Changes in inflammation biomarkers of overweight/obese men and women taking either blueberry powder or placebo blueberry powder,Blueberry powder; Blueberry placebo powder,ok
NCT:NCT03287726,ClinicalTrials.gov,NCT03287726,https://clinicaltrials.gov/study/NCT03287726,What is the Impact of Probiotics on Weight Loss Maintenance in Individuals With Obesity?,,,probiotics; placebo,76,NA,body composition,appetite suppression; body composition; resting metabolic rate,probiotics; placebo,ok
NCT:NCT03883191,ClinicalTrials.gov,NCT03883191,https://clinicaltrials.gov/study/NCT03883191,Effect of a Three Combined Probiotics Supplementation on Weight Loss in Obese/Overweight Children,,,"L. rhamnosus bv-77, B. animalis subsp. lactis CP-9 and L. salivarius AP-32 mix probiotics powder; Placebo",82,NA,Change in the body mass index (BMI) after intervention; Change in the waist circumference after intervention; Change in the body fat after intervention; Change in the blood pressure after intervention; Change in the blood sugar and blood lipids after intervention; Change in the liver function after intervention,,Mix probiotics powder; Placebo powder,ok
NCT:NCT02127125,ClinicalTrials.gov,NCT02127125,https://clinicaltrials.gov/study/NCT02127125,Mechanism of Microbiome-induced Insulin Resistance in Humans (Aim2),,,Maltodextrin; Synbiotic; Sevelamer,69,PHASE2,Insulin Sensitivity,Plasma Endotoxin Level and Its Panel.; Gut Permeability,Type2 Diabetes Mellitus - Placebo; Obese with NGT - Placebo; Lean with NGT -Placebo; Type2 Diabetes Mellitus - Synbiotic; Type2 Diabetes Mellitus - Sevelamer; Obese with NGT - Synbiotic; Obese with NGT - Sevelamer; Lean with NGT - Synbiotic; Lean with NGT - Sevelamer,ok
NCT:NCT01870544,ClinicalTrials.gov,NCT01870544,https://clinicaltrials.gov/study/NCT01870544,"Does Weight Loss Surgery and Probiotic Supplementation Lead to a ""Lean"" Gut Microbiota?",,,Lactobacillus Rhamnosus GG; Placebo,18,PHASE1; PHASE2,Weight Loss,Percentage of Bacteria Phyla,LGG Administration; Placebo,ok
PMID:23560206,PubMed,23560206,https://pubmed.ncbi.nlm.nih.gov/23560206/,"Effect of Lactobacillus gasseri BNR17 on Overweight and Obese Adults: A Randomized, Double-Blind Clinical Trial.","Lactobacillus gasseri BNR17 is a type of probiotic strain isolated from human breast milk. A study was reported regarding the fact that BNR17 was an inhibitor of obesity and diabetic activities in the human body through previous animal experiments. This study was furthered to investigate the effect of BNR17, a probiotic strain isolated from human breast milk, on obese and overweight adults.; Sixty-two obese volunteers aged 19 to 60 with body mass index ≥ 23 kg/m(2) and fasting blood sugar ≥ 100 mg/dL participated in a placebo controlled, randomized, and double-blind trial. For 12 weeks, 57 participants were given either placebo or BNR17 and were tested by measuring body fat, body weight, various biochemical parameters, vital signs, and computed tomography at the start of the study and at weeks 4, 8, and 12. The subjects assumed usual daily activities without having to make behavioral or dietary modifications during the course of the study.; At the 12th week, a slight reduction in body weight was noted in the BNR17 group, but there were no significant weight changes between groups. Decrease of waist and hip circumferences in the BNR17 group was more pronounced than those in the placebo group. The two groups had no special or severe adverse reactions.; Despite there being no change in behavior or diet, administration of only the supplement of BNR17 reduced weight and waist and hip circumference. However, there were no significant differences between the two groups. These findings warrant a subsequent longer-term prospective clinical investigation with a large population.",Journal Article,,,,,,,ok
NCT:NCT01650025,ClinicalTrials.gov,NCT01650025,https://clinicaltrials.gov/study/NCT01650025,"Effects of VSL#3 on Metabolic, Endocrine, Lipidomic and Inflammatory Parameters of Pediatric Patients With BMI>90°",,,VSL#3 active probiotic; VSL#3 placebo,48,NA,"Evaluate the effects of VSL#3 on metabolic, endocrine, lipidomic, metabolomic and inflammatory markers and microbiota variation of pediatric patients with BMI>90°",,VSL#3 placebo; VSL#3 active probiotic,ok
PMID:20216555,PubMed,20216555,https://pubmed.ncbi.nlm.nih.gov/20216555/,Regulation of abdominal adiposity by probiotics (Lactobacillus gasseri SBT2055) in adults with obese tendencies in a randomized controlled trial.,"In spite of the much evidence for the beneficial effects of probiotics, their anti-obesity effects have not been well examined. We evaluated the effects of the probiotic Lactobacillus gasseri SBT2055 (LG2055) on abdominal adiposity, body weight and other body measures in adults with obese tendencies.; We conducted a multicenter, double-blind, randomized, placebo-controlled intervention trial. Subjects (n=87) with higher body mass index (BMI) (24.2-30.7 kg/m(2)) and abdominal visceral fat area (81.2-178.5 cm(2)) were randomly assigned to receive either fermented milk (FM) containing LG2055 (active FM; n=43) or FM without LG2055 (control FM; n=44), and were asked to consume 200 g/day of FM for 12 weeks. Abdominal fat area was determined by computed tomography.; In the active FM group, abdominal visceral and subcutaneous fat areas significantly (P<0.01) decreased from baseline by an average of 4.6% (mean (confidence interval): -5.8 (-10.0, -1.7) cm(2)) and 3.3% (-7.4 (-11.6, -3.1) cm(2)), respectively. Body weight and other measures also decreased significantly (P<0.001) as follows: body weight, 1.4% (-1.1 (-1.5, -0.7) kg); BMI, 1.5% (-0.4 (-0.5, -0.2) kg/m(2)); waist, 1.8% (-1.7 (-2.1, -1.4) cm); hip, 1.5% (-1.5 (-1.8, -1.1) cm). In the control group, by contrast, none of these parameters decreased significantly. High-molecular weight adiponectin in serum increased significantly (P<0.01) in the active and control groups by 12.7% (0.17 (0.07, 0.26) microg/ml) and 13.6% (0.23 (0.07, 0.38) microg/ml), respectively.; The probiotic LG2055 showed lowering effects on abdominal adiposity, body weight and other measures, suggesting its beneficial influence on metabolic disorders.",Journal Article; Multicenter Study; Randomized Controlled Trial,,,,,,,ok
NCT:NCT00522353,ClinicalTrials.gov,NCT00522353,https://clinicaltrials.gov/study/NCT00522353,Prebiotic Fiber as a Modifier of Satiety Hormones and Body Weight in Overweight and Obese Adults,,,Oligofructose; Placebo,48,NA,Body weight,Plasma satiety hormones,1; 2,ok
EUROPEPMC:10.21203/rs.3.rs-8449196/v1,publisher supplementary data,10.21203/rs.3.rs-8449196/v1,,"Probiotic Effect on Quality of Life, Bowel Habits and Weight Loss after Different Types of Bariatric Surgeries, a Randomized Controlled Trial",,,,,,,,,unsupported_source
EUROPEPMC:41612500,PubMed,41612500,https://europepmc.org/article/MED/41612500,Multi-strain synbiotic and lifestyle modifications on patients with metabolic dysfunction-associated steatotic liver disease (MASLD): a randomized double-blinded placebo-controlled trial.,"MASLD is the most common chronic liver disease and the leading cause of liver-related morbidity and mortality globally. While probiotic supplementations show promise as adjunctive therapy, existing trials are limited by the quality of evidence, small sample sizes, and methodological inconsistencies, highlighting the need for well-designed studies, particularly on multi-strain synbiotics. Therefore, we conducted this trial to evaluate the effects of multi-strain synbiotic combined with lifestyle modifications, including an individualized diet and physical activity program, on patients with MASLD.; In this randomized, double-blinded, placebo-controlled trial, 80 MASLD patients were enrolled and underwent lifestyle modifications. Participants were randomized in a 1:1 ratio to receive either synbiotic capsules (500 mg each, 109 CFU per capsule) containing two strains of Bifidobacteria, two strains of Lacticaseibacillus, two strains of Lactobacillus, and one strain of Streptococcus, as well as Fructooligosaccharides as prebiotic, or placebo (one capsule every 12 h) for 12 weeks. All patients were evaluated both at the beginning and the end of the trial in terms of anthropometric parameters (weight, BMI, and WC), hematological parameters (Hb and Plt), coagulation status (PT and INR), lipid profile (TG, TC, HDL-C, and LDL-C), FBS, liver function (ALT and AST), and liver inflammatory biomarkers (TNF-α and IL-6).; No significant changes were observed in anthropometric measures either within or between groups during the study period. Moreover, analysis of venous blood samples at the end of the trial showed significant improvements in some measures of lipid profile (TC and LDL-C), FBS, liver function (ALT and AST), and liver inflammatory biomarkers (TNF-α and IL-6) in the synbiotics-receiving group compared to both the beginning of the trial and the placebo-receiving group. However, no significant changes were observed in hematological parameters (Hb and Plt), coagulation status (PT and INR), and lipid profile (TG and HDL-C) compared to the beginning of the trial and the placebo-receiving group. Supplements were tolerated well, with no complications or allergic reactions reported.; Supplementation with multi-strain synbiotics, in combination with lifestyle modifications, could serve as a promising adjunctive therapy to control disease progression in patients with MASLD.",Journal Article,,,,,,,ok
EUROPEPMC:41736436,PubMed,41736436,https://europepmc.org/article/MED/41736436,Combined acupuncture and herb treatment improves intestinal flora inabdominally obese subjects based on 16s rRNA sequencing: a randomized controlled trial.,"To investigate Acupuncture-herb therapy modulates gut microbiota in abdominal obesity.; A randomized controlled trial was designed in accordance with standard protocols. Abdominally obese subjects were randomized into four groups: A2 (Control): double placebo, A1 (Needle): press needle + placebo herb, A3 (herb): herbal medicine (Huatan Lishi Fang) + placebo needle, A4 (Combination): press needle + herbal medicine. After 12 weeks of treatment, groups were relabeled B1-B4. Weight, waist circumference, and body mass index were measured monthly. Gut microbiota was analyzed via 16S rRNA sequencing for diversity and abundance.; Combined needle-herb therapy significantly reduced waist circumference (P < 0.05). All treatments altered gut microbiota composition. The combination group showed significant changes in diversity (Chao1, Shannon, Simpson; P < 0.05). Needle therapy increased Bacteroidia; herbs reduced Lachnospiraceae and Megamonas. All results were significant (P < 0.05).; Combined needle-herb treatment modulated 25 key gut flora across multiple taxonomic levels in abdominal obesity. It reduced Firmicutes and Bacteroidota. Bacteroidota, Actinobacteriota, and Prevo-tellaceae may suppress obesity, whereas Proteobacteria, Lachnospiraceae, and Megamonas may promote it. The combination specifically altered Bacteroidaceae, Lachno-spiraceae, Bacteroidia, and Megamonas.",Journal Article; Randomized Controlled Trial,,,,,,,ok
EUROPEPMC:41924306,PubMed,41924306,https://europepmc.org/article/MED/41924306,"Oleoylethanolamide supplementation enriches Akkermansia muciniphila and modulates intestinal barrier function in adults with obesity: A randomized, double-blind, placebo-controlled trial.","Targeted modulation of the gut microbiome represents a promising nutritional strategy to support metabolic and intestinal health in overweight and obese adults. Oleoylethanolamide (OEA) is an endogenous lipid mediator that regulates satiety, lipid metabolism, and inflammation, but its effects on the human microbiome are not well defined. In this randomized, double-blind, placebo-controlled trial, 57 adults with obesity (BMI 30-40 kg/m²) received either 300 mg of TRPTI, providing 250 mg/day of OEA (n = 28), or placebo (n = 29) for 12 weeks. Outcomes included shotgun metagenomics, microbiome profiling, intestinal barrier and inflammatory biomarkers, and safety measures. OEA was safe and well-tolerated with no adverse changes in clinical biomarkers. Although overall microbial diversity remained stable, OEA induced selective, health-relevant compositional shifts. Notably, Faecalibacterium prausnitzii and Akkermansia muciniphila were enriched. These changes coincided with functional host benefits, including increased occludin at Week 12 and interleukin-2 at Week 6, while reducing interleukin-1β, consistent with improved epithelial barrier dynamics and reduced inflammation. Functional pathway analysis suggested enhanced microbial metabolic and redox capacity. These findings indicate OEA supplementation selectively enriches beneficial gut bacteria - particularly A. muciniphila, while improving gut barrier biomarkers and immune function without disrupting microbiome stability. These findings position OEA as a safe, targeted microbiome-modulating ingredient with potential applications for supporting gut and metabolic health.",Journal Article,,,,,,,ok
NCT:NCT07386795,ClinicalTrials.gov,NCT07386795,https://clinicaltrials.gov/study/NCT07386795,The Efficacy and Safety of Microbiota Transplantation Combined With Prebiotics for Treatment of Functional Constipation,,,FMT,19,NA,Change in complete spontaneous bowel movements (CSBM),Frequency of SBM and CSBM; Bristol Stool Form Scale (BSFS) Score; Patient Assessment of Constipation Symptoms Score; Colonic Transit Time; Fecal Water Content and Microbiota Composition; Incidence of Adverse Events,Fecal Microbiota Transplantation (FMT) combined with Prebiotics,ok
EUROPEPMC:40951500,PubMed,40951500,https://europepmc.org/article/MED/40951500,Probiotic,"Given the high prevalence of obesity worldwide, effective therapeutic strategies are crucial to prevent and manage obesity-related health conditions. Existing studies indicate that Lactobacillus sp. showed beneficial effects on body weight and adiposity by modifying the gut microbiota; however, no meta-analysis has been conducted assessing the efficacy of Lactobacillus sp-based probiotics on anthropometric parameters, leptin and adiponectin levels, and gut microbiota composition. The aim of this study was to evaluate the efficacy and safety of probiotic supplementation with Lactobacillus sp. in obese individuals without comorbidities. A systematic search was conducted on November 28, 2024, using five databases: PubMed, Wiley, ScienceDirect, Epistemonikos, and Cochrane. Primary outcomes included changes in body mass index (BMI), body weight, waist and hip circumferences, visceral and subcutaneous fat areas, and total body fat content. Secondary outcomes included alterations in leptin and adiponectin levels, gut microbiota composition, and the incidence of adverse events. A total of 1,058 individuals were included across 12 clinical trials. Significant reductions were observed in BMI (mean difference (MD): -0.40 kg/m2; 95%CI: -0.48-(-0.32), p<0.00001), body weight (MD: -1.16 kg; 95%CI: -1.79-(-0.53), p=0.0003), waist circumference (MD: -1.41 cm; 95%CI: -1.75-(-1.08), p<0.00001), and hip circumference (MD: -0.85 cm; 95%CI: -1.09-(-0.61), p<0.00001) compared to controls. Additionally, compared to control group, significant reductions were observed in visceral and subcutaneous fat mass (MD: -7.35; 95%CI: -9.95-(-4.75); p<0.00001) and overall body fat (MD: -1.11; 95%CI: -1.31-(-0.91); p<0.00001). Leptin levels significantly decreased (MD: -2.11 μg/mL; 95%CI: -3.59-(-0.64), p=0.005) compared to before Lactobacillus sp. supplementation, while adiponectin levels increased (MD: 0.71 μg/mL; 95%CI: 0.22-1.20, p=0.004) following Lactobacillus sp. supplementation compared to placebo group. No significant adverse events were reported in either the intervention or control groups. In conclusion, Lactobacillus sp. probiotic supplementation may serve as an adjuvant therapy to enhance obesity management in non-comorbid obese individuals.",Journal Article; Meta-Analysis; Systematic Review,,,,,,,ok
EUROPEPMC:41413231,PubMed,41413231,https://europepmc.org/article/MED/41413231,"The promising effects of a multi-species synbiotic preparation on metabolic profile in elderly patients with type 2 diabetes and high cardiovascular risk: a randomized, triple-blind, placebo-controlled trial.","Elderly patients with type 2 diabetes (T2DM) experience a significantly raised risk of cardiovascular disease. We aimed to determine the effect of the multi-species synbiotic supplementation in elderly patients with T2DM and high cardiovascular risk.; Ninety-six patients with T2DM, aged ≥65 years with high cardiovascular risk, were enrolled between January 2022 and May 2023 and randomly allocated to receive a synbiotic supplement, containing a multi-species probiotic, and fructooligosaccharide as a prebiotic, or placebo supplements for 4 months. The primary outcome was the mean difference in weight change between synbiotics and placebo. The secondary outcomes were the mean difference in modifications in the body fat mass (BFM), lean body mass (LBM), and biochemical parameters, including glucose metabolism indices, lipid profile, and adhesion molecules between the two groups due to the intervention.; Eighty-five participants completed the study. The mean weight [-1.16 kg (-1.36 to -0.97)], body mass index (BMI) [-0.44 kg/m2 (-0.36 to -0.51)], and BFM [-0.99 kg (-1.05 to -0.93)] decreased significantly in the synbiotic group compared to the placebo group in the linear mixed analysis of covariance analysis (all p < 0.001). The mean serum Low-density-Lipoprotein (LDL-C) [-10.83 mg/dl (-14.78 to -6.88)], and total cholesterol [-11.78 mg/dl (-16.44 to -7.11)], vascular cell adhesion molecule 1 (VCAM-1) [-85.70 ng/L (-150.14 to -21.26)], fasting plasma glucose (FPG) [-22.83 mg/dl (-31.30 to -14.36)], and homeostatic model assessment for insulin resistance (HOMA-IR.) [-1.31 (-1.75 to -0.86)] improved in the synbiotic group significantly compared to the placebo group (p = 0.002, p = 0.012, p = 0.017, p < 0.001, p = 0.003 and p = 0.001, respectively). No serious adverse events were detected.; A multi-species synbiotic preparation benefits elderly patients with T2DM and high cardiovascular risk and improves weight, BMI, BFM, and plasma levels of total cholesterol, LDL-C, VCAM-1, FPG, and HOMA-IR. These findings suggest synbiotics may have health-promoting impacts in older patients with diabetes.","Journal Article; Randomized Controlled Trial; Research Support, Non-U.S. Gov't",,,,,,,ok
NCT:NCT05802121,ClinicalTrials.gov,NCT05802121,https://clinicaltrials.gov/study/NCT05802121,Akkermansia Muciniphilia and Metabolic Side Effects of ADT,,,Apple Cider Vinegar,30,EARLY_PHASE1,Fecal Akkermansia muciniphilia counts; Fecal Akkermansia muciniphilia counts; Fecal Akkermansia muciniphilia counts; Fecal Akkermansia muciniphilia counts; Fecal Akkermansia muciniphilia counts; Side effects and tolerability,Metabolic parameters: fasting plasma glucose; Metabolic parameters: fasting plasma glucose; Metabolic parameters: HbA1C; Metabolic parameters: HbA1c; Metabolic parameters: triglycerides; Metabolic parameters: triglycerides; Metabolic parameters: LDL cholesterol; Metabolic parameters: LDL cholesterol; Metabolic parameters: HDL cholesterol; Metabolic parameters: HDL cholesterol; Metabolic parameters: total cholesterol; Metabolic parameters: total cholesterol; Metabolic parameters: PSA; Metabolic parameters: PSA; Metabolic parameters: hemoglobin; Metabolic parameters: hemoglobin; Metabolic parameters: serum creatinine; Metabolic parameters: serum calcium; Metabolic parameters: serum calcium; Metabolic parameters: alanine transferase; Metabolic parameters: alanine transferase; Metabolic parameters: aspartate aminotransferase; Metabolic parameters: aspartate aminotransferase; Metabolic parameters: Insulin resistance index (HOMA IR); Metabolic parameters: HOMA IR; Bone health: dp-ucMGP levels; Bone health: dp-ucMGP levels; Bone health: Vitamin K2; Bone health: Vitamin K2,Apple Cider Vinegar; Observation,ok
NCT:NCT06823557,ClinicalTrials.gov,NCT06823557,https://clinicaltrials.gov/study/NCT06823557,Investigation of the Mechanisms of the Gut-brain Axis in Binge Eating and Obesity.,,,Psychobiotic treatment; Placebo treatment,104,PHASE1,Gut Microbiota outcomes - Gut-Bacteria Composition; Gut Microbiota outcomes - Molecules released by the gut-bacteria; Psycho-behavioral outcomes - Three Factor Eating Questionnaire-21; Psycho-behavioral outcomes - Eating Expectancy Inventory; Psycho-behavioral outcomes - Negative urgency subscale; Psycho-behavioral outcomes - Difficulties in Emotion Regulation Scale; Psycho-behavioral outcomes - Distress Tolerance Scale; Neurofunctioning outcomes - Default mode network; Neurofunctioning outcomes - Salience network; Neurofunctioning outcomes - Meso/Paralimbic network; Neurofunctioning outcomes - Executive network; Appetitive hormones outcomes - Ghrelin; Appetitive hormones outcomes - Glucagon-Like Peptide 1; Appetitive hormones outcomes - Peptide YY; Appetitive hormones outcomes - Leptin; Appetitive hormones outcomes - Insulin; Appetitive hormones outcomes - Cortisol,Eating Disorder Examination,Psychobiotic group; Control group,ok
NCT:NCT06901440,ClinicalTrials.gov,NCT06901440,https://clinicaltrials.gov/study/NCT06901440,Bariatric Surgery for Obesity,,,,50,,Compare liver status regarding steatosis & Correlate changes with weight loss and glycemic control,,-Intervention group: 25 adults (BMI ≥30) undergoing sleeve gastrectomy or Roux-en-Y gastric bypass.; - Control group: 25 adults (BMI ≥30) managed with lifestyle/ dietary interventions.,ok
NCT:NCT06964932,ClinicalTrials.gov,NCT06964932,https://clinicaltrials.gov/study/NCT06964932,Probiotics in Obesity Management,,,Probiotc; Placebo,61,NA,Change in body weight before and after intervention,,Probiotic group; Placebo group,ok
NCT:NCT06987279,ClinicalTrials.gov,NCT06987279,https://clinicaltrials.gov/study/NCT06987279,Lactobacillus Plantarum and Hormonal Regulation in Obese Women,,,Probiotic; Maltodextrin,100,NA,The changes of estradiol before and after the intervention,,Probiotic Group; Placebo Group,ok
NCT:NCT07097974,ClinicalTrials.gov,NCT07097974,https://clinicaltrials.gov/study/NCT07097974,Evaluation of the Efficacy of the Composite WM Formula in Body Weight Change,,,WM formula liquid drink; Placebo,0,NA,Change from baseline in weight at weeks 2 and 4; Change from plasma GLP-1 concentration (pmol/L) in baseline at weeks 2 and 4; Change from baseline in blood glucose at weeks 2 and 4,Change from plasma DPP-4 concentration (ng/mL) in baseline at weeks 2 and 4; Change from plasma PAI-1 concentration (ng/mL) in baseline at weeks 2 and 4,WM formula liquid drink; Placebo,ok
EUROPEPMC:38674828,PubMed,38674828,https://europepmc.org/article/MED/38674828,"A 12-Week, Single-Centre, Randomised, Double-Blind, Placebo-Controlled, Parallel-Design Clinical Trial for the Evaluation of the Efficacy and Safety of","There is growing evidence linking gut microbiota to overall health, including obesity risk and associated diseases. Lactiplantibacillus plantarum SKO-001, a probiotic strain isolated from Angelica gigas, has been reported to reduce obesity by controlling the gut microbiome. In this double-blind, randomised clinical trial, we aimed to evaluate the efficacy and safety of SKO-001 in reducing body fat. We included 100 participants randomised into SKO-001 or placebo groups (1:1) for 12 weeks. Dual-energy X-ray absorptiometry was used to objectively evaluate body fat reduction. Body fat percentage (p = 0.016), body fat mass (p = 0.02), low-density lipoprotein-cholesterol levels (p = 0.025), and adiponectin levels (p = 0.023) were lower in the SKO-001 group than in the placebo group after 12 weeks of SKO-001 consumption. In the SKO-001 group, the subcutaneous fat area (p = 0.003), total cholesterol levels (p = 0.003), and leptin levels (p = 0.014) significantly decreased after 12 weeks of SKO-001 consumption compared with baseline values. Additionally, SKO-001 did not cause any severe adverse reactions. In conclusion, SKO-001 is safe and effective for reducing body fat and has the potential for further clinical testing in humans.",Journal Article; Randomized Controlled Trial,,,,,,,ok
NCT:NCT06554314,ClinicalTrials.gov,NCT06554314,https://clinicaltrials.gov/study/NCT06554314,Effect of Probiotics on Regulating Gut Health and Blood Lipid in Adults,,,probiotics,50,NA,Change from baseline serum lipids at week 4,,Probiotics; Placebo,ok
NCT:NCT06578143,ClinicalTrials.gov,NCT06578143,https://clinicaltrials.gov/study/NCT06578143,Effects of Synbiotics on Obesity,,,Placebo; Synbiotics,80,PHASE2,Body fat percentage,,Control; Synbiotics,ok
NCT:NCT06722443,ClinicalTrials.gov,NCT06722443,https://clinicaltrials.gov/study/NCT06722443,Impact of Nutritional Intervention With Probiotics and Prebiotics on Obesity.,,,Probiotic; Prebiotic; Synbiotic,230,NA,Evaluation of the composition of the intestinal microbiome using metagenomic analysis; Evaluation of the treatment using integrated data analysis,Evaluation of serological biochemical profile; Determination of the treatment impact on the metabolome profile,Placebo; Probiotic; Prebiotic; Symbiotic,ok
NCT:NCT06729671,ClinicalTrials.gov,NCT06729671,https://clinicaltrials.gov/study/NCT06729671,A Probiotic Strategy for Antipsychotic-induced Metabolic Dysfunction,,,Bifidobacterium longum APC1472 hydroxypropylmethylcellulose (HPMC) capsule; maltodextrin,70,NA,Bifidobacterium longum on weight gain; Bifidobacterium longum on glucose levels.,Bifidobacterium longum on waist-to-hip ratio; Bifidobacterium longum on metabolic syndrome markers; Bifidobacterium longum on cortisol awakening response; Bifidobacterium longum on treatment adherence; Bifidobacterium longum on changes in food intake behavior,placebo; active,ok
NCT:NCT06795607,ClinicalTrials.gov,NCT06795607,https://clinicaltrials.gov/study/NCT06795607,Effect of the Probiotic SF68® on Body Composition and Low-to-moderate Cardiovascular Risk,,,Probiotic; Placebo,40,NA,Waist circumference,Gut microbiota; Short-chain fatty acids (SCFAs); Hemoglobin; White blood cells; Red blood cells; Platelets; Glucose; Insulin; Glycated hemoglobin; HOMA index; Total cholesterol; LDL cholesterol; HDL cholesterol; Triglycerides; AST; ALT; GGT; hs-CRP; Interleukin 1-alpha; Interleukin 1-beta; Interleukin 6; Interleukin 18; Tumor necrosis factor alpha; Reactive Oxigen Species (ROS); Glutathione; Homocysteine; LPS-binding protein; Weight; Fat mass; Fat-free mass; Dietary habits; Gastrointestinal and systemic symptoms through the GAI score; Gastrointestinal and systemic symptoms through the SSS score,Probiotic; Placebo,ok
NCT:NCT06974994,ClinicalTrials.gov,NCT06974994,https://clinicaltrials.gov/study/NCT06974994,Resilience to Antibiotic-induced Obesogenic Microbiota: Discovering Mechanism of Microbiota Modulation,,,Synbiotic Supplement; Placebo,125,NA,BMI at 24 months of age,Height; Weight; Growth velocity; Child's microbiome; Mother's microbiome; Breast milk microbiome; Hormonal levels; Inflammatory markers; Respiratory tract infections,Synbiotic; Placebo,ok
PMID:38653887,PubMed,38653887,https://pubmed.ncbi.nlm.nih.gov/38653887/,"Impact of Probiotics on Gastrointestinal Function and Metabolic Status After Roux-en-Y Gastric Bypass: A Double-Blind, Randomized Trial.","Postoperative changes in gut microbiota may occur in patients undergoing Roux-en-Y gastric bypass surgery. In this study, we evaluate the impact of administering probiotic tablets on the gastrointestinal function and metabolic status of these patients.; This double-blinded randomized clinical trial was conducted from 2021 to 2022 on 135 Roux-en-Y surgery candidates. The intervention group underwent the surgical procedure and started receiving probiotic supplements (Familact Co.) 1 week after surgery; the control group received a placebo. The laboratory and anthropometric data were measured and analyzed before and 3 and 6 months after the intervention. GIQLI questionnaire was also used at the beginning and 6 months after the intervention to evaluate GI symptoms.; We observed significantly reduced BMI in both groups after surgeries (P < 0.001). The levels of FBS and HbA1C were significantly lower in the probiotic group compared to the placebo in 3 months (P = 0.02 and P = 0.001, respectively) and 6 months (P < 0.001 for both) after the intervention. The levels of vitamin B12 increased significantly in the probiotic group (P < 0.001), and the values were substantially higher than the placebo group in 3 and 6 months (P < 0.001), respectively. Analysis of the GIQLI questionnaire before and 6 months after interventions also revealed significant improvement in the GIQLI score in both groups (P < 0.001 for probiotics and P = 0.03 for placebo).; Probiotic supplement administration following RYGB improves patients' vitamin and metabolic profile, as well as GI function, although it cannot significantly affect weight loss.",Journal Article; Randomized Controlled Trial,,,,,,,ok
EUROPEPMC:38140284,PubMed,38140284,https://europepmc.org/article/MED/38140284,"Effect of Continuous Ingestion of Bifidobacteria and Inulin on Reducing Body Fat: A Randomized, Double-Blind, Placebo-Controlled, Parallel-Group Comparison Study.","Bifidobacterium animalis subsp. lactis GCL2505 has been shown to have several positive health effects, including improved defecation frequency and reduced visceral fat. It is known that combined intake of GCL2505 and inulin increases the total number of bifidobacteria compared with ingestion of GCL2505 alone. This randomized, double-blind, placebo-controlled, parallel-group study was conducted to confirm that consumption of GCL2505 and inulin reduces abdominal fat (n = 120). Participants consumed a test beverage containing 1 × 1010 colony-forming units of GCL2505 per 100 g and 2.0 g of inulin per 100 g for 12 weeks. A change in the visceral fat area (VFA) was set as the primary endpoint. There were significant reductions in VFA and total fat area. The intervention significantly increased the total number of bifidobacteria and affected the levels of several lipid markers. Regression analysis of bifidobacteria and measured parameters showed that total bifidobacteria correlated with VFA and body mass index (BMI), while endogenous bifidobacteria and Bifidobacterium animalis subsp. lactis correlated only with BMI, suggesting that increases in both contributed to the decrease in VFA. These results suggest that combined intake of GCL2505 and inulin improves the intestinal environment and reduces abdominal fat in association with the SCFA-mediated pathway.",Randomized Controlled Trial; Journal Article,,,,,,,ok
NCT:NCT04809688,ClinicalTrials.gov,NCT04809688,https://clinicaltrials.gov/study/NCT04809688,Saskatoon Berry on Metabolism and Gut Microbiota in Healthy Subjects,,,Saskatoon berry; Dried Saskatoon berry,20,NA,Fasting plasma glucose; Total serum cholesterol,Lipid profile beside total cholesterol; C-reactive protein; Liver enzymes; Body mass index accord to body weight and height; Blood pressure; Gut micrbiota; Glucagaon-like peptide; Insulin and homeostasis model assessment of insulin resistance (HOMA-IR),Single arm,ok
NCT:NCT05791604,ClinicalTrials.gov,NCT05791604,https://clinicaltrials.gov/study/NCT05791604,The Intervention of Obesity in Children With Prader-Willi Syndrome Using Prebiotics and Probiotics,,,"probiotics including B. lactis B420, B. lactis HN019, B. animalis Bb-12, L. rhamnosus GG; Prebiotics with galactomannan and oligofructose",60,NA,Body mass index,Body composition; The structure of gut microbiota; Height; Weight; Waist circumference; Glycosylated hemoglobin level; Fast triglyceride level; Fast total cholesterol level; Fast low density lipoprotein level; Fast high density lipoprotein level; Defecation status; Abdominal pain; Excessive flatulence; Fast insulin level; Fast glucose level; Body mass index,Probiotics group; Probiotics and prebiotics group; Control group,ok
NCT:NCT05821010,ClinicalTrials.gov,NCT05821010,https://clinicaltrials.gov/study/NCT05821010,Synbiotics and Fecal Microbiota Transplantation to Treat Non-Alcoholic Steatohepatitis,,,Lyophilized fecal microbiota transplantation capsules; Placebo capsules; A. soehngenii; Pasteurized A. muciniphila; B. animalis subsp. lactis; Fructo-oligosaccharides,48,PHASE2,Liver histology,"MRI; Fibroscan; Liver enzymes (blood); Immunological data; Plasma lipids; Gut metabolites (in blood); Glycemic control; albumin, kreatinine, hemoglobin (blood); NAFLD NASH related endocrinological and metabolic outcome parameters; Microbiome readouts; Body weight; Height; BMI; Waist circumference; Percentage body fat; Demographics and (medical) history; Quality of life with CDLQ-NASH; Quality of life with SF36 questionnaire.; Food diary",LFMT-capsules; Placebo,ok
NCT:NCT05826184,ClinicalTrials.gov,NCT05826184,https://clinicaltrials.gov/study/NCT05826184,Time Restricted Eating With or Without a Fiber Supplement for Weight Management in Pediatric Cancer Survivors,,,Time restircted eating; Time restricted eating + prebiotic,13,NA,feasibility of TRE in pediatric cancer survivors; acceptance of TRE in pediatric cancer survivors; Adherence to TRE,body weight (kg); Body composition; fasting Insulin; fasting glucose; insulin resistance change; Hemoglobin A1c concentration; Blood pressure; Heart rate; Lipid concentration; Gut microbial composition; Glucagon like peptide 1 concentration; peptide yy concentration; circulating short chain fatty acid concentration; c-reactive protein concentration,Time restricted eating; TRE+ prebiotic supplement,ok
NCT:NCT05832190,ClinicalTrials.gov,NCT05832190,https://clinicaltrials.gov/study/NCT05832190,Correcting GUT MicrobioTa by Combined Supplementation of FibERs and BIotiN to Improve Microbiome and Optimize Bariatric Surgery Outcomes,,,Standard of care; Biotin supplement; Fiber supplement,5,NA,3-month variation of gut microbiota richness 3 months after the start of the different dietary interventions,"Assess changes in body weight between the visit 3 months before surgery and the pre-surgery visit, the visit at 3 and 6 months after surgery.; Assess changes in BMI between the visit 3 months before surgery and the pre-surgery visit, the visit at 3 and 6 months after surgery; Assess changes in waist circumference between the visit 3 months before surgery and the pre-surgery visit, the visit at 3 and 6 months after surgery; Assess changes in fat mass between the visit 3 months before surgery and the pre-surgery visit, the visit at 3 and 6 months after surgery; Assess changes in lean mass between the visit 3 months before surgery and the pre-surgery visit, the visit at 3 and 6 months after surgery; Assess changes in visceral adipose tissue mass between the visit 3 months before surgery and the pre-surgery visit, the visit at 3 and 6 months after surgery; Assess changes in blood pressure between the visit 3 months before surgery and the pre-surgery visit, the visit at 3 and 6 months after surgery.; Assess changes in insulin resistance markers between the visit 3 months before surgery and the pre-surgery visit, the visit at 3 and 6 months after surgery.; Assess changes in insulin sensitivity markers between the visit 3 months before surgery and the pre-surgery visit, the visit at 3 and 6 months after surgery; Assess change in Leptin between the visit 3 months before surgery and the pre-surgery visit, the visit at 3 and 6 months after surgery.; Assess change in Adiponectin between the visit 3 months before surgery and the pre-surgery visit, the visit at 3 and 6 months after surgery.; Assess changes in glucose between the visit 3 months before surgery and the pre-surgery visit, the visit at 3 and 6 months after surgery; Assess changes in lipid profile between the visit 3 months before surgery and the pre-surgery visit, the visit at 3 and 6 months after surgery; Assess changes in liver function between the visit 3 months before surgery and the pre-surgery visit, the visit at 3 and 6 months after surgery; Assess change in inflammatory marker (C-reactive protein) between the visit 3 months before surgery and the pre-surgery visit, the visit at 3 and 6 months after surgery.; Assess changes in inflammatory markers (IL6, sCD14, IL1b, IL10, TNF-R) between the visit 3 months before surgery and the pre-surgery visit, the visit at 3 and 6 months after surgery.; Assess changes in adipose tissue gene expression for biotin-dependent carboxylases and inflammatory genes; Assess changes in quality of life; Assess changes in emotional eating; Assess changes in physical activity; Assess changes in anxiety; Assess changes in sleep quality; Assess changes in stool consistency; Assess changes in stool inflammatory markers; Change in gut microbiota composition by quantitative metagenomics.; Change in intestinal permeability by Zonuline dosage; Change in intestinal permeability by LPS-binding protein dosage; Systemic measurement of Biotin (B8),B6 and B9-vitamins; Systemic measurement of B12-vitamin",Arm 1: patient with usual follow-up (standard of care); Arm 2: Same usual general dietary recommendations PLUS Biotin; Arm 3: Same usual general dietary recommendations PLUS Fiber; Arm 4: Same usual general dietary recommendations PLUS Fiber PLUS Biotin,ok
NCT:NCT06612164,ClinicalTrials.gov,NCT06612164,https://clinicaltrials.gov/study/NCT06612164,"Effects of Kefir Consumption on Health Outcomes: Gastrointestinal System, Immunity, Biochemical Parameters, Body Composition, Sleep Quality and Mental Well Being in Healthy Adults",,,kefir,65,NA,Evaluation of Gastrointestinal Health; Body Composition and Anthropometric Measurements; Mental Health; Immunity and Systemic-Inflammation,Physical Activity; Biochemical Parameters; Dietary Patterns,Kefir Consumption Group; Control Group,ok
PMID:37248499,PubMed,37248499,https://pubmed.ncbi.nlm.nih.gov/37248499/,"The impact of Hafnia alvei HA4597™ on weight loss and glycaemic control after bariatric surgery - study protocol for a triple-blinded, blocked randomized, 12-month, parallel-group, placebo-controlled clinical trial.","Subjects with obesity exhibit changes in gut microbiota composition and function (i.e. dysbiosis) that contribute to metabolic dysfunction, including appetite impairment. Although bariatric surgery is an effective treatment for obesity with a great impact on weight loss, some subjects show weight regain due to increased energy intake after the surgery. This surgery involves gut microbiota changes that promote appetite control, but it seems insufficient to completely restore the obesity-associated dysbiosis - a possible contributor for weight regain. Thus, modulating gut microbiota with probiotics that could improve appetite regulation as a complementary approach to post-operative diet (i.e. Hafnia alvei HA4597™), may accentuate post-surgery weight loss and insulin sensitivity.; This is a protocol of a triple-blinded, blocked-randomized, parallel-group, placebo-controlled clinical trial designed to determine the effect of Hafnia alvei HA4597™ supplementation on weight loss and glycaemic control 1 year after bariatric surgery. Patients of Hospital CUF Tejo, Lisbon, that undergo Roux-en-Y gastric bypass are invited to participate in this study. Men and women between 18 and 65 years old, with a BMI ≥ 35 kg/m2 and at least one severe obesity-related comorbidity, or with a BMI ≥ 40 kg/m2, and who are willing to take 2 capsules of Hafnia alvei HA4597™ probiotic supplements (equivalent to 5 × 107 CFU) vs. placebo per day for 90 days are included in this study. Assessments are carried out at baseline, 3, 6, 9, and 12 months after the surgery. Loss of weight in excess and glycated haemoglobin are considered primary outcomes. In addition, changes in other metabolic and inflammatory outcomes, gut microbiota composition and metabolites, as well as gastrointestinal quality of life are also being assessed during the trial.; The evidence obtained in this study will provide relevant information regarding the profile of the intestinal microbiota of individuals with severe obesity and the identification of the risk/benefit ratio of the use of Hafnia alvei HA4597™ as an adjunctive treatment in the maintenance of metabolic and weight control one year after the surgical intervention.; ClinicalTrials.gov NCT05170867. Registered on 28 December 2021.",Clinical Trial Protocol; Journal Article,,,,,,,ok
NCT:NCT04962633,ClinicalTrials.gov,NCT04962633,https://clinicaltrials.gov/study/NCT04962633,Dietary Intervention With Probiotic Pasta and Evaluation of the Effects on Metabolic and Inflammatory Status,,,Probiotic Pasta; Control Pasta,40,NA,Changes in fasting inflammatory blood markers; Changes in fasting plasma lipids; Changes in fasting plasma glucose,Changes in small intestine permeability; Changes in colonic permeability; Changes in stool consistency; Changes in stool weight; Changes in stool frequency; Changes in gastrointestinal functionality; Changes in faecal microbiome; Variation of plasma glucagon like peptide-1 concentration; Variation of plasma gastric inhibitory polypeptide hormone concentration; Variation of plasma Glucagon hormone concentration; Variation of plasma Ghrelin hormone concentration; Variation of plasma Insulin hormone concentration; Variation of plasma endocannabinoids and N-acyl-ethanolamines concentration; Variation of serum dipeptidyl-dipeptidase-IV activity; Changes in body weight; Changes in body mass index; Changes in waist circumference; Changes in hip circumference; Changes in blood pressure; Changes in body composition; Variation of daily energy intakes; Variation of hunger sensation scores; Variation of fullness sensation scores; Variation of satiety sensation scores; Variation of wellbeing status,Probiotic Pasta Group; Control Pasta Group,ok
NCT:NCT05255367,ClinicalTrials.gov,NCT05255367,https://clinicaltrials.gov/study/NCT05255367,Effect of (Poly)Phenolic on Cardiometabolic Risk of Postmenopausal Women,,,(poly)phenols rich foods,26,NA,Changes in serum levels of glucose and insulin.; Changes in plasmatic lipid profile.; Changes in blood pressure.; Changes in biomarkers of inflammation in plasma.; Changes in biomarkers of oxidative stress in urine.,Changes in body mass index.; Changes in body composition.; Changes hip-to-waist ratio.; Dietary habits (total energy intake and macronutrient distribution).,Intake of (poly)phenol rich foods,ok
NCT:NCT05353504,ClinicalTrials.gov,NCT05353504,https://clinicaltrials.gov/study/NCT05353504,Impact of Microbiome-changing Interventions on Food Decision-making,,,Inulin; Lifestyle intervention; Placebo,90,NA,blood-oxygenation-level-dependent (BOLD) activity during food wanting,microbial alpha and beta diversity; fMRI BOLD activity memory performance; satiety; ghrelin; leptin; GLP-1; PYY; insulin; HbA1c; inflammatory markers; microbial metabolic markers in blood; body mass index; waist hip ratio; body fat; food craving; executive attention performance,prebiotic dietary supplement; behavioural lifestyle intervention; placebo dietary supplement,ok
NCT:NCT05417360,ClinicalTrials.gov,NCT05417360,https://clinicaltrials.gov/study/NCT05417360,Akkermansia and Weight Maintenance,,,Akkermansia muciniphila; Placebo,90,NA,Body weight,Body composition; Body fat distribution; Glucose metabolism; Insulin sensitivity; Lipid profile; Adipose tissue activity; Gut barrier function; Psychological well-being - mental health; Psychological well-being - sleep quality; Psychological well-being - stress; Psychological well-being - General; Gastrointestinal symptoms - bowel movements; Gastrointestinal symptoms; Heart rate; Blood pressure; Renal function; Liver function; Inflammation; Microbiota; Short chain fatty acid production,Akkermansia muciniphila (A. muciniphila); Placebo,ok
NCT:NCT06327919,ClinicalTrials.gov,NCT06327919,https://clinicaltrials.gov/study/NCT06327919,Effects of Probiotic Supplementation With Weight Reducing Plan in Patients With Food Addiction and Weight Regain After Bariatric Surgery,,,Probiotic supplement; Placebo supplement,50,NA,Weight; BMI; Waist circumference; Fat mass; Food addiction,Eating behavior; Leptin; Serotonin; Oxytocin,Intervention; Placebo,ok
NCT:NCT04863313,ClinicalTrials.gov,NCT04863313,https://clinicaltrials.gov/study/NCT04863313,Effect of a Probiotic on the Glycemic Profile and the Fecal Microbiota of Prediabetic Subjects (PREDIABETCARE),,,Probiotic; Placebo,73,NA,Change of blood glycated hemoglobin (HbA1c) concentration from baseline to week 12.,"Change of metagenomic analysis of intestinal microbiota composition from baseline to week 12.; Change of fasting blood glucose concentration from baseline to week 4.; Change of fasting blood glucose concentration from baseline to week 8.; Change of fasting blood glucose concentration from baseline to week 12.; Oral glucose tolerance test; Change in the Area under the curve for glucose from baseline to week 12.; Change of fasting blood insulin concentration from baseline to week 12.; Change of HOMA index from baseline to week 12.; Change of blood glucagon like peptide-1 (GLP-1) concentration from baseline to week 12.; Change of Blood peptide-C concentration from baseline to week 12.; Change of gastrointestinal symptoms from baseline to week 4.; Change of gastrointestinal symptoms from baseline to week 8.; Change of gastrointestinal symptoms from baseline to week 12.; Change of blood ALT concentration from baseline to week 12.; Change of blood AST concentration from baseline to week 12.; Change of blood total cholesterol concentratio from baseline to week 12.; Change of blood HDL cholesterol concentration from baseline to week 12.; Change of blood LDL cholesterol concentration from baseline to week 12.; Change of blood triglyceride concentration from baseline to week 12.; Change of hemogram from baseline to week 12.; Change of weight from baseline to week 4.; Change of weight from baseline to week 8.; Change of weight from baseline to week 12.; Change of body mass index from baseline to week 4.; Change of body mass index from baseline to week 8.; Change of body mass index from baseline to week 12.; Change of waist circumference from baseline to week 4.; Change of waist circumference from baseline to week 8.; Change of waist circumference from baseline to week 12.; Change of hip circumference from baseline to week 4.; Change of hip circumference from baseline to week 8.; Change of hip circumference from baseline to week 12.; Change of body composition (fat mass, lean mass and water content) from baseline to week 4.; Change of body composition (fat mass, lean mass and water content) from baseline to week 8.; Change of body composition (fat mass, lean mass and water content) from baseline to week 12.; Change of systolic blood pressure from baseline to week 4.; Change of systolic blood pressure from baseline to week 8.; Change of systolic blood pressure from baseline to week 12.; Change of dyastolic blood pressure from baseline to week 4.; Change of dyastolic blood pressure from baseline to week 8.; Change of dyastolic blood pressure from baseline to week 12.; Change of heart rate from baseline to week 4.; Change of heart rate from baseline to week 8.; Change of heart rate from baseline to week 12.; Change of physical activity from baseline to week 12.; Change on food intake from baseline to week 12.; Adherence to the intervention at week 4.; Adherence to the intervention at week 8.; Adherence to the intervention at week 12.",Group receiving the probiotic capsules; Group receiving the placebo capsules,ok
NCT:NCT04884776,ClinicalTrials.gov,NCT04884776,https://clinicaltrials.gov/study/NCT04884776,Modulation of Gut Microbiota to Enhance Health and Immunity,,,Microbiome immunity formula; Active placebo,453,NA,Adverse events/Serious adverse events,Immunogenicity of the COVID-19 vaccine; Change in gut microbiome; Changes in plasma inflammatory cytokines; Restoration of gut dysbiosis; Number of unscheduled hospitalisation and clinic visits; Changes of quality of life; Changes in glycaemic control,Active arm; Placebo arm,ok
NCT:NCT05000775,ClinicalTrials.gov,NCT05000775,https://clinicaltrials.gov/study/NCT05000775,The Influence of GNiib® in Obesity Management in Obese Young Individuals in Hong Kong.,,,G-Niib; Placebo,280,NA,proportion of subjects achieving 5% weight loss; changes in BMI; changes in body weight; changes in waist circumference,,G-Niib; Placebo,ok
NCT:NCT05207488,ClinicalTrials.gov,NCT05207488,https://clinicaltrials.gov/study/NCT05207488,"Gastrointestinal And Metabolic Effects From a Prebiotic, Lifting, and Aerobic iNtervention",,,Fructooligosaccharides (FOS); Exercise; Placebo,48,NA,Changes in gastrointestinal microbiota composition; Changes in gastrointestinal microbial-derived metabolite concentrations,Changes in fasting glucose; Changes in fasting insulin; Changes in body composition; Changes in body fat distribution; Changes in cognition,Exercise + Prebiotic; Exercise + Placebo,ok
NCT:NCT05405205,ClinicalTrials.gov,NCT05405205,https://clinicaltrials.gov/study/NCT05405205,Effect of Synbiotic L. Fermentum Strains on Body Fat Mass,,,synbiotic; probiotic; placebo,180,NA,Body Fat Mass,Visceral Adiposity Index,synbiotic; probiotic; placebo,ok
PMID:33915854,PubMed,33915854,https://pubmed.ncbi.nlm.nih.gov/33915854/,Role of Probiotics in Modulating Human Gut Microbiota Populations and Activities in Patients with Colorectal Cancer-A Systematic Review of Clinical Trials.,"Growing attention has been given to the role of nutrition and alterations of microbial diversity of the gut microbiota in colorectal cancer (CRC) pathogenesis. It has been suggested that probiotics and synbiotics modulate enteric microbiota and therefore may be used as an intervention to reduce the risk of CRC. The aim of this study was to evaluate the influence of probiotics/synbiotics administration on gut microbiota in patients with CRC.; PubMed, Scopus, and Web of Science were searched between December 2020 and January 2021. Randomized controlled trials (RCTs) recruiting adults with CRC, who have taken probiotics/synbiotics for at least 6 days were included. Changes in gut microbiota and selected biochemical and inflammatory parameters (i.e., hsCRP, IL-2, hemoglobin) were retrieved.; The search resulted in 198 original research articles and a final 6 were selected as being eligible, including 457 subjects. The median age of patients was 65.4 years old and they were characterized by the median BMI value: 23.8 kg/m2. The literature search revealed that probiotic/synbiotic administration improved enteric microbiota by increasing the abundance of beneficial bacteria such as Lactobacillus, Eubacterium, Peptostreptococcus, Bacillus and Bifidobacterium, and decreased the abundance of potentially harmful bacteria such as Fusobacterium, Porhyromonas, Pseudomonas and Enterococcus. Additionally, probiotic/synbiotic intervention improved release of antimicrobials, intestinal permeability, tight junction function in CRC patients.; The use of probiotics/synbiotics positively modulates enteric microbiota, improves postoperative outcomes, gut barrier function and reduces inflammatory parameters in patients suffering from CRC.",Journal Article; Systematic Review,,,,,,,ok
NCT:NCT04097106,ClinicalTrials.gov,NCT04097106,https://clinicaltrials.gov/study/NCT04097106,Synbiotic Dietary Supplement and Gut Microbiota,,,Synbiotic,34,,"Measure change in gastrointestinal symptoms using ""Rating of Gastrointestinal (GI) Symptoms"" scale; Change in microbiome stool diversity; Change in metabolome stool profile; Change in metabolome urine profile",,Lean BMI (19-25); Obese BMI (30-35),ok
NCT:NCT04130321,ClinicalTrials.gov,NCT04130321,https://clinicaltrials.gov/study/NCT04130321,Demonstration of the Prebiotic-like Effects of Camu-camu Consumption Against Obesity-related Disorders in Humans,,,Camu camu; Placebo,35,NA,Change in Gut Microbiota Composition and Diversity; Change in fat accumulation in the liver,Change in Endotoxemia; Change in Intestinal permeability; Change in Inflammation state of the tissue; Change in Short chain and branched chain fatty acids in the feces; Change in gut health; Change in stool consistency; Change in Glucose homeostasis; Change in Glucose homeostasis; Change in Glucose homeostasis; Change in Glucose homeostasis; Change in Lipid profile; Change in anthropometric measurements; Change in anthropometric measurements; Change in body composition; Change in chronic inflammation; Change in liver health; Change in gene expression levels; Change in circulating levels of plasma metabolites; Change in camu camu-derived metabolites present in stool; Change in blood pressure,Camu camu; Placebo,ok
NCT:NCT04561284,ClinicalTrials.gov,NCT04561284,https://clinicaltrials.gov/study/NCT04561284,Carbohydrate-induced Resilience of the Gut Microbiome After Antibiotics Use,,,Indigestible fiber (classified); Placebo,39,NA,Gut microbiota composition; Gut microbiota activity; Fecal Short-Chain Fatty Acids (SCFA); Resistome analysis,Body Mass Index; Insulin sensitivity; Plasma markers of fat metabolism; Adipose tissue gene expression; Adipose tissue protein levels; Plasma short chain fatty acids; Inflammatory markers; Gut hormones,Indigestible fiber supplementation; Placebo supplementation,ok
NCT:NCT04754464,ClinicalTrials.gov,NCT04754464,https://clinicaltrials.gov/study/NCT04754464,Clinical Study on the Effect of a Synbiotic on Body Fat Mass,,,synbiotic; microcrystalline cellulose,120,NA,BFM,HbA1c; HOMA-IR,synbiotic; microcrystalline cellulose,ok
NCT:NCT05114018,ClinicalTrials.gov,NCT05114018,https://clinicaltrials.gov/study/NCT05114018,Effect of Pasteurized Akkermansia Muciniphila on Insulin Resistance in Otherwise Healthy Subjects With Dysglycaemia,,,Pasteurized A. muciniphila; placebo,143,NA,Insulin sensitivity by Matsuda Index,"Insulin sensitivity by homeostasis model assessment-estimated (HOMA) insuline sensitivity; fasting blood glucose; 3-hour blood glucose incremental Area Under the Curve (AUC) as measured by Oral Glucose Tolerance Test (OGTT); Peak Plasma Concentration (Cmax) of blood glucose as measured by OGTT; 3-hour blood insulin incremental Area Under the Curve (AUC) as measured by OGTT; Peak Plasma Concentration (Cmax) of blood insulin as measured by OGTT; Glycosylated hemoglobin (HbA1c); Postprandial triglyceride (TG) response as incremental Area Under the Curve (AUC) as measured by OGTT; Peak Plasma Concentration (Cmax) of blood TG as measured by OGTT; Blood lipid profile by total cholesterol, TG, low density lipoprotein, high density lipoprotein, non-esterified fatty acids; Liver enzymes (ALT, AST, GGT, bilirubin, alkaline phosphatase); Anthropometry by Height (m) and body weight (kg) combined into BMI (kg/m2); Circumference (cm) of waist, hip and neck and waist, hip and height measurement will be combined into Waist-to-Hip ratio (W:H) and Waist-to-Height ratio (WHtR); Body composition by measurement of body fat mass by DEXA measurement; Body composition by measurement of lean mass by DEXA measurement; Body composition by measurement of trunk fat mass by DEXA measurement; Vital signs: heart rate; Vital signs: blood pressure; Vital signs: body temperature; Vital signs: respiratory rate; Adverse events",Experimental group receiving pasteurized Akkermansia muciniphila; Control group,ok
PMID:30595036,PubMed,30595036,https://pubmed.ncbi.nlm.nih.gov/30595036/,Efficacy of synbiotic supplementation in obesity treatment: A systematic review and meta-analysis of clinical trials.,"Several investigations have been reported the beneficial effects of synbiotic in participants with obesity, but these findings have been inconsistent. Therefore, we systematically reviewed available randomized clinical trials (RCTs) to elucidate the overall effects of synbiotic supplementation on anthropometric indices among participants with overweight or obesity. Five electronic databases including PubMed, Scopus, ISI Web of science, Cochrane Library and Google Scholar were searched up to October 2018. All RCTs using synbiotic supplements to treat obesity included in this systematic review and meta-analysis. Weighted mean difference (WMD) was pooled using a random-effects model. The present meta-analysis of 23 randomized trials indicated that supplementation with synbiotic can decrease body weight (WMD: -0.80 kg; 95% CI: -1.56 to -0.03, p = 0.04) and WC (WMD: -2.07 cm; 95% CI: -3.11 to -1.03, p < 0.001). In contrast, synbiotic did not have favorite effects on BMI (WMD: -0.12 kg/m2; 95% CI: -0.40 to 0.16, p = 0.39) and body fat (WMD: 0.02%; 95% CI: -1.27 to 1.87, p = 0.74) compared with the placebo group. Meta-regression analyses revealed that the dosage of probiotic did not have any effect on anthropometric measures. Based on our findings, modulation of gut microbiota composition through synbiotic supplementation might have modest effects on body weight and waist circumference. In this field, however, our knowledge is progressing.",Journal Article; Meta-Analysis; Systematic Review,,,,,,,ok
PMID:32521799,PubMed,32521799,https://pubmed.ncbi.nlm.nih.gov/32521799/,The Effect of Probiotics and Synbiotics on Risk Factors Associated with Cardiometabolic Diseases in Healthy People-A Systematic Review and Meta-Analysis with Meta-Regression of Randomized Controlled Trials.,"We aimed to systematically review the effectiveness of probiotic/synbiotic formulations to counteract cardiometabolic risk (CMR) in healthy people not receiving adjunctive medication. The systematic search (PubMed/MEDLINE/Embase) until 1 August 2019 was performed for randomized controlled trials in >20 adult patients. Random-effect meta-analysis subgroup and meta-regression analysis of co-primary (haemoglobin A1c (HbA1C), glucose, insulin, body weight, waist circumference (WC), body mass index (BMI), cholesterol, low-density lipoproteins (LDL), high-density lipoproteins (HDL), triglycerides, and blood pressure) and secondary outcomes (uric acid, plasminogen activator inhibitor-1-PAI-1, fibrinogen, and any variable related to inflammation/endothelial dysfunction). We included 61 trials (5422 persons). The mean time of probiotic administration was 67.01 ± 38.72 days. Most of probiotic strains were of Lactobacillus and Bifidobacterium genera. The other strains were Streptococci, Enterococci, and Pediococci. The daily probiotic dose varied between 106 and 1010 colony-forming units (CFU)/gram. Probiotics/synbiotics counteracted CMR factors (endpoint data on BMI: standardized mean difference (SMD) = -0.156, p = 0.006 and difference in means (DM) = -0.45, p = 0.00 and on WC: SMD = -0.147, p = 0.05 and DM = -1.21, p = 0.02; change scores on WC: SMD = -0.166, p = 0.04 and DM = -1.35, p = 0.03) in healthy persons. Overweight/obese healthy people might additionally benefit from reducing total cholesterol concentration (change scores on WC in overweight/obese: SMD: -0.178, p = 0.049). Poor quality of probiotic-related trials make systematic reviews and meta-analyses difficult to conduct and draw definite conclusions. ""Gold standard"" methodology in probiotic studies awaits further development.",Journal Article; Review,,,,,,,ok
PMID:33326198,PubMed,33326198,https://pubmed.ncbi.nlm.nih.gov/33326198/,"Impact of diet and synbiotics on selected gut bacteria and intestinal permeability in individuals with excess body weight - A Prospective, Randomized Study.","Overweight and obese individuals may have leaky intestinal barrier and microbiome dysbiosis. The aim of this study was to determine whether body mass reduction with diet and synbiotics in an adult person with excess body mass has an influence on the gut microbiota and zonulin concentration. The study was a single blinded trial. 60 persons with excess body mass were examined. Based on randomization, patients were qualified either to the intervention group (Synbiotic group) or to the control group (Placebo group). Anthropometric measurements, microbiological assessment of faecal samples and zonulin concentration in the stool were performed before and after observation. After 3-months, an increase in the variety of intestinal bacteria (increase in the Shannon-Weaver index and the Simpson index) and a decrease in concentration of zonulin in faecal samples were observed in the Synbiotic group. Also, statistically significant correlation between zonulin and Bifidobacterium spp. (Spearman test, R=-0.51; p=0.0040) was noticed. There were no significant relationships between the body mass, BMI and changes in the intestinal microbiota or zonulin concentrations. The use of diet and synbiotics improved the condition of the microbiota and intestinal barrier in patients in the Synbiotic group.",Journal Article; Randomized Controlled Trial,,,,,,,ok
NCT:NCT04398693,ClinicalTrials.gov,NCT04398693,https://clinicaltrials.gov/study/NCT04398693,Evaluation of Intestinal Microbiota Manipulation to Treat Resistant Hypertension,,,Prebiotic,120,NA,Change of blood pressure,Change of inflammatory activity; Microbiota modulation,Normotensive Patients; Controlled Hypertensive Patients; Resistant Hypertensive Patients,ok
NCT:NCT04555447,ClinicalTrials.gov,NCT04555447,https://clinicaltrials.gov/study/NCT04555447,Gastrointestinal Tolerability to Agavins and Impact on Host-gut Microbiota-metabolism Interactions Modulation,,,Agavins (prebiotic fiber); Placebo,52,NA,Gastrointestinal tolerability,Appetite and satiety subjective assessment; Gut microbiota composition; SCFA production; Fecal metabolomics,Healthy-agavins; Healthy-placebo; Obese-agavins; Obese-placebo,ok
NCT:NCT05162209,ClinicalTrials.gov,NCT05162209,https://clinicaltrials.gov/study/NCT05162209,PROBESITY-2: Synbiotics in Pediatric Obesity,,,Synbiotic,61,NA,Change as percentage for weight and body mass index.,Change as percentage of anthropometric measurement; Change of glucose metabolism; Change of lipid metabolism; Change of Intestinal microbiota composition,Synbiotic; Placebo,ok
NCT:NCT03727321,ClinicalTrials.gov,NCT03727321,https://clinicaltrials.gov/study/NCT03727321,FMT and Fiber in Patients With Metabolic Syndrome,,,Fecal Microbial Transplant; Fiber; Cellulose,68,PHASE2,Insulin Sensitivity Assessment,Health-related quality of life (HRQL): EQ-5D Index; Dietary Intake; Inflammatory markers; Stool Microbiome; Anthropometric Measurements; Fasting lipid profile; Glucose Tolerance Assessment; Hunger and Satiety Assessment; Gastrointestinal tolerance,Placebo; Fecal Microbial Transplant and cellulose; Fiber; Fecal Microbial Transplant and Fiber,ok
NCT:NCT03800277,ClinicalTrials.gov,NCT03800277,https://clinicaltrials.gov/study/NCT03800277,Effect of Cranberry and Agaves Extract on Microbiota and Intestinal Health,,,Cranberry; Agaves; Placebo,122,NA,Change in metabolic endotoxemia: Measure concentration of Lipopolysaccharides (LPS) and Lipopolysaccharide Binding Protein (LBP) in plasma,"Change in intestinal permeability: Measure concentration of zonulin in plasma; Change in inflammation state of the tissue: Measure concentration of calprotectin and lactoferrin in feces; Change in systemic inflammation: Measure concentration of inflammation biomarkers in the serum; Change in glucose serum concentration; Change in insulin and C-peptide serum concentration; Change in microbiota diversity: growth of Akkermancia muciniphila, Lactobacillus, Prevotella, Bifdobacterium and inhibition of Clostridium perfringens, C. difficile, Bacteroides spp.)",Cranberry and Agaves; Cranberry and placebo; Placebo and Agaves; Placebo and placebo,ok
NCT:NCT04498455,ClinicalTrials.gov,NCT04498455,https://clinicaltrials.gov/study/NCT04498455,Study of a Prebiotic Supplement to Mitigate Excessive Weight Gain Among Physicians in Residency,,,Prebiotin,11,PHASE4,Change in body weight,,Placebo; Prebiotin,ok
NCT:NCT03312660,ClinicalTrials.gov,NCT03312660,https://clinicaltrials.gov/study/NCT03312660,Effect of a Kefir Beverage on Immunity and Lipid Profile,,,Prebiotic group; Placebo group,158,NA,Change from baseline in Th17 cell counts in peripheral blood; Change from baseline in CD4 positive regulatory T cell counts in peripheral blood; Change from baseline in Th1 cell counts in peripheral blood; Change from baseline in Th2 cell counts in peripheral blood,Change from baseline in total cholesterol; Change from baseline in HDL cholesterol; Change from baseline in LDL cholesterol; Change from baseline in triglycerides; Change from baseline in allergic sensitization measured through a battery of 11 skin prick test to common allergens; Change from baseline in B lymphocytes in peripheral blood; Change from baseline in T lymphocytes in peripheral blood; Change from baseline in Natural Killer (NK) lymphocytes in peripheral blood; Change from baseline in C-reactive protein; Change from baseline in interleukin-6; Change from baseline in tumor necrosis factor-alpha; Change from baseline in glucose; Change from baseline in HbA1c; Change from baseline in insulin; Change from baseline in body mass index (BMI); Change from baseline in waist circumference; Change from baseline in hip circumference; Change from baseline in stool frequency; Change from baseline in stool consistency (Bristol Stool Form Scale score); Change from baseline in food intake over the last 4 weeks,Prebiotic group.; Placebo group,ok
NCT:NCT02660333,ClinicalTrials.gov,NCT02660333,https://clinicaltrials.gov/study/NCT02660333,Effect of Prebiotic or Synbiotic on Inflammatory Response and Indicators of Nutritional Status in Obesity,,,Placebo; Prebiotic; Synbiotic,22,NA,C-reactive protein; Cytokines,Triglycerides; Total cholesterol; LDL-c; HDL-c; Blood glucose; Glycated hemoglobin; Growth hormone; Fasting insulin; Calcium; Iron; Sodium; Potassium; Phosphorus; Folic acid; Vitamin B12; Vitamin D; Body weight; Waist circumference; Body mass index; Brain-derived neurotrophic factor (BDNF); Cortisol; Leptin; Ghrelin; Adrenocorticotropic Hormone (ACTH); Hepcidin; Parathormone (PTH); Thyroid-Stimulating Hormone (TSH),Placebo; Prebiotic; Synbiotic,ok
NCT:NCT02768818,ClinicalTrials.gov,NCT02768818,https://clinicaltrials.gov/study/NCT02768818,Modulation of the Intestinal Flora With the Probiotic VIVOMIXX™ in Pregnant Women at Risk of Metabolic Complications,,,Probiotic VIVOMIXX™; Placebo,205,PHASE3,Maternal and newborn fecal microbiota changes (bifidobacteria and lactobacilli) and related enzymatic activity (alkaline sphingomyelinase and alkaline phosphatase) modifications; Glucose metabolism changes,Weight changes; Maternal BMI; Waist/hip circumference ratio; Gestational weight gain; HOMA Index; HbA1c1; glycemia; insulinemia; homocysteine plasmatic levels; Requirement for insulin therapy; Requirement for insulin therapy; Quality of sleep; Duration of sleep; Onset of hypertension / preeclampsia; Time of delivery; Mode of delivery; Complications during delivery; Apgar score; Newborn's weight; Newborn's sex; Newborn's abdomen / head ratio; Newborn's skinfold thickness at birth; Neonatal hypoglycemia; Neonatal bilirubinemia; Neonatal complications; Admission to Neonatal Intensive Care Unit (NICU); Admission to Neonatal Intensive Care Unit (NICU),Intervention; Control,ok
NCT:NCT03530501,ClinicalTrials.gov,NCT03530501,https://clinicaltrials.gov/study/NCT03530501,Effect of Very-low Calorie Diet and Synbiotic Supplementation in Gut Microbiota (Pronokal Method),,,Diet; Synbiotic1; Synbiotic2,33,NA,Changes produced in the composition and diversity of gut microbiota by the use of synbiotics during a dietary intervention,Changes in intestinal permeability markers produced by the use of synbiotics during a dietary intervention; Changes in intestinal inflammation markers produced by the use of synbiotics during a dietary intervention; Changes in microbial translocation markers produced by the use of synbiotics during a dietary intervention,Placebo; Synbiotic1+synbiotic2; placebo +synbiotic2,ok
NCT:NCT02637115,ClinicalTrials.gov,NCT02637115,https://clinicaltrials.gov/study/NCT02637115,Evaluation of the Effects Associated With the Administration of Akkermansia Muciniphila on Parameters of Metabolic Syndrome,,,Placebo; Live Akk 9; Live Akk 10; Killed Akk,54,NA,Tolerance; Tolerance; Concentration of urea (mg/dl); Concentration of urea (mg/dl); Glomerular filtration rate (mL/min/1.73m2); Glomerular filtration rate (mL/min/1.73m2); Concentration of creatinine (mg/dl); Concentration of creatinine (mg/dl); Concentration of liver transaminases; Concentration of liver transaminases; Concentration of white blood cells (10exp3/µl); Concentration of white blood cells (10exp3/µl); concentration of CRP (c-reactive protein) (mg/dl); concentration of CRP (c-reactive protein) (mg/dl); Insulin resistance; Concentration of blood lipids; Obesity; Adiposity; Visceral adiposity,Measure of the concentration of Akkermansia in the feces (bacterial cells/g of feces); Gut barrier function; Metabolic endotoxemia; Gut microbial-related metabolites in urine; Gut microbial-related metabolites in plasma,Placebo; Live Akk 9; Live Akk 10; Killed Akk,ok
NCT:NCT01978691,ClinicalTrials.gov,NCT01978691,https://clinicaltrials.gov/study/NCT01978691,The Effect of a Bifidobacterium and Polydextrose on Body Fat Mass,,,Bifidobacterium animalis ssp. lactis 420; Polydextrose; Placebo,225,PHASE2,Difference in body fat mass from baseline to end-of-treatment (6 months),"Change in weight (absolute and relative); Change in BMI (absolute and relative); Change in lean body mass; Hip Change in waist and/or hip circumference (absolute and relative); Change in glycated haemoglobin (HbA1c) in blood; Change in fasting glucose levels; Change in fasting insulin levels; Change in insulin resistance; Change in inflammatory markers; Change in lipopolysaccharide (LPS) concentration and soluble CD14 (sCD14); Change in LPS/sCD14 ratio; Change in blood lipids; Change in blood pressure; Change in aspartate aminotransferase (ASAT), alanine aminotransferase (ALAT) and gamma-glutamyltransferase; Change in energy, fat and fiber intake; Absolute change in body fat mass; Analytical description of faecal microbiota; Body fat mass in individual regions of the body",Probiotic; Prebiotic; Synbiotic; Control,ok
NCT:NCT02041975,ClinicalTrials.gov,NCT02041975,https://clinicaltrials.gov/study/NCT02041975,Effects of Prebiotic-based Snacks on the Gut Microbiota and Perceived 'Satisfaction',,,Nutriose FB06; Placebo,47,NA,Differences in perceived appetite (assessed using visual analogue scales),Alterations to the relative balance of bacterial groups in faeces (assessed using flow cytometry),Prebiotic; Placebo,ok
NCT:NCT02355210,ClinicalTrials.gov,NCT02355210,https://clinicaltrials.gov/study/NCT02355210,Use of a Novel Synbiotic to Change Human Gut Bacteria and Improve Health in Obese Adults,,,Bifidobacteria adolescentis BD1; Bifidobacteria animalis subsp. lactis BB-12; Bifidobacteria adolescentis BD1 and galactooligosaccharide; Bifidobacteria animalis subsp. lactis BB-12 and galactooligosaccharide; galactooligosaccharide; Placebo,151,NA,"Change in Microbiota, as Measured by Change in Microbiota Composition, Including Presence of B. Adolescentis BD1 and B. Animalis Supsp Lactis BB-12; Change in Intestinal Permeability as Measured by Change in Percent Sugars in Urine","Endotoxemia, as Measured by Change in Circulating Endotoxin by Lipopolysaccharide and Lipopolysaccharide-binding Protein",Placebo; Probiotic 1; Probiotic 2; Prebiotic; Synbiotic 1; Synbiotic 2,ok
NCT:NCT02773927,ClinicalTrials.gov,NCT02773927,https://clinicaltrials.gov/study/NCT02773927,Combination of Metformin/Inulin vs Inulin on Adiponectin in Metabolic Syndrome,,,Metformin; Agave inulin; Placebo of agave inulin; Metformin placebo,40,PHASE3,Change from Baseline on adiponectin levels (ng/mL) at 12 weeks,Change from Baseline in Fasting plasma glucose at 12 weeks; Change from Baseline in Total cholesterol at 12 weeks; Change from Baseline in Triglycerides at 12 weeks; Change from baseline in High-density lipoprotein cholesterol at 12 weeks; Changes of Insulin levels from baseline to 12 weeks; Change of HOMA-IR from base line to 12 weeks; Change of waist circumference; Change of body mass index; Change from baseline in Peripheral systolic blood pressure; Change from baseline in Peripheral diastolic blood pressure,Agave inulin + Metformin; Metformin + Placebo of agave inulin; Agave Inulin+Placebo of Metformin; Placebo of Inulin + Placebo of Metformin,ok
NCT:NCT03261466,ClinicalTrials.gov,NCT03261466,https://clinicaltrials.gov/study/NCT03261466,BIFI-OBESE: Clinical Trial in Paediatric Obesity,,,Bifidobacterium breve BR03 and Bifidobacterium breve B632; Placebos,100,PHASE4,Change in glucose level during oral glucose tolerance test (OGTT); Change in HOMA-IR index,Metabolic control: Improvement of metabolic risk factors; Change in fecal microbiome; Change in SCFA (short-chain fatty acids) in fecal samples,Active group Bifidobacterium breve BR03 and B632; Placebo group,ok
PMID:23614897,PubMed,23614897,https://pubmed.ncbi.nlm.nih.gov/23614897/,Effect of Lactobacillus gasseri SBT2055 in fermented milk on abdominal adiposity in adults in a randomised controlled trial.,"Consumption of fermented milk (FM) containing a probiotic, Lactobacillus gasseri SBT2055 (LG2055), previously showed a reduction in abdominal adiposity in a randomised controlled trial (RCT) using FM with 10(8) colony-forming units (cfu) of LG2055/g. However, whether the effectiveness is observed at lower concentrations, the recommended minimum or intermediate levels of probiotics (10(6) or 10(7) cfu/g, respectively), remains to be examined. A multi-centre, double-blind, parallel-group RCT was conducted using 210 healthy Japanese adults with large visceral fat areas (80·2 - 187·8 cm(2)). They were balanced for their baseline characteristics and randomly assigned to three groups receiving FM containing 10(7), 10(6) or 0 (control) cfu LG2055/g of FM, and were asked to consume 200 g FM/d for 12 weeks. Abdominal visceral fat areas, which were determined by computed tomography, at week 12, changed from baseline by an average of -8·5 % (95 % CI -11·9, -5·1; P< 0·01) in the 10(7) dose group, and by -8·2 % (95 % CI -10·8, -5·7; P< 0·01) in the 10(6) dose group. Other measures including BMI, waist and hip circumferences, and body fat mass were also significantly decreased from baseline at week 12 in both groups; interestingly, the cessation of taking FM for 4 weeks attenuated these effects. In the control group, none of these parameters significantly decreased from baseline. These findings demonstrate that consumption of LG2055 at doses as low as the order of 10(8) cfu/d exhibited a significant lowering effect on abdominal adiposity, and suggest that constant consumption might be needed to maintain the effect.",Journal Article; Randomized Controlled Trial,,,,,,,ok
NCT:NCT01620125,ClinicalTrials.gov,NCT01620125,https://clinicaltrials.gov/study/NCT01620125,Metabolic Control Before and After Supplementation With Lactobacillus Reuteri DSM 17938 in Type 2 Diabetes Patients,,,Lactobacillus reuteri DSM 17938,12,EARLY_PHASE1,HOMA index,Changes in diabetes medication and hypoglycemia events,Lactobacillus reuteri,ok
NCT:NCT01724736,ClinicalTrials.gov,NCT01724736,https://clinicaltrials.gov/study/NCT01724736,A Pilot Study to Determine the Effect of a Cobiotic Formulation on the Gastrointestinal Microbiome,,,Placebo; NM504:,45,NA,Change in the ratio of Bacteroidetes to Firmicuites ratio in the stool comparing the baseline value to the completion of study value.,Insulin sensitivity based on homeostasis model assessment (HOMA); Fasting blood glucose; Body weight; Hunger perception; Meal tolerance test; Clinical Chemistry; Fecal profiling; Insulin sensitivity based on Oral Glucose Tolerance Testing; Mood; Gastrointestinal Symptoms,Placebo Comparator:; NM504:,ok
NCT:NCT01106924,ClinicalTrials.gov,NCT01106924,https://clinicaltrials.gov/study/NCT01106924,Effects of a Probiotic on Body Weight,,,Probiotic; Placebo,120,NA,Body weight; Body composition (DEXA); Waist circumference,,Probiotic; Placebo,ok
NCT:NCT01235026,ClinicalTrials.gov,NCT01235026,https://clinicaltrials.gov/study/NCT01235026,Synbiotics and Low Grade Inflammation in Obese Subjects,,,Synbiotic; Placebo,44,NA,Plasmatic Interleukin-6 (IL-6),Plasmatic LPS-binding protein; Plasmatic sCD14; glucose tolerance curve; Lipid profile; plasmatic ultrasensitive C-Reactive Protein; Plasmatic IL-6; Plasmatic LBP; Plasmatic sCD14; Glucose tolerance curve; Lipid profile; Plasmatic usCRP,Synbiotic; Placebo,ok
NCT:NCT01249378,ClinicalTrials.gov,NCT01249378,https://clinicaltrials.gov/study/NCT01249378,Metabolic Impact of Fat Digestion,,,All subjects receive three sequences of a standard breakfast,20,NA,Time of appearance of plasma triglyceride peak after ingestion of emulsified vs unemulsified fat during breakfast,Kinectics of: Lipid oxidation plasma metabolite concentrations Endotoxemia and plasma markers of inflammation 13 C-fatty acid appearance in plasma,10 g non emulsified of milk fat; 40 g non emulsified of milk fat; 40 g finely emulsified of milk fat,ok
EUROPEPMC:42065141,PubMed,42065141,https://europepmc.org/article/MED/42065141,Effects of,"Obesity and mental health disorders are among the greatest public health challenges of the 21st century. Interestingly, an altered microbiome profile has been associated with both conditions. The aim of this randomized, double-blind, placebo-controlled clinical trial was to evaluate the effects of dietary supplementation with a specific probiotic strain (Lactiplantibacillus plantarum KABP051) on body composition and gut microbiome balance, together with measures of mood state, in a population of healthy overweight subjects. Sixty healthy, moderately stressed, nondepressed and overweight or obese volunteers were supplemented for 12 weeks with probiotic (L. plantarum KABP051; 1 billion colony forming units/day) or placebo (microcrystalline cellulose). The KABP051 group experienced significantly greater improvements compared with placebo on body composition measurements, including a reduction in body weight and waist circumference, which decreased in 1.97 ± 0.77 (mean ± SE) kg and 2.15 ± 0.81 (mean ± SE) cm versus placebo at the end of the intervention (both P < .05, mixed model for repeated measures [MMRM] and post-hoc analysis). Microbiome composition improved in KABP051 group, with significant increase in the relative abundance of Lactiplantibacillus spp. versus placebo. Body fat percentage, profile of mood states fatigue, and confusion sub-scores showed a global trend toward improvement compared with placebo, with the change at 12 weeks being significant in the three measurements in post-hoc analysis (P = .015, P = .014, and P = .016, respectively). No serious adverse events were registered during the intervention period. These results suggest that a specific strain of probiotic bacteria (L. plantarum KABP051) may have both metabolic and psychobiotic effects and may be beneficial for enhancing weight loss and body composition, improving energy (less fatigue) and mood levels while embarking on a healthy lifestyle regimen. ClinicalTrials.gov identifier: NCT06808061.",Journal Article,,,,,,,ok
PMID:41930918,PubMed,41930918,https://pubmed.ncbi.nlm.nih.gov/41930918/,Gut Microbiota and Metabolic Profiles Reveal the Mechanism of Weight Loss in Patients with Obesity Stimulated By Acupuncture.,"This study aims to elucidate the mechanisms underlying the efficacy of Quantitative Lifting And Inserting Acupuncture (QLIA) in treating simple obesity through integrated metabolomic and gut microbiota analyses.; Thirty patients with obesity were randomized into treatment (QLIA), control (standard needle lifting), and healthy groups (standard needle lifting) (n=10 each). Acupuncture was administered three times per week for 8 weeks. 16S rRNA sequencing was performed on fecal samples, and serum samples were analyzed using ultra-high-performance liquid chromatography-tandem mass spectrometry (UHPLCMS/ MS) metabolomics.; QLIA significantly altered gut microbiota α-diversity and β- diversity. The Firmicutes/Bacteroidetes ratio was significantly increased in the QLIAtreated group. The treatment group showed increased abundance of beneficial bacteria such as Bifidobacterium and Dialister, and decreased abundance of potentially harmful bacteria such as Escherichia-Shigella. KEGG pathway analysis revealed upregulation of amino acid biosynthesis and carbohydrate metabolism pathways and downregulation of nucleotide biosynthesis pathways in the gut microbiota. Metabolomic analysis showed significantly elevated levels of acetyl-Lcarnitine and decreased levels of N-acetylneuraminic acid in the treatment group after acupuncture. PICRUSt analysis primarily implicated amino acid metabolic pathways. Serum metabolite analysis identified lipid, carbohydrate, and amino acid metabolism pathways as key targets of acupuncture intervention. Comparative analysis of metabolic pathways revealed amino acid metabolism as a shared target in both gut microbiota and serum metabolite profiles. These findings suggest that QLIA exerts its weight-loss effects by reshaping the gut microbiota structure and modulating host metabolic profiles, thereby highlighting a synergistic mechanism involving the gut-host metabolic axis.; QLIA significantly promoted weight loss in simple obesity by modulating key metabolic pathways and altering gut microbiota composition. The study provides insight into the mechanisms underlying acupuncture-induced weight loss and supports its potential as a therapeutic option for obesity.",Journal Article,,,,,,,ok
EUROPEPMC:41444876,PubMed,41444876,https://europepmc.org/article/MED/41444876,The role of microbiome-modulating supplements in managing metabolic syndrome risk factors among overweight and obese youth: a GRADE-assessed meta-analysis.,"Gut microbiota modulation has been proposed as a potential intervention for managing obesity. This meta-analysis aimed to evaluate the effects of prebiotic/probiotic/synbiotic supplementation on metabolic syndrome risk factors in obese pediatrics.; A comprehensive search was conducted in databases up to January 2025. Randomized controlled trials (RCTs) evaluating prebiotics/probiotics/synbiotics in children and adolescents with overweight/obesity were included. The outcomes were body weight (BW), body mass index (BMI), BMI-z score, fasting blood sugar (FBS), homeostatic model assessment for insulin resistance (HOMA-IR), insulin, total cholesterol (TC), triglycerides (TG), low-density lipoprotein-cholesterol (LDL-C), and high-density lipoprotein-cholesterol (HDL-C). Data were pooled using a random-effects model.; Prebiotic supplementation was associated with significant reductions in weight (SMD = - 0.81; 95% CI: - 1.44 to - 0.19) and BMI (SMD = - 0.76; 95% CI: - 1.38 to - 0.14), whereas BMI z-scores remained unchanged (p > 0.05). Probiotics and synbiotics did not significantly affect weight, BMI, or BMI z-scores (p > 0.05). Glycemic and lipid profile parameters were not significantly altered by any biotic supplementation (p > 0.05). Subgroup analyses by intervention type, duration, sample size, or baseline BMI did not reveal consistent effects (p > 0.05).; Biotic supplementation has not been shown to consistently improve metabolic syndrome risk factors in overweight and obese children, except for a modest beneficial effect of prebiotics on weight and BMI (with very-low certainly of evidence); however, alternative probiotic organisms or formulations not tested to date may have different effects.",Journal Article; Meta-Analysis,,,,,,,ok
PMID:40827948,PubMed,40827948,https://pubmed.ncbi.nlm.nih.gov/40827948/,Long-term efficacy of dapagliflozin combined with Bifidobacterium triple viable tablets on metabolic syndrome and gut microbiota in overweight/obese patients with type 2 diabetes.,"The rising global prevalence of type 2 diabetes (T2D) necessitates innovative therapies targeting glycemic control and metabolic complications. SGLT2 inhibitors improve cardiorenal outcomes and may modulate gut microbiota, while specific probiotics demonstrate glycemic and lipid benefits. However, synergistic effects of combining SGLT2 inhibitors with probiotics remain unexplored.; This 24-week randomized controlled trial enrolled 120 overweight/obese T2D patients (BMI ≥ 24 kg/m2, HbA1c ≥ 7.0%). Participants were randomized to dapagliflozin (10 mg/day) alone (control, n = 60) or dapagliflozin plus triple viable tablets, containing Bifidobacterium longum, Lactobacillus acidophilus and Enterococcus faecalis (six tablets/day, ≥1.0 × 107 CFU/g/strain; experimental, n = 60). The primary outcome was HbA1c change; secondary outcomes included weight, lipid profiles, blood pressure, gut microbiota (qPCR quantification), and safety. Analyses used mixed-effects models (completers: 57 control, 58 experimental) and Spearman correlations.; The experimental group showed superior improvements in weight (-5.2 kg vs -3.1 kg), HbA1c (-1.8% vs -0.8%), LDL-C (-0.5 vs -0.3 mmol/L), HDL-C (+0.17 vs +0.07 mmol/L), and HOMA-IR (-1.2 vs -0.6) compared to controls (all P < 0.05). Gut microbiota analysis revealed increased Bifidobacterium (7.3 vs 5.5 log CFU/g, P < 0.001), reduced Enterobacteriaceae (4.5 vs 6.5 log CFU/g, P = 0.003), and a higher gram-positive/negative ratio (1.12 vs 0.70, P = 0.001). Bifidobacterium abundance correlated with HbA1c reduction (r = -0.42, P = 0.008), while gram-positive/negative ratio was linked to improved HDL-C (r = 0.26, P = 0.041). Adverse events were comparable between groups (28.3 vs 25.0%, P = 0.672).; Combining dapagliflozin with Bifidobacterium probiotics enhances metabolic outcomes and favorably modulates gut microbiota in T2D patients. These findings support microbiota-targeted adjunctive therapy to optimize SGLT2 inhibitor efficacy.",Journal Article,,,,,,,ok
PMID:41586244,PubMed,41586244,https://pubmed.ncbi.nlm.nih.gov/41586244/,"The effects of a very low-energy ketogenic therapy on body composition, gut microbiota and metabolites in overweight subjects.","Obesity is associated with chronic diseases and gut-brain axis disruptions, with diet influencing gut microbiota. This single-arm, uncontrolled study evaluated the effects of a 28 - day Very Low-Energy Ketogenic Therapy (VLEKT) on body weight, gut microbiota, and stool-derived metabolites in individuals with excess weight. Forty-one subjects underwent baseline (T0) assessment including anthropometry, bioimpedance analysis, gut microbiota profiling and completed FAST questionnaire before and after 28 days of VLEKT with meal replacements (T1). Follow-up was conducted at T1. Thirty-one participants completed the intervention (T1). Results showed significant reductions in body weight, BMI, and fat mass. Microbiota analysis revealed decreased Firmicutes and Actinobacteria, and increased Bacteroidetes and Verrucomicrobia. Genus-level changes included increases in Bacteroides, Parabacteroides, and Akkermansia, and decreases in Streptococcus, Dorea, Blautia, Bifidobacterium, and Ruminococcus. Stool metabolites showed decreased butyrate and lactate and increased propionate, vitamin K2, and GABA. Because the study lacked a control group and did not include systemic biomarkers or biochemical confirmation of ketosis, microbiota and metabolite changes cannot be linked to physiological effects. Overall, findings indicate short-term weight loss and stool microbiota modulation, but all microbiota-related outcomes remain exploratory due to the small sample size, short duration, and uncontrolled design.",Journal Article,,,,,,,ok
PMID:36879442,PubMed,36879442,https://pubmed.ncbi.nlm.nih.gov/36879442/,"Effects of weight loss and feeding specially formulated diets on the body composition, blood metabolite profiles, voluntary physical activity, and fecal metabolites and microbiota of obese dogs.","Canine obesity negatively influences health and well-being, but can be managed by altering diet composition and caloric intake. Restricted feeding, dietary intervention, and consequent weight loss may be used to improve health and modify gastrointestinal microbiota. In this study, we aimed to determine the effects of restricted feeding of specially formulated foods on weight loss, body composition, voluntary physical activity, serum hormones and oxidative stress markers, and fecal metabolites and microbiota populations of obese dogs. Twenty-four obese dogs [body weight (BW) = 15.2 ± 1.7 kg; body condition score (BCS) = 8.7 ± 0.4; muscle condition score (MCS) = 3.5 ± 0.3; age = 7.2 ± 1.6 yr] were used in a 24-wk study. A control (OR) food was fed during a 4-wk baseline to identify intake needed to maintain BW. After baseline, dogs were allotted to one of two diets: OR or test (FT), and then fed to lose 1.5% BW/wk. Food intake, BW, BCS, and MCS were measured, blood and fecal samples were collected, DEXA scans were performed, and voluntary physical activity was measured over time. Microbiota data were evaluated using QIIME2 and change from baseline data from other measures were evaluated using the Mixed Models procedure of SAS, with P < 0.05 being significant. Restricted feeding led to reduced BW, BCS, fat mass, and blood cholesterol, triglyceride, glucose, and leptin concentrations, and increased MCS and lean body mass percentage. Blood cholesterol reduction was greater in dogs fed FT vs. OR. Fecal metabolites and bacterial alpha-diversity were affected by diet and weight loss. Dogs fed FT had greater reductions in fecal short-chain fatty acid, branched-chain fatty acid, and ammonia concentrations than those fed OR. Dogs fed OR had a higher alpha-diversity than those fed FT. Weight loss increased alpha-diversity (weeks 16, 20, and 24 > weeks 0 and 4). Beta-diversity showed separation between dietary groups and between week 0 and all other time points after week 8. Weight loss increased fecal Allobaculum and Ruminococcus torques. Weight loss also increased fecal Bifidobacterium, Faecalibaculum, and Parasutterella, but were greater in dogs fed OR. Weight loss decreased fecal Collinsella, Turicibacter, Blautia, Ruminococcus gnavus, Faecalibacterium, and Peptoclostridium, but were greater in dogs fed OR. In summary, restricted feeding promoted safe weight and fat loss, reduced blood lipid and leptin concentrations, and altered fecal microbiota of obese dogs.",Journal Article,,,,,,,ok
PMID:37181156,PubMed,37181156,https://pubmed.ncbi.nlm.nih.gov/37181156/,Supplementation with inulin-type fructans affects gut microbiota and attenuates some of the cardiometabolic benefits of a plant-based diet in individuals with overweight or obesity.,"The gut microbiota has emerged as a potential therapeutic target to improve the management of obesity and its comorbidities.; We investigated the impact of a high fiber (∼38 g/d) plant-based diet, consumed ad libitum, with or without added inulin-type fructans (ITF), on the gut microbiota composition and cardiometabolic outcomes in subjects with obesity. We also tested if baseline Prevotella/Bacteroides (P/B) ratio predicts weight loss outcomes.; This is a secondary exploratory analysis from the PREVENTOMICS study, in which 100 subjects (82 completers) aged 18-65 years with body mass index 27-40 kg/m2 were randomized to 10 weeks of double-blinded treatment with a personalized or a generic plant-based diet. Changes from baseline to end-of-trial in gut microbiota composition (16S rRNA gene amplicon sequencing), body composition, cardiometabolic health and inflammatory markers were evaluated in the whole cohort (n = 82), and also compared in the subgroup of subjects who were supplemented with an additional 20 g/d ITF-prebiotics (n = 21) or their controls (n = 22).; In response to the plant-based diet, all subjects lost weight (-3.2 [95% CI -3.9, -2.5] kg) and experienced significant improvements in body composition and cardiometabolic health indices. Addition of ITF to the plant-based diet reduced microbial diversity (Shannon index) and selectively increased Bifidobacterium and Faecalibacterium (q < 0.05). The change in the latter was significantly associated with higher values of insulin and HOMA-IR and lower HDL cholesterol. In addition, the LDL:HDL ratio and the concentrations of IL-10, MCP-1 and TNFα were significantly elevated in the ITF-subgroup. There was no relationship between baseline P/B ratio and changes in body weight (r = -0.07, p = 0.53).; A plant-based diet consumed ad libitum modestly decreases body weight and has multiple health benefits in individuals with obesity. Addition of ITF-prebiotics on top this naturally fiber-rich background selectively changes gut microbiota composition and attenuates some of the realized cardiometabolic benefits.; [https://clinicaltrials.gov/ct2/show/NCT04590989], identifier [NCT04590989].",Journal Article,,,,,,,ok
PMID:33763720,PubMed,33763720,https://pubmed.ncbi.nlm.nih.gov/33763720/,"Mediterranean diet consumption affects the endocannabinoid system in overweight and obese subjects: possible links with gut microbiome, insulin resistance and inflammation.","To investigate whether a Mediterranean diet (MD) affected the plasma concentrations of endocannabinoids (ECs), N-acylethanolamines (NAEs) and their specific ratios in subjects with lifestyle risk factors for metabolic diseases. To identify the relationship between circulating levels of these compounds and gut microbiome, insulin resistance and systemic inflammation.; A parallel 8-week randomised controlled trial was performed involving 82 overweight and obese subjects aged (mean ± SEM) 43 ± 1.4 years with a BMI of 31.1 ± 0.5 kg/m2, habitual Western diet (CT) and sedentary lifestyle. Subjects were randomised to consume an MD tailored to their habitual energy and macronutrient intake (n = 43) or to maintain their habitual diet (n = 39). Endocannabinoids and endocannabinoid-like molecules, metabolic and inflammatory markers and gut microbiome were monitored over the study period.; The MD intervention lowered plasma arachidonoylethanolamide (AEA, p = 0.02), increased plasma oleoylethanolamide/palmitoylethanolamide (OEA/PEA, p = 0.009) and OEA/AEA (p = 0.006) and increased faecal Akkermansia muciniphila (p = 0.026) independent of body weight changes. OEA/PEA positively correlated with abundance of key microbial players in diet-gut-health interplay and MD adherence. Following an MD, individuals with low-plasma OEA/PEA at baseline decreased homeostatic model assessment of insulin resistance index (p = 0.01), while individuals with high-plasma OEA/PEA decreased serum high-sensitive C-reactive protein (p = 0.02).; We demonstrated that a switch from a CT to an isocaloric MD affects the endocannabinoid system and increases A. muciniphila abundance in the gut independently of body weight changes. Endocannabinoid tone and microbiome functionality at baseline drives an individualised response to an MD in ameliorating insulin sensitivity and inflammation. Clinical Trial Registry number and website NCT03071718; www.clinicaltrials.gov.",Journal Article; Randomized Controlled Trial,,,,,,,ok
PMID:31952249,PubMed,31952249,https://pubmed.ncbi.nlm.nih.gov/31952249/,"Effects of Synbiotic Supplement on Human Gut Microbiota, Body Composition and Weight Loss in Obesity.","Targeting gut microbiota with synbiotics (probiotic supplements containing prebiotic components) is emerging as a promising intervention in the comprehensive nutritional approach to reducing obesity. Weight loss resulting from low-carbohydrate high-protein diets can be significant but has also been linked to potentially negative health effects due to increased bacterial fermentation of undigested protein within the colon and subsequent changes in gut microbiota composition. Correcting obesity-induced disruption of gut microbiota with synbiotics can be more effective than supplementation with probiotics alone because prebiotic components of synbiotics support the growth and survival of positive bacteria therein. The purpose of this placebo-controlled intervention clinical trial was to evaluate the effects of a synbiotic supplement on the composition, richness and diversity of gut microbiota and associations of microbial species with body composition parameters and biomarkers of obesity in human subjects participating in a weight loss program. The probiotic component of the synbiotic used in the study contained Lactobacillus acidophilus, Bifidobacterium lactis, Bifidobacterium longum, and Bifidobacterium bifidum and the prebiotic component was a galactooligosaccharide mixture. The results showed no statistically significant differences in body composition (body mass, BMI, body fat mass, body fat percentage, body lean mass, and bone mineral content) between the placebo and synbiotic groups at the end of the clinical trial (3-month intervention, 20 human subjects participating in weight loss intervention based on a low-carbohydrate, high-protein, reduced energy diet). Synbiotic supplementation increased the abundance of gut bacteria associated with positive health effects, especially Bifidobacterium and Lactobacillus, and it also appeared to increase the gut microbiota richness. A decreasing trend in the gut microbiota diversity in the placebo and synbiotic groups was observed at the end of trial, which may imply the effect of the high-protein low-carbohydrate diet used in the weight loss program. Regression analysis performed to correlate abundance of species following supplementation with body composition parameters and biomarkers of obesity found an association between a decrease over time in blood glucose and an increase in Lactobacillus abundance, particularly in the synbiotic group. However, the decrease over time in body mass, BMI, waist circumstance, and body fat mass was associated with a decrease in Bifidobacterium abundance. The results obtained support the conclusion that synbiotic supplement used in this clinical trial modulates human gut microbiota by increasing abundance of potentially beneficial microbial species.",Journal Article; Randomized Controlled Trial,,,,,,,ok
EUROPEPMC:41372103,PubMed,41372103,https://europepmc.org/article/MED/41372103,Impacts of Lifestyle and Microbiota-Targeted Interventions for Overweight and Obesity on the Human Gut Microbiome: A Systematic Review.,"Obesity is intricately associated with the gut microbiome, and emerging research suggests that lifestyle interventions, such as dietary changes and active lifestyle, can significantly affect the composition and function of the gut microbiome. However, evidence demonstrating a causal link between these changes and long-term weight loss or metabolic improvements remains limited. This systematic review investigates how overweight- and obesity-targeted interventions, such as dietary modifications, physical activity, supplementation with prebiotics and probiotics, and fecal microbiota transplantation (FMT), manipulate gut microbiome diversity and composition, major metabolites, and weight status. We conducted a systematic literature search and included 87 out of 255 randomized clinical trials with 6086 adults aged 18-84 with a BMI ≥ 25 kg/m2. The quality of the included RCTs ranged from very low to moderate risk of bias. Most interventions did not cause any significant changes in microbial alpha or beta diversity, however, positive associations between prebiotic consumption and abundance of Actinobacteria and Bifidobacterium were observed, and intake of probiotics was related to increased levels of Lactobacillus and reduced body weight and body fat. We did not observe strong evidence for associations between SCFA levels, gut microbiome, and obesity. Overall, diversity and heterogeneity in reported outcomes, both in methods and results, were large. Taken together, our findings suggest that overweight- and obesity-targeted dietary interventions of at least 4 weeks, particularly those involving prebiotics and probiotics, have the potential to beneficially alter the gut microbiome, although standardized protocols and harmonized reporting are needed to confirm this through meta-analysis.",Journal Article; Systematic Review; Review,,,,,,,ok
EUROPEPMC:41804549,PubMed,41804549,https://europepmc.org/article/MED/41804549,Unravelling the role of the gut microbiome in antipsychotic-induced weight gain and metabolic dysfunction in humans and rodents: A systematic review.,"Second-generation antipsychotics are frequently linked to weight gain and metabolic dysfunction, yet the mechanisms driving these effects remain elusive. The gut microbiome has been proposed as a potential mediator of these adverse outcomes. This study aimed to investigate the role of the gut microbiota in antipsychotic-induced weight gain. A systematic search of PubMed and Embase was conducted. In total, 24 publications were included in this review, including clinical and preclinical observational and intervention studies. Collectively, there is strong evidence that atypical antipsychotic-induced weight gain and metabolic dysfunction is accompanied by microbiota alterations. However, there is a lack of consensus with regards to the exact mechanisms and involvement of the microbiome in antipsychotic-induced weight gain. Nevertheless, a few patterns and common observations were found across studies, such as reduced diversity, increased Firmicutes/Bacteroidetes ratio and a reduction in Akkermansia species. While microbiota-targeted interventions had generally weak effects on weight gain and metabolic dysfunction in clinical cohorts, the use of specific probiotic strains and microbiota metabolites showed promise in preclinical studies. Thus, while the relationship between antipsychotic-induced weight gain, metabolic dysfunction, and changes in the gut microbiome are evident, further research is warranted to establish definitive causal relationships and to aid in the development of precision microbiota-targeted interventions to counteract these adverse effects.",Journal Article; Systematic Review; Review,,,,,,,ok
EUROPEPMC:42057790,PubMed,42057790,https://europepmc.org/article/MED/42057790,The impact of antibiotic exposure on obesity and metabolic phenotypes via the gut microbiota.,"Antibiotics are among the most commonly used anti-infective agents in modern medicine. However, their long-term effects on the gut microbiome have attracted increasing attention. Epidemiological studies and animal experiments in recent years suggest that antibiotic exposure can disrupt the structure and function of the gut microbiota, thereby affecting host energy metabolism, fat deposition, and immune homeostasis. Such disruptions may contribute to the development of obesity and related metabolic phenotypes. Different classes of antibiotics exert markedly distinct effects on the gut microbiota. Broad-spectrum antibiotics such as macrolides, lincosamides, and fluoroquinolones often induce more pronounced and prolonged microbial alterations, whereas the effects of certain β-lactam antibiotics appear relatively transient. Antibiotic-induced gut dysbiosis can influence host metabolism through multiple mechanisms, including reduced short-chain fatty acid production, disrupted bile acid metabolism, impaired intestinal barrier function, and chronic low-grade inflammation. These alterations may promote fat accumulation, insulin resistance, and disruption of immune homeostasis. Early-life antibiotic exposure occurs during a critical developmental window for gut microbiota maturation and may exert more profound effects on long-term metabolic health. Recent advances in multi-omics technologies have further illuminated the complex interaction network among antibiotics, the microbiome, and host metabolism. Microecological intervention strategies, such as probiotics and synbiotics, show potential for improving metabolic abnormalities associated with antibiotic-induced dysbiosis. However, their efficacy is strain-specific, and the overall effect size remains limited. This review summarizes current research progress on how antibiotic exposure influences obesity and metabolic phenotypes through the gut microbiota, outlines the underlying mechanisms, and discusses potential applications of microbiological intervention strategies. It also provides insights into antibiotic-related metabolic risks and future precision intervention approaches.",Journal Article; Review,,,,,,,ok
PMID:41599863,PubMed,41599863,https://pubmed.ncbi.nlm.nih.gov/41599863/,"Efficacy and Safety of CKDB-322, a Combination of","CKDB-322, a combination of Lactiplantibacillus plantarum Q180 and Phaeodactylum tricornutum, has shown anti-obesity potential in preclinical models, although human evidence is still limited. This randomized, double-blind, placebo-controlled, 12-week trial evaluated the efficacy and safety of CKDB-322 in overweight adults.; Participants were aged 19-65 years; had a body mass index (BMI) of 25-30 kg/m2, and a waist circumference of ≥90 cm for men or ≥85 cm for women. They were randomly assigned to receive either CKDB-322, which provided 1.0 × 109 CFU of L. plantarum Q180 and 200 mg of P. tricornutum daily (n = 50), or a placebo (n = 50).; CKDB-322 supplementation resulted in statistically significant reductions in body fat mass and body fat percentage, as measured by dual-energy X-ray absorptiometry (DEXA), compared to the placebo group (p < 0.05). Computed tomography (CT) analyses also revealed significant reductions in abdominal fat area in the CKDB-322 group (p < 0.05). Additional improvements were observed in body weight and anthropometric parameters. Among metabolic biomarkers, serum triglycerides and leptin levels decreased significantly in the CKDB-322 group compared to the placebo. Exploratory microbiome analyses indicated an increase in the relative abundance of Lactobacillus, suggesting potential modulation of the gut-adipose axis. CKDB-322 was well tolerated, with no clinically significant adverse events or laboratory abnormalities.; Collectively, CKDB-322 demonstrated a favorable safety profile and produced statistically significant improvements in multiple adiposity-related outcomes, including reductions in body fat mass, abdominal adiposity, and key anthropometric measures, supporting its potential as a functional ingredient for body fat reduction and metabolic health.",Journal Article; Randomized Controlled Trial,,,,,,,ok
PMID:41743894,PubMed,41743894,https://pubmed.ncbi.nlm.nih.gov/41743894/,Enteroendocrine hormones and gut microbiota in obesity: a systematic review from mechanistic insight to precision metabolic care.,"This systematic review aims to synthesize current evidence on enteroendocrine cell alterations in obesity, elucidate the mechanisms by which gut microbial taxa and metabolites regulate gut hormone release, and assess therapeutic innovations targeting the microbiota-enteroendocrine axis for precision metabolic care.; A systematic search of PubMed, Web of Science, Scopus, and Embase was conducted from January 2015 to July 2025 following Preferred Reporting Items for Systematic Reviews and Meta-Analyses 2020 guidelines. Studies examining enteroendocrine cell function, gut microbiota composition, and their metabolic interactions in human obesity, animal models, and cellular systems were included. Data were extracted on gut hormone levels, microbial community structure, short-chain fatty acid production, and therapeutic interventions. Quality assessment was performed using the Cochrane Risk of Bias tool for randomized controlled trials and Newcastle-Ottawa Scale for observational studies.; Microbial dysbiosis characterized by depletion of short-chain fatty acid-producing bacteria is associated with impaired gut hormone release and altered free fatty acid receptor signaling. Therapeutic strategies including glucagon-like peptide-1 receptor agonists are associated with substantial weight loss, whereas probiotics, prebiotics, and fecal microbiota transplantation show variable and generally modest metabolic effects in human studies.; The microbiota-enteroendocrine axis represents a promising therapeutic target for obesity management, supported by mechanistic and associative evidence.Multi-modal precision approaches integrating hormonal pharmacotherapy with microbiota modulation may enable more durable metabolic benefits and personalized obesity treatment.",Journal Article; Review,,,,,,,ok
PMID:41835385,PubMed,41835385,https://pubmed.ncbi.nlm.nih.gov/41835385/,Maternal overweight/obesity and yoghurt supplementation from early pregnancy to postpartum augments infant gut microbiota.,"Maternal overweight/obesity during pregnancy heightens the risk of overweight/obesity in their offspring, and probiotic interventions during pregnancy may prevent excessive weight gain and enhance the abundance of beneficial gut microbiota. This study examined the effect of probiotic-rich yoghurt supplementation in overweight or obese women on infant weight and gut microbiota.; The intervention group (YC) comprised 90 infants born to mothers with a pre-pregnancy body mass index (BMI) ≥ 25 kg/m2 who were provided with yoghurt from early pregnancy to 3 years postpartum. The control groups comprised 70 infants born to mothers with normal weight (NC) and 66 infants born to mothers with a BMI ≥ 25 kg/m2 (CC).; Infant weight was significantly higher in the YC group than in the NC group at 42 days and 3 months. The Shannon index of the YC group was higher than that of the NC group at 0-6 months. Enterotype compositions in the YC and CC groups differed from those of the NC group during 0-6 months. In the NC group, the relative abundance of Akkermansia and Serratia remained stable, that of Blautia was initially stable but then increased, whereas that of Lactobacillus decreased over time. In the CC and YC groups, the abundance of these genera increased and then decreased. Infant weight and the relative abundance of Veillonella, Fusicatenibacter, and Akkermansia showed a positive correlation.; Maternal overweight/obesity affects subsequent infant weight and gut microbiota development, and maternal yoghurt intervention may alter the relative abundance of infant gut microbiota.",Journal Article,,,,,,,ok
PMID:41907517,PubMed,41907517,https://pubmed.ncbi.nlm.nih.gov/41907517/,Obesity-associated gut microbiome influences diet-induced metabolic and cognitive outcomes in older adults.,"Obesity in older adults is a known risk factor for Alzheimer's disease and related dementias, potentially driven by metabolic dysfunction, inflammation and gut dysbiosis. The gut-brain axis, influenced by diet and the gut microbiome, is increasingly recognized as a contributor to neurodegeneration. In this sub-analysis of a 10-week randomized dietary education intervention (NCT06121986), we examined how obesity modulates gut microbiome, metabolome, and cognitive responses in 31 adults aged 55-85, with or without mild cognitive impairment. Participants received education on either a Mediterranean Diet or a Modified Mediterranean-Ketogenic Diet. Analyses were stratified by baseline obesity (BMI ≥30 kg/m²). Individuals with obesity exhibited lower microbial alpha-diversity, higher Bacteroides, and lower Akkermansia and Christensenellaceae_R-7_group, along with poorer memory and executive function. Only in the obese group did fat loss correlate with improvements in episodic memory and cognitive flexibility. In contrast, increased fat mass was associated with improved memory in non-obese participants. Gains in skeletal muscle mass predicted cognitive improvement in adults aged ≥73. Changes in gut (acetate, propionate, lactate) and plasma (acetate, pyruvate, citric acid) metabolites were linked to cognitive and body composition outcomes. These exploratory findings highlight the gut-muscle-brain axis as a modifiable target to enhance cognitive health in aging populations.",Journal Article,,,,,,,ok
PMID:42010766,PubMed,42010766,https://pubmed.ncbi.nlm.nih.gov/42010766/,Exercise intensity as a modulator of gut microbiota and host metabolic health in obesity.,"The gut microbiome is shaped by complex interactions among host, environmental, and lifestyle factors, with exercise emerging as a reported modulator. Growing evidence suggests that exercise intensity, ranging from low to high, can differentially influence gut microbial composition, diversity, and functional outputs relevant to metabolic health. This narrative review synthesizes current findings examining intensity-dependent microbial adaptations in the context of obesity. Across animal models (n = 17) and limited human studies (n = 5), moderate-intensity training (MIT) and high-intensity interval training (HIIT) produce the most consistent microbiota shifts, while low-intensity training (LIT) exerts minimal effects. Reported taxa associated with beneficial outcomes consistent across animal and human investigations include Akkermansia (G), and Christensenellaceae (F). Mechanistically, intensity-dependent alterations in microbial communities may influence obesity-related pathways through modulation of short-chain fatty acid (SCFA) and bile acid metabolism, gut barrier integrity, endotoxemia, and inflammatory signaling. HIIT and MIT are linked to improved expression of tight junction proteins (ZO-1, Claudin, Occludin), reducing circulating lipopolysaccharide (LPS), and increasing SCFA-producing taxa; thus, supporting a role for the gut microbiome in mediating exercise-induced metabolic benefits. However, inconsistent findings between species, interindividual variability, and considerable heterogeneity in exercise intervention duration across both animal (4-16 weeks) and human (3-12 weeks) studies, as well as limited longitudinal human studies, underscore the need for deeper mechanistic investigations. Future research should employ metagenomic and metatranscriptomic profiling, integrate sex- and diet-stratified longitudinal designs, and clarify causal links between exercise-responsive taxa, microbial metabolites, and host physiology. Collectively, these data highlight exercise intensity as a key determinant of gut microbiome dynamics and reinforce the need for integrative, translational approaches to define its therapeutic potential for obesity and metabolic disorders.",Journal Article; Review,,,,,,,ok
EUROPEPMC:40851363,PubMed,40851363,https://europepmc.org/article/MED/40851363,The effect of probiotics on weight management in patients with severe obesity undergoing metabolic and bariatric surgery: a systematic review and meta-analysis.,"Although metabolic and bariatric surgery (MBS) remains an effective intervention for severe obesity, postoperative weight regain persists as a significant clinical challenge. Probiotics have emerged as a potential adjunct therapy to optimize outcomes, but their efficacy in weight management remains controversial. This meta-analysis evaluates the effect of probiotics supplementation on weight management in patients following MBS.; A comprehensive search strategy was executed across four databases (PubMed, Embase, Scopus and Cochrane Library) from inception to April 10th, 2025. Inclusion criteria encompassed randomized controlled trials comparing probiotics with placebo in patients with severe obesity undergoing MBS. Primary outcomes including percent excess weight loss (%EWL), postoperative body mass index (BMI), and BMI reduction. Data were pooled using the random-effects model.; A total of 13 trials included 693 patients were finally analyzed in the meta-analysis. Pooled analysis demonstrated no significant difference in %EWL (MD 0.39, 95% CI -1.90 to 2.68, I2=43%), postoperative BMI (MD 0.07, 95% CI -0.21 to 0.35, I2=26%), and BMI reduction (MD -0.05, 95% CI -0.53 to 0.44, I2=60%) between probiotics and control groups. Subgroup analyses stratified by surgery type, probiotic formulation and treatment duration similarly revealed no clinically meaningful effects.; Current evidence does not support the routine use of probiotics for enhancing weight loss after MBS, regardless of surgical technique and treatment duration. Further large-scale trials standardizing strains, dosages, and outcome metrics are warranted.",Journal Article; Systematic Review; Meta-Analysis,,,,,,,ok
EUROPEPMC:41098558,PubMed,41098558,https://europepmc.org/article/MED/41098558,Postpartum Body Composition in Women With Overweight: Associations With Diet During Pregnancy.,"Weight management during the first few years postpartum is considered important for the prevention of future metabolic disturbances. Body fat percentage measured using air displacement plethysmography is an accurate marker of body adiposity. In this secondary analysis of a randomized controlled trial, the aims were to identify distinctive body fat percentage trajectories up to 2 years postpartum in women with overweight and to investigate whether fish oil and/or probiotic supplements, diet, gestational diabetes, or gestational weight gain influenced the body composition.; Women with overweight or obesity (n = 439) were randomized to receive fish oil (1.9 g docosahexaenoic acid and 0.22 g eicosapentaenoic acid) and/or probiotics (Lacticaseibacillus rhamnosus HN001 and Bifidobacterium animalis ssp. lactis 420, 1010 CFU each) in a double-blind manner from early pregnancy until 6 months postpartum. Body composition (n = 329) was measured using air displacement plethysmography, at three, six, 12, and 24 months postpartum. Diet in early pregnancy was evaluated using nutrient intakes, dietary patterns, and the Index of Diet Quality (IDQ) questionnaire.; Three postpartum body fat percentage trajectories were identified, but none displayed a sustained decrease in adiposity. A healthy dietary pattern (adjusted OR 5.8 [95% CI 2.5-13.5], p < 0.001) and high IDQ score (adjusted OR 2.5 [95% CI 1.1-5.5], p = 0.023) in early pregnancy increased the odds of a decreasing trend during the first postpartum year. The fish oil and/or probiotic intervention did not impact the body composition.; Good overall dietary quality during pregnancy may benefit the body composition of women with overweight or obesity at postpartum.; NCT01922791, ClinicalTrials.gov.",Journal Article,,,,,,,ok
PMID:39340527,PubMed,39340527,https://pubmed.ncbi.nlm.nih.gov/39340527/,"Effects of probiotics, prebiotics, and synbiotics on cardiometabolic risk factors in children and adolescents with overweight or obesity: a systematic review and Bayesian network meta-analysis.","The efficacy of probiotics, prebiotics, or synbiotics in children and adolescents with overweight or obesity remains uncertain. This systematic review evaluates their intervention effects through a network meta-analysis of randomized clinical trials (RCTs). Searches of 4 electronic databases until January 7, 2024, yielded 17 papers reporting on 15 RCTs involving 820 participants. Multiple-strain probiotics (MSP) showed significant efficacy in reducing BMI (Mean Difference (MD) -2.13 kg/m2, 95% credible interval (CrI) [-2.7, -1.57]), waist circumference (MD -1.34 cm, 95% CrI [-2.33, -0.35]), total cholesterol (MD -6.55 mg/dL, 95% CrI [-10.61, -2.45]), triglycerides (MD -3.71 mg/dL, 95% CrI [-5.76, -1.67]), leptin (MD -3.99 ng/mL, 95% CrI [-4.68, -3.3]), and hypersensitive C-reactive protein (Hs-CRP) (MD -1.21 mg/L, 95% CrI [-1.45, -0.97]). Synbiotics were effective in reducing BMI-z score (MD -0.07, 95% CrI [-0.10, -0.04]) and LDL-C (MD -1.54 mg/dL, 95% CrI [-1.98, -1.09]) but led to a slight increase in fasting glucose (MD 1.12 mg/dL, 95% CrI [0.75, 1.49]). Single-ingredient prebiotics and single-strain probiotics also had some beneficial effects on BMI and Hs-CRP, respectively. Moderate to low evidence suggests MSP may be a potential choice for improving BMI and reducing lipids, leptin, and Hs-CRP levels, implying that MSP could aid in managing pediatric obesity and related metabolic issues by modulating the gut microbiota. Although synbiotics show their favorable effects on body metrics and lipid control, their potential impact on blood glucose currently prevents them from being an alternative to MSP for treating pediatric obesity. Further large-scale, well-designed studies are needed to confirm these findings.",Journal Article; Network Meta-Analysis; Systematic Review,,,,,,,ok
PMID:40732984,PubMed,40732984,https://pubmed.ncbi.nlm.nih.gov/40732984/,Gut Microbiota Shifts After a Weight Loss Program in Adults with Obesity: The WLM3P Study.,"The gut microbiota is increasingly recognized as a key modulator in obesity management, influencing host energy balance, lipid metabolism, and inflammatory pathways. With obesity prevalence continuing to rise globally, dietary interventions that promote beneficial microbial shifts are essential for enhancing weight loss outcomes and long-term health.; This study investigated the effects of the multicomponent Weight Loss Maintenance 3 Phases Program (WLM3P), which integrates caloric restriction, a high-protein low-carbohydrate diet, time-restricted eating (10h TRE), dietary supplementation (prebiotics and phytochemicals), and digital app-based support on gut microbiota composition compared to a standard low-carbohydrate diet (LCD) in adults with obesity. The analysis focused exclusively on the 6-month weight loss period corresponding to Phases 1 and 2 of the WLM3P intervention.; In this sub-analysis of a randomized controlled trial (ClinicalTrials.gov Identifier: NCT04192357), 58 adults with obesity (BMI 30.0-39.9 kg/m2) were randomized to the WLM3P (n = 29) or LCD (n = 29) groups. Stool samples were collected at baseline and 6 months for 16S rRNA sequencing. Alpha and beta diversity were assessed, and genus-level differential abundance was determined using EdgeR and LEfSe. Associations between microbial taxa and clinical outcomes were evaluated using regression models.; After 6-month, the WLM3P group showed a significant increase in alpha diversity (p = 0.03) and a significant change in beta diversity (p < 0.01), while no significant changes were observed in the LCD group. Differential abundance analysis revealed specific microbial signatures in WLM3P participants, including increased levels of Faecalibacterium. Notably, higher Faecalibacterium abundance was associated with greater reductions in fat mass (kg, %) and visceral adiposity (cm2) in the WLM3P group compared to LCD (p < 0.01).; These findings suggest a potential microbiota-mediated mechanism in weight loss, where Faecalibacterium may enhance fat reduction effectiveness in the context of the WLM3P intervention.",Journal Article; Randomized Controlled Trial,,,,,,,ok
PMID:41486934,PubMed,41486934,https://pubmed.ncbi.nlm.nih.gov/41486934/,Synergistic anti-obesity effects of Bifidobacterium breve BR3 and Lactiplantibacillus plantarum LP3 via coordinated regulation of lipid metabolism and gut microbiota.,"The global rise in obesity and its associated metabolic complications underscores the urgent need for safe and effective interventions. This study investigated the anti-obesity efficacy of a probiotic mixture containing Bifidobacterium breve BR3 and Lactiplantibacillus plantarum LP3 in C57BL/6 mice with high-fat diet (HFD)-induced obesity. After obesity was established by feeding a 60% kcal HFD, the probiotic mixture was administered orally for 4 weeks. Compared with the control group, mice receiving the L. plantarum LP3 and B. breve BR3 mixture exhibited significant reductions in body weight and total fat mass, as assessed by Dual-energy X-ray Absorptiometry (DXA) and Echo Magnetic Resonance Imaging (EchoMRI). The probiotic treatment also lowered serum Aspartate Aminotransferase (AST), Alanine Aminotransferase (ALT), and glucose levels, and attenuated lipid accumulation in both hepatic and epididymal adipose tissues. Transcriptomic profiling revealed upregulation of lipolytic genes (Sirt1, Pparα) and downregulation of lipogenic genes (Srebp1c, Fas), suggesting that the probiotic mixture promotes lipid catabolism while suppressing lipid synthesis. Additionally, serum adipokine levels were favorably modulated, indicating improved metabolic homeostasis. Gut microbiota analysis demonstrated an increased relative abundance of beneficial genera, including Akkermansia and Bacteroides, highlighting a microbiome-mediated contribution to the observed metabolic benefits. Overall, our findings indicate that the combined administration of Lactiplantibacillus plantarum LP3 and Bifidobacterium breve BR3 exerts multi-faceted anti-obesity effects by enhancing lipolysis, regulating lipid metabolism, and restoring a healthy gut microbial balance. This probiotic mixture represents a promising therapeutic approach for managing obesity and related metabolic disorders.",Journal Article,,,,,,,ok
PMID:38270436,PubMed,38270436,https://pubmed.ncbi.nlm.nih.gov/38270436/,Dietary supplementation with probiotics promotes weight loss by reshaping the gut microbiome and energy metabolism in obese dogs.,"Obesity and overweight among companion animals are significant concerns, paralleling the issues observed in human populations. Recent research has highlighted the potential benefits of various probiotics in addressing weight-related changes, obesity, and associated pathologies. In this study, we delved into the beneficial probiotic mechanisms in high-fat-induced obese canines, revealing that Enterococcus faecium IDCC 2102 (IDCC 2102) and Bifidobacterium lactis IDCC 4301 (IDCC 4301) have the capacity to mitigate the increase in body weight and lipid accumulation in obese canines subjected to a high-fat diet and hyperlipidemic Caenorhabditis elegans (C. elegans) strain VS29. Both IDCC 2102 and IDCC 4301 demonstrated the ability to reduce systemic inflammation and hormonal disruptions induced by obesity. Notably, these probiotics induced modifications in the microbiota by promoting lactic acid bacteria, including Lactobacillaceae, Ruminococcaceae, and S24-7, with concomitant activation of pyruvate metabolism. IDCC 4301, through the generation of bacterial short-chain fatty acids and carboxylic acids, facilitated glycolysis and contributed to ATP synthesis. Meanwhile, IDCC 2102 produced bacterial metabolites such as acetic acid and butyric acid, exhibiting a particular ability to stimulate dopamine synthesis in a canine model. This stimulation led to the restoration of eating behavior and improvements in glucose and insulin tolerance. In summary, we propose novel probiotics for the treatment of obese animals based on the modifications induced by IDCC 2102 and IDCC 4301. These probiotics enhanced systemic energy utilization in response to high caloric intake, thereby preventing lipid accumulation and restoring stability to the fecal microbiota. Consequently, this intervention resulted in a reduction in systemic inflammation caused by the high-fat diet.IMPORTANCEProbiotic supplementation affected commensal bacterial proliferation, and administering probiotics increased glycolysis and activated pyruvate metabolism in the body, which is related to propanate metabolism as a result of pyruvate metabolism activation boosting bacterial fatty acid production via dopamine and carboxylic acid specialized pathways, hence contributing to increased ATP synthesis and energy metabolism activity.","Journal Article; Research Support, Non-U.S. Gov't",,,,,,,ok
PMID:38744950,PubMed,38744950,https://pubmed.ncbi.nlm.nih.gov/38744950/,"Effect of weight loss program using prebiotics and probiotics on body composition, physique, and metabolic products: longitudinal intervention study.","The relationship between gut microbiota and obesity has recently been an important subject for research as the gut microbiota is thought to affect body homeostasis including body weight and composition, intervening with pro and prebiotics is an intelligent possible way for obesity management. To evaluate the effect of hypo caloric adequate fiber regimen with probiotic supplementation and physical exercise, whether it will have a good impact on health, body composition, and physique among obese Egyptian women or has no significant effect. The enrolled 58 women, in this longitudinal follow-up intervention study; followed a weight loss eating regimen (prebiotic), including a low-carbohydrate adequate-fiber adequate-protein dietary pattern with decreased energy intake. They additionally received daily probiotic supplements in the form of yogurt and were instructed to exercise regularly for 3 months. Anthropometric measurements, body composition, laboratory investigations, and microbiota analysis were obtained before and after the 3 months weight loss program. Statistically highly significant differences in the anthropometry, body composition parameters: and obesity-related biomarkers (Leptin, ALT, and AST) between the pre and post-follow-up measurements at the end of the study as they were all decreased. The prebiotic and probiotic supplementation induced statistically highly significant alterations in the composition of the gut microbiota with increased relative abundance of Lactobacillus, Bifidobacteria, and Bacteroidetes and decreased relative abundance of Firmicutes and Firmicutes/Bacteroidetes Ratio. Hypo caloric adequate fiber regimen diet with probiotics positively impacts body composition and is effective for weight loss normalizing serum Leptin and AST.",Journal Article,,,,,,,ok
PMID:39455650,PubMed,39455650,https://pubmed.ncbi.nlm.nih.gov/39455650/,Effects of Lactiplantibacillus plantarum CBT LP3 and Bifidobacterium breve CBT BR3 supplementation on weight loss and gut microbiota of overweight dogs.,"The prevalence of obesity in dogs is increasing worldwide. This study evaluated the effects of a mixed probiotic formula on the weight, body condition score (BCS), blood metabolite profiles, and gut microbiota of overweight and obese dogs over a 12-week supplementation period to determine the anti-obesity effects of Lactiplantibacillus plantarum CBT LP3 and Bifidobacterium breve CBT BR3. This was a community-based, randomized study that sampled 41 overweight and obese dogs with a veterinarian-determined BCS of 6 or more. The physical activity of all the subjects was measured using a pedometer designed exclusively for dogs. The food intake was measured using the developed application. Only the treatment group received the mixed probiotic formula twice daily (3 g per dose). A significant decrease in body weight (p < 0.0001), BCS (p < 0.0001), serum TG (p < 0.0001), serum TC (p = 0.0400), and serum leptin (p = 0.0252), and a significantly increased serum adiponectin levels (p = 0.0007) were observed in the treatment group compared with the values in the control group. Microbiota analysis showed that Lactiplantibacillus increased and Erysipelatoclostridium, Staphylococcus, and Gemella decreased more significantly in the treatment group than in the control group. These results suggested that Lactiplantibacillus plantarum CBT LP3 and Bifidobacterium breve CBT BR3 may be effective in alleviating obesity in dogs.",Journal Article,,,,,,,ok
PMID:39520336,PubMed,39520336,https://pubmed.ncbi.nlm.nih.gov/39520336/,Intermittent Fasting Improves Insulin Resistance by Modulating the Gut Microbiota and Bile Acid Metabolism in Diet-Induced Obesity.,"Adipose tissue macrophages (ATMs) are crucial in the pathogenesis of insulin resistance (IR). Intermittent fasting (IF) is an effective intervention for obesity. However, the underlying mechanism by which IF improves IR remains unclear.; Male C57BL/6J mice are fed chow-diet and high-fat diet (HFD) for 12 weeks, then is randomized into ad libitum feeding or every other day fasting for 8 weeks. Markers of ATMs and expression of uncoupling protein 1 (UCP-1) are determined. Gut microbiota and bile acids (BAs) are profiled using 16S rRNA sequencing and targeted metabolomics analysis. Results indicate that IF improves IR in HFD-induced obesity. IF decreases ATM infiltration, pro-inflammatory M1 gene expression, and promotes white adipose tissue (WAT) browning by elevating UCP-1 expression. IF restructures microbiota composition, significantly expanding the abundance of Verrucomicrobia particularly Akkermansia muciniphila, with the decrease of that of Firmicutes. IF increases the level of total BAs and alters the composition of BAs with higher proportion of 12α-hydroxylated (12α-OH) BAs. The changes in these BAs are correlated with differential bacteria.; The findings indicate that IF improves IR partially mediated by the interplay between restructured gut microbiota and BAs metabolism, which has implications for the dietary management in obesity.","Journal Article; Research Support, Non-U.S. Gov't",,,,,,,ok
PMID:36944956,PubMed,36944956,https://pubmed.ncbi.nlm.nih.gov/36944956/,Effect of different doses of Lacticaseibacillus paracasei K56 on body fat and metabolic parameters in adult individuals with obesity: a pilot study.,"Studies have shown that probiotics have an effect on reducing body fat on a strain-specific and dose-response bases. The purpose of this study was to evaluate the effect of a novel probiotic strain Lacticaseibacillus paracasei K56 on body fat and metabolic biomarkers in adult individuals with obesity.; 74 adult subjects with obesity (body mass index ≥ 30 kg/m2, or percent body fat > 25% for men, percent body fat > 30% for women) were randomized into 5 groups and supplemented with different doses of K56 (groups VL_K56, L_K56, H_K56, and VH_K56: K56 capsules, 2 × 107 CFU/day, 2 × 109 CFU/day, 2 × 1010 CFU/day, 2 × 1011 CFU/day, respectively) or placebo (group Pla: placebo capsule) for 60 days. Subjects were advised to maintain their original dietary intake and physical activity. Anthropometric measurements, body composition assessment, and metabolic parameters were measured at baseline and after 60 days of intervention.; The results showed that the L_K56 group had significant decreases in percent body fat (p = 0.004), visceral fat area (p = 0.0007), total body fat mass (p = 0.018), trunk body fat mass (p = 0.003), waist circumference (p = 0.003), glycosylated hemoglobin(p = 0.002) at the end of the study compared with baseline. There were non-significant reductions in Body weight and BMI in the L_K56, H_K56, VL_K56 groups, whereas increases were observed in the placebo and VH_K56 groups compared with baseline values. In addition, K56 supplementation modulated gut microbiota characteristics and diversity indices in the L-K56 group. However, mean changes in body fat mass, visceral fat area, weight, body mass index, waist circumference and hip circumference were not significantly different between groups.; The results suggest that supplementation with different doses of Lacticaseibacillus paracasei K56 has certain effect on reducing body fat and glycosylated hemoglobin, especially at a dose of 109 CFU/day.; clinicaltrials.gov Identifier: NCT04980599.",Journal Article,,,,,,,ok
PMID:37685493,PubMed,37685493,https://pubmed.ncbi.nlm.nih.gov/37685493/,Exploring Gut Microbiota and the Influence of Physical Activity Interventions on Overweight and Obese Children and Adolescents: A Systematic Review.,"The recognition that the gut microbiota of obese children differs from lean children has grown, and some studies suggest that physical activity positively influences the gut microbiota. This systematic review explores the changes in the gut microbiota composition of obese and non-obese children and adolescents and provides an understanding of the effects of physical activity interventions in modulating their microbiota. The PRISMA protocol was used across PubMed, Scopus, and Web of Science. Overall, twenty-four research papers were included in accordance with the chosen inclusion and exclusion criteria, eighteen studies compared the gut microbiota of obese and normal-weight children and adolescents, and six studies explored the effect of physical activity interventions on the gut microbiota. The analysis indicated that obese gut microbiota is reduced in Bacteroidetes, Bifidobacterium and alpha diversity but enriched in Proteobacteria and Lactobacillus. Interventions with physical activity seem to improve the alpha diversity and beneficial bacteria linked to body weight loss in children and adolescents. The gut microbiota of obese children exhibited a remarkably individual variation. More interventions are needed to clearly and accurately explore the relationships between child obesity, gut microbiota, and physical activity and to develop approaches to decrease the incidence of paediatric obesity.",Journal Article; Review,,,,,,,ok
PMID:38068829,PubMed,38068829,https://pubmed.ncbi.nlm.nih.gov/38068829/,Combating Obesity: Harnessing the Synergy of Postbiotics and Prebiotics for Enhanced Lipid Excretion and Microbiota Regulation.,"Obesity is a chronic metabolic disease that can be induced by a high-fat diet (HFD) and predisposes to a variety of complications. In recent years, various bioactive substances, such as probiotics, prebiotics, and postbiotics, have been widely discussed because of their good anti-lipid and anti-inflammatory activities. In this paper, soybean protein isolate was used as a substrate to prepare the postbiotic. Compound prebiotics (galactose oligosaccharides, fructose oligosaccharides, and lactitol) preparation Aunulife Postbiotics and Prebiotics Composition (AYS) is the research object. Weight loss and bowel movements in mice induced by a high-fat diet were studied. Moreover, qualitative and quantitative analyses of small-molecule metabolites in AYS were performed to identify the functional molecules in AYS. After 12 weeks of feeding, the weight gain of mice that were fed with high-dose AYS (group H) and low-dose AYS (group L) from 4 to 12 weeks was 6.72 g and 5.25 g (p < 0.05), both of which were significantly lower than that of the high-fat diet (group DM, control group) group (7.73 g) (p < 0.05). Serum biochemical analysis showed that TC, TG, and LDL-C levels were significantly lower in mice from the H and L groups (p < 0.05). In addition, the fecal lipid content of mice in the L group reached 5.89%, which was significantly higher than that of the DM group at 4.02% (p < 0.05). The study showed that AYS changed the structure of the intestinal microbiota in mice on a high-fat diet, resulting in a decrease in the relative abundance of Firmicutes and Muribaculaceae and an increase in the relative abundance of Bacteroidetes, Verrucomicrobia, and Lactobacillus. The metabolomics study results of AYS showed that carboxylic acids and derivatives, and organonitrogen compounds accounted for 51.51% of the AYS metabolites, among which pantothenate, stachyose, betaine, and citrate had the effect of preventing obesity in mice. In conclusion, the administration of prebiotics and postbiotic-rich AYS reduces weight gain and increases fecal lipid defecation in obese mice, potentially by regulating the intestinal microbiota of mice on a high-fat diet.",Journal Article,,,,,,,ok
PMID:34967874,PubMed,34967874,https://pubmed.ncbi.nlm.nih.gov/34967874/,"Weight loss and high-protein, high-fiber diet consumption impact blood metabolite profiles, body composition, voluntary physical activity, fecal microbiota, and fecal metabolites of adult dogs.","Canine obesity is associated with reduced lifespan and metabolic dysfunction, but can be managed by dietary intervention. This study aimed to determine the effects of restricted feeding of a high-protein, high-fiber (HPHF) diet and weight loss on body composition, physical activity, blood metabolites, and fecal microbiota and metabolites of overweight dogs. Twelve spayed female dogs (age: 5.5 ± 1.1 yr; body weight [BW]: 14.8 ± 2.0 kg, body condition score [BCS]: 7.9 ± 0.8) were fed a HPHF diet during a 4-wk baseline phase to maintain BW. After baseline (week 0), dogs were first fed 80% of baseline intake and then adjusted to target 1.5% weekly weight loss for 24 wk. Body composition using dual-energy x-ray absorptiometry and blood samples (weeks 0, 6, 12, 18, and 24), voluntary physical activity (weeks 0, 7, 15, and 23), and fresh fecal samples for microbiota and metabolite analysis (weeks 0, 4, 8, 12, 16, 20, and 24) were measured over time. Microbiota data were analyzed using QIIME 2. All data were analyzed statistically over time using SAS 9.4. After 24 wk, dogs lost 31.2% of initial BW and had 1.43 ± 0.73% weight loss per week. BCS decreased (P < 0.0001) by 2.7 units, fat mass decreased (P < 0.0001) by 3.1 kg, and fat percentage decreased (P < 0.0001) by 11.7% with weight loss. Many serum metabolites and hormones were altered, with triglycerides, leptin, insulin, C-reactive protein, and interleukin-6 decreasing (P < 0.05) with weight loss. Relative abundances of fecal Bifidobacterium, Coriobacteriaceae UCG-002, undefined Muribaculaceae, Allobaculum, Eubacterium, Lachnospira, Negativivibacillus, Ruminococcus gauvreauii group, uncultured Erysipelotrichaceae, and Parasutterella increased (P < 0.05), whereas Prevotellaceae Ga6A1 group, Catenibacterium, Erysipelatoclostridium, Fusobacterium, Holdemanella, Lachnoclostridium, Lactobacillus, Megamonas, Peptoclostridium, Ruminococcus gnavus group, and Streptococcus decreased (P < 0.01) with weight loss. Despite the number of significant changes, a state of dysbiosis was not observed in overweight dogs. Fecal ammonia and secondary bile acids decreased, whereas fecal valerate increased with weight loss. Several correlations between gut microbial taxa and biological parameters were observed. Our results suggest that restricted feeding of a HPHF diet and weight loss promotes fat mass loss, minimizes lean mass loss, reduces inflammatory marker and triglyceride concentrations, and modulates fecal microbiota phylogeny and activity in overweight dogs.",Journal Article,,,,,,,ok
EUROPEPMC:32718098,PubMed,32718098,https://europepmc.org/article/MED/32718098,"Modulation of the Gut Microbiota by Olive Oil Phenolic Compounds: Implications for Lipid Metabolism, Immune System, and Obesity.","There is extensive information of the beneficial effects of virgin olive oil (VOO), especially on cardiovascular diseases. Some VOO healthy properties have been attributed to their phenolic-compounds (PCs). The aim of this review is to present updated data on the effects of olive oil (OO) PCs on the gut microbiota, lipid metabolism, immune system, and obesity, as well as on the crosstalk among them. We summarize experiments and clinical trials which assessed the specific effects of the olive oil phenolic-compounds (OOPCs) without the synergy with OO-fats. Several studies have demonstrated that OOPC consumption increases Bacteroidetes and/or reduces the Firmicutes/Bacteroidetes ratio, which have both been related to atheroprotection. OOPCs also increase certain beneficial bacteria and gut-bacteria diversity which can be therapeutic for lipid-immune disorders and obesity. Furthermore, some of the mechanisms implicated in the crosstalk between OOPCs and these disorders include antimicrobial-activity, cholesterol microbial metabolism, and metabolites produced by bacteria. Specifically, OOPCs modulate short-chain fatty-acids produced by gut-microbiota, which can affect cholesterol metabolism and the immune system, and may play a role in weight gain through promoting satiety. Since data in humans are scarce, there is a necessity for more clinical trials designed to assess the specific role of the OOPCs in this crosstalk.",Journal Article; Review,,,,,,,ok
EUROPEPMC:33178196,PubMed,33178196,https://europepmc.org/article/MED/33178196,Gut Microbiota as a Trigger for Metabolic Inflammation in Obesity and Type 2 Diabetes.,"The gut microbiota has been linked to the development of obesity and type 2 diabetes (T2D). The underlying mechanisms as to how intestinal microbiota may contribute to T2D are only partly understood. It becomes progressively clear that T2D is characterized by a chronic state of low-grade inflammation, which has been linked to the development of insulin resistance. Here, we review the current evidence that intestinal microbiota, and the metabolites they produce, could drive the development of insulin resistance in obesity and T2D, possibly by initiating an inflammatory response. First, we will summarize major findings about immunological and gut microbial changes in these metabolic diseases. Next, we will give a detailed view on how gut microbial changes have been implicated in low-grade inflammation. Lastly, we will critically discuss clinical studies that focus on the interaction between gut microbiota and the immune system in metabolic disease. Overall, there is strong evidence that the tripartite interaction between gut microbiota, host immune system and metabolism is a critical partaker in the pathophysiology of obesity and T2D.","Journal Article; Research Support, N.I.H., Extramural; Research Support, Non-U.S. Gov't; Review",,,,,,,ok
PMID:32152146,PubMed,32152146,https://pubmed.ncbi.nlm.nih.gov/32152146/,Genistein stimulates insulin sensitivity through gut microbiota reshaping and skeletal muscle AMPK activation in obese subjects.,"Obesity is associated with metabolic abnormalities, including insulin resistance and dyslipidemias. Previous studies demonstrated that genistein intake modifies the gut microbiota in mice by selectively increasing Akkermansia muciniphila, leading to reduction of metabolic endotoxemia and insulin sensitivity. However, it is not known whether the consumption of genistein in humans with obesity could modify the gut microbiota reducing the metabolic endotoxemia and insulin sensitivity.; 45 participants with a Homeostatic Model Assessment (HOMA) index greater than 2.5 and body mass indices of ≥30 and≤40 kg/m2 were studied. Patients were randomly distributed to consume (1) placebo treatment or (2) genistein capsules (50 mg/day) for 2 months. Blood samples were taken to evaluate glucose concentration, lipid profile and serum insulin. Insulin resistance was determined by means of the HOMA for insulin resistance (HOMA-IR) index and by an oral glucose tolerance test. After 2 months, the same variables were assessed including a serum metabolomic analysis, gut microbiota, and a skeletal muscle biopsy was obtained to study the gene expression of fatty acid oxidation.; In the present study, we show that the consumption of genistein for 2 months reduced insulin resistance in subjects with obesity, accompanied by a modification of the gut microbiota taxonomy, particularly by an increase in the Verrucomicrobia phylum. In addition, subjects showed a reduction in metabolic endotoxemia and an increase in 5'-adenosine monophosphate-activated protein kinase phosphorylation and expression of genes involved in fatty acid oxidation in skeletal muscle. As a result, there was an increase in circulating metabolites of β-oxidation and ω-oxidation, acyl-carnitines and ketone bodies.; Change in the gut microbiota was accompanied by an improvement in insulin resistance and an increase in skeletal muscle fatty acid oxidation. Therefore, genistein could be used as a part of dietary strategies to control the abnormalities associated with obesity, particularly insulin resistance; however, long-term studies are needed.","Journal Article; Randomized Controlled Trial; Research Support, Non-U.S. Gov't",,,,,,,ok
PMID:31126565,PubMed,31126565,https://pubmed.ncbi.nlm.nih.gov/31126565/,Effects of pro-/synbiotic supplementation on anthropometric and metabolic indices in overweight or obese children and adolescents: A systematic review and meta-analysis.,"Existing evidence on the possible effects of pro-/synbiotics on overweight or obese children and adolescents has not been fully established. Therefore, the present review was undertaken to evaluate the overall effects of pro-/synbiotics supplementation on anthropometric indices and metabolic indices in overweight or obese children and adolescents.; A systematic computerized literature search of PubMed, Scopus, ISI Web of science and Google Scholar databases was conducted up to November 2018. All RCTs using pro-/synbiotics supplements in overweight or obese children and adolescents included in this systematic review and meta-analysis.; Overall 9 randomized trials including 410 subjects were identified for the present meta-analysis. Pooled analysis did not illustrate any significant changes in BMI z-score, waist circumference, weight, body fat, fasting blood sugar and lipid profiles (triglyceride, total cholesterol, high-density lipoprotein cholesterol, and low-density lipoprotein cholesterol) after supplementation with pro-/synbiotics for 4-16 weeks. However, subgroup analysis by intervention type revealed a significant reduction of BMI z-score in synbiotic subgroups.; Based on our findings, modulation of gut microbiota composition through pro-/ synbiotic supplements did not have favorable effects to manage overweight or obese children and adolescents. Further large-scale studies are warranted to confirm present findings.",Journal Article; Meta-Analysis; Systematic Review,,,,,,,ok
PMID:29547587,PubMed,29547587,https://pubmed.ncbi.nlm.nih.gov/29547587/,Dietary Alteration of the Gut Microbiome and Its Impact on Weight and Fat Mass: A Systematic Review and Meta-Analysis.,"Dietary alteration of the gut microbiome is an important target in the treatment of obesity. Animal and human studies have shown bidirectional weight modulation based on the probiotic formulation used. In this study, we systematically reviewed the literature and performed a meta-analysis to assess the impact of prebiotics, probiotics and synbiotics on body weight, body mass index (BMI) and fat mass in adult human subjects. We searched Medline (PubMed), Embase, the Cochrane Library and the Web of Science to identify 4721 articles, of which 41 were subjected to full-text screening, yielding 21 included studies with 33 study arms. Probiotic use was associated with significant decreases in BMI, weight and fat mass. Studies of subjects consuming prebiotics demonstrated a significant reduction in body weight, whereas synbiotics did not show an effect. Overall, when the utilization of gut microbiome-modulating dietary agents (prebiotic/probiotic/synbiotic) was compared to placebo, there were significant decreases in BMI, weight and fat mass. In summary, dietary agents for the modulation of the gut microbiome are essential tools in the treatment of obesity and can lead to significant decreases in BMI, weight and fat mass. Further studies are needed to identify the ideal dose and duration of supplementation and to assess the durability of this effect.",Journal Article; Review,,,,,,,ok
PMID:30468509,PubMed,30468509,https://pubmed.ncbi.nlm.nih.gov/30468509/,"Probiotics, prebiotics and synbiotics for weight loss and metabolic syndrome in the microbiome era.","Excessive body fat and the associated dysmetabolic consequences affect both developed and emerging countries. An altered gut microbiota composition is an important environmental cause of these conditions. Clinical trials targeting gut microbiome composition or functions with pro or prebiotics to promote a healthier profile are considered a promising tool for excessive body weight treatment and prevention of dysmetabolic complications.; We searched PubMed and Cochrane Library using combinations of probiotics/prebiotics and synbiotics with obesity/weight loss/metabolic syndrome as the search terms. Clinical studies and significant pre-clinical results showing molecular mechanisms supporting clinical results were also discussed.; Several studies in humans and in animal models have elucidated biological mechanisms supporting the observed clinical efficacy of selected probiotic and prebiotic compounds for weight management. Efficacy appears to be species or strain-specific. Fibers such as inulin or galactomannan promote independent and synergistic beneficial effects.; Diet supplementation with synbiotics prepared using selected strains (such as Lactobacillus gasseri strains) showed to exert weight-reduction and anti-inflammatory activity in large independent studies. Their administration, together with galactomannan and/or inulin fibers, may increase weight management effects due to synergistic effect on short chain fatty acid production and microbiota 're-configuration'.","Journal Article; Research Support, Non-U.S. Gov't",,,,,,,ok
EUROPEPMC:10.21203/rs.3.rs-9134629/v1,publisher supplementary data,10.21203/rs.3.rs-9134629/v1,,Blood drops to gut maps: dried blood spot metabolomics infers gut microbiome composition and guides probiotic intervention in metabolic disease,,,,,,,,,unsupported_source
EUROPEPMC:10.64898/2026.04.07.716956,publisher supplementary data,10.64898/2026.04.07.716956,,Engineered Lactate Catabolizing Probiotics Reveal Timescale Dependent Microbiome-Host Metabolic Coupling,,,,,,,,,unsupported_source
EUROPEPMC:41507594,PubMed,41507594,https://europepmc.org/article/MED/41507594,"Impact of probiotic, prebiotic, and synbiotic supplementation on the gut microbiome in older adults with sarcopenia, obesity, and sarcopenic obesity.","Gut microbiome plays an important role in several metabolic, immune, and inflammatory pathways; however, there is limited evidence for its role in body composition and musculoskeletal health. Sarcopenia, defined as a loss of skeletal muscle mass and function, and obesity, can co-exist in a condition known as sarcopenic obesity. This condition is highly prevalent among older adults, hence increasing the risk of negative health implications such as metabolic dysfunction, chronic inflammation, reduced physical performance, and poor quality of life. These age-related conditions are closely associated with alterations to the gut microbiome, including microbial profiles and a reduction in beneficial metabolites such as short-chain fatty acids (SCFAs). Probiotic, prebiotic, and synbiotic interventions are therefore emerging as promising strategies to improve the gut microbiome by enhancing microbial diversity and restoring microbial communities. This review utilizes current evidence on the impact of these interventions on gut microbiota composition, inflammatory and metabolic biomarkers, body composition, and functional outcomes in older adults with sarcopenia, obesity, and sarcopenic obesity. Probiotics, containing live beneficial microorganisms, have shown potential in enhancing SCFA production, reducing inflammation, and improving insulin sensitivity. Prebiotics are non-digestible fibers that selectively activate the growth of beneficial gut bacteria, further supporting gut health by proliferating the growth of SCFA-producing bacteria. Synbiotics, a combination of probiotics and prebiotics, provide a synergistic approach to gut health, accounting for the microbial composition and functional capability. Recent studies have demonstrated that probiotics, prebiotics, and synbiotics may reduce inflammation and improve muscle mass and strength among older adults with sarcopenia, obesity, and sarcopenic obesity. These interventions have the potential in mitigating obesity-related metabolic dysfunction and inflammation, particularly in individuals with sarcopenic obesity. Although, preclinical studies in mice exhibit beneficial effects, clinical studies in older adults remain limited, with heterogeneity of study design, intervention types, and outcome measures. This review highlights the need for robust, well-designed clinical trials to understand the mechanistic and molecular pathways through which probiotic, prebiotic, and synbiotic supplementation may modulate the gut microbiome and improve musculoskeletal health among older adults. These interventions may provide innovative, non-invasive therapeutic strategies for managing sarcopenia, obesity, and sarcopenic obesity, ultimately contributing to healthier aging and improved quality of life of older adults. This review also underscores the potential of microbiome-targeted interventions for aging populations, highlighting the need for further research.",Journal Article; Review,,,,,,,ok
EUROPEPMC:41576942,PubMed,41576942,https://europepmc.org/article/MED/41576942,"Gut microbiome and obesity care: Bridging dietary, surgical, and pharmacological interventions.","In the mid-2000s, mouse studies suggested that the gut microbiome might influence energy harvest, fat storage, appetite, insulin sensitivity, and inflammation. Since then, our understanding of the gut microbiome's role in obesity has advanced significantly. Mechanistic studies identified microbial metabolites, such as short-chain fatty acids, bile acids, branched-chain amino acids, tryptophan catabolites, and imidazole propionate, as key modulators of metabolism, inflammation, and gut-brain communication. Metagenomic and multi-omics technologies now provide deeper insights into the intricate interactions between microbes, metabolites, and host factors, reshaping obesity research and reinforcing the need for phenotype stratification by recognizing microbiome-driven metabolic profiles. Integrating gut microbiome data into clinical strategies may enable targeted interventions for specific obesity subtypes, advancing prevention and personalized care. However, as new anti-obesity medications emerge, it is imperative to determine how microbiome-based therapies can complement them, considering efficacy, cost, and patient-specific variability.",Journal Article; Review,,,,,,,ok
