evidence_id,source_database,source_accession,doi,pmid,title,year,evidence_type,priority,relevance_score,study_tag,intervention_type_hint,taxa_hint,outcome_hint,needs_manual_review,source_url
EUROPEPMC:PMC12938260,publisher supplementary data,PMC12938260,,,"Lactobacillus helveticus UA881 Improves Body Composition, Lipid Profiles, and Gut Microbiota in Overweight Adults: A Randomized Double-Blind Placebo-Controlled Trial",2026,literature,high,5,randomized_controlled_trial,,Lactobacillus,weight;body_composition;lipid;microbiome,true,
PMID:40077569,PubMed,40077569,10.3390/foods14050866,40077569,"Effects of Liupao Tea with Different Years of Aging on Glycolipid Metabolism, Body Composition, and Gut Microbiota in Adults with Obesity or Overweight: A Randomized, Double-Blind Study.",2025,literature,high,5,randomized_controlled_trial,,,weight;body_composition;lipid;microbiome,true,https://pubmed.ncbi.nlm.nih.gov/40077569/
EUROPEPMC:41163054,PubMed,41163054,10.1186/s13063-025-09180-3,41163054,"The effects of a newly developed beverage powder supplement on anthropometric measures, body composition, metabolic syndrome components, and appetite in obese or overweight adults: a protocol for a randomized clinical trial study.",2025,literature,high,4,randomized_controlled_trial,,,weight;body_composition;glucose,true,https://europepmc.org/article/MED/41163054
EUROPEPMC:40409234,PubMed,40409234,10.1016/j.clnu.2025.05.005,40409234,Effects of multi-strain probiotics supplementation on body adiposity and metabolic profile in individuals with hypertension and overweight following an energy-restricted diet: A randomized clinical trial.,2025,literature,high,4,randomized_controlled_trial,probiotic,,weight;glucose,true,https://europepmc.org/article/MED/40409234
PMID:41479657,PubMed,41479657,10.3389/fnut.2025.1718169,41479657,"Targeting gut microbiota with short-chain fructo-oligosaccharides prebiotic fibers to support metabolic health in overweight prediabetic adults: a randomized, double-blinded, placebo-controlled study.",2025,literature,high,4,randomized_controlled_trial,prebiotic,,weight;glucose;microbiome,true,https://pubmed.ncbi.nlm.nih.gov/41479657/
PMID:39802638,PubMed,39802638,10.1002/mco2.70044,39802638,"Comparison of diet and exercise on cardiometabolic factors in young adults with overweight/obesity: multiomics analysis and gut microbiota prediction, a randomized controlled trial.",2025,literature,high,4,randomized_controlled_trial,,,weight;glucose;microbiome,true,https://pubmed.ncbi.nlm.nih.gov/39802638/
PMID:39410163,PubMed,39410163,10.3390/foods13193128,39410163,"Effects of a Sorghum Beverage with Lacticaseibacillus paracasei on Body Composition, Lipid Profiles, and Intestinal Health in Overweight and Obese Adults: A Randomized Single-Blind Pilot Study.",2024,literature,high,4,randomized_controlled_trial,,Lacticaseibacillus,weight;body_composition;lipid,true,https://pubmed.ncbi.nlm.nih.gov/39410163/
PMID:37252684,PubMed,37252684,10.1017/jns.2023.41,37252684,"Effect of green-lipped mussel (Perna canaliculus) supplementation on faecal microbiota, body composition and iron status markers in overweight and obese postmenopausal women: a randomised, double-blind, placebo-controlled trial.",2023,literature,high,4,randomized_controlled_trial,,,weight;body_composition;microbiome,true,https://pubmed.ncbi.nlm.nih.gov/37252684/
PMID:37111082,PubMed,37111082,10.3390/nu15081863,37111082,"Effect of a Multispecies Synbiotic Supplementation on Body Composition, Antioxidant Status, and Gut Microbiomes in Overweight and Obese Subjects: A Randomized, Double-Blind, Placebo-Controlled Study.",2023,literature,high,4,randomized_controlled_trial,synbiotic,,weight;body_composition;microbiome,true,https://pubmed.ncbi.nlm.nih.gov/37111082/
PMID:37447365,PubMed,37447365,10.3390/nu15133039,37447365,"Effect of a Probiotic and a Synbiotic on Body Fat Mass, Body Weight and Traits of Metabolic Syndrome in Individuals with Abdominal Overweight: A Human, Double-Blind, Randomised, Controlled Clinical Study.",2023,literature,high,4,randomized_controlled_trial,probiotic;synbiotic,,weight;body_composition;glucose,true,https://pubmed.ncbi.nlm.nih.gov/37447365/
NCT:NCT02125955,ClinicalTrials.gov,NCT02125955,,,"Effect of Prebiotic Intake on Adiposity, Satiety and Gut Microbiota in Overweight and Obese Children",2014,clinical_trial,high,4,clinical_trial_registry,prebiotic,,weight;microbiome,true,https://clinicaltrials.gov/study/NCT02125955
NCT:NCT02151825,ClinicalTrials.gov,NCT02151825,,,Effect of a Synbiotic on the Gut Microbiota and Adiposity-related Markers in Healthy Overweight Subjects,2011,clinical_trial,high,4,clinical_trial_registry,synbiotic,,weight;microbiome,true,https://clinicaltrials.gov/study/NCT02151825
EUROPEPMC:41512635,PubMed,41512635,10.1016/j.clnu.2025.106560,41512635,"Effects of a novel synbiotic intervention on abdominal visceral fat reductions and gut microbiota in overweight and obese adults: A randomized, double-blind, placebo-controlled trial.",2026,literature,high,3,randomized_controlled_trial,synbiotic,,weight;microbiome,true,https://europepmc.org/article/MED/41512635
EUROPEPMC:PMC12986909,publisher supplementary data,PMC12986909,,,Green Tea Catechin Plus Inulin Improves Insulin Resistance Without Reducing Visceral Fat and Shows Exploratory Gut Microbiota Signals in Adults with Visceral Obesity: A Double-Blind Randomized Controlled Trial,2026,literature,high,3,randomized_controlled_trial,,,glucose;microbiome,true,
EUROPEPMC:41459804,PubMed,41459804,10.1080/19490976.2025.2606473,41459804,"Effects of a slowly fermentable fiber mixture against the background of a high-protein diet on insulin sensitivity and metabolic health in individuals with overweight: a randomized, placebo-controlled trial.",2026,literature,high,3,randomized_controlled_trial,,,weight;glucose,true,https://europepmc.org/article/MED/41459804
EUROPEPMC:42116047,PubMed,42116047,10.1186/s12986-026-01124-1,42116047,"Probiotic Bifidobacterium bifidum BGN4 supplementation modulates gut microbiome composition and reduces circulating zonulin, TNFα, and insulin in adults with excess adiposity: a randomized, double-blind, placebo-controlled trial.",2026,literature,high,3,randomized_controlled_trial,probiotic,Bifidobacterium,glucose;microbiome,true,https://europepmc.org/article/MED/42116047
PMID:41830022,PubMed,41830022,10.3390/nu18050851,41830022,Green Tea Catechin Plus Inulin Improves Insulin Resistance Without Reducing Visceral Fat and Shows Exploratory Gut Microbiota Signals in Adults with Visceral Obesity: A Double-Blind Randomized Controlled Trial.,2026,literature,high,3,randomized_controlled_trial,,,glucose;microbiome,true,https://pubmed.ncbi.nlm.nih.gov/41830022/
PMID:42044842,PubMed,42044842,10.1016/j.clnesp.2026.103306,42044842,"The effect of a two-week low glycaemic index, higher fibre diet versus high glycaemic index diet on body composition, ectopic lipids, inflammatory biomarkers, gastrointestinal hormones and gut microbiota in metabolic dysfunction-associated steatotic liver disease (MASLD): A pilot randomized cross-over study.",2026,literature,high,3,randomized_controlled_trial,,,body_composition;lipid;glucose;microbiome,true,https://pubmed.ncbi.nlm.nih.gov/42044842/
PMID:41861447,PubMed,41861447,10.1016/j.clnu.2026.106618,41861447,"Effects of hypocaloric wholegrain rye vs refined wheat diets on weight loss, cardiometabolic risk factors and gut microbiota: A 12-week randomized controlled trial.",2026,literature,high,3,randomized_controlled_trial,,,weight;glucose;microbiome,true,https://pubmed.ncbi.nlm.nih.gov/41861447/
NCT:NCT07073781,ClinicalTrials.gov,NCT07073781,,,"Probiotic Impact on Cognitive Performance, and Metabolic Outcomes in Overweight Young Adults With Impaired Glucose Regulation",2025,clinical_trial,high,3,clinical_trial_registry,probiotic,,weight;glucose,true,https://clinicaltrials.gov/study/NCT07073781
EUROPEPMC:40400804,PubMed,40400804,10.7759/cureus.82613,40400804,"Impact of a Probiotic-Fiber Blend on Body Weight, Metabolic Regulation, and Digestive Function in Obese Adults: A Randomized, Placebo-Controlled, Multicentric Trial.",2025,literature,high,3,randomized_controlled_trial,probiotic,,weight;glucose,true,https://europepmc.org/article/MED/40400804
EUROPEPMC:41126806,PubMed,41126806,10.1016/j.crfs.2025.101215,41126806,Probiotic pasta consumption improves lipid metabolism and reduces gut permeability in overweight and obese adults: a randomized controlled trial.,2025,literature,high,3,randomized_controlled_trial,probiotic,,weight;lipid,true,https://europepmc.org/article/MED/41126806
EUROPEPMC:40735396,PubMed,40735396,10.1002/fsn3.70434,40735396,"The Effects of Probiotics Consumption on Blood Pressure, Lipid Profile, Glycemic Indices, and Inflammatory Parameters in Overweight and Obese Adults: A Systematic Review and Meta-Analysis of Randomized Controlled Trials.",2025,literature,high,3,meta_analysis_or_systematic_review,probiotic,,weight;lipid,true,https://europepmc.org/article/MED/40735396
EUROPEPMC:40416368,PubMed,40416368,10.3389/fnut.2025.1542145,40416368,"Effect of <i>Bacillus coagulans</i> BC99 supplementation on body weight and gut microbiota in overweight and obese individual: a randomized, double-blind, placebo-controlled study.",2025,literature,high,3,randomized_controlled_trial,,Bacillus,weight;microbiome,true,https://europepmc.org/article/MED/40416368
PMID:41659802,PubMed,41659802,10.3389/fnut.2025.1686416,41659802,Effects of modified fasting therapy on tongue coating and gut microbiome in overweight and obese adults: a controlled clinical trial.,2025,literature,high,3,needs_manual_classification,,,weight;microbiome,true,https://pubmed.ncbi.nlm.nih.gov/41659802/
PMID:40598275,PubMed,40598275,10.1186/s12916-025-04189-6,40598275,"Differential effects of inulin and fructooligosaccharides on gut microbiota composition and glycemic metabolism in overweight/obese and healthy individuals: a randomized, double-blind clinical trial.",2025,literature,high,3,randomized_controlled_trial,,,weight;microbiome,true,https://pubmed.ncbi.nlm.nih.gov/40598275/
PMID:40451504,PubMed,40451504,10.1016/j.clnesp.2025.05.045,40451504,"Comparing the effects of yogurt containing Akkermansia muciniphilia postbiotic with yogurt containing Lactobacillus rhamnosus postbiotic on body composition, biochemical indices, appetite, and depression scores in overweight or obese adults: A randomized, double-blind, controlled clinical trial.",2025,literature,high,3,randomized_controlled_trial,postbiotic,Lactobacillus;Akkermansia,weight;body_composition,true,https://pubmed.ncbi.nlm.nih.gov/40451504/
PMID:40375569,PubMed,40375569,10.1017/S0007114525000923,40375569,"Mental health and health-related quality of life response to curcumin-probiotic drink powder co-supplementation in adults with overweight/obesity and metabolic syndrome: a four-arm randomised, double-blind, placebo-controlled, clinical trial.",2025,literature,high,3,randomized_controlled_trial,probiotic,,weight;glucose,true,https://pubmed.ncbi.nlm.nih.gov/40375569/
PMID:40573158,PubMed,40573158,10.3390/nu17122047,40573158,Modulation of Gut Microbiota by Whole Encapsulated Brown Seaweed (Himanthalia elongata) in Overweight Subjects: A Randomized Double-Blind Placebo-Controlled Trial.,2025,literature,high,3,randomized_controlled_trial,,,weight;microbiome,true,https://pubmed.ncbi.nlm.nih.gov/40573158/
PMID:40106235,PubMed,40106235,10.1089/chi.2024.0344,40106235,Childhood Obesity Body Mass Index and Gut Microbiome: A Cluster Randomized Controlled Pilot Feasibility Study.,2025,literature,high,3,randomized_controlled_trial,,,BMI;microbiome,true,https://pubmed.ncbi.nlm.nih.gov/40106235/
PMID:41321998,PubMed,41321998,10.1016/j.csbj.2025.11.021,41321998,Gut microbiome enterotypes and temporal variations during a six-month inulin-supplemented weight loss randomized controlled trial in Thai children with obesity.,2025,literature,high,3,randomized_controlled_trial,,,weight;microbiome,true,https://pubmed.ncbi.nlm.nih.gov/41321998/
PMID:40385498,PubMed,40385498,10.1007/s40200-025-01632-6,40385498,"Effects of multi-strain synbiotic supplementation on liver enzymes, insulin resistance, anthropometric, and inflammatory indices in overweight and obese adults with fatty liver and diabetes: a randomized controlled trial.",2025,literature,high,3,randomized_controlled_trial,synbiotic,,weight;glucose,true,https://pubmed.ncbi.nlm.nih.gov/40385498/
PMID:39051504,PubMed,39051504,10.1039/d4fo00535j,39051504,"Bifidobacterium lactis IDCC 4301 (B. lactis Fit™) supplementation effects on body fat, serum triglyceride, and adipokine ratio in obese women: a randomized clinical trial.",2024,literature,high,3,randomized_controlled_trial,,Bifidobacterium,body_composition;lipid,true,https://pubmed.ncbi.nlm.nih.gov/39051504/
PMID:38999741,PubMed,38999741,10.3390/nu16131993,38999741,"The Effect of the Lacticaseibacillus paracasei BEPC22 and Lactiplantibacillus plantarum BELP53 Combination (BN-202M) on Body Fat Percentage Loss in Overweight Individuals: A Randomized, Double-Blind, Placebo-Controlled Study.",2024,literature,high,3,randomized_controlled_trial,,Lacticaseibacillus;Lactiplantibacillus,weight;body_composition,true,https://pubmed.ncbi.nlm.nih.gov/38999741/
PMID:38542727,PubMed,38542727,10.3390/nu16060815,38542727,Effects of Bifidobacterium longum BB536 and Bifidobacterium breve MCC1274 on Body Composition in Normal and Overweight Adults in Randomized Placebo-Controlled Study.,2024,literature,high,3,randomized_controlled_trial,,Bifidobacterium,weight;body_composition,true,https://pubmed.ncbi.nlm.nih.gov/38542727/
PMID:39456659,PubMed,39456659,10.3390/ijms252010871,39456659,Gut Microbiome and Metabolome Alterations in Overweight or Obese Adult Population after Weight-Loss Bifidobacterium breve BBr60 Intervention: A Randomized Controlled Trial.,2024,literature,high,3,randomized_controlled_trial,,Bifidobacterium,weight;microbiome,true,https://pubmed.ncbi.nlm.nih.gov/39456659/
PMID:39639405,PubMed,39639405,10.1186/s13102-024-01029-7,39639405,Gut microbiota and metabolic responses to a 12-week caloric restriction combined with strength and HIIT training in patients with obesity: a randomized trial.,2024,literature,high,3,randomized_controlled_trial,,,glucose;microbiome,true,https://pubmed.ncbi.nlm.nih.gov/39639405/
PMID:39415279,PubMed,39415279,10.1186/s12986-024-00851-7,39415279,"Effect of Sinetrol(®) Xpur on metabolic health and adiposity by interactions with gut microbiota: a randomized, open label, dose-response clinical trial.",2024,literature,high,3,randomized_controlled_trial,,,glucose;microbiome,true,https://pubmed.ncbi.nlm.nih.gov/39415279/
PMID:38926901,PubMed,38926901,10.1186/s13063-024-08221-7,38926901,"Effects of whole-body vibration on body composition, microbiota, cardiometabolic markers, physical fitness, and quality of life after bariatric surgery: protocol for a randomized controlled trial.",2024,literature,high,3,randomized_controlled_trial,,,body_composition;glucose;microbiome,true,https://pubmed.ncbi.nlm.nih.gov/38926901/
PMID:38419068,PubMed,38419068,10.1186/s13063-024-07996-z,38419068,"Effects of a chronotype-adapted diet on weight loss, cardiometabolic health, and gut microbiota: study protocol for a randomized controlled trial.",2024,literature,high,3,randomized_controlled_trial,,,weight;glucose;microbiome,true,https://pubmed.ncbi.nlm.nih.gov/38419068/
PMID:38393021,PubMed,38393021,10.3390/metabo14020129,38393021,The Efficacy of Lactobacillus delbrueckii ssp. bulgaricus Supplementation in Managing Body Weight and Blood Lipids of People with Overweight: A Randomized Pilot Trial.,2024,literature,high,3,randomized_controlled_trial,,Lactobacillus,weight;lipid,true,https://pubmed.ncbi.nlm.nih.gov/38393021/
EUROPEPMC:37836532,PubMed,37836532,10.3390/nu15194248,37836532,Effects of Synbiotic Supplementation on Metabolic Syndrome Traits and Gut Microbial Profile among Overweight and Obese Hong Kong Chinese Individuals: A Randomized Trial.,2023,literature,high,3,randomized_controlled_trial,synbiotic,,weight;glucose,true,https://europepmc.org/article/MED/37836532
PMID:37424169,PubMed,37424169,10.1002/oby.23801,37424169,Effect of synbiotics on weight loss and metabolic health in adults with overweight and obesity: A randomized controlled trial.,2023,literature,high,3,randomized_controlled_trial,synbiotic,,weight;glucose,true,https://pubmed.ncbi.nlm.nih.gov/37424169/
PMID:36606510,PubMed,36606510,10.1002/edm2.402,36606510,"A clinical trial about effects of prebiotic and probiotic supplementation on weight loss, psychological profile and metabolic parameters in obese subjects.",2023,literature,high,3,needs_manual_classification,probiotic;prebiotic,,weight;glucose,true,https://pubmed.ncbi.nlm.nih.gov/36606510/
PMID:37084470,PubMed,37084470,10.1016/j.clnu.2023.03.017,37084470,Randomized controlled trials reporting the effects of probiotics in individuals with overweight and obesity: A critical review of the interventions and body adiposity parameters.,2023,literature,high,3,randomized_controlled_trial,probiotic,,weight,true,https://pubmed.ncbi.nlm.nih.gov/37084470/
PMID:36793105,PubMed,36793105,10.1186/s13063-023-07115-4,36793105,"Design of the Building Research in CRC prevention (BRIDGE-CRC) trial: a 6-month, parallel group Mediterranean diet and weight loss randomized controlled lifestyle intervention targeting the bile acid-gut microbiome axis to reduce colorectal cancer risk among African American/Black adults with obesity.",2023,literature,high,3,randomized_controlled_trial,,,weight;microbiome,true,https://pubmed.ncbi.nlm.nih.gov/36793105/
PMID:36484872,PubMed,36484872,10.1007/s12519-022-00664-9,36484872,"Effects of synbiotic supplementation on anthropometric indices and body composition in overweight or obese children and adolescents: a randomized, double-blind, placebo-controlled clinical trial.",2023,literature,high,3,randomized_controlled_trial,synbiotic,,weight;body_composition,true,https://pubmed.ncbi.nlm.nih.gov/36484872/
PMID:35487505,PubMed,35487505,10.4093/dmj.2021.0370,35487505,"Effect of Lactobacillus plantarum LMT1-48 on Body Fat in Overweight Subjects: A Randomized, Double-Blind, Placebo-Controlled Trial.",2023,literature,high,3,randomized_controlled_trial,,Lactobacillus,weight;body_composition,true,https://pubmed.ncbi.nlm.nih.gov/35487505/
PMID:36634870,PubMed,36634870,10.1016/j.jand.2023.01.006,36634870,"The Effect of Microbiome Therapies on Waist Circumference, a Measure of Central Obesity, in Patients with Type 2 Diabetes: A Systematic Review and Meta-analysis of Randomized Controlled Trials.",2023,literature,high,3,meta_analysis_or_systematic_review,,,waist;microbiome,true,https://pubmed.ncbi.nlm.nih.gov/36634870/
PMID:37580231,PubMed,37580231,10.1016/j.numecd.2023.07.030,37580231,"No effect of multi-strain probiotic supplementation on metabolic and inflammatory markers and newborn body composition in pregnant women with obesity: Results from a randomized, double-blind placebo-controlled study.",2023,literature,high,3,randomized_controlled_trial,probiotic,,body_composition;glucose,true,https://pubmed.ncbi.nlm.nih.gov/37580231/
NCT:NCT05623007,ClinicalTrials.gov,NCT05623007,,,Dietary Modulation of Gut Microbiota in Overweight/Obese Adolescents and COVID-19 Infection,2022,clinical_trial,high,3,clinical_trial_registry,,,weight;microbiome,true,https://clinicaltrials.gov/study/NCT05623007
PMID:36352899,PubMed,36352899,10.3389/fnut.2022.1007506,36352899,Effect of garlic extract on weight loss and gut microbiota composition in obese women: A double-blind randomized controlled trial.,2022,literature,high,3,randomized_controlled_trial,,,weight;microbiome,true,https://pubmed.ncbi.nlm.nih.gov/36352899/
PMID:34444671,PubMed,34444671,10.3390/nu13082512,34444671,"Effects of 60-Day Saccharomyces boulardii and Superoxide Dismutase Supplementation on Body Composition, Hunger Sensation, Pro/Antioxidant Ratio, Inflammation and Hormonal Lipo-Metabolic Biomarkers in Obese Adults: A Double-Blind, Placebo-Controlled Trial.",2021,literature,high,3,randomized_controlled_trial,,Saccharomyces,body_composition;glucose,true,https://pubmed.ncbi.nlm.nih.gov/34444671/
PMID:34358838,PubMed,34358838,10.1016/j.clnu.2021.06.023,34358838,Effects of probiotics on body adiposity and cardiovascular risk markers in individuals with overweight and obesity: A systematic review and meta-analysis of randomized controlled trials.,2021,literature,high,3,meta_analysis_or_systematic_review,probiotic,,weight,true,https://pubmed.ncbi.nlm.nih.gov/34358838/
PMID:34434546,PubMed,34434546,10.1016/j.amsu.2021.102548,34434546,Effects of synbiotic supplement on body weight and fasting blood glucose levels in obesity: A randomized placebo-controlled trial.,2021,literature,high,3,randomized_controlled_trial,synbiotic,,weight;glucose,true,https://pubmed.ncbi.nlm.nih.gov/34434546/
NCT:NCT04611477,ClinicalTrials.gov,NCT04611477,,,Effect of Synbiotic 365 on Body Composition in Overweight and Obese Individuals,2020,clinical_trial,high,3,clinical_trial_registry,synbiotic,,weight;body_composition,true,https://clinicaltrials.gov/study/NCT04611477
PMID:32234652,PubMed,32234652,10.1016/j.nut.2020.110749,32234652,Gut microbiota composition after diet and probiotics in overweight breast cancer survivors: a randomized open-label pilot intervention trial.,2020,literature,high,3,randomized_controlled_trial,probiotic,,weight;microbiome,true,https://pubmed.ncbi.nlm.nih.gov/32234652/
NCT:NCT04642482,ClinicalTrials.gov,NCT04642482,,,Synbiotic Therapy on Intestinal Microbiota and Insulin Resistance in Obesity,2019,clinical_trial,high,3,clinical_trial_registry,synbiotic,,glucose;microbiome,true,https://clinicaltrials.gov/study/NCT04642482
PMID:30525950,PubMed,30525950,10.3920/BM2018.0028,30525950,Probiotic or synbiotic alters the gut microbiota and metabolism in a randomised controlled trial of weight management in overweight adults.,2019,literature,high,3,randomized_controlled_trial,probiotic;synbiotic,,weight;microbiome,true,https://pubmed.ncbi.nlm.nih.gov/30525950/
NCT:NCT02893943,ClinicalTrials.gov,NCT02893943,,,Impact of Probiotics on Weight Control and Body Composition in Overweight and Obese Individuals,2017,clinical_trial,high,3,clinical_trial_registry,probiotic,,weight;body_composition,true,https://clinicaltrials.gov/study/NCT02893943
NCT:NCT05423015,ClinicalTrials.gov,NCT05423015,,,Assessment of the Effects of Synbiotic on Gut Microbiota Composition in Scholars With Overweight,2017,clinical_trial,high,3,clinical_trial_registry,synbiotic,,weight;microbiome,true,https://clinicaltrials.gov/study/NCT05423015
PMID:28730743,PubMed,28730743,10.1002/mnfr.201700484,28730743,Inulin-type fructans and whey protein both modulate appetite but only fructans alter gut microbiota in adults with overweight/obesity: A randomized controlled trial.,2017,literature,high,3,randomized_controlled_trial,,,weight;microbiome,true,https://pubmed.ncbi.nlm.nih.gov/28730743/
PMID:28792488,PubMed,28792488,10.1038/ijo.2017.161,28792488,Effect of Lactobacillus on body weight and body fat in overweight subjects: a systematic review of randomized controlled clinical trials.,2017,literature,high,3,meta_analysis_or_systematic_review,,Lactobacillus,weight;body_composition,true,https://pubmed.ncbi.nlm.nih.gov/28792488/
PMID:27810310,PubMed,27810310,10.1016/j.ebiom.2016.10.036,27810310,"Probiotic With or Without Fiber Controls Body Fat Mass, Associated With Serum Zonulin, in Overweight and Obese Adults-Randomized Controlled Trial.",2016,literature,high,3,randomized_controlled_trial,probiotic,,weight;body_composition,true,https://pubmed.ncbi.nlm.nih.gov/27810310/
PMID:27221805,PubMed,27221805,10.3402/mehd.v27.30312,27221805,Effect of fragmented Lactobacillus amylovorus CP1563 on lipid metabolism in overweight and mildly obese individuals: a randomized controlled trial.,2016,literature,high,3,randomized_controlled_trial,,Lactobacillus,weight;lipid,true,https://pubmed.ncbi.nlm.nih.gov/27221805/
PMID:24795503,PubMed,24795503,10.1155/2014/348959,24795503,"Effect of probiotic (VSL#3) and omega-3 on lipid profile, insulin sensitivity, inflammatory markers, and gut colonization in overweight adults: a randomized, controlled trial.",2014,literature,high,3,randomized_controlled_trial,probiotic,,weight;lipid;glucose,true,https://pubmed.ncbi.nlm.nih.gov/24795503/
NCT:NCT02217579,ClinicalTrials.gov,NCT02217579,,,Effect of Protein and Prebiotic Fiber Intake on Adiposity in Overweight and Obese Adults,2013,clinical_trial,high,3,clinical_trial_registry,prebiotic,,weight,true,https://clinicaltrials.gov/study/NCT02217579
NCT:NCT01433120,ClinicalTrials.gov,NCT01433120,,,Targeting the Gut Microbiome to Investigate the Pathways of Progression From Obesity to Metabolic Diseases in an At-risk Population.,2011,clinical_trial,high,3,clinical_trial_registry,,,glucose;microbiome,true,https://clinicaltrials.gov/study/NCT01433120
NCT:NCT01004120,ClinicalTrials.gov,NCT01004120,,,Efficacy of a Prebiotic Galactooligosaccharide to Reduce Metabolic Syndrome Risk Factors in Overweight Adults,2009,clinical_trial,high,3,clinical_trial_registry,prebiotic,,weight;glucose,true,https://clinicaltrials.gov/study/NCT01004120
NCT:NCT07517757,ClinicalTrials.gov,NCT07517757,,,Dietary Strategies for the Treatment of Fibromyalgia in Overweight and Obese Patients,2026,clinical_trial,high,2,clinical_trial_registry,,,weight,true,https://clinicaltrials.gov/study/NCT07517757
NCT:NCT07593170,ClinicalTrials.gov,NCT07593170,,,AKK Study in Improving Obesity and Metabolic Status in Children and Adolescents,2026,clinical_trial,high,2,clinical_trial_registry,,,glucose,true,https://clinicaltrials.gov/study/NCT07593170
NCT:NCT07559227,ClinicalTrials.gov,NCT07559227,,,"Gut, Immune, and Vascular Health in Metabolically Healthy Obesity",2026,clinical_trial,high,2,clinical_trial_registry,,,glucose,true,https://clinicaltrials.gov/study/NCT07559227
NCT:NCT07507929,ClinicalTrials.gov,NCT07507929,,,Probiotic for Weight Management in Overweight and Obese Adults,2026,clinical_trial,high,2,clinical_trial_registry,probiotic,,weight,true,https://clinicaltrials.gov/study/NCT07507929
EUROPEPMC:41814326,PubMed,41814326,10.1186/s12986-026-01101-8,41814326,Effects of synbiotic supplementation on metabolic profiles in children with obesity: a randomized double-blinded placebo-controlled trial.,2026,literature,high,2,randomized_controlled_trial,synbiotic,,glucose,true,https://europepmc.org/article/MED/41814326
EUROPEPMC:41494682,PubMed,41494682,10.7570/jomes25045,41494682,The Effects of Probiotic Yogurt and Resistance Training on Body Composition and Metabolic Parameters in Post-bariatric Surgery Patients: A Randomized Controlled Trial.,2026,literature,high,2,randomized_controlled_trial,probiotic,,body_composition;glucose,true,https://europepmc.org/article/MED/41494682
EUROPEPMC:42120725,PubMed,42120725,10.1038/s41591-026-04394-7,42120725,Pasteurized Akkermansia muciniphila Muc<sup>T</sup> for weight loss maintenance in people with overweight and obesity: a controlled randomized trial.,2026,literature,high,2,randomized_controlled_trial,,Akkermansia,weight,true,https://europepmc.org/article/MED/42120725
EUROPEPMC:41938967,PubMed,41938967,10.3389/fpubh.2026.1767108,41938967,Efficacy of probiotic supplementation for body weight management in overweight and obese adults: a meta-analysis of randomized controlled trials predominantly from East Asia.,2026,literature,high,2,meta_analysis_or_systematic_review,probiotic,,weight,true,https://europepmc.org/article/MED/41938967
EUROPEPMC:41921070,PubMed,41921070,10.1093/lambio/ovag041,41921070,Anti-obesity effects of probiotics beyond BMI: a critical review of human clinical trials.,2026,literature,high,2,review,probiotic,,BMI,true,https://europepmc.org/article/MED/41921070
EUROPEPMC:42074987,PubMed,42074987,10.3390/nu18081174,42074987,"A Randomized, Double-Blind, Placebo-Controlled Study to Evaluate the Effect of <i>Limosilactobacillus fermentum</i> K8-Lb1 Postbiotic on Weight Management and Metabolic Health Outcomes.",2026,literature,high,2,randomized_controlled_trial,postbiotic,Limosilactobacillus,weight;glucose,true,https://europepmc.org/article/MED/42074987
EUROPEPMC:42197276,PubMed,42197276,10.3390/molecules31101722,42197276,"Combined Probiotic <i>Lactiplantibacillus plantarum</i> ECGC 13110402 and Plant Sterol Supplement May Improve Lipids and Gut Microbiota in Coeliac Adults: A Randomised, Placebo-Controlled Pilot Human Intervention Study.",2026,literature,high,2,randomized_controlled_trial,probiotic,Lactiplantibacillus,lipid;microbiome,true,https://europepmc.org/article/MED/42197276
EUROPEPMC:42141362,PubMed,42141362,10.1002/oby.70224,42141362,Effect of Sevelamer and B. longum on Insulin Sensitivity in Participants With Obesity: A Randomized Clinical Trial.,2026,literature,high,2,randomized_controlled_trial,,,glucose,true,https://europepmc.org/article/MED/42141362
PMID:41524907,PubMed,41524907,10.1007/s00394-025-03873-w,41524907,A multifaceted lifestyle program for weight loss in overweight adults: evidence from a randomised clinical trial.,2026,literature,high,2,randomized_controlled_trial,,,weight,true,https://pubmed.ncbi.nlm.nih.gov/41524907/
PMID:42142662,PubMed,42142662,10.1016/j.tjnut.2026.101595,42142662,"The Effects of a Powdered Meal Replacement on Inflammation, Gut Microbiota, and Metabolism in People With Excess Body Weight-A Randomized Controlled Trial.",2026,literature,high,2,randomized_controlled_trial,,,weight;microbiome,true,https://pubmed.ncbi.nlm.nih.gov/42142662/
PMID:42097279,PubMed,42097279,10.1016/j.ajcnut.2026.101340,42097279,Gut microbiota responses to isocaloric macronutrient modulation in tissue-specific insulin resistance: a secondary analysis of the PERSonalized glucose Optimization through Nutritional intervention (PERSON) randomized trial.,2026,literature,high,2,randomized_controlled_trial,,,glucose;microbiome,true,https://pubmed.ncbi.nlm.nih.gov/42097279/
PMID:41997541,PubMed,41997541,10.1016/j.cct.2026.108311,41997541,"Combined effectiveness of omega-3 PUFA-rich fish oil supplementation and high-intensity interval training in obesity associated metabolic dysfunction: Protocol for a double-blind, randomized clinical trial.",2026,literature,high,2,randomized_controlled_trial,,,glucose,true,https://pubmed.ncbi.nlm.nih.gov/41997541/
PMID:41667211,PubMed,41667211,10.1017/S000711452610645X,41667211,Big breakfast diet composition impacts on appetite control and gut health: a randomised weight loss trial in adults with overweight or obesity.,2026,literature,high,2,randomized_controlled_trial,,,weight,true,https://pubmed.ncbi.nlm.nih.gov/41667211/
PMID:41609510,PubMed,41609510,10.1080/27697061.2025.2610805,41609510,"Supplementation With Lactococcus lactis LMG 27352: Lack of Beneficial Effects on Cardiometabolic Risk in Obese Patients Without Concomitant Dietary Intervention-A Randomized, Triple-Blind, Placebo-Controlled Clinical Trial.",2026,literature,high,2,randomized_controlled_trial,,,glucose,true,https://pubmed.ncbi.nlm.nih.gov/41609510/
PMID:41410576,PubMed,41410576,10.1039/d5fo01687h,41410576,"Daily mango (Mangifera indica L.) consumption supplemented with probiotics differentially modulates inflammation and cognitive function in individuals with overweight or obesity: a placebo-controlled, double-blind, and randomized trial.",2026,literature,high,2,randomized_controlled_trial,probiotic,,weight,true,https://pubmed.ncbi.nlm.nih.gov/41410576/
NCT:NCT07306988,ClinicalTrials.gov,NCT07306988,,,Eradication of Helicobacter Pylori Improves Metabolic Syndrome Through Modulation of Gut Microbiota.,2025,clinical_trial,high,2,clinical_trial_registry,,,glucose;microbiome,true,https://clinicaltrials.gov/study/NCT07306988
NCT:NCT07515443,ClinicalTrials.gov,NCT07515443,,,The Effects of a Commercially Available Synbiotic on the Gut Microbiome and Cardiometabolic Health: A Randomized Double-Blind Placebo-Controlled Trial,2025,clinical_trial,high,2,randomized_controlled_trial,synbiotic,,glucose;microbiome,true,https://clinicaltrials.gov/study/NCT07515443
NCT:NCT06780007,ClinicalTrials.gov,NCT06780007,,,Weight Loss Effect of Akkermansia Muciniphila in Obese Patients,2025,clinical_trial,high,2,clinical_trial_registry,,Akkermansia,weight,true,https://clinicaltrials.gov/study/NCT06780007
EUROPEPMC:39792908,PubMed,39792908,10.1371/journal.pone.0317202,39792908,"The efficacy of Lacticaseibacillus paracasei MSMC39-1 and Bifidobacterium animalis TA-1 probiotics in modulating gut microbiota and reducing the risk of the characteristics of metabolic syndrome: A randomized, double-blinded, placebo-controlled study.",2025,literature,high,2,randomized_controlled_trial,probiotic,Lacticaseibacillus;Bifidobacterium,glucose;microbiome,true,https://europepmc.org/article/MED/39792908
EUROPEPMC:41243448,PubMed,41243448,10.1080/19490976.2025.2580693,41243448,"2'-Fucosyllactose supplementation results in a transient improvement in gut microbial resilience after vancomycin use in adults with overweight or obesity: a randomized, double-blind, placebo-controlled intervention.",2025,literature,high,2,randomized_controlled_trial,,,weight,true,https://europepmc.org/article/MED/41243448
EUROPEPMC:41075788,PubMed,41075788,10.1016/j.xcrm.2025.102417,41075788,Food- vs. supplement-based very-low-energy diets and gut microbiome composition in women with high body mass index: A randomized controlled trial.,2025,literature,high,2,randomized_controlled_trial,,,BMI;microbiome,true,https://europepmc.org/article/MED/41075788
EUROPEPMC:40987620,PubMed,40987620,10.1016/j.orcp.2025.08.010,40987620,Can pre-/pro and synbiotics affect cardiovascular risk factors in children and adolescence with overweight and obesity? A grade-assessed systematic review and meta-analysis of randomized controlled trials.,2025,literature,high,2,meta_analysis_or_systematic_review,synbiotic,,weight,true,https://europepmc.org/article/MED/40987620
EUROPEPMC:40676704,PubMed,40676704,10.1186/s12986-025-00969-2,40676704,"Multi-omics analyses the effect of Bifidobacterium longum subsp. longum BL21 supplementation on overweight and obese subjects: a randomized, double-blind, placebo-controlled study.",2025,literature,high,2,randomized_controlled_trial,,Bifidobacterium,weight,true,https://europepmc.org/article/MED/40676704
EUROPEPMC:41455007,PubMed,41455007,10.1007/s12602-025-10885-9,41455007,"Bifidobacterium Breve BBr60 Improves Obesity Via the Gut Microbiota-Short-Chain Fatty Acid-IL-27/GLP-1 Axis: Evidence from a Randomized, Double-Blind, Placebo-Controlled Trial.",2025,literature,high,2,randomized_controlled_trial,,Bifidobacterium,microbiome,true,https://europepmc.org/article/MED/41455007
PMID:40066582,PubMed,40066582,10.20960/nh.05563,40066582,"Effects of probiotic supplementation on blood lipids ın hypercholesterolemic obese patients: a randomized, double-blind, placebo-controlled pilot trial.",2025,literature,high,2,randomized_controlled_trial,probiotic,,lipid,true,https://pubmed.ncbi.nlm.nih.gov/40066582/
PMID:39842252,PubMed,39842252,10.1016/j.clnu.2024.12.031,39842252,"Effect of caloric restriction with probiotic supplementation on body composition, quality of life, and psychobiological factors of obese men: A randomized, double-blinded placebo-controlled clinical trial.",2025,literature,high,2,randomized_controlled_trial,probiotic,,body_composition,true,https://pubmed.ncbi.nlm.nih.gov/39842252/
PMID:40536121,PubMed,40536121,10.1111/dom.16535,40536121,"Interaction between dietary omega-3 polyunsaturated fatty acids, obesity and gut microbiota in preclinical models: A systematic review of randomized controlled trials.",2025,literature,high,2,meta_analysis_or_systematic_review,,,microbiome,true,https://pubmed.ncbi.nlm.nih.gov/40536121/
PMID:40331097,PubMed,40331097,10.3389/fnut.2025.1571473,40331097,Delites™ supplementation prevents metabolic syndrome onset and modulates gut microbiome in male Sprague Dawley rats fed on cholesterol- and fat-enriched diet: a randomized preclinical trial study.,2025,literature,high,2,randomized_controlled_trial,,,lipid;glucose;microbiome,true,https://pubmed.ncbi.nlm.nih.gov/40331097/
PMID:41163367,PubMed,41163367,10.1080/19490976.2025.2570862,41163367,Gut enterotype- and body mass index (BMI)-dependent effects of anthocyanin supplementation on gut microbiota composition in individuals at risk for cognitive decline: a randomized placebo-controlled trial.,2025,literature,high,2,randomized_controlled_trial,,,BMI;microbiome,true,https://pubmed.ncbi.nlm.nih.gov/41163367/
PMID:41141981,PubMed,41141981,10.2147/DMSO.S558226,41141981,Investigating the Microbiota-Gut-Brain Axis Mechanisms of Transcutaneous Auricular Vagus Nerve Stimulation in Patients with Obesity: A Study Protocol for a Randomized Controlled Trial.,2025,literature,high,2,randomized_controlled_trial,,,microbiome,true,https://pubmed.ncbi.nlm.nih.gov/41141981/
PMID:40977640,PubMed,40977640,10.1039/d5fo02449h,40977640,Effects of dietary energy restriction of ultra-processed foods compared to a generic energy restriction on the intestinal microbiota of individuals with obesity: a secondary analysis of a randomized clinical trial.,2025,literature,high,2,randomized_controlled_trial,,,microbiome,true,https://pubmed.ncbi.nlm.nih.gov/40977640/
PMID:40902730,PubMed,40902730,10.1016/j.tjnut.2025.08.026,40902730,Can Probiotics Influence Adaptive Thermogenesis Induced by Continuous Energy Restriction after a 12-Week Intervention in Adult Males Living with Obesity? A Secondary Analysis of a Randomized Clinical Trial (São Paulo Clinical Study of Obesity and Intestinal Microbiota).,2025,literature,high,2,randomized_controlled_trial,probiotic,,microbiome,true,https://pubmed.ncbi.nlm.nih.gov/40902730/
PMID:40802664,PubMed,40802664,10.1371/journal.pone.0328774,40802664,Effects of Baobab fruit powder on gut and cardiometabolic health in obesity-Protocol for a randomised placebo-controlled trial.,2025,literature,high,2,randomized_controlled_trial,,,glucose,true,https://pubmed.ncbi.nlm.nih.gov/40802664/
PMID:40390848,PubMed,40390848,10.1002/fsn3.70298,40390848,"Effects of Daily Kombu (Laminaria japonica) Intake on Body Composition, Blood Pressure, and Fecal Microbiota in Healthy Adult Japanese: A Randomized, Double-Blind Study.",2025,literature,high,2,randomized_controlled_trial,,,body_composition;microbiome,true,https://pubmed.ncbi.nlm.nih.gov/40390848/
PMID:39981988,PubMed,39981988,10.1002/mnfr.202400806,39981988,"Nutraceutical Blends Promote Weight Loss, Inflammation Reduction, and Better Sleep: The Role of Faecalibacterium prausnitzii in Overweight Adults-A Double-Blind Trial.",2025,literature,high,2,needs_manual_classification,,,weight,true,https://pubmed.ncbi.nlm.nih.gov/39981988/
NCT:NCT05949255,ClinicalTrials.gov,NCT05949255,,,Probiotics and Insulin Resistance in Obese Asthmatics,2024,clinical_trial,high,2,clinical_trial_registry,probiotic,,glucose,true,https://clinicaltrials.gov/study/NCT05949255
NCT:NCT06710106,ClinicalTrials.gov,NCT06710106,,,Effect of a Low-calorie Diet With a Prebiotic Supplement on Health of Overweight-obese Subjects.,2024,clinical_trial,high,2,clinical_trial_registry,prebiotic,,weight,true,https://clinicaltrials.gov/study/NCT06710106
NCT:NCT06305650,ClinicalTrials.gov,NCT06305650,,,Probiotic Influence on Obesity-Related Lipidemia,2024,clinical_trial,high,2,clinical_trial_registry,probiotic,,lipid,true,https://clinicaltrials.gov/study/NCT06305650
NCT:NCT06213480,ClinicalTrials.gov,NCT06213480,,,Next-Generation Synbiotic in Individuals With Overweight or Obesity,2024,clinical_trial,high,2,clinical_trial_registry,synbiotic,,weight,true,https://clinicaltrials.gov/study/NCT06213480
NCT:NCT06423287,ClinicalTrials.gov,NCT06423287,,,Effects of TRE With Lactobacillus Plantarum LP-KFY04 Supplementation on Overweight / Obese Individuals,2024,clinical_trial,high,2,clinical_trial_registry,,Lactobacillus,weight,true,https://clinicaltrials.gov/study/NCT06423287
EUROPEPMC:38072119,PubMed,38072119,10.1016/j.advnut.2023.100162,38072119,Effect of Probiotic Supplementation on Intestinal Permeability in Overweight and Obesity: A Systematic Review of Randomized Controlled Trials and Animal Studies.,2024,literature,high,2,meta_analysis_or_systematic_review,probiotic,,weight,true,https://europepmc.org/article/MED/38072119
PMID:39594072,PubMed,39594072,10.3390/foods13223655,39594072,Modulation of Serum Metabolic Profiles by Bifidobacterium breve BBr60 in Obesity: A Randomized Controlled Trial.,2024,literature,high,2,randomized_controlled_trial,,Bifidobacterium,glucose,true,https://pubmed.ncbi.nlm.nih.gov/39594072/
PMID:39117856,PubMed,39117856,10.1007/s11695-024-07437-5,39117856,"Effects of Probiotic Supplementation Added to a Weight Loss Program on Anthropometric Measures, Body Composition, Eating Behavior, and Related Hormone Levels in Patients with Food Addiction and Weight Regain After Bariatric Surgery: A Randomized Clinical Trial.",2024,literature,high,2,randomized_controlled_trial,probiotic,,weight;body_composition,true,https://pubmed.ncbi.nlm.nih.gov/39117856/
PMID:39664910,PubMed,39664910,10.3389/fnut.2024.1510318,39664910,Effect of synbiotic supplementation on obesity and gut microbiota in obese adults: a double-blind randomized controlled trial.,2024,literature,high,2,randomized_controlled_trial,synbiotic,,microbiome,true,https://pubmed.ncbi.nlm.nih.gov/39664910/
PMID:38713231,PubMed,38713231,10.1007/s00394-024-03415-w,38713231,"Effect of prebiotic fiber on physical function and gut microbiota in adults, mostly women, with knee osteoarthritis and obesity: a randomized controlled trial.",2024,literature,high,2,randomized_controlled_trial,prebiotic,,microbiome,true,https://pubmed.ncbi.nlm.nih.gov/38713231/
PMID:38999802,PubMed,38999802,10.3390/nu16132055,38999802,"Preoperative Multistrain Probiotic Supplementation Does Not Affect Body Weight Changes or Cardiometabolic Risk Factors in Bariatrics: Randomized, Double-Blind, Placebo-Controlled Clinical Trial.",2024,literature,high,2,randomized_controlled_trial,probiotic,,weight;glucose,true,https://pubmed.ncbi.nlm.nih.gov/38999802/
PMID:39594049,PubMed,39594049,10.3390/foods13223635,39594049,"The Impact of Green Tea Kombucha on the Intestinal Health, Gut Microbiota, and Serum Metabolome of Individuals with Excess Body Weight in a Weight Loss Intervention: A Randomized Controlled Trial.",2024,literature,high,2,randomized_controlled_trial,,,weight;microbiome,true,https://pubmed.ncbi.nlm.nih.gov/39594049/
PMID:38246355,PubMed,38246355,10.1016/j.tjnut.2023.12.022,38246355,Daily Cashew and Brazil Nut Consumption Modifies Intestinal Health in Overweight Women on Energy-Restricted Intervention: A Randomized Controlled Trial (Brazilian Nuts Study).,2024,literature,high,2,randomized_controlled_trial,,,weight,true,https://pubmed.ncbi.nlm.nih.gov/38246355/
PMID:37793780,PubMed,37793780,10.1136/gutjnl-2023-330365,37793780,Prebiotic diet changes neural correlates of food decision-making in overweight adults: a randomised controlled within-subject cross-over trial.,2024,literature,high,2,randomized_controlled_trial,prebiotic,,weight,true,https://pubmed.ncbi.nlm.nih.gov/37793780/
PMID:39298907,PubMed,39298907,10.1016/j.dsx.2024.103118,39298907,"The effect of microbiome-modulating therapeutics on glucose homeostasis in metabolic syndrome: A systematic review, meta-analysis, and meta-regression of clinical trials.",2024,literature,high,2,meta_analysis_or_systematic_review,,,glucose;microbiome,true,https://pubmed.ncbi.nlm.nih.gov/39298907/
PMID:39574069,PubMed,39574069,10.1186/s12916-024-03744-x,39574069,Strategic interventions in clinical randomized trials for metabolic dysfunction-associated steatotic liver disease (MASLD) and obesity in the pediatric population: a systematic review with meta-analysis and bibliometric analysis.,2024,literature,high,2,meta_analysis_or_systematic_review,,,glucose,true,https://pubmed.ncbi.nlm.nih.gov/39574069/
NCT:NCT06313580,ClinicalTrials.gov,NCT06313580,,,Spices for Cultivating a Healthy Gut Microbiome and Cardiometabolic Profile,2023,clinical_trial,high,2,clinical_trial_registry,,,glucose;microbiome,true,https://clinicaltrials.gov/study/NCT06313580
NCT:NCT05908474,ClinicalTrials.gov,NCT05908474,,,"The Effects of io Fibrewater Supplementation on Gut Health, Immunity and Metabolism in Overweight Adults",2023,clinical_trial,high,2,clinical_trial_registry,,,weight,true,https://clinicaltrials.gov/study/NCT05908474
NCT:NCT07492485,ClinicalTrials.gov,NCT07492485,,,Precision Nutrition Recommendations Generated by Metataxonomic Microbiome Testing Improve Food Group Choices and Intestinal Health Indicators in an Obese Population in Colombia,2023,clinical_trial,high,2,clinical_trial_registry,,,microbiome,true,https://clinicaltrials.gov/study/NCT07492485
NCT:NCT06030999,ClinicalTrials.gov,NCT06030999,,,The Prevention And Treatment On Obesity And Weight Management By Oral Supplementation Of Probiotics And Prebiotics,2023,clinical_trial,high,2,clinical_trial_registry,probiotic;prebiotic,,weight,true,https://clinicaltrials.gov/study/NCT06030999
NCT:NCT07448220,ClinicalTrials.gov,NCT07448220,,,Study on the Efficacy of Probiotics in the Treatment of Childhood Obesity and Their Effects on Gut Microbiota,2023,clinical_trial,high,2,clinical_trial_registry,probiotic,,microbiome,true,https://clinicaltrials.gov/study/NCT07448220
NCT:NCT07452757,ClinicalTrials.gov,NCT07452757,,,To Evaluate Efficacy and Safety of Proprietary Healthy Diet Combinations for Weight Management in Overweight Volunteers,2023,clinical_trial,high,2,clinical_trial_registry,,,weight,true,https://clinicaltrials.gov/study/NCT07452757
NCT:NCT06035718,ClinicalTrials.gov,NCT06035718,,,Effect of Transcranial Direct Current Stimulation (tDCS) and Probiotic Supplementation in Overweight Adults,2023,clinical_trial,high,2,clinical_trial_registry,probiotic,,weight,true,https://clinicaltrials.gov/study/NCT06035718
PMID:36239189,PubMed,36239189,10.1111/dom.14891,36239189,"Effect of faecal microbial transplant via colonoscopy in patients with severe obesity and insulin resistance: A randomized double-blind, placebo-controlled Phase 2 trial.",2023,literature,high,2,randomized_controlled_trial,,,glucose,true,https://pubmed.ncbi.nlm.nih.gov/36239189/
PMID:37709337,PubMed,37709337,10.1136/bmjopen-2022-070027,37709337,Impact of a Powdered Meal Replacement on Metabolism and Gut Microbiota (PREMIUM) in individuals with excessive body weight: a study protocol for a randomised controlled trial.,2023,literature,high,2,randomized_controlled_trial,,,weight;microbiome,true,https://pubmed.ncbi.nlm.nih.gov/37709337/
PMID:37082115,PubMed,37082115,10.3389/fendo.2023.1096093,37082115,Time-restricted feeding's effect on overweight and obese patients with chronic kidney disease stages 3-4: A prospective non-randomized control pilot study.,2023,literature,high,2,randomized_controlled_trial,,,weight,true,https://pubmed.ncbi.nlm.nih.gov/37082115/
PMID:35714163,PubMed,35714163,10.1080/1028415X.2022.2081288,35714163,Lacticaseibacillus rhamnosus HA-114 improves eating behaviors and mood-related factors in adults with overweight during weight loss: a randomized controlled trial.,2023,literature,high,2,randomized_controlled_trial,,Lacticaseibacillus,weight,true,https://pubmed.ncbi.nlm.nih.gov/35714163/
PMID:37929031,PubMed,37929031,10.3389/fendo.2023.1237882,37929031,Ameliorating effects of L-carnitine and synbiotic co-supplementation on anthropometric measures and cardiometabolic traits in women with obesity: a randomized controlled clinical trial.,2023,literature,high,2,randomized_controlled_trial,synbiotic,,glucose,true,https://pubmed.ncbi.nlm.nih.gov/37929031/
PMID:37875559,PubMed,37875559,10.1038/s41598-023-45395-7,37875559,"Evaluating probiotic efficacy on weight loss in adults with overweight through a double-blind, placebo-controlled randomized trial.",2023,literature,high,2,randomized_controlled_trial,probiotic,,weight,true,https://pubmed.ncbi.nlm.nih.gov/37875559/
PMID:37239916,PubMed,37239916,10.3390/ijms24108567,37239916,"Potential Modulation of Inflammation and Physical Function by Combined Probiotics, Omega-3 Supplementation and Vitamin D Supplementation in Overweight/Obese Patients with Chronic Low-Grade Inflammation: A Randomized, Placebo-Controlled Trial.",2023,literature,high,2,randomized_controlled_trial,probiotic,,weight,true,https://pubmed.ncbi.nlm.nih.gov/37239916/
NCT:NCT05440630,ClinicalTrials.gov,NCT05440630,,,Study of Efficacy of a Probiotic and Postbiotic in Overweight and Obese Individuals,2022,clinical_trial,high,2,clinical_trial_registry,probiotic;postbiotic,,weight,true,https://clinicaltrials.gov/study/NCT05440630
NCT:NCT05428137,ClinicalTrials.gov,NCT05428137,,,Study of Safety and Efficacy of a Probiotic and Postbiotic in Overweight Individuals,2022,clinical_trial,high,2,clinical_trial_registry,probiotic;postbiotic,,weight,true,https://clinicaltrials.gov/study/NCT05428137
NCT:NCT05002153,ClinicalTrials.gov,NCT05002153,,,The Role of Microbiome in Recurrent Obesity,2022,clinical_trial,high,2,clinical_trial_registry,,,microbiome,true,https://clinicaltrials.gov/study/NCT05002153
PMID:36435795,PubMed,36435795,10.1186/s13063-022-06922-5,36435795,"The effect of ""moderately restricted carbohydrate"" diet on gut microbiota composition and metabolic parameters in women with metabolic syndrome: a study protocol for a randomized controlled trial.",2022,literature,high,2,randomized_controlled_trial,,,glucose;microbiome,true,https://pubmed.ncbi.nlm.nih.gov/36435795/
PMID:35351144,PubMed,35351144,10.1186/s12916-022-02299-z,35351144,Physical activity enhances the improvement of body mass index and metabolism by inulin: a multicenter randomized placebo-controlled trial performed in obese individuals.,2022,literature,high,2,randomized_controlled_trial,,,BMI,true,https://pubmed.ncbi.nlm.nih.gov/35351144/
PMID:35264213,PubMed,35264213,10.1186/s13073-022-01015-z,35264213,The effects of the Green-Mediterranean diet on cardiometabolic health are linked to gut microbiome modifications: a randomized controlled trial.,2022,literature,high,2,randomized_controlled_trial,,,glucose;microbiome,true,https://pubmed.ncbi.nlm.nih.gov/35264213/
PMID:35247098,PubMed,35247098,10.1007/s00394-022-02836-9,35247098,"Impact of wheat aleurone on biomarkers of cardiovascular disease, gut microbiota and metabolites in adults with high body mass index: a double-blind, placebo-controlled, randomized clinical trial.",2022,literature,high,2,randomized_controlled_trial,,,BMI;microbiome,true,https://pubmed.ncbi.nlm.nih.gov/35247098/
PMID:35592630,PubMed,35592630,10.3389/fnut.2022.861880,35592630,Beneficial Effects of a Low-Glycemic Diet on Serum Metabolites and Gut Microbiota in Obese Women With Prevotella and Bacteriodes Enterotypes: A Randomized Clinical Trial.,2022,literature,high,2,randomized_controlled_trial,,,microbiome,true,https://pubmed.ncbi.nlm.nih.gov/35592630/
PMID:35845797,PubMed,35845797,10.3389/fnut.2022.898037,35845797,"Effects of Multispecies Synbiotic Supplementation on Anthropometric Measurements, Glucose and Lipid Parameters in Children With Exogenous Obesity: A Randomized, Double Blind, Placebo-Controlled Clinical Trial (Probesity-2 Trial).",2022,literature,high,2,randomized_controlled_trial,synbiotic,,lipid;glucose,true,https://pubmed.ncbi.nlm.nih.gov/35845797/
PMID:35807808,PubMed,35807808,10.3390/nu14132627,35807808,Prolonged Isolated Soluble Dietary Fibre Supplementation in Overweight and Obese Patients: A Systematic Review with Meta-Analysis of Randomised Controlled Trials.,2022,literature,high,2,meta_analysis_or_systematic_review,,,weight,true,https://pubmed.ncbi.nlm.nih.gov/35807808/
NCT:NCT04886778,ClinicalTrials.gov,NCT04886778,,,Efficacy and Safety of Low-Carbohydrate Diet Combined With Probiotics for Weight Loss in Male Obese Patients.,2021,clinical_trial,high,2,clinical_trial_registry,probiotic,,weight,true,https://clinicaltrials.gov/study/NCT04886778
EUROPEPMC:35126309,PubMed,35126309,10.3389/fendo.2021.790046,35126309,"Efficacy and Safety of <i>Lactobacillus plantarum</i> K50 on Lipids in Koreans With Obesity: A Randomized, Double-Blind Controlled Clinical Trial.",2021,literature,high,2,randomized_controlled_trial,,Lactobacillus,lipid,true,https://europepmc.org/article/MED/35126309
PMID:33143755,PubMed,33143755,10.1017/S0007114520004407,33143755,Weight gain and body composition during pregnancy: a randomised pilot trial with probiotics and/or fish oil.,2021,literature,high,2,randomized_controlled_trial,probiotic,,weight;body_composition,true,https://pubmed.ncbi.nlm.nih.gov/33143755/
PMID:34229263,PubMed,34229263,10.1016/j.clnu.2021.06.002,34229263,"Supplementation with Bifidobacterium breve BR03 and B632 strains improved insulin sensitivity in children and adolescents with obesity in a cross-over, randomized double-blind placebo-controlled trial.",2021,literature,high,2,randomized_controlled_trial,,Bifidobacterium,glucose,true,https://pubmed.ncbi.nlm.nih.gov/34229263/
PMID:34115318,PubMed,34115318,10.1007/s12602-021-09800-9,34115318,"The Effects of Limosilactobacillus reuteri LR-99 Supplementation on Body Mass Index, Social Communication, Fine Motor Function, and Gut Microbiome Composition in Individuals with Prader-Willi Syndrome: a Randomized Double-Blinded Placebo-Controlled Trial.",2021,literature,high,2,randomized_controlled_trial,,Limosilactobacillus,BMI;microbiome,true,https://pubmed.ncbi.nlm.nih.gov/34115318/
PMID:33718754,PubMed,33718754,10.1093/cdn/nzab006,33718754,Ingesting Yogurt Containing Lactobacillus plantarum OLL2712 Reduces Abdominal Fat Accumulation and Chronic Inflammation in Overweight Adults in a Randomized Placebo-Controlled Trial.,2021,literature,high,2,randomized_controlled_trial,,Lactobacillus,weight,true,https://pubmed.ncbi.nlm.nih.gov/33718754/
PMID:33827639,PubMed,33827639,10.1186/s13063-021-05212-w,33827639,"Effect of a prebiotic supplement on knee joint function, gut microbiota, and inflammation in adults with co-morbid obesity and knee osteoarthritis: study protocol for a randomized controlled trial.",2021,literature,high,2,randomized_controlled_trial,prebiotic,,microbiome,true,https://pubmed.ncbi.nlm.nih.gov/33827639/
PMID:34359450,PubMed,34359450,10.3390/foods10071580,34359450,Synbiotic Supplementation Improves Obesity Index and Metabolic Biomarkers in Thai Obese Adults: A Randomized Clinical Trial.,2021,literature,high,2,randomized_controlled_trial,synbiotic,,glucose,true,https://pubmed.ncbi.nlm.nih.gov/34359450/
PMID:32698957,PubMed,32698957,10.1016/j.clnu.2020.05.043,32698957,"The effect of synbiotic on glycemic profile and sex hormones in overweight and obese breast cancer survivors following a weight-loss diet: A randomized, triple-blind, controlled trial.",2021,literature,high,2,randomized_controlled_trial,synbiotic,,weight,true,https://pubmed.ncbi.nlm.nih.gov/32698957/
NCT:NCT05459909,ClinicalTrials.gov,NCT05459909,,,The Effect of Synbiotic and Diet Modification Among Overweight or Obese Hong Kong Chinese,2020,clinical_trial,high,2,clinical_trial_registry,synbiotic,,weight,true,https://clinicaltrials.gov/study/NCT05459909
PMID:32615727,PubMed,32615727,10.3803/EnM.2020.35.2.425,32615727,"Effect of Lactobacillus sakei, a Probiotic Derived from Kimchi, on Body Fat in Koreans with Obesity: A Randomized Controlled Study.",2020,literature,high,2,randomized_controlled_trial,probiotic,Lactobacillus,body_composition,true,https://pubmed.ncbi.nlm.nih.gov/32615727/
PMID:31987116,PubMed,31987116,10.1016/j.clnesp.2019.10.001,31987116,"Effect of a low energy diet, containing a high protein, probiotic condensed yogurt, on biochemical and anthropometric measurements among women with overweight/obesity: A randomised controlled trial.",2020,literature,high,2,randomized_controlled_trial,probiotic,,weight,true,https://pubmed.ncbi.nlm.nih.gov/31987116/
NCT:NCT03749291,ClinicalTrials.gov,NCT03749291,,,Motivational Intervention on the Gut Microbiota of Obese Children,2019,clinical_trial,high,2,clinical_trial_registry,,,microbiome,true,https://clinicaltrials.gov/study/NCT03749291
NCT:NCT05664321,ClinicalTrials.gov,NCT05664321,,,Influence of Adiposity and Other Factors on the Gut Microbiota Composition,2019,clinical_trial,high,2,clinical_trial_registry,,,microbiome,true,https://clinicaltrials.gov/study/NCT05664321
PMID:31965834,PubMed,31965834,10.3920/BM2019.0052,31965834,"Effect of multi-strain probiotic (UB0316) in weight management in overweight/obese adults: a 12-week double blind, randomised, placebo-controlled study.",2019,literature,high,2,randomized_controlled_trial,probiotic,,weight,true,https://pubmed.ncbi.nlm.nih.gov/31965834/
PMID:31162597,PubMed,31162597,10.1093/jn/nxz071,31162597,Glucose- and Lipid-Related Biomarkers Are Affected in Healthy Obese or Hyperglycemic Adults Consuming a Whole-Grain Pasta Enriched in Prebiotics and Probiotics: A 12-Week Randomized Controlled Trial.,2019,literature,high,2,randomized_controlled_trial,probiotic;prebiotic,,lipid;glucose,true,https://pubmed.ncbi.nlm.nih.gov/31162597/
PMID:30659070,PubMed,30659070,10.2337/dc18-2248,30659070,Probiotics for the Prevention of Gestational Diabetes Mellitus in Overweight and Obese Women: Findings From the SPRING Double-Blind Randomized Controlled Trial.,2019,literature,high,2,randomized_controlled_trial,probiotic,,weight,true,https://pubmed.ncbi.nlm.nih.gov/30659070/
PMID:30262813,PubMed,30262813,10.1038/s41366-018-0220-0,30262813,Effects of daily consumption of the probiotic Bifidobacterium animalis subsp. lactis CECT 8145 on anthropometric adiposity biomarkers in abdominally obese subjects: a randomized controlled trial.,2019,literature,high,2,randomized_controlled_trial,probiotic,Bifidobacterium,,true,https://pubmed.ncbi.nlm.nih.gov/30262813/
PMID:30967436,PubMed,30967436,10.2337/dc18-2591,30967436,"Efficacy of Fish Oil and/or Probiotic Intervention on the Incidence of Gestational Diabetes Mellitus in an At-Risk Group of Overweight and Obese Women: A Randomized, Placebo-Controlled, Double-Blind Clinical Trial.",2019,literature,high,2,randomized_controlled_trial,probiotic,,weight,true,https://pubmed.ncbi.nlm.nih.gov/30967436/
PMID:31780038,PubMed,31780038,10.1016/j.ctim.2019.102216,31780038,Clinical and psychological responses to synbiotic supplementation in obese or overweight adults: A randomized clinical trial.,2019,literature,high,2,randomized_controlled_trial,synbiotic,,weight,true,https://pubmed.ncbi.nlm.nih.gov/31780038/
PMID:31298466,PubMed,31298466,10.1002/mnfr.201900167,31298466,Effect of Synbiotic Supplementation in a Very-Low-Calorie Ketogenic Diet on Weight Loss Achievement and Gut Microbiota: A Randomized Controlled Pilot Study.,2019,literature,high,2,randomized_controlled_trial,synbiotic,,weight;microbiome,true,https://pubmed.ncbi.nlm.nih.gov/31298466/
PMID:30924853,PubMed,30924853,10.1093/nutrit/nuz001,30924853,Effects of oral supplementation with probiotics or synbiotics in overweight and obese adults: a systematic review and meta-analyses of randomized trials.,2019,literature,high,2,meta_analysis_or_systematic_review,probiotic;synbiotic,,weight,true,https://pubmed.ncbi.nlm.nih.gov/30924853/
NCT:NCT04293731,ClinicalTrials.gov,NCT04293731,,,Smectite Gel and Probiotic for Obesity and Insulin Resistance,2018,clinical_trial,high,2,clinical_trial_registry,probiotic,,glucose,true,https://clinicaltrials.gov/study/NCT04293731
NCT:NCT04201938,ClinicalTrials.gov,NCT04201938,,,Effect of Probiotic Co-administration With Omega-3 Fatty Acids on Obesity Parameters and Insulin Resistance,2018,clinical_trial,high,2,clinical_trial_registry,probiotic,,glucose,true,https://clinicaltrials.gov/study/NCT04201938
NCT:NCT04042181,ClinicalTrials.gov,NCT04042181,,,"The Effects of Supplementation of a Probiotic, B. Longum, on BMI and Anthropometric Outcomes in Overweight/Obese Adults.",2018,clinical_trial,high,2,clinical_trial_registry,probiotic,,weight;BMI,true,https://clinicaltrials.gov/study/NCT04042181
NCT:NCT03477916,ClinicalTrials.gov,NCT03477916,,,Fecal Microbial Transplantation and Fiber Supplementation in Participants With Obesity and Metabolic Syndrome.,2018,clinical_trial,high,2,clinical_trial_registry,,,glucose,true,https://clinicaltrials.gov/study/NCT03477916
PMID:30094122,PubMed,30094122,10.12938/bmfh.18-001,30094122,"Effects of Bifidobacterium breve B-3 on body fat reductions in pre-obese adults: a randomized, double-blind, placebo-controlled trial.",2018,literature,high,2,randomized_controlled_trial,,Bifidobacterium,body_composition,true,https://pubmed.ncbi.nlm.nih.gov/30094122/
PMID:29688793,PubMed,29688793,10.1089/jmf.2017.3937,29688793,"Lactobacillus gasseri BNR17 Supplementation Reduces the Visceral Fat Accumulation and Waist Circumference in Obese Adults: A Randomized, Double-Blind, Placebo-Controlled Trial.",2018,literature,high,2,randomized_controlled_trial,,Lactobacillus,waist,true,https://pubmed.ncbi.nlm.nih.gov/29688793/
PMID:30453950,PubMed,30453950,10.1186/s12906-018-2371-x,30453950,"Evaluation of the effect of Lactobacillus reuteri V3401 on biomarkers of inflammation, cardiovascular risk and liver steatosis in obese adults with metabolic syndrome: a randomized clinical trial (PROSIR).",2018,literature,high,2,randomized_controlled_trial,,Lactobacillus,glucose,true,https://pubmed.ncbi.nlm.nih.gov/30453950/
NCT:NCT02962583,ClinicalTrials.gov,NCT02962583,,,The Addition of Probiotic Consumption to a Nutritional Intervention and Caloric Restriction on Body Weight and Composition in Overweight Participants,2017,clinical_trial,high,2,clinical_trial_registry,probiotic,,weight,true,https://clinicaltrials.gov/study/NCT02962583
NCT:NCT03201068,ClinicalTrials.gov,NCT03201068,,,"Probiotic Supplement and Microbiome, Immune System and Metabolic Syndrome",2017,clinical_trial,high,2,clinical_trial_registry,probiotic,,glucose;microbiome,true,https://clinicaltrials.gov/study/NCT03201068
NCT:NCT03135041,ClinicalTrials.gov,NCT03135041,,,The Effect of Prebiotic Fibres on Weight Loss in an Overweight and Obese Population,2017,clinical_trial,high,2,clinical_trial_registry,prebiotic,,weight,true,https://clinicaltrials.gov/study/NCT03135041
NCT:NCT02958644,ClinicalTrials.gov,NCT02958644,,,Effect of Synbiotic Supplement on the Body Mass Index of Participants With Severe Obesity,2017,clinical_trial,high,2,clinical_trial_registry,synbiotic,,BMI,true,https://clinicaltrials.gov/study/NCT02958644
NCT:NCT03266055,ClinicalTrials.gov,NCT03266055,,,Effects of Blueberry on Gut Microbiota and Metabolic Syndrome,2017,clinical_trial,high,2,clinical_trial_registry,,,glucose;microbiome,true,https://clinicaltrials.gov/study/NCT03266055
NCT:NCT03883191,ClinicalTrials.gov,NCT03883191,,,Effect of a Three Combined Probiotics Supplementation on Weight Loss in Obese/Overweight Children,2017,clinical_trial,high,2,clinical_trial_registry,probiotic,,weight,true,https://clinicaltrials.gov/study/NCT03883191
NCT:NCT03287726,ClinicalTrials.gov,NCT03287726,,,What is the Impact of Probiotics on Weight Loss Maintenance in Individuals With Obesity?,2017,clinical_trial,high,2,clinical_trial_registry,probiotic,,weight,true,https://clinicaltrials.gov/study/NCT03287726
PMID:26956126,PubMed,26956126,10.1038/ejcn.2016.17,26956126,"Antiobesity effect of Pediococcus pentosaceus LP28 on overweight subjects: a randomized, double-blind, placebo-controlled clinical trial.",2016,literature,high,2,randomized_controlled_trial,,,weight,true,https://pubmed.ncbi.nlm.nih.gov/26956126/
PMID:27409822,PubMed,27409822,10.4158/EP151157.RA,27409822,"GUT MICROBIOTA, PREBIOTICS, PROBIOTICS, AND SYNBIOTICS IN MANAGEMENT OF OBESITY AND PREDIABETES: REVIEW OF RANDOMIZED CONTROLLED TRIALS.",2016,literature,high,2,randomized_controlled_trial,probiotic;prebiotic;synbiotic,,microbiome,true,https://pubmed.ncbi.nlm.nih.gov/27409822/
PMID:25646321,PubMed,25646321,10.3945/ajcn.114.088120,25646321,Whole-grain wheat consumption reduces inflammation in a randomized controlled trial on overweight and obese subjects with unhealthy dietary and lifestyle behaviors: role of polyphenols bound to cereal dietary fiber.,2015,literature,high,2,randomized_controlled_trial,,,weight,true,https://pubmed.ncbi.nlm.nih.gov/25646321/
PMID:26134388,PubMed,26134388,10.1017/S0007114515001786,26134388,Dietary modulation of the gut microbiota--a randomised controlled trial in obese postmenopausal women.,2015,literature,high,2,randomized_controlled_trial,,,microbiome,true,https://pubmed.ncbi.nlm.nih.gov/26134388/
NCT:NCT02127125,ClinicalTrials.gov,NCT02127125,,,Mechanism of Microbiome-induced Insulin Resistance in Humans (Aim2),2014,clinical_trial,high,2,clinical_trial_registry,,,glucose;microbiome,true,https://clinicaltrials.gov/study/NCT02127125
PMID:24411490,PubMed,24411490,10.1016/j.clnu.2013.12.006,24411490,"The effects of co-administration of probiotics with herbal medicine on obesity, metabolic endotoxemia and dysbiosis: a randomized double-blind controlled clinical trial.",2014,literature,high,2,randomized_controlled_trial,probiotic,,glucose,true,https://pubmed.ncbi.nlm.nih.gov/24411490/
PMID:24184299,PubMed,24184299,10.1016/j.jped.2013.07.003,24184299,A randomized triple-masked controlled trial on the effects of synbiotics on inflammation markers in overweight children.,2014,literature,high,2,randomized_controlled_trial,synbiotic,,weight,true,https://pubmed.ncbi.nlm.nih.gov/24184299/
NCT:NCT01870544,ClinicalTrials.gov,NCT01870544,,,"Does Weight Loss Surgery and Probiotic Supplementation Lead to a ""Lean"" Gut Microbiota?",2013,clinical_trial,high,2,clinical_trial_registry,probiotic,,weight;microbiome,true,https://clinicaltrials.gov/study/NCT01870544
PMID:24120179,PubMed,24120179,10.1186/1475-2891-12-138,24120179,Hypocaloric diet supplemented with probiotic cheese improves body mass index and blood pressure indices of obese hypertensive patients--a randomized double-blind placebo-controlled pilot study.,2013,literature,high,2,randomized_controlled_trial,probiotic,,BMI,true,https://pubmed.ncbi.nlm.nih.gov/24120179/
PMID:23560206,PubMed,23560206,10.4082/kjfm.2013.34.2.80,23560206,"Effect of Lactobacillus gasseri BNR17 on Overweight and Obese Adults: A Randomized, Double-Blind Clinical Trial.",2013,literature,high,2,randomized_controlled_trial,,Lactobacillus,weight,true,https://pubmed.ncbi.nlm.nih.gov/23560206/
NCT:NCT05671731,ClinicalTrials.gov,NCT05671731,,,Combining Prebiotic and Diet/Physical Activity Educational Program Effects on Body Composition and Intestinal Microbiota in Children,2012,clinical_trial,high,2,clinical_trial_registry,prebiotic,,body_composition;microbiome,true,https://clinicaltrials.gov/study/NCT05671731
NCT:NCT01650025,ClinicalTrials.gov,NCT01650025,,,"Effects of VSL#3 on Metabolic, Endocrine, Lipidomic and Inflammatory Parameters of Pediatric Patients With BMI>90°",2012,clinical_trial,high,2,clinical_trial_registry,,,BMI;lipid;glucose,true,https://clinicaltrials.gov/study/NCT01650025
PMID:20216555,PubMed,20216555,10.1038/ejcn.2010.19,20216555,Regulation of abdominal adiposity by probiotics (Lactobacillus gasseri SBT2055) in adults with obese tendencies in a randomized controlled trial.,2010,literature,high,2,randomized_controlled_trial,probiotic,Lactobacillus,,true,https://pubmed.ncbi.nlm.nih.gov/20216555/
NCT:NCT00522353,ClinicalTrials.gov,NCT00522353,,,Prebiotic Fiber as a Modifier of Satiety Hormones and Body Weight in Overweight and Obese Adults,2007,clinical_trial,high,2,clinical_trial_registry,prebiotic,,weight,true,https://clinicaltrials.gov/study/NCT00522353
NCT:NCT07606872,ClinicalTrials.gov,NCT07606872,,,Validation of the Snouda Metabolic Score for Phenotyping and Guiding Reversal in Type 2 Diabetes,2026,clinical_trial,high,1,clinical_trial_registry,,,glucose,true,https://clinicaltrials.gov/study/NCT07606872
NCT:NCT07386795,ClinicalTrials.gov,NCT07386795,,,The Efficacy and Safety of Microbiota Transplantation Combined With Prebiotics for Treatment of Functional Constipation,2026,clinical_trial,high,1,clinical_trial_registry,prebiotic,,microbiome,true,https://clinicaltrials.gov/study/NCT07386795
NCT:NCT07565675,ClinicalTrials.gov,NCT07565675,,,The BALANCE Study - Improving Glucose Control Through Prebiotic Gut Health Drink in Postmenopausal Women,2026,clinical_trial,high,1,clinical_trial_registry,prebiotic,,glucose,true,https://clinicaltrials.gov/study/NCT07565675
NCT:NCT07400367,ClinicalTrials.gov,NCT07400367,,,"Impact of a Probiotic Supplementation With Lifestyle Modification on Liver Steatosis, Fibrosis, and Metabolic Health in Patients With Metabolic Dysfunction-Associated Steatotic Liver Disease (MASLD)",2026,clinical_trial,high,1,clinical_trial_registry,probiotic,,glucose,true,https://clinicaltrials.gov/study/NCT07400367
EUROPEPMC:41736436,PubMed,41736436,10.19852/j.cnki.jtcm.2026.01.019,41736436,Combined acupuncture and herb treatment improves intestinal flora inabdominally obese subjects based on 16s rRNA sequencing: a randomized controlled trial.,2026,literature,high,1,randomized_controlled_trial,,,,true,https://europepmc.org/article/MED/41736436
EUROPEPMC:41612500,PubMed,41612500,10.1186/s40001-026-03901-3,41612500,Multi-strain synbiotic and lifestyle modifications on patients with metabolic dysfunction-associated steatotic liver disease (MASLD): a randomized double-blinded placebo-controlled trial.,2026,literature,high,1,randomized_controlled_trial,synbiotic,,glucose,true,https://europepmc.org/article/MED/41612500
EUROPEPMC:41924306,PubMed,41924306,10.1080/29933935.2026.2622259,41924306,"Oleoylethanolamide supplementation enriches Akkermansia muciniphila and modulates intestinal barrier function in adults with obesity: A randomized, double-blind, placebo-controlled trial.",2026,literature,high,1,randomized_controlled_trial,,Akkermansia,,true,https://europepmc.org/article/MED/41924306
EUROPEPMC:PMC12942760,publisher supplementary data,PMC12942760,,,Why Clinical Trials of Microbiome-Targeted Interventions Often Fail to Support Health Claims: A Commentary on Probiotics and Translational Design,2026,literature,high,1,needs_manual_classification,probiotic,,microbiome,true,
EUROPEPMC:41657363,PubMed,41657363,10.1080/20002297.2026.2624894,41657363,Subgingival microbiome and adjunctive use of probiotics in the treatment of periodontitis in patients with diabetes: a secondary analysis of a randomized clinical trial.,2026,literature,high,1,randomized_controlled_trial,probiotic,,microbiome,true,https://europepmc.org/article/MED/41657363
EUROPEPMC:41978077,PubMed,41978077,10.3390/nu18071025,41978077,"Modulation of Glucose Homeostasis, Metabolic Endotoxemia and Circulating Short-Chain Fatty Acids Following Multi-Species Probiotic Supplementation: Findings from a 12-Week Randomised Placebo-Controlled Trial.",2026,literature,high,1,randomized_controlled_trial,probiotic,,glucose,true,https://europepmc.org/article/MED/41978077
EUROPEPMC:42091844,PubMed,42091844,10.1007/s11695-026-08706-1,42091844,"Probiotic Effect on Quality of Life, Bowel Habits and Weight Loss after Different Types of Bariatric Surgeries, a Randomized Controlled Trial.",2026,literature,high,1,randomized_controlled_trial,probiotic,,weight,true,https://europepmc.org/article/MED/42091844
EUROPEPMC:10.21203/rs.3.rs-8449196/v1,publisher supplementary data,10.21203/rs.3.rs-8449196/v1,10.21203/rs.3.rs-8449196/v1,,"Probiotic Effect on Quality of Life, Bowel Habits and Weight Loss after Different Types of Bariatric Surgeries, a Randomized Controlled Trial",2026,literature,high,1,randomized_controlled_trial,probiotic,,weight,true,
EUROPEPMC:42052391,PubMed,42052391,10.3389/fmicb.2026.1791192,42052391,Distinct effects of a dairy probiotic drink and physical exercise on gut microbiota in pediatric acute lymphoblastic leukemia patients in remission: a randomized clinical trial.,2026,literature,high,1,randomized_controlled_trial,probiotic,,microbiome,true,https://europepmc.org/article/MED/42052391
EUROPEPMC:41776555,PubMed,41776555,10.1186/s13048-025-01959-x,41776555,"Gut microbiota, a new approach to management of polycystic ovary syndrome: a systematic review, meta-analysis and meta-evidence of 26 randomized controlled trials.",2026,literature,high,1,meta_analysis_or_systematic_review,,,microbiome,true,https://europepmc.org/article/MED/41776555
EUROPEPMC:42196968,PubMed,42196968,10.3390/nu18101508,42196968,Effects of Animal-Based Foods on Metabolic Outcomes in Adults with MASLD and Comorbidities: A Systematic Review of Randomized Controlled Trials (2020-2026).,2026,literature,high,1,meta_analysis_or_systematic_review,,,glucose,true,https://europepmc.org/article/MED/42196968
PMID:42105359,PubMed,42105359,10.1093/nutrit/nuag049,42105359,Monounsaturated Fatty Acid-Rich Foods and Gut Microbiota Composition: A Systematic Review of In Vivo Studies and Randomized Clinical Trials.,2026,literature,high,1,meta_analysis_or_systematic_review,,,microbiome,true,https://pubmed.ncbi.nlm.nih.gov/42105359/
PMID:42058078,PubMed,42058078,10.3389/fpubh.2026.1812397,42058078,"Study protocol for a pragmatic randomized controlled trial evaluating coarse-cereal intake intervention for obesity prevention among primary school students in suburban Beijing, China.",2026,literature,high,1,randomized_controlled_trial,,,,true,https://pubmed.ncbi.nlm.nih.gov/42058078/
NCT:NCT06765057,ClinicalTrials.gov,NCT06765057,,,"Effect of Probiotics ""Psychobiotics"" on Depression and Metabolic Syndrome in Saudi Arabia",2025,clinical_trial,high,1,clinical_trial_registry,probiotic,,glucose,true,https://clinicaltrials.gov/study/NCT06765057
NCT:NCT05802121,ClinicalTrials.gov,NCT05802121,,,Akkermansia Muciniphilia and Metabolic Side Effects of ADT,2025,clinical_trial,high,1,clinical_trial_registry,,Akkermansia,glucose,true,https://clinicaltrials.gov/study/NCT05802121
NCT:NCT06823557,ClinicalTrials.gov,NCT06823557,,,Investigation of the Mechanisms of the Gut-brain Axis in Binge Eating and Obesity.,2025,clinical_trial,high,1,clinical_trial_registry,,,,true,https://clinicaltrials.gov/study/NCT06823557
NCT:NCT07097974,ClinicalTrials.gov,NCT07097974,,,Evaluation of the Efficacy of the Composite WM Formula in Body Weight Change,2025,clinical_trial,high,1,clinical_trial_registry,,,weight,true,https://clinicaltrials.gov/study/NCT07097974
NCT:NCT06964932,ClinicalTrials.gov,NCT06964932,,,Probiotics in Obesity Management,2025,clinical_trial,high,1,clinical_trial_registry,probiotic,,,true,https://clinicaltrials.gov/study/NCT06964932
NCT:NCT06815926,ClinicalTrials.gov,NCT06815926,,,Clinical Trial to Evaluate the Effect of a Probiotic Product on Weight,2025,clinical_trial,high,1,clinical_trial_registry,probiotic,,weight,true,https://clinicaltrials.gov/study/NCT06815926
NCT:NCT06987279,ClinicalTrials.gov,NCT06987279,,,Lactobacillus Plantarum and Hormonal Regulation in Obese Women,2025,clinical_trial,high,1,clinical_trial_registry,,Lactobacillus,,true,https://clinicaltrials.gov/study/NCT06987279
NCT:NCT06901440,ClinicalTrials.gov,NCT06901440,,,Bariatric Surgery for Obesity,2025,clinical_trial,high,1,clinical_trial_registry,,,,true,https://clinicaltrials.gov/study/NCT06901440
NCT:NCT06901739,ClinicalTrials.gov,NCT06901739,,,Therapeutic Potential of a Synbiotic to Improve Mental Health in Subjects With Obesity.,2025,clinical_trial,high,1,clinical_trial_registry,synbiotic,,,true,https://clinicaltrials.gov/study/NCT06901739
NCT:NCT06989177,ClinicalTrials.gov,NCT06989177,,,Probiotic Intervention on Body Weight,2025,clinical_trial,high,1,clinical_trial_registry,probiotic,,weight,true,https://clinicaltrials.gov/study/NCT06989177
EUROPEPMC:40951500,PubMed,40951500,10.52225/narra.v5i2.1562,40951500,Probiotic <i>Lactobacillus</i> sp. as a strategy for modulation of non-comorbid obesity: A systematic meta-analysis and GRADE assessment of randomized controlled trials.,2025,literature,high,1,meta_analysis_or_systematic_review,probiotic,Lactobacillus,,true,https://europepmc.org/article/MED/40951500
EUROPEPMC:40218949,PubMed,40218949,10.3390/nu17071191,40218949,"A 12-Week, Randomized, Double-Blind, Placebo-Controlled Study to Evaluate the Efficacy and Safety of <i>Lactobacillus plantarum</i> LMT1-48 on Body Fat Loss.",2025,literature,high,1,randomized_controlled_trial,,Lactobacillus,body_composition,true,https://europepmc.org/article/MED/40218949
EUROPEPMC:40647296,PubMed,40647296,10.3390/nu17132193,40647296,Impact of Probiotic/Synbiotic Supplementation on Post-Bariatric Surgery Anthropometric and Cardiometabolic Outcomes: An Updated Systematic Review and Meta-Analysis of Randomized Controlled Trials.,2025,literature,high,1,meta_analysis_or_systematic_review,probiotic;synbiotic,,glucose,true,https://europepmc.org/article/MED/40647296
EUROPEPMC:41517125,PubMed,41517125,10.3390/foods15010060,41517125,Clinical Potential of <i>Curcuma longa</i> Linn. as Nutraceutical/Dietary Supplement for Metabolic Syndrome: Systematic Review and Meta-Analysis of Randomized Controlled Trials.,2025,literature,high,1,meta_analysis_or_systematic_review,,,glucose,true,https://europepmc.org/article/MED/41517125
EUROPEPMC:39857760,PubMed,39857760,10.3390/biomedicines13010177,39857760,"The Effect of Prebiotics, Alone or as Part of Synbiotics, on Cardiometabolic Parameters in Women with Polycystic Ovary Syndrome: A Systematic Review and Meta-Analysis of Randomized Controlled Trials.",2025,literature,high,1,meta_analysis_or_systematic_review,prebiotic;synbiotic,,glucose,true,https://europepmc.org/article/MED/39857760
EUROPEPMC:41239457,PubMed,41239457,10.1186/s12967-025-07345-x,41239457,"Modulating effects of microbiota on synbiotic intervention outcomes for microbiota-derived trimethylamine, trimethylamine N-oxide and indoxyl sulfate in healthy young medical students: insights from a 12-week randomized clinical trial.",2025,literature,high,1,randomized_controlled_trial,synbiotic,,microbiome,true,https://europepmc.org/article/MED/41239457
EUROPEPMC:41366779,PubMed,41366779,10.1186/s12967-025-07478-z,41366779,"The effects of next generation probiotics on metabolic dysfunction-associated steatotic liver disease: a parallel, double-blind, randomized, placebo-controlled trial.",2025,literature,high,1,randomized_controlled_trial,probiotic,,glucose,true,https://europepmc.org/article/MED/41366779
EUROPEPMC:41413231,PubMed,41413231,10.1038/s41387-025-00408-4,41413231,"The promising effects of a multi-species synbiotic preparation on metabolic profile in elderly patients with type 2 diabetes and high cardiovascular risk: a randomized, triple-blind, placebo-controlled trial.",2025,literature,high,1,randomized_controlled_trial,synbiotic,,glucose,true,https://europepmc.org/article/MED/41413231
PMID:40828642,PubMed,40828642,10.1113/JP287424,40828642,Effects of a combined energy restriction and vigorous-intensity exercise intervention on the human gut microbiome: A randomised controlled trial.,2025,literature,high,1,randomized_controlled_trial,,,microbiome,true,https://pubmed.ncbi.nlm.nih.gov/40828642/
PMID:40647269,PubMed,40647269,10.3390/nu17132164,40647269,"Twelve-Week Curcumin Supplementation Improves Glucose Homeostasis and Gut Health in Prediabetic Older Adults: A Pilot, Double-Blind, Placebo-Controlled Trial.",2025,literature,high,1,randomized_controlled_trial,,,glucose,true,https://pubmed.ncbi.nlm.nih.gov/40647269/
PMID:40507757,PubMed,40507757,10.3390/jcm14113998,40507757,"Corporal Composition and Gut Microbiome Modification Through Exclusion Dietary Intervention in Adult Patients with Crohn's Disease: Protocol for a Prospective, Interventional, Controlled, Randomized Clinical Trial.",2025,literature,high,1,randomized_controlled_trial,,,microbiome,true,https://pubmed.ncbi.nlm.nih.gov/40507757/
PMID:40353878,PubMed,40353878,10.1089/can.2025.0034,40353878,Feasibility and Tolerability of Nabilone for the Treatment of Obesity: A Randomized Controlled Pilot Trial.,2025,literature,high,1,randomized_controlled_trial,,,,true,https://pubmed.ncbi.nlm.nih.gov/40353878/
PMID:40340957,PubMed,40340957,10.2196/67570,40340957,Metabolic Flexibility to Predict Lifestyle Interventions Outcomes (MEPHISTO): Protocol for Predictive Validation Study and Randomized Controlled Trial.,2025,literature,high,1,randomized_controlled_trial,,,glucose,true,https://pubmed.ncbi.nlm.nih.gov/40340957/
PMID:39796619,PubMed,39796619,10.3390/nu17010185,39796619,A Randomized Pilot Study of Time-Restricted Eating Shows Minimal Microbiome Changes.,2025,literature,high,1,randomized_controlled_trial,,,microbiome,true,https://pubmed.ncbi.nlm.nih.gov/39796619/
PMID:40796902,PubMed,40796902,10.1186/s12986-025-00995-0,40796902,The effects of inulin supplementation on eating behaviours in children and adolescents with obesity: a randomized double-blinded placebo-controlled study.,2025,literature,high,1,randomized_controlled_trial,,,,true,https://pubmed.ncbi.nlm.nih.gov/40796902/
PMID:39940263,PubMed,39940263,10.3390/nu17030405,39940263,Changes in Hormonal Profile and Body Mass Index in Women with Polycystic Ovary Syndrome After Probiotic Intake: A 12-Week Placebo-Controlled and Randomized Clinical Study.,2025,literature,high,1,randomized_controlled_trial,probiotic,,BMI,true,https://pubmed.ncbi.nlm.nih.gov/39940263/
NCT:NCT07371325,ClinicalTrials.gov,NCT07371325,,,Efficacy of Pediococcus Acidilactici as add-on to Antipsychotic Drugs on Metabolic Syndrome Disturbances in First-episode Psychosis and Schizophrenia Spectrum Disorders.,2024,clinical_trial,high,1,clinical_trial_registry,,,glucose,true,https://clinicaltrials.gov/study/NCT07371325
NCT:NCT06722443,ClinicalTrials.gov,NCT06722443,,,Impact of Nutritional Intervention With Probiotics and Prebiotics on Obesity.,2024,clinical_trial,high,1,clinical_trial_registry,probiotic;prebiotic,,,true,https://clinicaltrials.gov/study/NCT06722443
NCT:NCT06192693,ClinicalTrials.gov,NCT06192693,,,Fecal Microbiota Transfer to Improve Diabetes Control Post-bariatric Surgery,2024,clinical_trial,high,1,clinical_trial_registry,,,microbiome,true,https://clinicaltrials.gov/study/NCT06192693
NCT:NCT06795607,ClinicalTrials.gov,NCT06795607,,,Effect of the Probiotic SF68® on Body Composition and Low-to-moderate Cardiovascular Risk,2024,clinical_trial,high,1,clinical_trial_registry,probiotic,,body_composition,true,https://clinicaltrials.gov/study/NCT06795607
NCT:NCT06729671,ClinicalTrials.gov,NCT06729671,,,A Probiotic Strategy for Antipsychotic-induced Metabolic Dysfunction,2024,clinical_trial,high,1,clinical_trial_registry,probiotic,,glucose,true,https://clinicaltrials.gov/study/NCT06729671
NCT:NCT06554314,ClinicalTrials.gov,NCT06554314,,,Effect of Probiotics on Regulating Gut Health and Blood Lipid in Adults,2024,clinical_trial,high,1,clinical_trial_registry,probiotic,,lipid,true,https://clinicaltrials.gov/study/NCT06554314
NCT:NCT06974994,ClinicalTrials.gov,NCT06974994,,,Resilience to Antibiotic-induced Obesogenic Microbiota: Discovering Mechanism of Microbiota Modulation,2024,clinical_trial,high,1,clinical_trial_registry,,,microbiome,true,https://clinicaltrials.gov/study/NCT06974994
NCT:NCT06578143,ClinicalTrials.gov,NCT06578143,,,Effects of Synbiotics on Obesity,2024,clinical_trial,high,1,clinical_trial_registry,synbiotic,,,true,https://clinicaltrials.gov/study/NCT06578143
EUROPEPMC:39385189,PubMed,39385189,10.1186/s12888-024-06061-y,39385189,"Effects of synbiotic supplementation on the components of metabolic syndrome in patients with schizophrenia: a randomized, double-blind, placebo-controlled trial.",2024,literature,high,1,randomized_controlled_trial,synbiotic,,glucose,true,https://europepmc.org/article/MED/39385189
EUROPEPMC:38674828,PubMed,38674828,10.3390/nu16081137,38674828,"A 12-Week, Single-Centre, Randomised, Double-Blind, Placebo-Controlled, Parallel-Design Clinical Trial for the Evaluation of the Efficacy and Safety of <i>Lactiplantibacillus plantarum</i> SKO-001 in Reducing Body Fat.",2024,literature,high,1,randomized_controlled_trial,,Lactiplantibacillus,body_composition,true,https://europepmc.org/article/MED/38674828
PMID:37881833,PubMed,37881833,10.1017/S0954422423000252,37881833,The impact of botanical fermented foods on metabolic syndrome and type 2 diabetes: a systematic review of randomised controlled trials.,2024,literature,high,1,meta_analysis_or_systematic_review,,,glucose,true,https://pubmed.ncbi.nlm.nih.gov/37881833/
PMID:39593091,PubMed,39593091,10.1186/s12916-024-03771-8,39593091,Carrageenan and insulin resistance in humans: a randomised double-blind cross-over trial.,2024,literature,high,1,randomized_controlled_trial,,,glucose,true,https://pubmed.ncbi.nlm.nih.gov/39593091/
PMID:39535126,PubMed,39535126,10.1080/19490976.2024.2426610,39535126,Gut microbial metabolism of bile acids modifies the effect of Mediterranean diet interventions on cardiometabolic risk in a randomized controlled trial.,2024,literature,high,1,randomized_controlled_trial,,,glucose,true,https://pubmed.ncbi.nlm.nih.gov/39535126/
PMID:39179206,PubMed,39179206,10.1016/j.tjnut.2024.08.015,39179206,Consumption of a Sourdough-Leavened Croissant Enriched with a Blend of Fibers Influences Fasting Blood Glucose in a Randomized Controlled Trial in Healthy Subjects.,2024,literature,high,1,randomized_controlled_trial,,,glucose,true,https://pubmed.ncbi.nlm.nih.gov/39179206/
PMID:38674884,PubMed,38674884,10.3390/nu16081194,38674884,"Evaluation of Menopausal Syndrome Relief and Anti-Obesity Efficacy of the Korean Fermented Food Doenjang: A Randomized, Double-Blind Clinical Trial.",2024,literature,high,1,randomized_controlled_trial,,,,true,https://pubmed.ncbi.nlm.nih.gov/38674884/
PMID:39313030,PubMed,39313030,10.1016/j.ajcnut.2024.09.019,39313030,"The effects of chicory inulin-type fructans supplementation on weight management outcomes: systematic review, meta-analysis, and meta-regression of randomized controlled trials.",2024,literature,high,1,meta_analysis_or_systematic_review,,,weight,true,https://pubmed.ncbi.nlm.nih.gov/39313030/
PMID:38732635,PubMed,38732635,10.3390/nu16091389,38732635,Metabolic Status Influences Probiotic Efficacy for Depression-PRO-DEMET Randomized Clinical Trial Results.,2024,literature,high,1,randomized_controlled_trial,probiotic,,glucose,true,https://pubmed.ncbi.nlm.nih.gov/38732635/
PMID:39599701,PubMed,39599701,10.3390/nu16223916,39599701,"Effectiveness of Probiotics, Prebiotics, and Synbiotics in Managing Insulin Resistance and Hormonal Imbalance in Women with Polycystic Ovary Syndrome (PCOS): A Systematic Review of Randomized Clinical Trials.",2024,literature,high,1,meta_analysis_or_systematic_review,probiotic;prebiotic;synbiotic,,glucose,true,https://pubmed.ncbi.nlm.nih.gov/39599701/
PMID:38653887,PubMed,38653887,10.1007/s11695-024-07225-1,38653887,"Impact of Probiotics on Gastrointestinal Function and Metabolic Status After Roux-en-Y Gastric Bypass: A Double-Blind, Randomized Trial.",2024,literature,high,1,randomized_controlled_trial,probiotic,,glucose,true,https://pubmed.ncbi.nlm.nih.gov/38653887/
NCT:NCT06032988,ClinicalTrials.gov,NCT06032988,,,Effect of Probiotic Supplements on Metabolic Control of People With Type 2 Diabetes Mellitus in Greece,2023,clinical_trial,high,1,clinical_trial_registry,probiotic,,glucose,true,https://clinicaltrials.gov/study/NCT06032988
NCT:NCT05791604,ClinicalTrials.gov,NCT05791604,,,The Intervention of Obesity in Children With Prader-Willi Syndrome Using Prebiotics and Probiotics,2023,clinical_trial,high,1,clinical_trial_registry,probiotic;prebiotic,,,true,https://clinicaltrials.gov/study/NCT05791604
NCT:NCT05832190,ClinicalTrials.gov,NCT05832190,,,Correcting GUT MicrobioTa by Combined Supplementation of FibERs and BIotiN to Improve Microbiome and Optimize Bariatric Surgery Outcomes,2023,clinical_trial,high,1,clinical_trial_registry,,,microbiome,true,https://clinicaltrials.gov/study/NCT05832190
NCT:NCT05826184,ClinicalTrials.gov,NCT05826184,,,Time Restricted Eating With or Without a Fiber Supplement for Weight Management in Pediatric Cancer Survivors,2023,clinical_trial,high,1,clinical_trial_registry,,,weight,true,https://clinicaltrials.gov/study/NCT05826184
NCT:NCT04809688,ClinicalTrials.gov,NCT04809688,,,Saskatoon Berry on Metabolism and Gut Microbiota in Healthy Subjects,2023,clinical_trial,high,1,clinical_trial_registry,,,microbiome,true,https://clinicaltrials.gov/study/NCT04809688
NCT:NCT05821010,ClinicalTrials.gov,NCT05821010,,,Synbiotics and Fecal Microbiota Transplantation to Treat Non-Alcoholic Steatohepatitis,2023,clinical_trial,high,1,clinical_trial_registry,synbiotic,,microbiome,true,https://clinicaltrials.gov/study/NCT05821010
NCT:NCT06612164,ClinicalTrials.gov,NCT06612164,,,"Effects of Kefir Consumption on Health Outcomes: Gastrointestinal System, Immunity, Biochemical Parameters, Body Composition, Sleep Quality and Mental Well Being in Healthy Adults",2023,clinical_trial,high,1,clinical_trial_registry,,,body_composition,true,https://clinicaltrials.gov/study/NCT06612164
EUROPEPMC:38260154,PubMed,38260154,10.3389/fendo.2023.1282699,38260154,Effect of supplementation with probiotics or synbiotics on cardiovascular risk factors in patients with metabolic syndrome: a systematic review and meta-analysis of randomized clinical trials.,2023,literature,high,1,meta_analysis_or_systematic_review,probiotic;synbiotic,,glucose,true,https://europepmc.org/article/MED/38260154
EUROPEPMC:38140284,PubMed,38140284,10.3390/nu15245025,38140284,"Effect of Continuous Ingestion of Bifidobacteria and Inulin on Reducing Body Fat: A Randomized, Double-Blind, Placebo-Controlled, Parallel-Group Comparison Study.",2023,literature,high,1,randomized_controlled_trial,,,body_composition,true,https://europepmc.org/article/MED/38140284
PMID:37545298,PubMed,37545298,10.1002/oby.23855,37545298,Intermittent dietary carbohydrate restriction versus calorie restriction and cardiometabolic profiles: A randomized trial.,2023,literature,high,1,randomized_controlled_trial,,,glucose,true,https://pubmed.ncbi.nlm.nih.gov/37545298/
PMID:36856122,PubMed,36856122,10.3920/BM2022.0078,36856122,Agave fructans enhance the effects of fermented milk products on obesity biomarkers: a randomised trial.,2023,literature,high,1,randomized_controlled_trial,,,,true,https://pubmed.ncbi.nlm.nih.gov/36856122/
PMID:37880791,PubMed,37880791,10.1186/s13063-023-07691-5,37880791,The effects of intermittent fasting diet alone or in combination with probiotic supplementation in comparison with calorie-restricted diet on metabolic and hormonal profile in patients with polycystic ovary syndrome: study protocol for a randomized clinical trial.,2023,literature,high,1,randomized_controlled_trial,probiotic,,glucose,true,https://pubmed.ncbi.nlm.nih.gov/37880791/
PMID:37248499,PubMed,37248499,10.1186/s13063-023-07383-0,37248499,"The impact of Hafnia alvei HA4597™ on weight loss and glycaemic control after bariatric surgery - study protocol for a triple-blinded, blocked randomized, 12-month, parallel-group, placebo-controlled clinical trial.",2023,literature,high,1,randomized_controlled_trial,,,weight,true,https://pubmed.ncbi.nlm.nih.gov/37248499/
PMID:37441828,PubMed,37441828,10.1016/j.nut.2023.112109,37441828,"Multispecies probiotic affects fecal short-chain fatty acids in postmenopausal women with obesity: A post hoc analysis of a randomized, double-blind, placebo-controlled study.",2023,literature,high,1,randomized_controlled_trial,probiotic,,,true,https://pubmed.ncbi.nlm.nih.gov/37441828/
NCT:NCT05364814,ClinicalTrials.gov,NCT05364814,,,Use of Probiotic Yogurt in Obese Women,2022,clinical_trial,high,1,clinical_trial_registry,probiotic,,,true,https://clinicaltrials.gov/study/NCT05364814
NCT:NCT05417360,ClinicalTrials.gov,NCT05417360,,,Akkermansia and Weight Maintenance,2022,clinical_trial,high,1,clinical_trial_registry,,Akkermansia,weight,true,https://clinicaltrials.gov/study/NCT05417360
NCT:NCT05374980,ClinicalTrials.gov,NCT05374980,,,The Effects of Yogurt on Gut Microbiome and Metabolism in H. Pylori.,2022,clinical_trial,high,1,clinical_trial_registry,,,microbiome,true,https://clinicaltrials.gov/study/NCT05374980
NCT:NCT05353504,ClinicalTrials.gov,NCT05353504,,,Impact of Microbiome-changing Interventions on Food Decision-making,2022,clinical_trial,high,1,clinical_trial_registry,,,microbiome,true,https://clinicaltrials.gov/study/NCT05353504
NCT:NCT05255367,ClinicalTrials.gov,NCT05255367,,,Effect of (Poly)Phenolic on Cardiometabolic Risk of Postmenopausal Women,2022,clinical_trial,high,1,clinical_trial_registry,,,glucose,true,https://clinicaltrials.gov/study/NCT05255367
NCT:NCT04962633,ClinicalTrials.gov,NCT04962633,,,Dietary Intervention With Probiotic Pasta and Evaluation of the Effects on Metabolic and Inflammatory Status,2022,clinical_trial,high,1,clinical_trial_registry,probiotic,,glucose,true,https://clinicaltrials.gov/study/NCT04962633
NCT:NCT06327919,ClinicalTrials.gov,NCT06327919,,,Effects of Probiotic Supplementation With Weight Reducing Plan in Patients With Food Addiction and Weight Regain After Bariatric Surgery,2022,clinical_trial,high,1,clinical_trial_registry,probiotic,,weight,true,https://clinicaltrials.gov/study/NCT06327919
NCT:NCT07076329,ClinicalTrials.gov,NCT07076329,,,Microbiota-Inflammation-Brain Axis in Heart Failure: New Functional Food for the Prevention of undeRnutrition in Older,2022,clinical_trial,high,1,clinical_trial_registry,,,microbiome,true,https://clinicaltrials.gov/study/NCT07076329
NCT:NCT05443269,ClinicalTrials.gov,NCT05443269,,,Impact of Jump Start Nutrition Program on Weight Loss and Associated Measures,2022,clinical_trial,high,1,clinical_trial_registry,,,weight,true,https://clinicaltrials.gov/study/NCT05443269
NCT:NCT04492605,ClinicalTrials.gov,NCT04492605,,,The Evaluation of TCI378 and TCI507 Probiotics on Weight-lowering Efficacy in Adults,2022,clinical_trial,high,1,clinical_trial_registry,probiotic,,weight,true,https://clinicaltrials.gov/study/NCT04492605
PMID:35332040,PubMed,35332040,10.1136/bmjopen-2021-055214,35332040,A randomised controlled trial of a probiotic and a prebiotic examining metabolic and mental health outcomes in adults with pre-diabetes.,2022,literature,high,1,randomized_controlled_trial,probiotic;prebiotic,,glucose,true,https://pubmed.ncbi.nlm.nih.gov/35332040/
PMID:35267303,PubMed,35267303,10.3390/foods11050670,35267303,Agavins Impact on Gastrointestinal Tolerability-Related Symptoms during a Five-Week Dose-Escalation Intervention in Lean and Obese Mexican Adults: Exploratory Randomized Clinical Trial.,2022,literature,high,1,randomized_controlled_trial,,,,true,https://pubmed.ncbi.nlm.nih.gov/35267303/
PMID:32759229,PubMed,32759229,10.1136/bmjmilitary-2020-001459,32759229,Effects of synbiotic supplementation on the components of metabolic syndrome in military personnel: a double-blind randomised controlled trial.,2022,literature,high,1,randomized_controlled_trial,synbiotic,,glucose,true,https://pubmed.ncbi.nlm.nih.gov/32759229/
PMID:33054635,PubMed,33054635,10.1080/1028415X.2020.1826763,33054635,"The combined effects of probiotics and restricted calorie diet on the anthropometric indices, eating behavior, and hormone levels of obese women with food addiction: a randomized clinical trial.",2022,literature,high,1,randomized_controlled_trial,probiotic,,,true,https://pubmed.ncbi.nlm.nih.gov/33054635/
NCT:NCT04767789,ClinicalTrials.gov,NCT04767789,,,Clinical Trial to Evaluate the Efficacy and Safety of the Probiotic Strains Limosilactocillus Reuteri DSM 32910 and Lacticaseibacillus Paracasei DSM 32851 on Glucose Homeostatis in Prediabetic Adults,2021,clinical_trial,high,1,clinical_trial_registry,probiotic,Lacticaseibacillus,glucose,true,https://clinicaltrials.gov/study/NCT04767789
NCT:NCT05207488,ClinicalTrials.gov,NCT05207488,,,"Gastrointestinal And Metabolic Effects From a Prebiotic, Lifting, and Aerobic iNtervention",2021,clinical_trial,high,1,clinical_trial_registry,prebiotic,,glucose,true,https://clinicaltrials.gov/study/NCT05207488
NCT:NCT05000775,ClinicalTrials.gov,NCT05000775,,,The Influence of GNiib® in Obesity Management in Obese Young Individuals in Hong Kong.,2021,clinical_trial,high,1,clinical_trial_registry,,,,true,https://clinicaltrials.gov/study/NCT05000775
NCT:NCT05405205,ClinicalTrials.gov,NCT05405205,,,Effect of Synbiotic L. Fermentum Strains on Body Fat Mass,2021,clinical_trial,high,1,clinical_trial_registry,synbiotic,,body_composition,true,https://clinicaltrials.gov/study/NCT05405205
NCT:NCT04884776,ClinicalTrials.gov,NCT04884776,,,Modulation of Gut Microbiota to Enhance Health and Immunity,2021,clinical_trial,high,1,clinical_trial_registry,,,microbiome,true,https://clinicaltrials.gov/study/NCT04884776
NCT:NCT04863313,ClinicalTrials.gov,NCT04863313,,,Effect of a Probiotic on the Glycemic Profile and the Fecal Microbiota of Prediabetic Subjects (PREDIABETCARE),2021,clinical_trial,high,1,clinical_trial_registry,probiotic,,microbiome,true,https://clinicaltrials.gov/study/NCT04863313
NCT:NCT06244186,ClinicalTrials.gov,NCT06244186,,,The Effect of Lactobacillus Delbrueckii Subsp. Bulgaricus on Human's Weight Reduction,2021,clinical_trial,high,1,clinical_trial_registry,,Lactobacillus,weight,true,https://clinicaltrials.gov/study/NCT06244186
PMID:33544206,PubMed,33544206,10.1007/s00394-021-02484-5,33544206,Prebiotic dietary fibre intervention improves fecal markers related to inflammation in obese patients: results from the Food4Gut randomized placebo-controlled trial.,2021,literature,high,1,randomized_controlled_trial,prebiotic,,,true,https://pubmed.ncbi.nlm.nih.gov/33544206/
PMID:33915854,PubMed,33915854,10.3390/nu13041160,33915854,Role of Probiotics in Modulating Human Gut Microbiota Populations and Activities in Patients with Colorectal Cancer-A Systematic Review of Clinical Trials.,2021,literature,high,1,meta_analysis_or_systematic_review,probiotic,,microbiome,true,https://pubmed.ncbi.nlm.nih.gov/33915854/
NCT:NCT04754464,ClinicalTrials.gov,NCT04754464,,,Clinical Study on the Effect of a Synbiotic on Body Fat Mass,2020,clinical_trial,high,1,clinical_trial_registry,synbiotic,,body_composition,true,https://clinicaltrials.gov/study/NCT04754464
NCT:NCT05114018,ClinicalTrials.gov,NCT05114018,,,Effect of Pasteurized Akkermansia Muciniphila on Insulin Resistance in Otherwise Healthy Subjects With Dysglycaemia,2020,clinical_trial,high,1,clinical_trial_registry,,Akkermansia,glucose,true,https://clinicaltrials.gov/study/NCT05114018
NCT:NCT04097106,ClinicalTrials.gov,NCT04097106,,,Synbiotic Dietary Supplement and Gut Microbiota,2020,clinical_trial,high,1,clinical_trial_registry,synbiotic,,microbiome,true,https://clinicaltrials.gov/study/NCT04097106
NCT:NCT04561284,ClinicalTrials.gov,NCT04561284,,,Carbohydrate-induced Resilience of the Gut Microbiome After Antibiotics Use,2020,clinical_trial,high,1,clinical_trial_registry,,,microbiome,true,https://clinicaltrials.gov/study/NCT04561284
NCT:NCT04130321,ClinicalTrials.gov,NCT04130321,,,Demonstration of the Prebiotic-like Effects of Camu-camu Consumption Against Obesity-related Disorders in Humans,2020,clinical_trial,high,1,clinical_trial_registry,prebiotic,,,true,https://clinicaltrials.gov/study/NCT04130321
PMID:33113929,PubMed,33113929,10.3390/nu12113239,33113929,The Role of Dietary Fibre in Modulating Gut Microbiota Dysbiosis in Patients with Type 2 Diabetes: A Systematic Review and Meta-Analysis of Randomised Controlled Trials.,2020,literature,high,1,meta_analysis_or_systematic_review,,,microbiome,true,https://pubmed.ncbi.nlm.nih.gov/33113929/
PMID:32521799,PubMed,32521799,10.3390/jcm9061788,32521799,The Effect of Probiotics and Synbiotics on Risk Factors Associated with Cardiometabolic Diseases in Healthy People-A Systematic Review and Meta-Analysis with Meta-Regression of Randomized Controlled Trials.,2020,literature,high,1,meta_analysis_or_systematic_review,probiotic;synbiotic,,glucose,true,https://pubmed.ncbi.nlm.nih.gov/32521799/
PMID:32140184,PubMed,32140184,10.1007/s13167-020-00198-y,32140184,"Effect of probiotics on obesity-related markers per enterotype: a double-blind, placebo-controlled, randomized clinical trial.",2020,literature,high,1,randomized_controlled_trial,probiotic,,,true,https://pubmed.ncbi.nlm.nih.gov/32140184/
PMID:32618656,PubMed,32618656,10.14309/ajg.0000000000000661,32618656,Allogenic Fecal Microbiota Transplantation in Patients With Nonalcoholic Fatty Liver Disease Improves Abnormal Small Intestinal Permeability: A Randomized Control Trial.,2020,literature,high,1,randomized_controlled_trial,,,microbiome,true,https://pubmed.ncbi.nlm.nih.gov/32618656/
PMID:32660025,PubMed,32660025,10.3390/nu12072041,32660025,Targeting the Intestinal Microbiota to Prevent Type 2 Diabetes and Enhance the Effect of Metformin on Glycaemia: A Randomised Controlled Pilot Study.,2020,literature,high,1,randomized_controlled_trial,,,microbiome,true,https://pubmed.ncbi.nlm.nih.gov/32660025/
PMID:33326198,PubMed,33326198,10.18388/abp.2020_5443,33326198,"Impact of diet and synbiotics on selected gut bacteria and intestinal permeability in individuals with excess body weight - A Prospective, Randomized Study.",2020,literature,high,1,randomized_controlled_trial,synbiotic,,weight,true,https://pubmed.ncbi.nlm.nih.gov/33326198/
PMID:30595036,PubMed,30595036,10.1080/10408398.2018.1545218,30595036,Efficacy of synbiotic supplementation in obesity treatment: A systematic review and meta-analysis of clinical trials.,2020,literature,high,1,meta_analysis_or_systematic_review,synbiotic,,,true,https://pubmed.ncbi.nlm.nih.gov/30595036/
NCT:NCT05162209,ClinicalTrials.gov,NCT05162209,,,PROBESITY-2: Synbiotics in Pediatric Obesity,2019,clinical_trial,high,1,clinical_trial_registry,synbiotic,,,true,https://clinicaltrials.gov/study/NCT05162209
NCT:NCT03843736,ClinicalTrials.gov,NCT03843736,,,The Role of Dysbiosis of Gut Microbiota in the Pathogenesis of PCOS.,2019,clinical_trial,high,1,clinical_trial_registry,,,microbiome,true,https://clinicaltrials.gov/study/NCT03843736
NCT:NCT04555447,ClinicalTrials.gov,NCT04555447,,,Gastrointestinal Tolerability to Agavins and Impact on Host-gut Microbiota-metabolism Interactions Modulation,2019,clinical_trial,high,1,clinical_trial_registry,,,microbiome,true,https://clinicaltrials.gov/study/NCT04555447
NCT:NCT04398693,ClinicalTrials.gov,NCT04398693,,,Evaluation of Intestinal Microbiota Manipulation to Treat Resistant Hypertension,2019,clinical_trial,high,1,clinical_trial_registry,,,microbiome,true,https://clinicaltrials.gov/study/NCT04398693
NCT:NCT04303481,ClinicalTrials.gov,NCT04303481,,,The Effect of Consuming Enzymes and Prebiotics on Body Composition and Blood Biochemical Index,2019,clinical_trial,high,1,clinical_trial_registry,prebiotic,,body_composition,true,https://clinicaltrials.gov/study/NCT04303481
PMID:30928918,PubMed,30928918,10.1136/bmjopen-2017-017995,30928918,"Impact of bacterial probiotics on obesity, diabetes and non-alcoholic fatty liver disease related variables: a systematic review and meta-analysis of randomised controlled trials.",2019,literature,high,1,meta_analysis_or_systematic_review,probiotic,,,true,https://pubmed.ncbi.nlm.nih.gov/30928918/
PMID:30641692,PubMed,30641692,10.1016/j.dsx.2018.08.008,30641692,The effect of probiotic supplementation on glycemic control and lipid profile in patients with type 2 diabetes: A randomized placebo controlled trial.,2019,literature,high,1,randomized_controlled_trial,probiotic,,lipid,true,https://pubmed.ncbi.nlm.nih.gov/30641692/
PMID:31358022,PubMed,31358022,10.1186/s13063-019-3553-7,31358022,"Food 4 Health - He Oranga Kai: Assessing the efficacy, acceptability and economic implications of Lactobacillus rhamnosus HN001 and β-glucan to improve glycated haemoglobin, metabolic health, and general well-being in adults with pre-diabetes: study protocol for a 2 × 2 factorial design, parallel group, placebo-controlled randomized controlled trial, with embedded qualitative study and economic analysis.",2019,literature,high,1,randomized_controlled_trial,,Lactobacillus,glucose,true,https://pubmed.ncbi.nlm.nih.gov/31358022/
NCT:NCT03630588,ClinicalTrials.gov,NCT03630588,,,Effect of the Consumption of an Enriched Surimi in Abdominal Visceral Adiposity,2018,clinical_trial,high,1,clinical_trial_registry,,,,true,https://clinicaltrials.gov/study/NCT03630588
NCT:NCT03548480,ClinicalTrials.gov,NCT03548480,,,Targeting the Gut Microbiome for Prader-Willi Syndrome Treatment,2018,clinical_trial,high,1,clinical_trial_registry,,,microbiome,true,https://clinicaltrials.gov/study/NCT03548480
NCT:NCT03727321,ClinicalTrials.gov,NCT03727321,,,FMT and Fiber in Patients With Metabolic Syndrome,2018,clinical_trial,high,1,clinical_trial_registry,,,glucose,true,https://clinicaltrials.gov/study/NCT03727321
NCT:NCT04498455,ClinicalTrials.gov,NCT04498455,,,Study of a Prebiotic Supplement to Mitigate Excessive Weight Gain Among Physicians in Residency,2018,clinical_trial,high,1,clinical_trial_registry,prebiotic,,weight,true,https://clinicaltrials.gov/study/NCT04498455
NCT:NCT03800277,ClinicalTrials.gov,NCT03800277,,,Effect of Cranberry and Agaves Extract on Microbiota and Intestinal Health,2018,clinical_trial,high,1,clinical_trial_registry,,,microbiome,true,https://clinicaltrials.gov/study/NCT03800277
PMID:29661605,PubMed,29661605,10.1016/j.dsx.2018.04.015,29661605,Effect of alive probiotic on insulin resistance in type 2 diabetes patients: Randomized clinical trial.,2018,literature,high,1,randomized_controlled_trial,probiotic,,glucose,true,https://pubmed.ncbi.nlm.nih.gov/29661605/
NCT:NCT03312660,ClinicalTrials.gov,NCT03312660,,,Effect of a Kefir Beverage on Immunity and Lipid Profile,2017,clinical_trial,high,1,clinical_trial_registry,,,lipid,true,https://clinicaltrials.gov/study/NCT03312660
PMID:28008750,PubMed,28008750,10.1002/oby.21671,28008750,"The additional effects of a probiotic mix on abdominal adiposity and antioxidant Status: A double-blind, randomized trial.",2017,literature,high,1,randomized_controlled_trial,probiotic,,,true,https://pubmed.ncbi.nlm.nih.gov/28008750/
NCT:NCT02768818,ClinicalTrials.gov,NCT02768818,,,Modulation of the Intestinal Flora With the Probiotic VIVOMIXX™ in Pregnant Women at Risk of Metabolic Complications,2016,clinical_trial,high,1,clinical_trial_registry,probiotic,,glucose,true,https://clinicaltrials.gov/study/NCT02768818
NCT:NCT03530501,ClinicalTrials.gov,NCT03530501,,,Effect of Very-low Calorie Diet and Synbiotic Supplementation in Gut Microbiota (Pronokal Method),2016,clinical_trial,high,1,clinical_trial_registry,synbiotic,,microbiome,true,https://clinicaltrials.gov/study/NCT03530501
NCT:NCT02660333,ClinicalTrials.gov,NCT02660333,,,Effect of Prebiotic or Synbiotic on Inflammatory Response and Indicators of Nutritional Status in Obesity,2016,clinical_trial,high,1,clinical_trial_registry,prebiotic;synbiotic,,,true,https://clinicaltrials.gov/study/NCT02660333
PMID:27126957,PubMed,27126957,10.1016/j.nut.2015.11.001,27126957,Beneficial effects of Bifidobacterium lactis on lipid profile and cytokines in patients with metabolic syndrome: A randomized trial. Effects of probiotics on metabolic syndrome.,2016,literature,high,1,randomized_controlled_trial,probiotic,Bifidobacterium,lipid;glucose,true,https://pubmed.ncbi.nlm.nih.gov/27126957/
NCT:NCT02637115,ClinicalTrials.gov,NCT02637115,,,Evaluation of the Effects Associated With the Administration of Akkermansia Muciniphila on Parameters of Metabolic Syndrome,2015,clinical_trial,high,1,clinical_trial_registry,,Akkermansia,glucose,true,https://clinicaltrials.gov/study/NCT02637115
NCT:NCT02539836,ClinicalTrials.gov,NCT02539836,,,Study on Dietary Nutrition Intervention Techniques for Children Obesity,2015,clinical_trial,high,1,clinical_trial_registry,,,,true,https://clinicaltrials.gov/study/NCT02539836
PMID:24738701,PubMed,24738701,10.1111/apt.12758,24738701,Randomised clinical trial: The beneficial effects of VSL#3 in obese children with non-alcoholic steatohepatitis.,2014,literature,high,1,randomized_controlled_trial,,,,true,https://pubmed.ncbi.nlm.nih.gov/24738701/
NCT:NCT02288572,ClinicalTrials.gov,NCT02288572,,,Probiotic Bacteria in Prevention of the Metabolic Syndrome,2013,clinical_trial,high,1,clinical_trial_registry,probiotic,,glucose,true,https://clinicaltrials.gov/study/NCT02288572
NCT:NCT01922830,ClinicalTrials.gov,NCT01922830,,,Probiotics and Microbiota in Bariatric Surgery,2013,clinical_trial,high,1,clinical_trial_registry,probiotic,,microbiome,true,https://clinicaltrials.gov/study/NCT01922830
NCT:NCT02041975,ClinicalTrials.gov,NCT02041975,,,Effects of Prebiotic-based Snacks on the Gut Microbiota and Perceived 'Satisfaction',2013,clinical_trial,high,1,clinical_trial_registry,prebiotic,,microbiome,true,https://clinicaltrials.gov/study/NCT02041975
NCT:NCT02773927,ClinicalTrials.gov,NCT02773927,,,Combination of Metformin/Inulin vs Inulin on Adiponectin in Metabolic Syndrome,2013,clinical_trial,high,1,clinical_trial_registry,,,glucose,true,https://clinicaltrials.gov/study/NCT02773927
NCT:NCT02355210,ClinicalTrials.gov,NCT02355210,,,Use of a Novel Synbiotic to Change Human Gut Bacteria and Improve Health in Obese Adults,2013,clinical_trial,high,1,clinical_trial_registry,synbiotic,,,true,https://clinicaltrials.gov/study/NCT02355210
NCT:NCT03261466,ClinicalTrials.gov,NCT03261466,,,BIFI-OBESE: Clinical Trial in Paediatric Obesity,2013,clinical_trial,high,1,clinical_trial_registry,,,,true,https://clinicaltrials.gov/study/NCT03261466
NCT:NCT01978691,ClinicalTrials.gov,NCT01978691,,,The Effect of a Bifidobacterium and Polydextrose on Body Fat Mass,2013,clinical_trial,high,1,clinical_trial_registry,,Bifidobacterium,body_composition,true,https://clinicaltrials.gov/study/NCT01978691
PMID:23657005,PubMed,23657005,10.1186/1471-230X-13-81,23657005,"Transglucosidase improves the gut microbiota profile of type 2 diabetes mellitus patients: a randomized double-blind, placebo-controlled study.",2013,literature,high,1,randomized_controlled_trial,,,microbiome,true,https://pubmed.ncbi.nlm.nih.gov/23657005/
PMID:23614897,PubMed,23614897,10.1017/S0007114513001037,23614897,Effect of Lactobacillus gasseri SBT2055 in fermented milk on abdominal adiposity in adults in a randomised controlled trial.,2013,literature,high,1,randomized_controlled_trial,,Lactobacillus,,true,https://pubmed.ncbi.nlm.nih.gov/23614897/
NCT:NCT01724736,ClinicalTrials.gov,NCT01724736,,,A Pilot Study to Determine the Effect of a Cobiotic Formulation on the Gastrointestinal Microbiome,2012,clinical_trial,high,1,clinical_trial_registry,,,microbiome,true,https://clinicaltrials.gov/study/NCT01724736
NCT:NCT01620125,ClinicalTrials.gov,NCT01620125,,,Metabolic Control Before and After Supplementation With Lactobacillus Reuteri DSM 17938 in Type 2 Diabetes Patients,2012,clinical_trial,high,1,clinical_trial_registry,,Lactobacillus,glucose,true,https://clinicaltrials.gov/study/NCT01620125
PMID:22872030,PubMed,22872030,10.1038/ejcn.2012.103,22872030,"The influence of probiotic supplementation on gut permeability in patients with metabolic syndrome: an open label, randomized pilot study.",2012,literature,high,1,randomized_controlled_trial,probiotic,,glucose,true,https://pubmed.ncbi.nlm.nih.gov/22872030/
NCT:NCT01106924,ClinicalTrials.gov,NCT01106924,,,Effects of a Probiotic on Body Weight,2010,clinical_trial,high,1,clinical_trial_registry,probiotic,,weight,true,https://clinicaltrials.gov/study/NCT01106924
NCT:NCT01235026,ClinicalTrials.gov,NCT01235026,,,Synbiotics and Low Grade Inflammation in Obese Subjects,2010,clinical_trial,high,1,clinical_trial_registry,synbiotic,,,true,https://clinicaltrials.gov/study/NCT01235026
NCT:NCT01249378,ClinicalTrials.gov,NCT01249378,,,Metabolic Impact of Fat Digestion,2010,clinical_trial,high,1,clinical_trial_registry,,,glucose,true,https://clinicaltrials.gov/study/NCT01249378
NCT:NCT07600567,ClinicalTrials.gov,NCT07600567,,,Algal Lutein Against Decline of Intellectual Nimbleness,2026,clinical_trial,high,0,clinical_trial_registry,,,,true,https://clinicaltrials.gov/study/NCT07600567
NCT:NCT07180446,ClinicalTrials.gov,NCT07180446,,,Can Gut Bacteria Predict Who Benefits Most From Exercise? A Gut Supplement to Help Exercise Non-Responders,2026,clinical_trial,high,0,clinical_trial_registry,,,,true,https://clinicaltrials.gov/study/NCT07180446
NCT:NCT07354386,ClinicalTrials.gov,NCT07354386,,,Effects of Dried Whole Fruits on Metabolism in Diabetes,2026,clinical_trial,high,0,clinical_trial_registry,,,,true,https://clinicaltrials.gov/study/NCT07354386
NCT:NCT07464691,ClinicalTrials.gov,NCT07464691,,,Effect of Prebiotics in Saudi Adults With Type 2 Diabetes,2026,clinical_trial,high,0,clinical_trial_registry,prebiotic,,,true,https://clinicaltrials.gov/study/NCT07464691
EUROPEPMC:42158917,PubMed,42158917,10.3389/fendo.2026.1802045,42158917,Effect of probiotics derivatives (postbiotics and metabiotics) on glycemic control in individuals with type 2 diabetes: a randomized clinical trial (DELI_Diab study).,2026,literature,high,0,randomized_controlled_trial,probiotic;postbiotic,,,true,https://europepmc.org/article/MED/42158917
EUROPEPMC:42158814,PubMed,42158814,10.7150/ijms.125881,42158814,"The Effects of a Prebiotic Formula Promoting <i>Akkermansia muciniphila</i> (AKK) on Gut Health: A Single-Centre, Randomised Controlled Trial.",2026,literature,high,0,randomized_controlled_trial,prebiotic,Akkermansia,,true,https://europepmc.org/article/MED/42158814
EUROPEPMC:PMC12937403,publisher supplementary data,PMC12937403,,,"Multi-Species Synbiotic Supplementation After Antibiotics Promotes Recovery of Microbial Diversity and Function, and Increases Gut Barrier Integrity: A Randomized, Placebo-Controlled Trial",2026,literature,high,0,randomized_controlled_trial,synbiotic,,,true,
EUROPEPMC:41827605,PubMed,41827605,10.3390/healthcare14050652,41827605,Kefir Consumption and Health Effects Based on Human Clinical Trials: An Overview of Literature.,2026,literature,high,0,preclinical_or_animal,,,,true,https://europepmc.org/article/MED/41827605
EUROPEPMC:42074989,PubMed,42074989,10.3390/nu18081176,42074989,"Impact of Probiotics, Prebiotics and Synbiotics Supplementation in Chronic Kidney Disease: A Comprehensive Review of Clinical Trials.",2026,literature,high,0,review,probiotic;prebiotic;synbiotic,,,true,https://europepmc.org/article/MED/42074989
EUROPEPMC:41544710,PubMed,41544710,10.1016/j.advnut.2026.100593,41544710,Limited Evidence of Benefits from Clinical Trials of Human-Identical Milk Oligosaccharides for Infants.,2026,literature,high,0,needs_manual_classification,,,,true,https://europepmc.org/article/MED/41544710
EUROPEPMC:41852479,PubMed,41852479,10.3389/fendo.2026.1765741,41852479,Multi-strain probiotic reduces gastrointestinal side effects in women with elevated HOMA-IR index treated with metformin: a 12-week randomised controlled trial.,2026,literature,high,0,randomized_controlled_trial,probiotic,,glucose,true,https://europepmc.org/article/MED/41852479
EUROPEPMC:41599922,PubMed,41599922,10.3390/nu18020307,41599922,Effects of Probiotic Supplementation on Mental Health and the Risk of Depression in Women with Polycystic Ovary Syndrome: A Systematic Review of Randomized Controlled Trials.,2026,literature,high,0,meta_analysis_or_systematic_review,probiotic,,,true,https://europepmc.org/article/MED/41599922
PMID:42166751,PubMed,42166751,10.2196/82436,42166751,Effect of Branched-Chain Amino Acid Supplementation Alone or Combined With Tryptophan or Methionine on Appetite Control and Related Health Outcomes in Older Adults: Protocol for a Randomized Controlled Trial.,2026,literature,high,0,randomized_controlled_trial,,,,true,https://pubmed.ncbi.nlm.nih.gov/42166751/
NCT:NCT06963840,ClinicalTrials.gov,NCT06963840,,,Effect of Theronomic Ova-All Care on Biomarkers of Ovarian Health in Adult Female With Polycystic Ovarian Syndrome,2025,clinical_trial,high,0,clinical_trial_registry,,,,true,https://clinicaltrials.gov/study/NCT06963840
NCT:NCT06794723,ClinicalTrials.gov,NCT06794723,,,A Probiotic Based Intervention in Pregnancies Complicated by GDM,2025,clinical_trial,high,0,clinical_trial_registry,probiotic,,,true,https://clinicaltrials.gov/study/NCT06794723
NCT:NCT06786052,ClinicalTrials.gov,NCT06786052,,,EXploratory Study on Postprandial Energy Metabolism,2025,clinical_trial,high,0,clinical_trial_registry,,,,true,https://clinicaltrials.gov/study/NCT06786052
NCT:NCT06891105,ClinicalTrials.gov,NCT06891105,,,Effect of Probiotic and Synbiotic Administration on Nutritional Status in Hemodialysis Patients,2025,clinical_trial,high,0,clinical_trial_registry,probiotic;synbiotic,,,true,https://clinicaltrials.gov/study/NCT06891105
NCT:NCT06957717,ClinicalTrials.gov,NCT06957717,,,"Effect of Cow's Milk Kefir on Short Chain Fatty Acid (SCFA), Haemoglobin, and Ferritin Levels of Anemic Adolescent Girls",2025,clinical_trial,high,0,clinical_trial_registry,,,,true,https://clinicaltrials.gov/study/NCT06957717
NCT:NCT07342946,ClinicalTrials.gov,NCT07342946,,,The Effects of the Mediterranean Diet and Synbiotics in Polycystic Ovary Syndrome,2025,clinical_trial,high,0,clinical_trial_registry,synbiotic,,,true,https://clinicaltrials.gov/study/NCT07342946
EUROPEPMC:40815418,PubMed,40815418,10.1007/s00198-025-07650-7,40815418,"A randomized, double-blind, placebo-controlled clinical study to evaluate the efficacy of the synbiotic medical food, SBD111, for the clinical dietary management of bone loss in menopausal women.",2025,literature,high,0,randomized_controlled_trial,synbiotic,,,true,https://europepmc.org/article/MED/40815418
EUROPEPMC:40646644,PubMed,40646644,10.1186/s13098-025-01841-2,40646644,Network meta-analysis of randomized control trials evaluating the effectiveness of various probiotic formulations in patients with type 2 diabetes mellitus.,2025,literature,high,0,meta_analysis_or_systematic_review,probiotic,,,true,https://europepmc.org/article/MED/40646644
EUROPEPMC:40944126,PubMed,40944126,10.3390/nu17172734,40944126,"Multi-Species Synbiotic Supplementation Enhances Gut Microbial Diversity, Increases Urolithin A and Butyrate Production, and Reduces Inflammation in Healthy Adults: A Randomized, Placebo-Controlled Trial.",2025,literature,high,0,randomized_controlled_trial,synbiotic,,,true,https://europepmc.org/article/MED/40944126
EUROPEPMC:40900844,PubMed,40900844,10.5662/wjm.v15.i4.104664,40900844,Current state of nutritional psychiatry: A scoping review of randomized controlled trials.,2025,literature,high,0,randomized_controlled_trial,,,,true,https://europepmc.org/article/MED/40900844
EUROPEPMC:41567324,PubMed,41567324,10.3389/fnut.2025.1717047,41567324,The effect of probiotic supplementation on perceived stress and bowel function in healthy young adults: evidence from a randomized controlled trial in Makkah.,2025,literature,high,0,randomized_controlled_trial,probiotic,,,true,https://europepmc.org/article/MED/41567324
EUROPEPMC:41068905,PubMed,41068905,10.1186/s12937-025-01217-2,41068905,"12-week preoperative probiotic supplementation versus placebo: effects on inflammation, endotoxemia, adipokines, and gastrointestinal peptides in patients six months after bariatric surgery - a double-blind, randomized, placebo-controlled clinical trial.",2025,literature,high,0,randomized_controlled_trial,probiotic,,,true,https://europepmc.org/article/MED/41068905
EUROPEPMC:41200143,PubMed,41200143,10.3389/fnut.2025.1583574,41200143,Effects of probiotics on patients with Prader-Willi syndrome: a systematic review and meta-analysis of randomized controlled trials.,2025,literature,high,0,meta_analysis_or_systematic_review,probiotic,,,true,https://europepmc.org/article/MED/41200143
PMID:41183976,PubMed,41183976,10.3177/jnsv.71.486,41183976,"The Effect of Heat-Killed Lacticaseibacillus paracasei K71 on Abdominal Fat Reduction: A Randomized, Double-Blind, Placebo-Controlled, Parallel-Group Comparative Trial.",2025,literature,high,0,randomized_controlled_trial,,Lacticaseibacillus,,true,https://pubmed.ncbi.nlm.nih.gov/41183976/
PMID:39636391,PubMed,39636391,10.1007/s00404-024-07833-3,39636391,"Six-month randomized, placebo controlled trial of synbiotic supplementation in women with polycystic ovary syndrome undergoing lifestyle modifications.",2025,literature,high,0,randomized_controlled_trial,synbiotic,,,true,https://pubmed.ncbi.nlm.nih.gov/39636391/
PMID:39878023,PubMed,39878023,10.1039/d4fo05847j,39878023,Flaxseed powder supplementation in non-alcoholic fatty liver disease: a randomized controlled clinical trial.,2025,literature,high,0,randomized_controlled_trial,,,,true,https://pubmed.ncbi.nlm.nih.gov/39878023/
PMID:41418290,PubMed,41418290,10.2196/82032,41418290,Effects of Walnuts on Postprandial Cognitive Function in Adults With Subjective Cognitive Impairment: Protocol for a Randomized Crossover Trial.,2025,literature,high,0,randomized_controlled_trial,,,,true,https://pubmed.ncbi.nlm.nih.gov/41418290/
PMID:41430243,PubMed,41430243,10.1186/s12937-025-01270-x,41430243,"The effect of a sustainable diet and time-restricted eating and probiotic in heart failure with reduced ejection fraction patients: study protocol for a randomized, double-blind, and placebo-controlled trial.",2025,literature,high,0,randomized_controlled_trial,probiotic,,,true,https://pubmed.ncbi.nlm.nih.gov/41430243/
PMID:40484149,PubMed,40484149,10.1016/j.bbi.2025.06.002,40484149,Add-on probiotics for inflammatory depression - A double-blind randomized placebo-controlled trial.,2025,literature,high,0,randomized_controlled_trial,probiotic,,,true,https://pubmed.ncbi.nlm.nih.gov/40484149/
NCT:NCT06452199,ClinicalTrials.gov,NCT06452199,,,"The BEGIN Study Bifidobacterium Infantis to Newborns: Effects of Modulating the Gut Microbial Composition on Growth, Immune Function and Inflammatory Conditions - a Randomized Placebo-controlled Double-blinded Intervention Trial",2024,clinical_trial,high,0,randomized_controlled_trial,,Bifidobacterium,,true,https://clinicaltrials.gov/study/NCT06452199
PMID:39356506,PubMed,39356506,10.1001/jamanetworkopen.2024.36888,39356506,Eight-Week Supplementation With Bifidobacterium lactis HN019 and Functional Constipation: A Randomized Clinical Trial.,2024,literature,high,0,randomized_controlled_trial,,Bifidobacterium,,true,https://pubmed.ncbi.nlm.nih.gov/39356506/
PMID:39010860,PubMed,39010860,10.3389/fnut.2024.1401920,39010860,"Effects of daily probiotic supplementation with Lactobacillus acidophilus on calcium status, bone metabolism biomarkers, and bone mineral density in postmenopausal women: a controlled and randomized clinical study.",2024,literature,high,0,randomized_controlled_trial,probiotic,Lactobacillus,,true,https://pubmed.ncbi.nlm.nih.gov/39010860/
NCT:NCT05882149,ClinicalTrials.gov,NCT05882149,,,Single Strain Probiotic,2023,clinical_trial,high,0,clinical_trial_registry,probiotic,,,true,https://clinicaltrials.gov/study/NCT05882149
NCT:NCT06030362,ClinicalTrials.gov,NCT06030362,,,Probiotic Intervention Study,2023,clinical_trial,high,0,clinical_trial_registry,probiotic,,,true,https://clinicaltrials.gov/study/NCT06030362
NCT:NCT05770076,ClinicalTrials.gov,NCT05770076,,,Probiotic Lysate (Postbiotic and Metabiotic) Supplementation for Type 2 Diabetes Patients (DELI_Diab Study),2023,clinical_trial,high,0,clinical_trial_registry,probiotic;postbiotic,,,true,https://clinicaltrials.gov/study/NCT05770076
NCT:NCT05942586,ClinicalTrials.gov,NCT05942586,,,The Symbiont-Restore Study,2023,clinical_trial,high,0,clinical_trial_registry,,,,true,https://clinicaltrials.gov/study/NCT05942586
EUROPEPMC:37829729,PubMed,37829729,10.3389/fnut.2023.1178842,37829729,"The effects of pro-, pre-, and synbiotics supplementation on polycystic ovary syndrome: an umbrella review of meta-analyses of randomized controlled trials.",2023,literature,high,0,randomized_controlled_trial,synbiotic,,,true,https://europepmc.org/article/MED/37829729
PMID:36538981,PubMed,36538981,10.1016/j.phrs.2022.106614,36538981,The effect of probiotic and synbiotic supplementation on appetite-regulating hormones and desire to eat: A systematic review and meta-analysis of clinical trials.,2023,literature,high,0,meta_analysis_or_systematic_review,probiotic;synbiotic,,,true,https://pubmed.ncbi.nlm.nih.gov/36538981/
NCT:NCT05259449,ClinicalTrials.gov,NCT05259449,,,Efficacy of Educational Nutrition and Exercise on the Regulation of Appetite Through Exosomes in Type 2 Diabetics,2022,clinical_trial,high,0,clinical_trial_registry,,,,true,https://clinicaltrials.gov/study/NCT05259449
NCT:NCT06959043,ClinicalTrials.gov,NCT06959043,,,Therapeutic Strategies for Type 2 Diabetes Based on Lifestyle Changes: Plant-based Diet and Physical Exercise,2022,clinical_trial,high,0,clinical_trial_registry,,,,true,https://clinicaltrials.gov/study/NCT06959043
PMID:35255811,PubMed,35255811,10.1186/s12876-022-02176-2,35255811,"The effect of daily consumption of probiotic yogurt on liver enzymes, steatosis and fibrosis in patients with nonalcoholic fatty liver disease (NAFLD): study protocol for a randomized clinical trial.",2022,literature,high,0,randomized_controlled_trial,probiotic,,,true,https://pubmed.ncbi.nlm.nih.gov/35255811/
PMID:35987956,PubMed,35987956,10.1038/s41366-022-01213-0,35987956,"Effect of probiotic supplementation on plasma metabolite profile after Roux-Y gastric bypass: a prospective, randomized, double-blind, placebo-controlled clinical trial.",2022,literature,high,0,randomized_controlled_trial,probiotic,,,true,https://pubmed.ncbi.nlm.nih.gov/35987956/
NCT:NCT05397015,ClinicalTrials.gov,NCT05397015,,,Metabotyping in the Postmenopausal Stage,2021,clinical_trial,high,0,clinical_trial_registry,,,,true,https://clinicaltrials.gov/study/NCT05397015
NCT:NCT05765292,ClinicalTrials.gov,NCT05765292,,,Probiotic Supplementation and Pancreatic β-Cell Function in Type 2 Diabetes,2021,clinical_trial,high,0,clinical_trial_registry,probiotic,,,true,https://clinicaltrials.gov/study/NCT05765292
NCT:NCT05140070,ClinicalTrials.gov,NCT05140070,,,Fruit and Vegetable Products Enriched With Fibre From Potato Starch With Prebiotic Properties for Children and Youth,2021,clinical_trial,high,0,clinical_trial_registry,prebiotic,,,true,https://clinicaltrials.gov/study/NCT05140070
NCT:NCT04810572,ClinicalTrials.gov,NCT04810572,,,Nutraceutical Composition Containing Natural Products Derivatives on the Modulation of the Endocrine Neuroimmune Axis,2021,clinical_trial,high,0,clinical_trial_registry,,,,true,https://clinicaltrials.gov/study/NCT04810572
NCT:NCT04685057,ClinicalTrials.gov,NCT04685057,,,Probiotic Treatment for Prader-Willi Syndrome,2021,clinical_trial,high,0,clinical_trial_registry,probiotic,,,true,https://clinicaltrials.gov/study/NCT04685057
NCT:NCT04985877,ClinicalTrials.gov,NCT04985877,,,Effect of Fermented Milk Containing Lactobacillus Casei Strain Shirota in Sarcopenia Elderly,2021,clinical_trial,high,0,clinical_trial_registry,,Lactobacillus,,true,https://clinicaltrials.gov/study/NCT04985877
PMID:34959933,PubMed,34959933,10.3390/nu13124376,34959933,"A Comprehensive Review of Hass Avocado Clinical Trials, Observational Studies, and Biological Mechanisms.",2021,literature,high,0,review,,,,true,https://pubmed.ncbi.nlm.nih.gov/34959933/
NCT:NCT04677738,ClinicalTrials.gov,NCT04677738,,,Investigation of the Effects of a Bifidobacterium Breve Strain on Fat Loss in Healthy Adults,2020,clinical_trial,high,0,clinical_trial_registry,,Bifidobacterium,,true,https://clinicaltrials.gov/study/NCT04677738
NCT:NCT04593459,ClinicalTrials.gov,NCT04593459,,,Probiotic Intervention in PCOS,2020,clinical_trial,high,0,clinical_trial_registry,probiotic,,,true,https://clinicaltrials.gov/study/NCT04593459
NCT:NCT04507867,ClinicalTrials.gov,NCT04507867,,,Effect of a NSS to Reduce Complications in Patients With Covid-19 and Comorbidities in Stage III,2020,clinical_trial,high,0,clinical_trial_registry,,,,true,https://clinicaltrials.gov/study/NCT04507867
NCT:NCT04653714,ClinicalTrials.gov,NCT04653714,,,The Effects of Non-surgical Periodontal Therapy in Patients Indicated for Bariatric Surgery,2020,clinical_trial,high,0,clinical_trial_registry,,,,true,https://clinicaltrials.gov/study/NCT04653714
PMID:33066107,PubMed,33066107,10.3390/nu12103123,33066107,Effects of Bifidobacterium animalis Subsp. lactis (BPL1) Supplementation in Children and Adolescents with Prader-Willi Syndrome: A Randomized Crossover Trial.,2020,literature,high,0,randomized_controlled_trial,,Bifidobacterium,,true,https://pubmed.ncbi.nlm.nih.gov/33066107/
PMID:32363616,PubMed,32363616,10.1002/ptr.6710,32363616,"The effect of synbiotic supplementation on anthropometric indices, appetite, and constipation in people with hypothyroidism: A randomized, double-blind, placebo-controlled trial.",2020,literature,high,0,randomized_controlled_trial,synbiotic,,,true,https://pubmed.ncbi.nlm.nih.gov/32363616/
NCT:NCT04324749,ClinicalTrials.gov,NCT04324749,,,Healthy Prebiotic and Postbiotic Effects of Peanuts and Peanut Butter: College Intervention Trial,2019,clinical_trial,high,0,clinical_trial_registry,prebiotic;postbiotic,,,true,https://clinicaltrials.gov/study/NCT04324749
NCT:NCT04136587,ClinicalTrials.gov,NCT04136587,,,The Bacterial Secretome in IBD,2019,clinical_trial,high,0,clinical_trial_registry,,,,true,https://clinicaltrials.gov/study/NCT04136587
NCT:NCT03924089,ClinicalTrials.gov,NCT03924089,,,"Oral Nutritional Supplement on Nutritional and Functional Status, and Biomarkers in Malnourished Hemodialysis Patients.",2019,clinical_trial,high,0,clinical_trial_registry,,,,true,https://clinicaltrials.gov/study/NCT03924089
NCT:NCT05073029,ClinicalTrials.gov,NCT05073029,,,Open Label Randomized Clinical Study to Promote a Healthy Lifestyle in Medical Students,2019,clinical_trial,high,0,randomized_controlled_trial,,,,true,https://clinicaltrials.gov/study/NCT05073029
PMID:29779170,PubMed,29779170,10.1007/s00394-018-1721-2,29779170,Histological improvement of non-alcoholic steatohepatitis with a prebiotic: a pilot clinical trial.,2019,literature,high,0,needs_manual_classification,prebiotic,,,true,https://pubmed.ncbi.nlm.nih.gov/29779170/
NCT:NCT03902301,ClinicalTrials.gov,NCT03902301,,,Lactobacillus Rhamnosus and PCOS Treatment,2018,clinical_trial,high,0,clinical_trial_registry,,Lactobacillus,,true,https://clinicaltrials.gov/study/NCT03902301
NCT:NCT03109587,ClinicalTrials.gov,NCT03109587,,,Pilot Study of Probiotics in Pre-diabetic Adolescents,2018,clinical_trial,high,0,clinical_trial_registry,probiotic,,,true,https://clinicaltrials.gov/study/NCT03109587
NCT:NCT03418857,ClinicalTrials.gov,NCT03418857,,,Probiotics and Gut Health,2018,clinical_trial,high,0,clinical_trial_registry,probiotic,,,true,https://clinicaltrials.gov/study/NCT03418857
NCT:NCT04520724,ClinicalTrials.gov,NCT04520724,,,Functional Roll for Non-alcoholic Fatty Liver Disease,2018,clinical_trial,high,0,clinical_trial_registry,,,,true,https://clinicaltrials.gov/study/NCT04520724
NCT:NCT03994055,ClinicalTrials.gov,NCT03994055,,,Effect of an Anti-inflammatory Diet on Patients With Cervical Cancer,2018,clinical_trial,high,0,clinical_trial_registry,,,,true,https://clinicaltrials.gov/study/NCT03994055
NCT:NCT05476289,ClinicalTrials.gov,NCT05476289,,,A Follow-up Study of Dragon Study (NCT03520764): to Assess the Growth and Immune-related Outcomes,2018,clinical_trial,high,0,clinical_trial_registry,,,,true,https://clinicaltrials.gov/study/NCT05476289
NCT:NCT03123510,ClinicalTrials.gov,NCT03123510,,,Effect of a Synbiotic Supplement on a High-protein Diet,2017,clinical_trial,high,0,clinical_trial_registry,synbiotic,,,true,https://clinicaltrials.gov/study/NCT03123510
NCT:NCT03272542,ClinicalTrials.gov,NCT03272542,,,PRebiotic to IMprovE Calcium Absorption,2017,clinical_trial,high,0,clinical_trial_registry,prebiotic,,,true,https://clinicaltrials.gov/study/NCT03272542
NCT:NCT03322449,ClinicalTrials.gov,NCT03322449,,,"APOA2 Gene, Diet, Inflammation and Gut Health",2017,clinical_trial,high,0,clinical_trial_registry,,,,true,https://clinicaltrials.gov/study/NCT03322449
NCT:NCT03377946,ClinicalTrials.gov,NCT03377946,,,Effect of Probiotics on Pre-diabetes and Diabetes in China,2017,clinical_trial,high,0,clinical_trial_registry,probiotic,,,true,https://clinicaltrials.gov/study/NCT03377946
PMID:28937980,PubMed,28937980,10.1371/journal.pone.0184547,28937980,Methanobrevibacter attenuation via probiotic intervention reduces flatulence in adult human: A non-randomised paired-design clinical trial of efficacy.,2017,literature,high,0,randomized_controlled_trial,probiotic,,,true,https://pubmed.ncbi.nlm.nih.gov/28937980/
NCT:NCT02921217,ClinicalTrials.gov,NCT02921217,,,Effect of a Probiotic on Visceral Fat Accumulation,2016,clinical_trial,high,0,clinical_trial_registry,probiotic,,,true,https://clinicaltrials.gov/study/NCT02921217
NCT:NCT03100162,ClinicalTrials.gov,NCT03100162,,,Effect of Oral Supplementation With Probiotics,2016,clinical_trial,high,0,clinical_trial_registry,probiotic,,,true,https://clinicaltrials.gov/study/NCT03100162
PMID:25909598,PubMed,25909598,10.1097/MCG.0000000000000328,25909598,"Effects of Prebiotic and Synbiotic Supplementation on Inflammatory Markers and Anthropometric Indices After Roux-en-Y Gastric Bypass: A Randomized, Triple-blind, Placebo-controlled Pilot Study.",2016,literature,high,0,randomized_controlled_trial,prebiotic;synbiotic,,,true,https://pubmed.ncbi.nlm.nih.gov/25909598/
NCT:NCT03051399,ClinicalTrials.gov,NCT03051399,,,Clinical Evaluation of the Effects of EpiCor on Digestive Comfort,2015,clinical_trial,high,0,clinical_trial_registry,,,,true,https://clinicaltrials.gov/study/NCT03051399
NCT:NCT03528707,ClinicalTrials.gov,NCT03528707,,,Effect of Probiotic Co-administration With Omega-3 Fatty Acids on NAFLD,2015,clinical_trial,high,0,clinical_trial_registry,probiotic,,,true,https://clinicaltrials.gov/study/NCT03528707
PMID:26825666,PubMed,26825666,10.1186/s41043-015-0034-9,26825666,Is there a value for probiotic supplements in gestational diabetes mellitus? A randomized clinical trial.,2015,literature,high,0,randomized_controlled_trial,probiotic,,,true,https://pubmed.ncbi.nlm.nih.gov/26825666/
NCT:NCT02448940,ClinicalTrials.gov,NCT02448940,,,The Effect of Supplementation With Species of Lactobacillus on Anthropometric Measurements,2014,clinical_trial,high,0,clinical_trial_registry,,Lactobacillus,,true,https://clinicaltrials.gov/study/NCT02448940
NCT:NCT01983046,ClinicalTrials.gov,NCT01983046,,,Rectal Short Chain Fatty Acids Combinations and Substrate and Energy Metabolism,2013,clinical_trial,high,0,clinical_trial_registry,,,,true,https://clinicaltrials.gov/study/NCT01983046
NCT:NCT02158676,ClinicalTrials.gov,NCT02158676,,,Effect of Prebiotic and Synbiotic Supplementation in Individuals Undergoing Roux-en-y Gastric Bypass.,2013,clinical_trial,high,0,clinical_trial_registry,prebiotic;synbiotic,,,true,https://clinicaltrials.gov/study/NCT02158676
NCT:NCT01913678,ClinicalTrials.gov,NCT01913678,,,The Effect of Dairy Fat and Inulin on Fasting Induced Adipose Factor (FIAF) Blood Concentrations,2013,clinical_trial,high,0,clinical_trial_registry,,,,true,https://clinicaltrials.gov/study/NCT01913678
NCT:NCT01922791,ClinicalTrials.gov,NCT01922791,,,Nutrition and Pregnancy Intervention Study,2013,clinical_trial,high,0,clinical_trial_registry,,,,true,https://clinicaltrials.gov/study/NCT01922791
NCT:NCT01680640,ClinicalTrials.gov,NCT01680640,,,Investigation of Synbiotic Treatment in NAFLD,2013,clinical_trial,high,0,clinical_trial_registry,synbiotic,,,true,https://clinicaltrials.gov/study/NCT01680640
NCT:NCT01718418,ClinicalTrials.gov,NCT01718418,,,Role of Colonic Events on Metabolism and Appetite Control: A Synbiotic Approach,2012,clinical_trial,high,0,clinical_trial_registry,synbiotic,,,true,https://clinicaltrials.gov/study/NCT01718418
PMID:20970896,PubMed,20970896,10.1016/j.clnu.2010.09.009,20970896,Impact of dietary counselling and probiotic intervention on maternal anthropometric measurements during and after pregnancy: a randomized placebo-controlled trial.,2011,literature,high,0,randomized_controlled_trial,probiotic,,,true,https://pubmed.ncbi.nlm.nih.gov/20970896/
NCT:NCT02608983,ClinicalTrials.gov,NCT02608983,,,Hydrocolloids as Functional Food Ingredients for Gut Health,2010,clinical_trial,high,0,clinical_trial_registry,,,,true,https://clinicaltrials.gov/study/NCT02608983
NCT:NCT01240018,ClinicalTrials.gov,NCT01240018,,,ProSat - Long Term Effect of Probiotics on Satiety,2009,clinical_trial,high,0,clinical_trial_registry,probiotic,,,true,https://clinicaltrials.gov/study/NCT01240018
NCT:NCT00164099,ClinicalTrials.gov,NCT00164099,,,The Role of Synbiotics in Reducing Post-Operative Infections in Patients Undergoing Cardiac Surgery: A Pilot Study,2005,clinical_trial,high,0,clinical_trial_registry,synbiotic,,,true,https://clinicaltrials.gov/study/NCT00164099
EUROPEPMC:42065141,PubMed,42065141,10.1177/1096620x261448041,42065141,"Effects of <i>Lactiplantibacillus Plantarum</i> KABP051 Probiotic on Body Composition, Microbiome and Mood in Healthy Overweight Adults.",2026,literature,medium,4,needs_manual_classification,probiotic,Lactiplantibacillus,weight;body_composition;microbiome,true,https://europepmc.org/article/MED/42065141
PMID:41930918,PubMed,41930918,10.2174/0115665240391524251201102455,41930918,Gut Microbiota and Metabolic Profiles Reveal the Mechanism of Weight Loss in Patients with Obesity Stimulated By Acupuncture.,2026,literature,medium,4,needs_manual_classification,,,weight;glucose;microbiome,true,https://pubmed.ncbi.nlm.nih.gov/41930918/
EUROPEPMC:41444876,PubMed,41444876,10.1186/s12887-025-06319-8,41444876,The role of microbiome-modulating supplements in managing metabolic syndrome risk factors among overweight and obese youth: a GRADE-assessed meta-analysis.,2025,literature,medium,4,meta_analysis_or_systematic_review,,,weight;glucose;microbiome,true,https://europepmc.org/article/MED/41444876
EUROPEPMC:40827948,PubMed,40827948,10.1530/ec-25-0219,40827948,Long-term efficacy of dapagliflozin combined with Bifidobacterium triple viable tablets on metabolic syndrome and gut microbiota in overweight/obese patients with type 2 diabetes.,2025,literature,medium,4,needs_manual_classification,,Bifidobacterium,weight;glucose;microbiome,true,https://europepmc.org/article/MED/40827948
PMID:41586244,PubMed,41586244,10.3389/fnut.2025.1714444,41586244,"The effects of a very low-energy ketogenic therapy on body composition, gut microbiota and metabolites in overweight subjects.",2025,literature,medium,4,needs_manual_classification,,,weight;body_composition;microbiome,true,https://pubmed.ncbi.nlm.nih.gov/41586244/
PMID:40965226,PubMed,40965226,10.1002/mnfr.70198,40965226,"Effects of a Probiotic Formulation Based on SF68, Phytosterols, and 6S-5-Methyltetrahydrofolic Acid on Body Composition, Biochemical Parameters, Gut Microbiota, and Gastrointestinal and General Symptoms of Overweight/Obese Subjects: The PrObesity Study.",2025,literature,medium,4,needs_manual_classification,probiotic,,weight;body_composition;microbiome,true,https://pubmed.ncbi.nlm.nih.gov/40965226/
PMID:38233990,PubMed,38233990,10.1249/MSS.0000000000003376,38233990,Effects of a Cycling versus Running HIIT Program on Fat Mass Loss and Gut Microbiota Composition in Men with Overweight/Obesity.,2024,literature,medium,4,needs_manual_classification,,,weight;body_composition;microbiome,true,https://pubmed.ncbi.nlm.nih.gov/38233990/
PMID:37181156,PubMed,37181156,10.3389/fnut.2023.1108088,37181156,Supplementation with inulin-type fructans affects gut microbiota and attenuates some of the cardiometabolic benefits of a plant-based diet in individuals with overweight or obesity.,2023,literature,medium,4,needs_manual_classification,,,weight;glucose;microbiome,true,https://pubmed.ncbi.nlm.nih.gov/37181156/
PMID:36879442,PubMed,36879442,10.1093/jas/skad073,36879442,"Effects of weight loss and feeding specially formulated diets on the body composition, blood metabolite profiles, voluntary physical activity, and fecal metabolites and microbiota of obese dogs.",2023,literature,medium,4,needs_manual_classification,,,weight;body_composition;microbiome,true,https://pubmed.ncbi.nlm.nih.gov/36879442/
PMID:33763720,PubMed,33763720,10.1007/s00394-021-02538-8,33763720,"Mediterranean diet consumption affects the endocannabinoid system in overweight and obese subjects: possible links with gut microbiome, insulin resistance and inflammation.",2021,literature,medium,4,needs_manual_classification,,,weight;glucose;microbiome,true,https://pubmed.ncbi.nlm.nih.gov/33763720/
PMID:31952249,PubMed,31952249,10.3390/nu12010222,31952249,"Effects of Synbiotic Supplement on Human Gut Microbiota, Body Composition and Weight Loss in Obesity.",2020,literature,medium,4,needs_manual_classification,synbiotic,,weight;body_composition;microbiome,true,https://pubmed.ncbi.nlm.nih.gov/31952249/
PMID:28596023,PubMed,28596023,10.1053/j.gastro.2017.05.055,28596023,Prebiotics Reduce Body Fat and Alter Intestinal Microbiota in Children Who Are Overweight or With Obesity.,2017,literature,medium,4,needs_manual_classification,prebiotic,,weight;body_composition;microbiome,true,https://pubmed.ncbi.nlm.nih.gov/28596023/
EUROPEPMC:41599863,PubMed,41599863,10.3390/nu18020250,41599863,"Efficacy and Safety of CKDB-322, a Combination of <i>Lactiplantibacillus plantarum</i> Q180 and <i>Phaeodactylum tricornutum</i>, for Reducing Body Fat and Abdominal Adiposity in Overweight Adults.",2026,literature,medium,3,needs_manual_classification,,Lactiplantibacillus,weight;body_composition,true,https://europepmc.org/article/MED/41599863
EUROPEPMC:42044114,PubMed,42044114,10.1371/journal.pone.0347754,42044114,"Dietary phytochemical index is associated with systemic inflammation, insulin resistance, and gut microbiota-derived metabolites in individuals with obesity: A cross-sectional study.",2026,literature,medium,3,needs_manual_classification,,,glucose;microbiome,true,https://europepmc.org/article/MED/42044114
EUROPEPMC:41884209,PubMed,41884209,10.3389/fendo.2026.1786776,41884209,Urolithin A: a multi-target therapeutic candidate derived from the gut microbiota for obesity and metabolic dysfunction.,2026,literature,medium,3,needs_manual_classification,,,glucose;microbiome,true,https://europepmc.org/article/MED/41884209
EUROPEPMC:42057790,PubMed,42057790,10.3389/fmicb.2026.1782016,42057790,The impact of antibiotic exposure on obesity and metabolic phenotypes via the gut microbiota.,2026,literature,medium,3,needs_manual_classification,,,glucose;microbiome,true,https://europepmc.org/article/MED/42057790
EUROPEPMC:41870630,PubMed,41870630,10.1007/s00784-026-06826-7,41870630,Sex-specific differences in salivary microbiota composition and their associations with metabolic health in adults with excess body weight: a secondary cross-sectional analysis.,2026,literature,medium,3,needs_manual_classification,,,weight;glucose;microbiome,true,https://europepmc.org/article/MED/41870630
EUROPEPMC:41372103,PubMed,41372103,10.1111/obr.70037,41372103,Impacts of Lifestyle and Microbiota-Targeted Interventions for Overweight and Obesity on the Human Gut Microbiome: A Systematic Review.,2026,literature,medium,3,meta_analysis_or_systematic_review,,,weight;microbiome,true,https://europepmc.org/article/MED/41372103
EUROPEPMC:41804549,PubMed,41804549,10.1080/19585969.2026.2637716,41804549,Unravelling the role of the gut microbiome in antipsychotic-induced weight gain and metabolic dysfunction in humans and rodents: A systematic review.,2026,literature,medium,3,meta_analysis_or_systematic_review,,,weight;glucose;microbiome,true,https://europepmc.org/article/MED/41804549
PMID:42010766,PubMed,42010766,10.1080/19490976.2026.2661415,42010766,Exercise intensity as a modulator of gut microbiota and host metabolic health in obesity.,2026,literature,medium,3,needs_manual_classification,,,glucose;microbiome,true,https://pubmed.ncbi.nlm.nih.gov/42010766/
PMID:41907517,PubMed,41907517,10.1080/29933935.2025.2605879,41907517,Obesity-associated gut microbiome influences diet-induced metabolic and cognitive outcomes in older adults.,2026,literature,medium,3,needs_manual_classification,,,glucose;microbiome,true,https://pubmed.ncbi.nlm.nih.gov/41907517/
PMID:41835385,PubMed,41835385,10.3389/fnut.2026.1733803,41835385,Maternal overweight/obesity and yoghurt supplementation from early pregnancy to postpartum augments infant gut microbiota.,2026,literature,medium,3,needs_manual_classification,,,weight;microbiome,true,https://pubmed.ncbi.nlm.nih.gov/41835385/
PMID:41743894,PubMed,41743894,10.1007/s40200-026-01887-7,41743894,Enteroendocrine hormones and gut microbiota in obesity: a systematic review from mechanistic insight to precision metabolic care.,2026,literature,medium,3,meta_analysis_or_systematic_review,,,glucose;microbiome,true,https://pubmed.ncbi.nlm.nih.gov/41743894/
EUROPEPMC:40601234,PubMed,40601234,10.1007/s11154-025-09977-2,40601234,"Emerging evidence and potential avenues to achieve durable outcomes in patients with obesity: the confluence of nutrition, and Microbiome on body composition.",2025,literature,medium,3,needs_manual_classification,,,body_composition;microbiome,true,https://europepmc.org/article/MED/40601234
EUROPEPMC:40851363,PubMed,40851363,10.1080/07853890.2025.2551284,40851363,The effect of probiotics on weight management in patients with severe obesity undergoing metabolic and bariatric surgery: a systematic review and meta-analysis.,2025,literature,medium,3,meta_analysis_or_systematic_review,probiotic,,weight;glucose,true,https://europepmc.org/article/MED/40851363
EUROPEPMC:41098558,PubMed,41098558,10.1002/osp4.70093,41098558,Postpartum Body Composition in Women With Overweight: Associations With Diet During Pregnancy.,2025,literature,medium,3,needs_manual_classification,,,weight;body_composition,true,https://europepmc.org/article/MED/41098558
PMID:41486934,PubMed,41486934,10.71150/jm.2511001,41486934,Synergistic anti-obesity effects of Bifidobacterium breve BR3 and Lactiplantibacillus plantarum LP3 via coordinated regulation of lipid metabolism and gut microbiota.,2025,literature,medium,3,needs_manual_classification,,Lactiplantibacillus;Bifidobacterium,lipid;microbiome,true,https://pubmed.ncbi.nlm.nih.gov/41486934/
PMID:40806053,PubMed,40806053,10.3390/nu17152468,40806053,Effect of Polyphenol-Rich Interventions on Gut Microbiota and Inflammatory or Oxidative Stress Markers in Adults Who Are Overweight or Obese: A Systematic Review and Meta-Analysis.,2025,literature,medium,3,meta_analysis_or_systematic_review,,,weight;microbiome,true,https://pubmed.ncbi.nlm.nih.gov/40806053/
PMID:40732984,PubMed,40732984,10.3390/nu17142360,40732984,Gut Microbiota Shifts After a Weight Loss Program in Adults with Obesity: The WLM3P Study.,2025,literature,medium,3,needs_manual_classification,,,weight;microbiome,true,https://pubmed.ncbi.nlm.nih.gov/40732984/
PMID:39340527,PubMed,39340527,10.1080/10408398.2024.2409956,39340527,"Effects of probiotics, prebiotics, and synbiotics on cardiometabolic risk factors in children and adolescents with overweight or obesity: a systematic review and Bayesian network meta-analysis.",2025,literature,medium,3,meta_analysis_or_systematic_review,probiotic;prebiotic;synbiotic,,weight;glucose,true,https://pubmed.ncbi.nlm.nih.gov/39340527/
EUROPEPMC:39290267,PubMed,39290267,10.1016/j.heliyon.2024.e37609,39290267,The complex link between the gut microbiome and obesity-associated metabolic disorders: Mechanisms and therapeutic opportunities.,2024,literature,medium,3,needs_manual_classification,,,glucose;microbiome,true,https://europepmc.org/article/MED/39290267
EUROPEPMC:38744950,PubMed,38744950,10.1038/s41598-024-61130-2,38744950,"Effect of weight loss program using prebiotics and probiotics on body composition, physique, and metabolic products: longitudinal intervention study.",2024,literature,medium,3,needs_manual_classification,probiotic;prebiotic,,weight;body_composition;glucose,true,https://europepmc.org/article/MED/38744950
PMID:39520336,PubMed,39520336,10.1002/mnfr.202400451,39520336,Intermittent Fasting Improves Insulin Resistance by Modulating the Gut Microbiota and Bile Acid Metabolism in Diet-Induced Obesity.,2024,literature,medium,3,needs_manual_classification,,,glucose;microbiome,true,https://pubmed.ncbi.nlm.nih.gov/39520336/
PMID:38498828,PubMed,38498828,10.1080/27697061.2024.2320192,38498828,Effect of Bifidobacterium Intake on Body Weight and Body Fat in Overweight and Obese Adult Subjects: A Systematic Review and Meta-Analysis.,2024,literature,medium,3,meta_analysis_or_systematic_review,,Bifidobacterium,weight;body_composition,true,https://pubmed.ncbi.nlm.nih.gov/38498828/
PMID:39455650,PubMed,39455650,10.1038/s41598-024-75594-9,39455650,Effects of Lactiplantibacillus plantarum CBT LP3 and Bifidobacterium breve CBT BR3 supplementation on weight loss and gut microbiota of overweight dogs.,2024,literature,medium,3,needs_manual_classification,,Lactiplantibacillus;Bifidobacterium,weight;microbiome,true,https://pubmed.ncbi.nlm.nih.gov/39455650/
PMID:38270436,PubMed,38270436,10.1128/spectrum.02552-23,38270436,Dietary supplementation with probiotics promotes weight loss by reshaping the gut microbiome and energy metabolism in obese dogs.,2024,literature,medium,3,needs_manual_classification,probiotic,,weight;microbiome,true,https://pubmed.ncbi.nlm.nih.gov/38270436/
PMID:39796506,PubMed,39796506,10.3390/nu17010072,39796506,"Role of Increasing Body Mass Index in Gut Barrier Dysfunction, Systemic Inflammation, and Metabolic Dysregulation in Obesity.",2024,literature,medium,3,needs_manual_classification,,,BMI;glucose,true,https://pubmed.ncbi.nlm.nih.gov/39796506/
PMID:39182247,PubMed,39182247,10.1080/19490976.2024.2392875,39182247,Examination of sex-specific interactions between gut microbiota and host metabolism after 12-week combined polyphenol supplementation in individuals with overweight or obesity.,2024,literature,medium,3,needs_manual_classification,,,weight;microbiome,true,https://pubmed.ncbi.nlm.nih.gov/39182247/
PMID:36944956,PubMed,36944956,10.1186/s12986-023-00739-y,36944956,Effect of different doses of Lacticaseibacillus paracasei K56 on body fat and metabolic parameters in adult individuals with obesity: a pilot study.,2023,literature,medium,3,needs_manual_classification,,Lacticaseibacillus,body_composition;glucose,true,https://pubmed.ncbi.nlm.nih.gov/36944956/
PMID:37685493,PubMed,37685493,10.3390/healthcare11172459,37685493,Exploring Gut Microbiota and the Influence of Physical Activity Interventions on Overweight and Obese Children and Adolescents: A Systematic Review.,2023,literature,medium,3,meta_analysis_or_systematic_review,,,weight;microbiome,true,https://pubmed.ncbi.nlm.nih.gov/37685493/
PMID:37602405,PubMed,37602405,10.1093/jas/skad276,37602405,"Short-term changes in dietary fat levels and starch sources affect weight management, glucose and lipid metabolism, and gut microbiota in adult cats.",2023,literature,medium,3,needs_manual_classification,,,weight;lipid;glucose;microbiome,true,https://pubmed.ncbi.nlm.nih.gov/37602405/
PMID:36615904,PubMed,36615904,10.3390/nu15010248,36615904,Effects of Initial Combinations of Gemigliptin Plus Metformin Compared with Glimepiride Plus Metformin on Gut Microbiota and Glucose Regulation in Obese Patients with Type 2 Diabetes: The INTESTINE Study.,2023,literature,medium,3,needs_manual_classification,,,glucose;microbiome,true,https://pubmed.ncbi.nlm.nih.gov/36615904/
PMID:38068829,PubMed,38068829,10.3390/nu15234971,38068829,Combating Obesity: Harnessing the Synergy of Postbiotics and Prebiotics for Enhanced Lipid Excretion and Microbiota Regulation.,2023,literature,medium,3,needs_manual_classification,prebiotic;postbiotic,,lipid;microbiome,true,https://pubmed.ncbi.nlm.nih.gov/38068829/
PMID:34967874,PubMed,34967874,10.1093/jas/skab379,34967874,"Weight loss and high-protein, high-fiber diet consumption impact blood metabolite profiles, body composition, voluntary physical activity, fecal microbiota, and fecal metabolites of adult dogs.",2022,literature,medium,3,needs_manual_classification,,,weight;body_composition;microbiome,true,https://pubmed.ncbi.nlm.nih.gov/34967874/
PMID:35866596,PubMed,35866596,10.3920/BM2021.0159,35866596,Mild intermittent hypoxia exposure alters gut microbiota composition in men with overweight and obesity.,2022,literature,medium,3,needs_manual_classification,,,weight;microbiome,true,https://pubmed.ncbi.nlm.nih.gov/35866596/
PMID:31886746,PubMed,31886746,10.2174/0929867327666191230110128,31886746,The Effect of Prebiotic Products on Decreasing Adiposity Parameters in Overweight and Obese Individuals: A Systematic Review and Meta- Analysis.,2021,literature,medium,3,meta_analysis_or_systematic_review,prebiotic,,weight,true,https://pubmed.ncbi.nlm.nih.gov/31886746/
EUROPEPMC:33178196,PubMed,33178196,10.3389/fimmu.2020.571731,33178196,Gut Microbiota as a Trigger for Metabolic Inflammation in Obesity and Type 2 Diabetes.,2020,literature,medium,3,needs_manual_classification,,,glucose;microbiome,true,https://europepmc.org/article/MED/33178196
EUROPEPMC:32718098,PubMed,32718098,10.3390/nu12082200,32718098,"Modulation of the Gut Microbiota by Olive Oil Phenolic Compounds: Implications for Lipid Metabolism, Immune System, and Obesity.",2020,literature,medium,3,needs_manual_classification,,,lipid;microbiome,true,https://europepmc.org/article/MED/32718098
PMID:32152146,PubMed,32152146,10.1136/bmjdrc-2019-000948,32152146,Genistein stimulates insulin sensitivity through gut microbiota reshaping and skeletal muscle AMPK activation in obese subjects.,2020,literature,medium,3,needs_manual_classification,,,glucose;microbiome,true,https://pubmed.ncbi.nlm.nih.gov/32152146/
PMID:31175629,PubMed,31175629,10.1007/s13679-019-00352-2,31175629,Understanding the Role of the Gut Microbiome and Microbial Metabolites in Obesity and Obesity-Associated Metabolic Disorders: Current Evidence and Perspectives.,2019,literature,medium,3,needs_manual_classification,,,glucose;microbiome,true,https://pubmed.ncbi.nlm.nih.gov/31175629/
PMID:31126565,PubMed,31126565,10.1016/j.ctim.2019.05.008,31126565,Effects of pro-/synbiotic supplementation on anthropometric and metabolic indices in overweight or obese children and adolescents: A systematic review and meta-analysis.,2019,literature,medium,3,meta_analysis_or_systematic_review,synbiotic,,weight;glucose,true,https://pubmed.ncbi.nlm.nih.gov/31126565/
PMID:30468509,PubMed,30468509,10.26355/eurrev_201811_16301,30468509,"Probiotics, prebiotics and synbiotics for weight loss and metabolic syndrome in the microbiome era.",2018,literature,medium,3,needs_manual_classification,probiotic;prebiotic;synbiotic,,weight;glucose;microbiome,true,https://pubmed.ncbi.nlm.nih.gov/30468509/
PMID:29547587,PubMed,29547587,10.3390/genes9030167,29547587,Dietary Alteration of the Gut Microbiome and Its Impact on Weight and Fat Mass: A Systematic Review and Meta-Analysis.,2018,literature,medium,3,meta_analysis_or_systematic_review,,,weight;body_composition;microbiome,true,https://pubmed.ncbi.nlm.nih.gov/29547587/
PMID:26599039,PubMed,26599039,10.1039/c5fo00886g,26599039,Red wine polyphenols modulate fecal microbiota and reduce markers of the metabolic syndrome in obese patients.,2016,literature,medium,3,needs_manual_classification,,,glucose;microbiome,true,https://pubmed.ncbi.nlm.nih.gov/26599039/
EUROPEPMC:42197000,PubMed,42197000,10.3390/nu18101540,42197000,Gut Microbiome Dysbiosis in Metabolic Syndrome: Current Evidence and Emerging Perspectives.,2026,literature,medium,2,needs_manual_classification,,,glucose;microbiome,true,https://europepmc.org/article/MED/42197000
EUROPEPMC:42232906,PubMed,42232906,10.3389/fmicb.2026.1817839,42232906,"From ""spleen governing muscle"" to gut microbiota: mechanisms of sarcopenic obesity in perimenopausal women.",2026,literature,medium,2,needs_manual_classification,,,microbiome,true,https://europepmc.org/article/MED/42232906
EUROPEPMC:42077461,PubMed,42077461,10.3389/fendo.2026.1806638,42077461,Faecal microbiota transplantation and glucolipid metabolic disorders: the interventional role of gut microbiota.,2026,literature,medium,2,needs_manual_classification,,,lipid;glucose;microbiome,true,https://europepmc.org/article/MED/42077461
EUROPEPMC:41750295,PubMed,41750295,10.3390/biom16020226,41750295,Endotoxins and Metabolic Endotoxemia in Obesity and Associated Noncommunicable Diseases: A Focus on Sex Differences.,2026,literature,medium,2,needs_manual_classification,,,glucose,true,https://europepmc.org/article/MED/41750295
EUROPEPMC:41507594,PubMed,41507594,10.1007/s00198-025-07801-w,41507594,"Impact of probiotic, prebiotic, and synbiotic supplementation on the gut microbiome in older adults with sarcopenia, obesity, and sarcopenic obesity.",2026,literature,medium,2,needs_manual_classification,probiotic;prebiotic;synbiotic,,microbiome,true,https://europepmc.org/article/MED/41507594
EUROPEPMC:42131482,PubMed,42131482,10.3389/fphys.2026.1766078,42131482,Bioactive compounds as therapeutic modulators of metabolic syndrome: targeting inflammation and gut microbiota regulation.,2026,literature,medium,2,needs_manual_classification,,,glucose;microbiome,true,https://europepmc.org/article/MED/42131482
EUROPEPMC:42015346,PubMed,42015346,10.1080/19490976.2026.2644677,42015346,Gut microbiome and metabolic health: mechanisms and precision interventions.,2026,literature,medium,2,needs_manual_classification,,,glucose;microbiome,true,https://europepmc.org/article/MED/42015346
EUROPEPMC:41576942,PubMed,41576942,10.1016/j.xcrm.2025.102573,41576942,"Gut microbiome and obesity care: Bridging dietary, surgical, and pharmacological interventions.",2026,literature,medium,2,needs_manual_classification,,,microbiome,true,https://europepmc.org/article/MED/41576942
EUROPEPMC:42221502,PubMed,42221502,10.3389/fmicb.2026.1809114,42221502,Therapeutic potential of natural compounds from medicinal and food homology substances targeting gut microbiota in lipid metabolism disorders.,2026,literature,medium,2,needs_manual_classification,,,lipid;microbiome,true,https://europepmc.org/article/MED/42221502
EUROPEPMC:41599902,PubMed,41599902,10.3390/nu18020290,41599902,Personalized Nutrition Through the Gut Microbiome in Metabolic Syndrome and Related Comorbidities.,2026,literature,medium,2,needs_manual_classification,,,glucose;microbiome,true,https://europepmc.org/article/MED/41599902
EUROPEPMC:42212103,PubMed,42212103,10.3389/fped.2026.1773294,42212103,Gut microbiota and pediatric metabolic dysfunction-associated steatotic liver disease: clinical evidence and therapeutic implications.,2026,literature,medium,2,needs_manual_classification,,,glucose;microbiome,true,https://europepmc.org/article/MED/42212103
EUROPEPMC:41901529,PubMed,41901529,10.3390/medicina62030444,41901529,Heart-Gut Axis in Cardiometabolic Disease: Microbiome-Mediated Pathways Linking Metabolic Syndrome to Cardiovascular Risk.,2026,literature,medium,2,needs_manual_classification,,,glucose;microbiome,true,https://europepmc.org/article/MED/41901529
EUROPEPMC:PMC13032950,publisher supplementary data,PMC13032950,,,The Role of Gut Microbiota in Postmenopausal Women: Implications for Lipid Metabolism and Targeted Nutritional Interventions,2026,literature,medium,2,needs_manual_classification,,,lipid;microbiome,true,
EUROPEPMC:41822330,PubMed,41822330,10.3389/fcimb.2026.1705021,41822330,Gut microbiota in obesity management: from microbial clocks to precision microbial therapies.,2026,literature,medium,2,needs_manual_classification,,,microbiome,true,https://europepmc.org/article/MED/41822330
EUROPEPMC:41783752,PubMed,41783752,10.2147/ijwh.s589117,41783752,Gut Microbiota Has the Potential to Improve Sarcopenic Obesity in Menopausal Women by Regulating Estrogen.,2026,literature,medium,2,needs_manual_classification,,,microbiome,true,https://europepmc.org/article/MED/41783752
EUROPEPMC:41297880,PubMed,41297880,10.1016/j.molmet.2025.102289,41297880,"The role of the gut non-bacterial microbiome (virome, mycobiome, archaeome) and its impact on obesity.",2026,literature,medium,2,needs_manual_classification,,,microbiome,true,https://europepmc.org/article/MED/41297880
EUROPEPMC:42221399,PubMed,42221399,10.1016/j.aed.2025.11.015,42221399,Harnessing Microbiome Therapy to Treat Metabolic Syndrome.,2026,literature,medium,2,needs_manual_classification,,,glucose;microbiome,true,https://europepmc.org/article/MED/42221399
EUROPEPMC:41522487,PubMed,41522487,10.1096/fba.2025-00218,41522487,"The Gut Microbiota-Insulin Resistance Axis: Mechanisms, Clinical Implications, and Therapeutic Potential.",2026,literature,medium,2,needs_manual_classification,,,glucose;microbiome,true,https://europepmc.org/article/MED/41522487
EUROPEPMC:10.21203/rs.3.rs-9134629/v1,publisher supplementary data,10.21203/rs.3.rs-9134629/v1,10.21203/rs.3.rs-9134629/v1,,Blood drops to gut maps: dried blood spot metabolomics infers gut microbiome composition and guides probiotic intervention in metabolic disease,2026,literature,medium,2,needs_manual_classification,probiotic,,glucose;microbiome,true,
EUROPEPMC:42051485,PubMed,42051485,10.3389/fimmu.2026.1803488,42051485,Targeted regulation of adipose tissue macrophages from an immunometabolic perspective: a novel therapeutic approach for obesity-related metabolic disorders.,2026,literature,medium,2,needs_manual_classification,,,glucose,true,https://europepmc.org/article/MED/42051485
EUROPEPMC:42072163,PubMed,42072163,10.3390/antiox15040522,42072163,"Microbiota-Gut-Brain Axis Disruption, Neuroinflammation, and Potential Antioxidant-Based Treatments in Metabolic Diseases.",2026,literature,medium,2,needs_manual_classification,,,glucose;microbiome,true,https://europepmc.org/article/MED/42072163
EUROPEPMC:41762381,PubMed,41762381,10.1007/s13300-026-01851-x,41762381,Gut Microbiota and Metabolic Health: From Dysbiosis to Therapeutics.,2026,literature,medium,2,needs_manual_classification,,,glucose;microbiome,true,https://europepmc.org/article/MED/41762381
EUROPEPMC:40825719,PubMed,40825719,10.3350/cmh.2025.0718,40825719,Pediatric metabolic dysfunction-associated steatotic liver disease and the gut microbiome: from research landscape to targeted modulation.,2026,literature,medium,2,needs_manual_classification,,,glucose;microbiome,true,https://europepmc.org/article/MED/40825719
EUROPEPMC:41999447,PubMed,41999447,10.1007/s12325-026-03577-5,41999447,Reconsidering Obesity in India Through a Gut-Metabolic Lens: Mechanistic Insights and the Emerging Role of Synbiotics in Individuals with the Thin-Fat Phenotype.,2026,literature,medium,2,needs_manual_classification,synbiotic,,glucose,true,https://europepmc.org/article/MED/41999447
EUROPEPMC:10.64898/2026.04.07.716956,publisher supplementary data,10.64898/2026.04.07.716956,10.64898/2026.04.07.716956,,Engineered Lactate Catabolizing Probiotics Reveal Timescale Dependent Microbiome-Host Metabolic Coupling,2026,literature,medium,2,needs_manual_classification,probiotic,,glucose;microbiome,true,
EUROPEPMC:41850442,PubMed,41850442,10.1016/j.jsbmb.2026.106998,41850442,Targeting 7-ketocholesterol-driven metabolic dysfunction in obesity: Therapeutic potential of Bifidobacterium and dietary antioxidants.,2026,literature,medium,2,needs_manual_classification,,Bifidobacterium,lipid;glucose,true,https://europepmc.org/article/MED/41850442
PMID:42157654,PubMed,42157654,10.1002/mnfr.70495,42157654,"Gut Microbiota as a Mediator of Sarcopenic Obesity: Mechanisms, Modifiable Factors, and Healthcare Burden.",2026,literature,medium,2,needs_manual_classification,,,microbiome,true,https://pubmed.ncbi.nlm.nih.gov/42157654/
PMID:41882376,PubMed,41882376,10.1038/s41390-026-04877-w,41882376,Genetically mediated causal relationship between gut microbiota composition and childhood obesity.,2026,literature,medium,2,needs_manual_classification,,,microbiome,true,https://pubmed.ncbi.nlm.nih.gov/41882376/
PMID:41812148,PubMed,41812148,10.1093/nutrit/nuaf255,41812148,"Effects of Polyphenols on Gut Health and Inflammation in Overweight and Obese Populations: A Systematic Review and Meta-analysis of Dose, Duration, and Food Matrix.",2026,literature,medium,2,meta_analysis_or_systematic_review,,,weight,true,https://pubmed.ncbi.nlm.nih.gov/41812148/
PMID:41499920,PubMed,41499920,10.1016/j.clnu.2025.106558,41499920,Gut microbiota composition and derived enterotypes are associated with ponderal status in preschool children. Childhood obesity risk assessment longitudinal study (CORALS) cohort.,2026,literature,medium,2,needs_manual_classification,,,microbiome,true,https://pubmed.ncbi.nlm.nih.gov/41499920/
PMID:42243519,PubMed,42243519,10.1038/s41366-026-02121-3,42243519,"Exercise reprograms the gut microbiota to enhance metabolic outcomes after bariatric surgery: a translational, cross-species study.",2026,literature,medium,2,needs_manual_classification,,,glucose;microbiome,true,https://pubmed.ncbi.nlm.nih.gov/42243519/
PMID:41754080,PubMed,41754080,10.3390/nu18040563,41754080,Associations Between Gut Microbiome Enterotypes and Body Weight Change During Whole Milk Consumption.,2026,literature,medium,2,needs_manual_classification,,,weight;microbiome,true,https://pubmed.ncbi.nlm.nih.gov/41754080/
PMID:41711285,PubMed,41711285,10.1080/19490976.2026.2631824,41711285,Children's gut microbiota predicts the efficacy of obesity treatment.,2026,literature,medium,2,needs_manual_classification,,,microbiome,true,https://pubmed.ncbi.nlm.nih.gov/41711285/
PMID:41486320,PubMed,41486320,10.1007/s13668-025-00719-z,41486320,Exploring Paraprobiotics and Postbiotics: A New Frontier in Obesity Treatment via Gut Microbiota Modulation.,2026,literature,medium,2,needs_manual_classification,probiotic;postbiotic,,microbiome,true,https://pubmed.ncbi.nlm.nih.gov/41486320/
PMID:41205303,PubMed,41205303,10.1016/j.micres.2025.128393,41205303,Bacteroides acidifaciens alleviates high-fat diet-induced obesity-related osteoporosis by regulating gut microbiota and bile acid metabolism via the gut-bone axis.,2026,literature,medium,2,needs_manual_classification,,,microbiome,true,https://pubmed.ncbi.nlm.nih.gov/41205303/
PMID:41961895,PubMed,41961895,10.1111/jpc.70344,41961895,"Effects of Probiotic and Synbiotic Supplementation on Metabolic and Hepatic Outcomes in Children and Adolescents With Obesity, Including Those With Obesity-Related Metabolic Dysfunction-Associated Steatotic Liver Disease: A Systematic Review and Meta-Analysis.",2026,literature,medium,2,meta_analysis_or_systematic_review,probiotic;synbiotic,,glucose,true,https://pubmed.ncbi.nlm.nih.gov/41961895/
PMID:41871887,PubMed,41871887,10.1111/jog.70244,41871887,Effects of Nutritional Supplement Intake on Pregnancy Outcomes in Overweight and Obese Women: A Systematic Review and Meta-Analysis.,2026,literature,medium,2,meta_analysis_or_systematic_review,,,weight,true,https://pubmed.ncbi.nlm.nih.gov/41871887/
PMID:41520880,PubMed,41520880,10.1016/j.clnesp.2026.102911,41520880,The role of the gut microbiome in childhood obesity: Mechanistic insights and community-based interventions.,2026,literature,medium,2,needs_manual_classification,,,microbiome,true,https://pubmed.ncbi.nlm.nih.gov/41520880/
EUROPEPMC:41133047,PubMed,41133047,10.7759/cureus.92881,41133047,Efficacy of Gut Microbiome-Targeted Therapies in Modulating Systemic Inflammation and Low-Grade Chronic Inflammatory States in Adults With Metabolic Disorders: A Systematic Review.,2025,literature,medium,2,meta_analysis_or_systematic_review,,,glucose;microbiome,true,https://europepmc.org/article/MED/41133047
EUROPEPMC:41426235,PubMed,41426235,10.2147/tcrm.s540144,41426235,Modulating Metabolic Health and Physiological Functions: Advances in Dietary Interventions Targeting Gut Microbiota.,2025,literature,medium,2,needs_manual_classification,,,glucose;microbiome,true,https://europepmc.org/article/MED/41426235
EUROPEPMC:40917104,PubMed,40917104,10.1210/jendso/bvaf130,40917104,Exploring the Role of the Gut Microbiome Across the Lifespan: Implications for Aging and Metabolic Disorders.,2025,literature,medium,2,needs_manual_classification,,,glucose;microbiome,true,https://europepmc.org/article/MED/40917104
EUROPEPMC:40295195,PubMed,40295195,10.4014/jmb.2501.01024,40295195,"Microbiome, Potential Therapeutic Agents: New Players of Obesity Treatment.",2025,literature,medium,2,needs_manual_classification,,,microbiome,true,https://europepmc.org/article/MED/40295195
EUROPEPMC:41299785,PubMed,41299785,10.1186/s41043-025-01137-1,41299785,Association of the dietary index for gut microbiota with metabolic syndrome and its components combining interpretable machine learning algorithms.,2025,literature,medium,2,needs_manual_classification,,,glucose;microbiome,true,https://europepmc.org/article/MED/41299785
EUROPEPMC:41373658,PubMed,41373658,10.3390/ijms262311503,41373658,Gut Microbiota and Short-Chain Fatty Acids: Key Factors in Pediatric Obesity and Therapeutic Targets.,2025,literature,medium,2,needs_manual_classification,,,microbiome,true,https://europepmc.org/article/MED/41373658
EUROPEPMC:40137132,PubMed,40137132,10.3390/metabo15030167,40137132,The Functions of Major Gut Microbiota in Obesity and Type 2 Diabetes.,2025,literature,medium,2,needs_manual_classification,,,microbiome,true,https://europepmc.org/article/MED/40137132
EUROPEPMC:40431370,PubMed,40431370,10.3390/nu17101630,40431370,The Role of Nutraceuticals and Probiotics in Addition to Lifestyle Intervention in the Management of Childhood Obesity-Part 1: Metabolic Changes.,2025,literature,medium,2,needs_manual_classification,probiotic,,glucose,true,https://europepmc.org/article/MED/40431370
EUROPEPMC:40904889,PubMed,40904889,10.3748/wjg.v31.i30.108680,40904889,From gut microbial ecology to lipid homeostasis: Decoding the role of gut microbiota in dyslipidemia pathogenesis and intervention.,2025,literature,medium,2,needs_manual_classification,,,lipid;microbiome,true,https://europepmc.org/article/MED/40904889
EUROPEPMC:39159270,PubMed,39159270,10.1111/febs.17249,39159270,Obesity and the gut microbiota: implications of neuroendocrine and immune signaling.,2025,literature,medium,2,needs_manual_classification,,,microbiome,true,https://europepmc.org/article/MED/39159270
EUROPEPMC:41220421,PubMed,41220421,10.1155/sci5/3367875,41220421,Therapeutic Potential Targeting Gut Microbiota Modulation With Emphasis on <i>Lactobacillus</i> spp. in Common Metabolic Disorders: A Systematic Review.,2025,literature,medium,2,meta_analysis_or_systematic_review,,Lactobacillus,glucose;microbiome,true,https://europepmc.org/article/MED/41220421
EUROPEPMC:41011021,PubMed,41011021,10.3390/medicina61091630,41011021,The Gut Microbiota Axis in Social Jetlag: A Novel Framework for Metabolic Dysfunction and Chronotherapeutic Innovation.,2025,literature,medium,2,needs_manual_classification,,,glucose;microbiome,true,https://europepmc.org/article/MED/41011021
EUROPEPMC:41374064,PubMed,41374064,10.3390/nu17233774,41374064,Marine-Algal-Derived Postbiotics Modulating the Gut Microbiota-Adipose Tissue Axis in Obesity: A New Frontier.,2025,literature,medium,2,needs_manual_classification,postbiotic,,microbiome,true,https://europepmc.org/article/MED/41374064
EUROPEPMC:41302164,PubMed,41302164,10.3390/life15111740,41302164,Probiotics and Phytoantioxidants Target Coronary Endothelial Dysfunction in Irregular Sleep- and Obesity-Associated Cardiometabolic Syndrome.,2025,literature,medium,2,needs_manual_classification,probiotic,,glucose,true,https://europepmc.org/article/MED/41302164
EUROPEPMC:41246285,PubMed,41246285,10.3389/fmedt.2025.1695329,41246285,Microbiome-based therapeutics for metabolic disorders: harnessing microbial intrusions for treatment.,2025,literature,medium,2,needs_manual_classification,,,glucose;microbiome,true,https://europepmc.org/article/MED/41246285
EUROPEPMC:40893881,PubMed,40893881,10.3389/fmed.2025.1618275,40893881,"Metabolic Dysfunction-Associated Steatotic Liver Disease (MASLD): the interplay of gut microbiome, insulin resistance, and diabetes.",2025,literature,medium,2,needs_manual_classification,,,glucose;microbiome,true,https://europepmc.org/article/MED/40893881
EUROPEPMC:41373952,PubMed,41373952,10.3390/nu17233661,41373952,Obesity and Diabetes in Mexico: An Approach to the Intestinal Microbiota.,2025,literature,medium,2,needs_manual_classification,,,microbiome,true,https://europepmc.org/article/MED/41373952
EUROPEPMC:41080326,PubMed,41080326,10.7759/cureus.92020,41080326,Gut Microbiota Modulation in Type 2 Diabetes and Cardiometabolic Risk: A Systematic Review.,2025,literature,medium,2,meta_analysis_or_systematic_review,,,glucose;microbiome,true,https://europepmc.org/article/MED/41080326
EUROPEPMC:40877311,PubMed,40877311,10.1038/s41467-025-62752-4,40877311,Long-term health outcomes in adolescents with obesity treated with faecal microbiota transplantation: 4-year follow-up.,2025,literature,medium,2,needs_manual_classification,,,microbiome,true,https://europepmc.org/article/MED/40877311
EUROPEPMC:39944116,PubMed,39944116,10.1017/gmb.2024.12,39944116,"The effect of probiotics, prebiotics and synbiotics on gut microbial community profile in overweight and obese Latin American and Caribbean populations: a systematic review of human trials.",2025,literature,medium,2,meta_analysis_or_systematic_review,probiotic;prebiotic;synbiotic,,weight,true,https://europepmc.org/article/MED/39944116
PMID:40637175,PubMed,40637175,10.1002/14651858.CD015875,40637175,Gut microbiome-based interventions for the management of obesity in children and adolescents aged up to 19 years.,2025,literature,medium,2,needs_manual_classification,,,microbiome,true,https://pubmed.ncbi.nlm.nih.gov/40637175/
PMID:41348832,PubMed,41348832,10.1371/journal.pone.0337760,41348832,"Human-derived fecal virome transplantation (FVT) reshapes the murine gut microbiota and virome, enhancing glucose regulation.",2025,literature,medium,2,needs_manual_classification,,,glucose;microbiome,true,https://pubmed.ncbi.nlm.nih.gov/41348832/
PMID:40434504,PubMed,40434504,10.1007/s12602-025-10605-3,40434504,Harnessing Probiotics: Exploring the Role of the Gut Microbiome in Combating Obesity.,2025,literature,medium,2,needs_manual_classification,probiotic,,microbiome,true,https://pubmed.ncbi.nlm.nih.gov/40434504/
PMID:41450549,PubMed,41450549,10.3389/fnut.2025.1703255,41450549,"Exploring the interplay between diet, obesity, mental health, and the gut microbiota: the MIND-GUT intervention study, study protocol.",2025,literature,medium,2,needs_manual_classification,,,microbiome,true,https://pubmed.ncbi.nlm.nih.gov/41450549/
PMID:40289103,PubMed,40289103,10.1186/s12866-025-03968-8,40289103,Gut microbiome links obesity to type 2 diabetes: insights from Mendelian randomization.,2025,literature,medium,2,needs_manual_classification,,,microbiome,true,https://pubmed.ncbi.nlm.nih.gov/40289103/
PMID:39137936,PubMed,39137936,10.1080/10408398.2024.2382352,39137936,"An encompassing review of meta-analyses and systematic reviews of the effect of oats on all-cause mortality, cardiovascular risk, diabetes risk, body weight/adiposity and gut health.",2025,literature,medium,2,meta_analysis_or_systematic_review,,,weight,true,https://pubmed.ncbi.nlm.nih.gov/39137936/
PMID:40814108,PubMed,40814108,10.1186/s12967-025-06927-z,40814108,Postbiotics as a novel intervention for obesity management and improving metabolic parameters: a systematic review and meta-analysis of animal studies.,2025,literature,medium,2,meta_analysis_or_systematic_review,postbiotic,,glucose,true,https://pubmed.ncbi.nlm.nih.gov/40814108/
PMID:40192559,PubMed,40192559,10.1089/jmf.2023.0233,40192559,The Effect of Prebiotics and Probiotics (Synbiotics) on Weight Loss and Biochemical Parameters in Obese Individuals.,2025,literature,medium,2,needs_manual_classification,probiotic;prebiotic;synbiotic,,weight,true,https://pubmed.ncbi.nlm.nih.gov/40192559/
PMID:39984625,PubMed,39984625,10.1038/s41598-025-90820-8,39984625,Effects of oral supplementation of probiotics on body weight and visceral fat in obese patients: a meta-analysis and systematic review.,2025,literature,medium,2,meta_analysis_or_systematic_review,probiotic,,weight,true,https://pubmed.ncbi.nlm.nih.gov/39984625/
PMID:39997695,PubMed,39997695,10.3390/metabo15020070,39997695,Synergistic Effects of Probiotics and Lifestyle Interventions on Intestinal Microbiota Composition and Clinical Outcomes in Obese Adults.,2025,literature,medium,2,needs_manual_classification,probiotic,,microbiome,true,https://pubmed.ncbi.nlm.nih.gov/39997695/
EUROPEPMC:38903852,PubMed,38903852,10.1002/osp4.759,38903852,Use of probiotics in preventing and treating excess weight and obesity. A systematic review.,2024,literature,medium,2,meta_analysis_or_systematic_review,probiotic,,weight,true,https://europepmc.org/article/MED/38903852
EUROPEPMC:39421246,PubMed,39421246,10.20517/mrr.2024.05,39421246,"Probiotics, prebiotics, synbiotics and other microbiome-based innovative therapeutics to mitigate obesity and enhance longevity via the gut-brain axis.",2024,literature,medium,2,needs_manual_classification,probiotic;prebiotic;synbiotic,,microbiome,true,https://europepmc.org/article/MED/39421246
EUROPEPMC:37771199,PubMed,37771199,10.1002/edm2.436,37771199,Human gut microbiome: Therapeutic opportunities for metabolic syndrome-Hype or hope?,2024,literature,medium,2,needs_manual_classification,,,glucose;microbiome,true,https://europepmc.org/article/MED/37771199
PMID:38409604,PubMed,38409604,10.1038/s42255-024-00988-y,38409604,Resistant starch intake facilitates weight loss in humans by reshaping the gut microbiota.,2024,literature,medium,2,needs_manual_classification,,,weight;microbiome,true,https://pubmed.ncbi.nlm.nih.gov/38409604/
PMID:39668899,PubMed,39668899,10.3389/fnut.2024.1438876,39668899,"Gut microbiota, physical activity and/or metabolic markers in healthy individuals - towards new biomarkers of health.",2024,literature,medium,2,needs_manual_classification,,,glucose;microbiome,true,https://pubmed.ncbi.nlm.nih.gov/39668899/
PMID:38975363,PubMed,38975363,10.1136/gpsych-2023-101412,38975363,"Dissecting the association between gut microbiota, body mass index and specific depressive symptoms: a mediation Mendelian randomisation study.",2024,literature,medium,2,needs_manual_classification,,,BMI;microbiome,true,https://pubmed.ncbi.nlm.nih.gov/38975363/
PMID:38828839,PubMed,38828839,10.1111/dom.15692,38828839,Exploring causal effects of gut microbiota and metabolites on body fat percentage using two-sample Mendelian randomization.,2024,literature,medium,2,needs_manual_classification,,,body_composition;microbiome,true,https://pubmed.ncbi.nlm.nih.gov/38828839/
PMID:39458486,PubMed,39458486,10.3390/nu16203491,39458486,Microbiota Transplantation in Individuals with Type 2 Diabetes and a High Degree of Insulin Resistance.,2024,literature,medium,2,needs_manual_classification,,,glucose;microbiome,true,https://pubmed.ncbi.nlm.nih.gov/39458486/
PMID:38953736,PubMed,38953736,10.1039/d4fo01269k,38953736,"Beneficial effects of a new probiotic formulation on adipocytokines, appetite-regulating hormones, and metabolic parameters in obese women.",2024,literature,medium,2,needs_manual_classification,probiotic,,glucose,true,https://pubmed.ncbi.nlm.nih.gov/38953736/
PMID:39033197,PubMed,39033197,10.1038/s41366-024-01590-8,39033197,Enhancing gut microbiota and microbial function with inulin supplementation in children with obesity.,2024,literature,medium,2,needs_manual_classification,,,microbiome,true,https://pubmed.ncbi.nlm.nih.gov/39033197/
PMID:39400776,PubMed,39400776,10.1186/s13568-024-01769-2,39400776,Impact of bariatric surgery on gut microbiota composition in obese patients compared to healthy controls.,2024,literature,medium,2,needs_manual_classification,,,microbiome,true,https://pubmed.ncbi.nlm.nih.gov/39400776/
PMID:39125666,PubMed,39125666,10.3390/ijms25158098,39125666,Metabolic Syndrome and Psoriasis: Pivotal Roles of Chronic Inflammation and Gut Microbiota.,2024,literature,medium,2,needs_manual_classification,,,glucose;microbiome,true,https://pubmed.ncbi.nlm.nih.gov/39125666/
PMID:38940505,PubMed,38940505,10.1128/cmr.00045-23,38940505,Role of the intestinal microbiota in contributing to weight disorders and associated comorbidities.,2024,literature,medium,2,needs_manual_classification,,,weight;microbiome,true,https://pubmed.ncbi.nlm.nih.gov/38940505/
EUROPEPMC:37474971,PubMed,37474971,10.1186/s13099-023-00563-y,37474971,Effects of synbiotic supplementation on intestinal microbiota composition in children and adolescents with exogenous obesity: (Probesity-2 trial).,2023,literature,medium,2,needs_manual_classification,synbiotic,,microbiome,true,https://europepmc.org/article/MED/37474971
EUROPEPMC:37661739,PubMed,37661739,10.1098/rstb.2022.0221,37661739,Questioning the foundations of the gut microbiota and obesity.,2023,literature,medium,2,needs_manual_classification,,,microbiome,true,https://europepmc.org/article/MED/37661739
PMID:37642346,PubMed,37642346,10.1080/19490976.2023.2250482,37642346,"Gut microbiome diversity, variability, and latent community types compared with shifts in body weight during the freshman year of college in dormitory-housed adolescents.",2023,literature,medium,2,needs_manual_classification,,,weight;microbiome,true,https://pubmed.ncbi.nlm.nih.gov/37642346/
PMID:37916149,PubMed,37916149,10.3389/fendo.2023.1181744,37916149,A specific gut microbiota signature is associated with an enhanced GLP-1 and GLP-2 secretion and improved metabolic control in patients with type 2 diabetes after metabolic Roux-en-Y gastric bypass.,2023,literature,medium,2,needs_manual_classification,,,glucose;microbiome,true,https://pubmed.ncbi.nlm.nih.gov/37916149/
PMID:37602197,PubMed,37602197,10.1007/s13755-023-00236-9,37602197,Gut microbiome biomarkers in adolescent obesity: a regional study.,2023,literature,medium,2,needs_manual_classification,,,microbiome,true,https://pubmed.ncbi.nlm.nih.gov/37602197/
PMID:37083403,PubMed,37083403,10.1089/met.2022.0071,37083403,Gut Microbiota and Serum Metabolites in Individuals with Class III Obesity Without Type 2 Diabetes Mellitus: Pilot Analysis.,2023,literature,medium,2,needs_manual_classification,,,microbiome,true,https://pubmed.ncbi.nlm.nih.gov/37083403/
PMID:36674104,PubMed,36674104,10.3390/ijerph20021348,36674104,Effects of a Diet Containing Sources of Prebiotics and Probiotics and Modification of the Gut Microbiota on the Reduction of Body Fat.,2023,literature,medium,2,needs_manual_classification,probiotic;prebiotic,,body_composition;microbiome,true,https://pubmed.ncbi.nlm.nih.gov/36674104/
PMID:37562188,PubMed,37562188,10.1016/j.nut.2023.112111,37562188,Does gut microbiota affect the success of weight loss? Evidence and speculation.,2023,literature,medium,2,needs_manual_classification,,,weight;microbiome,true,https://pubmed.ncbi.nlm.nih.gov/37562188/
PMID:37915619,PubMed,37915619,10.3389/fnut.2023.1282376,37915619,A nutritional supplement taken during preconception and pregnancy influences human milk macronutrients in women with overweight/obesity and gestational diabetes mellitus.,2023,literature,medium,2,needs_manual_classification,,,weight,true,https://pubmed.ncbi.nlm.nih.gov/37915619/
EUROPEPMC:36530587,PubMed,36530587,10.2147/dmso.s378396,36530587,Microbiome-Targeted Therapies as an Adjunct to Traditional Weight Loss Interventions: A Systematic Review and Meta-Analysis.,2022,literature,medium,2,meta_analysis_or_systematic_review,,,weight;microbiome,true,https://europepmc.org/article/MED/36530587
EUROPEPMC:34973469,PubMed,34973469,10.1016/j.molmet.2021.101427,34973469,Microbiota and body weight control: Weight watchers within?,2022,literature,medium,2,needs_manual_classification,,,weight;microbiome,true,https://europepmc.org/article/MED/34973469
EUROPEPMC:36313072,PubMed,36313072,10.3389/fnut.2022.1018212,36313072,Gut microbiota and obesity: New insights.,2022,literature,medium,2,needs_manual_classification,,,microbiome,true,https://europepmc.org/article/MED/36313072
PMID:36615804,PubMed,36615804,10.3390/nu15010147,36615804,"Effects of a Novel Infant Formula on Weight Gain, Body Composition, Safety and Tolerability to Infants: The INNOVA 2020 Study.",2022,literature,medium,2,needs_manual_classification,,,weight;body_composition,true,https://pubmed.ncbi.nlm.nih.gov/36615804/
PMID:36091491,PubMed,36091491,10.1016/j.xinn.2022.100304,36091491,Multi-omic analyses identify mucosa bacteria and fecal metabolites associated with weight loss after fecal microbiota transplantation.,2022,literature,medium,2,needs_manual_classification,,,weight;microbiome,true,https://pubmed.ncbi.nlm.nih.gov/36091491/
PMID:35467389,PubMed,35467389,10.1128/spectrum.00837-22,35467389,Whole-Genome Shotgun Metagenomic Sequencing Reveals Distinct Gut Microbiome Signatures of Obese Cats.,2022,literature,medium,2,needs_manual_classification,,,microbiome,true,https://pubmed.ncbi.nlm.nih.gov/35467389/
PMID:36281657,PubMed,36281657,10.1039/d2fo02185d,36281657,Algal polysaccharides and derivatives as potential therapeutics for obesity and related metabolic diseases.,2022,literature,medium,2,needs_manual_classification,,,glucose,true,https://pubmed.ncbi.nlm.nih.gov/36281657/
EUROPEPMC:34065217,PubMed,34065217,10.3390/microorganisms9051098,34065217,"<i>Akkermansia muciniphila,</i> a New Generation of Beneficial Microbiota in Modulating Obesity: A Systematic Review.",2021,literature,medium,2,meta_analysis_or_systematic_review,,Akkermansia,microbiome,true,https://europepmc.org/article/MED/34065217
EUROPEPMC:34836254,PubMed,34836254,10.3390/nu13113999,34836254,Impact of Exercise on Gut Microbiota in Obesity.,2021,literature,medium,2,needs_manual_classification,,,microbiome,true,https://europepmc.org/article/MED/34836254
EUROPEPMC:33722164,PubMed,33722164,10.1080/19490976.2021.1894070,33722164,The impact of the gut microbiota on the reproductive and metabolic endocrine system.,2021,literature,medium,2,needs_manual_classification,,,glucose;microbiome,true,https://europepmc.org/article/MED/33722164
PMID:34946095,PubMed,34946095,10.3390/microorganisms9122493,34946095,Metagenome-Scale Metabolic Network Suggests Folate Produced by Bifidobacterium longum Might Contribute to High-Fiber-Diet-Induced Weight Loss in a Prader-Willi Syndrome Child.,2021,literature,medium,2,needs_manual_classification,,Bifidobacterium,weight;glucose,true,https://pubmed.ncbi.nlm.nih.gov/34946095/
PMID:34684633,PubMed,34684633,10.3390/nu13103627,34684633,Effects of Probiotics and Synbiotics on Weight Loss in Subjects with Overweight or Obesity: A Systematic Review.,2021,literature,medium,2,meta_analysis_or_systematic_review,probiotic;synbiotic,,weight,true,https://pubmed.ncbi.nlm.nih.gov/34684633/
PMID:33459204,PubMed,33459204,10.3920/BM2020.0111,33459204,Probiotics as a therapeutic strategy in obesity and overweight: a systematic review.,2021,literature,medium,2,meta_analysis_or_systematic_review,probiotic,,weight,true,https://pubmed.ncbi.nlm.nih.gov/33459204/
PMID:31250099,PubMed,31250099,10.1007/s00394-019-02034-0,31250099,Gut microbiota is associated with adiposity markers and probiotics may impact specific genera.,2020,literature,medium,2,needs_manual_classification,probiotic,,microbiome,true,https://pubmed.ncbi.nlm.nih.gov/31250099/
PMID:32610476,PubMed,32610476,10.3390/nu12071921,32610476,Probiotic Strains and Intervention Total Doses for Modulating Obesity-Related Microbiota Dysbiosis: A Systematic Review and Meta-analysis.,2020,literature,medium,2,meta_analysis_or_systematic_review,probiotic,,microbiome,true,https://pubmed.ncbi.nlm.nih.gov/32610476/
PMID:31370223,PubMed,31370223,10.3390/nu11081761,31370223,Lactobacillus reuteri V3401 Reduces Inflammatory Biomarkers and Modifies the Gastrointestinal Microbiome in Adults with Metabolic Syndrome: The PROSIR Study.,2019,literature,medium,2,needs_manual_classification,,Lactobacillus,glucose;microbiome,true,https://pubmed.ncbi.nlm.nih.gov/31370223/
PMID:31064150,PubMed,31064150,10.3390/nu11051017,31064150,Mulberry Leaf Polyphenols and Fiber Induce Synergistic Antiobesity and Display a Modulation Effect on Gut Microbiota and Metabolites.,2019,literature,medium,2,needs_manual_classification,,,microbiome,true,https://pubmed.ncbi.nlm.nih.gov/31064150/
PMID:29568104,PubMed,29568104,10.1038/s41366-018-0046-9,29568104,Gut-microbiome-related LCT genotype and 2-year changes in body composition and fat distribution: the POUNDS Lost Trial.,2018,literature,medium,2,needs_manual_classification,,,body_composition;microbiome,true,https://pubmed.ncbi.nlm.nih.gov/29568104/
PMID:28396144,PubMed,28396144,10.1053/j.gastro.2017.03.051,28396144,"Supplementation of Diet With Galacto-oligosaccharides Increases Bifidobacteria, but Not Insulin Sensitivity, in Obese Prediabetic Individuals.",2017,literature,medium,2,needs_manual_classification,,,glucose,true,https://pubmed.ncbi.nlm.nih.gov/28396144/
PMID:27966574,PubMed,27966574,10.1038/ejcn.2016.249,27966574,Acute increases in serum colonic short-chain fatty acids elicited by inulin do not increase GLP-1 or PYY responses but may reduce ghrelin in lean and overweight humans.,2017,literature,medium,2,needs_manual_classification,,,weight,true,https://pubmed.ncbi.nlm.nih.gov/27966574/
PMID:26792677,PubMed,26792677,10.1016/j.micpath.2016.01.002,26792677,Microbiota manipulation for weight change.,2017,literature,medium,2,needs_manual_classification,,,weight;microbiome,true,https://pubmed.ncbi.nlm.nih.gov/26792677/
PMID:24830782,PubMed,24830782,10.1007/s00394-014-0715-y,24830782,Probiotics during weaning: a follow-up study on effects on body composition and metabolic markers at school age.,2015,literature,medium,2,needs_manual_classification,probiotic,,body_composition;glucose,true,https://pubmed.ncbi.nlm.nih.gov/24830782/
PMID:26259892,PubMed,26259892,10.3920/BM2015.0011,26259892,"Effects of synbiotic on anthropometry, lipid profile and oxidative stress in obese children.",2015,literature,medium,2,needs_manual_classification,synbiotic,,lipid,true,https://pubmed.ncbi.nlm.nih.gov/26259892/
PMID:25079040,PubMed,25079040,10.1080/07315724.2013.874937,25079040,Effects of probiotic yogurt on fat distribution and gene expression of proinflammatory factors in peripheral blood mononuclear cells in overweight and obese people with or without weight-loss diet.,2014,literature,medium,2,needs_manual_classification,probiotic,,weight,true,https://pubmed.ncbi.nlm.nih.gov/25079040/
PMID:24299712,PubMed,24299712,10.1017/S0007114513003875,24299712,Effect of Lactobacillus rhamnosus CGMCC1.3724 supplementation on weight loss and maintenance in obese men and women.,2014,literature,medium,2,needs_manual_classification,,Lactobacillus,weight,true,https://pubmed.ncbi.nlm.nih.gov/24299712/
PMID:23442391,PubMed,23442391,10.1186/1471-2393-13-50,23442391,SPRING: an RCT study of probiotics in the prevention of gestational diabetes mellitus in overweight and obese women.,2013,literature,medium,2,needs_manual_classification,probiotic,,weight,true,https://pubmed.ncbi.nlm.nih.gov/23442391/
PMID:23510724,PubMed,23510724,10.1016/j.clnu.2013.02.007,23510724,Effect of Lactobacillus salivarius Ls-33 on fecal microbiota in obese adolescents.,2013,literature,medium,2,needs_manual_classification,,Lactobacillus,microbiome,true,https://pubmed.ncbi.nlm.nih.gov/23510724/
PMID:22695039,PubMed,22695039,10.1097/MPG.0b013e318263066c,22695039,Probiotics to adolescents with obesity: effects on inflammation and metabolic syndrome.,2012,literature,medium,2,needs_manual_classification,probiotic,,glucose,true,https://pubmed.ncbi.nlm.nih.gov/22695039/
PMID:20876708,PubMed,20876708,10.2337/dc10-0556,20876708,"Obesity, diabetes, and gut microbiota: the hygiene hypothesis expanded?",2010,literature,medium,2,needs_manual_classification,,,microbiome,true,https://pubmed.ncbi.nlm.nih.gov/20876708/
EUROPEPMC:PMC13236860,publisher supplementary data,PMC13236860,,,Precision nutrition targeting the gut microbiota for weight management: mechanisms and applications,,literature,medium,2,needs_manual_classification,,,weight;microbiome,true,
EUROPEPMC:41692128,PubMed,41692128,10.1016/j.advnut.2026.100605,41692128,Diet and Exercise Interventions in Pediatric Cancer Survivors and Effects on Cardiometabolic Disease Risk and Inflammaging Biomarkers: A Systematic Review.,2026,literature,medium,1,meta_analysis_or_systematic_review,,,glucose,true,https://europepmc.org/article/MED/41692128
EUROPEPMC:41783897,PubMed,41783897,10.1515/mr-2025-0048,41783897,"Obesity: current developments in mechanisms, diagnosis, classification and the evolution of personalized management.",2026,literature,medium,1,needs_manual_classification,,,,true,https://europepmc.org/article/MED/41783897
EUROPEPMC:41656244,PubMed,41656244,10.1186/s12967-026-07836-5,41656244,Multiomics: the intersection of personalized nutrition in cardiometabolic diseases.,2026,literature,medium,1,needs_manual_classification,,,glucose,true,https://europepmc.org/article/MED/41656244
EUROPEPMC:41718117,PubMed,41718117,10.3390/medsci14010070,41718117,"Childhood Obesity: A Multisystem Challenge Linking Hypertension, NAFLD, and Sleep Apnea.",2026,literature,medium,1,needs_manual_classification,,,,true,https://europepmc.org/article/MED/41718117
EUROPEPMC:41640966,PubMed,41640966,10.4254/wjh.v18.i1.111211,41640966,Fighting the epidemic of pediatric metabolic dysfunction-associated steatotic liver disease: Role of non-invasive diagnostics and early pharmacological intervention.,2026,literature,medium,1,needs_manual_classification,,,glucose,true,https://europepmc.org/article/MED/41640966
EUROPEPMC:42196504,PubMed,42196504,10.3390/ijms27104527,42196504,Current Understanding of Probiotic Strains and Immune Function: From Gut Microbiota to Systemic Immunity.,2026,literature,medium,1,needs_manual_classification,probiotic,,microbiome,true,https://europepmc.org/article/MED/42196504
EUROPEPMC:PMC13093847,publisher supplementary data,PMC13093847,,,"Obesity and Natural Products: Mechanisms, Therapeutic Potential, and Future Directions",2026,literature,medium,1,needs_manual_classification,,,,true,
EUROPEPMC:41867670,PubMed,41867670,10.3389/fnut.2026.1795035,41867670,Evaluation of nutritional interventions and their impact on metabolic syndrome risk markers in older adults.,2026,literature,medium,1,needs_manual_classification,,,glucose,true,https://europepmc.org/article/MED/41867670
EUROPEPMC:PMC13237850,publisher supplementary data,PMC13237850,,,"Nutritional priorities to support GLP-1 therapy for obesity: a joint Advisory from the American College of Lifestyle Medicine, the American Society for Nutrition, the Obesity Medicine Association, and The Obesity Society",2026,literature,medium,1,needs_manual_classification,,,,true,
EUROPEPMC:41746476,PubMed,41746476,10.1007/s13668-026-00732-w,41746476,"The Gut-Brain Axis in Obesity: Mechanisms, Development, and Therapeutic Perspectives.",2026,literature,medium,1,needs_manual_classification,,,,true,https://europepmc.org/article/MED/41746476
EUROPEPMC:41774188,PubMed,41774188,10.1007/s00018-025-06022-y,41774188,"Microbes, mood, and metabolism/obesity: Pharmacological insights into the gut-obesity-depression triad.",2026,literature,medium,1,needs_manual_classification,,,,true,https://europepmc.org/article/MED/41774188
EUROPEPMC:41883787,PubMed,41883787,10.3389/fmicb.2026.1782361,41883787,Maternal probiotic and prebiotic supplementation on glucose metabolism in pregnant women and their offspring: effects and related mechanisms.,2026,literature,medium,1,needs_manual_classification,probiotic;prebiotic,,glucose,true,https://europepmc.org/article/MED/41883787
EUROPEPMC:41769660,PubMed,41769660,10.3389/fnut.2026.1729480,41769660,Retrospective insights into probiotic and prebiotic interventions: associations with gut microbiota profiles and nutritional outcomes.,2026,literature,medium,1,needs_manual_classification,probiotic;prebiotic,,microbiome,true,https://europepmc.org/article/MED/41769660
EUROPEPMC:41745391,PubMed,41745391,10.3390/jpm16020099,41745391,Probiotics as Microbiome Modulators in Male Infertility: Rethinking Dysbiosis Across the Gut-Testis Axis.,2026,literature,medium,1,needs_manual_classification,probiotic,,microbiome,true,https://europepmc.org/article/MED/41745391
EUROPEPMC:41516407,PubMed,41516407,10.3390/ijms27010535,41516407,Inflammation and Resolution in Obesity-Related Cardiovascular Disease.,2026,literature,medium,1,needs_manual_classification,,,,true,https://europepmc.org/article/MED/41516407
EUROPEPMC:41782088,PubMed,41782088,10.1186/s12902-025-02153-2,41782088,"The relationship between intestinal flora and androgen level, glucose and lipid metabolism, inflammatory response and reproductive hormones: a systematic review and meta-analysis.",2026,literature,medium,1,meta_analysis_or_systematic_review,,,lipid;glucose,true,https://europepmc.org/article/MED/41782088
EUROPEPMC:41605465,PubMed,41605465,10.1152/ajpheart.00482.2025,41605465,Metabolic syndrome and a broken heart: trust your gut or risk your heart.,2026,literature,medium,1,needs_manual_classification,,,glucose,true,https://europepmc.org/article/MED/41605465
EUROPEPMC:42197026,PubMed,42197026,10.3390/nu18101565,42197026,Exercise and the Gut Microbiome: From Mechanisms to Clinical Applications.,2026,literature,medium,1,needs_manual_classification,,,microbiome,true,https://europepmc.org/article/MED/42197026
EUROPEPMC:42193156,PubMed,42193156,10.3390/antiox15050533,42193156,Oxidative Stress-Gut Microbiome Crosstalk: Intestinal Redox Imbalance and Probiotics Therapeutic Potential.,2026,literature,medium,1,needs_manual_classification,probiotic,,microbiome,true,https://europepmc.org/article/MED/42193156
EUROPEPMC:41683193,PubMed,41683193,10.3390/nu18030369,41683193,Gut Microbiota Impact on Cognitive Function in Humans.,2026,literature,medium,1,needs_manual_classification,,,microbiome,true,https://europepmc.org/article/MED/41683193
EUROPEPMC:41703894,PubMed,41703894,10.1002/bcp.70487,41703894,GLP-1 agonists and the gut microbiome: A bidirectional relationship.,2026,literature,medium,1,needs_manual_classification,,,microbiome,true,https://europepmc.org/article/MED/41703894
EUROPEPMC:PMC13203418,publisher supplementary data,PMC13203418,,,Oxidative Stress–Gut Microbiome Crosstalk: Intestinal Redox Imbalance and Probiotics Therapeutic Potential,2026,literature,medium,1,needs_manual_classification,probiotic,,microbiome,true,
EUROPEPMC:PMC13206985,publisher supplementary data,PMC13206985,,,Current Understanding of Probiotic Strains and Immune Function: From Gut Microbiota to Systemic Immunity,2026,literature,medium,1,needs_manual_classification,probiotic,,microbiome,true,
EUROPEPMC:42051455,PubMed,42051455,10.3389/fendo.2026.1747766,42051455,Gut microbiome dysbiosis in PCOS: from pathogenesis to microbiome-targeted therapies.,2026,literature,medium,1,needs_manual_classification,,,microbiome,true,https://europepmc.org/article/MED/42051455
EUROPEPMC:41788774,PubMed,41788774,10.3389/fendo.2026.1713408,41788774,Dietary interventions for modulating the gut microbiome in PCOS management.,2026,literature,medium,1,needs_manual_classification,,,microbiome,true,https://europepmc.org/article/MED/41788774
EUROPEPMC:42180565,PubMed,42180565,10.3389/fnut.2026.1819825,42180565,"Gestational constipation and the gut microbiota: mechanisms, interventions, and implications for maternal and offspring health.",2026,literature,medium,1,needs_manual_classification,,,microbiome,true,https://europepmc.org/article/MED/42180565
EUROPEPMC:42123927,PubMed,42123927,10.3390/nu18091325,42123927,The Role of Microbiome and Diet on Disease Activity and Immune-Inflammatory Status in Rheumatoid Arthritis.,2026,literature,medium,1,needs_manual_classification,,,microbiome,true,https://europepmc.org/article/MED/42123927
EUROPEPMC:42228606,PubMed,42228606,10.1080/19490976.2026.2681763,42228606,Microbial shifts in early life: the pediatric gut microbiome and its role in health and disease.,2026,literature,medium,1,needs_manual_classification,,,microbiome,true,https://europepmc.org/article/MED/42228606
EUROPEPMC:41696101,PubMed,41696101,10.4239/wjd.v17.i2.114124,41696101,"Gut microbiota dysbiosis, circulating microbial genetic traces, and their role in gestational diabetes.",2026,literature,medium,1,needs_manual_classification,,,microbiome,true,https://europepmc.org/article/MED/41696101
EUROPEPMC:41884636,PubMed,41884636,10.3389/fcvm.2026.1757348,41884636,"Engineered bacteria: a novel era for metabolic, cardiovascular and cerebrovascular diseases therapy.",2026,literature,medium,1,needs_manual_classification,,,glucose,true,https://europepmc.org/article/MED/41884636
EUROPEPMC:42133449,PubMed,42133449,10.1080/19490976.2026.2673888,42133449,Parental microbiome programming of early-life neurodevelopment: multi-niche contributions through the microbiome-gut-brain axis.,2026,literature,medium,1,needs_manual_classification,,,microbiome,true,https://europepmc.org/article/MED/42133449
EUROPEPMC:41906418,PubMed,41906418,10.1080/19490976.2026.2647535,41906418,Dysregulated eating behaviour and microbiota-based interventions targeting eating disorders and food addiction.,2026,literature,medium,1,needs_manual_classification,,,microbiome,true,https://europepmc.org/article/MED/41906418
EUROPEPMC:41677879,PubMed,41677879,10.1007/s00394-026-03900-4,41677879,Soy and the gut microbiome: a bi-directional relationship shaping nutrition and health.,2026,literature,medium,1,needs_manual_classification,,,microbiome,true,https://europepmc.org/article/MED/41677879
EUROPEPMC:40913714,PubMed,40913714,10.1007/s12602-025-10680-6,40913714,"Bridging the Gut Microbiota and the Brain, Kidney, and Cardiovascular Health: The Role of Probiotics.",2026,literature,medium,1,needs_manual_classification,probiotic,,microbiome,true,https://europepmc.org/article/MED/40913714
EUROPEPMC:42196944,PubMed,42196944,10.3390/nu18101483,42196944,The Gut Microbiota-Polyphenol-NLRP3 Inflammasome Axis: A Key Regulatory Network Linking Diet to Chronic Inflammation.,2026,literature,medium,1,needs_manual_classification,,,microbiome,true,https://europepmc.org/article/MED/42196944
EUROPEPMC:41901072,PubMed,41901072,10.3390/nu18060898,41901072,Linking Obesity and Depression Through the Gut-Brain Axis: The Impact of Short-Chain Fatty Acids and Inflammation.,2026,literature,medium,1,needs_manual_classification,,,,true,https://europepmc.org/article/MED/41901072
EUROPEPMC:PMC12938230,publisher supplementary data,PMC12938230,,,"Interplay of Microbiome, Oxidative Stress and Inflammation in Health and Disease",2026,literature,medium,1,needs_manual_classification,,,microbiome,true,
EUROPEPMC:42180583,PubMed,42180583,10.3389/fnut.2026.1779954,42180583,Impact of probiotics and prebiotics on glucose/lipid metabolism in metabolic dysfunction-associated steatotic liver disease: mechanisms and implications.,2026,literature,medium,1,needs_manual_classification,probiotic;prebiotic,,lipid;glucose,true,https://europepmc.org/article/MED/42180583
EUROPEPMC:41798990,PubMed,41798990,10.3389/frtra.2026.1703048,41798990,Microbiota management: a perspective for kidney transplant patients.,2026,literature,medium,1,needs_manual_classification,,,microbiome,true,https://europepmc.org/article/MED/41798990
EUROPEPMC:41276282,PubMed,41276282,,41276282,Aging and the microbiome: implications for health and disease.,2026,literature,medium,1,needs_manual_classification,,,microbiome,true,https://europepmc.org/article/MED/41276282
EUROPEPMC:PMC12942818,publisher supplementary data,PMC12942818,,,Early-Life β-Lactam Exposure and the Developing Microbiome: Clinical Relevance and Controversies,2026,literature,medium,1,needs_manual_classification,,,microbiome,true,
EUROPEPMC:42063761,PubMed,42063761,10.3389/fmed.2026.1767462,42063761,"Interplay between circadian rhythms, gut microbiota, and MASLD: from mechanistic foundations to therapeutic opportunities.",2026,literature,medium,1,needs_manual_classification,,,microbiome,true,https://europepmc.org/article/MED/42063761
EUROPEPMC:41898712,PubMed,41898712,10.3390/ijms27062853,41898712,"GLP-1 Receptor Agonists at the Crossroads of Circadian Biology, Sleep, and Metabolic Disease.",2026,literature,medium,1,needs_manual_classification,,,glucose,true,https://europepmc.org/article/MED/41898712
EUROPEPMC:41869364,PubMed,41869364,10.3389/fimmu.2026.1714515,41869364,Psoriasis: microbiome dysbiosis and pathogenic mechanisms.,2026,literature,medium,1,needs_manual_classification,,,microbiome,true,https://europepmc.org/article/MED/41869364
EUROPEPMC:42198214,PubMed,42198214,10.3390/pharmaceutics18050520,42198214,Edible Plant-Derived Exosome-like Nanoparticles as Prebiotic Nanocarriers: Gut Microbiota Modulation and Functional Food Potential.,2026,literature,medium,1,needs_manual_classification,prebiotic,,microbiome,true,https://europepmc.org/article/MED/42198214
EUROPEPMC:42108208,PubMed,42108208,10.1093/nutrit/nuag048,42108208,Comparative Efficacy of Probiotics for the Treatment of Obesity: A Systematic Review and Network Meta-analysis.,2026,literature,medium,1,meta_analysis_or_systematic_review,probiotic,,,true,https://europepmc.org/article/MED/42108208
EUROPEPMC:41596930,PubMed,41596930,10.3390/foods15020332,41596930,<i>Lacticaseibacillus rhamnosus</i> CU262 Attenuates High-Fat Diet-Induced Obesity via Gut-Liver Axis Reprogramming.,2026,literature,medium,1,needs_manual_classification,,Lacticaseibacillus,,true,https://europepmc.org/article/MED/41596930
EUROPEPMC:41599808,PubMed,41599808,10.3390/nu18020195,41599808,About Unsuccessful Responders to Diet and Physical Activity Interventions: A Focus on Energy Balance and Body-Weight Loss.,2026,literature,medium,1,needs_manual_classification,,,weight,true,https://europepmc.org/article/MED/41599808
EUROPEPMC:41788730,PubMed,41788730,10.3389/fmed.2026.1728174,41788730,Impact of sleeve gastrectomy on bone metabolism in obese patients: from mechanisms to clinical prevention.,2026,literature,medium,1,needs_manual_classification,,,,true,https://europepmc.org/article/MED/41788730
EUROPEPMC:41901168,PubMed,41901168,10.3390/nu18060993,41901168,Anti-Obesogenic Effects of Culinary Herbs Through Modulation of Inflammation and Metabolic Pathways.,2026,literature,medium,1,needs_manual_classification,,,glucose,true,https://europepmc.org/article/MED/41901168
EUROPEPMC:41971399,PubMed,41971399,10.1016/j.fochx.2026.103798,41971399,Fermentation method outweighs geographic origin in shaping kefir's <i>in vitro</i> anti-obesity potential and probiotic properties.,2026,literature,medium,1,needs_manual_classification,probiotic,,,true,https://europepmc.org/article/MED/41971399
EUROPEPMC:41799504,PubMed,41799504,10.32604/or.2025.070281,41799504,The Role of the Gut Microbiome in Clinical Outcomes of Colorectal Cancer: A Systematic Review (2020-2025).,2026,literature,medium,1,meta_analysis_or_systematic_review,,,microbiome,true,https://europepmc.org/article/MED/41799504
EUROPEPMC:41725786,PubMed,41725786,10.1177/11786388251413658,41725786,A Probiotic Nutritional Supplement Improves Glycemic Control and Biomarkers of Metabolic Syndrome in Patients With Type 2 Diabetes Mellitus.,2026,literature,medium,1,needs_manual_classification,probiotic,,glucose,true,https://europepmc.org/article/MED/41725786
EUROPEPMC:41880417,PubMed,41880417,10.1590/s0004-2803.24612025-087,41880417,EXPLORING THE IMPACT OF GUT MICROBIOTA MODULATION ON COLORECTAL CANCER THERAPY: A BIBLIOMETRIC ANALYSIS OF PROBIOTIC AND PREBIOTIC INTERVENTIONS.,2026,literature,medium,1,needs_manual_classification,probiotic;prebiotic,,microbiome,true,https://europepmc.org/article/MED/41880417
EUROPEPMC:41841409,PubMed,41841409,10.1002/smll.202514910,41841409,Bioengineered Probiotic-Prebiotic Hierarchical Microspheres With pH-Responsive Architecture Reprogram Immunometabolism in Obesity-Related Disorders.,2026,literature,medium,1,needs_manual_classification,probiotic;prebiotic,,,true,https://europepmc.org/article/MED/41841409
EUROPEPMC:41834856,PubMed,41834856,10.3389/fmicb.2026.1608563,41834856,The role of Western diet and gut microbiota in the pathogenesis of cardiovascular diseases.,2026,literature,medium,1,needs_manual_classification,,,microbiome,true,https://europepmc.org/article/MED/41834856
EUROPEPMC:41625558,PubMed,41625558,10.1016/j.metop.2026.100444,41625558,Obesity-induced cognitive impairment: Underlying mechanisms and therapeutic prospects.,2026,literature,medium,1,needs_manual_classification,,,,true,https://europepmc.org/article/MED/41625558
EUROPEPMC:41960437,PubMed,41960437,10.3389/fmicb.2026.1766234,41960437,Unveiling the gut: microbiota and derived metabolites' role in the rising tide of precocious puberty.,2026,literature,medium,1,needs_manual_classification,,,microbiome,true,https://europepmc.org/article/MED/41960437
EUROPEPMC:41788191,PubMed,41788191,10.1155/ijog/2921181,41788191,Causal Effects of Yogurt Intake on Gut Microbiota: A European Mendelian Randomization Study.,2026,literature,medium,1,needs_manual_classification,,,microbiome,true,https://europepmc.org/article/MED/41788191
PMID:42139619,PubMed,42139619,10.36740/WLek/220666,42139619,"Clinical, endoscopic, morphological and microbiological characteristics of diverticular disease in patients with metabolic disorders.",2026,literature,medium,1,needs_manual_classification,,,glucose,true,https://pubmed.ncbi.nlm.nih.gov/42139619/
PMID:42116498,PubMed,42116498,10.1016/j.foodres.2026.119257,42116498,Timing matters in type 2 diabetes: Early high-Fiber nutrition enhances glycemic control and reshapes gut microbiota.,2026,literature,medium,1,needs_manual_classification,,,microbiome,true,https://pubmed.ncbi.nlm.nih.gov/42116498/
PMID:42061563,PubMed,42061563,10.1016/j.jep.2026.121684,42061563,Oroxin A in Linggui Zhugan Decoction in the treatment of MASH by regulating cholesterol-bile acid metabolism.,2026,literature,medium,1,needs_manual_classification,,,lipid,true,https://pubmed.ncbi.nlm.nih.gov/42061563/
PMID:42060019,PubMed,42060019,10.1007/s40520-026-03403-6,42060019,Association between gut microbiota and sarcopenia in older adults: a cross-sectional analysis from the second wave of the Birjand Longitudinal Aging Study (BLAS).,2026,literature,medium,1,needs_manual_classification,,,microbiome,true,https://pubmed.ncbi.nlm.nih.gov/42060019/
PMID:41895350,PubMed,41895350,10.1016/j.micpath.2026.108466,41895350,"Understanding gut microbiota dysbiosis as a plausible link between obstructive sleep apnea (OSA), viral infections, and lifestyle diseases.",2026,literature,medium,1,needs_manual_classification,,,microbiome,true,https://pubmed.ncbi.nlm.nih.gov/41895350/
PMID:41657529,PubMed,41657529,10.1002/fsn3.71497,41657529,Association of Anti-Inflammatory Dietary Adherence With Biomarkers and Gut Microbiota Related to Colorectal Cancer Risk: A Retrospective Study.,2026,literature,medium,1,needs_manual_classification,,,microbiome,true,https://pubmed.ncbi.nlm.nih.gov/41657529/
PMID:41580820,PubMed,41580820,10.1186/s13020-025-01305-9,41580820,Targeting G-protein-coupled receptors and gut microbiota: Ge-Lian Qi-Shen decoction elevates GLP-1 to combat non-alcoholic fatty liver disease.,2026,literature,medium,1,needs_manual_classification,,,microbiome,true,https://pubmed.ncbi.nlm.nih.gov/41580820/
PMID:40587116,PubMed,40587116,10.2337/dc25-0728,40587116,Prediction of Weight Loss and Regain Based on Multiomic and Phenotypic Features: Results From a Calorie-Restricted Feeding Trial.,2026,literature,medium,1,needs_manual_classification,,,weight,true,https://pubmed.ncbi.nlm.nih.gov/40587116/
PMID:42151830,PubMed,42151830,10.1186/s12876-026-04934-y,42151830,Short-term synbiotic supplementation and intrahepatic triglyceride content assessed by proton MR spectroscopy: a pilot study.,2026,literature,medium,1,needs_manual_classification,synbiotic,,lipid,true,https://pubmed.ncbi.nlm.nih.gov/42151830/
PMID:41902532,PubMed,41902532,10.1002/edm2.70159,41902532,Gut Dysbiosis as a Shared Mechanism in Obesity and Hypertension: Exploring a Promising Therapeutic Avenue.,2026,literature,medium,1,needs_manual_classification,,,,true,https://pubmed.ncbi.nlm.nih.gov/41902532/
EUROPEPMC:41295220,PubMed,41295220,10.3390/jpm15110518,41295220,Impact of Reducing Obesity in PCOS: Methods and Treatment Outcomes.,2025,literature,medium,1,needs_manual_classification,,,,true,https://europepmc.org/article/MED/41295220
EUROPEPMC:41214659,PubMed,41214659,10.1186/s12902-025-02076-y,41214659,Gut microbiota dysbiosis and short-chain fatty acid depletion in phlegm-dampness polycystic ovary syndrome: a cross-sectional 16S rRNA sequencing analysis.,2025,literature,medium,1,needs_manual_classification,,,microbiome,true,https://europepmc.org/article/MED/41214659
EUROPEPMC:40606926,PubMed,40606926,10.4254/wjh.v17.i6.106849,40606926,"Gut microbiota in non-alcoholic fatty liver disease: Pathophysiology, diagnosis, and therapeutics.",2025,literature,medium,1,needs_manual_classification,,,microbiome,true,https://europepmc.org/article/MED/40606926
EUROPEPMC:41003008,PubMed,41003008,10.3390/metabo15090624,41003008,Dietary Modulation of Metabolic Health: From Bioactive Compounds to Personalized Nutrition.,2025,literature,medium,1,needs_manual_classification,,,glucose,true,https://europepmc.org/article/MED/41003008
EUROPEPMC:40650397,PubMed,40650397,10.1111/obr.13978,40650397,The Genetic Blueprint of Obesity: From Pathogenesis to Novel Therapies.,2025,literature,medium,1,needs_manual_classification,,,,true,https://europepmc.org/article/MED/40650397
EUROPEPMC:41331614,PubMed,41331614,10.1186/s12967-025-07407-0,41331614,Advances in capsule-based fecal microbiota transplantation: clinical applications and innovations.,2025,literature,medium,1,needs_manual_classification,,,microbiome,true,https://europepmc.org/article/MED/41331614
EUROPEPMC:40917089,PubMed,40917089,10.3389/fnut.2025.1659500,40917089,Therapeutic effects of olive leaf tea (<i>Olea europaea L.</i>) on gastrointestinal symptoms and body composition in adults with small intestinal bacterial overgrowth.,2025,literature,medium,1,needs_manual_classification,,,body_composition,true,https://europepmc.org/article/MED/40917089
EUROPEPMC:41063745,PubMed,41063745,10.1002/fsn3.71061,41063745,Synergistic Effects of Bioactive Compounds on Human Adiposity Mechanisms of Fat Loss and Fat Accumulation.,2025,literature,medium,1,needs_manual_classification,,,,true,https://europepmc.org/article/MED/41063745
EUROPEPMC:41366011,PubMed,41366011,10.1038/s41598-025-29579-x,41366011,"Innovative formulation of microencapsulated ""spirubiotic sachets"" as a synbiotic treatment for metabolic syndrome patients.",2025,literature,medium,1,needs_manual_classification,synbiotic,,glucose,true,https://europepmc.org/article/MED/41366011
EUROPEPMC:41103651,PubMed,41103651,10.3389/fendo.2025.1669716,41103651,"Insulin resistance, metabolic syndrome and polycystic ovaries: an intriguing conundrum.",2025,literature,medium,1,needs_manual_classification,,,glucose,true,https://europepmc.org/article/MED/41103651
EUROPEPMC:40832705,PubMed,40832705,10.1002/oby.24340,40832705,"Evolution of multidisciplinary obesity treatments: past, present, and future role of nutrition.",2025,literature,medium,1,needs_manual_classification,,,,true,https://europepmc.org/article/MED/40832705
EUROPEPMC:41168307,PubMed,41168307,10.1038/s41598-025-21823-8,41168307,Selection and potential of cholesterol-lowering indigenous probiotic: insights from in vitro and in vivo study.,2025,literature,medium,1,needs_manual_classification,probiotic,,lipid,true,https://europepmc.org/article/MED/41168307
EUROPEPMC:40362796,PubMed,40362796,10.3390/nu17091487,40362796,The Role of Nutraceuticals and Probiotics in Addition to Lifestyle Intervention in the Management of Childhood Obesity-Part 2: Comorbidities.,2025,literature,medium,1,needs_manual_classification,probiotic,,,true,https://europepmc.org/article/MED/40362796
EUROPEPMC:39857762,PubMed,39857762,10.3390/biomedicines13010179,39857762,Malnutrition and Its Influence on Gut sIgA-Microbiota Dynamics.,2025,literature,medium,1,needs_manual_classification,,,microbiome,true,https://europepmc.org/article/MED/39857762
EUROPEPMC:41488302,PubMed,41488302,10.3389/fmicb.2025.1675155,41488302,"Mechanisms of gut microbiota in host fat deposition: metabolites, signaling pathways, and translational applications.",2025,literature,medium,1,needs_manual_classification,,,microbiome,true,https://europepmc.org/article/MED/41488302
EUROPEPMC:40362809,PubMed,40362809,10.3390/nu17091499,40362809,Small Intestinal Bacterial Overgrowth and Pediatric Obesity-A Systematic Review.,2025,literature,medium,1,meta_analysis_or_systematic_review,,,,true,https://europepmc.org/article/MED/40362809
EUROPEPMC:40212169,PubMed,40212169,10.1097/ms9.0000000000003099,40212169,Influence of gut microbiota on the pediatric endocrine system and associated disorders.,2025,literature,medium,1,needs_manual_classification,,,microbiome,true,https://europepmc.org/article/MED/40212169
EUROPEPMC:41137026,PubMed,41137026,10.1186/s12967-025-07149-z,41137026,Akkermansia muciniphila: a microbial guardian against oxidative stress-gut microbiota crosstalk and clinical prospects.,2025,literature,medium,1,needs_manual_classification,,Akkermansia,microbiome,true,https://europepmc.org/article/MED/41137026
EUROPEPMC:41200610,PubMed,41200610,10.7759/cureus.95045,41200610,Gut Microbiota-Directed Interventions in Type 2 Diabetes: A Systematic Review of Clinical Outcomes and Complication Risk.,2025,literature,medium,1,meta_analysis_or_systematic_review,,,microbiome,true,https://europepmc.org/article/MED/41200610
EUROPEPMC:41030554,PubMed,41030554,10.3389/fmicb.2025.1665101,41030554,<i>Akkermansia muciniphila</i> and osteoporosis: emerging role of gut microbiota in skeletal homeostasis.,2025,literature,medium,1,needs_manual_classification,,Akkermansia,microbiome,true,https://europepmc.org/article/MED/41030554
EUROPEPMC:41269489,PubMed,41269489,10.1007/s40520-025-03216-z,41269489,Effect of host and gut microbiota-altering interventions on sarcopenia or its defining parameters: a systematic review and meta-analysis of nutrition-based intervention studies.,2025,literature,medium,1,meta_analysis_or_systematic_review,,,microbiome,true,https://europepmc.org/article/MED/41269489
EUROPEPMC:40299326,PubMed,40299326,10.3390/biomedicines13040779,40299326,Intestinal Microbiota Modulation by Fecal Microbiota Transplantation in Nonalcoholic Fatty Liver Disease.,2025,literature,medium,1,needs_manual_classification,,,microbiome,true,https://europepmc.org/article/MED/40299326
EUROPEPMC:41584842,PubMed,41584842,10.3389/fcell.2025.1698296,41584842,β-cell heterogeneity and molecular plasticity in type 2 diabetes: multi-omics perspectives and the role of gut microbiota.,2025,literature,medium,1,needs_manual_classification,,,microbiome,true,https://europepmc.org/article/MED/41584842
EUROPEPMC:40895298,PubMed,40895298,10.3389/fcimb.2025.1627206,40895298,Meta-analysis of probiotic metabolites in the prevention of gestational weight gain and postpartum weight retention.,2025,literature,medium,1,meta_analysis_or_systematic_review,probiotic,,weight,true,https://europepmc.org/article/MED/40895298
EUROPEPMC:40362845,PubMed,40362845,10.3390/nu17091535,40362845,The Influences of Oral Probiotics on the Immunometabolic Response During Pregnancy and Lactation: A Systematic Review.,2025,literature,medium,1,meta_analysis_or_systematic_review,probiotic,,glucose,true,https://europepmc.org/article/MED/40362845
EUROPEPMC:41377049,PubMed,41377049,10.3389/fmicb.2025.1659783,41377049,"Gut microbiota dysbiosis in polycystic ovary syndrome: focus on diet, probiotics, and traditional Chinese medicine.",2025,literature,medium,1,needs_manual_classification,probiotic,,microbiome,true,https://europepmc.org/article/MED/41377049
EUROPEPMC:40673005,PubMed,40673005,10.3389/fcimb.2025.1546627,40673005,The role of probiotics in adolescents' obesity.,2025,literature,medium,1,needs_manual_classification,probiotic,,,true,https://europepmc.org/article/MED/40673005
EUROPEPMC:41373754,PubMed,41373754,10.3390/ijms262311602,41373754,<i>Akkermansia muciniphila</i> in Metabolic Disease: Far from Perfect.,2025,literature,medium,1,needs_manual_classification,,Akkermansia,glucose,true,https://europepmc.org/article/MED/41373754
EUROPEPMC:41346361,PubMed,41346361,10.3389/fcimb.2025.1680840,41346361,Effect of probiotic-derived metabolites on hormonal and metabolic profiles in women with polycystic ovary syndrome: a systematic review and meta-analysis.,2025,literature,medium,1,meta_analysis_or_systematic_review,probiotic,,glucose,true,https://europepmc.org/article/MED/41346361
EUROPEPMC:41097469,PubMed,41097469,10.3390/foods14193300,41097469,"Effect of Probiotics Containing <i>Lactobacillus plantarum</i> on Blood Lipids: Systematic Review, Meta-Analysis, and Network Pharmacological Analysis.",2025,literature,medium,1,meta_analysis_or_systematic_review,probiotic,Lactobacillus,lipid,true,https://europepmc.org/article/MED/41097469
EUROPEPMC:41624190,PubMed,41624190,10.3389/fnut.2025.1691952,41624190,Diet type and the oral microbiome.,2025,literature,medium,1,needs_manual_classification,,,microbiome,true,https://europepmc.org/article/MED/41624190
EUROPEPMC:41323139,PubMed,41323139,10.29219/fnr.v69.11956,41323139,Diet and nutrition key factors for oral microbiota composition: a systematic review.,2025,literature,medium,1,meta_analysis_or_systematic_review,,,microbiome,true,https://europepmc.org/article/MED/41323139
EUROPEPMC:41228392,PubMed,41228392,10.3390/nu17213320,41228392,Nutrition and Gut Microbiome in the Prevention of Food Allergy.,2025,literature,medium,1,needs_manual_classification,,,microbiome,true,https://europepmc.org/article/MED/41228392
EUROPEPMC:41377642,PubMed,41377642,10.17925/hi.2025.19.2.3,41377642,"Gut Microbiome and Cardiovascular Health: Mechanisms, Therapeutic Potential and Future Directions.",2025,literature,medium,1,needs_manual_classification,,,microbiome,true,https://europepmc.org/article/MED/41377642
EUROPEPMC:40861487,PubMed,40861487,10.3389/fcimb.2025.1603442,40861487,Microbiota and enteric nervous system crosstalk in diabetic gastroenteropathy: bridging mechanistic insights to microbiome-based therapies.,2025,literature,medium,1,needs_manual_classification,,,microbiome,true,https://europepmc.org/article/MED/40861487
EUROPEPMC:40649724,PubMed,40649724,10.3390/ijms26135944,40649724,Gut Microbiota and Liver Health: Meta-Analysis of <i>Bifidobacterium</i>-Containing Probiotics in NAFLD Management.,2025,literature,medium,1,meta_analysis_or_systematic_review,probiotic,Bifidobacterium,microbiome,true,https://europepmc.org/article/MED/40649724
EUROPEPMC:38341803,PubMed,38341803,10.1093/nutrit/nuae002,38341803,The effect of oral synbiotics on the gut microbiota and inflammatory biomarkers in healthy adults: a systematic review and meta-analysis.,2025,literature,medium,1,meta_analysis_or_systematic_review,synbiotic,,microbiome,true,https://europepmc.org/article/MED/38341803
EUROPEPMC:40732011,PubMed,40732011,10.3390/microorganisms13071504,40732011,Microbiota-A Rescuing Modulator in Children Struggling with Functional Constipation.,2025,literature,medium,1,needs_manual_classification,,,microbiome,true,https://europepmc.org/article/MED/40732011
EUROPEPMC:40573072,PubMed,40573072,10.3390/nu17121961,40573072,Kidney-Gut Axis in Chronic Kidney Disease: Therapeutic Perspectives from Microbiota Modulation and Nutrition.,2025,literature,medium,1,needs_manual_classification,,,microbiome,true,https://europepmc.org/article/MED/40573072
EUROPEPMC:39958467,PubMed,39958467,10.1016/j.jacbts.2024.11.008,39958467,Synbiotics and Gut-Heart Axis in Cardiometabolic Disease.,2025,literature,medium,1,needs_manual_classification,synbiotic,,glucose,true,https://europepmc.org/article/MED/39958467
EUROPEPMC:40943409,PubMed,40943409,10.3390/ijms26178488,40943409,"Gut Microbiota-Derived Metabolites in Atherosclerosis: Pathways, Biomarkers, and Targets.",2025,literature,medium,1,needs_manual_classification,,,microbiome,true,https://europepmc.org/article/MED/40943409
EUROPEPMC:40572244,PubMed,40572244,10.3390/microorganisms13061356,40572244,Modulating the Gut-Muscle Axis: Increasing SCFA-Producing Gut Microbiota Commensals and Decreasing Endotoxin Production to Mitigate Cancer Cachexia.,2025,literature,medium,1,needs_manual_classification,,,microbiome,true,https://europepmc.org/article/MED/40572244
EUROPEPMC:41308055,PubMed,41308055,10.1177/07067437251394369,41308055,Oral Methods of Microbiota Manipulation for Depression Symptoms: A Systematic Review: Méthodes orales de manipulation du microbiote pour traiter les symptômes de dépression : Une revue systématique.,2025,literature,medium,1,meta_analysis_or_systematic_review,,,microbiome,true,https://europepmc.org/article/MED/41308055
EUROPEPMC:41120928,PubMed,41120928,10.1186/s12866-025-04408-3,41120928,A novel synbiotic formulation prevents calcium oxalate stones by restoring gut microbiota homeostasis.,2025,literature,medium,1,needs_manual_classification,synbiotic,,microbiome,true,https://europepmc.org/article/MED/41120928
EUROPEPMC:41516240,PubMed,41516240,10.3390/ijms27010365,41516240,From Gut Dysbiosis to Skin Inflammation in Atopic Dermatitis: Probiotics and the Gut-Skin Axis-Clinical Outcomes and Microbiome Implications.,2025,literature,medium,1,needs_manual_classification,probiotic,,microbiome,true,https://europepmc.org/article/MED/41516240
EUROPEPMC:41002774,PubMed,41002774,10.3390/clinpract15090159,41002774,Effects of Dietary and Probiotic Interventions in Patients with Metabolic Syndrome and Obstructive Sleep Apnea.,2025,literature,medium,1,needs_manual_classification,probiotic,,glucose,true,https://europepmc.org/article/MED/41002774
PMID:40783766,PubMed,40783766,10.1186/s13195-025-01820-9,40783766,"Distinct gut microbiota profiles and network properties in older Korean individuals with subjective cognitive decline, mild cognitive impairment, and Alzheimer's disease.",2025,literature,medium,1,needs_manual_classification,,,microbiome,true,https://pubmed.ncbi.nlm.nih.gov/40783766/
PMID:41393538,PubMed,41393538,10.7759/cureus.96713,41393538,The Obesity Drug Revolution: New Frontiers in Pharmacotherapy.,2025,literature,medium,1,needs_manual_classification,,,,true,https://pubmed.ncbi.nlm.nih.gov/41393538/
PMID:40284712,PubMed,40284712,10.3390/microorganisms13040877,40284712,"Prebiotic Effects of Insoluble Konjac Glucomannan Derived from Edible ""Konnyaku"" on Weight Control.",2025,literature,medium,1,needs_manual_classification,prebiotic,,weight,true,https://pubmed.ncbi.nlm.nih.gov/40284712/
PMID:40025880,PubMed,40025880,10.1080/17501911.2025.2473309,40025880,Epigenomic mechanisms of dietary prescriptions for obesity therapy.,2025,literature,medium,1,needs_manual_classification,,,,true,https://pubmed.ncbi.nlm.nih.gov/40025880/
PMID:39914371,PubMed,39914371,10.1159/000541711,39914371,Breastfeeding and Health Benefits for the Mother-Infant Dyad: A Perspective on Human Milk Microbiota.,2025,literature,medium,1,needs_manual_classification,,,microbiome,true,https://pubmed.ncbi.nlm.nih.gov/39914371/
PMID:39503979,PubMed,39503979,10.1007/s12602-024-10395-0,39503979,Synbiotic Effects of Lacticaseibacillus paracasei K56 and Prebiotics on the Intestinal Microecology of Children with Obesity.,2025,literature,medium,1,needs_manual_classification,prebiotic;synbiotic,Lacticaseibacillus,,true,https://pubmed.ncbi.nlm.nih.gov/39503979/
PMID:40388727,PubMed,40388727,10.1097/MD.0000000000042311,40388727,Causal relationship between metabolic dysfunction-associated fatty liver disease and endotoxin biomarkers: A Mendelian randomization study.,2025,literature,medium,1,needs_manual_classification,,,glucose,true,https://pubmed.ncbi.nlm.nih.gov/40388727/
PMID:40895654,PubMed,40895654,10.7759/cureus.89207,40895654,Recent Trends in the Prevention and Management of Obesity Among Adults: A Systematic Review.,2025,literature,medium,1,meta_analysis_or_systematic_review,,,,true,https://pubmed.ncbi.nlm.nih.gov/40895654/
PMID:40772021,PubMed,40772021,10.1002/fsn3.70728,40772021,The Effect of Probiotics on the Improvement of Body Weight and Fat.,2025,literature,medium,1,needs_manual_classification,probiotic,,weight,true,https://pubmed.ncbi.nlm.nih.gov/40772021/
PMID:40772014,PubMed,40772014,10.1002/fsn3.70592,40772014,"Erchen Decoction Offers Health Benefits in Regulating Obesity: Component Analysis, Network Pharmacology, and Experiment Verification.",2025,literature,medium,1,needs_manual_classification,,,,true,https://pubmed.ncbi.nlm.nih.gov/40772014/
PMID:40642833,PubMed,40642833,10.1111/dom.16599,40642833,Quantitative analysis of the efficacy characteristics and influencing factors of weight loss drugs in children and adolescents.,2025,literature,medium,1,needs_manual_classification,,,weight,true,https://pubmed.ncbi.nlm.nih.gov/40642833/
PMID:40572100,PubMed,40572100,10.3390/microorganisms13061211,40572100,Alleviation of Adipose Tissue Inflammation and Obesity Suppression by a Probiotic Strain That Induces GLP-1 Secretion.,2025,literature,medium,1,needs_manual_classification,probiotic,,,true,https://pubmed.ncbi.nlm.nih.gov/40572100/
EUROPEPMC:39649015,PubMed,39649015,10.3390/gidisord6040056,39649015,Impact of Probiotics and Prebiotics on Gut Microbiome and Hormonal Regulation.,2024,literature,medium,1,needs_manual_classification,probiotic;prebiotic,,microbiome,true,https://europepmc.org/article/MED/39649015
EUROPEPMC:38974594,PubMed,38974594,10.3746/pnf.2024.29.2.93,38974594,Current Research on the Role of Isomaltooligosaccharides in Gastrointestinal Health and Metabolic Diseases.,2024,literature,medium,1,needs_manual_classification,,,glucose,true,https://europepmc.org/article/MED/38974594
EUROPEPMC:38708416,PubMed,38708416,10.1002/elsc.202300070,38708416,Gut microbiota and childhood malnutrition: Understanding the link and exploring therapeutic interventions.,2024,literature,medium,1,needs_manual_classification,,,microbiome,true,https://europepmc.org/article/MED/38708416
EUROPEPMC:39593945,PubMed,39593945,10.3390/foods13223529,39593945,"Probiotic, Postbiotic, and Paraprobiotic Effects of <i>Lactobacillus rhamnosus</i> as a Modulator of Obesity-Associated Factors.",2024,literature,medium,1,needs_manual_classification,probiotic;postbiotic,Lactobacillus,,true,https://europepmc.org/article/MED/39593945
EUROPEPMC:39062848,PubMed,39062848,10.3390/ijms25147608,39062848,The Role of <i>Lactobacillus plantarum</i> in Reducing Obesity and Inflammation: A Meta-Analysis.,2024,literature,medium,1,meta_analysis_or_systematic_review,,Lactobacillus,,true,https://europepmc.org/article/MED/39062848
EUROPEPMC:38732619,PubMed,38732619,10.3390/nu16091373,38732619,Insights into the Anti-Adipogenic and Anti-Inflammatory Potentialities of Probiotics against Obesity.,2024,literature,medium,1,needs_manual_classification,probiotic,,,true,https://europepmc.org/article/MED/38732619
EUROPEPMC:38534735,PubMed,38534735,10.3390/cimb46030119,38534735,Microbial-Based Bioactive Compounds to Alleviate Inflammation in Obesity.,2024,literature,medium,1,needs_manual_classification,,,,true,https://europepmc.org/article/MED/38534735
PMID:37923223,PubMed,37923223,10.1016/j.advnut.2023.10.009,37923223,The Effects of Bifidobacterium Probiotic Supplementation on Blood Glucose: A Systematic Review and Meta-Analysis of Animal Models and Clinical Evidence.,2024,literature,medium,1,meta_analysis_or_systematic_review,probiotic,Bifidobacterium,glucose,true,https://pubmed.ncbi.nlm.nih.gov/37923223/
PMID:38769692,PubMed,38769692,10.1113/JP285322,38769692,"Impact of nocturnal hypoxia on glycaemic control, appetite, gut microbiota and inflammation in adults with type 2 diabetes mellitus: A single-blind cross-over trial.",2024,literature,medium,1,needs_manual_classification,,,microbiome,true,https://pubmed.ncbi.nlm.nih.gov/38769692/
PMID:36943206,PubMed,36943206,10.23736/S2724-5985.23.03379-X,36943206,Association between intestinal microflora and obesity.,2024,literature,medium,1,needs_manual_classification,,,,true,https://pubmed.ncbi.nlm.nih.gov/36943206/
PMID:38030409,PubMed,38030409,10.1111/obr.13667,38030409,Beneficial effects of the probiotics and synbiotics supplementation on anthropometric indices and body composition in adults: A systematic review and meta-analysis.,2024,literature,medium,1,meta_analysis_or_systematic_review,probiotic;synbiotic,,body_composition,true,https://pubmed.ncbi.nlm.nih.gov/38030409/
EUROPEPMC:38203609,PubMed,38203609,10.3390/ijms25010438,38203609,Direct and Indirect Evidence of Effects of <i>Bacteroides</i> spp. on Obesity and Inflammation.,2023,literature,medium,1,needs_manual_classification,,,,true,https://europepmc.org/article/MED/38203609
EUROPEPMC:36458804,PubMed,36458804,10.1530/joe-22-0111,36458804,The gut microbiome: a core regulator of metabolism.,2023,literature,medium,1,needs_manual_classification,,,microbiome,true,https://europepmc.org/article/MED/36458804
EUROPEPMC:37280680,PubMed,37280680,10.1186/s12967-023-04230-3,37280680,Maternal microbiota and gestational diabetes: impact on infant health.,2023,literature,medium,1,needs_manual_classification,,,microbiome,true,https://europepmc.org/article/MED/37280680
EUROPEPMC:37316582,PubMed,37316582,10.1038/s41579-023-00904-3,37316582,The gut-liver axis and gut microbiota in health and liver disease.,2023,literature,medium,1,needs_manual_classification,,,microbiome,true,https://europepmc.org/article/MED/37316582
EUROPEPMC:36317983,PubMed,36317983,10.1021/acs.chemrev.2c00431,36317983,"Microbiome and Human Health: Current Understanding, Engineering, and Enabling Technologies.",2023,literature,medium,1,needs_manual_classification,,,microbiome,true,https://europepmc.org/article/MED/36317983
EUROPEPMC:37371961,PubMed,37371961,10.3390/antiox12061232,37371961,The Preventive Mechanisms of Bioactive Food Compounds against Obesity-Induced Inflammation.,2023,literature,medium,1,needs_manual_classification,,,,true,https://europepmc.org/article/MED/37371961
PMID:37807018,PubMed,37807018,10.1007/s42770-023-01140-w,37807018,Consumption of yacon flour and energy-restricted diet increased the relative abundance of intestinal bacteria in obese adults.,2023,literature,medium,1,needs_manual_classification,,,,true,https://pubmed.ncbi.nlm.nih.gov/37807018/
PMID:37772600,PubMed,37772600,10.1093/jas/skad338,37772600,"Effects of overfeeding on the digestive efficiency, voluntary physical activity levels, and fecal characteristics and microbiota of adult cats.",2023,literature,medium,1,needs_manual_classification,,,microbiome,true,https://pubmed.ncbi.nlm.nih.gov/37772600/
PMID:37630855,PubMed,37630855,10.3390/nu15163665,37630855,Toward Precision Weight-Loss Dietary Interventions: Findings from the POUNDS Lost Trial.,2023,literature,medium,1,needs_manual_classification,,,weight,true,https://pubmed.ncbi.nlm.nih.gov/37630855/
PMID:37016727,PubMed,37016727,10.1002/oby.23717,37016727,The gut microbiome and regional fat distribution: Findings from the Baltimore Longitudinal Study of Aging.,2023,literature,medium,1,needs_manual_classification,,,microbiome,true,https://pubmed.ncbi.nlm.nih.gov/37016727/
PMID:37571301,PubMed,37571301,10.3390/nu15153365,37571301,Dietary Fat Modulation of Gut Microbiota and Impact on Regulatory Pathways Controlling Food Intake.,2023,literature,medium,1,needs_manual_classification,,,microbiome,true,https://pubmed.ncbi.nlm.nih.gov/37571301/
PMID:37513229,PubMed,37513229,10.3390/molecules28145357,37513229,Weight Loss Supplements.,2023,literature,medium,1,needs_manual_classification,,,weight,true,https://pubmed.ncbi.nlm.nih.gov/37513229/
PMID:36768984,PubMed,36768984,10.3390/ijms24032665,36768984,Fermented Foods in the Management of Obesity: Mechanisms of Action and Future Challenges.,2023,literature,medium,1,needs_manual_classification,,,,true,https://pubmed.ncbi.nlm.nih.gov/36768984/
PMID:35531940,PubMed,35531940,10.1080/10408398.2022.2067116,35531940,Gut microbiota in bariatric surgery.,2023,literature,medium,1,needs_manual_classification,,,microbiome,true,https://pubmed.ncbi.nlm.nih.gov/35531940/
PMID:37513562,PubMed,37513562,10.3390/nu15143144,37513562,Probiotics and Polycystic Ovary Syndrome: A Perspective for Management in Adolescents with Obesity.,2023,literature,medium,1,needs_manual_classification,probiotic,,,true,https://pubmed.ncbi.nlm.nih.gov/37513562/
EUROPEPMC:35370685,PubMed,35370685,10.3389/fphar.2022.841782,35370685,Nutraceuticals in the Modulation of the Intestinal Microbiota: Current Status and Future Directions.,2022,literature,medium,1,needs_manual_classification,,,microbiome,true,https://europepmc.org/article/MED/35370685
PMID:35103461,PubMed,35103461,10.23736/S2724-6507.22.03752-6,35103461,Akkermansia muciniphila as a novel powerful bacterial player in the treatment of metabolic disorders.,2022,literature,medium,1,needs_manual_classification,,Akkermansia,glucose,true,https://pubmed.ncbi.nlm.nih.gov/35103461/
PMID:35977666,PubMed,35977666,10.1016/j.jnutbio.2022.109122,35977666,Functional fiber enhances the effect of every-other-day fasting on insulin sensitivity by regulating the gut microecosystem.,2022,literature,medium,1,needs_manual_classification,,,glucose,true,https://pubmed.ncbi.nlm.nih.gov/35977666/
PMID:34919684,PubMed,34919684,10.1093/jn/nxab392,34919684,A Specifically Tailored Multistrain Probiotic and Micronutrient Mixture Affects Nonalcoholic Fatty Liver Disease-Related Markers in Patients with Obesity after Mini Gastric Bypass Surgery.,2022,literature,medium,1,needs_manual_classification,probiotic,,,true,https://pubmed.ncbi.nlm.nih.gov/34919684/
PMID:35562794,PubMed,35562794,10.1186/s40168-022-01248-5,35562794,Elucidating the role of the gut microbiota in the physiological effects of dietary fiber.,2022,literature,medium,1,needs_manual_classification,,,microbiome,true,https://pubmed.ncbi.nlm.nih.gov/35562794/
EUROPEPMC:34828808,PubMed,34828808,10.3390/foods10112528,34828808,Characteristics of the Gut Microbiota and Potential Effects of Probiotic Supplements in Individuals with Type 2 Diabetes <i>mellitus</i>.,2021,literature,medium,1,needs_manual_classification,probiotic,,microbiome,true,https://europepmc.org/article/MED/34828808
EUROPEPMC:33802777,PubMed,33802777,10.3390/microorganisms9030618,33802777,Recognizing the Benefits of Pre-/Probiotics in Metabolic Syndrome and Type 2 Diabetes Mellitus Considering the Influence of <i>Akkermansia muciniphila</i> as a Key Gut Bacterium.,2021,literature,medium,1,needs_manual_classification,probiotic,Akkermansia,glucose,true,https://europepmc.org/article/MED/33802777
EUROPEPMC:34812127,PubMed,34812127,10.1080/19490976.2021.1994270,34812127,Serum metabolite profiling yields insights into health promoting effect of A. muciniphila in human volunteers with a metabolic syndrome.,2021,literature,medium,1,needs_manual_classification,,,glucose,true,https://europepmc.org/article/MED/34812127
EUROPEPMC:34203876,PubMed,34203876,10.3390/microorganisms9061302,34203876,Gut Microbiota and Host Metabolism: From Proof of Concept to Therapeutic Intervention.,2021,literature,medium,1,needs_manual_classification,,,microbiome,true,https://europepmc.org/article/MED/34203876
EUROPEPMC:34884466,PubMed,34884466,10.3390/ijms222312661,34884466,Implications of Gut Microbiota in Complex Human Diseases.,2021,literature,medium,1,needs_manual_classification,,,microbiome,true,https://europepmc.org/article/MED/34884466
PMID:32698959,PubMed,32698959,10.1016/j.clnu.2020.05.025,32698959,Acute and chronic improvement in postprandial glucose metabolism by a diet resembling the traditional Mediterranean dietary pattern: Can SCFAs play a role?,2021,literature,medium,1,needs_manual_classification,,,glucose,true,https://pubmed.ncbi.nlm.nih.gov/32698959/
PMID:34535959,PubMed,34535959,10.1002/jcsm.12781,34535959,Gut barrier and microbiota changes with glycine and branched-chain amino acid supplementation in chronic haemodialysis patients.,2021,literature,medium,1,needs_manual_classification,,,microbiome,true,https://pubmed.ncbi.nlm.nih.gov/34535959/
EUROPEPMC:33292434,PubMed,33292434,10.1186/s13098-020-00603-6,33292434,Probiotics supplementation and insulin resistance: a systematic review.,2020,literature,medium,1,meta_analysis_or_systematic_review,probiotic,,glucose,true,https://europepmc.org/article/MED/33292434
EUROPEPMC:32549225,PubMed,32549225,10.3390/nu12061776,32549225,Microbiota and Lifestyle: A Special Focus on Diet.,2020,literature,medium,1,needs_manual_classification,,,microbiome,true,https://europepmc.org/article/MED/32549225
PMID:32985001,PubMed,32985001,10.1111/jfbc.13471,32985001,Effect of Lactobacillus plantarum fermented barley on plasma glycolipids and insulin sensitivity in subjects with metabolic syndrome.,2020,literature,medium,1,needs_manual_classification,,Lactobacillus,lipid;glucose,true,https://pubmed.ncbi.nlm.nih.gov/32985001/
PMID:32472285,PubMed,32472285,10.1007/s13679-020-00379-w,32472285,"Probiotics, Prebiotics, Synbiotics, Postbiotics, and Obesity: Current Evidence, Controversies, and Perspectives.",2020,literature,medium,1,needs_manual_classification,probiotic;prebiotic;synbiotic;postbiotic,,,true,https://pubmed.ncbi.nlm.nih.gov/32472285/
PMID:32844188,PubMed,32844188,10.1093/ajcn/nqaa220,32844188,"Metabolic adaptation is an illusion, only present when participants are in negative energy balance.",2020,literature,medium,1,needs_manual_classification,,,glucose,true,https://pubmed.ncbi.nlm.nih.gov/32844188/
PMID:30921552,PubMed,30921552,10.1016/j.nut.2018.12.011,30921552,Effects of probiotic yogurt on glycemic indexes and endothelial dysfunction markers in patients with metabolic syndrome.,2019,literature,medium,1,needs_manual_classification,probiotic,,glucose,true,https://pubmed.ncbi.nlm.nih.gov/30921552/
PMID:31752378,PubMed,31752378,10.3390/nu11112837,31752378,Role of Probiotics in Non-alcoholic Fatty Liver Disease: Does Gut Microbiota Matter?,2019,literature,medium,1,needs_manual_classification,probiotic,,microbiome,true,https://pubmed.ncbi.nlm.nih.gov/31752378/
PMID:30400274,PubMed,30400274,10.3390/nu10111645,30400274,Potential Prebiotic Properties of Nuts and Edible Seeds and Their Relationship to Obesity.,2018,literature,medium,1,needs_manual_classification,prebiotic,,,true,https://pubmed.ncbi.nlm.nih.gov/30400274/
PMID:29954454,PubMed,29954454,10.1186/s40168-018-0494-4,29954454,Probiotic Bifidobacterium strains and galactooligosaccharides improve intestinal barrier function in obese adults but show no synergism when used together as synbiotics.,2018,literature,medium,1,needs_manual_classification,probiotic;synbiotic,Bifidobacterium,,true,https://pubmed.ncbi.nlm.nih.gov/29954454/
PMID:28618860,PubMed,28618860,10.3920/BM2016.0170,28618860,The effects of the Lactobacillus casei strain on obesity in children: a pilot study.,2017,literature,medium,1,needs_manual_classification,,Lactobacillus,,true,https://pubmed.ncbi.nlm.nih.gov/28618860/
PMID:29147070,PubMed,29147070,10.1155/2017/5650627,29147070,Evidences of a New Psychobiotic Formulation on Body Composition and Anxiety.,2017,literature,medium,1,needs_manual_classification,,,body_composition,true,https://pubmed.ncbi.nlm.nih.gov/29147070/
PMID:26443336,PubMed,26443336,10.1038/ijo.2015.202,26443336,Is consuming yoghurt associated with weight management outcomes? Results from a systematic review.,2016,literature,medium,1,meta_analysis_or_systematic_review,,,weight,true,https://pubmed.ncbi.nlm.nih.gov/26443336/
PMID:26843076,PubMed,26843076,10.1007/s00125-016-3880-0,26843076,Microbial transmission from mothers with obesity or diabetes to infants: an innovative opportunity to interrupt a vicious cycle.,2016,literature,medium,1,needs_manual_classification,,,,true,https://pubmed.ncbi.nlm.nih.gov/26843076/
PMID:26084343,PubMed,26084343,10.2337/dc14-2690,26084343,Intake of Lactobacillus reuteri improves incretin and insulin secretion in glucose-tolerant humans: a proof of concept.,2015,literature,medium,1,needs_manual_classification,,Lactobacillus,glucose,true,https://pubmed.ncbi.nlm.nih.gov/26084343/
PMID:24969566,PubMed,24969566,10.1016/j.clnu.2014.06.001,24969566,Inulin-type fructans modulate intestinal Bifidobacterium species populations and decrease fecal short-chain fatty acids in obese women.,2015,literature,medium,1,needs_manual_classification,,Bifidobacterium,,true,https://pubmed.ncbi.nlm.nih.gov/24969566/
PMID:26413489,PubMed,26413489,10.5662/wjm.v5.i3.157,26413489,Early probiotics to prevent childhood metabolic syndrome: A systematic review.,2015,literature,medium,1,meta_analysis_or_systematic_review,probiotic,,glucose,true,https://pubmed.ncbi.nlm.nih.gov/26413489/
PMID:25830947,PubMed,25830947,10.3109/09637486.2015.1025717,25830947,Impact of probiotics during weaning on the metabolic and inflammatory profile: follow-up at school age.,2015,literature,medium,1,needs_manual_classification,probiotic,,glucose,true,https://pubmed.ncbi.nlm.nih.gov/25830947/
PMID:25809828,PubMed,25809828,10.1038/ijo.2015.40,25809828,Urinary (1)H-NMR-based metabolic profiling of children with NAFLD undergoing VSL#3 treatment.,2015,literature,medium,1,needs_manual_classification,,,glucose,true,https://pubmed.ncbi.nlm.nih.gov/25809828/
PMID:24532292,PubMed,24532292,10.1002/dmrr.2518,24532292,"Influence of diet on gut microbiota, inflammation and type 2 diabetes mellitus. First experience with macrobiotic Ma-Pi 2 diet.",2014,literature,medium,1,needs_manual_classification,,,microbiome,true,https://pubmed.ncbi.nlm.nih.gov/24532292/
PMID:22634320,PubMed,22634320,10.1016/j.micpath.2012.05.007,22634320,Comparative meta-analysis of the effect of Lactobacillus species on weight gain in humans and animals.,2012,literature,medium,1,meta_analysis_or_systematic_review,,Lactobacillus,weight,true,https://pubmed.ncbi.nlm.nih.gov/22634320/
PMID:21505361,PubMed,21505361,10.1097/MPG.0b013e31821f9b85,21505361,Effects of Lactobacillus rhamnosus strain GG in pediatric obesity-related liver disease.,2011,literature,medium,1,needs_manual_classification,,Lactobacillus,,true,https://pubmed.ncbi.nlm.nih.gov/21505361/
EUROPEPMC:PMC13236616,publisher supplementary data,PMC13236616,,,Beyond the tumor: the role of the gut microbiome in triple-negative breast cancer,,literature,medium,1,needs_manual_classification,,,microbiome,true,
EUROPEPMC:42197020,PubMed,42197020,10.3390/nu18101562,42197020,Leveraging Dietary Interventions to Benefit Patients with Hematologic Malignancies and Clonal Hematopoiesis.,2026,literature,medium,0,needs_manual_classification,,,,true,https://europepmc.org/article/MED/42197020
EUROPEPMC:41948317,PubMed,41948317,10.3389/fimmu.2026.1773346,41948317,Associations between periodontal disease-induced immune cell activation and energy metabolism.,2026,literature,medium,0,needs_manual_classification,,,,true,https://europepmc.org/article/MED/41948317
EUROPEPMC:42146054,PubMed,42146054,10.3389/fmicb.2026.1795152,42146054,Microecological modulators-new perspectives for treating sex hormone disorders.,2026,literature,medium,0,needs_manual_classification,,,,true,https://europepmc.org/article/MED/42146054
EUROPEPMC:41596722,PubMed,41596722,10.3390/ijms27021079,41596722,Antioxidant and Anti-Inflammatory Activities of Probiotic Strains.,2026,literature,medium,0,needs_manual_classification,probiotic,,,true,https://europepmc.org/article/MED/41596722
EUROPEPMC:41609972,PubMed,41609972,10.1007/s40520-025-03278-z,41609972,Exploring the nexus between inflammation and mobility through the lens of healthy aging: current scenario and future perspectives.,2026,literature,medium,0,needs_manual_classification,,,,true,https://europepmc.org/article/MED/41609972
EUROPEPMC:42194074,PubMed,42194074,10.3390/biom16050726,42194074,"<i>Akkermansia muciniphila</i> and Alzheimer's Disease: Mechanisms, Evidence and Translational Potential.",2026,literature,medium,0,needs_manual_classification,,Akkermansia,,true,https://europepmc.org/article/MED/42194074
EUROPEPMC:42197043,PubMed,42197043,10.3390/nu18101583,42197043,Intermittent Fasting: Health Impacts and Therapeutic Potential.,2026,literature,medium,0,needs_manual_classification,,,,true,https://europepmc.org/article/MED/42197043
EUROPEPMC:41754209,PubMed,41754209,10.3390/nu18040691,41754209,The Role of Dietary Fibers in the Management of Type 2 Diabetes: A Synthesis of Current Evidence and Clinical Implications.,2026,literature,medium,0,needs_manual_classification,,,,true,https://europepmc.org/article/MED/41754209
EUROPEPMC:42219654,PubMed,42219654,10.1080/19490976.2026.2673679,42219654,Rethinking probiotics: breaking the <i>Lactobacillus</i>-<i>Bifidobacterium</i> duopoly in the management of dysbiosis and allergies.,2026,literature,medium,0,needs_manual_classification,probiotic,Lactobacillus;Bifidobacterium,,true,https://europepmc.org/article/MED/42219654
EUROPEPMC:42188320,PubMed,42188320,10.3390/md24050185,42188320,Algae-Derived Bioactives Reprogram the Gut-SIRT1-Kisspeptin Axis in Polycystic Ovary Syndrome.,2026,literature,medium,0,needs_manual_classification,,,,true,https://europepmc.org/article/MED/42188320
EUROPEPMC:41787017,PubMed,41787017,10.1007/s00018-026-06129-w,41787017,The gut as a central hub for multi-organ crosstalk in aging.,2026,literature,medium,0,needs_manual_classification,,,,true,https://europepmc.org/article/MED/41787017
EUROPEPMC:40706019,PubMed,40706019,10.1093/nutrit/nuaf114,40706019,Impact of Fermented Dairy on Gastrointestinal Health and Associated Biomarkers.,2026,literature,medium,0,needs_manual_classification,,,,true,https://europepmc.org/article/MED/40706019
EUROPEPMC:42123920,PubMed,42123920,10.3390/nu18091318,42123920,From Plate to Mind: Scientific Perspectives on Foods That May Influence Anxiety and Depression.,2026,literature,medium,0,needs_manual_classification,,,,true,https://europepmc.org/article/MED/42123920
EUROPEPMC:42186275,PubMed,42186275,10.1093/nutrit/nuaf176,42186275,Spices Beyond Antioxidants: From the Gut to the Brain.,2026,literature,medium,0,needs_manual_classification,,,,true,https://europepmc.org/article/MED/42186275
EUROPEPMC:41683196,PubMed,41683196,10.3390/nu18030372,41683196,"Prebiotics and Gut Health: Mechanisms, Clinical Evidence, and Future Directions.",2026,literature,medium,0,needs_manual_classification,prebiotic,,,true,https://europepmc.org/article/MED/41683196
EUROPEPMC:41769608,PubMed,41769608,10.7759/cureus.102520,41769608,Multispecies Probiotic Supplementation in Chronic Kidney Disease (CKD): Insights From Indian Nephrology Experts.,2026,literature,medium,0,needs_manual_classification,probiotic,,,true,https://europepmc.org/article/MED/41769608
EUROPEPMC:42123101,PubMed,42123101,10.3390/jcm15093369,42123101,Lifestyle Interventions in Patients in Active Surveillance for Prostate Cancer: A Systematic Review.,2026,literature,medium,0,meta_analysis_or_systematic_review,,,,true,https://europepmc.org/article/MED/42123101
EUROPEPMC:42079325,PubMed,42079325,10.1002/fsn3.71856,42079325,"Dietary Polyphenols in Non-Communicable Chronic Diseases: Neuro-Enteric Mechanisms, Multi-Omics Biomarkers and Translational Opportunities.",2026,literature,medium,0,needs_manual_classification,,,,true,https://europepmc.org/article/MED/42079325
EUROPEPMC:41599753,PubMed,41599753,10.3390/ph19010157,41599753,Synergistic Effects of Plant Polysaccharides and Probiotics: A Novel Dietary Approach for Parkinson's Disease Intervention.,2026,literature,medium,0,needs_manual_classification,probiotic,,,true,https://europepmc.org/article/MED/41599753
EUROPEPMC:41978101,PubMed,41978101,10.3390/nu18071050,41978101,Energy-Metabolism-Enhancing Probiotics Enhance the Therapeutic Response to a Glucagon-like Peptide-1 Receptor Agonist.,2026,literature,medium,0,needs_manual_classification,probiotic,,,true,https://europepmc.org/article/MED/41978101
EUROPEPMC:42158523,PubMed,42158523,10.2147/ijn.s607382,42158523,"Nanobiotic-Enhanced Probiotics for Targeted Gut Delivery: Mechanisms, Therapeutic Applications, and Translational Challenges.",2026,literature,medium,0,needs_manual_classification,probiotic,,,true,https://europepmc.org/article/MED/42158523
EUROPEPMC:PMC12986703,publisher supplementary data,PMC12986703,,,Neurocosmetics or Hype? Psychobiotic Potential of Strain-Specific Cosmeceuticals,2026,literature,medium,0,needs_manual_classification,,,,true,
EUROPEPMC:41815495,PubMed,41815495,10.3389/fvets.2026.1759381,41815495,The importance of prebiotics in managing colic in horses: focus on <i>Akkermansia muciniphila</i> and its anti-inflammatory potential.,2026,literature,medium,0,needs_manual_classification,prebiotic,Akkermansia,,true,https://europepmc.org/article/MED/41815495
EUROPEPMC:41557725,PubMed,41557725,10.1371/journal.pbio.3003617,41557725,Targeting immunometabolism in cancer through pharmacological and lifestyle interventions.,2026,literature,medium,0,needs_manual_classification,,,,true,https://europepmc.org/article/MED/41557725
PMID:42067693,PubMed,42067693,10.1007/s13659-026-00612-4,42067693,Diversity of oligosaccharides in lipooligosaccharides of Akkermansia muciniphila and its anti-atherosclerotic activity.,2026,literature,medium,0,needs_manual_classification,,Akkermansia,,true,https://pubmed.ncbi.nlm.nih.gov/42067693/
EUROPEPMC:41232606,PubMed,41232606,10.1016/j.advnut.2025.100554,41232606,Current Research in Fermented Foods: Bridging Tradition and Science.,2025,literature,medium,0,needs_manual_classification,,,,true,https://europepmc.org/article/MED/41232606
EUROPEPMC:41601941,PubMed,41601941,10.3389/fendo.2025.1754430,41601941,Case Report: Lifestyle changes and probiotic supplementation for improving longstanding type 2 diabetes in a male undergoing testosterone replacement therapy.,2025,literature,medium,0,needs_manual_classification,probiotic,,,true,https://europepmc.org/article/MED/41601941
EUROPEPMC:40549339,PubMed,40549339,10.1007/s12602-025-10613-3,40549339,Recent Insights About Probiotics Related Pharmabiotics in Pharmacology: Prevention and Management of Diseases.,2025,literature,medium,0,needs_manual_classification,probiotic,,,true,https://europepmc.org/article/MED/40549339
EUROPEPMC:41078550,PubMed,41078550,10.3934/microbiol.2025026,41078550,Probiotics: A multifaceted approach to health promotion-from disease prevention to food enrichment and delivery systems.,2025,literature,medium,0,needs_manual_classification,probiotic,,,true,https://europepmc.org/article/MED/41078550
EUROPEPMC:40993787,PubMed,40993787,10.1186/s12967-025-07064-3,40993787,"Synbiotics in Alzheimer's disease: mechanisms, clinical evidence, and therapeutic prospects.",2025,literature,medium,0,needs_manual_classification,synbiotic,,,true,https://europepmc.org/article/MED/40993787
EUROPEPMC:41017972,PubMed,41017972,10.3389/fnins.2025.1650807,41017972,<i>Akkermansia muciniphila</i> in neurological disorders: mechanisms and therapeutic potential via the gut-brain axis.,2025,literature,medium,0,needs_manual_classification,,Akkermansia,,true,https://europepmc.org/article/MED/41017972
EUROPEPMC:41536827,PubMed,41536827,10.3934/publichealth.2025061,41536827,Health effects of intermittent fasting and the role of artificial intelligence technologies in optimizing its clinical translation.,2025,literature,medium,0,needs_manual_classification,,,,true,https://europepmc.org/article/MED/41536827
EUROPEPMC:40788133,PubMed,40788133,10.1128/iai.00503-24,40788133,Breaking down barriers: is intestinal mucus degradation by <i>Akkermansia muciniphila</i> beneficial or harmful?,2025,literature,medium,0,needs_manual_classification,,Akkermansia,,true,https://europepmc.org/article/MED/40788133
EUROPEPMC:40871736,PubMed,40871736,10.3390/nu17162708,40871736,Type 2 Diabetes and the Multifaceted Gut-X Axes.,2025,literature,medium,0,needs_manual_classification,,,,true,https://europepmc.org/article/MED/40871736
EUROPEPMC:PMC12075107,publisher supplementary data,PMC12075107,,,ESPGHAN 57th Annual Meeting Abstracts,2025,literature,medium,0,needs_manual_classification,,,,true,
EUROPEPMC:PMC12496561,publisher supplementary data,PMC12496561,,,UEG Week 2025 Poster Presentations,2025,literature,medium,0,needs_manual_classification,,,,true,
EUROPEPMC:41156763,PubMed,41156763,10.3390/microorganisms13102303,41156763,Probiotic Supplementation and Inflammatory Status in Coronary Artery Disease: A Systematic Review and Meta-Analysis.,2025,literature,medium,0,meta_analysis_or_systematic_review,probiotic,,,true,https://europepmc.org/article/MED/41156763
EUROPEPMC:40647044,PubMed,40647044,10.3390/foods14132292,40647044,Fermented Foods as Functional Systems: Microbial Communities and Metabolites Influencing Gut Health and Systemic Outcomes.,2025,literature,medium,0,needs_manual_classification,,,,true,https://europepmc.org/article/MED/40647044
EUROPEPMC:41479668,PubMed,41479668,10.3389/fnut.2025.1716791,41479668,"Postbiotics in pediatric clinical practice: position paper from Special Group of Latin American Society of Pediatric Gastroenterology, Hepatology and Nutrition (LASPGHAN).",2025,literature,medium,0,needs_manual_classification,postbiotic,,,true,https://europepmc.org/article/MED/41479668
EUROPEPMC:40861839,PubMed,40861839,10.30476/ijms.2024.102363.3525,40861839,"The Effects of Prebiotic Dietary Fibers, Probiotics, and Synbiotics on Gut Permeability and Immunity: A Systematic Review.",2025,literature,medium,0,meta_analysis_or_systematic_review,probiotic;prebiotic;synbiotic,,,true,https://europepmc.org/article/MED/40861839
EUROPEPMC:40386633,PubMed,40386633,10.1007/s13205-025-04341-2,40386633,Unveiling probiotic and prebiotic functional dairy foods: a health beneficial outlook.,2025,literature,medium,0,needs_manual_classification,probiotic;prebiotic,,,true,https://europepmc.org/article/MED/40386633
EUROPEPMC:41178959,PubMed,41178959,10.3389/fmicb.2025.1651965,41178959,"A comprehensive overview of the effects of probiotics, prebiotics and synbiotics on the gut-brain axis.",2025,literature,medium,0,needs_manual_classification,probiotic;prebiotic;synbiotic,,,true,https://europepmc.org/article/MED/41178959
EUROPEPMC:40841439,PubMed,40841439,10.1038/s41598-025-16611-3,40841439,"Inulin supplementation improves some inflammatory indices, clinical outcomes, and quality of life in rheumatoid arthritis patients.",2025,literature,medium,0,needs_manual_classification,,,,true,https://europepmc.org/article/MED/40841439
EUROPEPMC:40847749,PubMed,40847749,10.1002/advs.202504249,40847749,The Interplay between the Gut and Ketogenic Diets in Health and Disease.,2025,literature,medium,0,needs_manual_classification,,,,true,https://europepmc.org/article/MED/40847749
EUROPEPMC:41424975,PubMed,41424975,10.2147/ijgm.s551494,41424975,The Gut-Liver Axis: Molecular Mechanisms and Therapeutic Targeting in Liver Disease.,2025,literature,medium,0,needs_manual_classification,,,,true,https://europepmc.org/article/MED/41424975
EUROPEPMC:41170228,PubMed,41170228,10.7759/cureus.93506,41170228,Dietary Influence on Bacterial Vaginosis.,2025,literature,medium,0,needs_manual_classification,,,,true,https://europepmc.org/article/MED/41170228
EUROPEPMC:41295329,PubMed,41295329,10.3390/metabo15110744,41295329,Personalized Delivery of Probiotics and Prebiotics via 3D Food Printing.,2025,literature,medium,0,needs_manual_classification,probiotic;prebiotic,,,true,https://europepmc.org/article/MED/41295329
EUROPEPMC:41321404,PubMed,41321404,10.1016/j.metop.2025.100419,41321404,"Probiotics, <i>prebiotics</i>, synbiotics, and FMT for glycemic control: A systematic review of clinical efficacy and mechanistic readouts in type 2 diabetes and related dysglycemia.",2025,literature,medium,0,meta_analysis_or_systematic_review,probiotic;prebiotic;synbiotic,,,true,https://europepmc.org/article/MED/41321404
EUROPEPMC:40952551,PubMed,40952551,10.1007/s13668-025-00698-1,40952551,Gut Health for Two: the Critical Role of Probiotics and Prebiotics in Pregnancy and Lactation.,2025,literature,medium,0,needs_manual_classification,probiotic;prebiotic,,,true,https://europepmc.org/article/MED/40952551
EUROPEPMC:41170428,PubMed,41170428,10.3389/fmicb.2025.1697319,41170428,"Editorial: Probiotics for global health: advances, applications and challenges.",2025,literature,medium,0,needs_manual_classification,probiotic,,,true,https://europepmc.org/article/MED/41170428
EUROPEPMC:40362839,PubMed,40362839,10.3390/nu17091529,40362839,"The Impact of Probiotics, Prebiotics, and Functional Foods on Human Health.",2025,literature,medium,0,needs_manual_classification,probiotic;prebiotic,,,true,https://europepmc.org/article/MED/40362839
PMID:40892275,PubMed,40892275,10.1007/s40519-025-01784-7,40892275,Post-bariatric surgery quality-of-life decline: analysis of the gut-brain axis.,2025,literature,medium,0,needs_manual_classification,,,,true,https://pubmed.ncbi.nlm.nih.gov/40892275/
PMID:40663640,PubMed,40663640,10.3310/GKWP5267,40663640,,2025,literature,medium,0,needs_manual_classification,,,,true,https://pubmed.ncbi.nlm.nih.gov/40663640/
PMID:40806052,PubMed,40806052,10.3390/nu17152467,40806052,Effect of Probiotics on Uric Acid Levels: Meta-Analysis with Subgroup Analysis and Meta-Regression.,2025,literature,medium,0,meta_analysis_or_systematic_review,probiotic,,,true,https://pubmed.ncbi.nlm.nih.gov/40806052/
PMID:40573134,PubMed,40573134,10.3390/nu17122023,40573134,Combined Phytochemical Sulforaphane and Dietary Fiber Inulin Contribute to the Prevention of ER-Negative Breast Cancer via PI3K/AKT/MTOR Pathway and Modulating Gut Microbial Composition.,2025,literature,medium,0,needs_manual_classification,,,,true,https://pubmed.ncbi.nlm.nih.gov/40573134/
PMID:40736492,PubMed,40736492,,40736492,Top 20 Research Studies of 2024 for Primary Care Physicians.,2025,literature,medium,0,needs_manual_classification,,,,true,https://pubmed.ncbi.nlm.nih.gov/40736492/
PMID:40557185,PubMed,40557185,10.31138/mjr.030624.dra,40557185,Dietary Recommendations from the Moroccan Society for Rheumatology (SMR) for Patients with Chronic Inflammatory Rheumatic Diseases.,2025,literature,medium,0,needs_manual_classification,,,,true,https://pubmed.ncbi.nlm.nih.gov/40557185/
PMID:40178689,PubMed,40178689,10.1186/s40643-025-00861-0,40178689,Phycochemistry and pharmacological significance of filamentous cyanobacterium Spirulina sp.,2025,literature,medium,0,needs_manual_classification,,,,true,https://pubmed.ncbi.nlm.nih.gov/40178689/
PMID:40099634,PubMed,40099634,10.1097/BOR.0000000000001090,40099634,Nutritional guidance in spondyloarthritis: confronting the evidence gap.,2025,literature,medium,0,needs_manual_classification,,,,true,https://pubmed.ncbi.nlm.nih.gov/40099634/
PMID:41022286,PubMed,41022286,10.1016/j.advnut.2025.100526,41022286,Probiotics and Synbiotics Supplementation Reduce Inflammatory Cytokines in Individuals with Prediabetes and Type 2 Diabetes Mellitus: Findings from a Systematic Review Meta-analysis.,2025,literature,medium,0,meta_analysis_or_systematic_review,probiotic;synbiotic,,,true,https://pubmed.ncbi.nlm.nih.gov/41022286/
EUROPEPMC:39642126,PubMed,39642126,10.1371/journal.pone.0314971,39642126,Effects of probiotic supplementation on the anthropometric nutritional status of patients with type 2 Diabetes mellitus: A systematic review and meta-analysis protocol.,2024,literature,medium,0,meta_analysis_or_systematic_review,probiotic,,,true,https://europepmc.org/article/MED/39642126
EUROPEPMC:39796443,PubMed,39796443,10.3390/nu17010009,39796443,Health-Promoting and Functional Properties of Fermented Milk Beverages with Probiotic Bacteria in the Prevention of Civilization Diseases.,2024,literature,medium,0,needs_manual_classification,probiotic,,,true,https://europepmc.org/article/MED/39796443
EUROPEPMC:39599742,PubMed,39599742,10.3390/nu16223955,39599742,"Health Benefits of Prebiotics, Probiotics, Synbiotics, and Postbiotics.",2024,literature,medium,0,needs_manual_classification,probiotic;prebiotic;synbiotic;postbiotic,,,true,https://europepmc.org/article/MED/39599742
EUROPEPMC:38791478,PubMed,38791478,10.3390/ijms25105441,38791478,Postbiotics as Metabolites and Their Biotherapeutic Potential.,2024,literature,medium,0,needs_manual_classification,postbiotic,,,true,https://europepmc.org/article/MED/38791478
EUROPEPMC:39335866,PubMed,39335866,10.3390/foods13182937,39335866,A Comprehensive Overview of Postbiotics with a Special Focus on Discovery Techniques and Clinical Applications.,2024,literature,medium,0,needs_manual_classification,postbiotic,,,true,https://europepmc.org/article/MED/39335866
EUROPEPMC:PMC11094350,publisher supplementary data,PMC11094350,,,ESPGHAN 56th Annual Meeting Abstracts,2024,literature,medium,0,needs_manual_classification,,,,true,
PMID:39568738,PubMed,39568738,10.3389/fmed.2024.1477882,39568738,Gut dysbiosis mediates the association between antibiotic exposure and chronic disease.,2024,literature,medium,0,needs_manual_classification,,,,true,https://pubmed.ncbi.nlm.nih.gov/39568738/
PMID:38946112,PubMed,38946112,10.1111/1751-7915.14520,38946112,Role of breastfeeding in disease prevention.,2024,literature,medium,0,needs_manual_classification,,,,true,https://pubmed.ncbi.nlm.nih.gov/38946112/
EUROPEPMC:36763279,PubMed,36763279,10.1007/s12602-023-10045-x,36763279,The Current and Future Perspectives of Postbiotics.,2023,literature,medium,0,needs_manual_classification,postbiotic,,,true,https://europepmc.org/article/MED/36763279
PMID:37359018,PubMed,37359018,10.3389/fmed.2023.1141355,37359018,"The effects of probiotics, prebiotics, and synbiotics on polycystic ovarian syndrome: an overview of systematic reviews.",2023,literature,medium,0,meta_analysis_or_systematic_review,probiotic;prebiotic;synbiotic,,,true,https://pubmed.ncbi.nlm.nih.gov/37359018/
EUROPEPMC:PMC9548091,publisher supplementary data,PMC9548091,,,UEG Week 2022 Poster Presentations,2022,literature,medium,0,needs_manual_classification,,,,true,
PMID:36512109,PubMed,36512109,10.1007/s00520-022-07496-3,36512109,Health-related quality of life is associated with fecal microbial composition in breast cancer survivors.,2022,literature,medium,0,needs_manual_classification,,,,true,https://pubmed.ncbi.nlm.nih.gov/36512109/
PMID:35278043,PubMed,35278043,10.1002/jcsm.12964,35278043,Gut microbes and muscle function: can probiotics make our muscles stronger?,2022,literature,medium,0,needs_manual_classification,probiotic,,,true,https://pubmed.ncbi.nlm.nih.gov/35278043/
EUROPEPMC:35009009,PubMed,35009009,10.3390/plants11010004,35009009,"Beneficial Role of Fruits, Their Juices, and Freeze-Dried Powders on Inflammatory Bowel Disease and Related Dysbiosis.",2021,literature,medium,0,needs_manual_classification,,,,true,https://europepmc.org/article/MED/35009009
PMID:33477821,PubMed,33477821,10.3390/cells10010185,33477821,Beneficial Effects of Akkermansia muciniphila Are Not Associated with Major Changes in the Circulating Endocannabinoidome but Linked to Higher Mono-Palmitoyl-Glycerol Levels as New PPARα Agonists.,2021,literature,medium,0,needs_manual_classification,,Akkermansia,,true,https://pubmed.ncbi.nlm.nih.gov/33477821/
PMID:34050763,PubMed,34050763,10.1210/clinem/dgab369,34050763,Effects of Synbiotic Supplementation and Lifestyle Modifications on Women With Polycystic Ovary Syndrome.,2021,literature,medium,0,needs_manual_classification,synbiotic,,,true,https://pubmed.ncbi.nlm.nih.gov/34050763/
EUROPEPMC:32394034,PubMed,32394034,10.1007/s10875-020-00764-z,32394034,2020 CIS Annual Meeting: Immune Deficiency & Dysregulation North American Conference.,2020,literature,medium,0,needs_manual_classification,,,,true,https://europepmc.org/article/MED/32394034
EUROPEPMC:33043826,PubMed,33043826,10.1177/2050640620927345,33043826,<b>UEG</b> Week 2020 Poster Presentations.,2020,literature,medium,0,needs_manual_classification,,,,true,https://europepmc.org/article/MED/33043826
EUROPEPMC:32213001,PubMed,32213001,10.1177/2050640619854671,32213001,UEG Week 2019 Poster Presentations.,2019,literature,medium,0,needs_manual_classification,,,,true,https://europepmc.org/article/MED/32213001
PMID:31601229,PubMed,31601229,10.1186/s13063-019-3679-7,31601229,Effect of probiotic supplementation in nonalcoholic steatohepatitis patients: PROBILIVER TRIAL protocol.,2019,literature,medium,0,needs_manual_classification,probiotic,,,true,https://pubmed.ncbi.nlm.nih.gov/31601229/
EUROPEPMC:PMC6265820,publisher supplementary data,PMC6265820,,,Dietary Bioactive Components,2018,literature,medium,0,needs_manual_classification,,,,true,
PMID:30425806,PubMed,30425806,,30425806,Probiotics and their role in gastrointestinal cancers prevention and treatment; an overview.,2018,literature,medium,0,needs_manual_classification,probiotic,,,true,https://pubmed.ncbi.nlm.nih.gov/30425806/
PMID:27367724,PubMed,27367724,10.3390/nu8070397,27367724,"Beneficial Effect of Synbiotic Supplementation on Hepatic Steatosis and Anthropometric Parameters, But Not on Gut Permeability in a Population with Nonalcoholic Steatohepatitis.",2016,literature,medium,0,needs_manual_classification,synbiotic,,,true,https://pubmed.ncbi.nlm.nih.gov/27367724/
EUROPEPMC:PMC4669991,publisher supplementary data,PMC4669991,,,UEG Week 2015 Poster Presentations,2015,literature,medium,0,needs_manual_classification,,,,true,
PMID:30000958,PubMed,30000958,,30000958,Marine Oils.,2006,literature,medium,0,needs_manual_classification,,,,true,https://pubmed.ncbi.nlm.nih.gov/30000958/
PMID:10745279,PubMed,10745279,10.1038/sj.ejcn.1600937,10745279,Effect of 8 week intake of probiotic milk products on risk factors for cardiovascular diseases.,2000,literature,medium,0,needs_manual_classification,probiotic,,,true,https://pubmed.ncbi.nlm.nih.gov/10745279/
EUROPEPMC:42039766,PubMed,42039766,10.1002/fsn3.71801,42039766,The Role of Gut Microbiome in Obesity and Weight Management: A Review of Current Evidence and Future Directions.,2026,literature,lower,3,review,,,weight;microbiome,true,https://europepmc.org/article/MED/42039766
EUROPEPMC:41734872,PubMed,41734872,10.1016/j.advnut.2026.100610,41734872,"Gut Microbiome-Associated Effects of Plant-Based Diets on Glucose Homeostasis, Body Composition, and Cognitive Function: A Scoping Review.",2026,literature,lower,3,review,,,body_composition;glucose;microbiome,true,https://europepmc.org/article/MED/41734872
PMID:41520055,PubMed,41520055,10.1038/s41366-025-01971-7,41520055,Insulin resistance modulates gut microbiota and incretin response remodeling after bariatric surgery in severe obesity.,2026,literature,lower,3,needs_manual_classification,,,glucose;microbiome,true,https://pubmed.ncbi.nlm.nih.gov/41520055/
PMID:42169267,PubMed,42169267,10.1016/j.foodres.2026.119290,42169267,"Type I corn resistant starch attenuates obesity in high-fat diet-induced mice by modulating the gut microbiota, appetite and lipid metabolism genes.",2026,literature,lower,3,preclinical_or_animal,,,lipid;microbiome,true,https://pubmed.ncbi.nlm.nih.gov/42169267/
PMID:41469282,PubMed,41469282,10.1016/j.soard.2025.11.021,41469282,"American Society of Metabolic and Bariatric Surgery review of gut microbiome and alterations related to weight loss treatment, by the Clinical Issues Committee.",2026,literature,lower,3,preclinical_or_animal,,,weight;glucose;microbiome,true,https://pubmed.ncbi.nlm.nih.gov/41469282/
EUROPEPMC:40507152,PubMed,40507152,10.3390/nu17111883,40507152,The Role of Gut Microbiota in Pediatric Obesity and Metabolic Disorders: Insights from a Comprehensive Review.,2025,literature,lower,3,review,,,glucose;microbiome,true,https://europepmc.org/article/MED/40507152
EUROPEPMC:40725626,PubMed,40725626,10.3390/jcm14144933,40725626,The Role of Gut Microbiota in the Development and Treatment of Obesity and Overweight: A Literature Review.,2025,literature,lower,3,preclinical_or_animal,,,weight;microbiome,true,https://europepmc.org/article/MED/40725626
PMID:41377121,PubMed,41377121,10.1016/j.csbj.2025.11.043,41377121,Low-calorie diet intervention ameliorates gut microbiota dysbiosis and metabolic changes in obese patients with type 2 diabetes under standard care.,2025,literature,lower,3,preclinical_or_animal,,,glucose;microbiome,true,https://pubmed.ncbi.nlm.nih.gov/41377121/
PMID:40907063,PubMed,40907063,10.1016/j.clnu.2025.08.018,40907063,The ecology of the microbiota in children with obesity is associated with the intake of carbohydrates and insulin resistance.,2025,literature,lower,3,preclinical_or_animal,,,glucose;microbiome,true,https://pubmed.ncbi.nlm.nih.gov/40907063/
PMID:39988008,PubMed,39988008,10.1016/j.bbi.2025.02.014,39988008,Oleoylethanolamide-producing Lactobacillus paracasei F19 improves metabolic and behavioral disorders by restoring intestinal permeability and microbiota-gut-brain axis in high-fat diet-induced obese male mice.,2025,literature,lower,3,preclinical_or_animal,,Lactobacillus,glucose;microbiome,true,https://pubmed.ncbi.nlm.nih.gov/39988008/
PMID:39454570,PubMed,39454570,10.1016/j.xcrm.2024.101801,39454570,Effects of healthy low-carbohydrate diet and time-restricted eating on weight and gut microbiome in adults with overweight or obesity: Feeding RCT.,2024,literature,lower,3,preclinical_or_animal,,,weight;microbiome,true,https://pubmed.ncbi.nlm.nih.gov/39454570/
PMID:37503494,PubMed,37503494,10.7759/cureus.40948,37503494,Exploring the Impact of the Gut Microbiome on Obesity and Weight Loss: A Review Article.,2023,literature,lower,3,review,,,weight;microbiome,true,https://pubmed.ncbi.nlm.nih.gov/37503494/
PMID:35179758,PubMed,35179758,10.26355/eurrev_202202_28001,35179758,"A low glycemic index, energy-restricted diet but not Lactobacillus rhamnosus supplementation changes fecal short-chain fatty acid and serum lipid concentrations in women with overweight or obesity and polycystic ovary syndrome.",2022,literature,lower,3,preclinical_or_animal,,Lactobacillus,weight;lipid,true,https://pubmed.ncbi.nlm.nih.gov/35179758/
PMID:34578862,PubMed,34578862,10.3390/nu13092983,34578862,Supplementation of 1-Kestose Modulates the Gut Microbiota Composition to Ameliorate Glucose Metabolism in Obesity-Prone Hosts.,2021,literature,lower,3,preclinical_or_animal,,,glucose;microbiome,true,https://pubmed.ncbi.nlm.nih.gov/34578862/
EUROPEPMC:42041588,PubMed,42041588,10.3390/cells15080723,42041588,Thyroid Dysfunction as a Component of an Immuno-Metabolic Depression-A Possible Role of Gut Microbiota and a Rationale for Future Studies.,2026,literature,lower,2,preclinical_or_animal,,,glucose;microbiome,true,https://europepmc.org/article/MED/42041588
EUROPEPMC:41727680,PubMed,41727680,10.3389/fendo.2026.1734041,41727680,BMI-stratified phenotypes of polycystic ovary syndrome: advances in gut microbiota research and personalized management strategies.,2026,literature,lower,2,preclinical_or_animal,,,BMI;microbiome,true,https://europepmc.org/article/MED/41727680
EUROPEPMC:41901128,PubMed,41901128,10.3390/nu18060952,41901128,The Gut Microbiota: An Essential Component in Understanding Pediatric Obesity: A Narrative Review.,2026,literature,lower,2,preclinical_or_animal,,,microbiome,true,https://europepmc.org/article/MED/41901128
EUROPEPMC:41892839,PubMed,41892839,10.3390/medsci14010124,41892839,Modulation of Microbiome-Mitochondria Axis as a Novel Approach for Treatment of Obesity: A Scoping Review.,2026,literature,lower,2,review,,,microbiome,true,https://europepmc.org/article/MED/41892839
EUROPEPMC:PMC13093803,publisher supplementary data,PMC13093803,,,"Lipid stress evolved, microbiome‐based probiotics reduce lipid uptake in mice",2026,literature,lower,2,preclinical_or_animal,probiotic,,lipid;microbiome,true,
EUROPEPMC:41717546,PubMed,41717546,10.3389/fendo.2026.1680182,41717546,The effect of combining surgical or endoscopic bariatric interventions with anti-obesity medication or probiotics on weight loss: a narrative review.,2026,literature,lower,2,preclinical_or_animal,probiotic,,weight,true,https://europepmc.org/article/MED/41717546
EUROPEPMC:10.64898/2026.04.01.715546,publisher supplementary data,10.64898/2026.04.01.715546,10.64898/2026.04.01.715546,,<i>Saccharomyces boulardii</i> attenuates obesity-associated inflammation and weight gain through coordinated gut ecosystem remodeling,2026,literature,lower,2,needs_manual_classification,,Saccharomyces,weight,true,
EUROPEPMC:42016853,PubMed,42016853,10.1002/btm2.70122,42016853,"Lipid stress evolved, microbiome-based probiotics reduce lipid uptake in mice.",2026,literature,lower,2,preclinical_or_animal,probiotic,,lipid;microbiome,true,https://europepmc.org/article/MED/42016853
EUROPEPMC:41594449,PubMed,41594449,10.3390/ani16020259,41594449,<i>Bifidobacterium animalis</i> Subspecies <i>lactis</i> CECT 8145 Affects Markers of Metabolic Health in Dogs During Weight Gain and Weight Loss.,2026,literature,lower,2,needs_manual_classification,,Bifidobacterium,weight;glucose,true,https://europepmc.org/article/MED/41594449
EUROPEPMC:41513674,PubMed,41513674,10.1038/s41538-025-00698-z,41513674,Composite dietary fiber alleviates obesity-induced skeletal muscle atrophy by regulating gut microbiota-derived short-chain fatty acids in mice.,2026,literature,lower,2,preclinical_or_animal,,,microbiome,true,https://europepmc.org/article/MED/41513674
PMID:42169316,PubMed,42169316,10.1016/j.foodres.2026.119354,42169316,Resveratrol and tomato pectin synergistically ameliorated metabolic disorder in high-fat-diet mice through the microbiota-gut-liver axis.,2026,literature,lower,2,preclinical_or_animal,,,glucose;microbiome,true,https://pubmed.ncbi.nlm.nih.gov/42169316/
PMID:42047845,PubMed,42047845,10.1007/s00394-026-03967-z,42047845,Metabolic and gut microbiota effects of ketogenic diet and exogenous ketone salts in a rat model of metabolic syndrome.,2026,literature,lower,2,preclinical_or_animal,,,glucose;microbiome,true,https://pubmed.ncbi.nlm.nih.gov/42047845/
PMID:42042874,PubMed,42042874,10.3390/metabo16040228,42042874,Weizmannia coagulans BC99 Ameliorates Obesity and Associated Inflammation by Remodeling the Gut Microbiota and Regulating Lysophosphatidylcholine and Conjugated Bile Acid Metabolism.,2026,literature,lower,2,preclinical_or_animal,,,microbiome,true,https://pubmed.ncbi.nlm.nih.gov/42042874/
PMID:41881081,PubMed,41881081,10.1016/j.fitote.2026.107203,41881081,Characterized polyphenols from Prunus cerasifera alleviated HFD-induced intestinal inflammation and barrier dysfunction in obese mice by remodeling the gut microbiota and short-chain fatty acid profile.,2026,literature,lower,2,preclinical_or_animal,,,microbiome,true,https://pubmed.ncbi.nlm.nih.gov/41881081/
PMID:41834998,PubMed,41834998,10.3389/fcimb.2026.1781222,41834998,Role of oral-gut microbiota dysbiosis in regulating systemic impairment during age-related obesity: an animal study.,2026,literature,lower,2,needs_manual_classification,,,microbiome,true,https://pubmed.ncbi.nlm.nih.gov/41834998/
PMID:41830637,PubMed,41830637,10.1021/acs.jafc.5c14405,41830637,3'-Hydroxypterostilbene Alleviates Obesity and Lipoprotein Metabolism Dysregulation by Reshaping Gut Microbiota in High-Fat Diet-Induced Obese Mice.,2026,literature,lower,2,preclinical_or_animal,,,microbiome,true,https://pubmed.ncbi.nlm.nih.gov/41830637/
PMID:41800297,PubMed,41800297,10.2147/DDDT.S595588,41800297,Gut-Derived Hippuric Acid Alleviates Hepatic Lipid Metabolism via UGDH/FOXK1/CD36 Axis in Obese Mice.,2026,literature,lower,2,preclinical_or_animal,,,lipid,true,https://pubmed.ncbi.nlm.nih.gov/41800297/
PMID:41738389,PubMed,41738389,10.1039/d5fo04941e,41738389,"Theaflavins ameliorate obesity through enhanced antioxidant capacity, a suppressed hepatic BCAA degradation pathway, and gut microbiota modulation.",2026,literature,lower,2,preclinical_or_animal,,,microbiome,true,https://pubmed.ncbi.nlm.nih.gov/41738389/
PMID:41697114,PubMed,41697114,10.23736/S2724-6507.25.04483-5,41697114,Gut microbiota and metabolic syndrome in postmenopausal women: a narrative review of mechanisms and dietary recommendations.,2026,literature,lower,2,preclinical_or_animal,,,glucose;microbiome,true,https://pubmed.ncbi.nlm.nih.gov/41697114/
PMID:41654113,PubMed,41654113,10.1016/j.cireng.2026.800297,41654113,Impact of bariatric surgery on the gut microbiota and metabolomic profile of the enterohepatic axis in an experimental model of obesity.,2026,literature,lower,2,needs_manual_classification,,,microbiome,true,https://pubmed.ncbi.nlm.nih.gov/41654113/
PMID:41598253,PubMed,41598253,10.3390/life16010098,41598253,"Diet, Physical Exercise, and Gut Microbiota Modulation in Metabolic Syndrome: A Narrative Review.",2026,literature,lower,2,preclinical_or_animal,,,glucose;microbiome,true,https://pubmed.ncbi.nlm.nih.gov/41598253/
PMID:42060057,PubMed,42060057,10.1007/s12602-026-11035-5,42060057,Enzyme-Triggered Microcapsules for Colon-Targeted Delivery of Lacticaseibacillus rhamnosus Improve Metabolic Parameters in an Obese Mouse Model.,2026,literature,lower,2,preclinical_or_animal,,Lacticaseibacillus,glucose,true,https://pubmed.ncbi.nlm.nih.gov/42060057/
PMID:41875058,PubMed,41875058,10.1152/ajpgi.00412.2025,41875058,Improvement of glucose homeostasis during leptin treatment does not alter the intestinal microbiome in male diabetic UC Davis type-2 diabetes mellitus rats.,2026,literature,lower,2,preclinical_or_animal,,,glucose;microbiome,true,https://pubmed.ncbi.nlm.nih.gov/41875058/
PMID:41314293,PubMed,41314293,10.1016/j.tjnut.2025.11.013,41314293,Caloric Restriction Alleviates Anxiety-Like Behaviors by Mitigating Neuroinflammation and Insulin Signaling Dysregulation in a High-Fat Diet-Induced Obesity Mouse Model.,2026,literature,lower,2,preclinical_or_animal,,,glucose,true,https://pubmed.ncbi.nlm.nih.gov/41314293/
PMID:41475319,PubMed,41475319,10.1016/j.nut.2025.113033,41475319,Comparing body composition techniques against an adapted multicompartment model in individuals with excess body weight.,2026,literature,lower,2,needs_manual_classification,,,weight;body_composition,true,https://pubmed.ncbi.nlm.nih.gov/41475319/
EUROPEPMC:41010468,PubMed,41010468,10.3390/nu17182942,41010468,Targeting the Gut Microbiota in Pediatric Obesity: A Paradigm Shift in Prevention and Treatment? A Comprehensive Review.,2025,literature,lower,2,review,,,microbiome,true,https://europepmc.org/article/MED/41010468
EUROPEPMC:40650060,PubMed,40650060,10.3390/ijms26136282,40650060,Using Gut Microbiota Modulation as a Precision Strategy Against Obesity.,2025,literature,lower,2,preclinical_or_animal,,,microbiome,true,https://europepmc.org/article/MED/40650060
EUROPEPMC:41007736,PubMed,41007736,10.3390/biomedicines13092173,41007736,The Gut Microbiome in Human Obesity: A Comprehensive Review.,2025,literature,lower,2,review,,,microbiome,true,https://europepmc.org/article/MED/41007736
EUROPEPMC:40212162,PubMed,40212162,10.1097/ms9.0000000000003140,40212162,The impact of gut microbiome modulation on anthropometric indices in metabolic syndrome: an umbrella review.,2025,literature,lower,2,review,,,glucose;microbiome,true,https://europepmc.org/article/MED/40212162
EUROPEPMC:40649341,PubMed,40649341,10.3390/molecules30132827,40649341,Phytotherapy and the Role of Bioactive Compounds in Modulating Mechanisms of Overweight and Obesity Comorbid with Depressive Symptoms-A Scoping Review of Mechanisms of Action.,2025,literature,lower,2,review,,,weight,true,https://europepmc.org/article/MED/40649341
EUROPEPMC:41568048,PubMed,41568048,10.3389/fmicb.2025.1627870,41568048,Probiotic attributes and safety profile of AKM Lab-01: a novel <i>Akkermansia muciniphila</i> strain combating obesity and metabolic disorders in diet-induced obese mice.,2025,literature,lower,2,preclinical_or_animal,probiotic,Akkermansia,glucose,true,https://europepmc.org/article/MED/41568048
EUROPEPMC:40328980,PubMed,40328980,10.1038/s41564-025-01989-7,40328980,Gut commensal Phascolarctobacterium faecium retunes innate immunity to mitigate obesity and metabolic disease in mice.,2025,literature,lower,2,preclinical_or_animal,,,glucose,true,https://europepmc.org/article/MED/40328980
EUROPEPMC:40362873,PubMed,40362873,10.3390/nu17091564,40362873,The Obesity-Epigenetics-Microbiome Axis: Strategies for Therapeutic Intervention.,2025,literature,lower,2,preclinical_or_animal,,,microbiome,true,https://europepmc.org/article/MED/40362873
PMID:40669445,PubMed,40669445,10.1016/j.xcrm.2025.102237,40669445,Intrinsic chicory root fibers modulate colonic microbial butyrate-producing pathways and improve insulin sensitivity in individuals with obesity.,2025,literature,lower,2,preclinical_or_animal,,,glucose,true,https://pubmed.ncbi.nlm.nih.gov/40669445/
PMID:40606560,PubMed,40606560,10.1007/s43657-024-00165-x,40606560,Multi-Omics Exploration of Obesity Biomarkers in Sedentary and Weight Loss Cohorts.,2025,literature,lower,2,preclinical_or_animal,,,weight,true,https://pubmed.ncbi.nlm.nih.gov/40606560/
PMID:40046174,PubMed,40046174,10.2147/JAA.S478329,40046174,Glucagon-Like Peptide 1 Receptor (Glp1r) Deficiency Does Not Appreciably Alter Airway Inflammation or Gut-Lung Microbiome Axis in a Mouse Model of Obese Allergic Airways Disease and Bariatric Surgery.,2025,literature,lower,2,preclinical_or_animal,,,microbiome,true,https://pubmed.ncbi.nlm.nih.gov/40046174/
PMID:39778852,PubMed,39778852,10.1016/j.ijbiomac.2025.139577,39778852,Characterization of a novel type 4 resistant starch from tapioca and its obesity-preventive effects through gut microbiota modulation in high-fat diet-treated mice.,2025,literature,lower,2,preclinical_or_animal,,,microbiome,true,https://pubmed.ncbi.nlm.nih.gov/39778852/
PMID:40873449,PubMed,40873449,10.3389/fnut.2025.1644014,40873449,Multi-omics integration reveals the impact of mediterranean diet on hepatic metabolism and gut microbiota in mice with metabolic dysfunction-associated steatotic liver disease.,2025,literature,lower,2,preclinical_or_animal,,,glucose;microbiome,true,https://pubmed.ncbi.nlm.nih.gov/40873449/
PMID:40813684,PubMed,40813684,10.1186/s13098-025-01869-4,40813684,Carotenoid and peptide supplementation from Caulerpa sp. (sea grapes) extract mitigate metabolic syndrome in cholesterol-enriched diet rats via modulation of gut microbiota.,2025,literature,lower,2,preclinical_or_animal,,,lipid;glucose;microbiome,true,https://pubmed.ncbi.nlm.nih.gov/40813684/
PMID:41313537,PubMed,41313537,10.1007/s12602-025-10855-1,41313537,"Gut Microbiome in Obesity: A Narrative Review of Mechanisms, Interventions, and Future Directions.",2025,literature,lower,2,preclinical_or_animal,,,microbiome,true,https://pubmed.ncbi.nlm.nih.gov/41313537/
PMID:41061287,PubMed,41061287,10.1016/j.phymed.2025.157314,41061287,"Theaflavins in black tea ameliorate high-fat diet-induced obesity and inflammation via gut microbiota, AMPK-mediated metabolism, and NF-κB pathway.",2025,literature,lower,2,preclinical_or_animal,,,microbiome,true,https://pubmed.ncbi.nlm.nih.gov/41061287/
PMID:40460250,PubMed,40460250,10.1080/17446651.2025.2512551,40460250,Gut microbiota alterations and their role in the pathophysiology of obesity following bariatric surgery.,2025,literature,lower,2,preclinical_or_animal,,,microbiome,true,https://pubmed.ncbi.nlm.nih.gov/40460250/
PMID:40269059,PubMed,40269059,10.1038/s41598-025-96893-9,40269059,"Gut microbiota diversity in obese rats treated with intermittent fasting, probiotic-fermented camel milk with or without dates and their combinations.",2025,literature,lower,2,preclinical_or_animal,probiotic,,microbiome,true,https://pubmed.ncbi.nlm.nih.gov/40269059/
EUROPEPMC:38572479,PubMed,38572479,10.3389/fendo.2024.1277921,38572479,"The effects of prebiotic, probiotic or synbiotic supplementation on overweight/obesity indicators: an umbrella review of the trials' meta-analyses.",2024,literature,lower,2,review,probiotic;prebiotic;synbiotic,,weight,true,https://europepmc.org/article/MED/38572479
EUROPEPMC:39710683,PubMed,39710683,10.1186/s13098-024-01561-z,39710683,Understanding the complex function of gut microbiota: its impact on the pathogenesis of obesity and beyond: a comprehensive review.,2024,literature,lower,2,review,,,microbiome,true,https://europepmc.org/article/MED/39710683
PMID:39539712,PubMed,39539712,10.3389/fmicb.2024.1381423,39539712,Stress-induced obesity in mice causes cognitive decline associated with inhibition of hippocampal neurogenesis and dysfunctional gut microbiota.,2024,literature,lower,2,preclinical_or_animal,,,microbiome,true,https://pubmed.ncbi.nlm.nih.gov/39539712/
PMID:38299011,PubMed,38299011,10.1515/biol-2022-0803,38299011,Gut microbiota changes associated with low-carbohydrate diet intervention for obesity.,2024,literature,lower,2,preclinical_or_animal,,,microbiome,true,https://pubmed.ncbi.nlm.nih.gov/38299011/
PMID:38612951,PubMed,38612951,10.3390/nu16070917,38612951,Effects of Soluble Dextrin Fiber from Potato Starch on Body Weight and Associated Gut Dysbiosis Are Evident in Western Diet-Fed Mice but Not in Overweight/Obese Children.,2024,literature,lower,2,preclinical_or_animal,,,weight,true,https://pubmed.ncbi.nlm.nih.gov/38612951/
PMID:39200335,PubMed,39200335,10.3390/biomedicines12081871,39200335,The Role of Fecal Microbiota Transplantation (FMT) in the Management of Metabolic Diseases in Humans: A Narrative Review.,2024,literature,lower,2,preclinical_or_animal,,,glucose;microbiome,true,https://pubmed.ncbi.nlm.nih.gov/39200335/
PMID:39064763,PubMed,39064763,10.3390/nu16142321,39064763,Impact of a Fruit-Vegetable Preparation Fortified with Potato Starch Resistant Dextrin on Selected Health Indicators in Overweight Children.,2024,literature,lower,2,preclinical_or_animal,,,weight,true,https://pubmed.ncbi.nlm.nih.gov/39064763/
PMID:37724572,PubMed,37724572,10.1080/10408398.2023.2257782,37724572,Dairy products and constituents: a review of their effects on obesity and related metabolic diseases.,2024,literature,lower,2,review,,,glucose,true,https://pubmed.ncbi.nlm.nih.gov/37724572/
PMID:37971504,PubMed,37971504,10.1007/s00125-023-06044-w,37971504,Habitual carbohydrate intake is not correlated with circulating β-hydroxybutyrate levels in pregnant women with overweight and obesity at 28 weeks' gestation.,2024,literature,lower,2,preclinical_or_animal,,,weight,true,https://pubmed.ncbi.nlm.nih.gov/37971504/
PMID:37960202,PubMed,37960202,10.3390/nu15214549,37960202,"Effect of Lactobacillus kefiri, in Conjunction with PENS T6 and a Hypocaloric Diet, on Weight Loss, Hypertension and Laboratory Glycemic and Lipid Profile.",2023,literature,lower,2,preclinical_or_animal,,Lactobacillus,weight;lipid,true,https://pubmed.ncbi.nlm.nih.gov/37960202/
PMID:35723657,PubMed,35723657,10.1089/chi.2022.0059,35723657,Probiotic Use in Children and Adolescents with Overweight or Obesity: A Scoping Review.,2023,literature,lower,2,review,probiotic,,weight,true,https://pubmed.ncbi.nlm.nih.gov/35723657/
PMID:35565835,PubMed,35565835,10.3390/nu14091868,35565835,Pleurotus Ostreatus Ameliorates Obesity by Modulating the Gut Microbiota in Obese Mice Induced by High-Fat Diet.,2022,literature,lower,2,preclinical_or_animal,,,microbiome,true,https://pubmed.ncbi.nlm.nih.gov/35565835/
PMID:35108450,PubMed,35108450,10.1002/mnfr.202100653,35108450,Diets Containing Egg or Whey Protein and Inulin Fiber Improve Energy Balance and Modulate Gut Microbiota in Exercising Obese Rats.,2022,literature,lower,2,preclinical_or_animal,,,microbiome,true,https://pubmed.ncbi.nlm.nih.gov/35108450/
PMID:34592220,PubMed,34592220,10.1016/j.ijbiomac.2021.09.150,34592220,Novel β-mannanase/GLP-1 fusion peptide high effectively ameliorates obesity in a mouse model by modifying balance of gut microbiota.,2021,literature,lower,2,preclinical_or_animal,,,microbiome,true,https://pubmed.ncbi.nlm.nih.gov/34592220/
PMID:31263284,PubMed,31263284,10.1038/s41591-019-0495-2,31263284,Supplementation with Akkermansia muciniphila in overweight and obese human volunteers: a proof-of-concept exploratory study.,2019,literature,lower,2,preclinical_or_animal,,Akkermansia,weight,true,https://pubmed.ncbi.nlm.nih.gov/31263284/
PMID:31167080,PubMed,31167080,10.1096/fj.201900665RR,31167080,Gut microbiota mediates the protective effects of dietary β-hydroxy-β-methylbutyrate (HMB) against obesity induced by high-fat diets.,2019,literature,lower,2,preclinical_or_animal,,,microbiome,true,https://pubmed.ncbi.nlm.nih.gov/31167080/
PMID:29504260,PubMed,29504260,10.1002/oby.22136,29504260,"Dietary Tryptophan Restriction Dose-Dependently Modulates Energy Balance, Gut Hormones, and Microbiota in Obesity-Prone Rats.",2018,literature,lower,2,preclinical_or_animal,,,microbiome,true,https://pubmed.ncbi.nlm.nih.gov/29504260/
PMID:29953876,PubMed,29953876,10.1016/j.metabol.2018.06.009,29953876,The prebiotic inulin improves substrate metabolism and promotes short-chain fatty acid production in overweight to obese men.,2018,literature,lower,2,preclinical_or_animal,prebiotic,,weight,true,https://pubmed.ncbi.nlm.nih.gov/29953876/
PMID:29316965,PubMed,29316965,10.1186/s12974-018-1055-2,29316965,"Decreased microglial activation through gut-brain axis by prebiotics, probiotics, or synbiotics effectively restored cognitive function in obese-insulin resistant rats.",2018,literature,lower,2,preclinical_or_animal,probiotic;prebiotic;synbiotic,,glucose,true,https://pubmed.ncbi.nlm.nih.gov/29316965/
PMID:28968517,PubMed,28968517,10.1016/j.jnutbio.2017.08.006,28968517,Probiotics modulate gut microbiota and improve insulin sensitivity in DIO mice.,2017,literature,lower,2,preclinical_or_animal,probiotic,,glucose;microbiome,true,https://pubmed.ncbi.nlm.nih.gov/28968517/
PMID:28528593,PubMed,28528593,10.1017/S0007114517000964,28528593,Polymannuronic acid ameliorated obesity and inflammation associated with a high-fat and high-sucrose diet by modulating the gut microbiome in a murine model.,2017,literature,lower,2,preclinical_or_animal,,,microbiome,true,https://pubmed.ncbi.nlm.nih.gov/28528593/
PMID:24124012,PubMed,24124012,10.1002/oby.20632,24124012,Combined effects of oligofructose and Bifidobacterium animalis on gut microbiota and glycemia in obese rats.,2014,literature,lower,2,preclinical_or_animal,,Bifidobacterium,microbiome,true,https://pubmed.ncbi.nlm.nih.gov/24124012/
PMID:22410962,PubMed,22410962,10.1038/ijo.2012.33,22410962,The type and quantity of dietary fat and carbohydrate alter faecal microbiome and short-chain fatty acid excretion in a metabolic syndrome 'at-risk' population.,2013,literature,lower,2,preclinical_or_animal,,,glucose;microbiome,true,https://pubmed.ncbi.nlm.nih.gov/22410962/
PMID:22223580,PubMed,22223580,10.3945/jn.111.147132,22223580,Prebiotic fiber increases hepatic acetyl CoA carboxylase phosphorylation and suppresses glucose-dependent insulinotropic polypeptide secretion more effectively when used with metformin in obese rats.,2012,literature,lower,2,preclinical_or_animal,prebiotic,,glucose,true,https://pubmed.ncbi.nlm.nih.gov/22223580/
EUROPEPMC:41901543,PubMed,41901543,10.3390/medicina62030458,41901543,"Nutritional Status in Obesity: A Comprehensive Narrative Review of Dysbiosis, Micronutrient Deficiencies and the Effects of Probiotics/Synbiotics.",2026,literature,lower,1,preclinical_or_animal,probiotic;synbiotic,,,true,https://europepmc.org/article/MED/41901543
EUROPEPMC:42075007,PubMed,42075007,10.3390/nu18081195,42075007,<i>Bifidobacterium animalis</i> ssp. <i>lactis</i> 420 and <i>Cordyceps militaris</i> Synergistically Modulate the Gut Microbiota by Increasing Mucin 2 Production.,2026,literature,lower,1,needs_manual_classification,,Bifidobacterium,microbiome,true,https://europepmc.org/article/MED/42075007
EUROPEPMC:41978175,PubMed,41978175,10.3390/nu18071126,41978175,Upcycled Orange Peel Ingredients for Gastrointestinal and Cardiometabolic Health: A Scoping Review and Market Perspectives.,2026,literature,lower,1,review,,,glucose,true,https://europepmc.org/article/MED/41978175
EUROPEPMC:42073437,PubMed,42073437,10.3390/life16040628,42073437,Postbiotics as Emerging Strategy Targeting Obesity- and Aging-Related Breast Cancer-Prospects in Prophylaxis and Therapy.,2026,literature,lower,1,preclinical_or_animal,postbiotic,,,true,https://europepmc.org/article/MED/42073437
EUROPEPMC:41721244,PubMed,41721244,10.1186/s12866-026-04840-z,41721244,Modulation of gut-heart axis by synbiotic (Lactiplantibacillus plantarum M10 and Isomaltose) in high cholesterol diet induced atherosclerotic murine model.,2026,literature,lower,1,needs_manual_classification,synbiotic,Lactiplantibacillus,lipid,true,https://europepmc.org/article/MED/41721244
EUROPEPMC:41978103,PubMed,41978103,10.3390/nu18071052,41978103,"Diet, the Gut Microbiome, and Estrogen Physiology: A Review in Menopausal Health and Interventions.",2026,literature,lower,1,review,,,microbiome,true,https://europepmc.org/article/MED/41978103
EUROPEPMC:42130740,PubMed,42130740,10.3389/fendo.2026.1774824,42130740,Roles of gut metabolites on bone mineralization and remodeling: impact of metabolic dysregulation on the gut-immune-bone axis.,2026,literature,lower,1,needs_manual_classification,,,glucose,true,https://europepmc.org/article/MED/42130740
EUROPEPMC:42042904,PubMed,42042904,10.3390/metabo16040259,42042904,A Dual-Target Microbial Therapeutic Strategy for Treating Metabolic Diseases: Complementary Mechanisms and Clinical Prospects of <i>Lactiplantibacillus plantarum</i> and <i>Akkermansia muciniphila</i>.,2026,literature,lower,1,preclinical_or_animal,,Lactiplantibacillus;Akkermansia,glucose,true,https://europepmc.org/article/MED/42042904
EUROPEPMC:42072347,PubMed,42072347,10.3390/biomedicines14040806,42072347,"The Interplay Between GLP-1-Based Therapies, the Gut Microbiome, and MASLD/MASH in Type 2 Diabetes Mellitus: A Narrative Review.",2026,literature,lower,1,preclinical_or_animal,,,microbiome,true,https://europepmc.org/article/MED/42072347
EUROPEPMC:41994099,PubMed,41994099,10.3389/fnut.2026.1785186,41994099,Legume intake on gut microbiome and glycemia in type 2 diabetes management: narrative review.,2026,literature,lower,1,preclinical_or_animal,,,microbiome,true,https://europepmc.org/article/MED/41994099
EUROPEPMC:41511159,PubMed,41511159,10.1080/19490976.2025.2612580,41511159,<i><b>Akkermansia muciniphila</b></i> <b>modulates intestinal mucus composition to counteract high-fat diet-induced obesity in mice</b>.,2026,literature,lower,1,preclinical_or_animal,,Akkermansia,,true,https://europepmc.org/article/MED/41511159
EUROPEPMC:42111471,PubMed,42111471,10.1002/hsr2.72399,42111471,Unveiling the Bidirectional Relationship on the Effect of Gut Microbiota and Female Infertility: A Narrative Review.,2026,literature,lower,1,preclinical_or_animal,,,microbiome,true,https://europepmc.org/article/MED/42111471
EUROPEPMC:41370015,PubMed,41370015,10.1093/nutrit/nuaf238,41370015,Elucidating the Probiotic Potential of Lactobacillus and Bifidobacterium Species in Modulating Glucose Metabolism and Inflammation in Gestational Diabetes Mellitus: A Scoping Review.,2026,literature,lower,1,review,probiotic,Lactobacillus;Bifidobacterium,glucose,true,https://europepmc.org/article/MED/41370015
EUROPEPMC:42130486,PubMed,42130486,10.1002/fsn3.71872,42130486,Fermented Dairy Products as Modulators of the Gut Microbiome: Greek Yogurt as a Model System.,2026,literature,lower,1,needs_manual_classification,,,microbiome,true,https://europepmc.org/article/MED/42130486
EUROPEPMC:41939240,PubMed,41939240,10.1080/29933935.2026.2650247,41939240,"Precision nutrition through diet-gut microbiome interactions: Emerging insights driven by artificial intelligence, microbiome health metrics, and mechanistic modeling.",2026,literature,lower,1,needs_manual_classification,,,microbiome,true,https://europepmc.org/article/MED/41939240
EUROPEPMC:41555705,PubMed,41555705,10.1002/mnfr.70385,41555705,Programming the Infant Gut: How Maternal and Early Life Nutrition Shape the Infant Microbiome and Long-term Health-A Narrative Review.,2026,literature,lower,1,preclinical_or_animal,,,microbiome,true,https://europepmc.org/article/MED/41555705
EUROPEPMC:42063421,PubMed,42063421,10.3389/fvets.2026.1817504,42063421,The perinatal microbiota in dogs and cats: a narrative review from human research to veterinary practice.,2026,literature,lower,1,preclinical_or_animal,,,microbiome,true,https://europepmc.org/article/MED/42063421
EUROPEPMC:42137352,PubMed,42137352,10.3389/fendo.2026.1767726,42137352,Gut microbiota orchestrates bone homeostasis: a multi-pathway network from intestine to skeleton.,2026,literature,lower,1,preclinical_or_animal,,,microbiome,true,https://europepmc.org/article/MED/42137352
EUROPEPMC:42131237,PubMed,42131237,10.3389/fnut.2026.1778473,42131237,Gut microbiota-liver-kidney axis in diabetic kidney disease: mechanistic insights into amino acid metabolism and nutritional intervention strategies targeting natural bioactive compounds.,2026,literature,lower,1,preclinical_or_animal,,,microbiome,true,https://europepmc.org/article/MED/42131237
EUROPEPMC:41762317,PubMed,41762317,10.1007/s11011-026-01798-9,41762317,The relationship between gut microbiota and neurodegenerative diseases: a genetic and epigenetic perspective.,2026,literature,lower,1,preclinical_or_animal,,,microbiome,true,https://europepmc.org/article/MED/41762317
EUROPEPMC:41990710,PubMed,41990710,10.1016/j.canep.2026.103079,41990710,Maternal obesity and the intergenerational risk of cancer: Epidemiologic evidence and mechanistic insights.,2026,literature,lower,1,preclinical_or_animal,,,,true,https://europepmc.org/article/MED/41990710
EUROPEPMC:42193472,PubMed,42193472,10.3390/biomedicines14051147,42193472,Metabolic Dysfunction-Associated Steatotic Liver Disease: An Update Narrative Review of the Therapeutic Potential of Combining Probiotics and Metformin.,2026,literature,lower,1,preclinical_or_animal,probiotic,,glucose,true,https://europepmc.org/article/MED/42193472
EUROPEPMC:41634593,PubMed,41634593,10.1186/s12876-026-04618-7,41634593,Probiotics as emerging adjuncts in metabolic associated fatty liver disease therapy-a systemic review.,2026,literature,lower,1,review,probiotic,,glucose,true,https://europepmc.org/article/MED/41634593
EUROPEPMC:42197331,PubMed,42197331,10.3390/microorganisms14050944,42197331,Shotgun Metagenomic Analysis of Gut Microbiota and Antibiotic Resistance Genes in a High-Fat Diet Mouse Model Treated with Heat-Killed <i>Lactiplantibacillus plantarum</i> beLP1.,2026,literature,lower,1,preclinical_or_animal,,Lactiplantibacillus,microbiome,true,https://europepmc.org/article/MED/42197331
EUROPEPMC:42023455,PubMed,42023455,10.62641/aep.v54i2.2123,42023455,The Gut Microbiome in Sleep Disorders: A Review of Recent Evidence.,2026,literature,lower,1,review,,,microbiome,true,https://europepmc.org/article/MED/42023455
PMID:42075780,PubMed,42075780,10.3390/ph19040523,42075780,Lingguizhugan Decoction Ameliorates MASLD by Modulating the Gut Microbiota and Enriching Non-12-OH Bile Acids to Activate TGR5-Mediated Thermogenesis.,2026,literature,lower,1,preclinical_or_animal,,,microbiome,true,https://pubmed.ncbi.nlm.nih.gov/42075780/
PMID:41791485,PubMed,41791485,10.1016/j.lfs.2026.124310,41791485,Targeting gut-microbiota-dependent choline metabolite trimethylamine N-oxide ameliorates bone health in ovariectomized mice.,2026,literature,lower,1,preclinical_or_animal,,,microbiome,true,https://pubmed.ncbi.nlm.nih.gov/41791485/
PMID:41767236,PubMed,41767236,10.1155/jnme/9988966,41767236,Gut Microbiota Alterations in Hypothyroidism: A Pilot Study Revealing Increased Abundance of Specific Bacterial Genera.,2026,literature,lower,1,preclinical_or_animal,,,microbiome,true,https://pubmed.ncbi.nlm.nih.gov/41767236/
PMID:41751341,PubMed,41751341,10.3390/biomedicines14020442,41751341,Strain-Dependent Effects of Dietary Cholic Acid on Liver Fibrogenesis and Gut Microbiota in TSNO and TSOD Mice.,2026,literature,lower,1,preclinical_or_animal,,,microbiome,true,https://pubmed.ncbi.nlm.nih.gov/41751341/
PMID:41683253,PubMed,41683253,10.3390/nu18030431,41683253,Proanthocyanidins Inhibit Neuroinflammation in High-Fat-Induced Obese Mice by Modulating Intestinal Flora and Their Metabolites.,2026,literature,lower,1,preclinical_or_animal,,,,true,https://pubmed.ncbi.nlm.nih.gov/41683253/
PMID:41660421,PubMed,41660421,10.3389/fnut.2026.1710739,41660421,Unveiling the pathways of Xuanbai Chengqi Decoction in obese asthma: from immune modulation to microbial restoration.,2026,literature,lower,1,preclinical_or_animal,,,,true,https://pubmed.ncbi.nlm.nih.gov/41660421/
PMID:41599794,PubMed,41599794,10.3390/nu18020181,41599794,Effects of Mixed Fruits and Berries on Ameliorating Gut Microbiota and Hepatic Alterations Induced by Cafeteria Diet.,2026,literature,lower,1,preclinical_or_animal,,,microbiome,true,https://pubmed.ncbi.nlm.nih.gov/41599794/
PMID:41526984,PubMed,41526984,10.1186/s13578-025-01525-4,41526984,Combination of GLP-1 receptor agonist and Akkermansia muciniphila Akk11 reduces adiposity and ameliorates MASLD in T2D mice.,2026,literature,lower,1,preclinical_or_animal,,Akkermansia,,true,https://pubmed.ncbi.nlm.nih.gov/41526984/
PMID:41491927,PubMed,41491927,10.1186/s12866-025-04591-3,41491927,Maternal gestational diabetes mellitus leads to adverse growth patterns and disease risk in offspring in vivo: evidence from cross-generational effects on gut microbiota.,2026,literature,lower,1,preclinical_or_animal,,,microbiome,true,https://pubmed.ncbi.nlm.nih.gov/41491927/
PMID:41673409,PubMed,41673409,10.1038/s41598-026-35214-0,41673409,Sibutramine high-doses effects in cafeteria diet-induced obese rats.,2026,literature,lower,1,preclinical_or_animal,,,,true,https://pubmed.ncbi.nlm.nih.gov/41673409/
PMID:42092775,PubMed,42092775,10.1080/19490976.2026.2668127,42092775,A novel bile salt hydrolase-producing Ligilactobacillus salivarius prevents diet-induced obesity via regulation of bile acid metabolism and glucagon-like peptide 1 restoration.,2026,literature,lower,1,preclinical_or_animal,,,,true,https://pubmed.ncbi.nlm.nih.gov/42092775/
PMID:41898729,PubMed,41898729,10.3390/ijms27062875,41898729,Dietary Supplementation of L-Carnosine Attenuates High Starch-Induced Disorders of Carbohydrate and Lipid Metabolisms in Zebrafish.,2026,literature,lower,1,preclinical_or_animal,,,lipid,true,https://pubmed.ncbi.nlm.nih.gov/41898729/
PMID:41553723,PubMed,41553723,10.1152/ajpendo.00488.2025,41553723,"Postbiotic gut bacteria site-specific immunomodulators improve liver steatosis, inflammation, and fibrosis in obese mice with MASLD.",2026,literature,lower,1,preclinical_or_animal,postbiotic,,,true,https://pubmed.ncbi.nlm.nih.gov/41553723/
PMID:41410828,PubMed,41410828,10.1007/s11695-025-08437-9,41410828,Role of Lactobacillus Johnsonii in Gastroesophageal Reflux Disease in Obese Mice Following Sleeve Gastrectomy.,2026,literature,lower,1,preclinical_or_animal,,Lactobacillus,,true,https://pubmed.ncbi.nlm.nih.gov/41410828/
PMID:40616774,PubMed,40616774,10.1007/s12602-025-10639-7,40616774,Synergistic Effects of Pediococcus pentosaceus E24-168 and Exercise on Obesity-Related Dysfunctions and Anxiety in High-Fat Diet-Induced Obese Mice.,2026,literature,lower,1,preclinical_or_animal,,,,true,https://pubmed.ncbi.nlm.nih.gov/40616774/
EUROPEPMC:41228562,PubMed,41228562,10.3390/nu17213491,41228562,"Dietary Interventions in Metabolic Dysfunction-Associated Steatotic Liver Disease: A Narrative Review of Evidence, Mechanisms, and Translational Challenges.",2025,literature,lower,1,preclinical_or_animal,,,glucose,true,https://europepmc.org/article/MED/41228562
EUROPEPMC:40871398,PubMed,40871398,10.3390/microorganisms13081894,40871398,Therapeutic Potential of Probiotics in Metabolic Dysfunction-Associated Steatohepatitis: A Comprehensive Review.,2025,literature,lower,1,review,probiotic,,glucose,true,https://europepmc.org/article/MED/40871398
EUROPEPMC:39997751,PubMed,39997751,10.3390/metabo15020127,39997751,Therapeutic Strategies to Modulate Gut Microbial Health: Approaches for Chronic Metabolic Disorder Management.,2025,literature,lower,1,preclinical_or_animal,,,glucose,true,https://europepmc.org/article/MED/39997751
EUROPEPMC:41096891,PubMed,41096891,10.3390/ijms26199625,41096891,Diet and Lifestyle Interventions in Metabolic Dysfunction-Associated Fatty Liver Disease: A Comprehensive Review.,2025,literature,lower,1,review,,,glucose,true,https://europepmc.org/article/MED/41096891
EUROPEPMC:40508171,PubMed,40508171,10.3390/ijms26115362,40508171,Incorporating Postbiotics into Intervention for Managing Obesity.,2025,literature,lower,1,preclinical_or_animal,postbiotic,,,true,https://europepmc.org/article/MED/40508171
EUROPEPMC:40870819,PubMed,40870819,10.3390/foods14162907,40870819,"Honey-Conjugated Honeybee Brood Biopeptides Improve Gastrointestinal Stability, Antioxidant Capacity, and Alleviate Diet-Induced Metabolic Syndrome in a Rat Model.",2025,literature,lower,1,preclinical_or_animal,,,glucose,true,https://europepmc.org/article/MED/40870819
EUROPEPMC:41515205,PubMed,41515205,10.3390/nu18010089,41515205,Modulating the Gut Microbiome in Type 2 Diabetes: Nutritional and Therapeutic Strategies.,2025,literature,lower,1,preclinical_or_animal,,,microbiome,true,https://europepmc.org/article/MED/41515205
EUROPEPMC:41395840,PubMed,41395840,10.1111/1751-7915.70283,41395840,Targeted Therapy for Gut Microbiota: Candidates for a Novel Strategy to Ameliorate Type 2 Diabetes Mellitus.,2025,literature,lower,1,preclinical_or_animal,,,microbiome,true,https://europepmc.org/article/MED/41395840
EUROPEPMC:40001044,PubMed,40001044,10.1186/s12986-025-00908-1,40001044,Lifestyle interventions in later reproductive age women to offset cardiometabolic and bone disease: a scoping review.,2025,literature,lower,1,review,,,glucose,true,https://europepmc.org/article/MED/40001044
EUROPEPMC:41515236,PubMed,41515236,10.3390/nu18010119,41515236,Intermittent Fasting and Probiotics for Gut Microbiota Modulation in Type 2 Diabetes Mellitus: A Narrative Review.,2025,literature,lower,1,preclinical_or_animal,probiotic,,microbiome,true,https://europepmc.org/article/MED/41515236
EUROPEPMC:40507435,PubMed,40507435,10.3390/jcm14113673,40507435,"A Review of the Influence of Prebiotics, Probiotics, Synbiotics, and Postbiotics on the Human Gut Microbiome and Intestinal Integrity.",2025,literature,lower,1,review,probiotic;prebiotic;synbiotic;postbiotic,,microbiome,true,https://europepmc.org/article/MED/40507435
EUROPEPMC:40842120,PubMed,40842120,10.12659/msm.948897,40842120,A Review of Modulation of Gut Microbiota to Mitigate Gestational Diabetes: Implications for Maternal and Child Health.,2025,literature,lower,1,review,,,microbiome,true,https://europepmc.org/article/MED/40842120
EUROPEPMC:41215695,PubMed,41215695,10.1080/20565623.2025.2583020,41215695,"Gut microbiome, stress and interventional strategies using hardy animals.",2025,literature,lower,1,preclinical_or_animal,,,microbiome,true,https://europepmc.org/article/MED/41215695
EUROPEPMC:41392266,PubMed,41392266,10.1038/s41598-025-32893-z,41392266,Lactiplantibacillus plantarum from Thai fermented pork with inulin ameliorates metabolic disturbances through proteomic mechanisms.,2025,literature,lower,1,preclinical_or_animal,,Lactiplantibacillus,glucose,true,https://europepmc.org/article/MED/41392266
EUROPEPMC:40735439,PubMed,40735439,10.3389/fmed.2025.1620247,40735439,Gut microbiome remodeling in chronic kidney disease: implications of kidney replacement therapies and therapeutic interventions.,2025,literature,lower,1,needs_manual_classification,,,microbiome,true,https://europepmc.org/article/MED/40735439
EUROPEPMC:40943539,PubMed,40943539,10.3390/ijms26178622,40943539,The Emerging Role of the Gut Microbiome in Cerebral Cavernous Malformation: A New Novel Therapeutic Strategy?,2025,literature,lower,1,preclinical_or_animal,,,microbiome,true,https://europepmc.org/article/MED/40943539
EUROPEPMC:41341415,PubMed,41341415,10.1002/hsr2.71564,41341415,Dysbiosis and Therapeutic Modulation of the Gut Microbiota in Multiple Sclerosis: A Narrative Review.,2025,literature,lower,1,preclinical_or_animal,,,microbiome,true,https://europepmc.org/article/MED/41341415
EUROPEPMC:39915586,PubMed,39915586,10.1038/s41430-025-01571-8,39915586,Restoration of gut microbiota with a specific synbiotic-containing infant formula in healthy Chinese infants born by cesarean section.,2025,literature,lower,1,preclinical_or_animal,synbiotic,,microbiome,true,https://europepmc.org/article/MED/39915586
EUROPEPMC:41239321,PubMed,41239321,10.1186/s12967-025-07279-4,41239321,Harnessing the microbiota-gut-brain axis to prevent and treat pediatric neurodevelopmental disorders: translational insights and strategies.,2025,literature,lower,1,preclinical_or_animal,,,microbiome,true,https://europepmc.org/article/MED/41239321
EUROPEPMC:41624202,PubMed,41624202,10.3389/fnut.2025.1699600,41624202,Harnessing probiotic-metformin synergy: targeting the gut-microbiota metabolism axis to ameliorate polycystic ovary syndrome.,2025,literature,lower,1,preclinical_or_animal,probiotic,,microbiome,true,https://europepmc.org/article/MED/41624202
EUROPEPMC:41049923,PubMed,41049923,10.7759/cureus.91470,41049923,Impact of COVID-19 on the Gut Microbiome: A Review.,2025,literature,lower,1,review,,,microbiome,true,https://europepmc.org/article/MED/41049923
EUROPEPMC:40764272,PubMed,40764272,10.1080/19490976.2025.2541028,40764272,In vivo systematic analysis of microbiota-prebiotic crosstalk reveals a synbiotic that effectively ameliorates DSS-induced colitis in mice.,2025,literature,lower,1,preclinical_or_animal,prebiotic;synbiotic,,microbiome,true,https://europepmc.org/article/MED/40764272
EUROPEPMC:41470890,PubMed,41470890,10.3390/nu17243945,41470890,"Nutrient-Induced Remodeling of the Adipose-Cardiac Axis: Metabolic Flexibility, Adipokine Signaling, and Therapeutic Implications for Cardiometabolic Disease.",2025,literature,lower,1,needs_manual_classification,,,glucose,true,https://europepmc.org/article/MED/41470890
PMID:41365537,PubMed,41365537,10.4014/jmb.2509.09005,41365537,Oral Administration of Clostridium butyricum Alleviates High-Fat Diet-Induced Obesity in Mice by Modulating Gut Akkermansia muciniphila Abundance via Direct Growth Promotion.,2025,literature,lower,1,preclinical_or_animal,,Akkermansia,,true,https://pubmed.ncbi.nlm.nih.gov/41365537/
PMID:41216275,PubMed,41216275,10.21037/tgh-24-161,41216275,Impact of Lactobacillus acidophilus and inulin on the liver disease of an obese murine model.,2025,literature,lower,1,needs_manual_classification,,Lactobacillus,,true,https://pubmed.ncbi.nlm.nih.gov/41216275/
PMID:41150739,PubMed,41150739,10.3390/cimb47100791,41150739,Switching from a High-Fat to a Regular Chow Diet Improves Obesity Progression in Mice.,2025,literature,lower,1,preclinical_or_animal,,,,true,https://pubmed.ncbi.nlm.nih.gov/41150739/
EUROPEPMC:39273662,PubMed,39273662,10.3390/ijms25179715,39273662,"Insights into Gut Dysbiosis: Inflammatory Diseases, Obesity, and Restoration Approaches.",2024,literature,lower,1,preclinical_or_animal,,,,true,https://europepmc.org/article/MED/39273662
PMID:38806467,PubMed,38806467,10.1038/s41467-024-48355-5,38806467,Gut microbiome remodeling and metabolomic profile improves in response to protein pacing with intermittent fasting versus continuous caloric restriction.,2024,literature,lower,1,needs_manual_classification,,,microbiome,true,https://pubmed.ncbi.nlm.nih.gov/38806467/
PMID:39656675,PubMed,39656675,10.1111/1750-3841.17564,39656675,Polysaccharides from fermented garlic attenuate high-fat diet-induced obesity in mice through gut microbes.,2024,literature,lower,1,preclinical_or_animal,,,,true,https://pubmed.ncbi.nlm.nih.gov/39656675/
EUROPEPMC:37860742,PubMed,37860742,10.1007/s10068-023-01381-3,37860742,Non-digestible oligosaccharides-based prebiotics to ameliorate obesity: Overview of experimental evidence and future perspectives.,2023,literature,lower,1,preclinical_or_animal,prebiotic,,,true,https://europepmc.org/article/MED/37860742
EUROPEPMC:37047729,PubMed,37047729,10.3390/ijms24076755,37047729,The Role of Next-Generation Probiotics in Obesity and Obesity-Associated Disorders: Current Knowledge and Future Perspectives.,2023,literature,lower,1,preclinical_or_animal,probiotic,,,true,https://europepmc.org/article/MED/37047729
PMID:36904067,PubMed,36904067,10.3390/nu15051067,36904067,A Pilot Study: The Reduction in Fecal Acetate in Obese Patients after Probiotic Administration and Percutaneous Electrical Neurostimulation.,2023,literature,lower,1,preclinical_or_animal,probiotic,,,true,https://pubmed.ncbi.nlm.nih.gov/36904067/
PMID:37840104,PubMed,37840104,10.1007/s11154-023-09843-z,37840104,Non-alcoholic fatty liver disease and gut microbial dysbiosis- underlying mechanisms and gut microbiota mediated treatment strategies.,2023,literature,lower,1,preclinical_or_animal,,,microbiome,true,https://pubmed.ncbi.nlm.nih.gov/37840104/
PMID:35966074,PubMed,35966074,10.3389/fendo.2022.921464,35966074,A maternal higher-complex carbohydrate diet increases bifidobacteria and alters early life acquisition of the infant microbiome in women with gestational diabetes mellitus.,2022,literature,lower,1,preclinical_or_animal,,,microbiome,true,https://pubmed.ncbi.nlm.nih.gov/35966074/
PMID:35685874,PubMed,35685874,10.3389/fnut.2022.871556,35685874,Effects of Oat Complex High-Fiber Formula Powder on the Composition of Intestinal Microbiota and Enzyme Activities in Mice Induced by a High-Fat Diet.,2022,literature,lower,1,preclinical_or_animal,,,microbiome,true,https://pubmed.ncbi.nlm.nih.gov/35685874/
PMID:35334927,PubMed,35334927,10.3390/nu14061270,35334927,Probiotic Strains Isolated from an Olympic Woman's Weightlifting Gold Medalist Increase Weight Loss and Exercise Performance in a Mouse Model.,2022,literature,lower,1,preclinical_or_animal,probiotic,,weight,true,https://pubmed.ncbi.nlm.nih.gov/35334927/
PMID:35174840,PubMed,35174840,10.1039/d1fo04116a,35174840,Apple polyphenol extract modulates bile acid metabolism and gut microbiota by regulating the circadian rhythms in daytime-restricted high fat diet feeding C57BL/6 male mice.,2022,literature,lower,1,preclinical_or_animal,,,microbiome,true,https://pubmed.ncbi.nlm.nih.gov/35174840/
PMID:36364814,PubMed,36364814,10.3390/nu14214555,36364814,The Role of Individually Selected Diets in Obese Women with PCOS-A Review.,2022,literature,lower,1,review,,,,true,https://pubmed.ncbi.nlm.nih.gov/36364814/
EUROPEPMC:34887627,PubMed,34887627,10.3748/wjg.v27.i41.7041,34887627,Over-feeding the gut microbiome: A scoping review on health implications and therapeutic perspectives.,2021,literature,lower,1,review,,,microbiome,true,https://europepmc.org/article/MED/34887627
PMID:33530034,PubMed,33530034,10.1016/j.preghy.2021.01.002,33530034,Pregnant women who develop preeclampsia have lower abundance of the butyrate-producer Coprococcus in their gut microbiota.,2021,literature,lower,1,preclinical_or_animal,,,microbiome,true,https://pubmed.ncbi.nlm.nih.gov/33530034/
PMID:30846801,PubMed,30846801,10.1038/s41598-019-40601-x,30846801,Protective effect of prebiotic and exercise intervention on knee health in a rat model of diet-induced obesity.,2019,literature,lower,1,preclinical_or_animal,prebiotic,,,true,https://pubmed.ncbi.nlm.nih.gov/30846801/
PMID:27892954,PubMed,27892954,10.1038/nm.4236,27892954,A purified membrane protein from Akkermansia muciniphila or the pasteurized bacterium improves metabolism in obese and diabetic mice.,2017,literature,lower,1,preclinical_or_animal,,Akkermansia,,true,https://pubmed.ncbi.nlm.nih.gov/27892954/
PMID:26407845,PubMed,26407845,10.1007/s00394-015-1047-2,26407845,Postnatal prebiotic fibre intake mitigates some detrimental metabolic outcomes of early overnutrition in rats.,2016,literature,lower,1,preclinical_or_animal,prebiotic,,glucose,true,https://pubmed.ncbi.nlm.nih.gov/26407845/
PMID:27528065,PubMed,27528065,10.1161/HYPERTENSIONAHA.116.07910,27528065,Increased Systolic and Diastolic Blood Pressure Is Associated With Altered Gut Microbiota Composition and Butyrate Production in Early Pregnancy.,2016,literature,lower,1,preclinical_or_animal,,,microbiome,true,https://pubmed.ncbi.nlm.nih.gov/27528065/
PMID:26395746,PubMed,26395746,10.1038/ijo.2015.197,26395746,"A novel cobiotic-based preventive approach against high-fat diet-induced adiposity, nonalcoholic fatty liver and gut derangement in mice.",2016,literature,lower,1,preclinical_or_animal,,,,true,https://pubmed.ncbi.nlm.nih.gov/26395746/
PMID:23886977,PubMed,23886977,10.3920/BM2012.0069,23886977,The development of probiotic treatment in obesity: a review.,2014,literature,lower,1,review,probiotic,,,true,https://pubmed.ncbi.nlm.nih.gov/23886977/
PMID:23917447,PubMed,23917447,10.1007/s00394-013-0568-9,23917447,Anti-obesity effect of Lactobacillus gasseri SBT2055 accompanied by inhibition of pro-inflammatory gene expression in the visceral adipose tissue in diet-induced obese mice.,2014,literature,lower,1,preclinical_or_animal,,Lactobacillus,,true,https://pubmed.ncbi.nlm.nih.gov/23917447/
PMID:21767445,PubMed,21767445,10.1017/S0007114511003163,21767445,Prebiotic fibres dose-dependently increase satiety hormones and alter Bacteroidetes and Firmicutes in lean and obese JCR:LA-cp rats.,2012,literature,lower,1,preclinical_or_animal,prebiotic,,,true,https://pubmed.ncbi.nlm.nih.gov/21767445/
EUROPEPMC:PMC12985339,publisher supplementary data,PMC12985339,,,From Probiotics to Postbiotics—An Update on Their Biotherapeutic Potential and the Emerging Strategies in Human Health,2026,literature,lower,0,preclinical_or_animal,probiotic;postbiotic,,,true,
EUROPEPMC:41868826,PubMed,41868826,10.1177/15598276261436778,41868826,Lifestyle and Complementary Approaches to Polycystic Ovary Syndrome During Perimenopause and Menopause A Scoping Review.,2026,literature,lower,0,review,,,,true,https://europepmc.org/article/MED/41868826
EUROPEPMC:42075218,PubMed,42075218,10.3390/microorganisms14040820,42075218,"Insights into the Functions, Characteristics, and Mechanisms of Disease-Related Proteins from <i>Akkermansia muciniphila</i>: A Review.",2026,literature,lower,0,review,,Akkermansia,,true,https://europepmc.org/article/MED/42075218
EUROPEPMC:40459043,PubMed,40459043,10.1080/14796694.2024.2438594,40459043,Review of potential anti-cancer properties of lactobacilli against breast cancer.,2026,literature,lower,0,review,,,,true,https://europepmc.org/article/MED/40459043
EUROPEPMC:42196590,PubMed,42196590,10.3390/ijms27104613,42196590,Bioactive-Supplemented Infant Formulas and Early Gut-Immune-Endocrine Development: A Narrative Review.,2026,literature,lower,0,preclinical_or_animal,,,,true,https://europepmc.org/article/MED/42196590
EUROPEPMC:42074174,PubMed,42074174,10.3390/ijms27083531,42074174,Gut-Brain Signaling in Parkinson's Disease: A Narrative Review.,2026,literature,lower,0,preclinical_or_animal,,,,true,https://europepmc.org/article/MED/42074174
EUROPEPMC:41170737,PubMed,41170737,10.3892/mmr.2025.13733,41170737,The gut‑bone‑cartilage triad: Microbial regulation of the Wnt/β‑catenin signaling pathway in osteoarthritis joint remodeling (Review).,2026,literature,lower,0,review,,,,true,https://europepmc.org/article/MED/41170737
EUROPEPMC:41987929,PubMed,41987929,10.3389/fnins.2026.1791299,41987929,The impact of the Lab4 probiotic on neurodegenerative processes in a murine Alzheimer's disease model.,2026,literature,lower,0,preclinical_or_animal,probiotic,,,true,https://europepmc.org/article/MED/41987929
EUROPEPMC:42170578,PubMed,42170578,10.21037/tbcr-25-41,42170578,Chemotherapy-induced peripheral neuropathy in breast cancer: a narrative review.,2026,literature,lower,0,preclinical_or_animal,,,,true,https://europepmc.org/article/MED/42170578
EUROPEPMC:42041741,PubMed,42041741,10.3390/curroncol33040222,42041741,Protective Effects of Plant-Based Diets Against Colorectal Carcinogenesis via Modulation of Key Cellular and Molecular Mechanisms: A Comprehensive Review of Evidence.,2026,literature,lower,0,review,,,,true,https://europepmc.org/article/MED/42041741
EUROPEPMC:42088314,PubMed,42088314,10.3389/fnut.2026.1815558,42088314,Probiotic-fortified functional foods: integrating nutrient delivery and gut health benefits.,2026,literature,lower,0,preclinical_or_animal,probiotic,,,true,https://europepmc.org/article/MED/42088314
EUROPEPMC:PMC12987042,publisher supplementary data,PMC12987042,,,"Gut-Centric Multi-System Regulation by Bacillus subtilis and Bacillus natto: A Review of Their Probiotic Functions in Nutrition, Immunity, and Metabolism",2026,literature,lower,0,review,probiotic,Bacillus,,true,
EUROPEPMC:41683848,PubMed,41683848,10.3390/ijms27031426,41683848,From Multidimensional Management to Mechanistic Insight: A Review of Interventions for Hyperuricemia.,2026,literature,lower,0,review,,,,true,https://europepmc.org/article/MED/41683848
EUROPEPMC:42100504,PubMed,42100504,10.1016/j.jot.2026.101119,42100504,Deciphering inter-organ communication: The multi-organ-bone axis in osteoporosis and emerging therapeutic strategies.,2026,literature,lower,0,preclinical_or_animal,,,,true,https://europepmc.org/article/MED/42100504
PMID:42130741,PubMed,42130741,10.3389/fendo.2026.1829579,42130741,"Post-transplant diabetes mellitus after kidney transplantation: pathogenesis, risk factors, and management strategies.",2026,literature,lower,0,preclinical_or_animal,,,,true,https://pubmed.ncbi.nlm.nih.gov/42130741/
PMID:41862452,PubMed,41862452,10.1038/s41467-026-70613-x,41862452,High-resolution phage-host assignment through key proteins using large language models.,2026,literature,lower,0,needs_manual_classification,,,,true,https://pubmed.ncbi.nlm.nih.gov/41862452/
EUROPEPMC:41953220,PubMed,41953220,10.3389/fimmu.2025.1713426,41953220,"Probiotics and human health: biological activities, nutritional aspects, immunomodulatory properties, applications, and future perspectives - a comprehensive review.",2025,literature,lower,0,review,probiotic,,,true,https://europepmc.org/article/MED/41953220
EUROPEPMC:41377570,PubMed,41377570,10.3389/fnut.2025.1650633,41377570,A scoping review of the health effects of fermented foods in specific human populations and their potential role in precision nutrition: current knowledge and gaps.,2025,literature,lower,0,review,,,,true,https://europepmc.org/article/MED/41377570
EUROPEPMC:10.20944/preprints202509.2367.v1,publisher supplementary data,10.20944/preprints202509.2367.v1,10.20944/preprints202509.2367.v1,,The Role of <em>Akkermansia muciniphila</em> in Human Health: A Clinical Review,2025,literature,lower,0,review,,Akkermansia,,true,
EUROPEPMC:40557239,PubMed,40557239,10.3389/fnut.2025.1603490,40557239,The impact of butyrate on glycemic control in animals and humans: a comprehensive semi-systemic review.,2025,literature,lower,0,preclinical_or_animal,,,,true,https://europepmc.org/article/MED/40557239
EUROPEPMC:40218922,PubMed,40218922,10.3390/nu17071165,40218922,Strain-Specific Therapeutic Potential of <i>Lactiplantibacillus plantarum</i>: A Systematic Scoping Review.,2025,literature,lower,0,review,,Lactiplantibacillus,,true,https://europepmc.org/article/MED/40218922
EUROPEPMC:41425618,PubMed,41425618,10.3389/fnut.2025.1670598,41425618,"Nutritional strategies in supporting immune checkpoint inhibitor, PI3K inhibitor, and tyrosine kinase inhibitor cancer therapies.",2025,literature,lower,0,preclinical_or_animal,,,,true,https://europepmc.org/article/MED/41425618
EUROPEPMC:40825779,PubMed,40825779,10.1038/s41538-025-00539-z,40825779,Synbiotic yogurt with nanoparticle entrapped rice straw hemicellulose for immediate probiotic support and prebiotic delivery.,2025,literature,lower,0,preclinical_or_animal,probiotic;prebiotic;synbiotic,,,true,https://europepmc.org/article/MED/40825779
EUROPEPMC:40872654,PubMed,40872654,10.3390/vetsci12080703,40872654,A Review of Probiotic Supplementation and Its Impact on the Health and Well-Being of Domestic Cats.,2025,literature,lower,0,review,probiotic,,,true,https://europepmc.org/article/MED/40872654
EUROPEPMC:40535952,PubMed,40535952,10.7759/cureus.86292,40535952,The Promising Role of Probiotics in the Prevention of Cardiovascular Risk Factors and Their Implication in Reducing Coronary Artery Disease: A Literature Review.,2025,literature,lower,0,preclinical_or_animal,probiotic,,,true,https://europepmc.org/article/MED/40535952
EUROPEPMC:41368199,PubMed,41368199,10.1016/j.obpill.2025.100209,41368199,Dietary supplement considerations during glucagon-like Peptide-1 receptor agonist treatment: A narrative review.,2025,literature,lower,0,preclinical_or_animal,,,,true,https://europepmc.org/article/MED/41368199
EUROPEPMC:41584438,PubMed,41584438,10.1016/j.jff.2025.107114,41584438,"A synbiotic medical food improves gut barrier function, reduces immune responses, and inhibits osteoclast activity in models of postmenopausal bone loss aligned with clinical outcomes.",2025,literature,lower,0,needs_manual_classification,synbiotic,,,true,https://europepmc.org/article/MED/41584438
PMID:41462628,PubMed,41462628,10.3390/antiox14121428,41462628,"Probiotic Lactobacillus reuteri Y7 Protects Against Blue Light-Induced Retinal Degeneration via Antioxidant Defense, Anti-Inflammatory Action, and Gut-Retina Axis Modulation.",2025,literature,lower,0,preclinical_or_animal,probiotic,Lactobacillus,,true,https://pubmed.ncbi.nlm.nih.gov/41462628/
PMID:40214965,PubMed,40214965,10.1007/s42000-025-00649-z,40214965,Comparative evaluation of dulaglutide alone vs. dulaglutide combined with probiotics on cardiovascular risk factors in T2DM.,2025,literature,lower,0,preclinical_or_animal,probiotic,,,true,https://pubmed.ncbi.nlm.nih.gov/40214965/
EUROPEPMC:39479136,PubMed,39479136,10.7759/cureus.70501,39479136,Available Treatments and Adjunctive Therapies for Polycystic Ovarian Syndrome (PCOS) Patients of Reproductive Age: A Scoping Review.,2024,literature,lower,0,review,,,,true,https://europepmc.org/article/MED/39479136
EUROPEPMC:39339675,PubMed,39339675,10.3390/nu16183075,39339675,<i>Akkermansia muciniphila</i> as a Potential Guardian against Oral Health Diseases: A Narrative Review.,2024,literature,lower,0,preclinical_or_animal,,Akkermansia,,true,https://europepmc.org/article/MED/39339675
PMID:38292634,PubMed,38292634,10.12998/wjcc.v12.i1.1,38292634,Gut-targeted therapies for type 2 diabetes mellitus: A review.,2024,literature,lower,0,review,,,,true,https://pubmed.ncbi.nlm.nih.gov/38292634/
PMID:39481656,PubMed,39481656,10.1016/j.bcp.2024.116596,39481656,Insights into the modulatory effects of host-gut microbial xanthine co-metabolism on high-fat diet-fed mice.,2024,literature,lower,0,preclinical_or_animal,,,,true,https://pubmed.ncbi.nlm.nih.gov/39481656/
PMID:38418082,PubMed,38418082,10.1136/bmj-2023-077310,38418082,Ultra-processed food exposure and adverse health outcomes: umbrella review of epidemiological meta-analyses.,2024,literature,lower,0,review,,,,true,https://pubmed.ncbi.nlm.nih.gov/38418082/
EUROPEPMC:38274765,PubMed,38274765,10.3389/fmicb.2023.1241259,38274765,"<i>Christensenella minuta</i>, a new candidate next-generation probiotic: current evidence and future trajectories.",2023,literature,lower,0,preclinical_or_animal,probiotic,,,true,https://europepmc.org/article/MED/38274765
EUROPEPMC:PMC10576946,publisher supplementary data,PMC10576946,,,UEG Week 2023 Moderated Posters,2023,literature,lower,0,preclinical_or_animal,,,,true,
PMID:37630832,PubMed,37630832,10.3390/nu15163642,37630832,Modulatory Effects of Co-Fermented Pu-erh Tea with Aqueous Corn Silk Extract on Gut Microbes and Fecal Metabolites in Mice Fed High-Fat Diet.,2023,literature,lower,0,preclinical_or_animal,,,,true,https://pubmed.ncbi.nlm.nih.gov/37630832/
PMID:37810928,PubMed,37810928,10.3389/fnut.2023.1237237,37810928,Morel (Morchella spp.) intake alters gut microbial community and short-chain fatty acid profiles in mice.,2023,literature,lower,0,preclinical_or_animal,,,,true,https://pubmed.ncbi.nlm.nih.gov/37810928/
PMID:36687706,PubMed,36687706,10.3389/fnut.2022.988529,36687706,Maternal prebiotic supplementation impacts colitis development in offspring mice.,2022,literature,lower,0,preclinical_or_animal,prebiotic,,,true,https://pubmed.ncbi.nlm.nih.gov/36687706/
EUROPEPMC:34065873,PubMed,34065873,10.3390/nu13051617,34065873,Next Generation Probiotics for Neutralizing Obesogenic Effects: Taxa Culturing Searching Strategies.,2021,literature,lower,0,preclinical_or_animal,probiotic,,,true,https://europepmc.org/article/MED/34065873
PMID:34855861,PubMed,34855861,10.1371/journal.pone.0260765,34855861,Polydextrose with and without Bifidobacterium animalis ssp. lactis 420 drives the prevalence of Akkermansia and improves liver health in a multi-compartmental obesogenic mice study.,2021,literature,lower,0,preclinical_or_animal,,Bifidobacterium;Akkermansia,,true,https://pubmed.ncbi.nlm.nih.gov/34855861/
EUROPEPMC:32582673,PubMed,32582673,10.3389/fbioe.2020.00550,32582673,"Commensal Obligate Anaerobic Bacteria and Health: Production, Storage, and Delivery Strategies.",2020,literature,lower,0,preclinical_or_animal,,,,true,https://europepmc.org/article/MED/32582673
PMID:27293560,PubMed,27293560,10.1017/jns.2016.12,27293560,Lactobacillus gasseri SBT2055 inhibits adipose tissue inflammation and intestinal permeability in mice fed a high-fat diet.,2016,literature,lower,0,preclinical_or_animal,,Lactobacillus,,true,https://pubmed.ncbi.nlm.nih.gov/27293560/
