evidence_id,source_database,source_accession,source_url,title,abstract,publication_types,clinical_interventions,enrollment,phase,primary_outcomes,secondary_outcomes,arms,detail_status
PMID:41830022,PubMed,41830022,https://pubmed.ncbi.nlm.nih.gov/41830022/,Green Tea Catechin Plus Inulin Improves Insulin Resistance Without Reducing Visceral Fat and Shows Exploratory Gut Microbiota Signals in Adults with Visceral Obesity: A Double-Blind Randomized Controlled Trial.,"Background: Green tea catechins and inulin may improve metabolic health and modulate the gut microbiota; however, double-blind trials evaluating visceral fat, insulin resistance, and microbiota concurrently are limited. Methods: We conducted a double-blind, parallel-group, randomized, placebo-controlled trial in Japanese adults aged 20-75 years with visceral fat area (VFA) ≥ 80 cm2 and BMI ≥ 23 kg/m2 (trial registration: Japan Registry of Clinical Trials (jRCT), jRCTs021230004 (registered 16 May 2023)). Participants were randomized to a catechin + inulin beverage (catechins 400 mg/day; inulin 2.3 g/day) or placebo for 12 weeks. The primary outcome was the change in VFA (bioelectrical impedance). Secondary outcomes included HOMA-IR, metabolic markers, liver fat assessed by the controlled attenuation parameter (CAP), and genus-level gut microbiota. Results: Ninety-six participants were randomized (catechin + inulin, n = 49; placebo, n = 47); 47 and 44, respectively, were included in the full analysis set for the primary outcome. The 12-week change in VFA did not differ between groups (mean change: +0.91 vs. +4.61 cm2; p = 0.243). HOMA-IR decreased in the catechin + inulin group and increased in the placebo group, yielding a significant between-group difference (mean change: -0.32 vs. +0.18; p = 0.020). No other secondary outcomes showed significant between-group differences. In exploratory microbiota analyses, no genus remained significant after false discovery rate correction; however, Coprococcus and Bifidobacterium showed nominal between-group differences (unadjusted p < 0.05). Changes in Coprococcus were inversely correlated with changes in HOMA-IR (r = -0.28; p = 0.010). Conclusions: Catechin plus inulin for 12 weeks did not reduce visceral fat but was associated with improved insulin resistance. Exploratory analyses suggest a potential association between increased Coprococcus and improved HOMA-IR, warranting further investigation.",Journal Article; Randomized Controlled Trial,,,,,,,ok
EUROPEPMC:41126806,PubMed,41126806,https://europepmc.org/article/MED/41126806,Probiotic pasta consumption improves lipid metabolism and reduces gut permeability in overweight and obese adults: a randomized controlled trial.,"This study investigates the effects of a Shouchella clausii UBBC-07 spore-enriched pasta (ProbP) compared to a conventional pasta (ConP) on metabolic health and gut microbiome composition in overweight and obese individuals. A 4-weeks randomized controlled trial was conducted with 40 participants (17 females and 23 males, aged 35.4 ± 2.0 years, body mass index 27.6 ± 0.4 kg/m2), all habitual pasta consumers. Participants were randomly assigned to replace their habitual pasta with 80 g/day of either ProbP (n = 20) or ConP (n = 20) while maintaining their regular diet. Blood, urine, and fecal samples were collected at baseline and after 4 weeks to assess changes in clinical variables and gut microbiome composition. Consumption of ProbP led to an 11 % increase in serum high-density lipoprotein (HDL) cholesterol and improved gut permeability compared to baseline. Gut microbiome analysis revealed that 50 % of ProbP consumers had increased S. clausii abundance in feces. These ""responders"" (R) exhibited distinct baseline microbiome traits and experienced reductions in body weight (-1 %, p = 0.03) and diastolic blood pressure (-6 %, p = 0.049) compared to Non-responders (NR) to S. clausii colonization. Additionally, R showed a 17 % reduction in the low-density lipoprotein (LDL)-to-HDL ratio (p = 0.02) compared to baseline, correlated with increased fecal levels of Akkermansia muciniphila (p = 0.054) and Harryflintia acetispora, alongside reductions in Ruminococcus torques and Dorea longicatena. In conclusion, ProbP consumption improved blood lipid metabolism, likely through enhanced gut barrier function. The baseline gut microbiome influenced probiotic colonization ability, providing greater health benefits for a subset of participants.",Journal Article,,,,,,,ok
NCT:NCT07073781,ClinicalTrials.gov,NCT07073781,https://clinicaltrials.gov/study/NCT07073781,"Probiotic Impact on Cognitive Performance, and Metabolic Outcomes in Overweight Young Adults With Impaired Glucose Regulation",,,Lab4p Probiotic Consortium; Placebo,70,NA,Verbal Memory Performance,"Visual Episodic Memory; Number of Participants Reporting One or More Adverse Events (AEs) or Serious Adverse Events (SAEs); Visuospatial Working Memory; Executive function (Response Inhibition and Impulse Control); Executive function (Cognitive Flexibility and Attentional Set-Shifting); Processing speed, Psychomotor Response, and Attention; Cerebrovascular Reactivity (CVR); Flow-Mediated Dilation (FMD); Global Sleep Quality; Sleep Latency; Sleep Duration; Sleep Efficiency; Sleep Disturbances; Sleep Medication Use; Daytime dysfunction; Glycated Haemoglobin (HbA1C); Fasting Blood Glucose; Glucose Tolerance (AUC); Systolic blood pressure; Diastolic blood pressure; Total Cholesterol; Low-Density Lipoprotein Cholesterol (LDL-C); High-Density Lipoprotein Cholesterol (HDL-C); Triglycerides; Body Mass Index (BMI); Waist-to-Hip Ratio; Total Lean Mass; Total Fat Mass; Percent Body Fat; Interleukin-6 (IL-6); Tumor Necrosis Factor-Alpha (TNF-α); Gut Microbiota Diversity; Gut Microbiota Community Dispersion; Relative Abundance of Microbial Taxa; Adherence Rate; Physical Discomfort Symptoms; Circulating Markers of Platelet Activity","Group receiving the Lab4P probiotic capsules; Group receiving the identical, non-active placebo",ok
PMID:40375569,PubMed,40375569,https://pubmed.ncbi.nlm.nih.gov/40375569/,"Mental health and health-related quality of life response to curcumin-probiotic drink powder co-supplementation in adults with overweight/obesity and metabolic syndrome: a four-arm randomised, double-blind, placebo-controlled, clinical trial.","Metabolic syndrome (MetS) is associated with deteriorated mental health and health-related quality of life (HRQOL). Curcumin and probiotics improved MetS, mental health and HRQOL. The present study aimed to investigate the effect of curcumin-probiotic (CurPro) co-supplementation in the form of drink powder on mental health and HRQOL in adults with overweight/obesity and MetS. A four-arm, randomised, double-blinded, placebo-controlled clinical trial with factorial design was conducted for adults with overweight/obesity and MetS (n 128). Participants were randomly allocated into four groups to receive one drink powder sachet containing 1 g curcumin, 109 colony-forming unit (CFU) probiotic (Lactobacillus acidophilus and Lactobacillus rhamnosus strains), CurPro (1 g curcumin and 109 CFU probiotic) or placebo along with a low-calorie diet. Participants were assessed for dietary intake, physical activity, mental health and HRQOL before and after the study. After 8 weeks of intervention, 104 participants finished the study. The CurPro intervention reduced stress (P = 0·001) and anxiety (P = 0·019) and improved general health (P = 0·024) and overall HRQOL (P = 0·011) scores of participants in comparison with the Placebo group. Results were NS for depression and HRQOL subdomains such as physical functioning, role limitations due to physical problems, bodily pain, vitality, social functioning and role limitations due to emotional problems. Curcumin-probiotics co-supplementation could improve the mental health and HRQOL of adults with overweight/obesity and MetS. Further investigations in various populations or with different dosages or durations are recommended.",Journal Article; Randomized Controlled Trial,,,,,,,ok
EUROPEPMC:37836532,PubMed,37836532,https://europepmc.org/article/MED/37836532,Effects of Synbiotic Supplementation on Metabolic Syndrome Traits and Gut Microbial Profile among Overweight and Obese Hong Kong Chinese Individuals: A Randomized Trial.,"In view of the limited evidence showing anti-obesity effects of synbiotics via modulation of the gut microbiota in humans, a randomized clinical trial was performed. Assessment of the metabolic syndrome traits and profiling of the fecal gut microbiota using 16S rRNA gene sequencing in overweight and obese Hong Kong Chinese individuals before and after dietary intervention with an 8-week increased consumption of fruits and vegetables and/or synbiotic supplementation was conducted. The selected synbiotic contained two probiotics (Lactobacillus acidophilus NCFM and Bifidobacterium lactis HN019) and a prebiotic (polydextrose). Fifty-five overweight or obese individuals were randomized and divided into a synbiotic group (SG; n = 19), a dietary intervention group (DG; n = 18), and a group receiving combined interventions (DSG; n = 18). DSG showed the greatest weight loss effects and number of significant differences in clinical parameters compared to its baseline values-notably, decreases in fasting glucose, insulin, HOMA-IR, and triglycerides and an increase in HDL-cholesterol. DSG lowered Megamonas abundance, which was positively associated with BMI, body fat mass, and trunk fat mass. The results suggested that increasing dietary fiber consumption from fruits and vegetables combined with synbiotic supplementation is more effective than either approach alone in tackling obesity.",Randomized Controlled Trial; Journal Article,,,,,,,ok
PMID:36634870,PubMed,36634870,https://pubmed.ncbi.nlm.nih.gov/36634870/,"The Effect of Microbiome Therapies on Waist Circumference, a Measure of Central Obesity, in Patients with Type 2 Diabetes: A Systematic Review and Meta-analysis of Randomized Controlled Trials.","Microbiome therapies (probiotic, prebiotic, and synbiotics) have been proposed as adjuvants in the control of central obesity; however, their results for patients with type 2 diabetes (T2D) remain inconclusive.; The aim of this systematic review and meta-analysis was to evaluate the effect of microbiome therapies on central obesity as measured by waist circumference (WC), and to evaluate the effect of microbiome therapies for glycemic parameters (fasting glucose [FPG], fasting insulin [FPI], hemoglobin A1c [HbA1c], and insulin resistance [HOMA1-IR]) in patients with T2D.; SCOPUS, Pubmed, EBSCO, and LILACS databases were searched for studies that investigated the effect of microbiome therapies on WC up to June 1, 2022. Heterogeneity was determined using Cochran's Q test and quantified using the inconsistency index. The random effects model was used to calculate the pooled difference in means (DM) and 95% confidence intervals (95%CI). Egger's test and Beggs-Muzamar's test were used to assess publication bias.; Fifteen reports were included (443 treated and 387 controls). Overall, a significant decrease in WC was found (DM = -0.97 cm; 95% confidence interval [95%CI] = -1.74 to -0.20; P = 0.014); however, when stratified by type of microbiome therapy, only probiotics significantly decreased WC (DM = -0.62 cm; 95%CI = -1.00 to -0.24; P = 0.002). No effect was observed for prebiotics and synbiotics. With respect to glycemic parameters, HbA1c, FPG, and HOMA1-IR significantly decrease with microbiome therapies (P ≤ 0.001). When stratified by the type of therapy, for probiotic treatments, HbA1c, FPG, and HOMA1-IR scores decrease (P < 0.001). For prebiotic treatments, HbA1c and FPG (P ≤ 0.001) levels decrease, whereas FPI increased (P = 0.012). Synbiotic treatments were only associated with an increase in FPI (P = 0.031).; Findings indicate that using probiotics alone improved WC in patients with T2D. Both probiotics and prebiotics decreased HbA1c and FPG; however, prebiotics and synbiotics resulted in an increase in FPI. The formulation of the therapy (single vs multi) had no difference on the effect.","Meta-Analysis; Systematic Review; Journal Article; Research Support, Non-U.S. Gov't",,,,,,,ok
NCT:NCT05623007,ClinicalTrials.gov,NCT05623007,https://clinicaltrials.gov/study/NCT05623007,Dietary Modulation of Gut Microbiota in Overweight/Obese Adolescents and COVID-19 Infection,,,"Probiotics; Counselling on healthy eating, physical activity, and psychosocial stimulation; Placebo probiotics",440,NA,BMI-for-age z-scores (BAZ); Immunoglobulin G (IgG) specific to SARS-COV-2 titer concentrations,α-gut microbiota diversity; β-gut microbiota diversity; Monoclonal antibody affinity against SARS-COV-2; Secretory Immunoglobulin A (sIgA) specific to SARS-COV-2 titer concentrations; Dietary quality,Intervention; Control,ok
PMID:34358838,PubMed,34358838,https://pubmed.ncbi.nlm.nih.gov/34358838/,Effects of probiotics on body adiposity and cardiovascular risk markers in individuals with overweight and obesity: A systematic review and meta-analysis of randomized controlled trials.,"Evidence suggests that gut microbiota is a potential factor in the pathophysiology of both obesity and related metabolic disorders. While individual randomized controlled trials (RCTs) have evaluated the effects of probiotics on adiposity and cardiovascular disease (CVD) risk factors in subjects with overweight and obesity, the results are inconsistent. Thus, this systematic review and meta-analysis aimed to evaluate the effects of probiotic supplementation on body weight, body adiposity and CVD risk markers in overweight and obese subjects.; A systematic search for RCTs published up to December 2020 was conducted in MEDLINE (via PubMed), EMBASE, Scopus and LILACS. Meta-analysis using a random-effects model was chosen to analyze the impact of combined trials.; Twenty-six RCTs (n = 1720) were included. Data pooling showed a significant effect of probiotics in reducing body weight (MD:-0.70 kg; 95%CI:-1.04,-0.35 kg; P < 0.0001), body mass index (BMI) (MD:-0.24 kg/m2; 95%CI:-0.35,-0.12 kg/m2; P = 0.0001), waist circumference (WC) (MD:-1.13 cm; 95%CI:-1.54,-0.73 cm; P < 0.0001), fat mass (MD:-0.71 kg; 95%CI:-1.10,-0.32 kg; P = 0.0004), tumor necrosis factor-α (MD:-0.16 pg/ml; 95%CI:-0.24,-0.08 pg/ml; P = 0.0001), insulin (MD:-0.85mcU/ml; 95%CI:-1.50,-0.21mcU/ml; P = 0.010), total cholesterol (MD:-0.16 mmol/l; 95%CI:-0.26,-0.05 mmol/l; P = 0.003) and LDL (MD:-0.09 mmol/l; 95%CI:-0.16,-0.03 mmol/l; P = 0.006) compared with control groups. There was a significant decrease in body weight, BMI and WC in studies using both single and multi-bacterial species. Decreases in body adiposity parameters were only observed in studies using a probiotic dose of ≥ 1010 CFU and for ≥8 weeks duration.; The present meta-analysis suggests that probiotics consumption may be helpful for improving body weight, body adiposity and some CVD risk markers in individuals with overweight and obesity. The review was registered on PROSPERO (International prospective register of systematic reviews): CRD42020183136.","Journal Article; Meta-Analysis; Research Support, Non-U.S. Gov't; Systematic Review",,,,,,,ok
PMID:27221805,PubMed,27221805,https://pubmed.ncbi.nlm.nih.gov/27221805/,Effect of fragmented Lactobacillus amylovorus CP1563 on lipid metabolism in overweight and mildly obese individuals: a randomized controlled trial.,"Previously, we showed that fragmented Lactobacillus amylovorus CP1563 (CP1563) functions as a dual agonist of peroxisome proliferator-activated receptor α and γ in vitro and in vivo.; Here, we examined the safety and effect of CP1563 ingestion on body fat in obese class I participants in a double-blinded, placebo-controlled, randomized clinical trial (RCT).; In the RCT, 200 participants with a body mass index (BMI) of 25-30 kg/m(2) consumed test beverages with or without 200 mg of CP1563 daily for 12 weeks. In total, 197 subjects completed the study without any adverse effects.; Body fat percentage, whole body fat, and visceral fat were significantly decreased in the test group compared with the placebo group (p<0.001, p<0.001, and p<0.001, respectively). Triglycerides, total cholesterol, LDL-cholesterol, and diastolic blood pressure showed significant reductions in the test group compared with the placebo group (p<0.001, p<0.001, p<0.001, and p<0.001, respectively). Additionally, significant differences in the changes in blood glucose, insulin, homeostasis model assessment-insulin resistance (HOMA-IR), and uric acid were observed between the two groups (p<0.001, p=0.004, p<0.001, and p<0.001, respectively). Improvements in anthropometric measurements and markers were observed in obese class I subjects in the test group.; Daily consumption of beverages containing fragmented CP1563 for 12 weeks by obese class I subjects improved anthropometric measurements and markers related to lipid and glucose metabolism without any adverse effects. These results suggest that the consumption of foods containing fragmented CP1563 reduces body fat and prevents metabolic syndrome.",Journal Article,,,,,,,ok
EUROPEPMC:39792908,PubMed,39792908,https://europepmc.org/article/MED/39792908,"The efficacy of Lacticaseibacillus paracasei MSMC39-1 and Bifidobacterium animalis TA-1 probiotics in modulating gut microbiota and reducing the risk of the characteristics of metabolic syndrome: A randomized, double-blinded, placebo-controlled study.","Modern treatment, a healthy diet, and physical activity routines lower the risk factors for metabolic syndrome; however, this condition is associated with all-cause and cardiovascular mortality worldwide. This investigation involved a randomized controlled trial, double-blind, parallel study. Fifty-eight participants with risk factors of metabolic syndrome according to the inclusion criteria were randomized into two groups and given probiotics (Lacticaseibacillus paracasei MSMC39-1 and Bifidobacterium animalis TA-1) (n = 31) or a placebo (n = 27). The participants had a mean age of 42.29 ± 7.39 and 43.89 ± 7.54 years in the probiotics and placebo groups, respectively. Stool samples, anthropometric data, and blood chemistries were taken at baseline and at 12 weeks. The primary outcome was achieved by the probiotics group as their low-density lipoprotein-cholesterol level dramatically lowered compared to the placebo group (the difference was 39.97 ± 26.83 mg/dl, p-value <0.001). Moreover, significant reductions in body weight, body mass index, waist circumference, systolic blood pressure, and total cholesterol were observed in the volunteers treated with probiotics compared to the placebo. In the gut microbiome analysis, the results showed statistically significant differences in the beta diversity in the post-intervention probiotics group. Blautia, Roseburia, Collinsella, and Ruminococcus were among the gut microbiomes that were more prevalent in the post-intervention probiotics group. In addition, this group exhibited increases in the predicted functional changes in ATP-binding cassette (ABC) transporters, as well as ribonucleic acid transport, the biosynthesis of unsaturated fatty acids, glycerophospholipid metabolism, and pyruvate metabolism. In conclusion, this research demonstrated that the probiotics L. paracasei MSMC39-1 and B. animalis TA-1 have the efficacy to lower risk factors associated with metabolic syndrome.",Journal Article; Randomized Controlled Trial,,,,,,,ok
EUROPEPMC:41075788,PubMed,41075788,https://europepmc.org/article/MED/41075788,Food- vs. supplement-based very-low-energy diets and gut microbiome composition in women with high body mass index: A randomized controlled trial.,"In a single-blind, two-arm, randomized controlled-feeding trial (May 2021-February 2022), 47 women (30-65 years, BMI 30-45 kg/m2) are randomized to either a food-based or a supplement-based very-low-energy diet (VLED: 800-900 kcal/d) for 3 weeks. The food-based VLED comprises pre-packaged meals (∼93% whole-food ingredients), while the supplement-based VLED comprises shakes, soups, bars, and desserts (∼70% industrial ingredients). The primary outcome is species-level alpha diversity (Shannon index). Secondary outcomes include species richness, beta diversity, taxonomic composition, functional potential, anthropometrics, serum biomarkers, mental health, sleep, and gastrointestinal symptoms. Modified intention-to-treat (mITT) analyses (n = 45) assess diet group × time interactions as beta coefficients (β) with 95% confidence intervals (CIs). A between-group differential change is observed for the Shannon index, with a greater increase in the food-based group (mITT β: 0.37, 95% CI: 0.15-0.60). The food-based group also shows greater species richness, smaller beta diversity shifts, and compositional changes preserving fiber-degrading, health-associated taxa.",Journal Article; Randomized Controlled Trial,,,,,,,ok
EUROPEPMC:41243448,PubMed,41243448,https://europepmc.org/article/MED/41243448,"2'-Fucosyllactose supplementation results in a transient improvement in gut microbial resilience after vancomycin use in adults with overweight or obesity: a randomized, double-blind, placebo-controlled intervention.","Antibiotic-induced perturbations of the gut microbiome can be long-lasting and potentially affect host metabolic health. Strategies supporting microbial resilience are needed to mitigate the negative impact of antibiotics. We investigated the potential of 2'-fucosyllactose (2'-FL) supplementation after vancomycin use in a double-blind placebo-controlled randomized intervention among adults with overweight/obesity. Participants received oral vancomycin for seven days followed by 2'-FL or placebo for eight weeks. At baseline, after vancomycin use and after supplementation, glucose tolerance, insulin sensitivity, plasma lipids, glucagon-like peptide 1, inflammatory cytokines, fecal short-chain fatty acids (SCFAs) and branched-chain fatty acids were analyzed. Gut microbial diversity, composition and resilience were analyzed using 16S rRNA gene sequencing. Vancomycin use decreased gut microbial richness and diversity and disrupted microbiota composition and fecal SCFA concentrations. 2'-FL improved gut microbial resilience compared to placebo (pTreatment*Time = 0.043) after two weeks of supplementation, but differences were no longer observed at the end of the intervention. Two-week 2'-FL supplementation also differentially impacted specific bacterial taxa. Eight-week 2'-FL supplementation decreased fasting plasma interleukin-6 (IL-6) concentrations (pTreatment*Time = 0.041). 2'-FL intake led to transient improvements in gut microbial resilience after vancomycin use, indicating its beneficial potential to limit antibiotic-induced perturbations. Subsequent effects on metabolic health were limited and require further study.",Journal Article; Randomized Controlled Trial,,,,,,,ok
PMID:40331097,PubMed,40331097,https://pubmed.ncbi.nlm.nih.gov/40331097/,Delites™ supplementation prevents metabolic syndrome onset and modulates gut microbiome in male Sprague Dawley rats fed on cholesterol- and fat-enriched diet: a randomized preclinical trial study.,"Metabolic syndrome (MetS) is a global health concern, characterized by a combination of dyslipidemia, insulin resistance, obesity, and hypertension, significantly increasing the risk of type 2 diabetes mellitus (T2DM) and cardiovascular diseases. Gut microbiota plays a pivotal role in MetS pathophysiology, with dysbiosis exacerbating metabolic impairments. Delites™, a supplement inspired by Traditional Chinese Medicine, has shown potential in modulating gut microbiota and mitigating MetS.; This study aimed to evaluate the effects of Delites™ supplementation on metabolic health and gut microbiota composition in male Sprague Dawley rats fed a cholesterol- and fat-enriched diet (CFED).; A randomized preclinical trial was conducted on 32 rats divided into four groups: control-normal, CFED, CFED+low-dose Delites™ (54 mg/kg), and CFED+high-dose Delites™ (108 mg/kg). Parameters including lipid profiles, enzymatic activity, molecular biomarkers, and gut microbiota composition were analyzed.; Delites™ significantly improved lipid profiles, reduced inflammation (TNF-α), enhanced anti-inflammatory markers (IL-10), and increased energy metabolism regulator PGC-1α. Gut microbiota modulation showed increased beneficial genera (Bifidobacterium, Lactobacillus) and reduced pathogenic Proteus, improving microbial diversity.; Delites™ supplementation effectively mitigates MetS through metabolic and microbiota modulation. These findings highlight its potential for precision medicine approaches to combat metabolic disorders. Further research is needed to explore its long-term effects and translational relevance in humans.",Journal Article,,,,,,,ok
PMID:36239189,PubMed,36239189,https://pubmed.ncbi.nlm.nih.gov/36239189/,"Effect of faecal microbial transplant via colonoscopy in patients with severe obesity and insulin resistance: A randomized double-blind, placebo-controlled Phase 2 trial.","To assess the effects of faecal microbial transplant (FMT) from lean people to subjects with obesity via colonoscopy.; In a double-blind, randomized controlled trial, subjects with a body mass index ≥ 35 kg/m2 and insulin resistance were randomized, in a 1:1 ratio in blocks of four, to either allogenic (from healthy lean donor; n = 15) or autologous FMT (their own stool; n = 13) delivered in the caecum and were followed for 3 months. The main outcome was homeostatic model assessment of insulin resistance (HOMA-IR) and secondary outcomes were glycated haemoglobin levels, lipid profile, weight, gut hormones, endotoxin, appetite measures, intestinal microbiome (IM), metagenome, serum/faecal metabolites, quality of life, anxiety and depression scores.; In the allogenic versus autologous groups, HOMA-IR and clinical variables did not change significantly, but IM and metabolites changed favourably (P < 0.05): at 1 month, Coprococcus, Bifidobacterium, Bacteroides and Roseburia increased, and Streptococcus decreased; at 3 months, Bacteroides and Blautia increased. Several species also changed significantly. For metabolites, at 1 month, serum kynurenine decreased and faecal indole acetic acid and butenylcarnitine increased, while at 3 months, serum isoleucine, leucine, decenoylcarnitine and faecal phenylacetic acid decreased. Metagenomic pathway representations and network analyses assessing relationships with clinical variables, metabolites and IM were significantly enhanced in the allogenic versus autologous groups. LDL and appetite measures improved in the allogenic (P < 0.05) but not in the autologous group.; Overall, in those with obeisty, allogenic FMT via colonoscopy induced favourable changes in IM, metabolites, pathway representations and networks even though other metabolic variables did not change. LDL and appetite variables may also benefit.","Randomized Controlled Trial; Clinical Trial, Phase II; Journal Article; Research Support, Non-U.S. Gov't",,,,,,,ok
NCT:NCT05428137,ClinicalTrials.gov,NCT05428137,https://clinicaltrials.gov/study/NCT05428137,Study of Safety and Efficacy of a Probiotic and Postbiotic in Overweight Individuals,,,Probiotic; Postbiotic; Placebo,180,NA,Change in visceral fat area,Change in body weight; Change in waist circumference; Change in body fat composition; Change in peripheral blood cholesterol; Change in serum insulin concentration; Change in peripheral blood glucose; Change in plasma leptin levels; Dietary survey; Microbiome analysis; Mood questionnaire,Probiotic; Postbiotic; Placebo,ok
NCT:NCT05440630,ClinicalTrials.gov,NCT05440630,https://clinicaltrials.gov/study/NCT05440630,Study of Efficacy of a Probiotic and Postbiotic in Overweight and Obese Individuals,,,Probiotics; Postbiotic; Placebo,0,NA,Change in abdominal/visceral fat area,Change in abdominal subcutaneous fat area; Change in body composition; Change in body weight; Change in BMI; Change in waist circumference; Change in hip circumference; Change in lipid profile; Change in systolic and diastolic blood pressure; Changes in glucose profile; Change in cortisol levels,Probiotic; Postbiotic; Placebo,ok
PMID:35592630,PubMed,35592630,https://pubmed.ncbi.nlm.nih.gov/35592630/,Beneficial Effects of a Low-Glycemic Diet on Serum Metabolites and Gut Microbiota in Obese Women With,"Generalized healthy eating patterns may not benefit everyone due to different genetics and enterotypes. We aimed to compare the effects of a low-glycemic diet representing the Korean traditional balanced diet (Low-GID) and westernized diet as a control diet (CD) on anthropometry, serum metabolites, and fecal bacteria in a randomized clinical trial according to enterotypes. We recruited 52 obese women aged 30-50 years, and they consumed Low-GID and CD meals for 1 month, with a 1-month washout period, in a crossover randomized clinical trial. The Low-GID was mainly composed of whole grains with fish, vegetables, seaweeds, and perilla oil, whereas CD contained refined rice, bread, noodles, meats, and processed foods. Serum lipid profiles, metabolomics, serum short-chain fatty acids, and fecal bacteria were analyzed. The important variables influenced by Low-GID and CD were determined by SHAP value in the XGBoost algorithm according to Bacteroides (ET-B) and Prevotella (ET-P). Low-GID and CD interventions did not change the enterotypes, but they modified serum metabolites and some fecal bacterial species differently according to enterotypes. The 10-fold cross-validation of the XGBoost classifier in the ET-P and ET-B clusters was 0.91 ± 0.04 and 0.8 ± 0.07, respectively. In the ET-P cluster, serum L-homocysteine, glutamate, leucine concentrations, and muscle mass were higher in the CD group than in the Low-GID group, whereas serum 3-hydroxybutyric acid concentration was significantly higher in the Low-GID group than in the CD group (p < 0.05). In fecal bacteria, Gemmiger formicilis, Collinsella aerofaciens, and Escherichia coli were higher in the CD group than in the Low-GID group. In the ET-B cohort, serum tryptophan and total cholesterol concentrations were higher in the CD group than in the Low-GID group, whereas serum glutathione and 3-hydroxybutyric acid concentrations were significantly higher in the Low-GID group than in the CD group (p < 0.05). However, Bifidobacterium longum was higher in CD than Low-GID in the ET-B cluster, but serum butyric acid levels were higher in the Low-GID than in the CD group. In conclusion, Low-GID can be recommended in obese women with both ET-P and ET-B enterotypes, although its efficacy was more effective in ET-P.; [https://cris.nih.go.kr/cris/search/detailSearch.do/17398], identifier [KCT0005340].",Journal Article,,,,,,,ok
PMID:33718754,PubMed,33718754,https://pubmed.ncbi.nlm.nih.gov/33718754/,Ingesting Yogurt Containing,"Chronic inflammation and insulin resistance are factors that are related to obesity. We have suggested that the administration of heat-treated Lactobacillus plantarum OLL2712 (OLL2712) cells can improve glucose and lipid metabolism by suppressing chronic inflammation in mouse models and a preliminary clinical study.; The aim of this study was to investigate whether ingesting OLL2712 cells can reduce body fat accumulation and improve metabolic risk factors, in overweight, healthy adults.; This study was a randomized, double-blind, placebo-controlled, parallel-group trial conducted at a single center in Japan. The study participants included 100 overweight (BMI range, ≥25 to <30 kg/m2) adults aged 20-64 y. They were randomly assigned to either the placebo or OLL2712 group (n = 50 each) and were administered conventional yogurt or yogurt containing >5 × 109 heat-treated OLL2712 cells, respectively, daily for 12 wk. The primary outcome was the 12-wk change in the abdominal fat area, as assessed by computed tomography, and the secondary outcomes were glucose and lipid metabolism-related parameters and chronic inflammation markers, which were analyzed using a linear mixed model.; The 12-wk change of abdominal fat area (difference: 8.5 cm2; 95% CI: 0.3, 16.6 cm2; P = 0.040) and fasting plasma glucose (difference: 3.2 mg/dL; 95% CI: 0.8, 5.6 mg/dL; P = 0.021) were significantly less in the OLL2712 group than the placebo group. The overall trend of serum IL-6 was significantly decreased in the OLL2712 group compared with baseline and the placebo group.; The ingestion of heat-treated OLL2712 cells reduces body fat accumulation and the deterioration of glycemic control and chronic inflammation, in overweight, healthy adults. We hypothesize that OLL2712 cells may prevent obesity by regulating chronic inflammation. This trial was registered at the University Hospital Medical Information Network Clinical Trials Registry as UMIN000027709.",Journal Article,,,,,,,ok
PMID:34229263,PubMed,34229263,https://pubmed.ncbi.nlm.nih.gov/34229263/,"Supplementation with Bifidobacterium breve BR03 and B632 strains improved insulin sensitivity in children and adolescents with obesity in a cross-over, randomized double-blind placebo-controlled trial.","Variations in gut microbiota might impact metabolism leading to body weight excess. We assessed the impact of a probiotic supplementation in pediatric obesity on weight, metabolic alterations, selected gut microbial groups, and functionality.; Cross-over, double-blind, randomized control trial (BIFI-OBESE trial; NCT03261466). 101 youths (6-18 years, Tanner stage ≥2) with obesity and insulin-resistance on diet were randomized to 2 × 109 CFU/AFU/day of Bifidobacterium breve BR03 (DSM 16604) and B. breve B632 (DSM 24706) (51) or placebo (50) for 8 weeks with a 4-weeks wash-out period.; All subjects (M/F 54/47) completed the first 8 weeks, and 82 (M/F 43/39) the last part without adverse events. Mixed-effects models revealed a carry-over effect on many variables in the entire study, narrowing the analysis to the first 8 weeks before the wash-out periods. All subjects improved metabolic parameters, and decreased weight and Escherichia coli counts. Probiotics improved insulin sensitivity at fasting (QUICKI, 0.013 CI95%0.0-0.03) and during OGTT (ISI, 0.654 CI95%-0.11-1.41). Cytokines, GLP1, and target microbial counts did not vary. Of 25 SCFAs, acetic acid and acetic acid pentyl-ester relative abundance remained stable in the probiotics, while increased in the placebo (p < 0.02). A signature of five butanoic esters identified three clusters, one of them had better glucose responses during probiotics.; An 8 weeks treatment with B. breve BR03 and B632 had beneficial effects on insulin sensitivity in youths with obesity. Microbiota functionality could influence metabolic answers to probiotics. Long-term studies to confirm and enrich our findings are justified. Tailored probiotic treatments could be an additional strategy for obesity.; NCT03261466.","Journal Article; Randomized Controlled Trial; Research Support, Non-U.S. Gov't",,,,,,,ok
PMID:31987116,PubMed,31987116,https://pubmed.ncbi.nlm.nih.gov/31987116/,"Effect of a low energy diet, containing a high protein, probiotic condensed yogurt, on biochemical and anthropometric measurements among women with overweight/obesity: A randomised controlled trial.","The aim of this study was to determine the effect of low energy diet containing condensed processed yogurt (Kashk), as a high protein, calcium and probiotic enriched product, on glycemic control, lipid profile, anthropometric measurements and blood pressure among women with overweight/obesity.; 70 women with overweight/obesity were randomly assigned to receive either a low energy diet contained 50 g of Kashk (intervention group) or a low energy diet without Kashk (control group) for 8 weeks. Anthropometric, blood pressure and biochemical measurements were obtained before and after the intervention.; Between-group comparisons showed that the intervention group significantly decreased triglycerides (P = 0.013) and low density lipoprotein cholesterol (P = 0.049) levels relative to the control group. Significantly greater reductions in body mass index (P = 0.018), fat percent (P = 0.037) and waist circumference (P = 0.047) were observed in the intervention group compared to control. Within-group comparisons revealed significant reductions in systolic blood pressure (P = 0.035) and weight (P = 0.005) in the intervention group.; Long-term consumption of Kashk, as a high protein and calcium product enriched with probiotic that is accompanied by a low energy diet, might have beneficial effects on anthropometric and biochemical indices, though more cross-over and parallel blinded trials with placebo groups are needed to confirm these results. (The clinical trial registration number is IRCT2013042913163N1).","Journal Article; Randomized Controlled Trial; Research Support, Non-U.S. Gov't",,,,,,,ok
PMID:30967436,PubMed,30967436,https://pubmed.ncbi.nlm.nih.gov/30967436/,"Efficacy of Fish Oil and/or Probiotic Intervention on the Incidence of Gestational Diabetes Mellitus in an At-Risk Group of Overweight and Obese Women: A Randomized, Placebo-Controlled, Double-Blind Clinical Trial.","To assess whether the risk of gestational diabetes mellitus (GDM) may be lowered and glucose metabolism improved by daily administration of fish oil and/or probiotic supplements in overweight and obese pregnant women.; We randomized in a double-blind manner 439 women (mean 13.9 ± 2.1 gestational weeks [gw]) into four intervention groups: fish oil + placebo, probiotics + placebo, fish oil + probiotics, and placebo + placebo. Fish oil (1.9 g docosahexaenoic acid and 0.22 g eicosapentaenoic acid) and probiotic supplements (Lactobacillus rhamnosus HN001 and Bifidobacterium animalis ssp. lactis 420, 1010 colony-forming units each) were provided for daily consumption from randomization beyond delivery. Primary outcomes were the incidence of GDM diagnosed with oral glucose tolerance test targeted at 24-28 gw and the change in fasting glucose between randomization and late pregnancy (mean 35.2 ± 0.9 gw). Insulin concentration, insulin resistance HOMA2-IR index, and pregnancy outcomes were determined, as were adverse effects related to the intervention. Analyses were by intent to treat.; No differences were found among the intervention groups in the maternal and neonatal pregnancy outcomes or side effects related to the intervention (P > 0.05). The proportion of women with GDM (94 of 377; fish oil + placebo, 23 of 96, 24.0%; probiotics + placebo, 25 of 99, 25.3%; fish oil + probiotics, 26 of 91, 28.6%; and placebo + placebo, 20 of 91, 22.0%) and the change in glucose, insulin, or HOMA2-IR (n = 364) did not differ among the intervention groups (P > 0.11 for all comparisons).; An intervention with fish oil and/or probiotics during pregnancy seemed to be both safe and well tolerated but conferred no benefits in lowering the risk of GDM or improving glucose metabolism in overweight and obese women.","Journal Article; Randomized Controlled Trial; Research Support, Non-U.S. Gov't",,,,,,,ok
NCT:NCT04293731,ClinicalTrials.gov,NCT04293731,https://clinicaltrials.gov/study/NCT04293731,Smectite Gel and Probiotic for Obesity and Insulin Resistance,,,Symbiter-Smectite; Placebo,55,NA,HOMA-2IR; insulin sensitivity (%S),HbA1c; fasting plasma glucose (FPG); β-cell function (%B); C-peptide; weight; waist circumferences (WC); body mass index (BMI); cytokines levels,Symbiter-Smectite; Placebo,ok
NCT:NCT02962583,ClinicalTrials.gov,NCT02962583,https://clinicaltrials.gov/study/NCT02962583,The Addition of Probiotic Consumption to a Nutritional Intervention and Caloric Restriction on Body Weight and Composition in Overweight Participants,,,Weight loss; Probiotic Formula; Placebos,152,PHASE2,Change from Baseline body weight at 12 weeks,Change from Baseline BMI at 12 weeks; Change from Baseline waist circumference data at 12 weeks; Change from Baseline sagittal abdominal diameter data at 12 weeks; Change from Baseline body composition at 12 weeks; Change from Baseline stress level at 12 weeks; Change from Baseline anxiety level at 12 weeks; Change from Baseline depression symptoms at 12 weeks; Change from Baseline sleeping habits at 12 weeks; Change from Baseline intestinal microbiota composition at 12 weeks; Change from Baseline C-reactive protein at 12 weeks; Change from Baseline TNF-a at 12 weeks; Change from Baseline interleukin-6 at 12 weeks; Change from Baseline lipopolysaccharide (LPS) at 12 weeks,Probiotic; Placebo,ok
PMID:26134388,PubMed,26134388,https://pubmed.ncbi.nlm.nih.gov/26134388/,Dietary modulation of the gut microbiota--a randomised controlled trial in obese postmenopausal women.,"The gut microbiota has been implicated in obesity and its progression towards metabolic disease. Dietary interventions that target the gut microbiota have been suggested to improve metabolic health. The aim of the present study was to investigate the effect of interventions with Lactobacillus paracasei F19 or flaxseed mucilage on the gut microbiota and metabolic risk markers in obesity. A total of fifty-eight obese postmenopausal women were randomised to a single-blinded, parallel-group intervention of 6-week duration, with a daily intake of either L. paracasei F19 (9.4 × 1010 colony-forming units), flaxseed mucilage (10 g) or placebo. Quantitative metagenomic analysis of faecal DNA was performed to identify the changes in the gut microbiota. Diet-induced changes in metabolic markers were explored using adjusted linear regression models. The intake of flaxseed mucilage over 6 weeks led to a reduction in serum C-peptide and insulin release during an oral glucose tolerance test (P< 0.05) and improved insulin sensitivity measured by Matsuda index (P< 0.05). Comparison of gut microbiota composition at baseline and after 6 weeks of intervention with flaxseed mucilage showed alterations in abundance of thirty-three metagenomic species (P< 0.01), including decreased relative abundance of eight Faecalibacterium species. These changes in the microbiota could not explain the effect of flaxseed mucilage on insulin sensitivity. The intake of L. paracasei F19 did not modulate metabolic markers compared with placebo. In conclusion, flaxseed mucilage improves insulin sensitivity and alters the gut microbiota; however, the improvement in insulin sensitivity was not mediated by the observed changes in relative abundance of bacterial species.","Journal Article; Randomized Controlled Trial; Research Support, Non-U.S. Gov't",,,,,,,ok
PMID:24120179,PubMed,24120179,https://pubmed.ncbi.nlm.nih.gov/24120179/,Hypocaloric diet supplemented with probiotic cheese improves body mass index and blood pressure indices of obese hypertensive patients--a randomized double-blind placebo-controlled pilot study.,"Gut lactobacilli can affect the metabolic functions of healthy humans. We tested whether a 1500 kcal/d diet supplemented with cheese containing the probiotic Lactobacillus plantarum TENSIA (Deutsche Sammlung für Mikroorganismen, DSM 21380) could reduce some symptoms of metabolic syndrome in Russian adults with obesity and hypertension.; In this 3-week, randomized, double-blind, placebo-controlled, parallel pilot study, 25 subjects ingested probiotic cheese and 15 ingested control cheese. Fifty grams of each cheese provided 175 kcal of energy. Blood pressure (BP), anthropometric characteristics, markers of liver and kidney function, metabolic indices (plasma glucose, lipids, and cholesterol), and urine polyamines were measured. Counts of fecal lactobacilli and L. plantarum TENSIA were evaluated using molecular methods. The data were analyzed by t-test for independent samples and Spearman's partial correlation analysis.; The probiotic L. plantarum TENSIA was present in variable amounts (529.6 ± 232.5 gene copies) in 16/25 (64%) study subjects. Body mass index (BMI) was significantly reduced (p = 0.031) in the probiotic cheese group versus the control cheese group. The changes in BMI were closely associated with the water content of the body (r = 0.570, p = 0.0007) when adjusted for sex and age. Higher values of intestinal lactobacilli after probiotic cheese consumption were associated with higher BMI (r = 0.383, p = 0.0305) and urinary putrescine content (r = 0.475, p = 0.006). In patients simultaneously treated with BP-lowering drugs, similar reductions of BP were observed in both groups. A positive association was detected between TENSIA colonization and the extent of change of morning diastolic BP (r = 0.617, p = 0.0248) and a trend toward lower values of morning systolic BP (r = -0.527, p = 0.0640) at the end of the study after adjusting for BMI, age, and sex.; In a pilot study of obese hypertensive patients, a hypocaloric diet supplemented with a probiotic cheese helps to reduce BMI and arterial BP values, recognized symptoms of metabolic syndrome.","Journal Article; Randomized Controlled Trial; Research Support, Non-U.S. Gov't",,,,,,,ok
EUROPEPMC:41657363,PubMed,41657363,https://europepmc.org/article/MED/41657363,Subgingival microbiome and adjunctive use of probiotics in the treatment of periodontitis in patients with diabetes: a secondary analysis of a randomized clinical trial.,"Adjunctive therapies have been proposed to enhance periodontal outcomes by modulating the subgingival microbiome. However, the microbiological effects of probiotic supplementation in diabetic patients with periodontitis remain unclear, particularly when assessed using high-resolution sequencing methods.; To evaluate the effect of a Limosilactobacillus reuteri as an adjunct to subgingival instrumentation on the subgingival microbiome in the treatment of periodontitis in patients with diabetes.; This was a secondary analysis of a randomized, triple-blind, placebo-controlled clinical trial. Forty patients with stage II-III periodontitis and diabetes received subgingival instrumentation and either L. reuteri lozenges (n = 19) or placebo (n = 21) for 3 months. Subgingival samples were collected at baseline, 3, and 6 months. The V3-V4 region of the 16S rRNA gene was sequenced and analyzed using QIIME2. Alpha diversity was analyzed with mixed-effects models, beta diversity with PERMANOVA, and differential abundance with linear models.; A total of 116 high-quality samples were included. Alpha and beta diversity metrics did not show significant differences between groups or across time points. L. reuteri was detected inconsistently in the subgingival microbiome, with low relative abundances and no sustained presence over time. No bacterial species exhibited significant changes in differential abundance between the probiotic and placebo groups over time.; Adjunctive L. reuteri supplementation did not significantly alter subgingival microbiome diversity or composition over 6 months.",Journal Article,,,,,,,ok
EUROPEPMC:41978077,PubMed,41978077,https://europepmc.org/article/MED/41978077,"Modulation of Glucose Homeostasis, Metabolic Endotoxemia and Circulating Short-Chain Fatty Acids Following Multi-Species Probiotic Supplementation: Findings from a 12-Week Randomised Placebo-Controlled Trial.","Background: Altered gut microbiota and gut-derived inflammation impair glucose regulation and promote metabolic endotoxemia, yet evidence on probiotic effects across combined glycaemic, inflammatory and short-chain fatty acid (SCFA) outcomes remains limited. This study investigated the effects of a 12-week multi-species probiotic on glucose homeostasis, incretin hormones, inflammatory biomarkers and circulating SCFAs in adults with subthreshold depression. Methods: In a 12-week double-blind, randomised, placebo-controlled trial, 39 adults with subthreshold depression were allocated to either a probiotic supplement containing Limosilactobacillus fermentum LF16, Lacticaseibacillus rhamnosus LR06, Lactiplantibacillus plantarum LP01 and Bifidobacterium longum 04 (n = 19) or placebo (n = 20). Fasting glucose, insulin, HOMA-IR, glucose-dependent insulinotropic peptide (GIP), high-sensitivity C-reactive protein (hs-CRP), lipopolysaccharide-binding protein (LBP), soluble CD14 (sCD14) and SCFAs were evaluated at three time points: baseline, week 6 and week 12. Between-group and treatment × time effects were analysed using general linear models. Results: Probiotic supplementation significantly reduced fasting glucose at 12 weeks compared with placebo (-1.8 vs. 0.1 mmol/L; p = 0.036). In the probiotic group, greater reductions in GIP (p = 0.012; p = 0.037), LBP (p < 0.001), sCD14 (p = 0.002; p = 0.001) and hs-CRP (p = 0.047) were also observed compared with placebo. Plasma SCFA concentrations remained largely unchanged, with no significant treatment × time interactions, except for higher valerate levels at 12 weeks in the probiotic group (p = 0.019). Conclusions: Twelve weeks of multi-species probiotic supplementation improved fasting glucose, reduced incretin and inflammatory biomarkers and attenuated metabolic endotoxemia, without alterations in circulating SCFAs. These findings support beneficial modulation of metabolic-immune pathways and highlight the promising role of probiotics to enhance glucose regulation and systemic inflammatory tone in adults with subthreshold depression.",Journal Article; Randomized Controlled Trial,,,,,,,ok
EUROPEPMC:39857760,PubMed,39857760,https://europepmc.org/article/MED/39857760,"The Effect of Prebiotics, Alone or as Part of Synbiotics, on Cardiometabolic Parameters in Women with Polycystic Ovary Syndrome: A Systematic Review and Meta-Analysis of Randomized Controlled Trials.","Background/Objectives: This systematic review and meta-analysis aimed to investigate the effect of prebiotics, alone or as part of synbiotics, on cardiometabolic parameters in polycystic ovary syndrome (PCOS) women. Methods: Databases, including PubMed, Scopus, ISI Web of Science, Embase, and the Cochrane Central Register of Controlled Trials, were searched for relevant randomized-controlled trials (RCTs) until 12 December 2024. Changes in mean ± standard deviations were extracted and combined using a random-effects model. Bias was assessed using Cochrane risk of bias and evidence quality with GRADE. Results: Twenty RCTs with 1271 participants were included. Results showed high-quality evidence supporting prebiotics' effects, alone or as part of synbiotics, in reducing body-mass index [n = 853; weighted-mean difference (WMD): -0.510, 95%CI: -0.669, -0.351 kg/m2] and diastolic blood pressure (WMD: -2.218, 95%CI: -4.425, -0.010 mmHg), moderate-quality evidence for weight, waist-to-hip ratio, and triglycerides improvements, and low or very-low-quality evidence for waist circumference (WC), fat mass, fasting plasma glucose, fasting insulin, low-density lipoprotein (LDL), total cholesterol (TC), high sensitive-C reactive protein, total testosterone, follicle-stimulating hormone and free androgen index improvements. Subgroup analyses revealed possible reduction in LDL with prebiotics, as well as possible decreases in WC, TC, and total testosterone with synbiotics. Dietary approaches to stop hypertension diet improved insulin sensitivity. Conclusions: This study suggests that prebiotics may beneficially affect several cardiometabolic parameters in PCOS women. Approximately one-third of the results were based on moderate-to-high-quality evidence. This study highlights the need for future well-designed, larger RCTs with longer treatment duration to strengthen the evidence base and guide clinical decision-making.",Journal Article; Review,,,,,,,ok
NCT:NCT06765057,ClinicalTrials.gov,NCT06765057,https://clinicaltrials.gov/study/NCT06765057,"Effect of Probiotics ""Psychobiotics"" on Depression and Metabolic Syndrome in Saudi Arabia",,,Winclove's Ecologic® Barrier Probiotics; Winclove's Ecologic® Barrier Probiotics Placebo,60,PHASE2; PHASE3,Psychological Assessment (depression1); Psychological Assessment (depression2); Psychological Assessment (Anxiety); Anthropometric Measurements; Metabolic Syndrome Components (Waist circumference); Metabolic Syndrome Components (Medical Assessments/ Laboratory Tests); Metabolic Syndrome Components (Medical Assessments/ Blood Pressure),,Winclove's Ecologic® Barrier Probiotics; Control,ok
EUROPEPMC:39385189,PubMed,39385189,https://europepmc.org/article/MED/39385189,"Effects of synbiotic supplementation on the components of metabolic syndrome in patients with schizophrenia: a randomized, double-blind, placebo-controlled trial.","Antipsychotic drugs may have adverse effects on the components of metabolic syndrome. Previous studies have shown that changes in the intestinal microbiome are associated with metabolic disturbances in patients with schizophrenia. The objective of this study was to determine the effects of synbiotics on the components of metabolic syndrome as primary outcomes in patients with schizophrenia. Secondary outcomes were HbA1c, insulin resistance, LDL-c, and anthropometric measurements.; In this double-blind, placebo-controlled trial, seventy patients with schizophrenia receiving antipsychotic drugs who had at least two criteria of metabolic syndrome were randomly divided into two groups to receive either two capsules of a synbiotic supplement or a placebo daily for 8 weeks. Anthropometric indices and biochemical parameters were measured at baseline and after the intervention.; Fifty-five patients completed the study. The synbiotic supplement significantly decreased waist circumference and HbA1C compared to placebo (-2.66 ± 4.20 vs. 3.03 ± 4.50 and - 0.26 ± 0.54 vs. 0.20 ± 0.75, respectively). Although BMI did not change significantly in the synbiotic + antipsychotic group, it increased in the placebo + antipsychotic group (-0.37 ± 1.00 vs. 0.61 ± 1.09 P < 0.5). LDL-c and triglyceride (TG) levels decreased significantly in the synbiotic + antipsychotic group, but the change was not significantly different from that of the placebo + antipsychotic group. FBS, HDL-c, systolic and diastolic blood pressure, insulin resistance, and total cholesterol were not significantly different between the two groups after intervention.; Synbiotic supplement may decrease waist circumference, HbA1c, LDL and TG and prevent BMI increase in patients receiving antipsychotic drugs.; Iranian Registry of Clinical Trials (IRCT Number: IRCT20090901002394N45), Date: 26-12-2019.","Journal Article; Randomized Controlled Trial; Research Support, Non-U.S. Gov't",,,,,,,ok
NCT:NCT07371325,ClinicalTrials.gov,NCT07371325,https://clinicaltrials.gov/study/NCT07371325,Efficacy of Pediococcus Acidilactici as add-on to Antipsychotic Drugs on Metabolic Syndrome Disturbances in First-episode Psychosis and Schizophrenia Spectrum Disorders.,,,"Pediococcus acidilactici, pA1c®HI postbiotic supplementation taking participants; Atypical antipsychotics (AAP)",36,NA,Metabolic Disturbances; Metabolic Disturbances; Metabolic Disturbances; Metabolic Disturbances; Metabolic Disturbances; Metabolic Disturbances; Metabolic Disturbances; Metabolic Disturbances,Clinical Measures; Clinical Measures; Clinical Measures; Clinical measures; Clinical Measures; Clinical Measures; Clinical Measures; Anthropometric Parameters; Anthropometric Parameters; Anthropometric Parameters; Anthropometric Parameters; Anthropometric Parameters; Anthropometric Parameters; Anthropometric Parameters,FEP and postbiotic; SSD and postbiotic; FEP and placebo; SSD and placebo,ok
PMID:38732635,PubMed,38732635,https://pubmed.ncbi.nlm.nih.gov/38732635/,Metabolic Status Influences Probiotic Efficacy for Depression-PRO-DEMET Randomized Clinical Trial Results.,"Probiotics may represent a safe and easy-to-use treatment option for depression or its metabolic comorbidities. However, it is not known whether metabolic features can influence the efficacy of probiotics treatments for depression. This trial involved a parallel-group, prospective, randomized, double-blind, controlled design. In total, 116 participants with depression received a probiotic preparation containing Lactobacillus helveticus Rosell®-52 and Bifidobacterium longum Rosell®-175 or placebo over 60 days. The psychometric data were assessed longitudinally at five time-points. Data for blood pressure, body weight, waist circumference, complete blood count, serum levels of C-reactive protein, cholesterol, triglycerides, and fasting glucose were measured at the beginning of the intervention period. There was no advantage of probiotics usage over placebo in the depression score overall (PRO vs. PLC: F(1.92) = 0.58; p = 0.45). However, we found a higher rate of minimum clinically important differences in patients supplemented with probiotics than those allocated to placebo generally (74.5 vs. 53.5%; X2(1,n = 94) = 4.53; p = 0.03; NNT = 4.03), as well as in the antidepressant-treated subgroup. Moreover, we found that the more advanced the pre-intervention metabolic abnormalities (such as overweight, excessive central adipose tissue, and liver steatosis), the lower the improvements in psychometric scores. A higher baseline stress level was correlated with better improvements. The current probiotic formulations may only be used as complementary treatments for depressive disorders. Metabolic abnormalities may require more complex treatments. ClinicalTrials.gov identifier: NCT04756544.",Journal Article; Randomized Controlled Trial,,,,,,,ok
PMID:39313030,PubMed,39313030,https://pubmed.ncbi.nlm.nih.gov/39313030/,"The effects of chicory inulin-type fructans supplementation on weight management outcomes: systematic review, meta-analysis, and meta-regression of randomized controlled trials.","Excess body weight and adiposity can adversely affect metabolic health. Prebiotics such as inulin-type fructans (ITFs) from chicory root are known to modulate gut microbiota and may improve body weight regulation.; This study aimed to assess evidence for chicory ITF supplementation to support weight management.; Eligible articles (initial search to 2021, updated to February 2023) were searched from EMBASE, MEDLINE (PubMed), and Cochrane Library. Data on primary (body weight) and secondary outcomes [body mass index (BMI), total fat mass, body fat percentage, and waist circumference] were extracted by 2 reviewers independently. Random-effects model using inverse-variance method was used. Subgroup analysis (health status and ITF type) and meta-regression (dose and duration) were evaluated.; A total of 32 eligible studies were included. Chicory ITF significantly reduced body weight [mean difference (MD): -0.97 kg; 95% CI: -1.34, -0.59); n = 1184] compared with placebo. ITF favored overall effects reduction in BMI (MD: -0.39 kg/m2; 95% CI: -0.57, -0.20; n = 985), fat mass (MD: -0.37 kg; 95% CI: -0.61, -0.13; n = 397), waist circumference (MD: -1.03 cm; 95% CI: -1.69, -0.37; n = 604), and for intervention duration of >8 wk, body fat percentage (MD: -0.78%; 95% CI: -1.17, -0.39; n = 488). Except for considerable heterogeneity in body weight (I2: 73%) and body fat percentage (I2: 75%), all other outcomes had negligible to moderate heterogeneity. Significant reduction in body weight, BMI, and waist circumference was evident irrespective of participants' health status. There was minimal evidence that dose, duration, or type of ITF influenced the magnitude of reductions in outcomes.; Chicory ITF supplementation may benefit weight management by reducing body weight, BMI, fat mass, waist circumference, and, to a certain extent, body fat percentage. This systematic review with meta-analysis was registered at PROSPERO as CRD42020184908.","Journal Article; Meta-Analysis; Systematic Review; Research Support, Non-U.S. Gov't",,,,,,,ok
PMID:39599701,PubMed,39599701,https://pubmed.ncbi.nlm.nih.gov/39599701/,"Effectiveness of Probiotics, Prebiotics, and Synbiotics in Managing Insulin Resistance and Hormonal Imbalance in Women with Polycystic Ovary Syndrome (PCOS): A Systematic Review of Randomized Clinical Trials.","Background/Objectives: Polycystic ovary syndrome is a common endocrine disorder in women of reproductive age characterized by insulin resistance and hormonal imbalances. Recent research suggests that probiotics and synbiotics may improve these parameters by modulating the gut microbiota. This study systematically reviewed randomized clinical trials evaluating the impact of probiotic, prebiotic, and synbiotic supplementation on insulin resistance and hormonal parameters in women with PCOS. Methods: Exhaustive searches were conducted in PubMed, Cochrane CENTRAL, Scopus, Web of Science, and Embase, following PRISMA guidelines. Randomized trials assessing supplementation with probiotics, prebiotics, or synbiotics for at least 8 weeks in women diagnosed with PCOS according to the Rotterdam criteria were included. Data on participants, interventions, and outcomes related to insulin resistance and hormones were extracted. Results: Eleven studies from Iran involving overweight or obese women aged 15 to 48 were included. Probiotic and synbiotic supplementation showed significant improvements in insulin resistance (reductions in HOMA-IR, fasting glucose, and insulin), lipid profiles (decreased LDL and triglycerides; increased HDL), and hormonal balance (increased SHBG, decreased total testosterone). Synbiotics had more pronounced effects than probiotics or prebiotics alone. Adherence was high, and side effects were minimal. Conclusions: Despite promising results, limitations such as small sample sizes, homogeneous populations, and short intervention durations limit the generalization of the findings. Larger, longer, multicenter trials with diverse populations and standardized methodologies are needed to confirm the efficacy and safety of synbiotics in managing PCOS. Integrating these interventions could improve clinical management and quality of life for affected women, but additional evidence is required to support widespread use.",Journal Article; Systematic Review,,,,,,,ok
EUROPEPMC:38260154,PubMed,38260154,https://europepmc.org/article/MED/38260154,Effect of supplementation with probiotics or synbiotics on cardiovascular risk factors in patients with metabolic syndrome: a systematic review and meta-analysis of randomized clinical trials.,"The effectiveness of probiotics or synbiotics in adults with metabolic syndromes (MetS) remains controversial, this meta-analysis will further analyze the effects of probiotics or synbiotics on cardiovascular factors in adults with MetS.; We searched Web of Science, PubMed, Embase, Cochrane Library and other databases for randomized controlled trials (RCTs) on the effects of probiotics or synbiotics on MetS in adults up to July 2023, and used RevMan 5.4.0 software for statistical analysis.; This analysis included eleven RCTs (n = 608 participants), and the results showed that compared with the control group, supplementation with probiotics or synbiotics reduced body mass index (weighted mean difference, WMD = -0.83, 95% CI = [-1.21, -0.44], P <0.0001, n = 9), low-density lipoprotein (LDL-c) (standard mean difference, SMD = -0.24, 95% CI = [-0.41, -0.08], P = 0.004, n = 10), fasting blood glucose (FBG)(SMD = -0.17, 95% CI = [-0.33, -0.01], P = 0.03, n = 11), but had no beneficial effect on systolic blood pressure (SBP) (WMD = 1.24, 95% CI = [-2.06, 4.54], P = 0.46, n = 8) in MetS patients.; Supplementation with probiotics or synbiotics can reduce BMI, LDL-c, FBG in patients with MetS, but our findings did not demonstrate a favorable effect on reducing SBP. Future studies with larger samples and longer intervention periods are needed.",Meta-Analysis; Systematic Review; Journal Article,,,,,,,ok
NCT:NCT06032988,ClinicalTrials.gov,NCT06032988,https://clinicaltrials.gov/study/NCT06032988,Effect of Probiotic Supplements on Metabolic Control of People With Type 2 Diabetes Mellitus in Greece,,,LactoLevure,90,NA,Effects of probiotics supplementation on glycemic control (HbA1c),"Effects of probiotics supplementation on fasting blood glucose (FBG); Effects of probiotics supplementation on lipid parameters (Total cholesterol, Triglycerides, HDL-C, LDL-C); Effects of probiotics supplementation on liver function tests (AST, ALT, γGT, Alkaline Phosphatase); Effects of probiotics supplementation on adiposity measures (BMI, Waist circumference); Effects of probiotics supplementation on changes in gut microbiota diversity (alpha- and beta-diversity)",LactoLevure; Placebo,ok
PMID:37880791,PubMed,37880791,https://pubmed.ncbi.nlm.nih.gov/37880791/,The effects of intermittent fasting diet alone or in combination with probiotic supplementation in comparison with calorie-restricted diet on metabolic and hormonal profile in patients with polycystic ovary syndrome: study protocol for a randomized clinical trial.,"Polycystic ovary syndrome (PCOS) is one of the most common endocrine disorders in females characterized by ovulatory dysfunction, hyperandrogenism, and other metabolic disorders. Both intermittent fasting and specific probiotics have been suggested to help improve patients with PCOS through changes in gut microbial composition, circadian clock, and metabolic regulation. Therefore, the present study aims to investigate the effects of intermittent fasting alone or in combination with probiotic supplementation compared to the calorie-restricted (CR) diet on anthropometric measures, metabolic status, inflammation, and oxidative stress in women with PCOS.; We will carry out a randomized clinical trial for 8 weeks. Participants will be randomly assigned (1:1:1) to one of the three groups: (1) a 14:10 early time-restricted feeding (TRF) diet with probiotic supplementation (n = 30); (2) a 14:10 early TRF diet with placebo supplementation (n = 30); (3) a CR diet (energy-restricted 25% of required calories) with placebo supplementation as a control group (n = 30). The primary outcomes will be changes in body weight and insulin resistance. However, glycemic control, lipid profile, metabolic parameters, sex hormone-binding globulin, dehydroepiandrosterone, anti-Mullerian hormone, free androgen index, hirsutism, acne, antioxidant and oxidant status, inflammation, anthropometric measures, mental health, sleep quality, appetite, eating behavior, food craving, and blood pressure are secondary outcomes. All outcomes of this study will be evaluated in pre- and post-intervention.; We hypothesized that 10-h TRE administered alone or in combination with probiotic supplementation to overweight and obese PCOS subjects would lead to weight loss and improved metabolic, hormonal, inflammatory, and antioxidant markers compared to control subjects following a standard 3-meal-per-day CR diet.; The current trial received approval from the Medical Ethics Committee of Tehran University of Medical Sciences, Tehran, Iran (IR.TUMS.MEDICNE.REC.1401.425).; Iranian Registry of Clinical Trials IRCT20121110011421N5. Registered on 3 October 2022.",Clinical Trial Protocol; Journal Article,,,,,,,ok
NCT:NCT05364814,ClinicalTrials.gov,NCT05364814,https://clinicaltrials.gov/study/NCT05364814,Use of Probiotic Yogurt in Obese Women,,,,21,,Determining Change in Obesity,Changes on the Gastrointestinal System,Obese Group,ok
PMID:32759229,PubMed,32759229,https://pubmed.ncbi.nlm.nih.gov/32759229/,Effects of synbiotic supplementation on the components of metabolic syndrome in military personnel: a double-blind randomised controlled trial.,"Metabolic syndrome comprises a set of risk factors for chronic diseases including abdominal obesity, increased fasting blood glucose (FBG), altered lipid profile and elevated blood pressure (BP). Due to high prevalence of metabolic syndrome and its complications in the military personnel, the relevant problems should be identified and controlled. Therefore, the present study was conducted to determine the effect of synbiotic supplements on the components of metabolic syndrome in the military personnel with metabolic syndrome.; Sixty military personnel with metabolic syndrome were included in this double-blind randomised controlled clinical trial. During the intervention, they were asked to consume one capsule of synbiotic supplement or placebo per day for 8 weeks. Body Mass Index (BMI), waist circumference, BP, FBG and lipid profile were measured before and after the intervention.; The results of the study showed that the synbiotic supplementation had a large significant adjusted effect on the BMI (Cohen's d=0.82 (95% CI 0.29 to 1.34)). It also had a medium significant adjusted effect on the FBG (Cohen's d=0.52 (95% CI 0.004 to 1.03)) as well as triglyceride (Cohen's d=0.65 (95% CI 0.13 to 1.17)).; Findings of the study revealed that synbiotic supplementation may lead to a significant improvement in the BMI, triglyceride and FBG levels in the military personnel. Thus, consumption of synbiotic supplements is recommended as an adjuvant therapy in the military personnel with metabolic syndrome.",Journal Article; Randomized Controlled Trial,,,,,,,ok
PMID:33054635,PubMed,33054635,https://pubmed.ncbi.nlm.nih.gov/33054635/,"The combined effects of probiotics and restricted calorie diet on the anthropometric indices, eating behavior, and hormone levels of obese women with food addiction","Food addiction (FA) is an important contributor to obesity. Alterations in gut microbiota (GM) diversity and composition have also been proposed to play a pivotal role in obesity pathogenesis. This trial aimed to assess the effects of probiotic supplementation on the anthropometric indices, eating behavior, and hormone levels of obese women with FA.; This randomized, double-blind, placebo-controlled clinical trial was conducted among obese women with FA. Participants (n = 62) received a restricted calorie diet (RCD) plus either probiotic, or placebo for 12 weeks. Anthropometric measurements, biochemical markers, eating behavior and appetite were assessed during the study period.; Probiotics administration significantly reduced weight, body mass index (BMI), waist circumference (WC), waist to hip ratio (WHR), body fat percentage (BFP), and trunk fat percentage (TFP) compared to the placebo group (p < 0.001). Also, a significant improvement was observed in eating behavior in the probiotic group compared to the placebo group (p < 0.001).Serum levels of oxytocin increased and NPY decreased significantly in the probiotic group compared to the placebo group (p = 0.02, p = 0.002, respectively). Moreover, leptin level significantly decreased in the probiotic group compared to the baseline values (p < 0.001), while probiotics did not cause a greater significant reduction in leptin level, compared to the placebo group.; Multi-probiotic supplementation may have beneficial effects on anthropometric indices, eating behavior, and some appetite-regulating hormones in obese women with FA.Trial registration: Iranian Registry of Clinical Trials identifier: IRCT20131228015968N5.",Journal Article; Randomized Controlled Trial,,,,,,,ok
PMID:35332040,PubMed,35332040,https://pubmed.ncbi.nlm.nih.gov/35332040/,A randomised controlled trial of a probiotic and a prebiotic examining metabolic and mental health outcomes in adults with pre-diabetes.,"To evaluate the effect of the probiotic Lactobacillus rhamnosus HN001 and/or cereal enriched with oat-derived beta-glucan (OBG) on metabolic and mental health outcomes when administered to adults with pre-diabetes.; 2×2 factorial design randomised, parallel-groups placebo-controlled; double-blinded for probiotic, single-blinded for cereals.; Community-dwelling adults aged 18-80 years with pre-diabetes: glycated haemoglobin (HbA1c) 41-49 mmol/mol.; Capsules containing Lactobacillus rhamnosus (HN001) (6×109 colony-forming units/day), or placebo capsules; and cereal containing 4 g/day OBG or calorie-matched control cereal, taken daily, for 6 months. Study groups were: (A) HN001 capsules+OBG cereal; (B) HN001 capsules+control cereal; (C) placebo capsules+OBG cereal and (D) placebo capsules+control cereal.; Primary outcome: HbA1c at 6 months.; fasting plasma glucose, fasting insulin, homeostatic model assessment of insulin resistance, fasting lipids, blood pressure, body weight, waist circumference, body mass index and mental well-being.; 153 participants were randomised. There was complete HbA1c outcome data available for 129 participants. At 6 months the mean (SD) HbA1c was 45.9 (4.4) mmol/mol, n=66 for HN001, and 46.7 (4.3) mmol/mol, n=63 for placebo capsules; 46.5 (4.0) mmol/mol, n=67 for OBG and 46.0 (4.6) mmol/mol n=62 for control cereal. The estimated difference between HN001-placebo capsules was -0.83, 95% CI -1.93 to 0.27 mmol/mol, p=0.63, and between OBG-control cereals -0.17, 95% CI -1.28 to 0.94 mmol/mol, p=0.76. There was no significant interaction between treatments p=0.79. There were no differences between groups or significant interactions between treatments for any of the secondary outcomes.; This study found no evidence of clinical benefit from the supplementation with either HN001 and/or cereal containing 4 g OBG on HbA1c and all secondary outcomes relevant to adults with pre-diabetes.; Australian New Zealand Clincial Trials Registry number ACTRN12617000990325.","Journal Article; Randomized Controlled Trial; Research Support, Non-U.S. Gov't",,,,,,,ok
NCT:NCT04767789,ClinicalTrials.gov,NCT04767789,https://clinicaltrials.gov/study/NCT04767789,Clinical Trial to Evaluate the Efficacy and Safety of the Probiotic Strains Limosilactocillus Reuteri DSM 32910 and Lacticaseibacillus Paracasei DSM 32851 on Glucose Homeostatis in Prediabetic Adults,,,NZ-GHMH-01; Placebo,100,NA,Glycated Hemoglobin A1c (HbA1c),Glycated Hemoglobin A1c (HbA1c); Glucose kinetic parameters: ΔPeak and Cmax; Glucose kinetic parameters: T max; Incremental Area Under the Curve (iAUC) of glucose; Incremental Area Under the Curve (iAUC) of insulinemia; Homeostasis Model of Assessment - insulin resistance (HOMA-IR); Quantitative Insulin sensitivity Check Index (QUICKI); Insulin Sensitivity Index (ISI); Fasting Plasma Glucose (FPG); Fasting insulinemia; Glycemia; Glucagon Like Peptide 1 (GLP-1); Weight; Body Mass Index (BMI); Waist and Hip; Anthropometric ratios; Liver function; Total bilirubin; Triglycerides; Lipid homeostasis; high-sensitivity C-reactive Protein (CRPhs); Cytokines; Tumor Necrosis Factors alpha (TNFα); Overall health; Blood metabolites; Gastrointestinal Symptoms,NZ-GHMH-01; Placebo,ok
PMID:32140184,PubMed,32140184,https://pubmed.ncbi.nlm.nih.gov/32140184/,"Effect of probiotics on obesity-related markers per enterotype: a double-blind, placebo-controlled, randomized clinical trial.","Prevention and improvement of disease symptoms are important issues, and probiotics are suggested as a good treatment for controlling the obesity. Human gut microbiota has different community structures. Because gut microbial composition is assumed to be linked to probiotic function, this study evaluated the efficacy of probiotics on obesity-related clinical markers according to gut microbial enterotype.; Fifty subjects with body mass index over 25 kg/m2 were randomly assigned to either the probiotic or placebo group. Each group received either unlabeled placebo or probiotic capsules for 12 weeks. Body weight, waist circumference, and body composition were measured every 3 weeks. Using computed tomography, total abdominal fat area and visceral fat area were measured. Blood and fecal samples were collected before and after the intervention for biochemical parameters and gut microbial compositions analysis.; Gut microbial compositions of all the subjects were classified into two enterotypes according to Prevotella/Bacteroides ratio. The fat percentage, blood glucose, and insulin significantly increased in the Prevotella-rich enterotype of the placebo group. The obesity-related markers, such as waist circumference, total fat area, visceral fat, and ratio of visceral to subcutaneous fat area, were significantly reduced in the probiotic group. The decrease of obesity-related markers was greater in the Prevotella-rich enterotype than in the Bacteroides-rich enterotype.; Administration of probiotics improved obesity-related markers in obese people, and the efficacy of probiotics differed per gut microbial enterotype and greater responses were observed in the Prevotella-dominant enterotype.",Journal Article,,,,,,,ok
PMID:33113929,PubMed,33113929,https://pubmed.ncbi.nlm.nih.gov/33113929/,The Role of Dietary Fibre in Modulating Gut Microbiota Dysbiosis in Patients with Type 2 Diabetes: A Systematic Review and Meta-Analysis of Randomised Controlled Trials.,"The prevalence of type 2 diabetes is on the increase worldwide, and it represents about 90% of adults who are diagnosed with diabetes. Overweight and obesity, lifestyle, genetic predisposition and gut microbiota dysbiosis have been implicated as possible risk factors in the development of type 2 diabetes. In particular, low intake of dietary fibre and consumption of foods high in fat and sugar, which are common in western lifestyle, have been reported to contribute to the depletion of specific bacterial taxa. Therefore, it is possible that intake of high dietary fibre may alter the environment in the gut and provide the needed substrate for microbial bloom.; The current review is a systematic review and meta-analysis which evaluated the role of dietary fibre in modulating gut microbiota dysbiosis in patients with type 2 diabetes.; This is a systematic review and meta-analysis of randomised controlled trials which relied on the Preferred Reporting Items for Systematic Reviews and Meta-Analyses (PRISMA) framework. Electronic searches were conducted using EBSCOHost with links to Health Sciences Research Databases, EMBASE and Google Scholar. The reference lists of articles were also searched for relevant studies. Searches were conducted from date of commencement of the database to 5 August 2020. The search strategy was based on the Population, Intervention, Comparator, Outcomes, Studies (PICOS) framework and involved the use of synonyms and medical subject headings (MesH). Search terms were combined with Boolean operators (OR/AND).; Nine studies which met the inclusion criteria were selected for the systematic review and meta-analysis, and four distinct areas were identified: the effect of dietary fibre on gut microbiota; the role of dietary fibre on short-chain fatty acids (SCFAs); glycaemic control; and adverse events. There was significant difference (p < 0.01) in the relative abundance of Bifidobacterium with a mean difference of 0.72 (95% CI, 0.56, 0.89) between the dietary fibre group compared with placebo. In relation to the meta-analysis for SCFAs, while there was significant difference (p = 0.02) between the dietary fibre group and placebo with a standardised mean difference of 0.5 (95% CI, 0.08, 0.91) regarding total SCFAs, the differences were not significant (p > 0.05) in relation to acetic acid, propionic acid and butyric acid. There was only significant improvement (p = 0.002) with respect to glycated haemoglobin with a mean difference of -0.18 (95% CI, -0.29, -0.06) between the dietary fibre group and placebo group. Differences between the two groups were not significant (p > 0.05) in relation to fasting blood glucose and homeostatic model assessment of insulin resistance (HOMA-IR). Furthermore, there were no significant differences between the two groups in subjects who reported adverse events. It is possible that the promotion of SCFA producers in greater diversity and abundance by dietary fibre in this review led to improvement in glycated haemoglobin, partly due to increased glucagon-like peptide-1 (GLP-1) production. In addition, Bifidobacterium lactis has been reported to increase glycogen synthesis, decrease expression of hepatic gluconeogenesis genes, improve translocation of glucose transport-4 and promote glucose uptake. It is also possible that the reduction in body weight of participants in the intervention group compared with control may have contributed to the observed improvement in glycated haemoglobin.; This systematic review and meta-analysis have demonstrated that dietary fibre can significantly improve (p < 0.05) the relative abundance of Bifidobacterium, total SCFAs and glycated haemoglobin. However, dietary fibre did not appear to have significant effect (p > 0.05) on fasting blood glucose, HOMA-IR, acetic acid, propionic acid, butyric acid and adverse events.",Journal Article; Meta-Analysis; Systematic Review,,,,,,,ok
PMID:30641692,PubMed,30641692,https://pubmed.ncbi.nlm.nih.gov/30641692/,The effect of probiotic supplementation on glycemic control and lipid profile in patients with type 2 diabetes: A randomized placebo controlled trial.,"The role of gut microbiota in the pathogenesis of diabetes is increasing; this study investigates the effect of multi-strain probiotics on fasting plasma glucose (FPG), plasma insulin and lipid profile among patients.; This randomized double blind controlled trial was performed among 60 patients; individuals were randomly assigned into 2 groups of 30 participants in order to take either probiotic supplements or placebo for 6 weeks. The probiotic supplement consisted of 7 viable strains Lactobacillus, Bifidobacterium and Streptococcus. Nutrient intakes were estimated using a 3-day and 24 hour-dietary recall at the beginning and end of study. Fasting blood samples were taken before and after intervention to measure the levels of FPG, plasma insulin and lipid profiles.; Within group comparisons showed significant decrease and increase in the levels of FPG (P = 0.001) and HDL-C (P = 0.002) in probiotic group, respectively. No significant alterations were observed for within and between group comparisons in the levels of insulin, triglycerides, total cholesterol, insulin resistance and anthropometric measurements, including weight, waist circumference and body mass index (all P > 0.05).; This study showed a significant decrease in FPG level by multi-strain probiotic supplements in within group comparison; though, further studies are needed to confirm results. (IRCT Code: IRCT2013100714925N1).",Journal Article; Randomized Controlled Trial,,,,,,,ok
PMID:30928918,PubMed,30928918,https://pubmed.ncbi.nlm.nih.gov/30928918/,"Impact of bacterial probiotics on obesity, diabetes and non-alcoholic fatty liver disease related variables: a systematic review and meta-analysis of randomised controlled trials.","To systematically review the effect of oral intake of bacterial probiotics on 15 variables related to obesity, diabetes and non-alcoholic fatty liver disease.; Systematic review and meta-analysis.; Medline, EMBASE and COCHRANE from 1990 to June 2018.; Randomised controlled trials (≥14 days) excluding hypercholesterolaemia, alcoholic liver disease, polycystic ovary syndrome and children <3 years.; One hundred and five articles met inclusion criteria, representing 6826 subjects. In overweight but not obese subjects, probiotics induced improvements in: body weight (k=25 trials, d=-0.94 kg mean difference, 95% CI -1.17 to -0.70, I²=0.0%), body mass index (k=32, d=-0.55 kg/m², 95% CI -0.86 to -0.23, I²=91.9%), waist circumference (k=13, d=-1.31 cm, 95% CI -1.79 to -0.83, I²=14.5%), body fat mass (k=11, d=-0.96 kg, 95% CI -1.21 to -0.71, I²=0.0%) and visceral adipose tissue mass (k=5, d=-6.30 cm², 95% CI -9.05 to -3.56, I²=0.0%). In type 2 diabetics, probiotics reduced fasting glucose (k=19, d=-0.66 mmol/L, 95% CI -1.00 to -0.31, I²=27.7%), glycated haemoglobin (k=13, d=-0.28 pp, 95% CI -0.46 to -0.11, I²=54.1%), insulin (k=13, d=-1.66 mU/L, 95% CI -2.70 to -0.61, I²=37.8%) and homeostatic model of insulin resistance (k=10, d=-1.05 pp, 95% CI -1.48 to -0.61, I²=18.2%). In subjects with fatty liver diseases, probiotics reduced alanine (k=12, d=-10.2 U/L, 95% CI -14.3 to -6.0, I²=93.50%) and aspartate aminotransferases (k=10, d=-9.9 U/L, 95% CI -14.1 to -5.8, I²=96.1%). These improvements were mostly observed with bifidobacteria (Bifidobacterium breve, B. longum), Streptococcus salivarius subsp. thermophilus and lactobacilli (Lactobacillus acidophilus, L. casei, L. delbrueckii) containing mixtures and influenced by trials conducted in one country.; The intake of probiotics resulted in minor but consistent improvements in several metabolic risk factors in subjects with metabolic diseases.; CRD42016033273.","Journal Article; Meta-Analysis; Research Support, Non-U.S. Gov't; Systematic Review",,,,,,,ok
PMID:31358022,PubMed,31358022,https://pubmed.ncbi.nlm.nih.gov/31358022/,"Food 4 Health - He Oranga Kai: Assessing the efficacy, acceptability and economic implications of Lactobacillus rhamnosus HN001 and β-glucan to improve glycated haemoglobin, metabolic health, and general well-being in adults with pre-diabetes: study protocol for a 2 × 2 factorial design, parallel group, placebo-controlled randomized controlled trial, with embedded qualitative study and economic analysis.","The rates of pre-diabetes and type 2 diabetes mellitus are increasing worldwide, producing significant burdens for individuals, families, and healthcare systems. In New Zealand, type 2 diabetes mellitus and pre-diabetes disproportionally affect Māori, Pacific, and South Asian peoples. This research evaluates the efficacy, acceptability, and economic impact of a probiotic capsule and a prebiotic cereal intervention in adults with pre-diabetes on metabolic and mental health and well-being outcomes.; Eligible adults (n = 152) aged 18-80 years with pre-diabetes (glycated haemoglobin 41-49 mmol/mol) will be enrolled in a 2 × 2 factorial design, randomised, parallel-group, placebo-controlled trial. Computer-generated block randomization will be performed independently. Interventions are capsulated Lactobacillus rhamnosus HN001 (6 × 109 colony-forming units/day) (A) and cereal containing 4 g β-glucan (B), placebo capsules (O1), and calorie-matched control cereal (O2). Eligible participants will receive 6 months intervention in the following groups: AB, AO1, BO2, and O1O2. The primary outcome is glycated haemoglobin after 6 months. Follow-up at 9 months will assess the durability of response. Secondary outcomes are glycated haemoglobin after 3 and 9 months, fasting glucose, insulin resistance, blood pressure, body weight, body mass index, and blood lipid levels. General well-being and quality of life will be measured by the Short-Form Health Survey 36 and Depression Anxiety Stress Scale 21 at 6 and 9 months. Outcome assessors will be blind to capsule allocation. An accompanying qualitative study will include 24 face-to-face semistructured interviews with an ethnically balanced sample from the β-glucan arms at 2 months, participant focus groups at 6 months, and three health professional focus groups. These will explore how interventions are adopted, their acceptability, and elicit factors that may support the uptake of interventions. A simulation model of the pre-diabetic New Zealand population will be used to estimate the likely impact in quality-adjusted life years and health system costs of the interventions if rolled out in New Zealand.; This study will examine the efficacy of interventions in a population with pre-diabetes. Qualitative components provide rich description of views on the interventions. When combined with the economic analysis, the study will provide insights into how to translate the interventions into practice.; Australian New Zealand Clinical Trials Registry, ACTRN12617000990325. Prospectively registered on 10 July 2017.",Clinical Trial Protocol; Journal Article,,,,,,,ok
NCT:NCT03630588,ClinicalTrials.gov,NCT03630588,https://clinicaltrials.gov/study/NCT03630588,Effect of the Consumption of an Enriched Surimi in Abdominal Visceral Adiposity,,,Surimi intervention; Placebo,120,PHASE2,Changes in abdominal visceral fat (measured in mm2),"Changes in parameters of body composition (weight, measured in kg); Changes in parameters of body composition (height, measured in meters); Changes in parameters of body composition (BMI); Changes in parameters of body composition (waist circumference, measured in centimeters); Changes in blood pressure (measured in mmHg); Changes in plasmatic parameters (glucose, total cholesterol, LDL and HDL cholesterol, triglycerides, non-esterified fatty acids, Apo B100, Apo A1 and Insulin, measured in mg/dL)",Placebo; Surimi intervention,ok
PMID:29661605,PubMed,29661605,https://pubmed.ncbi.nlm.nih.gov/29661605/,Effect of alive probiotic on insulin resistance in type 2 diabetes patients: Randomized clinical trial.,"Probiotics have beneficial effect on obesity related disorders in animal models. Despite a large number of animal data, randomized placebo-controlled trials (RCT) concluded that probiotics have a moderate effect on glycemic control-related parameters. However, effect of probiotics on insulin resistance are inconsistent.; In a double-blind single center RCT, effect of alive multistrain probiotic vs. placebo on insulin resistance in type 2 diabetes patient were assessed.; A total of 53 patients met the criteria for inclusion. They were randomly assigned to receive multiprobiotic ""Symbiter"" (concentrated biomass of 14 probiotic bacteria genera Bifidobacterium, Lactobacillus, Lactococcus, Propionibacterium) or placebo for 8-weeks administered as a sachet formulation. The primary main outcome was the change HOMA-IR (homeostasis model assessment-estimated insulin resistance) which calculated using Matthews et al.'s equation. Secondary outcomes were the changes in glycemic control-related parameters, anthropomorphic variables and cytokines.; Supplementation with alive multiprobiotic for 8 weeks was associated with significant reduction of HOMA-IR from 6.85 ± 0.76 to 5.13 ± 0.49 (p = 0.047), but remained static in the placebo group. With respect to our secondary outcomes, HbA1c insignificant decreased by 0.09% (p = 0.383) and 0.24% (p = 0.068) respectively in placebo and probiotics groups. However, in probiotic responders (n = 22, patient with decrease in HOMA-IR) after supplementation a significant reduction in HbA1c by 0.39% (p = 0.022) as compared to non-responders was observed. In addition, from markers of chronic systemic inflammatory state only TNF-α and IL-1β changes significantly after treatment with probiotics.; Probiotic therapies modestly improved insulin resistance in patients with type 2 diabetes.",Journal Article; Randomized Controlled Trial,,,,,,,ok
PMID:27126957,PubMed,27126957,https://pubmed.ncbi.nlm.nih.gov/27126957/,Beneficial effects of Bifidobacterium lactis on lipid profile and cytokines in patients with metabolic syndrome: A randomized trial. Effects of probiotics on metabolic syndrome.,"Human studies have shown the beneficial effects of probiotic microorganisms on the parameters of metabolic syndrome (MetS) and other cardiovascular risks, but to our knowledge the effect of Bifidobacterium lactis has not yet been reported. The aim of this study was to evaluate the effect of consumption of milk containing the probiotic B. lactis HN019 on the classical parameters of MetS and other related cardiovascular risk factors.; Fifty-one patients with MetS were selected and divided into a control group (n = 25) and a probiotic group (n = 26). The probiotic group consumed fermented milk with probiotics over the course of 45 d. The effects of B. lactis on lipid profile, glucose metabolism, and proinflammatory cytokines (tumor necrosis factor-α and interleukin-6) were assessed in blood samples of the individuals at the baseline and after 45 d.; Daily ingestion of 80 mL fermented milk with 2.72 × 10(10) colony-forming units of B. lactis HN019 showed significant reduction in body mass index (P = 0.017), total cholesterol (P = 0.009), and low-density lipoprotein (P = 0.008) compared with baseline and control group values. Furthermore, a significant decrease in tumor necrosis factor-α (P = 0.033) and interleukin-6 (P = 0.044) proinflammatory cytokines was observed.; These data showed potential effects of B. lactis HN019 in reducing obesity, blood lipids, and some inflammatory markers, which may reduce cardiovascular risk in patients with MetS.",Journal Article; Randomized Controlled Trial,,,,,,,ok
NCT:NCT02288572,ClinicalTrials.gov,NCT02288572,https://clinicaltrials.gov/study/NCT02288572,Probiotic Bacteria in Prevention of the Metabolic Syndrome,,,Lactobacillus plantarum PCS 26; Placebo,16,PHASE2,Serum lipids concentrations after daily consumption of dietary supplement in patients with the metabolic syndrome,Measures of body composition after daily consumption of dietary supplement in patients with the metabolic syndrome,Lactobacillus plantarum PCS 26; Placebo,ok
PMID:22872030,PubMed,22872030,https://pubmed.ncbi.nlm.nih.gov/22872030/,"The influence of probiotic supplementation on gut permeability in patients with metabolic syndrome: an open label, randomized pilot study.","Obesity and metabolic disorders are linked to inflammation via gut microbiota and/or gut permeability. Gut-derived endotoxin triggers inflammation leading to metabolic syndrome (MetS) and contributing to oxidative stress. We intended to investigate the effect of Lactobacillus casei Shirota on gut permeability, presence of endotoxin and neutrophil function in MetS.; Patients with MetS were randomized to receive 3 × 6.5 × 10⁹ CFU L. casei Shirota (probiotic group) or not for 3 months. Gut permeability was assessed by a differential sugar absorption method and by determination of diaminooxidase serum levels, endotoxin by an adapted limulus amoebocyte lysate assay, neutrophil function and toll-like receptor (TLR) expression by flow cytometry and ELISA was used to detect lipopolysaccharide-binding protein (LBP) and soluble CD14 (sCD14) levels.; Twenty-eight patients and 10 healthy controls were included. Gut permeability was significantly increased in MetS compared with controls but did not differ between patient groups. None of the patients were positive for endotoxin. LBP and sCD14 levels were not significantly different from healthy controls. High-sensitive C-reactive protein and LBP levels slightly but significantly increased after 3 months within the probiotics group. Neutrophil function and TLR expression did not differ from healthy controls or within the patient groups.; Gut permeability of MetS patients was increased significantly compared with healthy controls. L. casei Shirota administration in the MetS patients did not have any influence on any parameter tested possibly due to too-short study duration or underdosing of L. casei Shirota.","Journal Article; Randomized Controlled Trial; Research Support, Non-U.S. Gov't",,,,,,,ok
EUROPEPMC:42044114,PubMed,42044114,https://europepmc.org/article/MED/42044114,"Dietary phytochemical index is associated with systemic inflammation, insulin resistance, and gut microbiota-derived metabolites in individuals with obesity: A cross-sectional study.","Obesity is linked to chronic inflammation, insulin resistance, and gut microbiota dysbiosis, partly via TMAO. This study investigates associations between dietary patterns, as indexed by the Dietary Phytochemical Index (DPI), with insulin resistance, inflammatory markers, and TMAO.; In this cross-sectional study, 600 adults with obesity (BMI ≥ 30 kg/m²) without diagnosed comorbidities were evaluated. Dietary intake was assessed using a validated 110-item FFQ, and the DPI was computed. Fasting blood samples were analyzed for glucose, insulin, HOMA-IR, lipid profile, CRP, IL-6, TNF-α, LBP, adiponectin, and TMAO. Multivariable regression and mediation analyses were performed.; Participants in the highest DPI quartile exhibited lower mean BMI, waist circumference, and fat mass compared to those in the lowest quartile. They also had lower fasting plasma glucose (4.52 ± 0.06 mmol/L vs. 5.92 ± 0.24 mmol/L; P < 0.001), lower insulin concentrations (65.6 ± 2.4 pmol/L vs. 120.4 ± 18.0 pmol/L; P < 0.001), and lower HOMA-IR values (1.90 ± 0.09 vs. 4.59 ± 0.82; P < 0.001). Higher DPI was associated with lower concentrations of CRP, TNF-α, and TMAO, and higher concentrations of adiponectin and HDL-C (all P < 0.001).; Higher DPI was associated with lower systemic inflammation and better insulin sensitivity. These findings highlight the potential role of phytochemical-rich diets in supporting insulin resistance and metabolic disturbances among obese adults; however, prospective randomized controlled trials are required to confirm these associations and establish causality.",Journal Article,,,,,,,ok
EUROPEPMC:38744950,PubMed,38744950,https://europepmc.org/article/MED/38744950,"Effect of weight loss program using prebiotics and probiotics on body composition, physique, and metabolic products: longitudinal intervention study.","The relationship between gut microbiota and obesity has recently been an important subject for research as the gut microbiota is thought to affect body homeostasis including body weight and composition, intervening with pro and prebiotics is an intelligent possible way for obesity management. To evaluate the effect of hypo caloric adequate fiber regimen with probiotic supplementation and physical exercise, whether it will have a good impact on health, body composition, and physique among obese Egyptian women or has no significant effect. The enrolled 58 women, in this longitudinal follow-up intervention study; followed a weight loss eating regimen (prebiotic), including a low-carbohydrate adequate-fiber adequate-protein dietary pattern with decreased energy intake. They additionally received daily probiotic supplements in the form of yogurt and were instructed to exercise regularly for 3 months. Anthropometric measurements, body composition, laboratory investigations, and microbiota analysis were obtained before and after the 3 months weight loss program. Statistically highly significant differences in the anthropometry, body composition parameters: and obesity-related biomarkers (Leptin, ALT, and AST) between the pre and post-follow-up measurements at the end of the study as they were all decreased. The prebiotic and probiotic supplementation induced statistically highly significant alterations in the composition of the gut microbiota with increased relative abundance of Lactobacillus, Bifidobacteria, and Bacteroidetes and decreased relative abundance of Firmicutes and Firmicutes/Bacteroidetes Ratio. Hypo caloric adequate fiber regimen diet with probiotics positively impacts body composition and is effective for weight loss normalizing serum Leptin and AST.",Journal Article,,,,,,,ok
EUROPEPMC:39290267,PubMed,39290267,https://europepmc.org/article/MED/39290267,The complex link between the gut microbiome and obesity-associated metabolic disorders: Mechanisms and therapeutic opportunities.,Microbial interactions are widespread and important processes that support the link between disease and microbial ecology. The gut microbiota is a major source of microbial stimuli that can have detrimental or beneficial effects on human health. It is also an endocrine organ that maintains energy homeostasis and host immunity. Obesity is a highly and increasingly prevalent metabolic disease and the leading cause of preventable death worldwide. An imbalance in the gut microbiome is associated with several diseases including obesity-related metabolic disorders. This review summarizes the complex association between the gut microbiome and obesity-associated metabolic diseases and validates the role and mechanisms of ecological dysregulation in the gut in obesity-associated metabolic disorders. Therapies that could potentially alleviate obesity-associated metabolic diseases by modulating the gut microbiota are discussed.,Journal Article; Review,,,,,,,ok
PMID:31886746,PubMed,31886746,https://pubmed.ncbi.nlm.nih.gov/31886746/,The Effect of Prebiotic Products on Decreasing Adiposity Parameters in Overweight and Obese Individuals: A Systematic Review and Meta- Analysis.,"Prebiotics are substrates selectively utilized by host microorganisms to confer health benefits. The potential of prebiotics to decrease body weight in overweight/obese individuals was suggested by some clinical and animal studies. However, these studies were based on relatively small sample sizes and the precise effects of prebiotic products have not yet been evaluated. Therefore, the present meta-analysis of Randomized Controlled Trials (RCTs) was designed to comprehensively assess the effects of prebiotic products on overweight and obese individuals.; PubMed, EMBASE and Cochrane Library were searched to identify RCT investigating the effects of prebiotic products on overweight and obese individuals. We calculated the pooled weighted mean difference (WMD) to assess the effects of prebiotic products on Body Mass Index (BMI), body weight, fat mass and inflammatory biomarkers.; Twelve RCTs with a total of 535 overweight and obese individuals were enrolled. Compared with placebo, prebiotic products decreased C reactive protein (WMD, -1.06 mg/L; 95%CI, -1.72 to - 0.40; p=0.002), tumour necrosis factor-α(WMD, -0.64 pg/mL; 95%CI, -1.11 to -0.18; p=0.006) and other inflammatory markers, such as interleukin-1β，lipopolysaccharide (p<0.05); whereas no reductions in BMI (WMD, -0.20 kg/m2; 95%CI, -0.58 to 0.19; p=0.32), body weight (WMD, -0.51 kg; 95%CI, -1.18 to 0.16; p=0.14) and fat mass (WMD, 0.11 kg; 95%CI, -0.04 to 0.25; p=0.15) were observed.; In the present analysis, comprehensive evidence suggested that prebiotic products did not decrease adiposity parameters (BMI, body weight and body fat mass), but they could decrease the levels of systemic inflammatory biomarkers, implying adherence to prebiotic products might be a promising complementary approach to managing inflammatory states in overweight and obese individuals.",Meta-Analysis; Systematic Review; Journal Article,,,,,,,ok
PMID:26599039,PubMed,26599039,https://pubmed.ncbi.nlm.nih.gov/26599039/,Red wine polyphenols modulate fecal microbiota and reduce markers of the metabolic syndrome in obese patients.,"This study evaluated the possible prebiotic effect of a moderate intake of red wine polyphenols on the modulation of the gut microbiota composition and the improvement in the risk factors for the metabolic syndrome in obese patients. Ten metabolic syndrome patients and ten healthy subjects were included in a randomized, crossover, controlled intervention study. After a washout period, the subjects consumed red wine and de-alcoholized red wine over a 30 day period for each. The dominant bacterial composition did not differ significantly between the study groups after the two red wine intake periods. In the metabolic syndrome patients, red wine polyphenols significantly increased the number of fecal bifidobacteria and Lactobacillus (intestinal barrier protectors) and butyrate-producing bacteria (Faecalibacterium prausnitzii and Roseburia) at the expense of less desirable groups of bacteria such as LPS producers (Escherichia coli and Enterobacter cloacae). The changes in gut microbiota in these patients could be responsible for the improvement in the metabolic syndrome markers. Modulation of the gut microbiota by using red wine could be an effective strategy for managing metabolic diseases associated with obesity.","Journal Article; Randomized Controlled Trial; Research Support, Non-U.S. Gov't",,,,,,,ok
EUROPEPMC:40431370,PubMed,40431370,https://europepmc.org/article/MED/40431370,The Role of Nutraceuticals and Probiotics in Addition to Lifestyle Intervention in the Management of Childhood Obesity-Part 1: Metabolic Changes.,"Childhood obesity is a growing global health issue. Its rising prevalence is linked to genetic, environmental, and lifestyle factors. Obesity in children could lead to different comorbidities and complications with an increased risk of metabolic disorders, such as insulin resistance, dyslipidemia, type 2 diabetes mellitus (T2DM), and metabolic dysfunction-associated steatotic liver disease (MASLD). First-line treatment involves dietary modifications and lifestyle changes; however, adherence is often poor and remains a significant challenge. Pharmacotherapy, while a potential option, has limitations in availability and can cause side effects, leading to growing interest in alternative treatments, such as nutraceutical compounds. Derived from natural sources, these compounds have different anti-inflammatory, antiallergic, antioxidant, antibacterial, antifungal, neuroprotective, antiaging, antitumor, insulin-sensitizing, glucose, and lipid-lowering effects. This review describes commonly used nutraceutical compounds, such as omega-3 fatty acids, vitamin D, polyphenols (such as resveratrol and curcumin), berberine, white mulberry leaves and others, and pre- and probiotics in the management of obesity, evaluating the evidence on their mechanisms of action and efficacy in metabolic comorbidities. The evidence suggests that the integration of nutraceuticals into the diet may positively influence body mass index, glucose metabolism, lipid profiles, and gut microbiota composition and reduce inflammation in obese individuals. These effects may provide future practical guidance for clinical practice, contribute to metabolic health improvement, and potentially prevent obesity-related complications. In this first part, we discuss the effects of nutraceutical compounds on insulin sensitivity and insulin resistance, T2DM, dyslipidemia, and MASLD in addition to diet and lifestyle interventions.",Journal Article; Review,,,,,,,ok
EUROPEPMC:40904889,PubMed,40904889,https://europepmc.org/article/MED/40904889,From gut microbial ecology to lipid homeostasis: Decoding the role of gut microbiota in dyslipidemia pathogenesis and intervention.,"Dyslipidemia, a complex disorder characterized by systemic lipid profile abnormalities, affects more than half of adults globally and constitutes a major modifiable risk factor for atherosclerotic cardiovascular disease. Mounting evidence has established the gut microbiota (GM) as a pivotal metabolic modulator that is correlated with atherogenic lipid profiles through dietary biotransformation, immunometabolic regulation, and bioactive metabolite signaling. However, the host-microbe interactions that drive dyslipidemia pathogenesis involve complex gene-environment crosstalk spanning epigenetic modifications to circadian entrainment. Mechanistically, GM perturbations disrupt lipid homeostasis via lipopolysaccharide-triggered hepatic very low-density lipoprotein overproduction, short-chain fatty acid-G protein-coupled receptor 43/41-mediated adipocyte lipolysis, bile acid-farnesoid X receptor/Takeda G protein-coupled receptor 5 axis dysfunction altering cholesterol flux, microbial β-oxidation intermediates impairing mitochondrial energetics, and host-microbiota non-coding RNA crosstalk regulating lipogenic genes. This comprehensive review systematically examines three critical dimensions, including bidirectional GM-lipid axis interactions, molecular cascades bridging microbial ecology to metabolic dysfunction, and translational applications of GM modulation through precision probiotics, structure-specific prebiotics, and a metabolically optimized fecal microbiota transplantation protocol. Notwithstanding these advances, critical gaps persist in establishing causal microbial taxa-pathway relationships and optimal intervention timing. Future directions require longitudinal multi-omic studies, gnotobiotic models for mechanistic validation, and machine learning-driven personalized microbiota profiling. This synthesis provides a framework for developing microbiota-centric strategies targeting dyslipidemia pathophysiology, with implications for precision dyslipidemia management and next-generation cardiovascular disease prevention.",Journal Article; Review,,,,,,,ok
EUROPEPMC:41299785,PubMed,41299785,https://europepmc.org/article/MED/41299785,Association of the dietary index for gut microbiota with metabolic syndrome and its components combining interpretable machine learning algorithms.,"Previous studies have emphasized the critical role of diet and gut microbiome in Metabolic syndrome (MetS). The dietary index for gut microbiota (DI-GM) represents a novel dietary index that effectively reflects the diversity of gut microbiota; nevertheless, its applicability to MetS and its components remains unknown.; For this study, we enrolled 19,702 individuals from NHANES 2007-2020. DI-GM comprises dietary information of 14 dietary components, including 10 beneficial and 4 unfavorable ones. Weighted logistic regressions evaluated associations of DI-GM with MetS and its components, whereas weighted linear regression analyzed its association with 6 MetS-related biochemical indicators. Modified Poisson regression, sensitivity analyses after multiple imputation and subgroup analyses ensured robustness. Restricted cubic spline (RCS) analysis explored whether a non-linear relationship exists. Nine machine-learning models were developed for MetS prediction, and six discrimination characteristics selected the optimal model. SHapley Additive exPlanations (SHAP) was utilized to interpret the contributions of variables for model decision-making capacity.; After fully adjusting for confounders, the DI-GM score exhibited a noticeable negative correlation with the prevalence of MetS (OR: 0.95, 95% CI: 0.93-0.97, P-value < 0.001), along with elevated waist circumference (OR: 0.91, 95% CI: 0.88-0.94, P-value < 0.001), elevated blood pressure (OR: 0.95, 95% CI: 0.93-0.98, P-value < 0.001), reduced high-density lipoprotein (OR: 0.95, 95% CI: 0.93-0.98, P-value < 0.001) and elevated fasting blood glucose (OR: 0.94, 95% CI: 0.90-0.98, P-value = 0.002). RCS exhibited a significant inverse association of DI-GM with MetS for non-linear relationship when met the score of 5. Subgroup analysis demonstrated that the association remained stable and consistent across the majority of the subgroups. XGboost presented superior performance and SHAP analysis revealed that higher DI-GM exhibited considerable inverse influence, ranking after ""BMI ≥ 30"", ""Age"", ""Race-Non-Hispanic Black"" and ""CKD-Yes"".; Our study presents compelling evidence that higher scores of the DI-GM are associated with a lower prevalence of Mets and its components. Dietary strategies that incorporate the DI-GM score could contribute to the harmonious ecological state of the gut microbiome and be crucial in the prevention of MetS.","Journal Article; Research Support, Non-U.S. Gov't",,,,,,,ok
EUROPEPMC:38903852,PubMed,38903852,https://europepmc.org/article/MED/38903852,Use of probiotics in preventing and treating excess weight and obesity. A systematic review.,"The prevalence of excess weight and obesity is increasing in an extremely concerning manner worldwide, with highly diverse therapies for current treatment. This review evaluated the scientific evidence of the past 10 years on the use of probiotics in treating excess weight and obesity in the absence of dieting.; A systematic review was conducted by searching for clinical trials on humans published in English in the PubMed, Scopus and Cochrane Central databases, using the combination of keywords ""Overweight"", ""Probiotics"" and ""Obesity"", and published between 2012 and 2022.; Six published studies met the inclusion criteria. The review showed that, although there is a lack of consensus in the literature, the use of probiotics in the absence of dieting produced a significant reduction in body weight and body mass index in 66.6% of the reviewed studies, a significant reduction in waist circumference in 80.0% of the reviewed studies, and an improvement in total body fat mass and waist circumference.; This review showed evidence of a trend in preventing body weight gain and reducing weight through the use of probiotics in individuals with excess weight or obesity. A combination of various strains of the genera Bifidobacterium and Lactobacillus was the most effective.",Journal Article,,,,,,,ok
PMID:39458486,PubMed,39458486,https://pubmed.ncbi.nlm.nih.gov/39458486/,Microbiota Transplantation in Individuals with Type 2 Diabetes and a High Degree of Insulin Resistance.,"The objective of this study was to determine the results of fecal microbiota transplantation (FMT) from healthy lean subjects in patients with type 2 diabetes (T2D); Methods: We designed a phase II, randomized, single-blind, parallel-arm clinical trial. Twenty-one subjects (12 men [57.1%] and 9 women [42.9%]), who had previously signed an informed consent were randomized to FMT from lean donors, a probiotic (Lactobacillus delbrueckii spp. bulgaricus LB-14), or placebo. Mean age at baseline was 62.5 ± 5.8 years and mean body mass index (BMI) at baseline was approximately 32.4 ± 2.4 kg/m2. Anthropometric measures, biochemical variables, oral glucose tolerance test (OGTT), and a stool microbiota analysis were performed (baseline, 4 and 12 weeks). The trial was conducted following the Declaration of Helsinki, Good Clinical Practice Guides (CPMP/ICH/135/95) and the current Spanish legislation regarding clinical trials (RD 223/2004).; Results: FMT changes occurred at the expense of the species found in the donor. No differences in weight, body mass index, HbA1c, or the results of the OGTT for glucose and insulin were found between groups after the intervention, although a decrease in uric acid was observed in the probiotic group (-0.5 mg/dL; p = 0.037) and a mild increase in HbA1c in the FMT group (+0.25%; p = 0.041); Conclusions: In our sample, neither FMT from healthy and lean donors nor a probiotic were effective in improving insulin sensitivity and HbA1c in patients with T2D.","Journal Article; Randomized Controlled Trial; Clinical Trial, Phase II",,,,,,,ok
EUROPEPMC:37474971,PubMed,37474971,https://europepmc.org/article/MED/37474971,Effects of synbiotic supplementation on intestinal microbiota composition in children and adolescents with exogenous obesity: (Probesity-2 trial).,"Gut microbiota manipulation may be a potential therapeutic target to reduce host energy storage. There is limited information about the effects of probiotics/synbiotics on intestinal microbiota composition in children and adolescents with obesity. The objective of this randomized double-blind placebo-controlled trial was to test the effects of a multispecies synbiotic on intestinal microbiota composition in children and adolescents with exogenous obesity.; Children with exogenous obesity were managed with a standard diet and increased physical activity and were randomly allocated into two groups at a ratio of 1:1; the 1st group received synbiotic supplementation (probiotic mixture including Lactobacillus acidophilus, Lacticaseibacillus. rhamnosus, Bifidobacterium bifidum, Bifidobacterium longum, Enterococcus faecium (total 2.5 × 109 CFU/sachet) and fructo-oligosaccharides (FOS; 625 mg/sachet) for 12 weeks; the 2nd group received placebo once daily for 12 weeks. Fecal samples were obtained before and at the end of the 12-week intervention to characterize the changes in the gut microbiota composition. Detailed metagenomic and bioinformatics analyses were performed.; Before the intervention, there were no significant differences in alpha diversity indicators between the synbiotic and placebo groups. After 12 weeks of intervention, the observed taxonomic units and Chao 1 were lower in the synbiotic group than at baseline (p < 0.001 for both). No difference for alpha diversity indicators was observed in the placebo group between baseline and 12 weeks of intervention. At the phylum level, the intestinal microbiota composition of the study groups was similar at baseline. The major phyla in the synbiotic group were Firmicutes (66.7%) and Bacteroidetes (18.8%). In the synbiotic group, the Bacteroidetes phylum was higher after 12 weeks than at baseline (24.0% vs. 18.8%, p < 0.01). In the synbiotic group, the Firmicutes/Bacteroidetes ratio was 3.54 at baseline and 2.75 at 12 weeks of intervention (p < 0.05). In the placebo group, the Firmicutes/Bacteroidetes ratio was 4.70 at baseline and 3.54 at 12 weeks of intervention (p < 0.05). After 12 weeks of intervention, the Firmicutes/Bacteroidetes ratio was also lower in the synbiotic group than in the placebo group (p < 0.05). In the synbiotic group, compared with the baseline, we observed a statistically significant increase in the genera Prevotella (5.28-14.4%, p < 0.001) and Dialister (9.68-13.4%; p < 0.05). Compared to baseline, we observed a statistically significant increase in the genera Prevotella (6.4-12.4%, p < 0.01) and Oscillospira (4.95% vs. 5.70%, p < 0.001) in the placebo group. In the synbiotic group, at the end of the intervention, an increase in Prevotella, Coprococcus, Lachnospiraceae (at the genus level) and Prevotella copri, Coprococcus eutactus, Ruminococcus spp. at the species level compared to baseline (predominance of Eubacterium dolichum, Lactobacillus ruminis, Clostridium ramosum, Bulleidia moorei) was observed. At the end of the 12th week of the study, when the synbiotic and placebo groups were compared, Bacteroides eggerthi species were dominant in the placebo group, while Collinsella stercoris species were dominant in the synbiotic group.; This study is the first pediatric obesity study to show that a synbiotic treatment is associated with both changes intestinal microbiota composition and decreases in BMI. Trial identifier: NCT05162209 (www.; gov).",Journal Article,,,,,,,ok
EUROPEPMC:36530587,PubMed,36530587,https://europepmc.org/article/MED/36530587,Microbiome-Targeted Therapies as an Adjunct to Traditional Weight Loss Interventions: A Systematic Review and Meta-Analysis.,"This study evaluated the effect of microbiome-targeted therapies (pre-, pro-, and synbiotics) on weight loss and other anthropometric outcomes when delivered as an adjunct to traditional weight loss interventions in overweight and obese adults.; A systematic review of three databases (Medline [PubMed], Embase, and the Cochrane Central Register of Controlled Trials) was performed to identify randomized controlled trials published between January 1, 2010 and December 31, 2020, that evaluated anthropometric outcomes following microbiome-targeted supplements in combination with dietary or dietary and exercise interventions. The pooled mean difference (MD) between treatment and control groups was calculated using a random effects model.; Twenty-one trials with 1233 adult participants (76.4% female) with overweight or obesity were included. Separate meta-analyses were conducted for probiotics (n=11 trials) and synbiotics (n=10 trials) on each anthropometric outcome; prebiotics were excluded as only a single study was found. Patient characteristics and methodologies varied widely between studies. All studies incorporated some degree of caloric restriction, while only six studies included recommendations for adjunct exercise. Compared with dietary or dietary and exercise interventions only, probiotics resulted in reductions in body weight (MD: -0.73 kg; 95% confidence interval [CI]: -1.02 to -0.44, p < 0.001), fat mass (MD: -0.61 kg; 95% CI: -0.77 to -0.45; p<0.001) and waist circumference (MD: -0.53 cm; 95% CI: -0.99 to -0.07, p=0.024) while synbiotics resulted in reductions in fat mass (MD: -1.53 kg; 95% CI: -2.95 to -0.12, p=0.034) and waist circumference (MD: -1.31 cm; 95% CI: -2.05 to -0.57, p<0.001).; This analysis indicates that microbiome-targeted supplements may enhance weight loss and other obesity outcomes in adults when delivered as an adjunct to dietary or dietary and exercise interventions. Personalized therapy to include microbiome-targeted supplements may help to optimize weight loss in overweight and obese individuals.",Journal Article,,,,,,,ok
PMID:32610476,PubMed,32610476,https://pubmed.ncbi.nlm.nih.gov/32610476/,Probiotic Strains and Intervention Total Doses for Modulating Obesity-Related Microbiota Dysbiosis: A Systematic Review and Meta-analysis.,"Obesity is a growing health threat worldwide. Administration of probiotics in obesity has also parallelly increased but without any protocolization. We conducted a systematic review exploring the administration pattern of probiotic strains and effective doses for obesity-related disorders according to their capacity of positively modulating key biomarkers and microbiota dysbiosis. Manuscripts targeting probiotic strains and doses administered for obesity-related disorders in clinical studies were sought. MEDLINE, Scopus, Web of Science, and Cochrane Library databases were searched using keywords during the last fifteen years up to April 2020. Two independent reviewers screened titles, abstracts, and then full-text papers against inclusion criteria according to PRISMA (Preferred Reporting Items for Systematic Reviews and Meta-Analyses) guidelines. From 549 interventional reports identified, we filtered 171 eligible studies, from which 24 full-text assays were used for calculating intervention total doses (ITD) of specific species and strains administered. Nine of these reports were excluded in the second-step because no specific data on gut microbiota modulation was found. Six clinical trials (CT) and 9 animal clinical studies were retained for analysis of complete outcome prioritized (body mass index (BMI), adiposity parameters, glucose, and plasma lipid biomarkers, and gut hormones). Lactobacillus spp. administered were double compared to Bifidobacterium spp.; Lactobacillus as single or multispecies formulations whereas most Bifidobacteria only through multispecies supplementations. Differential factors were estimated from obese populations' vs. obesity-induced animals: ITD ratio of 2 × 106 CFU and patterns of administrations of 11.3 weeks to 5.5 weeks, respectively. Estimation of overall probiotics impact from selected CT was performed through a random-effects model to pool effect sizes. Comparisons showed a positive association between the probiotics group vs. placebo on the reduction of BMI, total cholesterol, leptin, and adiponectin. Moreover, negative estimation appeared for glucose (FPG) and CRP. While clinical trials including data for positive modulatory microbiota capacities suggested that high doses of common single and multispecies of Lactobacillus and Bifidobacterium ameliorated key obesity-related parameters, the major limitation was the high variability between studies and lack of standardized protocols. Efforts in solving this problem and searching for next-generation probiotics for obesity-related diseases would highly improve the rational use of probiotics.",Journal Article; Meta-Analysis; Systematic Review,,,,,,,ok
PMID:20876708,PubMed,20876708,https://pubmed.ncbi.nlm.nih.gov/20876708/,"Obesity, diabetes, and gut microbiota: the hygiene hypothesis expanded?","The connection between gut microbiota and energy homeostasis and inflammation and its role in the pathogenesis of obesity-related disorders are increasingly recognized. Animals models of obesity connect an altered microbiota composition to the development of obesity, insulin resistance, and diabetes in the host through several mechanisms: increased energy harvest from the diet, altered fatty acid metabolism and composition in adipose tissue and liver, modulation of gut peptide YY and glucagon-like peptide (GLP)-1 secretion, activation of the lipopolysaccharide toll-like receptor-4 axis, and modulation of intestinal barrier integrity by GLP-2. Instrumental for gut microbiota manipulation is the understanding of mechanisms regulating gut microbiota composition. Several factors shape the gut microflora during infancy: mode of delivery, type of infant feeding, hospitalization, and prematurity. Furthermore, the key importance of antibiotic use and dietary nutrient composition are increasingly recognized. The role of the Western diet in promoting an obesogenic gut microbiota is being confirmation in subjects. Following encouraging results in animals, several short-term randomized controlled trials showed the benefit of prebiotics and probiotics on insulin sensitivity, inflammatory markers, postprandial incretins, and glucose tolerance. Future research is needed to unravel the hormonal, immunomodulatory, and metabolic mechanisms underlying microbe-microbe and microbiota-host interactions and the specific genes that determine the health benefit derived from probiotics. While awaiting further randomized trials assessing long-term safety and benefits on clinical end points, a healthy lifestyle--including breast lactation, appropriate antibiotic use, and the avoidance of excessive dietary fat intake--may ensure a friendly gut microbiota and positively affect prevention and treatment of metabolic disorders.","Journal Article; Research Support, Non-U.S. Gov't; Review",,,,,,,ok
EUROPEPMC:PMC13236860,publisher supplementary data,PMC13236860,,Precision nutrition targeting the gut microbiota for weight management: mechanisms and applications,,,,,,,,,unsupported_source
EUROPEPMC:41516407,PubMed,41516407,https://europepmc.org/article/MED/41516407,Inflammation and Resolution in Obesity-Related Cardiovascular Disease.,"Obesity-associated inflammation underlies much of cardiometabolic pathology, reflecting the convergence of chronic, low-grade systemic immune activation with region-specific maladaptation of adipose depots. Among these, epicardial adipose tissue (EAT)-a visceral fat layer contiguous with the myocardium and sharing its microvasculature-functions as a cardio-proximal immunometabolic interface that influences atrial fibrillation, heart failure with preserved ejection fraction, and coronary atherogenesis through paracrine crosstalk. These relationships extend beyond crude measures of adiposity, emphasizing the primacy of local inflammatory signaling, adipokine flux, and fibro-inflammatory remodeling at the EAT-myocardium interface. Of importance, substantial weight reduction only partially reverses obesity-imprinted transcriptional and epigenetic programs across subcutaneous, visceral, and epicardial depots, supporting the concept of an enduring adipose memory that sustains cardiovascular (CV) risk despite metabolic improvement. Accordingly, therapeutic strategies should move beyond weight-centric management toward mechanism-guided interventions. Resolution pharmacology-leveraging specialized pro-resolving mediators and their cognate G-protein-coupled receptors-offers a biologically plausible means to terminate inflammation and reprogram immune-stromal interactions within adipose and CV tissues. Although preclinical studies report favorable effects on vascular remodeling, myocardial injury, and arrhythmic vulnerability, clinical translation is constrained by pharmacokinetic liabilities of native mediators and by incomplete validation of biomarkers for target engagement. This review integrates mechanistic, depot-resolved, and therapeutic evidence to inform the design of next-generation anti-inflammatory strategies for obesity-related CV disease.",Journal Article; Review,,,,,,,ok
EUROPEPMC:41605465,PubMed,41605465,https://europepmc.org/article/MED/41605465,Metabolic syndrome and a broken heart: trust your gut or risk your heart.,"Gut dysbiosis is increasingly recognized as a contributor to heart failure; however, its specific role in the development of metabolic syndrome-induced heart failure (MetS-HF) remains poorly defined. A defining feature of MetS-HF is cardiac steatosis, which drives lipotoxicity, maladaptive remodeling, and progressive cardiac dysfunction. This review integrates mechanistic and translational evidence showing how gut microbiota dysbiosis initiates and exacerbates MetS-HF by disrupting lipid homeostasis, leading to myocardial steatosis, metabolic remodeling, cardiomyocyte death, adverse structural remodeling, and impaired cardiac performance. We also highlight how gut dysbiosis promotes systemic inflammation and hypertension, further aggravating cardiac dysfunction in MetS-HF. Finally, we discuss the potential of artificial intelligence, integrative multiomics, and network-based bioinformatics to elucidate the molecular pathways linking gut dysbiosis to MetS-HF and to identify novel therapeutic targets.",Journal Article; Review,,,,,,,ok
EUROPEPMC:41656244,PubMed,41656244,https://europepmc.org/article/MED/41656244,Multiomics: the intersection of personalized nutrition in cardiometabolic diseases.,"Cardiometabolic diseases are among the leading causes of increasing morbidity and mortality worldwide. However, current population-based dietary recommendations do not sufficiently account for biological differences between individuals and therefore do not have the same effect on everyone. The multiomic approach, which incorporates genomic, epigenomic, transcriptomic, proteomic, metabolomic, and microbiome data, facilitates more accurate classification of disease risk and selection of appropriate nutritional interventions by mapping food-disease relationships across different biological layers.; Through a narrative synthesis of the current literature, we focused on evidence from multiomic studies to assess their ability to guide personalized nutrition strategies based on individual genetic, metabolic, and microbiome characteristics in cardiometabolic diseases.; Recent evidence indicates that metabolomic markers have been reported to provide predictive value in addition to classic risk indicators and to increase the predictive power of models when combined with genetic data. Microbiome research shows that glycemic and lipemic responses can be predicted using algorithms based on gut microbiota. Recent clinical studies show that personalized nutrition plans, which evaluate the microbiome and clinical characteristics together, improve continuous glucose monitoring-based glycemic control, glycated hemoglobin levels, and triglycerides more than the classic Mediterranean diet.; This review summarizes the current multiomic evidence, discusses the methodological and practical challenges in this field, and highlights future priorities. The integration of digital biomarkers obtained from wearable technologies with multiomic systems and artificial intelligence-supported models, when developed in accordance with ethical and equitable access principles, has the potential to support the transition from the discovery phase to patient-centered clinical applications.; [Image: see text]",Journal Article; Review,,,,,,,ok
EUROPEPMC:41696101,PubMed,41696101,https://europepmc.org/article/MED/41696101,"Gut microbiota dysbiosis, circulating microbial genetic traces, and their role in gestational diabetes.","Diabetes mellitus is a leading metabolic and non-communicable disease, affecting nearly 537 million adults worldwide. Recent research highlights the gut microbiota as a crucial factor in the onset and progression of diabetes. Gut microbial dysbiosis, an imbalance in microbial composition, has been increasingly recognized as a contributor to diabetes pathogenesis during pregnancy. The gut microbiome is influenced by multiple internal and external factors, which can worsen diabetes-related complications. A higher abundance of pathogenic microbes may lead to the release of microbial metabolites or DNA into circulation, contributing to metabolic disorders such as obesity, cardiovascular disease, and liver dysfunction. Microbial nucleic acids have been identified in the bloodstream of individuals with diabetes and in pregnant women, suggesting the existence of a circulating or blood microbiome. Various physiological and pathological conditions may permit gut microbes or their components to enter the bloodstream. This review introduces the concept that the blood microbiome may play a critical role during pregnancy, potentially increasing susceptibility to diabetes. It emphasizes the mechanistic link between gut dysbiosis, microbial translocation, and pregnancy-associated metabolic disturbances. Exploring gut and blood microbiome interactions in pregnancy could reveal early biomarkers and therapeutic targets for gestational diabetes mellitus. Future studies should focus on longitudinal microbiome analyses and interventions to restore microbial balance, offering new preventive strategies against diabetes during pregnancy.",Journal Article; Review,,,,,,,ok
EUROPEPMC:41788774,PubMed,41788774,https://europepmc.org/article/MED/41788774,Dietary interventions for modulating the gut microbiome in PCOS management.,"Polycystic ovary syndrome (PCOS) is a multifactorial endocrine disorder affecting about 10% of reproductive-age women. It is defined by insulin resistance, androgen excess, and chronic inflammation, which drive both reproductive and metabolic complications. Growing evidence suggests that gut microbiome dysbiosis contributes to PCOS by altering intestinal permeability, promoting endotoxemia, and worsening hormonal and metabolic dysfunction. Diet, as a modifiable factor, may offer a therapeutic route to restore microbial balance and improve outcomes.; This review aims to (1) synthesize evidence on how diet shapes gut microbiome composition in PCOS; (2) evaluate the effects of specific dietary patterns on microbial diversity, insulin sensitivity, lipid metabolism, and hormonal regulation; and (3) identify dietary components that may improve clinical outcomes.; Evidence from observational studies, randomized trials, and meta-analyses was reviewed to assess how dietary interventions influence gut microbiome modulation and PCOS outcomes. Dietary patterns-including the Mediterranean diet, low-glycemic index diets, anti-inflammatory diets, time-restricted eating, and probiotic supplementation-were examined for their effects on microbiota and metabolic or hormonal measures.; Dietary interventions can beneficially alter gut microbiota, reduce systemic inflammation, improve insulin sensitivity, and lower androgen levels. The Mediterranean diet enhances microbial diversity and is associated with reduced PCOS risk. Low-glycemic index diets improve metabolic and hormonal profiles by lowering insulin demand. Anti-inflammatory diets and time-restricted eating may restore microbial rhythmicity and reduce inflammatory and endocrine imbalances. Probiotic supplementation, particularly with Lactobacillus and Bifidobacterium, strengthens gut integrity and benefits metabolic and hormonal outcomes. A multi-component dietary plan integrating high-fiber foods, probiotics, anti-inflammatory nutrients, low glycemic load, and structured eating patterns is proposed.; Modulating the gut microbiome through diet is a promising, non-invasive, cost-effective strategy for PCOS management. By targeting insulin resistance, androgen excess, and inflammation, nutrition-based interventions can improve metabolic and reproductive outcomes. Long-term randomized trials are needed to strengthen causal evidence and guide personalized dietary approaches.",Journal Article; Review,,,,,,,ok
EUROPEPMC:41867670,PubMed,41867670,https://europepmc.org/article/MED/41867670,Evaluation of nutritional interventions and their impact on metabolic syndrome risk markers in older adults.,"Metabolic syndrome (MetS) is extremely common in the elderly and strongly increases the chances of cardiovascular disease, diabetes with a type 2, and functional impairment. Although the positive effects of certain dietary interventions have been proved by controlled trials, little evidence has been provided concerning the usefulness of nutritional strategies in the ordinary clinical settings among the elderly population.; The aim of the study was to assess the effects of documented nutritional intervention on the metabolic syndrome risk markers in older adults based on real-world clinical data.; The retrospective analysis of electronic medical records of 1,300 adults aged ≥ 60 years with MetS, who received treatment in January 2019-December 2024 in tertiary hospitals and their affiliated outpatient clinics, was conducted. Exposures to nutrition were Mediterranean-style diets, DASH-type diets, low-carbohydrate and high-fiber counseling, calorie limited diets, Omega-3 and vitamin D, and combined interventions. The alterations in the anthropometric parameters, glycemic parameters, lipid parameters, blood pressure parameters, inflammatory/oxidative stress parameters, nutritional intake and MetS status were evaluated. Multivariate logistic regression was used to establish predictors of MetS improvement.; The findings were significant in all the MetS components. Body weight (-2.9 kg), waist circumference (-3.8 cm), visceral fat index (-1.3), fasting glucose (-7.9 mg/dL), HbA1c level (-0.3%), HOMA-IR (-0.7), triglycerides (-24.9 mg/dL), LDL cholesterol (-11.8 mg/dL), systolic blood pressure (-7.7mmH). There was a significant increase in diet quality scores and also the increase in fiber, omega-3, vitamin D, potassium, and magnesium dietary consumption and decrease in sodium, dietary consumption. All in all, 41.4% of the respondents had partial or total MetS resolution. Dietary style of Mediterranean origin, fiber consumption ≥ 25 g/day, ≥ 5% weight loss, omega-3 supplementation, vitamin D deficiency, low sodium consumption, and exercise alone forecasted MetS improvement.; Nutritional interventions are linked to significant changes in metabolic, inflammatory, and cardiovascular risk factors in older adults with MetS in their routine clinical practice. These observations favor the position of real-life dietary interventions as good measures to counteract MetS and enhance healthier aging.",Journal Article,,,,,,,ok
EUROPEPMC:PMC13237850,publisher supplementary data,PMC13237850,,"Nutritional priorities to support GLP-1 therapy for obesity: a joint Advisory from the American College of Lifestyle Medicine, the American Society for Nutrition, the Obesity Medicine Association, and The Obesity Society",,,,,,,,,unsupported_source
PMID:41902532,PubMed,41902532,https://pubmed.ncbi.nlm.nih.gov/41902532/,Gut Dysbiosis as a Shared Mechanism in Obesity and Hypertension: Exploring a Promising Therapeutic Avenue.,"Obesity and hypertension are interrelated global health challenges sharing common pathophysiological mechanisms, including insulin resistance, chronic inflammation and neurohormonal dysregulation. Emerging evidence highlights the gut microbiome as a crucial mediator in this interplay, influencing intestinal barrier integrity, systemic inflammation and metabolic homeostasis.; In this narrative review, we critically examine the interplay between obesity-induced hypertension and the gut microbiome, evaluating current evidence, therapeutic implications and future research priorities.; Obesity-associated gut dysbiosis disrupts the intestinal epithelial barrier, increasing translocation of bacterial products like lipopolysaccharides into circulation, promoting systemic inflammation that exacerbates insulin resistance, adipose dysfunction and hypertension. Current treatments targeting obesity, from lifestyle modification to bariatric surgery, show beneficial effects on blood pressure, but microbiome-targeted interventions are an evolving therapeutic frontier. Prebiotics, probiotics, synbiotics and faecal microbiota transplantation have demonstrated potential antihypertensive effects in preclinical and clinical studies, although findings are heterogeneous and require confirmation in larger randomised trials. Methodological challenges remain, including the need for advanced microbial sampling techniques beyond faecal analysis to fully capture disease-relevant microbiota alterations.; This review synthesises current knowledge on gut microbiome involvement in obesity-induced hypertension, evaluates microbiome-based therapeutic strategies and identifies critical research gaps to guide future investigations aimed at mitigating the dual pandemics of obesity and hypertension.",Journal Article; Review,,,,,,,ok
EUROPEPMC:40212169,PubMed,40212169,https://europepmc.org/article/MED/40212169,Influence of gut microbiota on the pediatric endocrine system and associated disorders.,"The microbiota, a complex assembly of microorganisms residing in various body systems, including the gastrointestinal tract, plays a crucial role in influencing various physiological processes in the human body. The dynamic nature of gut microbiota is especially pronounced in children and is influenced by factors like breastfeeding and antibiotic use. Dysbiosis, characterized by alterations in microbiota composition or function, is associated with several pediatric endocrine disorders, such as precocious puberty, polycystic ovarian syndrome, and diabetes mellitus. This review focuses on the intricate relationship between gut microbiota and the pediatric endocrine system. The aim of this narrative review is to critically examine the existing literature to elucidate the impact of gut microbiota on the pediatric endocrine system and associated disorders. Additionally, potential interventions, such as probiotics and current gaps in knowledge, will be discussed. Despite emerging treatments like probiotics, further research is needed to understand and validate their effectiveness in treating pediatric endocrine disorders associated with dysbiosis.",Journal Article; Review,,,,,,,ok
EUROPEPMC:40362796,PubMed,40362796,https://europepmc.org/article/MED/40362796,The Role of Nutraceuticals and Probiotics in Addition to Lifestyle Intervention in the Management of Childhood Obesity-Part 2: Comorbidities.,"Pediatric obesity is associated with a wide range of comorbidities beyond metabolic changes, affecting cardiovascular, endocrine, reproductive, musculoskeletal systems, and also mental health. Hypertension, commonly observed in children with obesity, increases the risk of long-term cardiovascular disease. Polycystic ovary syndrome (PCOS) presents another significant endo-reproductive challenge that often develops during adolescence in females, leading to further comorbidities in adulthood. Additionally, excess adiposity can negatively impact bone health by modifying bone metabolism and increasing fracture risk. Obesity is also strongly linked to mental health disorders, including depression, anxiety, and low self-esteem, which can further exacerbate unhealthy lifestyle behaviors and disorders. Given the limitations and poor adherence of traditional treatment strategies, nutraceuticals have emerged as potential complementary therapies due to their bioactive properties. Various compounds have demonstrated antihypertensive, insulin-sensitizing, and anti-inflammatory effects, while others support bone metabolism and promote mental well-being. Herewith, we discuss the role of nutraceuticals in managing hypertension, PCOS, bone health, and mental health issues in individuals with obesity, evaluating their mechanisms of action and clinical relevance. Integrating nutraceutical compounds with dietary and lifestyle interventions may improve treatment outcomes and prevent obesity-related comorbidities. Further, we emphasize the need for further large-scale clinical studies, especially in pediatric patients.",Journal Article; Review,,,,,,,ok
EUROPEPMC:40917089,PubMed,40917089,https://europepmc.org/article/MED/40917089,Therapeutic effects of olive leaf tea (,"Olive leaf has strong antibacterial and anti-inflammatory properties, potentially modulating gut microbiota composition. This may help address small intestinal bacterial overgrowth (SIBO), a gastrointestinal (GI) problem causing malabsorption and potential complications.; This study aimed to observe the effect of olive leaf tea (OLT) on GI symptoms, body composition, and the hydrogen/methane breath test among patients suffering from SIBO.; A total of 49 SIBO individuals, confirmed after a glucose breath test (GBT), were divided randomly into two groups. The treatment group (n = 25) took OLT (1.7 g leaf powder/250 mL water) twice/day for 2 months, and the control group (n = 24) was given no tea. After the intervention, GBT was conducted, and symptoms were assessed through the GI symptom rating scale (GSRS) and symptomatic questionnaire, and body composition parameters were assessed. The area under the curve, chi-square, independent, and paired sample t-tests were performed for data analysis.; In the intervention group, there was a significant decrease observed in GSRS score (from 19 to 6.8), symptomatic score (4.1 to 1.7), H2/CH4 peak (20.8-5.7 ppm), mean H2 (p = 0.0041) and mean H2 + CH4 production (p = 0.0043), with 88% GBT normalization rate (p = 0.001), as compared to the control group. A significant decrease in weight, TBW, BMR, and muscle mass was also documented (p < 0.05).; This study concludes that OLT consumption might have therapeutic benefits against SIBO by alleviating symptoms and normalizing GBT, but does not significantly improve body composition parameters.",Journal Article,,,,,,,ok
EUROPEPMC:41003008,PubMed,41003008,https://europepmc.org/article/MED/41003008,Dietary Modulation of Metabolic Health: From Bioactive Compounds to Personalized Nutrition.,"Metabolic health is a dynamic equilibrium influenced by diet and lifestyle. This review synthesizes evidence on how specific dietary patterns and bioactive nutrients modulate metabolic disorders. Diets like the Mediterranean and DASH plans consistently improve cardiometabolic markers: a Mediterranean diet can halve metabolic syndrome prevalence (~52% reduction) in as little as 6 months, while the DASH diet typically lowers systolic blood pressure by ~5-7 mmHg and modestly improves lipid profiles (LDL-C by ~3-5 mg/dL). Plant-based diets (vegetarian/vegan) are associated with lower BMI, improved insulin sensitivity, and reduced inflammation. Ketogenic diets induce rapid weight loss (~12% body weight vs. 4% on control diets) and improve glycemic control (reducing HbA1c and triglycerides), though long-term effects (elevated LDL) warrant caution. Bioactive compounds present in these diets play critical roles: polyphenols improve insulin signaling and reduce oxidative stress (resveratrol supplementation reduced HOMA-IR by ~0.5 units and fasting glucose by ~0.3 mmol/L); omega-3 fatty acids (fish oil) reduce triglycerides by ~25-30% and inflammation; and probiotic interventions modestly enhance glycemic control (lowering HOMA-IR and HbA1c) and gut health. Personalized nutrition approaches, which account for genetic and microbiome differences, are emerging to maximize these benefits. In conclusion, evidence-based dietary strategies rich in fiber, unsaturated fats, and phytochemicals can substantially improve metabolic health outcomes, underscoring the potential of tailored nutrition in preventing and managing obesity-related metabolic disorders.",Journal Article; Review,,,,,,,ok
EUROPEPMC:41168307,PubMed,41168307,https://europepmc.org/article/MED/41168307,Selection and potential of cholesterol-lowering indigenous probiotic: insights from in vitro and in vivo study.,"Atherosclerosis, a prevalent cardiovascular disorder, is ineffectively managed by statins, highlighting the need for natural bio-interventions as a promising strategy to improve cardiovascular health. Therefore, the study was designed to investigate the cholesterol-lowering ability of indigenous lactic acid bacteria (LAB) both in vitro and in vivo emplyoing Sprague Dawley (SD) rats fed with high-cholesterol diet (HCD). Among fourteen screened LAB isolates, in- vitro analysis showed that Lactiplantibacillus plantarum M10 had the maximum (53.93 ± 0.39%) cholesterol-lowering potential in cholesterol-supplemented De Man, Rogosa, and Sharpe media, followed by simulated gastric conditions(23.29 ± 0.56%), and in intestinal conditions (50.43 ± 0.56%) respectively. Experimentally, it was found that simultaneous administration of indigenous probiotic L. plantarum M10 to HCD animals for 12 weeks attenuated gain in body mass (66.40%), adiposity index, serum lipid levels, glucose tolerance, liver function, oxidative stress markers, and enhanced the levels of antioxidant. Histological observations also substantiated that simultaneous supplementation of L. plantarum M10 to HCD animals ameliorated hepatic steatosis, reduced hypertrophy of adipocytes, and retained almost normal arterial morphology underscoring the strain and species specific response of probiotic. Taken together, the findings of this study suggest the multifactorial potential of L. plantarum M10 in reducing the cholesterol and alleviating the risk factors of early atherosclerosis.",Journal Article,,,,,,,ok
EUROPEPMC:41214659,PubMed,41214659,https://europepmc.org/article/MED/41214659,Gut microbiota dysbiosis and short-chain fatty acid depletion in phlegm-dampness polycystic ovary syndrome: a cross-sectional 16S rRNA sequencing analysis.,"Polycystic ovary syndrome (PCOS) is a prevalent endocrine and metabolic disorder characterized by hyperandrogenism, insulin resistance, and reproductive dysfunction. Accumulating evidence indicates that gut microbiota and their metabolites, particularly short-chain fatty acids (SCFAs), contribute to PCOS pathogenesis. However, subtype-specific alterations, especially in Traditional Chinese Medicine (TCM)-defined phlegm-dampness PCOS, remain insufficiently explored.; This study aimed to comprehensively compare gut microbial composition, SCFA concentrations, and their associations with anthropometric, clinical, and biochemical indicators in women with phlegm-dampness PCOS, non-phlegm-dampness PCOS, and healthy controls.; In this cross-sectional analysis, 54 women were recruited and stratified into phlegm-dampness PCOS (n = 17), non-phlegm-dampness PCOS (n = 18), and healthy control (n = 19) groups. Anthropometric measurements, reproductive and metabolic indices, and serum hormones were assessed. Fecal SCFAs were quantified via gas chromatography, and gut microbial profiles were characterized using 16 S rRNA gene sequencing. Bioinformatic and statistical analyses included diversity indices, taxonomic abundance, principal component and clustering analyses, and correlation networks linking microbiota, SCFAs, and host phenotypes.; Phlegm-dampness PCOS exhibited significantly reduced α-diversity compared with controls (p < 0.05) and distinct microbial profiles across multiple taxonomic levels. Key alterations included enrichment of Blautia wexlerae and depletion of Faecalibacterium and Alistipes. Fecal butyrate and propionate levels were markedly reduced in phlegm-dampness PCOS versus controls (p < 0.01). Correlation analyses revealed Blautia wexlerae was positively associated with BMI, waist circumference, hirsutism, and acanthosis nigricans, while Alistipes shahii correlated with serum testosterone and HOMA-IR. Distinct correlation networks highlighted microbiota-metabolite-host interactions specific to phlegm-dampness PCOS. Compared with healthy controls, the non-phlegm PCOS group (Group B) exhibited intermediate values for microbial diversity and SCFAs; however, most Group B vs. control differences were not significant after adjustment for BMI and age with FDR correction.; Women with phlegm-dampness PCOS demonstrate more profound gut dysbiosis, SCFA depletion, and distinct microbiota-clinical correlations than non-phlegm-dampness PCOS and healthy controls. These findings underscore the biological relevance of TCM-based subtype stratification and suggest that precision microbiota-targeted interventions may enhance therapeutic outcomes in PCOS.; NA.",Journal Article,,,,,,,ok
EUROPEPMC:41331614,PubMed,41331614,https://europepmc.org/article/MED/41331614,Advances in capsule-based fecal microbiota transplantation: clinical applications and innovations.,"Capsule-based fecal microbiota transplantation (cFMT) has emerged as a vital tool for modulating gut dysbiosis for therapeutic intervention. This noninvasive alternative to traditional FMT avoids procedural invasiveness while offering logistical advantages in terms of storage, administration, and patient compliance. This review evaluates cFMT as a transformative approach across diverse diseases. Notably, cFMT demonstrates robust efficacy in restoring the microbial balance in Clostridioides difficile infection (CDI), inflammatory bowel disease (IBD), and multidrug-resistant infections, with outcomes comparable to those of conventional methods. It also alleviates symptoms and enhances microbiota diversity in small intestinal bacterial overgrowth (SIBO). However, the clinical benefits remain inconsistent for individuals with in irritable bowel syndrome (IBS) and functional constipation (FC), despite alterations in gut microbial diversity. Emerging applications highlight the potential of cFMT metabolic disorders (e.g., obesity and hypertension) via the modulation of gut-derived metabolites and neuropsychiatric conditions (e.g., depression and autism) through gut–brain axis signaling, in addition to chronic kidney disease and hepatic encephalopathy. Challenges such as donor variability, standardization gaps, and transient adverse effects hinder widespread adoption. Further advancements, including targeted colon-release formulations, synthetic microbial consortia, and single-cell delivery systems, could improve precision and scalability. Despite its transformative potential, the clinical adoption of cFMT hinges on rigorous quality control, mechanistic insights, and long-term safety data. In recent years, the United States Food and Drug Administration (FDA) has officially approved the oral microbiome therapy Vowst for marketing. This marked the gradual transition of fecal microbiota transplantation (FMT)-related therapies from clinical research to standardized clinical application, and at the same time, Vowst has become the world’s first oral fecal microbiome therapy approved by the FDA. This review highlights the role of cFMT in microbiota-targeted therapies while advocating for innovation to address current limitations and expand its therapeutic scope.",Journal Article; Review,,,,,,,ok
EUROPEPMC:41366011,PubMed,41366011,https://europepmc.org/article/MED/41366011,"Innovative formulation of microencapsulated ""spirubiotic sachets"" as a synbiotic treatment for metabolic syndrome patients.","Spirulina platensis (Sp) and probiotic bacteria (Pb) have been shown to have beneficial effects in controlling metabolic syndrome (MeS), characterized by the co-occurrence of obesity, dyslipidemia, hypertension, and type 2 diabetes. The objective of this research was to formulate an innovative microencapsulated powder consisting of a mixture of Sp and Pb, referred to as a ""spirubiotic sachet,"" and investigate its potential positive impact in managing hyperlipidemia, weight gain, hyperglycemia, and related problems in individuals with metabolic syndrome. Microencapsulated Sp with whey protein, flavored with a coconut taste, was obtained by spray drying, and HPLC analysis was performed. Probiotic bacteria were microencapsulated by freeze-drying, and the characterization of both microcapsules was done. The spirubiotic sachets contained both Sp and Pb. Physico-sensory tests were reported. Fifty diagnosed MeS cases were enrolled in this study. Pre- and post-treatment assessments of clinical, dietary, anthropometric data, and body composition measurements were conducted. Enzymatic colorimetric methods and ELISA kits were used to assess biochemical parameters. Patients received one spirubiotic sachet/day and a tailored diet regimen for 3 months. Administering a spirubiotic sachet to MeS patients effectively reversed the majority of metabolic abnormalities, bringing them closer to normal levels with decreased dietary calories, improved anthropometric measures, altered body composition, and normalized biochemical parameters. In conclusion, Sp and Pb work together synergistically to help manage people with MeS and related diseases. Spirubiotic sachets can be innovative with beneficial health effects.",Journal Article,,,,,,,ok
EUROPEPMC:38708416,PubMed,38708416,https://europepmc.org/article/MED/38708416,Gut microbiota and childhood malnutrition: Understanding the link and exploring therapeutic interventions.,"Childhood malnutrition is a metabolic condition that affects the physical and mental well-being of children and leads to resultant disorders in maturity. The development of childhood malnutrition is influenced by a number of physiological and environmental factors including metabolic stress, infections, diet, genetic variables, and gut microbiota. The imbalanced gut microbiota is one of the main environmental risk factors that significantly influence host physiology and childhood malnutrition progression. In this review, we have evaluated the gut microbiota association with undernutrition and overnutrition in children, and then the quantitative and qualitative significance of gut dysbiosis in order to reveal the impact of gut microbiota modification using probiotics, prebiotics, synbiotics, postbiotics, fecal microbiota transplantation, and engineering biology methods as new therapeutic challenges in the management of disturbed energy homeostasis. Understanding the host-microbiota interaction and the remote regulation of other organs and pathways by gut microbiota can improve the effectiveness of new therapeutic approaches and mitigate the negative consequences of childhood malnutrition.",Journal Article; Review,,,,,,,ok
EUROPEPMC:38974594,PubMed,38974594,https://europepmc.org/article/MED/38974594,Current Research on the Role of Isomaltooligosaccharides in Gastrointestinal Health and Metabolic Diseases.,"The intestinal epithelium plays an important role in maintaining the intestinal barrier and facilitating nutrient absorption. It also serves as a critical physical barrier against the infiltration of foreign substances from the intestinal lumen into the circulation. Intestinal barrier dysfunction has been implicated in the development of several diseases. Isomaltooligosaccharides (IMOs), which are a type of dietary fiber, possess multiple health benefits. However, there is limited information regarding their efficacy against gastrointestinal diseases. This review explores the therapeutic potential of IMOs in obesity, diabetes mellitus, inflammatory bowel disease (IBD), hyperlipidemia, and constipation. High-fat diet (HFD)-induced obesity models have shown that IMOs, administered alone or in combination with other compounds, exhibit potent antiobesity effects, making them promising agents in the treatment of obesity and its associated complications. Moreover, IMOs exhibit preventive effects against HFD-induced metabolic dysfunction by modulating gut microbiota and short-chain fatty acid levels, thereby ameliorating symptoms. Furthermore, IMOs can reduce IBD and alleviate hyperlipidemia, as indicated by the reduced histological colitis scores and improved lipid profiles observed in clinical trials and animal studies. This review highlights IMOs as a versatile intervention strategy that can improve gastrointestinal health by modulating gut microbiota, immune responses, and metabolic parameters, providing a multifaceted approach to address the complex nature of gastrointestinal disorders.",Journal Article; Review,,,,,,,ok
PMID:37923223,PubMed,37923223,https://pubmed.ncbi.nlm.nih.gov/37923223/,The Effects of Bifidobacterium Probiotic Supplementation on Blood Glucose: A Systematic Review and Meta-Analysis of Animal Models and Clinical Evidence.,"Probiotic supplementation is a potential therapeutic for metabolic diseases, including obesity, metabolic syndrome (MetS), and type 2 diabetes (T2D), but most studies deliver multiple species of bacteria in addition to prebiotics or oral pharmaceuticals. This may contribute to conflicting evidence in existing meta-analyses of probiotics in these populations and warrants a systematic review of the literature to assess the contribution of a single probiotic genus to better understand the contribution of individual probiotics to modulate blood glucose. We conducted a systematic review and meta-analysis of animal studies and human randomized controlled trials (RCTs) to assess the effects of Bifidobacterium (BF) probiotic supplementation on markers of glycemia. In a meta-analysis of 6 RCTs, BF supplementation had no effect on fasting blood glucose {FBG; mean difference [MD] = -1.99 mg/dL [95% confidence interval (CI): -4.84, 0.86], P = 0.13}, and there were no subgroup differences between subjects with elevated FBG concentrations and normoglycemia. However, BF supplementation reduced FBG concentrations in a meta-analysis comprised of studies utilizing animal models of obesity, MetS, or T2D [n = 16; MD = -36.11 mg/dL (CI: -49.04, -23.18), P < 0.0001]. Translational gaps from animal to human trials include paucity of research in female animals, BF supplementation in subjects that were normoglycemic, and lack of methodologic reporting regarding probiotic viability and stability. More research is necessary to assess the effects of BF supplementation in human subjects with elevated FBG concentrations. Overall, there was consistent evidence of the efficacy of BF probiotics to reduce elevated FBG concentrations in animal models but not clinical trials, suggesting that BF alone may have minimal effects on glycemic control, may be more effective when combined with multiple probiotic species, or may be more effective in conditions of hyperglycemia rather than elevated FBG concentrations.","Meta-Analysis; Systematic Review; Journal Article; Research Support, N.I.H., Extramural; Research Support, Non-U.S. Gov't",,,,,,,ok
EUROPEPMC:38203609,PubMed,38203609,https://europepmc.org/article/MED/38203609,Direct and Indirect Evidence of Effects of,"Metabolic disorders present a significant public health challenge globally. The intricate relationship between the gut microbiome, particularly Bacteroides spp. (BAC), and obesity, including their specific metabolic functions, remains partly unresolved. This review consolidates current research on BAC's role in obesity and lipid metabolism, with three objectives: (1) To summarize the gut microbiota's impact on obesity; (2) To assess BAC's efficacy in obesity intervention; (3) To explore BAC's mechanisms in obesity and lipid metabolism management. This review critically examines the role of BAC in obesity, integrating findings from clinical and preclinical studies. We highlight the changes in BAC diversity and concentration following successful obesity treatment and discuss the notable differences in BAC characteristics among individuals with varying obesity levels. Furthermore, we review recent preclinical studies demonstrating the potential of BAC in ameliorating obesity and related inflammatory conditions, providing detailed insights into the methodologies of these in vivo experiments. Additionally, certain BAC-derived metabolites have been shown to be involved in the regulation of host lipid metabolism-related pathways. The enhanced TNF production by dendritic cells following BAC administration, in response to LPS, also positions BAC as a potential adjunctive therapy in obesity management.",Journal Article; Review,,,,,,,ok
PMID:34919684,PubMed,34919684,https://pubmed.ncbi.nlm.nih.gov/34919684/,A Specifically Tailored Multistrain Probiotic and Micronutrient Mixture Affects Nonalcoholic Fatty Liver Disease-Related Markers in Patients with Obesity after Mini Gastric Bypass Surgery.,"Nonalcoholic fatty liver disease (NAFLD) is frequent among patients undergoing bariatric surgery. Beyond weight reduction, dietary supplements like micronutrients or probiotics that modify insulin resistance and lipotoxicity can be used to prevent or delay the progression of liver disease.; We evaluated the effect of a dietary approach with a specifically tailored multistrain probiotic and micronutrient mixture compared with a basic care micronutrient supplement on serum alanine aminotransferase (ALAT) in obese patients after mini gastric bypass (MGB) surgery.; This randomized, double-blind, controlled trial included 60 obese patients (age: 40 ± 10 y; BMI: 44 ± 3 kg/m²). Patients received a combination of specifically tailored multistrain probiotic powder and a specific micronutrient mixture (Pro+SM) or a control treatment consisting of a placebo and a basic care micronutrient mixture (Con+BM), with some micronutrients in lower doses than SM, for 12 wk after hospital discharge. Primary (serum ALAT) and secondary outcomes [serum aspartate aminotransferase (ASAT), fatty liver index, NAFLD fibrosis score, glucose metabolism, blood pressure (BP), heart rate] were assessed at week 0 and week 12. Data were analyzed using unpaired Student's t-tests or Mann-Whitney U tests to compare the changes due to each treatment to one another.; A total of 48 patients were included in the analyses. Changes in serum ALAT concentrations did not differ between groups. Compared with Con+BM, Pro+SM improved serum ASAT (difference: -8.0 U/L, 95% CI: -17.0, -4.0; P = 0.043), NAFLD fibrosis score (difference: -0.39; 95% CI: -0.78, 0; P = 0.048), serum triglycerides (difference: -22.8 mg/dL; 95% CI: -45.6, -0.1; P = 0.049) and the visceral adiposity index (difference: -0.70; 95% CI: -1.31, -0.08; P = 0.027).; Supplementation with a specifically tailored probiotic and micronutrient mixture improved NAFLD-related markers more than a basic micronutrient mixture in obese patients following MGB surgery. The trial was registered under clinicaltrials.gov as NCT03585413.",Journal Article; Randomized Controlled Trial,,,,,,,ok
PMID:32844188,PubMed,32844188,https://pubmed.ncbi.nlm.nih.gov/32844188/,"Metabolic adaptation is an illusion, only present when participants are in negative energy balance.","The existence of metabolic adaptation, following weight loss, remains a controversial issue. To our knowledge, no study has evaluated the role of energy balance (EB) in modulating metabolic adaptation.; The aim of this study was to determine if metabolic adaptation, at the level of resting metabolic rate (RMR), is modulated by participants' EB status. A secondary aim was to investigate if metabolic adaptation was associated with weight regain.; Seventy-one individuals with obesity (BMI: 34.6 ± 3.4 kg/m2; age: 45.4 ± 8.2 y; 33 men) enrolled in a 1000-kcal/d diet for 8 wk, followed by 4 wk of weight stabilization and a 9-mo weight loss maintenance program. Body weight/composition and RMR were measured at baseline, week 9 (W9), week 13 (W13), and 1 y (1Y). Metabolic adaptation was defined as a significantly different (lower or higher) measured compared with predicted RMR.; Participants lost on average 14 kg by W9, followed by weight stabilization at W13, and regained 29% of their initial weight loss at 1Y. Metabolic adaptation was found at W9 (-92 ± 110 kcal/d, P < 0.001) and W13 (-38 ± 124 kcal/d, P = 0.011) but was not correlated with weight regain. A significant reduction in metabolic adaptation was seen between W9 and W13 (-53 ± 101 kcal/d, P < 0.001). In a subset of participants who gained weight between W9 and W13 (n = 33), no metabolic adaptation was seen at W13 (-26.8 ± 121.5 kcal/d, P = 0.214). In a subset of participants with data at all time points (n = 45), metabolic adaptation was present at W9 and W13 (-107 ± 102 kcal/d, P < 0.001 and -49 ± 128 kcal/d, P = 0.013) but not at 1Y (-7 ± 129, P = 0.701).; After weight loss, metabolic adaptation at the level of RMR is dependent on the EB status of the participants, being reduced to half after a period of weight stabilization. Moreover, metabolic adaptation does not predict weight regain at 1Y follow-up. These trials were registered at clinicaltrials.gov as NCT02944253 and NCT03287726.","Journal Article; Randomized Controlled Trial; Research Support, Non-U.S. Gov't",,,,,,,ok
PMID:32985001,PubMed,32985001,https://pubmed.ncbi.nlm.nih.gov/32985001/,Effect of Lactobacillus plantarum fermented barley on plasma glycolipids and insulin sensitivity in subjects with metabolic syndrome.,"Fermented barley (FB) flour by Lactobacillus plantarum is richer in dietary fiber, polyphenols, gamma-aminobutyric acid, and other biologically active ingredients. This study aimed to determine the impacts of fermented barley - wheat flour compound noodle (FBWN) on glucose and fat metabolism in subjects with metabolic syndrome. This was a single-blinded and parallel 10-week clinical trial study. Subjects were randomly assigned into the trial group (FBWN) and whole wheat noodles group (WWN), and were measured on the beginning of week 3 and the ending of week 10. The glucose level at 30 and 60 min was significantly decreased after FBWN intervention. Levels of fasting blood glucose, HbA1c, and TG were all declined after FBWN intervention compared to before in the trial group. Moreover, the fat mass, fat rate, and visceral fat were decreased by 6.48, 7.19, 6.3 kg after FBWN intervention, respectively, while muscle mass and basal metabolic rate rose 7.44 kg and 252.60 kcal. PRACTICAL APPLICATIONS: Many studies have illustrated that the extraction of fermented barley held the activities of anti-obesity, antitumor, and so on. Moreover, this present study evaluated the effects of fermented barley by Lactobacillus plantarum on patients with metabolic syndrome. Results indicated that FB benefits the subjects on improving plasma glycolipids and insulin sensitivity, decreasing visceral fat level, and increasing satiety. The findings showed that the products of FB may be beneficial to dietary manipulations, thus, reducing the burden of patients.","Journal Article; Randomized Controlled Trial; Research Support, Non-U.S. Gov't",,,,,,,ok
PMID:30921552,PubMed,30921552,https://pubmed.ncbi.nlm.nih.gov/30921552/,Effects of probiotic yogurt on glycemic indexes and endothelial dysfunction markers in patients with metabolic syndrome.,"The relationship between gut microflora and metabolic syndrome components such as obesity, low-grade chronic systemic inflammation, dyslipidemia, and altered glucose metabolism is now acknowledged. The aim of this study was to assess the effects of probiotic yogurt on glycemic indexes and endothelial dysfunction markers in patients with metabolic syndrome.; This was a randomized, double-blind, placebo-controlled clinical trial of 44 patients with metabolic syndrome (22 men and 22 women), who were 20 to 65 y of age. The patients were assigned to either a treatment or control group and consumed 300g/d of probiotic yogurt containing Lactobacillus acidophilus La5 and Bifidobacterium lactis Bb12 or a regular yogurt for 2 mo, respectively. Each group contained 22 participants. Fasting blood glucose and serum insulin was performed to derive homeostasis model assessment of insulin resistance (HOMA-IR), insulin sensitivity (Quicki), and HOMA of β-cell function (HOMA- β). In addition, markers of vascular cell adhesion molecule cell (VCAM)-1, intercellular adhesion molecule cell (ICAM)-1, and plasminogen activator inhibitor (PAI)-1 were measured to evaluate endothelial function at the beginning and at the end of the study.; Consumption of probiotic yogurt resulted in a significant reduction in the level of blood glucose and VCAM-1. Significant changes in PAI-1, VCAM-1, insulin, HOMA-IR, and Quicki were observed in the probiotic yogurt group after intervention compared with baseline.; Consumption of probiotic yogurt improved fasting blood glucose and partly modified serum endothelial function markers. These results suggest that regular intake of probiotic yogurt may exert positive effects on the treatment of metabolic syndrome.","Journal Article; Randomized Controlled Trial; Research Support, Non-U.S. Gov't",,,,,,,ok
PMID:29147070,PubMed,29147070,https://pubmed.ncbi.nlm.nih.gov/29147070/,Evidences of a New Psychobiotic Formulation on Body Composition and Anxiety.,"Gut microbiota is implied in obesity, because of its ability to harvest energy from diet, and in the regulation of behavior. Given the link between gut microbiota, body composition, obesity, and anxiety, the aim of this study was to evaluate the effects of a new psychobiotic formulation.; Eligible patients were randomly divided into three groups: psychobiotics oral suspension group (POSG); dietary treatment group (DTG); combined treatment group (CTG). All subjects underwent body composition and psychological profile evaluation.; Significant changes in body composition parameters in each group were relieved after all treatments. Hamilton anxiety rating scale (HAM-A) highlighted a significant reduction of the total score for all study population after treatments in POSG (p = 0.01) and CTG (p = 0.04). A reduction of HAM-A total score in anxious subjects in POSG or CTG and a significant reduction of positive subjects for HAM-A in POSG (p = 0.03) and in CDG (p = 0.01) were shown.; Three-week intake of selected POS represents a good approach to solve problems related to obesity and behavior disorders. However, new clinical trials need to be performed on a larger population and for a longer period of treatment before definitive conclusions can be made. This trial is registered with NCT01890070.",Journal Article; Randomized Controlled Trial,,,,,,,ok
PMID:26443336,PubMed,26443336,https://pubmed.ncbi.nlm.nih.gov/26443336/,Is consuming yoghurt associated with weight management outcomes? Results from a systematic review.,"Yoghurt is part of the diet of many people worldwide and is commonly recognised as a 'health food'. Epidemiological studies suggest that yoghurt may be useful as part of weight management programs. In the absence of comprehensive systematic reviews, this systematic review investigated the effect of yoghurt consumption by apparently healthy adults on weight-related outcomes.; An extensive literature search was undertaken, as part of a wider scoping review, to identify yoghurt studies. A total of 13 631 records were assessed for their relevance to weight-related outcomes.; Twenty-two publications were eligible according to the review protocol. Cohort studies (n=6) and cross-sectional studies (n=7) all showed a correlation between yoghurt and lower or improved body weight/composition. Six randomised controlled trials (RCTs) and one controlled trial had various limitations, including small size and short duration. One RCT showed significant effects of yoghurt on weight loss, but was confounded by differences in calcium intake. One trial showed nonsignificant weight gain and the remaining five trials showed nonsignificant weight losses that were greater in yoghurt consumers.; Yoghurt consumption is associated with lower body mass index, lower body weight/weight gain, smaller waist circumference and lower body fat in epidemiological studies. RCTs suggest weight reduction effects, but do not permit determination of a cause-effect relationship. Well-controlled, adequately powered trials in research and community settings appear likely to identify a modest but beneficial effect of yoghurt consumption for prevention of weight gain and management of obesity. The ready availability of yoghurt (a nutrient-dense food) and its ease of introduction to most diets suggests that educating the public to eat yoghurt as part of a balanced and healthy diet may potentially contribute to improved public health. Future carefully designed RCTs could provide proof of principle and large community-based studies could determine the practical impact of yoghurt on body weight/composition.",Journal Article; Systematic Review,,,,,,,ok
EUROPEPMC:PMC13236616,publisher supplementary data,PMC13236616,,Beyond the tumor: the role of the gut microbiome in triple-negative breast cancer,,,,,,,,,unsupported_source
