evidence_id,evidence_type,source_database,source_accession,source_url,doi,pmid,title,year,journal,study_design,data_field_supported,extraction_note,curator,extraction_date
NCT:NCT06722443,clinical_trial,ClinicalTrials.gov,NCT06722443,https://clinicaltrials.gov/study/NCT06722443,,,Impact of Nutritional Intervention With Probiotics and Prebiotics on Obesity.,2024,,clinical_trial_registry,intervention_metadata;clinical_outcome,Auto-collected from ClinicalTrials.gov API v2; requires manual review.,auto_search,2026-05-26
NCT:NCT03312660,clinical_trial,ClinicalTrials.gov,NCT03312660,https://clinicaltrials.gov/study/NCT03312660,,,Effect of a Kefir Beverage on Immunity and Lipid Profile,2017,,clinical_trial_registry,intervention_metadata;clinical_outcome,Auto-collected from ClinicalTrials.gov API v2; requires manual review.,auto_search,2026-05-26
NCT:NCT05832190,clinical_trial,ClinicalTrials.gov,NCT05832190,https://clinicaltrials.gov/study/NCT05832190,,,Correcting GUT MicrobioTa by Combined Supplementation of FibERs and BIotiN to Improve Microbiome and Optimize Bariatric Surgery Outcomes,2023,,clinical_trial_registry,intervention_metadata;clinical_outcome,Auto-collected from ClinicalTrials.gov API v2; requires manual review.,auto_search,2026-05-26
NCT:NCT06963840,clinical_trial,ClinicalTrials.gov,NCT06963840,https://clinicaltrials.gov/study/NCT06963840,,,Effect of Theronomic Ova-All Care on Biomarkers of Ovarian Health in Adult Female With Polycystic Ovarian Syndrome,2025,,clinical_trial_registry,intervention_metadata;clinical_outcome,Auto-collected from ClinicalTrials.gov API v2; requires manual review.,auto_search,2026-05-26
NCT:NCT04555447,clinical_trial,ClinicalTrials.gov,NCT04555447,https://clinicaltrials.gov/study/NCT04555447,,,Gastrointestinal Tolerability to Agavins and Impact on Host-gut Microbiota-metabolism Interactions Modulation,2019,,clinical_trial_registry,intervention_metadata;clinical_outcome,Auto-collected from ClinicalTrials.gov API v2; requires manual review.,auto_search,2026-05-26
NCT:NCT03727321,clinical_trial,ClinicalTrials.gov,NCT03727321,https://clinicaltrials.gov/study/NCT03727321,,,FMT and Fiber in Patients With Metabolic Syndrome,2018,,clinical_trial_registry,intervention_metadata;clinical_outcome,Auto-collected from ClinicalTrials.gov API v2; requires manual review.,auto_search,2026-05-26
NCT:NCT02127125,clinical_trial,ClinicalTrials.gov,NCT02127125,https://clinicaltrials.gov/study/NCT02127125,,,Mechanism of Microbiome-induced Insulin Resistance in Humans (Aim2),2014,,clinical_trial_registry,intervention_metadata;clinical_outcome,Auto-collected from ClinicalTrials.gov API v2; requires manual review.,auto_search,2026-05-26
NCT:NCT07593170,clinical_trial,ClinicalTrials.gov,NCT07593170,https://clinicaltrials.gov/study/NCT07593170,,,AKK Study in Improving Obesity and Metabolic Status in Children and Adolescents,2026,,clinical_trial_registry,intervention_metadata;clinical_outcome,Auto-collected from ClinicalTrials.gov API v2; requires manual review.,auto_search,2026-05-26
NCT:NCT06030999,clinical_trial,ClinicalTrials.gov,NCT06030999,https://clinicaltrials.gov/study/NCT06030999,,,The Prevention And Treatment On Obesity And Weight Management By Oral Supplementation Of Probiotics And Prebiotics,2023,,clinical_trial_registry,intervention_metadata;clinical_outcome,Auto-collected from ClinicalTrials.gov API v2; requires manual review.,auto_search,2026-05-26
NCT:NCT07097974,clinical_trial,ClinicalTrials.gov,NCT07097974,https://clinicaltrials.gov/study/NCT07097974,,,Evaluation of the Efficacy of the Composite WM Formula in Body Weight Change,2025,,clinical_trial_registry,intervention_metadata;clinical_outcome,Auto-collected from ClinicalTrials.gov API v2; requires manual review.,auto_search,2026-05-26
NCT:NCT01235026,clinical_trial,ClinicalTrials.gov,NCT01235026,https://clinicaltrials.gov/study/NCT01235026,,,Synbiotics and Low Grade Inflammation in Obese Subjects,2010,,clinical_trial_registry,intervention_metadata;clinical_outcome,Auto-collected from ClinicalTrials.gov API v2; requires manual review.,auto_search,2026-05-26
NCT:NCT05664321,clinical_trial,ClinicalTrials.gov,NCT05664321,https://clinicaltrials.gov/study/NCT05664321,,,Influence of Adiposity and Other Factors on the Gut Microbiota Composition,2019,,clinical_trial_registry,intervention_metadata;clinical_outcome,Auto-collected from ClinicalTrials.gov API v2; requires manual review.,auto_search,2026-05-26
NCT:NCT02041975,clinical_trial,ClinicalTrials.gov,NCT02041975,https://clinicaltrials.gov/study/NCT02041975,,,Effects of Prebiotic-based Snacks on the Gut Microbiota and Perceived 'Satisfaction',2013,,clinical_trial_registry,intervention_metadata;clinical_outcome,Auto-collected from ClinicalTrials.gov API v2; requires manual review.,auto_search,2026-05-26
NCT:NCT07565675,clinical_trial,ClinicalTrials.gov,NCT07565675,https://clinicaltrials.gov/study/NCT07565675,,,The BALANCE Study - Improving Glucose Control Through Prebiotic Gut Health Drink in Postmenopausal Women,2026,,clinical_trial_registry,intervention_metadata;clinical_outcome,Auto-collected from ClinicalTrials.gov API v2; requires manual review.,auto_search,2026-05-26
NCT:NCT02125955,clinical_trial,ClinicalTrials.gov,NCT02125955,https://clinicaltrials.gov/study/NCT02125955,,,"Effect of Prebiotic Intake on Adiposity, Satiety and Gut Microbiota in Overweight and Obese Children",2014,,clinical_trial_registry,intervention_metadata;clinical_outcome,Auto-collected from ClinicalTrials.gov API v2; requires manual review.,auto_search,2026-05-26
NCT:NCT05791604,clinical_trial,ClinicalTrials.gov,NCT05791604,https://clinicaltrials.gov/study/NCT05791604,,,The Intervention of Obesity in Children With Prader-Willi Syndrome Using Prebiotics and Probiotics,2023,,clinical_trial_registry,intervention_metadata;clinical_outcome,Auto-collected from ClinicalTrials.gov API v2; requires manual review.,auto_search,2026-05-26
NCT:NCT03477916,clinical_trial,ClinicalTrials.gov,NCT03477916,https://clinicaltrials.gov/study/NCT03477916,,,Fecal Microbial Transplantation and Fiber Supplementation in Participants With Obesity and Metabolic Syndrome.,2018,,clinical_trial_registry,intervention_metadata;clinical_outcome,Auto-collected from ClinicalTrials.gov API v2; requires manual review.,auto_search,2026-05-26
NCT:NCT02958644,clinical_trial,ClinicalTrials.gov,NCT02958644,https://clinicaltrials.gov/study/NCT02958644,,,Effect of Synbiotic Supplement on the Body Mass Index of Participants With Severe Obesity,2017,,clinical_trial_registry,intervention_metadata;clinical_outcome,Auto-collected from ClinicalTrials.gov API v2; requires manual review.,auto_search,2026-05-26
NCT:NCT03123510,clinical_trial,ClinicalTrials.gov,NCT03123510,https://clinicaltrials.gov/study/NCT03123510,,,Effect of a Synbiotic Supplement on a High-protein Diet,2017,,clinical_trial_registry,intervention_metadata;clinical_outcome,Auto-collected from ClinicalTrials.gov API v2; requires manual review.,auto_search,2026-05-26
NCT:NCT02773927,clinical_trial,ClinicalTrials.gov,NCT02773927,https://clinicaltrials.gov/study/NCT02773927,,,Combination of Metformin/Inulin vs Inulin on Adiponectin in Metabolic Syndrome,2013,,clinical_trial_registry,intervention_metadata;clinical_outcome,Auto-collected from ClinicalTrials.gov API v2; requires manual review.,auto_search,2026-05-26
NCT:NCT00522353,clinical_trial,ClinicalTrials.gov,NCT00522353,https://clinicaltrials.gov/study/NCT00522353,,,Prebiotic Fiber as a Modifier of Satiety Hormones and Body Weight in Overweight and Obese Adults,2007,,clinical_trial_registry,intervention_metadata;clinical_outcome,Auto-collected from ClinicalTrials.gov API v2; requires manual review.,auto_search,2026-05-26
NCT:NCT05000775,clinical_trial,ClinicalTrials.gov,NCT05000775,https://clinicaltrials.gov/study/NCT05000775,,,The Influence of GNiib&#174; in Obesity Management in Obese Young Individuals in Hong Kong.,2021,,clinical_trial_registry,intervention_metadata;clinical_outcome,Auto-collected from ClinicalTrials.gov API v2; requires manual review.,auto_search,2026-05-26
NCT:NCT02151825,clinical_trial,ClinicalTrials.gov,NCT02151825,https://clinicaltrials.gov/study/NCT02151825,,,Effect of a Synbiotic on the Gut Microbiota and Adiposity-related Markers in Healthy Overweight Subjects,2011,,clinical_trial_registry,intervention_metadata;clinical_outcome,Auto-collected from ClinicalTrials.gov API v2; requires manual review.,auto_search,2026-05-26
NCT:NCT02158676,clinical_trial,ClinicalTrials.gov,NCT02158676,https://clinicaltrials.gov/study/NCT02158676,,,Effect of Prebiotic and Synbiotic Supplementation in Individuals Undergoing Roux-en-y Gastric Bypass.,2013,,clinical_trial_registry,intervention_metadata;clinical_outcome,Auto-collected from ClinicalTrials.gov API v2; requires manual review.,auto_search,2026-05-26
NCT:NCT06710106,clinical_trial,ClinicalTrials.gov,NCT06710106,https://clinicaltrials.gov/study/NCT06710106,,,Effect of a Low-calorie Diet With a Prebiotic Supplement on Health of Overweight-obese Subjects.,2024,,clinical_trial_registry,intervention_metadata;clinical_outcome,Auto-collected from ClinicalTrials.gov API v2; requires manual review.,auto_search,2026-05-26
NCT:NCT04561284,clinical_trial,ClinicalTrials.gov,NCT04561284,https://clinicaltrials.gov/study/NCT04561284,,,Carbohydrate-induced Resilience of the Gut Microbiome After Antibiotics Use,2020,,clinical_trial_registry,intervention_metadata;clinical_outcome,Auto-collected from ClinicalTrials.gov API v2; requires manual review.,auto_search,2026-05-26
NCT:NCT02217579,clinical_trial,ClinicalTrials.gov,NCT02217579,https://clinicaltrials.gov/study/NCT02217579,,,Effect of Protein and Prebiotic Fiber Intake on Adiposity in Overweight and Obese Adults,2013,,clinical_trial_registry,intervention_metadata;clinical_outcome,Auto-collected from ClinicalTrials.gov API v2; requires manual review.,auto_search,2026-05-26
NCT:NCT04810572,clinical_trial,ClinicalTrials.gov,NCT04810572,https://clinicaltrials.gov/study/NCT04810572,,,Nutraceutical Composition Containing Natural Products Derivatives on the Modulation of the Endocrine Neuroimmune Axis,2021,,clinical_trial_registry,intervention_metadata;clinical_outcome,Auto-collected from ClinicalTrials.gov API v2; requires manual review.,auto_search,2026-05-26
NCT:NCT03530501,clinical_trial,ClinicalTrials.gov,NCT03530501,https://clinicaltrials.gov/study/NCT03530501,,,Effect of Very-low Calorie Diet and Synbiotic Supplementation in Gut Microbiota (Pronokal Method),2016,,clinical_trial_registry,intervention_metadata;clinical_outcome,Auto-collected from ClinicalTrials.gov API v2; requires manual review.,auto_search,2026-05-26
NCT:NCT05353504,clinical_trial,ClinicalTrials.gov,NCT05353504,https://clinicaltrials.gov/study/NCT05353504,,,Impact of Microbiome-changing Interventions on Food Decision-making,2022,,clinical_trial_registry,intervention_metadata;clinical_outcome,Auto-collected from ClinicalTrials.gov API v2; requires manual review.,auto_search,2026-05-26
NCT:NCT01004120,clinical_trial,ClinicalTrials.gov,NCT01004120,https://clinicaltrials.gov/study/NCT01004120,,,Efficacy of a Prebiotic Galactooligosaccharide to Reduce Metabolic Syndrome Risk Factors in Overweight Adults,2009,,clinical_trial_registry,intervention_metadata;clinical_outcome,Auto-collected from ClinicalTrials.gov API v2; requires manual review.,auto_search,2026-05-26
NCT:NCT07559227,clinical_trial,ClinicalTrials.gov,NCT07559227,https://clinicaltrials.gov/study/NCT07559227,,,"Gut, Immune, and Vascular Health in Metabolically Healthy Obesity",2026,,clinical_trial_registry,intervention_metadata;clinical_outcome,Auto-collected from ClinicalTrials.gov API v2; requires manual review.,auto_search,2026-05-26
NCT:NCT04809688,clinical_trial,ClinicalTrials.gov,NCT04809688,https://clinicaltrials.gov/study/NCT04809688,,,Saskatoon Berry on Metabolism and Gut Microbiota in Healthy Subjects,2023,,clinical_trial_registry,intervention_metadata;clinical_outcome,Auto-collected from ClinicalTrials.gov API v2; requires manual review.,auto_search,2026-05-26
NCT:NCT05459909,clinical_trial,ClinicalTrials.gov,NCT05459909,https://clinicaltrials.gov/study/NCT05459909,,,The Effect of Synbiotic and Diet Modification Among Overweight or Obese Hong Kong Chinese,2020,,clinical_trial_registry,intervention_metadata;clinical_outcome,Auto-collected from ClinicalTrials.gov API v2; requires manual review.,auto_search,2026-05-26
NCT:NCT04398693,clinical_trial,ClinicalTrials.gov,NCT04398693,https://clinicaltrials.gov/study/NCT04398693,,,Evaluation of Intestinal Microbiota Manipulation to Treat Resistant Hypertension,2019,,clinical_trial_registry,intervention_metadata;clinical_outcome,Auto-collected from ClinicalTrials.gov API v2; requires manual review.,auto_search,2026-05-26
NCT:NCT03266055,clinical_trial,ClinicalTrials.gov,NCT03266055,https://clinicaltrials.gov/study/NCT03266055,,,Effects of Blueberry on Gut Microbiota and Metabolic Syndrome,2017,,clinical_trial_registry,intervention_metadata;clinical_outcome,Auto-collected from ClinicalTrials.gov API v2; requires manual review.,auto_search,2026-05-26
NCT:NCT02608983,clinical_trial,ClinicalTrials.gov,NCT02608983,https://clinicaltrials.gov/study/NCT02608983,,,Hydrocolloids as Functional Food Ingredients for Gut Health,2010,,clinical_trial_registry,intervention_metadata;clinical_outcome,Auto-collected from ClinicalTrials.gov API v2; requires manual review.,auto_search,2026-05-26
NCT:NCT05405205,clinical_trial,ClinicalTrials.gov,NCT05405205,https://clinicaltrials.gov/study/NCT05405205,,,Effect of Synbiotic L. Fermentum Strains on Body Fat Mass,2021,,clinical_trial_registry,intervention_metadata;clinical_outcome,Auto-collected from ClinicalTrials.gov API v2; requires manual review.,auto_search,2026-05-26
NCT:NCT03135041,clinical_trial,ClinicalTrials.gov,NCT03135041,https://clinicaltrials.gov/study/NCT03135041,,,The Effect of Prebiotic Fibres on Weight Loss in an Overweight and Obese Population,2017,,clinical_trial_registry,intervention_metadata;clinical_outcome,Auto-collected from ClinicalTrials.gov API v2; requires manual review.,auto_search,2026-05-26
NCT:NCT01724736,clinical_trial,ClinicalTrials.gov,NCT01724736,https://clinicaltrials.gov/study/NCT01724736,,,A Pilot Study to Determine the Effect of a Cobiotic Formulation on the Gastrointestinal Microbiome,2012,,clinical_trial_registry,intervention_metadata;clinical_outcome,Auto-collected from ClinicalTrials.gov API v2; requires manual review.,auto_search,2026-05-26
NCT:NCT05255367,clinical_trial,ClinicalTrials.gov,NCT05255367,https://clinicaltrials.gov/study/NCT05255367,,,Effect of (Poly)Phenolic on Cardiometabolic Risk of Postmenopausal Women,2022,,clinical_trial_registry,intervention_metadata;clinical_outcome,Auto-collected from ClinicalTrials.gov API v2; requires manual review.,auto_search,2026-05-26
NCT:NCT07492485,clinical_trial,ClinicalTrials.gov,NCT07492485,https://clinicaltrials.gov/study/NCT07492485,,,Precision Nutrition Recommendations Generated by Metataxonomic Microbiome Testing Improve Food Group Choices and Intestinal Health Indicators in an Obese Population in Colombia,2023,,clinical_trial_registry,intervention_metadata;clinical_outcome,Auto-collected from ClinicalTrials.gov API v2; requires manual review.,auto_search,2026-05-26
NCT:NCT02355210,clinical_trial,ClinicalTrials.gov,NCT02355210,https://clinicaltrials.gov/study/NCT02355210,,,Use of a Novel Synbiotic to Change Human Gut Bacteria and Improve Health in Obese Adults,2013,,clinical_trial_registry,intervention_metadata;clinical_outcome,Auto-collected from ClinicalTrials.gov API v2; requires manual review.,auto_search,2026-05-26
NCT:NCT03051399,clinical_trial,ClinicalTrials.gov,NCT03051399,https://clinicaltrials.gov/study/NCT03051399,,,Clinical Evaluation of the Effects of EpiCor on Digestive Comfort,2015,,clinical_trial_registry,intervention_metadata;clinical_outcome,Auto-collected from ClinicalTrials.gov API v2; requires manual review.,auto_search,2026-05-26
NCT:NCT03800277,clinical_trial,ClinicalTrials.gov,NCT03800277,https://clinicaltrials.gov/study/NCT03800277,,,Effect of Cranberry and Agaves Extract on Microbiota and Intestinal Health,2018,,clinical_trial_registry,intervention_metadata;clinical_outcome,Auto-collected from ClinicalTrials.gov API v2; requires manual review.,auto_search,2026-05-26
NCT:NCT01913678,clinical_trial,ClinicalTrials.gov,NCT01913678,https://clinicaltrials.gov/study/NCT01913678,,,The Effect of Dairy Fat and Inulin on Fasting Induced Adipose Factor (FIAF) Blood Concentrations,2013,,clinical_trial_registry,intervention_metadata;clinical_outcome,Auto-collected from ClinicalTrials.gov API v2; requires manual review.,auto_search,2026-05-26
NCT:NCT06192693,clinical_trial,ClinicalTrials.gov,NCT06192693,https://clinicaltrials.gov/study/NCT06192693,,,Fecal Microbiota Transfer to Improve Diabetes Control Post-bariatric Surgery,2024,,clinical_trial_registry,intervention_metadata;clinical_outcome,Auto-collected from ClinicalTrials.gov API v2; requires manual review.,auto_search,2026-05-26
NCT:NCT04130321,clinical_trial,ClinicalTrials.gov,NCT04130321,https://clinicaltrials.gov/study/NCT04130321,,,Demonstration of the Prebiotic-like Effects of Camu-camu Consumption Against Obesity-related Disorders in Humans,2020,,clinical_trial_registry,intervention_metadata;clinical_outcome,Auto-collected from ClinicalTrials.gov API v2; requires manual review.,auto_search,2026-05-26
NCT:NCT03322449,clinical_trial,ClinicalTrials.gov,NCT03322449,https://clinicaltrials.gov/study/NCT03322449,,,"APOA2 Gene, Diet, Inflammation and Gut Health",2017,,clinical_trial_registry,intervention_metadata;clinical_outcome,Auto-collected from ClinicalTrials.gov API v2; requires manual review.,auto_search,2026-05-26
NCT:NCT05671731,clinical_trial,ClinicalTrials.gov,NCT05671731,https://clinicaltrials.gov/study/NCT05671731,,,Combining Prebiotic and Diet/Physical Activity Educational Program Effects on Body Composition and Intestinal Microbiota in Children,2012,,clinical_trial_registry,intervention_metadata;clinical_outcome,Auto-collected from ClinicalTrials.gov API v2; requires manual review.,auto_search,2026-05-26
NCT:NCT06795607,clinical_trial,ClinicalTrials.gov,NCT06795607,https://clinicaltrials.gov/study/NCT06795607,,,Effect of the Probiotic SF68&#174; on Body Composition and Low-to-moderate Cardiovascular Risk,2024,,clinical_trial_registry,intervention_metadata;clinical_outcome,Auto-collected from ClinicalTrials.gov API v2; requires manual review.,auto_search,2026-05-26
NCT:NCT01870544,clinical_trial,ClinicalTrials.gov,NCT01870544,https://clinicaltrials.gov/study/NCT01870544,,,"Does Weight Loss Surgery and Probiotic Supplementation Lead to a ""Lean"" Gut Microbiota?",2013,,clinical_trial_registry,intervention_metadata;clinical_outcome,Auto-collected from ClinicalTrials.gov API v2; requires manual review.,auto_search,2026-05-26
NCT:NCT01620125,clinical_trial,ClinicalTrials.gov,NCT01620125,https://clinicaltrials.gov/study/NCT01620125,,,Metabolic Control Before and After Supplementation With Lactobacillus Reuteri DSM 17938 in Type 2 Diabetes Patients,2012,,clinical_trial_registry,intervention_metadata;clinical_outcome,Auto-collected from ClinicalTrials.gov API v2; requires manual review.,auto_search,2026-05-26
NCT:NCT06305650,clinical_trial,ClinicalTrials.gov,NCT06305650,https://clinicaltrials.gov/study/NCT06305650,,,Probiotic Influence on Obesity-Related Lipidemia,2024,,clinical_trial_registry,intervention_metadata;clinical_outcome,Auto-collected from ClinicalTrials.gov API v2; requires manual review.,auto_search,2026-05-26
NCT:NCT05002153,clinical_trial,ClinicalTrials.gov,NCT05002153,https://clinicaltrials.gov/study/NCT05002153,,,The Role of Microbiome in Recurrent Obesity,2022,,clinical_trial_registry,intervention_metadata;clinical_outcome,Auto-collected from ClinicalTrials.gov API v2; requires manual review.,auto_search,2026-05-26
NCT:NCT02893943,clinical_trial,ClinicalTrials.gov,NCT02893943,https://clinicaltrials.gov/study/NCT02893943,,,Impact of Probiotics on Weight Control and Body Composition in Overweight and Obese Individuals,2017,,clinical_trial_registry,intervention_metadata;clinical_outcome,Auto-collected from ClinicalTrials.gov API v2; requires manual review.,auto_search,2026-05-26
NCT:NCT04962633,clinical_trial,ClinicalTrials.gov,NCT04962633,https://clinicaltrials.gov/study/NCT04962633,,,Dietary Intervention With Probiotic Pasta and Evaluation of the Effects on Metabolic and Inflammatory Status,2022,,clinical_trial_registry,intervention_metadata;clinical_outcome,Auto-collected from ClinicalTrials.gov API v2; requires manual review.,auto_search,2026-05-26
NCT:NCT02768818,clinical_trial,ClinicalTrials.gov,NCT02768818,https://clinicaltrials.gov/study/NCT02768818,,,Modulation of the Intestinal Flora With the Probiotic VIVOMIXX&#8482; in Pregnant Women at Risk of Metabolic Complications,2016,,clinical_trial_registry,intervention_metadata;clinical_outcome,Auto-collected from ClinicalTrials.gov API v2; requires manual review.,auto_search,2026-05-26
NCT:NCT05949255,clinical_trial,ClinicalTrials.gov,NCT05949255,https://clinicaltrials.gov/study/NCT05949255,,,Probiotics and Insulin Resistance in Obese Asthmatics,2024,,clinical_trial_registry,intervention_metadata;clinical_outcome,Auto-collected from ClinicalTrials.gov API v2; requires manual review.,auto_search,2026-05-26
NCT:NCT02448940,clinical_trial,ClinicalTrials.gov,NCT02448940,https://clinicaltrials.gov/study/NCT02448940,,,The Effect of Supplementation With Species of Lactobacillus on Anthropometric Measurements,2014,,clinical_trial_registry,intervention_metadata;clinical_outcome,Auto-collected from ClinicalTrials.gov API v2; requires manual review.,auto_search,2026-05-26
NCT:NCT06964932,clinical_trial,ClinicalTrials.gov,NCT06964932,https://clinicaltrials.gov/study/NCT06964932,,,Probiotics in Obesity Management,2025,,clinical_trial_registry,intervention_metadata;clinical_outcome,Auto-collected from ClinicalTrials.gov API v2; requires manual review.,auto_search,2026-05-26
NCT:NCT06780007,clinical_trial,ClinicalTrials.gov,NCT06780007,https://clinicaltrials.gov/study/NCT06780007,,,Weight Loss Effect of Akkermansia Muciniphila in Obese Patients,2025,,clinical_trial_registry,intervention_metadata;clinical_outcome,Auto-collected from ClinicalTrials.gov API v2; requires manual review.,auto_search,2026-05-26
NCT:NCT01240018,clinical_trial,ClinicalTrials.gov,NCT01240018,https://clinicaltrials.gov/study/NCT01240018,,,ProSat - Long Term Effect of Probiotics on Satiety,2009,,clinical_trial_registry,intervention_metadata;clinical_outcome,Auto-collected from ClinicalTrials.gov API v2; requires manual review.,auto_search,2026-05-26
NCT:NCT01922791,clinical_trial,ClinicalTrials.gov,NCT01922791,https://clinicaltrials.gov/study/NCT01922791,,,Nutrition and Pregnancy Intervention Study,2013,,clinical_trial_registry,intervention_metadata;clinical_outcome,Auto-collected from ClinicalTrials.gov API v2; requires manual review.,auto_search,2026-05-26
NCT:NCT03994055,clinical_trial,ClinicalTrials.gov,NCT03994055,https://clinicaltrials.gov/study/NCT03994055,,,Effect of an Anti-inflammatory Diet on Patients With Cervical Cancer,2018,,clinical_trial_registry,intervention_metadata;clinical_outcome,Auto-collected from ClinicalTrials.gov API v2; requires manual review.,auto_search,2026-05-26
NCT:NCT04884776,clinical_trial,ClinicalTrials.gov,NCT04884776,https://clinicaltrials.gov/study/NCT04884776,,,Modulation of Gut Microbiota to Enhance Health and Immunity,2021,,clinical_trial_registry,intervention_metadata;clinical_outcome,Auto-collected from ClinicalTrials.gov API v2; requires manual review.,auto_search,2026-05-26
NCT:NCT03883191,clinical_trial,ClinicalTrials.gov,NCT03883191,https://clinicaltrials.gov/study/NCT03883191,,,Effect of a Three Combined Probiotics Supplementation on Weight Loss in Obese/Overweight Children,2017,,clinical_trial_registry,intervention_metadata;clinical_outcome,Auto-collected from ClinicalTrials.gov API v2; requires manual review.,auto_search,2026-05-26
NCT:NCT03261466,clinical_trial,ClinicalTrials.gov,NCT03261466,https://clinicaltrials.gov/study/NCT03261466,,,BIFI-OBESE: Clinical Trial in Paediatric Obesity,2013,,clinical_trial_registry,intervention_metadata;clinical_outcome,Auto-collected from ClinicalTrials.gov API v2; requires manual review.,auto_search,2026-05-26
NCT:NCT00164099,clinical_trial,ClinicalTrials.gov,NCT00164099,https://clinicaltrials.gov/study/NCT00164099,,,The Role of Synbiotics in Reducing Post-Operative Infections in Patients Undergoing Cardiac Surgery: A Pilot Study,2005,,clinical_trial_registry,intervention_metadata;clinical_outcome,Auto-collected from ClinicalTrials.gov API v2; requires manual review.,auto_search,2026-05-26
NCT:NCT04507867,clinical_trial,ClinicalTrials.gov,NCT04507867,https://clinicaltrials.gov/study/NCT04507867,,,Effect of a NSS to Reduce Complications in Patients With Covid-19 and Comorbidities in Stage III,2020,,clinical_trial_registry,intervention_metadata;clinical_outcome,Auto-collected from ClinicalTrials.gov API v2; requires manual review.,auto_search,2026-05-26
NCT:NCT01106924,clinical_trial,ClinicalTrials.gov,NCT01106924,https://clinicaltrials.gov/study/NCT01106924,,,Effects of a Probiotic on Body Weight,2010,,clinical_trial_registry,intervention_metadata;clinical_outcome,Auto-collected from ClinicalTrials.gov API v2; requires manual review.,auto_search,2026-05-26
NCT:NCT04136587,clinical_trial,ClinicalTrials.gov,NCT04136587,https://clinicaltrials.gov/study/NCT04136587,,,The Bacterial Secretome in IBD,2019,,clinical_trial_registry,intervention_metadata;clinical_outcome,Auto-collected from ClinicalTrials.gov API v2; requires manual review.,auto_search,2026-05-26
NCT:NCT04863313,clinical_trial,ClinicalTrials.gov,NCT04863313,https://clinicaltrials.gov/study/NCT04863313,,,Effect of a Probiotic on the Glycemic Profile and the Fecal Microbiota of Prediabetic Subjects (PREDIABETCARE),2021,,clinical_trial_registry,intervention_metadata;clinical_outcome,Auto-collected from ClinicalTrials.gov API v2; requires manual review.,auto_search,2026-05-26
NCT:NCT04685057,clinical_trial,ClinicalTrials.gov,NCT04685057,https://clinicaltrials.gov/study/NCT04685057,,,Probiotic Treatment for Prader-Willi Syndrome,2021,,clinical_trial_registry,intervention_metadata;clinical_outcome,Auto-collected from ClinicalTrials.gov API v2; requires manual review.,auto_search,2026-05-26
NCT:NCT06327919,clinical_trial,ClinicalTrials.gov,NCT06327919,https://clinicaltrials.gov/study/NCT06327919,,,Effects of Probiotic Supplementation With Weight Reducing Plan in Patients With Food Addiction and Weight Regain After Bariatric Surgery,2022,,clinical_trial_registry,intervention_metadata;clinical_outcome,Auto-collected from ClinicalTrials.gov API v2; requires manual review.,auto_search,2026-05-26
NCT:NCT06815926,clinical_trial,ClinicalTrials.gov,NCT06815926,https://clinicaltrials.gov/study/NCT06815926,,,Clinical Trial to Evaluate the Effect of a Probiotic Product on Weight,2025,,clinical_trial_registry,intervention_metadata;clinical_outcome,Auto-collected from ClinicalTrials.gov API v2; requires manual review.,auto_search,2026-05-26
NCT:NCT01650025,clinical_trial,ClinicalTrials.gov,NCT01650025,https://clinicaltrials.gov/study/NCT01650025,,,"Effects of VSL#3 on Metabolic, Endocrine, Lipidomic and Inflammatory Parameters of Pediatric Patients With BMI>90&#176;",2012,,clinical_trial_registry,intervention_metadata;clinical_outcome,Auto-collected from ClinicalTrials.gov API v2; requires manual review.,auto_search,2026-05-26
NCT:NCT06987279,clinical_trial,ClinicalTrials.gov,NCT06987279,https://clinicaltrials.gov/study/NCT06987279,,,Lactobacillus Plantarum and Hormonal Regulation in Obese Women,2025,,clinical_trial_registry,intervention_metadata;clinical_outcome,Auto-collected from ClinicalTrials.gov API v2; requires manual review.,auto_search,2026-05-26
NCT:NCT06729671,clinical_trial,ClinicalTrials.gov,NCT06729671,https://clinicaltrials.gov/study/NCT06729671,,,A Probiotic Strategy for Antipsychotic-induced Metabolic Dysfunction,2024,,clinical_trial_registry,intervention_metadata;clinical_outcome,Auto-collected from ClinicalTrials.gov API v2; requires manual review.,auto_search,2026-05-26
NCT:NCT04042181,clinical_trial,ClinicalTrials.gov,NCT04042181,https://clinicaltrials.gov/study/NCT04042181,,,"The Effects of Supplementation of a Probiotic, B. Longum, on BMI and Anthropometric Outcomes in Overweight/Obese Adults.",2018,,clinical_trial_registry,intervention_metadata;clinical_outcome,Auto-collected from ClinicalTrials.gov API v2; requires manual review.,auto_search,2026-05-26
NCT:NCT06786052,clinical_trial,ClinicalTrials.gov,NCT06786052,https://clinicaltrials.gov/study/NCT06786052,,,EXploratory Study on Postprandial Energy Metabolism,2025,,clinical_trial_registry,intervention_metadata;clinical_outcome,Auto-collected from ClinicalTrials.gov API v2; requires manual review.,auto_search,2026-05-26
NCT:NCT04985877,clinical_trial,ClinicalTrials.gov,NCT04985877,https://clinicaltrials.gov/study/NCT04985877,,,Effect of Fermented Milk Containing Lactobacillus Casei Strain Shirota in Sarcopenia Elderly,2021,,clinical_trial_registry,intervention_metadata;clinical_outcome,Auto-collected from ClinicalTrials.gov API v2; requires manual review.,auto_search,2026-05-26
NCT:NCT07448220,clinical_trial,ClinicalTrials.gov,NCT07448220,https://clinicaltrials.gov/study/NCT07448220,,,Study on the Efficacy of Probiotics in the Treatment of Childhood Obesity and Their Effects on Gut Microbiota,2023,,clinical_trial_registry,intervention_metadata;clinical_outcome,Auto-collected from ClinicalTrials.gov API v2; requires manual review.,auto_search,2026-05-26
NCT:NCT03287726,clinical_trial,ClinicalTrials.gov,NCT03287726,https://clinicaltrials.gov/study/NCT03287726,,,What is the Impact of Probiotics on Weight Loss Maintenance in Individuals With Obesity?,2017,,clinical_trial_registry,intervention_metadata;clinical_outcome,Auto-collected from ClinicalTrials.gov API v2; requires manual review.,auto_search,2026-05-26
NCT:NCT06554314,clinical_trial,ClinicalTrials.gov,NCT06554314,https://clinicaltrials.gov/study/NCT06554314,,,Effect of Probiotics on Regulating Gut Health and Blood Lipid in Adults,2024,,clinical_trial_registry,intervention_metadata;clinical_outcome,Auto-collected from ClinicalTrials.gov API v2; requires manual review.,auto_search,2026-05-26
NCT:NCT03100162,clinical_trial,ClinicalTrials.gov,NCT03100162,https://clinicaltrials.gov/study/NCT03100162,,,Effect of Oral Supplementation With Probiotics,2016,,clinical_trial_registry,intervention_metadata;clinical_outcome,Auto-collected from ClinicalTrials.gov API v2; requires manual review.,auto_search,2026-05-26
NCT:NCT07342946,clinical_trial,ClinicalTrials.gov,NCT07342946,https://clinicaltrials.gov/study/NCT07342946,,,The Effects of the Mediterranean Diet and Synbiotics in Polycystic Ovary Syndrome,2025,,clinical_trial_registry,intervention_metadata;clinical_outcome,Auto-collected from ClinicalTrials.gov API v2; requires manual review.,auto_search,2026-05-26
NCT:NCT01718418,clinical_trial,ClinicalTrials.gov,NCT01718418,https://clinicaltrials.gov/study/NCT01718418,,,Role of Colonic Events on Metabolism and Appetite Control: A Synbiotic Approach,2012,,clinical_trial_registry,intervention_metadata;clinical_outcome,Auto-collected from ClinicalTrials.gov API v2; requires manual review.,auto_search,2026-05-26
NCT:NCT05073029,clinical_trial,ClinicalTrials.gov,NCT05073029,https://clinicaltrials.gov/study/NCT05073029,,,Open Label Randomized Clinical Study to Promote a Healthy Lifestyle in Medical Students,2019,,clinical_trial_registry,intervention_metadata;clinical_outcome,Auto-collected from ClinicalTrials.gov API v2; requires manual review.,auto_search,2026-05-26
NCT:NCT06974994,clinical_trial,ClinicalTrials.gov,NCT06974994,https://clinicaltrials.gov/study/NCT06974994,,,Resilience to Antibiotic-induced Obesogenic Microbiota: Discovering Mechanism of Microbiota Modulation,2024,,clinical_trial_registry,intervention_metadata;clinical_outcome,Auto-collected from ClinicalTrials.gov API v2; requires manual review.,auto_search,2026-05-26
NCT:NCT04754464,clinical_trial,ClinicalTrials.gov,NCT04754464,https://clinicaltrials.gov/study/NCT04754464,,,Clinical Study on the Effect of a Synbiotic on Body Fat Mass,2020,,clinical_trial_registry,intervention_metadata;clinical_outcome,Auto-collected from ClinicalTrials.gov API v2; requires manual review.,auto_search,2026-05-26
NCT:NCT04611477,clinical_trial,ClinicalTrials.gov,NCT04611477,https://clinicaltrials.gov/study/NCT04611477,,,Effect of Synbiotic 365 on Body Composition in Overweight and Obese Individuals,2020,,clinical_trial_registry,intervention_metadata;clinical_outcome,Auto-collected from ClinicalTrials.gov API v2; requires manual review.,auto_search,2026-05-26
NCT:NCT05423015,clinical_trial,ClinicalTrials.gov,NCT05423015,https://clinicaltrials.gov/study/NCT05423015,,,Assessment of the Effects of Synbiotic on Gut Microbiota Composition in Scholars With Overweight,2017,,clinical_trial_registry,intervention_metadata;clinical_outcome,Auto-collected from ClinicalTrials.gov API v2; requires manual review.,auto_search,2026-05-26
NCT:NCT05942586,clinical_trial,ClinicalTrials.gov,NCT05942586,https://clinicaltrials.gov/study/NCT05942586,,,The Symbiont-Restore Study,2023,,clinical_trial_registry,intervention_metadata;clinical_outcome,Auto-collected from ClinicalTrials.gov API v2; requires manual review.,auto_search,2026-05-26
NCT:NCT06578143,clinical_trial,ClinicalTrials.gov,NCT06578143,https://clinicaltrials.gov/study/NCT06578143,,,Effects of Synbiotics on Obesity,2024,,clinical_trial_registry,intervention_metadata;clinical_outcome,Auto-collected from ClinicalTrials.gov API v2; requires manual review.,auto_search,2026-05-26
NCT:NCT06891105,clinical_trial,ClinicalTrials.gov,NCT06891105,https://clinicaltrials.gov/study/NCT06891105,,,Effect of Probiotic and Synbiotic Administration on Nutritional Status in Hemodialysis Patients,2025,,clinical_trial_registry,intervention_metadata;clinical_outcome,Auto-collected from ClinicalTrials.gov API v2; requires manual review.,auto_search,2026-05-26
NCT:NCT01680640,clinical_trial,ClinicalTrials.gov,NCT01680640,https://clinicaltrials.gov/study/NCT01680640,,,Investigation of Synbiotic Treatment in NAFLD,2013,,clinical_trial_registry,intervention_metadata;clinical_outcome,Auto-collected from ClinicalTrials.gov API v2; requires manual review.,auto_search,2026-05-26
NCT:NCT07400367,clinical_trial,ClinicalTrials.gov,NCT07400367,https://clinicaltrials.gov/study/NCT07400367,,,"Impact of a Probiotic Supplementation With Lifestyle Modification on Liver Steatosis, Fibrosis, and Metabolic Health in Patients With Metabolic Dysfunction-Associated Steatotic Liver Disease (MASLD)",2026,,clinical_trial_registry,intervention_metadata;clinical_outcome,Auto-collected from ClinicalTrials.gov API v2; requires manual review.,auto_search,2026-05-26
NCT:NCT04097106,clinical_trial,ClinicalTrials.gov,NCT04097106,https://clinicaltrials.gov/study/NCT04097106,,,Synbiotic Dietary Supplement and Gut Microbiota,2020,,clinical_trial_registry,intervention_metadata;clinical_outcome,Auto-collected from ClinicalTrials.gov API v2; requires manual review.,auto_search,2026-05-26
NCT:NCT04642482,clinical_trial,ClinicalTrials.gov,NCT04642482,https://clinicaltrials.gov/study/NCT04642482,,,Synbiotic Therapy on Intestinal Microbiota and Insulin Resistance in Obesity,2019,,clinical_trial_registry,intervention_metadata;clinical_outcome,Auto-collected from ClinicalTrials.gov API v2; requires manual review.,auto_search,2026-05-26
NCT:NCT01978691,clinical_trial,ClinicalTrials.gov,NCT01978691,https://clinicaltrials.gov/study/NCT01978691,,,The Effect of a Bifidobacterium and Polydextrose on Body Fat Mass,2013,,clinical_trial_registry,intervention_metadata;clinical_outcome,Auto-collected from ClinicalTrials.gov API v2; requires manual review.,auto_search,2026-05-26
NCT:NCT06213480,clinical_trial,ClinicalTrials.gov,NCT06213480,https://clinicaltrials.gov/study/NCT06213480,,,Next-Generation Synbiotic in Individuals With Overweight or Obesity,2024,,clinical_trial_registry,intervention_metadata;clinical_outcome,Auto-collected from ClinicalTrials.gov API v2; requires manual review.,auto_search,2026-05-26
NCT:NCT07515443,clinical_trial,ClinicalTrials.gov,NCT07515443,https://clinicaltrials.gov/study/NCT07515443,,,The Effects of a Commercially Available Synbiotic on the Gut Microbiome and Cardiometabolic Health: A Randomized Double-Blind Placebo-Controlled Trial,2025,,clinical_trial_registry,intervention_metadata;clinical_outcome,Auto-collected from ClinicalTrials.gov API v2; requires manual review.,auto_search,2026-05-26
NCT:NCT07386795,clinical_trial,ClinicalTrials.gov,NCT07386795,https://clinicaltrials.gov/study/NCT07386795,,,The Efficacy and Safety of Microbiota Transplantation Combined With Prebiotics for Treatment of Functional Constipation,2026,,clinical_trial_registry,intervention_metadata;clinical_outcome,Auto-collected from ClinicalTrials.gov API v2; requires manual review.,auto_search,2026-05-26
NCT:NCT02660333,clinical_trial,ClinicalTrials.gov,NCT02660333,https://clinicaltrials.gov/study/NCT02660333,,,Effect of Prebiotic or Synbiotic on Inflammatory Response and Indicators of Nutritional Status in Obesity,2016,,clinical_trial_registry,intervention_metadata;clinical_outcome,Auto-collected from ClinicalTrials.gov API v2; requires manual review.,auto_search,2026-05-26
NCT:NCT06035718,clinical_trial,ClinicalTrials.gov,NCT06035718,https://clinicaltrials.gov/study/NCT06035718,,,Effect of Transcranial Direct Current Stimulation (tDCS) and Probiotic Supplementation in Overweight Adults,2023,,clinical_trial_registry,intervention_metadata;clinical_outcome,Auto-collected from ClinicalTrials.gov API v2; requires manual review.,auto_search,2026-05-26
NCT:NCT06901739,clinical_trial,ClinicalTrials.gov,NCT06901739,https://clinicaltrials.gov/study/NCT06901739,,,Therapeutic Potential of a Synbiotic to Improve Mental Health in Subjects With Obesity.,2025,,clinical_trial_registry,intervention_metadata;clinical_outcome,Auto-collected from ClinicalTrials.gov API v2; requires manual review.,auto_search,2026-05-26
NCT:NCT05162209,clinical_trial,ClinicalTrials.gov,NCT05162209,https://clinicaltrials.gov/study/NCT05162209,,,PROBESITY-2: Synbiotics in Pediatric Obesity,2019,,clinical_trial_registry,intervention_metadata;clinical_outcome,Auto-collected from ClinicalTrials.gov API v2; requires manual review.,auto_search,2026-05-26
EUROPEPMC:42091844,literature,PubMed,42091844,https://europepmc.org/article/MED/42091844,10.1007/s11695-026-08706-1,42091844,"Probiotic Effect on Quality of Life, Bowel Habits and Weight Loss after Different Types of Bariatric Surgeries, a Randomized Controlled Trial.",2026,Obes Surg,needs_manual_review,evidence_registry,Auto-collected from Europe PMC; requires manual review.,auto_search,2026-05-26
EUROPEPMC:42065141,literature,PubMed,42065141,https://europepmc.org/article/MED/42065141,10.1177/1096620x261448041,42065141,"Effects of <i>Lactiplantibacillus Plantarum</i> KABP051 Probiotic on Body Composition, Microbiome and Mood in Healthy Overweight Adults.",2026,J Med Food,needs_manual_review,evidence_registry,Auto-collected from Europe PMC; requires manual review.,auto_search,2026-05-26
EUROPEPMC:42108208,literature,PubMed,42108208,https://europepmc.org/article/MED/42108208,10.1093/nutrit/nuag048,42108208,Comparative Efficacy of Probiotics for the Treatment of Obesity: A Systematic Review and Network Meta-analysis.,2026,Nutr Rev,needs_manual_review,evidence_registry,Auto-collected from Europe PMC; requires manual review.,auto_search,2026-05-26
EUROPEPMC:41921070,literature,PubMed,41921070,https://europepmc.org/article/MED/41921070,10.1093/lambio/ovag041,41921070,Anti-obesity effects of probiotics beyond BMI: a critical review of human clinical trials.,2026,Lett Appl Microbiol,needs_manual_review,evidence_registry,Auto-collected from Europe PMC; requires manual review.,auto_search,2026-05-26
EUROPEPMC:41938967,literature,PubMed,41938967,https://europepmc.org/article/MED/41938967,10.3389/fpubh.2026.1767108,41938967,Efficacy of probiotic supplementation for body weight management in overweight and obese adults: a meta-analysis of randomized controlled trials predominantly from East Asia.,2026,Front Public Health,needs_manual_review,evidence_registry,Auto-collected from Europe PMC; requires manual review.,auto_search,2026-05-26
EUROPEPMC:PMC13093803,literature,publisher supplementary data,PMC13093803,,,,"Lipid stress evolved, microbiome&#8208;based probiotics reduce lipid uptake in mice",2026,Bioeng Transl Med,needs_manual_review,evidence_registry,Auto-collected from Europe PMC; requires manual review.,auto_search,2026-05-26
EUROPEPMC:42039766,literature,PubMed,42039766,https://europepmc.org/article/MED/42039766,10.1002/fsn3.71801,42039766,The Role of Gut Microbiome in Obesity and Weight Management: A Review of Current Evidence and Future Directions.,2026,Food Sci Nutr,needs_manual_review,evidence_registry,Auto-collected from Europe PMC; requires manual review.,auto_search,2026-05-26
EUROPEPMC:41906418,literature,PubMed,41906418,https://europepmc.org/article/MED/41906418,10.1080/19490976.2026.2647535,41906418,Dysregulated eating behaviour and microbiota-based interventions targeting eating disorders and food addiction.,2026,Gut Microbes,needs_manual_review,evidence_registry,Auto-collected from Europe PMC; requires manual review.,auto_search,2026-05-26
EUROPEPMC:41822330,literature,PubMed,41822330,https://europepmc.org/article/MED/41822330,10.3389/fcimb.2026.1705021,41822330,Gut microbiota in obesity management: from microbial clocks to precision microbial therapies.,2026,Front Cell Infect Microbiol,needs_manual_review,evidence_registry,Auto-collected from Europe PMC; requires manual review.,auto_search,2026-05-26
EUROPEPMC:41978101,literature,PubMed,41978101,https://europepmc.org/article/MED/41978101,10.3390/nu18071050,41978101,Energy-Metabolism-Enhancing Probiotics Enhance the Therapeutic Response to a Glucagon-like Peptide-1 Receptor Agonist.,2026,Nutrients,needs_manual_review,evidence_registry,Auto-collected from Europe PMC; requires manual review.,auto_search,2026-05-26
EUROPEPMC:41717546,literature,PubMed,41717546,https://europepmc.org/article/MED/41717546,10.3389/fendo.2026.1680182,41717546,The effect of combining surgical or endoscopic bariatric interventions with anti-obesity medication or probiotics on weight loss: a narrative review.,2026,Front Endocrinol (Lausanne),needs_manual_review,evidence_registry,Auto-collected from Europe PMC; requires manual review.,auto_search,2026-05-26
EUROPEPMC:10.21203/rs.3.rs-9134629/v1,literature,publisher supplementary data,10.21203/rs.3.rs-9134629/v1,,10.21203/rs.3.rs-9134629/v1,,Blood drops to gut maps: dried blood spot metabolomics infers gut microbiome composition and guides probiotic intervention in metabolic disease,2026,,needs_manual_review,evidence_registry,Auto-collected from Europe PMC; requires manual review.,auto_search,2026-05-26
EUROPEPMC:41774188,literature,PubMed,41774188,https://europepmc.org/article/MED/41774188,10.1007/s00018-025-06022-y,41774188,"Microbes, mood, and metabolism/obesity: Pharmacological insights into the gut-obesity-depression triad.",2026,Cell Mol Life Sci,needs_manual_review,evidence_registry,Auto-collected from Europe PMC; requires manual review.,auto_search,2026-05-26
EUROPEPMC:10.21203/rs.3.rs-8449196/v1,literature,publisher supplementary data,10.21203/rs.3.rs-8449196/v1,,10.21203/rs.3.rs-8449196/v1,,"Probiotic Effect on Quality of Life, Bowel Habits and Weight Loss after Different Types of Bariatric Surgeries, a Randomized Controlled Trial",2026,,needs_manual_review,evidence_registry,Auto-collected from Europe PMC; requires manual review.,auto_search,2026-05-26
EUROPEPMC:41746476,literature,PubMed,41746476,https://europepmc.org/article/MED/41746476,10.1007/s13668-026-00732-w,41746476,"The Gut-Brain Axis in Obesity: Mechanisms, Development, and Therapeutic Perspectives.",2026,Curr Nutr Rep,needs_manual_review,evidence_registry,Auto-collected from Europe PMC; requires manual review.,auto_search,2026-05-26
EUROPEPMC:42051485,literature,PubMed,42051485,https://europepmc.org/article/MED/42051485,10.3389/fimmu.2026.1803488,42051485,Targeted regulation of adipose tissue macrophages from an immunometabolic perspective: a novel therapeutic approach for obesity-related metabolic disorders.,2026,Front Immunol,needs_manual_review,evidence_registry,Auto-collected from Europe PMC; requires manual review.,auto_search,2026-05-26
EUROPEPMC:41990710,literature,PubMed,41990710,https://europepmc.org/article/MED/41990710,10.1016/j.canep.2026.103079,41990710,Maternal obesity and the intergenerational risk of cancer: Epidemiologic evidence and mechanistic insights.,2026,Cancer Epidemiol,needs_manual_review,evidence_registry,Auto-collected from Europe PMC; requires manual review.,auto_search,2026-05-26
EUROPEPMC:10.64898/2026.04.01.715546,literature,publisher supplementary data,10.64898/2026.04.01.715546,,10.64898/2026.04.01.715546,,<i>Saccharomyces boulardii</i> attenuates obesity-associated inflammation and weight gain through coordinated gut ecosystem remodeling,2026,,needs_manual_review,evidence_registry,Auto-collected from Europe PMC; requires manual review.,auto_search,2026-05-26
EUROPEPMC:42016853,literature,PubMed,42016853,https://europepmc.org/article/MED/42016853,10.1002/btm2.70122,42016853,"Lipid stress evolved, microbiome-based probiotics reduce lipid uptake in mice.",2026,Bioeng Transl Med,needs_manual_review,evidence_registry,Auto-collected from Europe PMC; requires manual review.,auto_search,2026-05-26
EUROPEPMC:41901128,literature,PubMed,41901128,https://europepmc.org/article/MED/41901128,10.3390/nu18060952,41901128,The Gut Microbiota: An Essential Component in Understanding Pediatric Obesity: A Narrative Review.,2026,Nutrients,needs_manual_review,evidence_registry,Auto-collected from Europe PMC; requires manual review.,auto_search,2026-05-26
EUROPEPMC:41883787,literature,PubMed,41883787,https://europepmc.org/article/MED/41883787,10.3389/fmicb.2026.1782361,41883787,Maternal probiotic and prebiotic supplementation on glucose metabolism in pregnant women and their offspring: effects and related mechanisms.,2026,Front Microbiol,needs_manual_review,evidence_registry,Auto-collected from Europe PMC; requires manual review.,auto_search,2026-05-26
EUROPEPMC:41594449,literature,PubMed,41594449,https://europepmc.org/article/MED/41594449,10.3390/ani16020259,41594449,<i>Bifidobacterium animalis</i> Subspecies <i>lactis</i> CECT 8145 Affects Markers of Metabolic Health in Dogs During Weight Gain and Weight Loss.,2026,Animals (Basel),needs_manual_review,evidence_registry,Auto-collected from Europe PMC; requires manual review.,auto_search,2026-05-26
EUROPEPMC:41596930,literature,PubMed,41596930,https://europepmc.org/article/MED/41596930,10.3390/foods15020332,41596930,<i>Lacticaseibacillus rhamnosus</i> CU262 Attenuates High-Fat Diet-Induced Obesity via Gut-Liver Axis Reprogramming.,2026,Foods,needs_manual_review,evidence_registry,Auto-collected from Europe PMC; requires manual review.,auto_search,2026-05-26
EUROPEPMC:42072163,literature,PubMed,42072163,https://europepmc.org/article/MED/42072163,10.3390/antiox15040522,42072163,"Microbiota-Gut-Brain Axis Disruption, Neuroinflammation, and Potential Antioxidant-Based Treatments in Metabolic Diseases.",2026,Antioxidants (Basel),needs_manual_review,evidence_registry,Auto-collected from Europe PMC; requires manual review.,auto_search,2026-05-26
EUROPEPMC:41372103,literature,PubMed,41372103,https://europepmc.org/article/MED/41372103,10.1111/obr.70037,41372103,Impacts of Lifestyle and Microbiota-Targeted Interventions for Overweight and Obesity on the Human Gut Microbiome: A Systematic Review.,2026,Obes Rev,needs_manual_review,evidence_registry,Auto-collected from Europe PMC; requires manual review.,auto_search,2026-05-26
EUROPEPMC:41987929,literature,PubMed,41987929,https://europepmc.org/article/MED/41987929,10.3389/fnins.2026.1791299,41987929,The impact of the Lab4 probiotic on neurodegenerative processes in a murine Alzheimer's disease model.,2026,Front Neurosci,needs_manual_review,evidence_registry,Auto-collected from Europe PMC; requires manual review.,auto_search,2026-05-26
EUROPEPMC:41978103,literature,PubMed,41978103,https://europepmc.org/article/MED/41978103,10.3390/nu18071052,41978103,"Diet, the Gut Microbiome, and Estrogen Physiology: A Review in Menopausal Health and Interventions.",2026,Nutrients,needs_manual_review,evidence_registry,Auto-collected from Europe PMC; requires manual review.,auto_search,2026-05-26
EUROPEPMC:41373952,literature,PubMed,41373952,https://europepmc.org/article/MED/41373952,10.3390/nu17233661,41373952,Obesity and Diabetes in Mexico: An Approach to the Intestinal Microbiota.,2025,Nutrients,needs_manual_review,evidence_registry,Auto-collected from Europe PMC; requires manual review.,auto_search,2026-05-26
EUROPEPMC:41507594,literature,PubMed,41507594,https://europepmc.org/article/MED/41507594,10.1007/s00198-025-07801-w,41507594,"Impact of probiotic, prebiotic, and synbiotic supplementation on the gut microbiome in older adults with sarcopenia, obesity, and sarcopenic obesity.",2026,Osteoporos Int,needs_manual_review,evidence_registry,Auto-collected from Europe PMC; requires manual review.,auto_search,2026-05-26
EUROPEPMC:41783897,literature,PubMed,41783897,https://europepmc.org/article/MED/41783897,10.1515/mr-2025-0048,41783897,"Obesity: current developments in mechanisms, diagnosis, classification and the evolution of personalized management.",2026,Med Rev (2021),needs_manual_review,evidence_registry,Auto-collected from Europe PMC; requires manual review.,auto_search,2026-05-26
EUROPEPMC:41804549,literature,PubMed,41804549,https://europepmc.org/article/MED/41804549,10.1080/19585969.2026.2637716,41804549,Unravelling the role of the gut microbiome in antipsychotic-induced weight gain and metabolic dysfunction in humans and rodents: A systematic review.,2026,Dialogues Clin Neurosci,needs_manual_review,evidence_registry,Auto-collected from Europe PMC; requires manual review.,auto_search,2026-05-26
EUROPEPMC:41901543,literature,PubMed,41901543,https://europepmc.org/article/MED/41901543,10.3390/medicina62030458,41901543,"Nutritional Status in Obesity: A Comprehensive Narrative Review of Dysbiosis, Micronutrient Deficiencies and the Effects of Probiotics/Synbiotics.",2026,Medicina (Kaunas),needs_manual_review,evidence_registry,Auto-collected from Europe PMC; requires manual review.,auto_search,2026-05-26
EUROPEPMC:42074987,literature,PubMed,42074987,https://europepmc.org/article/MED/42074987,10.3390/nu18081174,42074987,"A Randomized, Double-Blind, Placebo-Controlled Study to Evaluate the Effect of <i>Limosilactobacillus fermentum</i> K8-Lb1 Postbiotic on Weight Management and Metabolic Health Outcomes.",2026,Nutrients,needs_manual_review,evidence_registry,Auto-collected from Europe PMC; requires manual review.,auto_search,2026-05-26
EUROPEPMC:41599808,literature,PubMed,41599808,https://europepmc.org/article/MED/41599808,10.3390/nu18020195,41599808,About Unsuccessful Responders to Diet and Physical Activity Interventions: A Focus on Energy Balance and Body-Weight Loss.,2026,Nutrients,needs_manual_review,evidence_registry,Auto-collected from Europe PMC; requires manual review.,auto_search,2026-05-26
EUROPEPMC:42052391,literature,PubMed,42052391,https://europepmc.org/article/MED/42052391,10.3389/fmicb.2026.1791192,42052391,Distinct effects of a dairy probiotic drink and physical exercise on gut microbiota in pediatric acute lymphoblastic leukemia patients in remission: a randomized clinical trial.,2026,Front Microbiol,needs_manual_review,evidence_registry,Auto-collected from Europe PMC; requires manual review.,auto_search,2026-05-26
EUROPEPMC:41788730,literature,PubMed,41788730,https://europepmc.org/article/MED/41788730,10.3389/fmed.2026.1728174,41788730,Impact of sleeve gastrectomy on bone metabolism in obese patients: from mechanisms to clinical prevention.,2026,Front Med (Lausanne),needs_manual_review,evidence_registry,Auto-collected from Europe PMC; requires manual review.,auto_search,2026-05-26
EUROPEPMC:41884636,literature,PubMed,41884636,https://europepmc.org/article/MED/41884636,10.3389/fcvm.2026.1757348,41884636,"Engineered bacteria: a novel era for metabolic, cardiovascular and cerebrovascular diseases therapy.",2026,Front Cardiovasc Med,needs_manual_review,evidence_registry,Auto-collected from Europe PMC; requires manual review.,auto_search,2026-05-26
EUROPEPMC:42158523,literature,PubMed,42158523,https://europepmc.org/article/MED/42158523,10.2147/ijn.s607382,42158523,"Nanobiotic-Enhanced Probiotics for Targeted Gut Delivery: Mechanisms, Therapeutic Applications, and Translational Challenges.",2026,Int J Nanomedicine,needs_manual_review,evidence_registry,Auto-collected from Europe PMC; requires manual review.,auto_search,2026-05-26
EUROPEPMC:40851363,literature,PubMed,40851363,https://europepmc.org/article/MED/40851363,10.1080/07853890.2025.2551284,40851363,The effect of probiotics on weight management in patients with severe obesity undergoing metabolic and bariatric surgery: a systematic review and meta-analysis.,2025,Ann Med,needs_manual_review,evidence_registry,Auto-collected from Europe PMC; requires manual review.,auto_search,2026-05-26
EUROPEPMC:42073437,literature,PubMed,42073437,https://europepmc.org/article/MED/42073437,10.3390/life16040628,42073437,Postbiotics as Emerging Strategy Targeting Obesity- and Aging-Related Breast Cancer-Prospects in Prophylaxis and Therapy.,2026,Life (Basel),needs_manual_review,evidence_registry,Auto-collected from Europe PMC; requires manual review.,auto_search,2026-05-26
EUROPEPMC:41444876,literature,PubMed,41444876,https://europepmc.org/article/MED/41444876,10.1186/s12887-025-06319-8,41444876,The role of microbiome-modulating supplements in managing metabolic syndrome risk factors among overweight and obese youth: a GRADE-assessed meta-analysis.,2025,BMC Pediatr,needs_manual_review,evidence_registry,Auto-collected from Europe PMC; requires manual review.,auto_search,2026-05-26
EUROPEPMC:41568048,literature,PubMed,41568048,https://europepmc.org/article/MED/41568048,10.3389/fmicb.2025.1627870,41568048,Probiotic attributes and safety profile of AKM Lab-01: a novel <i>Akkermansia muciniphila</i> strain combating obesity and metabolic disorders in diet-induced obese mice.,2025,Front Microbiol,needs_manual_review,evidence_registry,Auto-collected from Europe PMC; requires manual review.,auto_search,2026-05-26
EUROPEPMC:41601941,literature,PubMed,41601941,https://europepmc.org/article/MED/41601941,10.3389/fendo.2025.1754430,41601941,Case Report: Lifestyle changes and probiotic supplementation for improving longstanding type 2 diabetes in a male undergoing testosterone replacement therapy.,2025,Front Endocrinol (Lausanne),needs_manual_review,evidence_registry,Auto-collected from Europe PMC; requires manual review.,auto_search,2026-05-26
EUROPEPMC:41295220,literature,PubMed,41295220,https://europepmc.org/article/MED/41295220,10.3390/jpm15110518,41295220,Impact of Reducing Obesity in PCOS: Methods and Treatment Outcomes.,2025,J Pers Med,needs_manual_review,evidence_registry,Auto-collected from Europe PMC; requires manual review.,auto_search,2026-05-26
EUROPEPMC:41892839,literature,PubMed,41892839,https://europepmc.org/article/MED/41892839,10.3390/medsci14010124,41892839,Modulation of Microbiome-Mitochondria Axis as a Novel Approach for Treatment of Obesity: A Scoping Review.,2026,Med Sci (Basel),needs_manual_review,evidence_registry,Auto-collected from Europe PMC; requires manual review.,auto_search,2026-05-26
EUROPEPMC:41901168,literature,PubMed,41901168,https://europepmc.org/article/MED/41901168,10.3390/nu18060993,41901168,Anti-Obesogenic Effects of Culinary Herbs Through Modulation of Inflammation and Metabolic Pathways.,2026,Nutrients,needs_manual_review,evidence_registry,Auto-collected from Europe PMC; requires manual review.,auto_search,2026-05-26
EUROPEPMC:42075007,literature,PubMed,42075007,https://europepmc.org/article/MED/42075007,10.3390/nu18081195,42075007,<i>Bifidobacterium animalis</i> ssp. <i>lactis</i> 420 and <i>Cordyceps militaris</i> Synergistically Modulate the Gut Microbiota by Increasing Mucin 2 Production.,2026,Nutrients,needs_manual_review,evidence_registry,Auto-collected from Europe PMC; requires manual review.,auto_search,2026-05-26
EUROPEPMC:41971399,literature,PubMed,41971399,https://europepmc.org/article/MED/41971399,10.1016/j.fochx.2026.103798,41971399,Fermentation method outweighs geographic origin in shaping kefir's <i>in vitro</i> anti-obesity potential and probiotic properties.,2026,Food Chem X,needs_manual_review,evidence_registry,Auto-collected from Europe PMC; requires manual review.,auto_search,2026-05-26
EUROPEPMC:41776555,literature,PubMed,41776555,https://europepmc.org/article/MED/41776555,10.1186/s13048-025-01959-x,41776555,"Gut microbiota, a new approach to management of polycystic ovary syndrome: a systematic review, meta-analysis and meta-evidence of 26 randomized controlled trials.",2026,J Ovarian Res,needs_manual_review,evidence_registry,Auto-collected from Europe PMC; requires manual review.,auto_search,2026-05-26
EUROPEPMC:42015346,literature,PubMed,42015346,https://europepmc.org/article/MED/42015346,10.1080/19490976.2026.2644677,42015346,Gut microbiome and metabolic health: mechanisms and precision interventions.,2026,Gut Microbes,needs_manual_review,evidence_registry,Auto-collected from Europe PMC; requires manual review.,auto_search,2026-05-26
EUROPEPMC:41999447,literature,PubMed,41999447,https://europepmc.org/article/MED/41999447,10.1007/s12325-026-03577-5,41999447,Reconsidering Obesity in India Through a Gut-Metabolic Lens: Mechanistic Insights and the Emerging Role of Synbiotics in Individuals with the Thin-Fat Phenotype.,2026,Adv Ther,needs_manual_review,evidence_registry,Auto-collected from Europe PMC; requires manual review.,auto_search,2026-05-26
EUROPEPMC:41721244,literature,PubMed,41721244,https://europepmc.org/article/MED/41721244,10.1186/s12866-026-04840-z,41721244,Modulation of gut-heart axis by synbiotic (Lactiplantibacillus plantarum M10 and Isomaltose) in high cholesterol diet induced atherosclerotic murine model.,2026,BMC Microbiol,needs_manual_review,evidence_registry,Auto-collected from Europe PMC; requires manual review.,auto_search,2026-05-26
EUROPEPMC:41133047,literature,PubMed,41133047,https://europepmc.org/article/MED/41133047,10.7759/cureus.92881,41133047,Efficacy of Gut Microbiome-Targeted Therapies in Modulating Systemic Inflammation and Low-Grade Chronic Inflammatory States in Adults With Metabolic Disorders: A Systematic Review.,2025,Cureus,needs_manual_review,evidence_registry,Auto-collected from Europe PMC; requires manual review.,auto_search,2026-05-26
EUROPEPMC:PMC12937403,literature,publisher supplementary data,PMC12937403,,,,"Multi-Species Synbiotic Supplementation After Antibiotics Promotes Recovery of Microbial Diversity and Function, and Increases Gut Barrier Integrity: A Randomized, Placebo-Controlled Trial",2026,Antibiotics (Basel),needs_manual_review,evidence_registry,Auto-collected from Europe PMC; requires manual review.,auto_search,2026-05-26
EUROPEPMC:40987620,literature,PubMed,40987620,https://europepmc.org/article/MED/40987620,10.1016/j.orcp.2025.08.010,40987620,Can pre-/pro and synbiotics affect cardiovascular risk factors in children and adolescence with overweight and obesity? A grade-assessed systematic review and meta-analysis of randomized controlled trials.,2025,Obes Res Clin Pract,needs_manual_review,evidence_registry,Auto-collected from Europe PMC; requires manual review.,auto_search,2026-05-26
EUROPEPMC:41295329,literature,PubMed,41295329,https://europepmc.org/article/MED/41295329,10.3390/metabo15110744,41295329,Personalized Delivery of Probiotics and Prebiotics via 3D Food Printing.,2025,Metabolites,needs_manual_review,evidence_registry,Auto-collected from Europe PMC; requires manual review.,auto_search,2026-05-26
EUROPEPMC:41815495,literature,PubMed,41815495,https://europepmc.org/article/MED/41815495,10.3389/fvets.2026.1759381,41815495,The importance of prebiotics in managing colic in horses: focus on <i>Akkermansia muciniphila</i> and its anti-inflammatory potential.,2026,Front Vet Sci,needs_manual_review,evidence_registry,Auto-collected from Europe PMC; requires manual review.,auto_search,2026-05-26
EUROPEPMC:42141362,literature,PubMed,42141362,https://europepmc.org/article/MED/42141362,10.1002/oby.70224,42141362,Effect of Sevelamer and B. longum on Insulin Sensitivity in Participants With Obesity: A Randomized Clinical Trial.,2026,Obesity (Silver Spring),needs_manual_review,evidence_registry,Auto-collected from Europe PMC; requires manual review.,auto_search,2026-05-26
EUROPEPMC:41308055,literature,PubMed,41308055,https://europepmc.org/article/MED/41308055,10.1177/07067437251394369,41308055,Oral Methods of Microbiota Manipulation for Depression Symptoms: A Systematic Review: M&#233;thodes orales de manipulation du microbiote pour traiter les sympt&#244;mes de d&#233;pression : Une revue syst&#233;matique.,2025,Can J Psychiatry,needs_manual_review,evidence_registry,Auto-collected from Europe PMC; requires manual review.,auto_search,2026-05-26
EUROPEPMC:41814326,literature,PubMed,41814326,https://europepmc.org/article/MED/41814326,10.1186/s12986-026-01101-8,41814326,Effects of synbiotic supplementation on metabolic profiles in children with obesity: a randomized double-blinded placebo-controlled trial.,2026,Nutr Metab (Lond),needs_manual_review,evidence_registry,Auto-collected from Europe PMC; requires manual review.,auto_search,2026-05-26
EUROPEPMC:41120928,literature,PubMed,41120928,https://europepmc.org/article/MED/41120928,10.1186/s12866-025-04408-3,41120928,A novel synbiotic formulation prevents calcium oxalate stones by restoring gut microbiota homeostasis.,2025,BMC Microbiol,needs_manual_review,evidence_registry,Auto-collected from Europe PMC; requires manual review.,auto_search,2026-05-26
EUROPEPMC:41745391,literature,PubMed,41745391,https://europepmc.org/article/MED/41745391,10.3390/jpm16020099,41745391,Probiotics as Microbiome Modulators in Male Infertility: Rethinking Dysbiosis Across the Gut-Testis Axis.,2026,J Pers Med,needs_manual_review,evidence_registry,Auto-collected from Europe PMC; requires manual review.,auto_search,2026-05-26
EUROPEPMC:41321404,literature,PubMed,41321404,https://europepmc.org/article/MED/41321404,10.1016/j.metop.2025.100419,41321404,"Probiotics, <i>prebiotics</i>, synbiotics, and FMT for glycemic control: A systematic review of clinical efficacy and mechanistic readouts in type 2 diabetes and related dysglycemia.",2025,Metabol Open,needs_manual_review,evidence_registry,Auto-collected from Europe PMC; requires manual review.,auto_search,2026-05-26
EUROPEPMC:41683196,literature,PubMed,41683196,https://europepmc.org/article/MED/41683196,10.3390/nu18030372,41683196,"Prebiotics and Gut Health: Mechanisms, Clinical Evidence, and Future Directions.",2026,Nutrients,needs_manual_review,evidence_registry,Auto-collected from Europe PMC; requires manual review.,auto_search,2026-05-26
EUROPEPMC:41880417,literature,PubMed,41880417,https://europepmc.org/article/MED/41880417,10.1590/s0004-2803.24612025-087,41880417,EXPLORING THE IMPACT OF GUT MICROBIOTA MODULATION ON COLORECTAL CANCER THERAPY: A BIBLIOMETRIC ANALYSIS OF PROBIOTIC AND PREBIOTIC INTERVENTIONS.,2026,Arq Gastroenterol,needs_manual_review,evidence_registry,Auto-collected from Europe PMC; requires manual review.,auto_search,2026-05-26
EUROPEPMC:40952551,literature,PubMed,40952551,https://europepmc.org/article/MED/40952551,10.1007/s13668-025-00698-1,40952551,Gut Health for Two: the Critical Role of Probiotics and Prebiotics in Pregnancy and Lactation.,2025,Curr Nutr Rep,needs_manual_review,evidence_registry,Auto-collected from Europe PMC; requires manual review.,auto_search,2026-05-26
EUROPEPMC:41215695,literature,PubMed,41215695,https://europepmc.org/article/MED/41215695,10.1080/20565623.2025.2583020,41215695,"Gut microbiome, stress and interventional strategies using hardy animals.",2025,Future Sci OA,needs_manual_review,evidence_registry,Auto-collected from Europe PMC; requires manual review.,auto_search,2026-05-26
EUROPEPMC:41228562,literature,PubMed,41228562,https://europepmc.org/article/MED/41228562,10.3390/nu17213491,41228562,"Dietary Interventions in Metabolic Dysfunction-Associated Steatotic Liver Disease: A Narrative Review of Evidence, Mechanisms, and Translational Challenges.",2025,Nutrients,needs_manual_review,evidence_registry,Auto-collected from Europe PMC; requires manual review.,auto_search,2026-05-26
EUROPEPMC:41425618,literature,PubMed,41425618,https://europepmc.org/article/MED/41425618,10.3389/fnut.2025.1670598,41425618,"Nutritional strategies in supporting immune checkpoint inhibitor, PI3K inhibitor, and tyrosine kinase inhibitor cancer therapies.",2025,Front Nutr,needs_manual_review,evidence_registry,Auto-collected from Europe PMC; requires manual review.,auto_search,2026-05-26
EUROPEPMC:41049923,literature,PubMed,41049923,https://europepmc.org/article/MED/41049923,10.7759/cureus.91470,41049923,Impact of COVID-19 on the Gut Microbiome: A Review.,2025,Cureus,needs_manual_review,evidence_registry,Auto-collected from Europe PMC; requires manual review.,auto_search,2026-05-26
EUROPEPMC:40944126,literature,PubMed,40944126,https://europepmc.org/article/MED/40944126,10.3390/nu17172734,40944126,"Multi-Species Synbiotic Supplementation Enhances Gut Microbial Diversity, Increases Urolithin A and Butyrate Production, and Reduces Inflammation in Healthy Adults: A Randomized, Placebo-Controlled Trial.",2025,Nutrients,needs_manual_review,evidence_registry,Auto-collected from Europe PMC; requires manual review.,auto_search,2026-05-26
EUROPEPMC:41246285,literature,PubMed,41246285,https://europepmc.org/article/MED/41246285,10.3389/fmedt.2025.1695329,41246285,Microbiome-based therapeutics for metabolic disorders: harnessing microbial intrusions for treatment.,2025,Front Med Technol,needs_manual_review,evidence_registry,Auto-collected from Europe PMC; requires manual review.,auto_search,2026-05-26
EUROPEPMC:41516240,literature,PubMed,41516240,https://europepmc.org/article/MED/41516240,10.3390/ijms27010365,41516240,From Gut Dysbiosis to Skin Inflammation in Atopic Dermatitis: Probiotics and the Gut-Skin Axis-Clinical Outcomes and Microbiome Implications.,2025,Int J Mol Sci,needs_manual_review,evidence_registry,Auto-collected from Europe PMC; requires manual review.,auto_search,2026-05-26
EUROPEPMC:41479668,literature,PubMed,41479668,https://europepmc.org/article/MED/41479668,10.3389/fnut.2025.1716791,41479668,"Postbiotics in pediatric clinical practice: position paper from Special Group of Latin American Society of Pediatric Gastroenterology, Hepatology and Nutrition (LASPGHAN).",2025,Front Nutr,needs_manual_review,evidence_registry,Auto-collected from Europe PMC; requires manual review.,auto_search,2026-05-26
EUROPEPMC:41515205,literature,PubMed,41515205,https://europepmc.org/article/MED/41515205,10.3390/nu18010089,41515205,Modulating the Gut Microbiome in Type 2 Diabetes: Nutritional and Therapeutic Strategies.,2025,Nutrients,needs_manual_review,evidence_registry,Auto-collected from Europe PMC; requires manual review.,auto_search,2026-05-26
EUROPEPMC:40549339,literature,PubMed,40549339,https://europepmc.org/article/MED/40549339,10.1007/s12602-025-10613-3,40549339,Recent Insights About Probiotics Related Pharmabiotics in Pharmacology: Prevention and Management of Diseases.,2025,Probiotics Antimicrob Proteins,needs_manual_review,evidence_registry,Auto-collected from Europe PMC; requires manual review.,auto_search,2026-05-26
EUROPEPMC:40825779,literature,PubMed,40825779,https://europepmc.org/article/MED/40825779,10.1038/s41538-025-00539-z,40825779,Synbiotic yogurt with nanoparticle entrapped rice straw hemicellulose for immediate probiotic support and prebiotic delivery.,2025,NPJ Sci Food,needs_manual_review,evidence_registry,Auto-collected from Europe PMC; requires manual review.,auto_search,2026-05-26
EUROPEPMC:41377642,literature,PubMed,41377642,https://europepmc.org/article/MED/41377642,10.17925/hi.2025.19.2.3,41377642,"Gut Microbiome and Cardiovascular Health: Mechanisms, Therapeutic Potential and Future Directions.",2025,Heart Int,needs_manual_review,evidence_registry,Auto-collected from Europe PMC; requires manual review.,auto_search,2026-05-26
EUROPEPMC:41010468,literature,PubMed,41010468,https://europepmc.org/article/MED/41010468,10.3390/nu17182942,41010468,Targeting the Gut Microbiota in Pediatric Obesity: A Paradigm Shift in Prevention and Treatment? A Comprehensive Review.,2025,Nutrients,needs_manual_review,evidence_registry,Auto-collected from Europe PMC; requires manual review.,auto_search,2026-05-26
EUROPEPMC:41555705,literature,PubMed,41555705,https://europepmc.org/article/MED/41555705,10.1002/mnfr.70385,41555705,Programming the Infant Gut: How Maternal and Early Life Nutrition Shape the Infant Microbiome and Long-term Health-A Narrative Review.,2026,Mol Nutr Food Res,needs_manual_review,evidence_registry,Auto-collected from Europe PMC; requires manual review.,auto_search,2026-05-26
EUROPEPMC:41178959,literature,PubMed,41178959,https://europepmc.org/article/MED/41178959,10.3389/fmicb.2025.1651965,41178959,"A comprehensive overview of the effects of probiotics, prebiotics and synbiotics on the gut-brain axis.",2025,Front Microbiol,needs_manual_review,evidence_registry,Auto-collected from Europe PMC; requires manual review.,auto_search,2026-05-26
EUROPEPMC:39944116,literature,PubMed,39944116,https://europepmc.org/article/MED/39944116,10.1017/gmb.2024.12,39944116,"The effect of probiotics, prebiotics and synbiotics on gut microbial community profile in overweight and obese Latin American and Caribbean populations: a systematic review of human trials.",2025,Gut Microbiome (Camb),needs_manual_review,evidence_registry,Auto-collected from Europe PMC; requires manual review.,auto_search,2026-05-26
EUROPEPMC:41841409,literature,PubMed,41841409,https://europepmc.org/article/MED/41841409,10.1002/smll.202514910,41841409,Bioengineered Probiotic-Prebiotic Hierarchical Microspheres With pH-Responsive Architecture Reprogram Immunometabolism in Obesity-Related Disorders.,2026,Small,needs_manual_review,evidence_registry,Auto-collected from Europe PMC; requires manual review.,auto_search,2026-05-26
EUROPEPMC:41276282,literature,PubMed,41276282,https://europepmc.org/article/MED/41276282,,41276282,Aging and the microbiome: implications for health and disease.,2026,BMB Rep,needs_manual_review,evidence_registry,Auto-collected from Europe PMC; requires manual review.,auto_search,2026-05-26
EUROPEPMC:40764272,literature,PubMed,40764272,https://europepmc.org/article/MED/40764272,10.1080/19490976.2025.2541028,40764272,In vivo systematic analysis of microbiota-prebiotic crosstalk reveals a synbiotic that effectively ameliorates DSS-induced colitis in mice.,2025,Gut Microbes,needs_manual_review,evidence_registry,Auto-collected from Europe PMC; requires manual review.,auto_search,2026-05-26
EUROPEPMC:41798990,literature,PubMed,41798990,https://europepmc.org/article/MED/41798990,10.3389/frtra.2026.1703048,41798990,Microbiota management: a perspective for kidney transplant patients.,2026,Front Transplant,needs_manual_review,evidence_registry,Auto-collected from Europe PMC; requires manual review.,auto_search,2026-05-26
EUROPEPMC:10.64898/2026.04.07.716956,literature,publisher supplementary data,10.64898/2026.04.07.716956,,10.64898/2026.04.07.716956,,Engineered Lactate Catabolizing Probiotics Reveal Timescale Dependent Microbiome-Host Metabolic Coupling,2026,,needs_manual_review,evidence_registry,Auto-collected from Europe PMC; requires manual review.,auto_search,2026-05-26
EUROPEPMC:41557725,literature,PubMed,41557725,https://europepmc.org/article/MED/41557725,10.1371/journal.pbio.3003617,41557725,Targeting immunometabolism in cancer through pharmacological and lifestyle interventions.,2026,PLoS Biol,needs_manual_review,evidence_registry,Auto-collected from Europe PMC; requires manual review.,auto_search,2026-05-26
EUROPEPMC:41170428,literature,PubMed,41170428,https://europepmc.org/article/MED/41170428,10.3389/fmicb.2025.1697319,41170428,"Editorial: Probiotics for global health: advances, applications and challenges.",2025,Front Microbiol,needs_manual_review,evidence_registry,Auto-collected from Europe PMC; requires manual review.,auto_search,2026-05-26
EUROPEPMC:41584438,literature,PubMed,41584438,https://europepmc.org/article/MED/41584438,10.1016/j.jff.2025.107114,41584438,"A synbiotic medical food improves gut barrier function, reduces immune responses, and inhibits osteoclast activity in models of postmenopausal bone loss aligned with clinical outcomes.",2025,J Funct Foods,needs_manual_review,evidence_registry,Auto-collected from Europe PMC; requires manual review.,auto_search,2026-05-26
EUROPEPMC:40507435,literature,PubMed,40507435,https://europepmc.org/article/MED/40507435,10.3390/jcm14113673,40507435,"A Review of the Influence of Prebiotics, Probiotics, Synbiotics, and Postbiotics on the Human Gut Microbiome and Intestinal Integrity.",2025,J Clin Med,needs_manual_review,evidence_registry,Auto-collected from Europe PMC; requires manual review.,auto_search,2026-05-26
EUROPEPMC:41850442,literature,PubMed,41850442,https://europepmc.org/article/MED/41850442,10.1016/j.jsbmb.2026.106998,41850442,Targeting 7-ketocholesterol-driven metabolic dysfunction in obesity: Therapeutic potential of Bifidobacterium and dietary antioxidants.,2026,J Steroid Biochem Mol Biol,needs_manual_review,evidence_registry,Auto-collected from Europe PMC; requires manual review.,auto_search,2026-05-26
PMID:42169316,literature,PubMed,42169316,https://pubmed.ncbi.nlm.nih.gov/42169316/,10.1016/j.foodres.2026.119354,42169316,Resveratrol and tomato pectin synergistically ameliorated metabolic disorder in high-fat-diet mice through the microbiota-gut-liver axis.,2026,"Food research international (Ottawa, Ont.)",needs_manual_review,evidence_registry,Auto-collected from PubMed E-utilities; requires manual review.,auto_search,2026-05-26
PMID:42157654,literature,PubMed,42157654,https://pubmed.ncbi.nlm.nih.gov/42157654/,10.1002/mnfr.70495,42157654,"Gut Microbiota as a Mediator of Sarcopenic Obesity: Mechanisms, Modifiable Factors, and Healthcare Burden.",2026,Molecular nutrition & food research,needs_manual_review,evidence_registry,Auto-collected from PubMed E-utilities; requires manual review.,auto_search,2026-05-26
PMID:42139619,literature,PubMed,42139619,https://pubmed.ncbi.nlm.nih.gov/42139619/,10.36740/WLek/220666,42139619,"Clinical, endoscopic, morphological and microbiological characteristics of diverticular disease in patients with metabolic disorders.",2026,"Wiadomosci lekarskie (Warsaw, Poland : 1960)",needs_manual_review,evidence_registry,Auto-collected from PubMed E-utilities; requires manual review.,auto_search,2026-05-26
PMID:42130741,literature,PubMed,42130741,https://pubmed.ncbi.nlm.nih.gov/42130741/,10.3389/fendo.2026.1829579,42130741,"Post-transplant diabetes mellitus after kidney transplantation: pathogenesis, risk factors, and management strategies.",2026,Frontiers in endocrinology,needs_manual_review,evidence_registry,Auto-collected from PubMed E-utilities; requires manual review.,auto_search,2026-05-26
PMID:42120725,literature,PubMed,42120725,https://pubmed.ncbi.nlm.nih.gov/42120725/,10.1038/s41591-026-04394-7,42120725,Pasteurized Akkermansia muciniphila Muc(T) for weight loss maintenance in people with overweight and obesity: a controlled randomized trial.,2026,Nature medicine,needs_manual_review,evidence_registry,Auto-collected from PubMed E-utilities; requires manual review.,auto_search,2026-05-26
PMID:42116498,literature,PubMed,42116498,https://pubmed.ncbi.nlm.nih.gov/42116498/,10.1016/j.foodres.2026.119257,42116498,Timing matters in type 2 diabetes: Early high-Fiber nutrition enhances glycemic control and reshapes gut microbiota.,2026,"Food research international (Ottawa, Ont.)",needs_manual_review,evidence_registry,Auto-collected from PubMed E-utilities; requires manual review.,auto_search,2026-05-26
PMID:42105359,literature,PubMed,42105359,https://pubmed.ncbi.nlm.nih.gov/42105359/,10.1093/nutrit/nuag049,42105359,Monounsaturated Fatty Acid-Rich Foods and Gut Microbiota Composition: A Systematic Review of In Vivo Studies and Randomized Clinical Trials.,2026,Nutrition reviews,needs_manual_review,evidence_registry,Auto-collected from PubMed E-utilities; requires manual review.,auto_search,2026-05-26
PMID:42075780,literature,PubMed,42075780,https://pubmed.ncbi.nlm.nih.gov/42075780/,10.3390/ph19040523,42075780,Lingguizhugan Decoction Ameliorates MASLD by Modulating the Gut Microbiota and Enriching Non-12-OH Bile Acids to Activate TGR5-Mediated Thermogenesis.,2026,"Pharmaceuticals (Basel, Switzerland)",needs_manual_review,evidence_registry,Auto-collected from PubMed E-utilities; requires manual review.,auto_search,2026-05-26
PMID:42067693,literature,PubMed,42067693,https://pubmed.ncbi.nlm.nih.gov/42067693/,10.1007/s13659-026-00612-4,42067693,Diversity of oligosaccharides in lipooligosaccharides of Akkermansia muciniphila and its anti-atherosclerotic activity.,2026,Natural products and bioprospecting,needs_manual_review,evidence_registry,Auto-collected from PubMed E-utilities; requires manual review.,auto_search,2026-05-26
PMID:42061563,literature,PubMed,42061563,https://pubmed.ncbi.nlm.nih.gov/42061563/,10.1016/j.jep.2026.121684,42061563,Oroxin A in Linggui Zhugan Decoction in the treatment of MASH by regulating cholesterol-bile acid metabolism.,2026,Journal of ethnopharmacology,needs_manual_review,evidence_registry,Auto-collected from PubMed E-utilities; requires manual review.,auto_search,2026-05-26
PMID:42060019,literature,PubMed,42060019,https://pubmed.ncbi.nlm.nih.gov/42060019/,10.1007/s40520-026-03403-6,42060019,Association between gut microbiota and sarcopenia in older adults: a cross-sectional analysis from the second wave of the Birjand Longitudinal Aging Study (BLAS).,2026,Aging clinical and experimental research,needs_manual_review,evidence_registry,Auto-collected from PubMed E-utilities; requires manual review.,auto_search,2026-05-26
PMID:42047845,literature,PubMed,42047845,https://pubmed.ncbi.nlm.nih.gov/42047845/,10.1007/s00394-026-03967-z,42047845,Metabolic and gut microbiota effects of ketogenic diet and exogenous ketone salts in a rat model of metabolic syndrome.,2026,European journal of nutrition,needs_manual_review,evidence_registry,Auto-collected from PubMed E-utilities; requires manual review.,auto_search,2026-05-26
PMID:42042904,literature,PubMed,42042904,https://pubmed.ncbi.nlm.nih.gov/42042904/,10.3390/metabo16040259,42042904,A Dual-Target Microbial Therapeutic Strategy for Treating Metabolic Diseases: Complementary Mechanisms and Clinical Prospects of Lactiplantibacillus plantarum and Akkermansia muciniphila.,2026,Metabolites,needs_manual_review,evidence_registry,Auto-collected from PubMed E-utilities; requires manual review.,auto_search,2026-05-26
PMID:42042874,literature,PubMed,42042874,https://pubmed.ncbi.nlm.nih.gov/42042874/,10.3390/metabo16040228,42042874,Weizmannia coagulans BC99 Ameliorates Obesity and Associated Inflammation by Remodeling the Gut Microbiota and Regulating Lysophosphatidylcholine and Conjugated Bile Acid Metabolism.,2026,Metabolites,needs_manual_review,evidence_registry,Auto-collected from PubMed E-utilities; requires manual review.,auto_search,2026-05-26
PMID:42010766,literature,PubMed,42010766,https://pubmed.ncbi.nlm.nih.gov/42010766/,10.1080/19490976.2026.2661415,42010766,Exercise intensity as a modulator of gut microbiota and host metabolic health in obesity.,2026,Gut microbes,needs_manual_review,evidence_registry,Auto-collected from PubMed E-utilities; requires manual review.,auto_search,2026-05-26
PMID:41907517,literature,PubMed,41907517,https://pubmed.ncbi.nlm.nih.gov/41907517/,10.1080/29933935.2025.2605879,41907517,Obesity-associated gut microbiome influences diet-induced metabolic and cognitive outcomes in older adults.,2026,Gut microbes reports,needs_manual_review,evidence_registry,Auto-collected from PubMed E-utilities; requires manual review.,auto_search,2026-05-26
PMID:41895350,literature,PubMed,41895350,https://pubmed.ncbi.nlm.nih.gov/41895350/,10.1016/j.micpath.2026.108466,41895350,"Understanding gut microbiota dysbiosis as a plausible link between obstructive sleep apnea (OSA), viral infections, and lifestyle diseases.",2026,Microbial pathogenesis,needs_manual_review,evidence_registry,Auto-collected from PubMed E-utilities; requires manual review.,auto_search,2026-05-26
PMID:41882376,literature,PubMed,41882376,https://pubmed.ncbi.nlm.nih.gov/41882376/,10.1038/s41390-026-04877-w,41882376,Genetically mediated causal relationship between gut microbiota composition and childhood obesity.,2026,Pediatric research,needs_manual_review,evidence_registry,Auto-collected from PubMed E-utilities; requires manual review.,auto_search,2026-05-26
PMID:41881081,literature,PubMed,41881081,https://pubmed.ncbi.nlm.nih.gov/41881081/,10.1016/j.fitote.2026.107203,41881081,Characterized polyphenols from Prunus cerasifera alleviated HFD-induced intestinal inflammation and barrier dysfunction in obese mice by remodeling the gut microbiota and short-chain fatty acid profile.,2026,Fitoterapia,needs_manual_review,evidence_registry,Auto-collected from PubMed E-utilities; requires manual review.,auto_search,2026-05-26
PMID:41862452,literature,PubMed,41862452,https://pubmed.ncbi.nlm.nih.gov/41862452/,10.1038/s41467-026-70613-x,41862452,High-resolution phage-host assignment through key proteins using large language models.,2026,Nature communications,needs_manual_review,evidence_registry,Auto-collected from PubMed E-utilities; requires manual review.,auto_search,2026-05-26
PMID:41835385,literature,PubMed,41835385,https://pubmed.ncbi.nlm.nih.gov/41835385/,10.3389/fnut.2026.1733803,41835385,Maternal overweight/obesity and yoghurt supplementation from early pregnancy to postpartum augments infant gut microbiota.,2026,Frontiers in nutrition,needs_manual_review,evidence_registry,Auto-collected from PubMed E-utilities; requires manual review.,auto_search,2026-05-26
PMID:41834998,literature,PubMed,41834998,https://pubmed.ncbi.nlm.nih.gov/41834998/,10.3389/fcimb.2026.1781222,41834998,Role of oral-gut microbiota dysbiosis in regulating systemic impairment during age-related obesity: an animal study.,2026,Frontiers in cellular and infection microbiology,needs_manual_review,evidence_registry,Auto-collected from PubMed E-utilities; requires manual review.,auto_search,2026-05-26
PMID:41830637,literature,PubMed,41830637,https://pubmed.ncbi.nlm.nih.gov/41830637/,10.1021/acs.jafc.5c14405,41830637,3'-Hydroxypterostilbene Alleviates Obesity and Lipoprotein Metabolism Dysregulation by Reshaping Gut Microbiota in High-Fat Diet-Induced Obese Mice.,2026,Journal of agricultural and food chemistry,needs_manual_review,evidence_registry,Auto-collected from PubMed E-utilities; requires manual review.,auto_search,2026-05-26
PMID:41812148,literature,PubMed,41812148,https://pubmed.ncbi.nlm.nih.gov/41812148/,10.1093/nutrit/nuaf255,41812148,"Effects of Polyphenols on Gut Health and Inflammation in Overweight and Obese Populations: A Systematic Review and Meta-analysis of Dose, Duration, and Food Matrix.",2026,Nutrition reviews,needs_manual_review,evidence_registry,Auto-collected from PubMed E-utilities; requires manual review.,auto_search,2026-05-26
PMID:41800297,literature,PubMed,41800297,https://pubmed.ncbi.nlm.nih.gov/41800297/,10.2147/DDDT.S595588,41800297,Gut-Derived Hippuric Acid Alleviates Hepatic Lipid Metabolism via UGDH/FOXK1/CD36 Axis in Obese Mice.,2026,"Drug design, development and therapy",needs_manual_review,evidence_registry,Auto-collected from PubMed E-utilities; requires manual review.,auto_search,2026-05-26
PMID:41791485,literature,PubMed,41791485,https://pubmed.ncbi.nlm.nih.gov/41791485/,10.1016/j.lfs.2026.124310,41791485,Targeting gut-microbiota-dependent choline metabolite trimethylamine N-oxide ameliorates bone health in ovariectomized mice.,2026,Life sciences,needs_manual_review,evidence_registry,Auto-collected from PubMed E-utilities; requires manual review.,auto_search,2026-05-26
PMID:41767236,literature,PubMed,41767236,https://pubmed.ncbi.nlm.nih.gov/41767236/,10.1155/jnme/9988966,41767236,Gut Microbiota Alterations in Hypothyroidism: A Pilot Study Revealing Increased Abundance of Specific Bacterial Genera.,2026,Journal of nutrition and metabolism,needs_manual_review,evidence_registry,Auto-collected from PubMed E-utilities; requires manual review.,auto_search,2026-05-26
PMID:41751341,literature,PubMed,41751341,https://pubmed.ncbi.nlm.nih.gov/41751341/,10.3390/biomedicines14020442,41751341,Strain-Dependent Effects of Dietary Cholic Acid on Liver Fibrogenesis and Gut Microbiota in TSNO and TSOD Mice.,2026,Biomedicines,needs_manual_review,evidence_registry,Auto-collected from PubMed E-utilities; requires manual review.,auto_search,2026-05-26
PMID:41738389,literature,PubMed,41738389,https://pubmed.ncbi.nlm.nih.gov/41738389/,10.1039/d5fo04941e,41738389,"Theaflavins ameliorate obesity through enhanced antioxidant capacity, a suppressed hepatic BCAA degradation pathway, and gut microbiota modulation.",2026,Food & function,needs_manual_review,evidence_registry,Auto-collected from PubMed E-utilities; requires manual review.,auto_search,2026-05-26
PMID:41697114,literature,PubMed,41697114,https://pubmed.ncbi.nlm.nih.gov/41697114/,10.23736/S2724-6507.25.04483-5,41697114,Gut microbiota and metabolic syndrome in postmenopausal women: a narrative review of mechanisms and dietary recommendations.,2026,Minerva endocrinology,needs_manual_review,evidence_registry,Auto-collected from PubMed E-utilities; requires manual review.,auto_search,2026-05-26
PMID:41683253,literature,PubMed,41683253,https://pubmed.ncbi.nlm.nih.gov/41683253/,10.3390/nu18030431,41683253,Proanthocyanidins Inhibit Neuroinflammation in High-Fat-Induced Obese Mice by Modulating Intestinal Flora and Their Metabolites.,2026,Nutrients,needs_manual_review,evidence_registry,Auto-collected from PubMed E-utilities; requires manual review.,auto_search,2026-05-26
PMID:41660421,literature,PubMed,41660421,https://pubmed.ncbi.nlm.nih.gov/41660421/,10.3389/fnut.2026.1710739,41660421,Unveiling the pathways of Xuanbai Chengqi Decoction in obese asthma: from immune modulation to microbial restoration.,2026,Frontiers in nutrition,needs_manual_review,evidence_registry,Auto-collected from PubMed E-utilities; requires manual review.,auto_search,2026-05-26
PMID:41657529,literature,PubMed,41657529,https://pubmed.ncbi.nlm.nih.gov/41657529/,10.1002/fsn3.71497,41657529,Association of Anti-Inflammatory Dietary Adherence With Biomarkers and Gut Microbiota Related to Colorectal Cancer Risk: A Retrospective Study.,2026,Food science & nutrition,needs_manual_review,evidence_registry,Auto-collected from PubMed E-utilities; requires manual review.,auto_search,2026-05-26
PMID:41654113,literature,PubMed,41654113,https://pubmed.ncbi.nlm.nih.gov/41654113/,10.1016/j.cireng.2026.800297,41654113,Impact of bariatric surgery on the gut microbiota and metabolomic profile of the enterohepatic axis in an experimental model of obesity.,2026,Cirugia espanola,needs_manual_review,evidence_registry,Auto-collected from PubMed E-utilities; requires manual review.,auto_search,2026-05-26
PMID:41599902,literature,PubMed,41599902,https://pubmed.ncbi.nlm.nih.gov/41599902/,10.3390/nu18020290,41599902,Personalized Nutrition Through the Gut Microbiome in Metabolic Syndrome and Related Comorbidities.,2026,Nutrients,needs_manual_review,evidence_registry,Auto-collected from PubMed E-utilities; requires manual review.,auto_search,2026-05-26
PMID:41599794,literature,PubMed,41599794,https://pubmed.ncbi.nlm.nih.gov/41599794/,10.3390/nu18020181,41599794,Effects of Mixed Fruits and Berries on Ameliorating Gut Microbiota and Hepatic Alterations Induced by Cafeteria Diet.,2026,Nutrients,needs_manual_review,evidence_registry,Auto-collected from PubMed E-utilities; requires manual review.,auto_search,2026-05-26
PMID:41598253,literature,PubMed,41598253,https://pubmed.ncbi.nlm.nih.gov/41598253/,10.3390/life16010098,41598253,"Diet, Physical Exercise, and Gut Microbiota Modulation in Metabolic Syndrome: A Narrative Review.",2026,"Life (Basel, Switzerland)",needs_manual_review,evidence_registry,Auto-collected from PubMed E-utilities; requires manual review.,auto_search,2026-05-26
PMID:41586244,literature,PubMed,41586244,https://pubmed.ncbi.nlm.nih.gov/41586244/,10.3389/fnut.2025.1714444,41586244,"The effects of a very low-energy ketogenic therapy on body composition, gut microbiota and metabolites in overweight subjects.",2025,Frontiers in nutrition,needs_manual_review,evidence_registry,Auto-collected from PubMed E-utilities; requires manual review.,auto_search,2026-05-26
PMID:41580820,literature,PubMed,41580820,https://pubmed.ncbi.nlm.nih.gov/41580820/,10.1186/s13020-025-01305-9,41580820,Targeting G-protein-coupled receptors and gut microbiota: Ge-Lian Qi-Shen decoction elevates GLP-1 to combat non-alcoholic fatty liver disease.,2026,Chinese medicine,needs_manual_review,evidence_registry,Auto-collected from PubMed E-utilities; requires manual review.,auto_search,2026-05-26
PMID:41526984,literature,PubMed,41526984,https://pubmed.ncbi.nlm.nih.gov/41526984/,10.1186/s13578-025-01525-4,41526984,Combination of GLP-1 receptor agonist and Akkermansia muciniphila Akk11 reduces adiposity and ameliorates MASLD in T2D mice.,2026,Cell & bioscience,needs_manual_review,evidence_registry,Auto-collected from PubMed E-utilities; requires manual review.,auto_search,2026-05-26
PMID:41520055,literature,PubMed,41520055,https://pubmed.ncbi.nlm.nih.gov/41520055/,10.1038/s41366-025-01971-7,41520055,Insulin resistance modulates gut microbiota and incretin response remodeling after bariatric surgery in severe obesity.,2026,International journal of obesity (2005),needs_manual_review,evidence_registry,Auto-collected from PubMed E-utilities; requires manual review.,auto_search,2026-05-26
PMID:41499920,literature,PubMed,41499920,https://pubmed.ncbi.nlm.nih.gov/41499920/,10.1016/j.clnu.2025.106558,41499920,Gut microbiota composition and derived enterotypes are associated with ponderal status in preschool children. Childhood obesity risk assessment longitudinal study (CORALS) cohort.,2026,"Clinical nutrition (Edinburgh, Scotland)",needs_manual_review,evidence_registry,Auto-collected from PubMed E-utilities; requires manual review.,auto_search,2026-05-26
PMID:41491927,literature,PubMed,41491927,https://pubmed.ncbi.nlm.nih.gov/41491927/,10.1186/s12866-025-04591-3,41491927,Maternal gestational diabetes mellitus leads to adverse growth patterns and disease risk in offspring in vivo: evidence from cross-generational effects on gut microbiota.,2026,BMC microbiology,needs_manual_review,evidence_registry,Auto-collected from PubMed E-utilities; requires manual review.,auto_search,2026-05-26
PMID:41486934,literature,PubMed,41486934,https://pubmed.ncbi.nlm.nih.gov/41486934/,10.71150/jm.2511001,41486934,Synergistic anti-obesity effects of Bifidobacterium breve BR3 and Lactiplantibacillus plantarum LP3 via coordinated regulation of lipid metabolism and gut microbiota.,2025,"Journal of microbiology (Seoul, Korea)",needs_manual_review,evidence_registry,Auto-collected from PubMed E-utilities; requires manual review.,auto_search,2026-05-26
PMID:41462628,literature,PubMed,41462628,https://pubmed.ncbi.nlm.nih.gov/41462628/,10.3390/antiox14121428,41462628,"Probiotic Lactobacillus reuteri Y7 Protects Against Blue Light-Induced Retinal Degeneration via Antioxidant Defense, Anti-Inflammatory Action, and Gut-Retina Axis Modulation.",2025,"Antioxidants (Basel, Switzerland)",needs_manual_review,evidence_registry,Auto-collected from PubMed E-utilities; requires manual review.,auto_search,2026-05-26
PMID:41374064,literature,PubMed,41374064,https://pubmed.ncbi.nlm.nih.gov/41374064/,10.3390/nu17233774,41374064,Marine-Algal-Derived Postbiotics Modulating the Gut Microbiota-Adipose Tissue Axis in Obesity: A New Frontier.,2025,Nutrients,needs_manual_review,evidence_registry,Auto-collected from PubMed E-utilities; requires manual review.,auto_search,2026-05-26
PMID:41373754,literature,PubMed,41373754,https://pubmed.ncbi.nlm.nih.gov/41373754/,10.3390/ijms262311602,41373754,Akkermansia muciniphila in Metabolic Disease: Far from Perfect.,2025,International journal of molecular sciences,needs_manual_review,evidence_registry,Auto-collected from PubMed E-utilities; requires manual review.,auto_search,2026-05-26
PMID:41365537,literature,PubMed,41365537,https://pubmed.ncbi.nlm.nih.gov/41365537/,10.4014/jmb.2509.09005,41365537,Oral Administration of Clostridium butyricum Alleviates High-Fat Diet-Induced Obesity in Mice by Modulating Gut Akkermansia muciniphila Abundance via Direct Growth Promotion.,2025,Journal of microbiology and biotechnology,needs_manual_review,evidence_registry,Auto-collected from PubMed E-utilities; requires manual review.,auto_search,2026-05-26
PMID:41348832,literature,PubMed,41348832,https://pubmed.ncbi.nlm.nih.gov/41348832/,10.1371/journal.pone.0337760,41348832,"Human-derived fecal virome transplantation (FVT) reshapes the murine gut microbiota and virome, enhancing glucose regulation.",2025,PloS one,needs_manual_review,evidence_registry,Auto-collected from PubMed E-utilities; requires manual review.,auto_search,2026-05-26
PMID:42060057,literature,PubMed,42060057,https://pubmed.ncbi.nlm.nih.gov/42060057/,10.1007/s12602-026-11035-5,42060057,Enzyme-Triggered Microcapsules for Colon-Targeted Delivery of Lacticaseibacillus rhamnosus Improve Metabolic Parameters in an Obese Mouse Model.,2026,Probiotics and antimicrobial proteins,needs_manual_review,evidence_registry,Auto-collected from PubMed E-utilities; requires manual review.,auto_search,2026-05-26
PMID:41930918,literature,PubMed,41930918,https://pubmed.ncbi.nlm.nih.gov/41930918/,10.2174/0115665240391524251201102455,41930918,Gut Microbiota and Metabolic Profiles Reveal the Mechanism of Weight Loss in Patients with Obesity Stimulated By Acupuncture.,2026,Current molecular medicine,needs_manual_review,evidence_registry,Auto-collected from PubMed E-utilities; requires manual review.,auto_search,2026-05-26
PMID:41673409,literature,PubMed,41673409,https://pubmed.ncbi.nlm.nih.gov/41673409/,10.1038/s41598-026-35214-0,41673409,Sibutramine high-doses effects in cafeteria diet-induced obese rats.,2026,Scientific reports,needs_manual_review,evidence_registry,Auto-collected from PubMed E-utilities; requires manual review.,auto_search,2026-05-26
PMID:41377121,literature,PubMed,41377121,https://pubmed.ncbi.nlm.nih.gov/41377121/,10.1016/j.csbj.2025.11.043,41377121,Low-calorie diet intervention ameliorates gut microbiota dysbiosis and metabolic changes in obese patients with type 2 diabetes under standard care.,2025,Computational and structural biotechnology journal,needs_manual_review,evidence_registry,Auto-collected from PubMed E-utilities; requires manual review.,auto_search,2026-05-26
PMID:40907063,literature,PubMed,40907063,https://pubmed.ncbi.nlm.nih.gov/40907063/,10.1016/j.clnu.2025.08.018,40907063,The ecology of the microbiota in children with obesity is associated with the intake of carbohydrates and insulin resistance.,2025,"Clinical nutrition (Edinburgh, Scotland)",needs_manual_review,evidence_registry,Auto-collected from PubMed E-utilities; requires manual review.,auto_search,2026-05-26
PMID:40892275,literature,PubMed,40892275,https://pubmed.ncbi.nlm.nih.gov/40892275/,10.1007/s40519-025-01784-7,40892275,Post-bariatric surgery quality-of-life decline: analysis of the gut-brain axis.,2025,Eating and weight disorders : EWD,needs_manual_review,evidence_registry,Auto-collected from PubMed E-utilities; requires manual review.,auto_search,2026-05-26
PMID:40606560,literature,PubMed,40606560,https://pubmed.ncbi.nlm.nih.gov/40606560/,10.1007/s43657-024-00165-x,40606560,Multi-Omics Exploration of Obesity Biomarkers in Sedentary and Weight Loss Cohorts.,2025,"Phenomics (Cham, Switzerland)",needs_manual_review,evidence_registry,Auto-collected from PubMed E-utilities; requires manual review.,auto_search,2026-05-26
PMID:40587116,literature,PubMed,40587116,https://pubmed.ncbi.nlm.nih.gov/40587116/,10.2337/dc25-0728,40587116,Prediction of Weight Loss and Regain Based on Multiomic and Phenotypic Features: Results From a Calorie-Restricted Feeding Trial.,2026,Diabetes care,needs_manual_review,evidence_registry,Auto-collected from PubMed E-utilities; requires manual review.,auto_search,2026-05-26
PMID:40434504,literature,PubMed,40434504,https://pubmed.ncbi.nlm.nih.gov/40434504/,10.1007/s12602-025-10605-3,40434504,Harnessing Probiotics: Exploring the Role of the Gut Microbiome in Combating Obesity.,2025,Probiotics and antimicrobial proteins,needs_manual_review,evidence_registry,Auto-collected from PubMed E-utilities; requires manual review.,auto_search,2026-05-26
PMID:40066582,literature,PubMed,40066582,https://pubmed.ncbi.nlm.nih.gov/40066582/,10.20960/nh.05563,40066582,"Effects of probiotic supplementation on blood lipids &#305;n hypercholesterolemic obese patients: a randomized, double-blind, placebo-controlled pilot trial.",2025,Nutricion hospitalaria,needs_manual_review,evidence_registry,Auto-collected from PubMed E-utilities; requires manual review.,auto_search,2026-05-26
PMID:40046174,literature,PubMed,40046174,https://pubmed.ncbi.nlm.nih.gov/40046174/,10.2147/JAA.S478329,40046174,Glucagon-Like Peptide 1 Receptor (Glp1r) Deficiency Does Not Appreciably Alter Airway Inflammation or Gut-Lung Microbiome Axis in a Mouse Model of Obese Allergic Airways Disease and Bariatric Surgery.,2025,Journal of asthma and allergy,needs_manual_review,evidence_registry,Auto-collected from PubMed E-utilities; requires manual review.,auto_search,2026-05-26
PMID:39842252,literature,PubMed,39842252,https://pubmed.ncbi.nlm.nih.gov/39842252/,10.1016/j.clnu.2024.12.031,39842252,"Effect of caloric restriction with probiotic supplementation on body composition, quality of life, and psychobiological factors of obese men: A randomized, double-blinded placebo-controlled clinical trial.",2025,"Clinical nutrition (Edinburgh, Scotland)",needs_manual_review,evidence_registry,Auto-collected from PubMed E-utilities; requires manual review.,auto_search,2026-05-26
PMID:39778852,literature,PubMed,39778852,https://pubmed.ncbi.nlm.nih.gov/39778852/,10.1016/j.ijbiomac.2025.139577,39778852,Characterization of a novel type 4 resistant starch from tapioca and its obesity-preventive effects through gut microbiota modulation in high-fat diet-treated mice.,2025,International journal of biological macromolecules,needs_manual_review,evidence_registry,Auto-collected from PubMed E-utilities; requires manual review.,auto_search,2026-05-26
PMID:39539712,literature,PubMed,39539712,https://pubmed.ncbi.nlm.nih.gov/39539712/,10.3389/fmicb.2024.1381423,39539712,Stress-induced obesity in mice causes cognitive decline associated with inhibition of hippocampal neurogenesis and dysfunctional gut microbiota.,2024,Frontiers in microbiology,needs_manual_review,evidence_registry,Auto-collected from PubMed E-utilities; requires manual review.,auto_search,2026-05-26
PMID:39481656,literature,PubMed,39481656,https://pubmed.ncbi.nlm.nih.gov/39481656/,10.1016/j.bcp.2024.116596,39481656,Insights into the modulatory effects of host-gut microbial xanthine co-metabolism on high-fat diet-fed mice.,2024,Biochemical pharmacology,needs_manual_review,evidence_registry,Auto-collected from PubMed E-utilities; requires manual review.,auto_search,2026-05-26
PMID:39456659,literature,PubMed,39456659,https://pubmed.ncbi.nlm.nih.gov/39456659/,10.3390/ijms252010871,39456659,Gut Microbiome and Metabolome Alterations in Overweight or Obese Adult Population after Weight-Loss Bifidobacterium breve BBr60 Intervention: A Randomized Controlled Trial.,2024,International journal of molecular sciences,needs_manual_review,evidence_registry,Auto-collected from PubMed E-utilities; requires manual review.,auto_search,2026-05-26
PMID:39455650,literature,PubMed,39455650,https://pubmed.ncbi.nlm.nih.gov/39455650/,10.1038/s41598-024-75594-9,39455650,Effects of Lactiplantibacillus plantarum CBT LP3 and Bifidobacterium breve CBT BR3 supplementation on weight loss and gut microbiota of overweight dogs.,2024,Scientific reports,needs_manual_review,evidence_registry,Auto-collected from PubMed E-utilities; requires manual review.,auto_search,2026-05-26
PMID:38999802,literature,PubMed,38999802,https://pubmed.ncbi.nlm.nih.gov/38999802/,10.3390/nu16132055,38999802,"Preoperative Multistrain Probiotic Supplementation Does Not Affect Body Weight Changes or Cardiometabolic Risk Factors in Bariatrics: Randomized, Double-Blind, Placebo-Controlled Clinical Trial.",2024,Nutrients,needs_manual_review,evidence_registry,Auto-collected from PubMed E-utilities; requires manual review.,auto_search,2026-05-26
PMID:38409604,literature,PubMed,38409604,https://pubmed.ncbi.nlm.nih.gov/38409604/,10.1038/s42255-024-00988-y,38409604,Resistant starch intake facilitates weight loss in humans by reshaping the gut microbiota.,2024,Nature metabolism,needs_manual_review,evidence_registry,Auto-collected from PubMed E-utilities; requires manual review.,auto_search,2026-05-26
PMID:38299011,literature,PubMed,38299011,https://pubmed.ncbi.nlm.nih.gov/38299011/,10.1515/biol-2022-0803,38299011,Gut microbiota changes associated with low-carbohydrate diet intervention for obesity.,2024,Open life sciences,needs_manual_review,evidence_registry,Auto-collected from PubMed E-utilities; requires manual review.,auto_search,2026-05-26
PMID:38270436,literature,PubMed,38270436,https://pubmed.ncbi.nlm.nih.gov/38270436/,10.1128/spectrum.02552-23,38270436,Dietary supplementation with probiotics promotes weight loss by reshaping the gut microbiome and energy metabolism in obese dogs.,2024,Microbiology spectrum,needs_manual_review,evidence_registry,Auto-collected from PubMed E-utilities; requires manual review.,auto_search,2026-05-26
PMID:37960202,literature,PubMed,37960202,https://pubmed.ncbi.nlm.nih.gov/37960202/,10.3390/nu15214549,37960202,"Effect of Lactobacillus kefiri, in Conjunction with PENS T6 and a Hypocaloric Diet, on Weight Loss, Hypertension and Laboratory Glycemic and Lipid Profile.",2023,Nutrients,needs_manual_review,evidence_registry,Auto-collected from PubMed E-utilities; requires manual review.,auto_search,2026-05-26
PMID:37836532,literature,PubMed,37836532,https://pubmed.ncbi.nlm.nih.gov/37836532/,10.3390/nu15194248,37836532,Effects of Synbiotic Supplementation on Metabolic Syndrome Traits and Gut Microbial Profile among Overweight and Obese Hong Kong Chinese Individuals: A Randomized Trial.,2023,Nutrients,needs_manual_review,evidence_registry,Auto-collected from PubMed E-utilities; requires manual review.,auto_search,2026-05-26
PMID:37772600,literature,PubMed,37772600,https://pubmed.ncbi.nlm.nih.gov/37772600/,10.1093/jas/skad338,37772600,"Effects of overfeeding on the digestive efficiency, voluntary physical activity levels, and fecal characteristics and microbiota of adult cats.",2023,Journal of animal science,needs_manual_review,evidence_registry,Auto-collected from PubMed E-utilities; requires manual review.,auto_search,2026-05-26
PMID:37685493,literature,PubMed,37685493,https://pubmed.ncbi.nlm.nih.gov/37685493/,10.3390/healthcare11172459,37685493,Exploring Gut Microbiota and the Influence of Physical Activity Interventions on Overweight and Obese Children and Adolescents: A Systematic Review.,2023,"Healthcare (Basel, Switzerland)",needs_manual_review,evidence_registry,Auto-collected from PubMed E-utilities; requires manual review.,auto_search,2026-05-26
PMID:37642346,literature,PubMed,37642346,https://pubmed.ncbi.nlm.nih.gov/37642346/,10.1080/19490976.2023.2250482,37642346,"Gut microbiome diversity, variability, and latent community types compared with shifts in body weight during the freshman year of college in dormitory-housed adolescents.",2023,Gut microbes,needs_manual_review,evidence_registry,Auto-collected from PubMed E-utilities; requires manual review.,auto_search,2026-05-26
PMID:37630832,literature,PubMed,37630832,https://pubmed.ncbi.nlm.nih.gov/37630832/,10.3390/nu15163642,37630832,Modulatory Effects of Co-Fermented Pu-erh Tea with Aqueous Corn Silk Extract on Gut Microbes and Fecal Metabolites in Mice Fed High-Fat Diet.,2023,Nutrients,needs_manual_review,evidence_registry,Auto-collected from PubMed E-utilities; requires manual review.,auto_search,2026-05-26
PMID:37181156,literature,PubMed,37181156,https://pubmed.ncbi.nlm.nih.gov/37181156/,10.3389/fnut.2023.1108088,37181156,Supplementation with inulin-type fructans affects gut microbiota and attenuates some of the cardiometabolic benefits of a plant-based diet in individuals with overweight or obesity.,2023,Frontiers in nutrition,needs_manual_review,evidence_registry,Auto-collected from PubMed E-utilities; requires manual review.,auto_search,2026-05-26
PMID:36904067,literature,PubMed,36904067,https://pubmed.ncbi.nlm.nih.gov/36904067/,10.3390/nu15051067,36904067,A Pilot Study: The Reduction in Fecal Acetate in Obese Patients after Probiotic Administration and Percutaneous Electrical Neurostimulation.,2023,Nutrients,needs_manual_review,evidence_registry,Auto-collected from PubMed E-utilities; requires manual review.,auto_search,2026-05-26
PMID:36879442,literature,PubMed,36879442,https://pubmed.ncbi.nlm.nih.gov/36879442/,10.1093/jas/skad073,36879442,"Effects of weight loss and feeding specially formulated diets on the body composition, blood metabolite profiles, voluntary physical activity, and fecal metabolites and microbiota of obese dogs.",2023,Journal of animal science,needs_manual_review,evidence_registry,Auto-collected from PubMed E-utilities; requires manual review.,auto_search,2026-05-26
PMID:36606510,literature,PubMed,36606510,https://pubmed.ncbi.nlm.nih.gov/36606510/,10.1002/edm2.402,36606510,"A clinical trial about effects of prebiotic and probiotic supplementation on weight loss, psychological profile and metabolic parameters in obese subjects.",2023,"Endocrinology, diabetes & metabolism",needs_manual_review,evidence_registry,Auto-collected from PubMed E-utilities; requires manual review.,auto_search,2026-05-26
PMID:36352899,literature,PubMed,36352899,https://pubmed.ncbi.nlm.nih.gov/36352899/,10.3389/fnut.2022.1007506,36352899,Effect of garlic extract on weight loss and gut microbiota composition in obese women: A double-blind randomized controlled trial.,2022,Frontiers in nutrition,needs_manual_review,evidence_registry,Auto-collected from PubMed E-utilities; requires manual review.,auto_search,2026-05-26
PMID:36091491,literature,PubMed,36091491,https://pubmed.ncbi.nlm.nih.gov/36091491/,10.1016/j.xinn.2022.100304,36091491,Multi-omic analyses identify mucosa bacteria and fecal metabolites associated with weight loss after fecal microbiota transplantation.,2022,Innovation (Cambridge (Mass.)),needs_manual_review,evidence_registry,Auto-collected from PubMed E-utilities; requires manual review.,auto_search,2026-05-26
PMID:35977666,literature,PubMed,35977666,https://pubmed.ncbi.nlm.nih.gov/35977666/,10.1016/j.jnutbio.2022.109122,35977666,Functional fiber enhances the effect of every-other-day fasting on insulin sensitivity by regulating the gut microecosystem.,2022,The Journal of nutritional biochemistry,needs_manual_review,evidence_registry,Auto-collected from PubMed E-utilities; requires manual review.,auto_search,2026-05-26
PMID:35845797,literature,PubMed,35845797,https://pubmed.ncbi.nlm.nih.gov/35845797/,10.3389/fnut.2022.898037,35845797,"Effects of Multispecies Synbiotic Supplementation on Anthropometric Measurements, Glucose and Lipid Parameters in Children With Exogenous Obesity: A Randomized, Double Blind, Placebo-Controlled Clinical Trial (Probesity-2 Trial).",2022,Frontiers in nutrition,needs_manual_review,evidence_registry,Auto-collected from PubMed E-utilities; requires manual review.,auto_search,2026-05-26
PMID:35685874,literature,PubMed,35685874,https://pubmed.ncbi.nlm.nih.gov/35685874/,10.3389/fnut.2022.871556,35685874,Effects of Oat Complex High-Fiber Formula Powder on the Composition of Intestinal Microbiota and Enzyme Activities in Mice Induced by a High-Fat Diet.,2022,Frontiers in nutrition,needs_manual_review,evidence_registry,Auto-collected from PubMed E-utilities; requires manual review.,auto_search,2026-05-26
PMID:35565835,literature,PubMed,35565835,https://pubmed.ncbi.nlm.nih.gov/35565835/,10.3390/nu14091868,35565835,Pleurotus Ostreatus Ameliorates Obesity by Modulating the Gut Microbiota in Obese Mice Induced by High-Fat Diet.,2022,Nutrients,needs_manual_review,evidence_registry,Auto-collected from PubMed E-utilities; requires manual review.,auto_search,2026-05-26
PMID:35467389,literature,PubMed,35467389,https://pubmed.ncbi.nlm.nih.gov/35467389/,10.1128/spectrum.00837-22,35467389,Whole-Genome Shotgun Metagenomic Sequencing Reveals Distinct Gut Microbiome Signatures of Obese Cats.,2022,Microbiology spectrum,needs_manual_review,evidence_registry,Auto-collected from PubMed E-utilities; requires manual review.,auto_search,2026-05-26
PMID:35334927,literature,PubMed,35334927,https://pubmed.ncbi.nlm.nih.gov/35334927/,10.3390/nu14061270,35334927,Probiotic Strains Isolated from an Olympic Woman's Weightlifting Gold Medalist Increase Weight Loss and Exercise Performance in a Mouse Model.,2022,Nutrients,needs_manual_review,evidence_registry,Auto-collected from PubMed E-utilities; requires manual review.,auto_search,2026-05-26
PMID:35264213,literature,PubMed,35264213,https://pubmed.ncbi.nlm.nih.gov/35264213/,10.1186/s13073-022-01015-z,35264213,The effects of the Green-Mediterranean diet on cardiometabolic health are linked to gut microbiome modifications: a randomized controlled trial.,2022,Genome medicine,needs_manual_review,evidence_registry,Auto-collected from PubMed E-utilities; requires manual review.,auto_search,2026-05-26
PMID:34967874,literature,PubMed,34967874,https://pubmed.ncbi.nlm.nih.gov/34967874/,10.1093/jas/skab379,34967874,"Weight loss and high-protein, high-fiber diet consumption impact blood metabolite profiles, body composition, voluntary physical activity, fecal microbiota, and fecal metabolites of adult dogs.",2022,Journal of animal science,needs_manual_review,evidence_registry,Auto-collected from PubMed E-utilities; requires manual review.,auto_search,2026-05-26
PMID:34946095,literature,PubMed,34946095,https://pubmed.ncbi.nlm.nih.gov/34946095/,10.3390/microorganisms9122493,34946095,Metagenome-Scale Metabolic Network Suggests Folate Produced by Bifidobacterium longum Might Contribute to High-Fiber-Diet-Induced Weight Loss in a Prader-Willi Syndrome Child.,2021,Microorganisms,needs_manual_review,evidence_registry,Auto-collected from PubMed E-utilities; requires manual review.,auto_search,2026-05-26
PMID:34684633,literature,PubMed,34684633,https://pubmed.ncbi.nlm.nih.gov/34684633/,10.3390/nu13103627,34684633,Effects of Probiotics and Synbiotics on Weight Loss in Subjects with Overweight or Obesity: A Systematic Review.,2021,Nutrients,needs_manual_review,evidence_registry,Auto-collected from PubMed E-utilities; requires manual review.,auto_search,2026-05-26
PMID:34592220,literature,PubMed,34592220,https://pubmed.ncbi.nlm.nih.gov/34592220/,10.1016/j.ijbiomac.2021.09.150,34592220,Novel &#946;-mannanase/GLP-1 fusion peptide high effectively ameliorates obesity in a mouse model by modifying balance of gut microbiota.,2021,International journal of biological macromolecules,needs_manual_review,evidence_registry,Auto-collected from PubMed E-utilities; requires manual review.,auto_search,2026-05-26
PMID:31064150,literature,PubMed,31064150,https://pubmed.ncbi.nlm.nih.gov/31064150/,10.3390/nu11051017,31064150,Mulberry Leaf Polyphenols and Fiber Induce Synergistic Antiobesity and Display a Modulation Effect on Gut Microbiota and Metabolites.,2019,Nutrients,needs_manual_review,evidence_registry,Auto-collected from PubMed E-utilities; requires manual review.,auto_search,2026-05-26
PMID:30468509,literature,PubMed,30468509,https://pubmed.ncbi.nlm.nih.gov/30468509/,10.26355/eurrev_201811_16301,30468509,"Probiotics, prebiotics and synbiotics for weight loss and metabolic syndrome in the microbiome era.",2018,European review for medical and pharmacological sciences,needs_manual_review,evidence_registry,Auto-collected from PubMed E-utilities; requires manual review.,auto_search,2026-05-26
PMID:28792488,literature,PubMed,28792488,https://pubmed.ncbi.nlm.nih.gov/28792488/,10.1038/ijo.2017.161,28792488,Effect of Lactobacillus on body weight and body fat in overweight subjects: a systematic review of randomized controlled clinical trials.,2017,International journal of obesity (2005),needs_manual_review,evidence_registry,Auto-collected from PubMed E-utilities; requires manual review.,auto_search,2026-05-26
PMID:28618860,literature,PubMed,28618860,https://pubmed.ncbi.nlm.nih.gov/28618860/,10.3920/BM2016.0170,28618860,The effects of the Lactobacillus casei strain on obesity in children: a pilot study.,2017,Beneficial microbes,needs_manual_review,evidence_registry,Auto-collected from PubMed E-utilities; requires manual review.,auto_search,2026-05-26
PMID:23886977,literature,PubMed,23886977,https://pubmed.ncbi.nlm.nih.gov/23886977/,10.3920/BM2012.0069,23886977,The development of probiotic treatment in obesity: a review.,2014,Beneficial microbes,needs_manual_review,evidence_registry,Auto-collected from PubMed E-utilities; requires manual review.,auto_search,2026-05-26
PMID:22634320,literature,PubMed,22634320,https://pubmed.ncbi.nlm.nih.gov/22634320/,10.1016/j.micpath.2012.05.007,22634320,Comparative meta-analysis of the effect of Lactobacillus species on weight gain in humans and animals.,2012,Microbial pathogenesis,needs_manual_review,evidence_registry,Auto-collected from PubMed E-utilities; requires manual review.,auto_search,2026-05-26
PMID:42169267,literature,PubMed,42169267,https://pubmed.ncbi.nlm.nih.gov/42169267/,10.1016/j.foodres.2026.119290,42169267,"Type I corn resistant starch attenuates obesity in high-fat diet-induced mice by modulating the gut microbiota, appetite and lipid metabolism genes.",2026,"Food research international (Ottawa, Ont.)",needs_manual_review,evidence_registry,Auto-collected from PubMed E-utilities; requires manual review.,auto_search,2026-05-26
PMID:41743894,literature,PubMed,41743894,https://pubmed.ncbi.nlm.nih.gov/41743894/,10.1007/s40200-026-01887-7,41743894,Enteroendocrine hormones and gut microbiota in obesity: a systematic review from mechanistic insight to precision metabolic care.,2026,Journal of diabetes and metabolic disorders,needs_manual_review,evidence_registry,Auto-collected from PubMed E-utilities; requires manual review.,auto_search,2026-05-26
PMID:41469282,literature,PubMed,41469282,https://pubmed.ncbi.nlm.nih.gov/41469282/,10.1016/j.soard.2025.11.021,41469282,"American Society of Metabolic and Bariatric Surgery review of gut microbiome and alterations related to weight loss treatment, by the Clinical Issues Committee.",2026,Surgery for obesity and related diseases : official journal of the American Society for Bariatric Surgery,needs_manual_review,evidence_registry,Auto-collected from PubMed E-utilities; requires manual review.,auto_search,2026-05-26
PMID:41393538,literature,PubMed,41393538,https://pubmed.ncbi.nlm.nih.gov/41393538/,10.7759/cureus.96713,41393538,The Obesity Drug Revolution: New Frontiers in Pharmacotherapy.,2025,Cureus,needs_manual_review,evidence_registry,Auto-collected from PubMed E-utilities; requires manual review.,auto_search,2026-05-26
PMID:41321998,literature,PubMed,41321998,https://pubmed.ncbi.nlm.nih.gov/41321998/,10.1016/j.csbj.2025.11.021,41321998,Gut microbiome enterotypes and temporal variations during a six-month inulin-supplemented weight loss randomized controlled trial in Thai children with obesity.,2025,Computational and structural biotechnology journal,needs_manual_review,evidence_registry,Auto-collected from PubMed E-utilities; requires manual review.,auto_search,2026-05-26
PMID:41313537,literature,PubMed,41313537,https://pubmed.ncbi.nlm.nih.gov/41313537/,10.1007/s12602-025-10855-1,41313537,"Gut Microbiome in Obesity: A Narrative Review of Mechanisms, Interventions, and Future Directions.",2025,Probiotics and antimicrobial proteins,needs_manual_review,evidence_registry,Auto-collected from PubMed E-utilities; requires manual review.,auto_search,2026-05-26
PMID:41216275,literature,PubMed,41216275,https://pubmed.ncbi.nlm.nih.gov/41216275/,10.21037/tgh-24-161,41216275,Impact of Lactobacillus acidophilus and inulin on the liver disease of an obese murine model.,2025,Translational gastroenterology and hepatology,needs_manual_review,evidence_registry,Auto-collected from PubMed E-utilities; requires manual review.,auto_search,2026-05-26
PMID:40732984,literature,PubMed,40732984,https://pubmed.ncbi.nlm.nih.gov/40732984/,10.3390/nu17142360,40732984,Gut Microbiota Shifts After a Weight Loss Program in Adults with Obesity: The WLM3P Study.,2025,Nutrients,needs_manual_review,evidence_registry,Auto-collected from PubMed E-utilities; requires manual review.,auto_search,2026-05-26
PMID:40725626,literature,PubMed,40725626,https://pubmed.ncbi.nlm.nih.gov/40725626/,10.3390/jcm14144933,40725626,The Role of Gut Microbiota in the Development and Treatment of Obesity and Overweight: A Literature Review.,2025,Journal of clinical medicine,needs_manual_review,evidence_registry,Auto-collected from PubMed E-utilities; requires manual review.,auto_search,2026-05-26
PMID:40573134,literature,PubMed,40573134,https://pubmed.ncbi.nlm.nih.gov/40573134/,10.3390/nu17122023,40573134,Combined Phytochemical Sulforaphane and Dietary Fiber Inulin Contribute to the Prevention of ER-Negative Breast Cancer via PI3K/AKT/MTOR Pathway and Modulating Gut Microbial Composition.,2025,Nutrients,needs_manual_review,evidence_registry,Auto-collected from PubMed E-utilities; requires manual review.,auto_search,2026-05-26
PMID:40284712,literature,PubMed,40284712,https://pubmed.ncbi.nlm.nih.gov/40284712/,10.3390/microorganisms13040877,40284712,"Prebiotic Effects of Insoluble Konjac Glucomannan Derived from Edible ""Konnyaku"" on Weight Control.",2025,Microorganisms,needs_manual_review,evidence_registry,Auto-collected from PubMed E-utilities; requires manual review.,auto_search,2026-05-26
PMID:40192559,literature,PubMed,40192559,https://pubmed.ncbi.nlm.nih.gov/40192559/,10.1089/jmf.2023.0233,40192559,The Effect of Prebiotics and Probiotics (Synbiotics) on Weight Loss and Biochemical Parameters in Obese Individuals.,2025,Journal of medicinal food,needs_manual_review,evidence_registry,Auto-collected from PubMed E-utilities; requires manual review.,auto_search,2026-05-26
PMID:40025880,literature,PubMed,40025880,https://pubmed.ncbi.nlm.nih.gov/40025880/,10.1080/17501911.2025.2473309,40025880,Epigenomic mechanisms of dietary prescriptions for obesity therapy.,2025,Epigenomics,needs_manual_review,evidence_registry,Auto-collected from PubMed E-utilities; requires manual review.,auto_search,2026-05-26
PMID:39981988,literature,PubMed,39981988,https://pubmed.ncbi.nlm.nih.gov/39981988/,10.1002/mnfr.202400806,39981988,"Nutraceutical Blends Promote Weight Loss, Inflammation Reduction, and Better Sleep: The Role of Faecalibacterium prausnitzii in Overweight Adults-A Double-Blind Trial.",2025,Molecular nutrition & food research,needs_manual_review,evidence_registry,Auto-collected from PubMed E-utilities; requires manual review.,auto_search,2026-05-26
PMID:39914371,literature,PubMed,39914371,https://pubmed.ncbi.nlm.nih.gov/39914371/,10.1159/000541711,39914371,Breastfeeding and Health Benefits for the Mother-Infant Dyad: A Perspective on Human Milk Microbiota.,2025,Annals of nutrition & metabolism,needs_manual_review,evidence_registry,Auto-collected from PubMed E-utilities; requires manual review.,auto_search,2026-05-26
PMID:39710683,literature,PubMed,39710683,https://pubmed.ncbi.nlm.nih.gov/39710683/,10.1186/s13098-024-01561-z,39710683,Understanding the complex function of gut microbiota: its impact on the pathogenesis of obesity and beyond: a comprehensive review.,2024,Diabetology & metabolic syndrome,needs_manual_review,evidence_registry,Auto-collected from PubMed E-utilities; requires manual review.,auto_search,2026-05-26
PMID:39656675,literature,PubMed,39656675,https://pubmed.ncbi.nlm.nih.gov/39656675/,10.1111/1750-3841.17564,39656675,Polysaccharides from fermented garlic attenuate high-fat diet-induced obesity in mice through gut microbes.,2024,Journal of food science,needs_manual_review,evidence_registry,Auto-collected from PubMed E-utilities; requires manual review.,auto_search,2026-05-26
PMID:39503979,literature,PubMed,39503979,https://pubmed.ncbi.nlm.nih.gov/39503979/,10.1007/s12602-024-10395-0,39503979,Synbiotic Effects of Lacticaseibacillus paracasei K56 and Prebiotics on the Intestinal Microecology of Children with Obesity.,2025,Probiotics and antimicrobial proteins,needs_manual_review,evidence_registry,Auto-collected from PubMed E-utilities; requires manual review.,auto_search,2026-05-26
PMID:39400776,literature,PubMed,39400776,https://pubmed.ncbi.nlm.nih.gov/39400776/,10.1186/s13568-024-01769-2,39400776,Impact of bariatric surgery on gut microbiota composition in obese patients compared to healthy controls.,2024,AMB Express,needs_manual_review,evidence_registry,Auto-collected from PubMed E-utilities; requires manual review.,auto_search,2026-05-26
PMID:39200335,literature,PubMed,39200335,https://pubmed.ncbi.nlm.nih.gov/39200335/,10.3390/biomedicines12081871,39200335,The Role of Fecal Microbiota Transplantation (FMT) in the Management of Metabolic Diseases in Humans: A Narrative Review.,2024,Biomedicines,needs_manual_review,evidence_registry,Auto-collected from PubMed E-utilities; requires manual review.,auto_search,2026-05-26
PMID:39125666,literature,PubMed,39125666,https://pubmed.ncbi.nlm.nih.gov/39125666/,10.3390/ijms25158098,39125666,Metabolic Syndrome and Psoriasis: Pivotal Roles of Chronic Inflammation and Gut Microbiota.,2024,International journal of molecular sciences,needs_manual_review,evidence_registry,Auto-collected from PubMed E-utilities; requires manual review.,auto_search,2026-05-26
PMID:39064763,literature,PubMed,39064763,https://pubmed.ncbi.nlm.nih.gov/39064763/,10.3390/nu16142321,39064763,Impact of a Fruit-Vegetable Preparation Fortified with Potato Starch Resistant Dextrin on Selected Health Indicators in Overweight Children.,2024,Nutrients,needs_manual_review,evidence_registry,Auto-collected from PubMed E-utilities; requires manual review.,auto_search,2026-05-26
PMID:38946112,literature,PubMed,38946112,https://pubmed.ncbi.nlm.nih.gov/38946112/,10.1111/1751-7915.14520,38946112,Role of breastfeeding in disease prevention.,2024,Microbial biotechnology,needs_manual_review,evidence_registry,Auto-collected from PubMed E-utilities; requires manual review.,auto_search,2026-05-26
PMID:38940505,literature,PubMed,38940505,https://pubmed.ncbi.nlm.nih.gov/38940505/,10.1128/cmr.00045-23,38940505,Role of the intestinal microbiota in contributing to weight disorders and associated comorbidities.,2024,Clinical microbiology reviews,needs_manual_review,evidence_registry,Auto-collected from PubMed E-utilities; requires manual review.,auto_search,2026-05-26
PMID:38744950,literature,PubMed,38744950,https://pubmed.ncbi.nlm.nih.gov/38744950/,10.1038/s41598-024-61130-2,38744950,"Effect of weight loss program using prebiotics and probiotics on body composition, physique, and metabolic products: longitudinal intervention study.",2024,Scientific reports,needs_manual_review,evidence_registry,Auto-collected from PubMed E-utilities; requires manual review.,auto_search,2026-05-26
PMID:38612951,literature,PubMed,38612951,https://pubmed.ncbi.nlm.nih.gov/38612951/,10.3390/nu16070917,38612951,Effects of Soluble Dextrin Fiber from Potato Starch on Body Weight and Associated Gut Dysbiosis Are Evident in Western Diet-Fed Mice but Not in Overweight/Obese Children.,2024,Nutrients,needs_manual_review,evidence_registry,Auto-collected from PubMed E-utilities; requires manual review.,auto_search,2026-05-26
PMID:38068829,literature,PubMed,38068829,https://pubmed.ncbi.nlm.nih.gov/38068829/,10.3390/nu15234971,38068829,Combating Obesity: Harnessing the Synergy of Postbiotics and Prebiotics for Enhanced Lipid Excretion and Microbiota Regulation.,2023,Nutrients,needs_manual_review,evidence_registry,Auto-collected from PubMed E-utilities; requires manual review.,auto_search,2026-05-26
PMID:37840104,literature,PubMed,37840104,https://pubmed.ncbi.nlm.nih.gov/37840104/,10.1007/s11154-023-09843-z,37840104,Non-alcoholic fatty liver disease and gut microbial dysbiosis- underlying mechanisms and gut microbiota mediated treatment strategies.,2023,Reviews in endocrine & metabolic disorders,needs_manual_review,evidence_registry,Auto-collected from PubMed E-utilities; requires manual review.,auto_search,2026-05-26
PMID:37810928,literature,PubMed,37810928,https://pubmed.ncbi.nlm.nih.gov/37810928/,10.3389/fnut.2023.1237237,37810928,Morel (Morchella spp.) intake alters gut microbial community and short-chain fatty acid profiles in mice.,2023,Frontiers in nutrition,needs_manual_review,evidence_registry,Auto-collected from PubMed E-utilities; requires manual review.,auto_search,2026-05-26
PMID:37724572,literature,PubMed,37724572,https://pubmed.ncbi.nlm.nih.gov/37724572/,10.1080/10408398.2023.2257782,37724572,Dairy products and constituents: a review of their effects on obesity and related metabolic diseases.,2024,Critical reviews in food science and nutrition,needs_manual_review,evidence_registry,Auto-collected from PubMed E-utilities; requires manual review.,auto_search,2026-05-26
PMID:37571301,literature,PubMed,37571301,https://pubmed.ncbi.nlm.nih.gov/37571301/,10.3390/nu15153365,37571301,Dietary Fat Modulation of Gut Microbiota and Impact on Regulatory Pathways Controlling Food Intake.,2023,Nutrients,needs_manual_review,evidence_registry,Auto-collected from PubMed E-utilities; requires manual review.,auto_search,2026-05-26
PMID:37562188,literature,PubMed,37562188,https://pubmed.ncbi.nlm.nih.gov/37562188/,10.1016/j.nut.2023.112111,37562188,Does gut microbiota affect the success of weight loss? Evidence and speculation.,2023,"Nutrition (Burbank, Los Angeles County, Calif.)",needs_manual_review,evidence_registry,Auto-collected from PubMed E-utilities; requires manual review.,auto_search,2026-05-26
PMID:37513229,literature,PubMed,37513229,https://pubmed.ncbi.nlm.nih.gov/37513229/,10.3390/molecules28145357,37513229,Weight Loss Supplements.,2023,"Molecules (Basel, Switzerland)",needs_manual_review,evidence_registry,Auto-collected from PubMed E-utilities; requires manual review.,auto_search,2026-05-26
PMID:37503494,literature,PubMed,37503494,https://pubmed.ncbi.nlm.nih.gov/37503494/,10.7759/cureus.40948,37503494,Exploring the Impact of the Gut Microbiome on Obesity and Weight Loss: A Review Article.,2023,Cureus,needs_manual_review,evidence_registry,Auto-collected from PubMed E-utilities; requires manual review.,auto_search,2026-05-26
PMID:36943206,literature,PubMed,36943206,https://pubmed.ncbi.nlm.nih.gov/36943206/,10.23736/S2724-5985.23.03379-X,36943206,Association between intestinal microflora and obesity.,2024,Minerva gastroenterology,needs_manual_review,evidence_registry,Auto-collected from PubMed E-utilities; requires manual review.,auto_search,2026-05-26
PMID:36768984,literature,PubMed,36768984,https://pubmed.ncbi.nlm.nih.gov/36768984/,10.3390/ijms24032665,36768984,Fermented Foods in the Management of Obesity: Mechanisms of Action and Future Challenges.,2023,International journal of molecular sciences,needs_manual_review,evidence_registry,Auto-collected from PubMed E-utilities; requires manual review.,auto_search,2026-05-26
PMID:36687706,literature,PubMed,36687706,https://pubmed.ncbi.nlm.nih.gov/36687706/,10.3389/fnut.2022.988529,36687706,Maternal prebiotic supplementation impacts colitis development in offspring mice.,2022,Frontiers in nutrition,needs_manual_review,evidence_registry,Auto-collected from PubMed E-utilities; requires manual review.,auto_search,2026-05-26
PMID:36530587,literature,PubMed,36530587,https://pubmed.ncbi.nlm.nih.gov/36530587/,10.2147/DMSO.S378396,36530587,Microbiome-Targeted Therapies as an Adjunct to Traditional Weight Loss Interventions: A Systematic Review and Meta-Analysis.,2022,"Diabetes, metabolic syndrome and obesity : targets and therapy",needs_manual_review,evidence_registry,Auto-collected from PubMed E-utilities; requires manual review.,auto_search,2026-05-26
PMID:36281657,literature,PubMed,36281657,https://pubmed.ncbi.nlm.nih.gov/36281657/,10.1039/d2fo02185d,36281657,Algal polysaccharides and derivatives as potential therapeutics for obesity and related metabolic diseases.,2022,Food & function,needs_manual_review,evidence_registry,Auto-collected from PubMed E-utilities; requires manual review.,auto_search,2026-05-26
PMID:35807808,literature,PubMed,35807808,https://pubmed.ncbi.nlm.nih.gov/35807808/,10.3390/nu14132627,35807808,Prolonged Isolated Soluble Dietary Fibre Supplementation in Overweight and Obese Patients: A Systematic Review with Meta-Analysis of Randomised Controlled Trials.,2022,Nutrients,needs_manual_review,evidence_registry,Auto-collected from PubMed E-utilities; requires manual review.,auto_search,2026-05-26
PMID:35531940,literature,PubMed,35531940,https://pubmed.ncbi.nlm.nih.gov/35531940/,10.1080/10408398.2022.2067116,35531940,Gut microbiota in bariatric surgery.,2023,Critical reviews in food science and nutrition,needs_manual_review,evidence_registry,Auto-collected from PubMed E-utilities; requires manual review.,auto_search,2026-05-26
PMID:35278043,literature,PubMed,35278043,https://pubmed.ncbi.nlm.nih.gov/35278043/,10.1002/jcsm.12964,35278043,Gut microbes and muscle function: can probiotics make our muscles stronger?,2022,"Journal of cachexia, sarcopenia and muscle",needs_manual_review,evidence_registry,Auto-collected from PubMed E-utilities; requires manual review.,auto_search,2026-05-26
PMID:35108450,literature,PubMed,35108450,https://pubmed.ncbi.nlm.nih.gov/35108450/,10.1002/mnfr.202100653,35108450,Diets Containing Egg or Whey Protein and Inulin Fiber Improve Energy Balance and Modulate Gut Microbiota in Exercising Obese Rats.,2022,Molecular nutrition & food research,needs_manual_review,evidence_registry,Auto-collected from PubMed E-utilities; requires manual review.,auto_search,2026-05-26
PMID:34959933,literature,PubMed,34959933,https://pubmed.ncbi.nlm.nih.gov/34959933/,10.3390/nu13124376,34959933,"A Comprehensive Review of Hass Avocado Clinical Trials, Observational Studies, and Biological Mechanisms.",2021,Nutrients,needs_manual_review,evidence_registry,Auto-collected from PubMed E-utilities; requires manual review.,auto_search,2026-05-26
PMID:41898729,literature,PubMed,41898729,https://pubmed.ncbi.nlm.nih.gov/41898729/,10.3390/ijms27062875,41898729,Dietary Supplementation of L-Carnosine Attenuates High Starch-Induced Disorders of Carbohydrate and Lipid Metabolisms in Zebrafish.,2026,International journal of molecular sciences,needs_manual_review,evidence_registry,Auto-collected from PubMed E-utilities; requires manual review.,auto_search,2026-05-26
PMID:41553723,literature,PubMed,41553723,https://pubmed.ncbi.nlm.nih.gov/41553723/,10.1152/ajpendo.00488.2025,41553723,"Postbiotic gut bacteria site-specific immunomodulators improve liver steatosis, inflammation, and fibrosis in obese mice with MASLD.",2026,American journal of physiology. Endocrinology and metabolism,needs_manual_review,evidence_registry,Auto-collected from PubMed E-utilities; requires manual review.,auto_search,2026-05-26
PMID:41524907,literature,PubMed,41524907,https://pubmed.ncbi.nlm.nih.gov/41524907/,10.1007/s00394-025-03873-w,41524907,A multifaceted lifestyle program for weight loss in overweight adults: evidence from a randomised clinical trial.,2026,European journal of nutrition,needs_manual_review,evidence_registry,Auto-collected from PubMed E-utilities; requires manual review.,auto_search,2026-05-26
PMID:41430243,literature,PubMed,41430243,https://pubmed.ncbi.nlm.nih.gov/41430243/,10.1186/s12937-025-01270-x,41430243,"The effect of a sustainable diet and time-restricted eating and probiotic in heart failure with reduced ejection fraction patients: study protocol for a randomized, double-blind, and placebo-controlled trial.",2025,Nutrition journal,needs_manual_review,evidence_registry,Auto-collected from PubMed E-utilities; requires manual review.,auto_search,2026-05-26
PMID:41410828,literature,PubMed,41410828,https://pubmed.ncbi.nlm.nih.gov/41410828/,10.1007/s11695-025-08437-9,41410828,Role of Lactobacillus Johnsonii in Gastroesophageal Reflux Disease in Obese Mice Following Sleeve Gastrectomy.,2026,Obesity surgery,needs_manual_review,evidence_registry,Auto-collected from PubMed E-utilities; requires manual review.,auto_search,2026-05-26
PMID:41368199,literature,PubMed,41368199,https://pubmed.ncbi.nlm.nih.gov/41368199/,10.1016/j.obpill.2025.100209,41368199,Dietary supplement considerations during glucagon-like Peptide-1 receptor agonist treatment: A narrative review.,2025,Obesity pillars,needs_manual_review,evidence_registry,Auto-collected from PubMed E-utilities; requires manual review.,auto_search,2026-05-26
PMID:41205303,literature,PubMed,41205303,https://pubmed.ncbi.nlm.nih.gov/41205303/,10.1016/j.micres.2025.128393,41205303,Bacteroides acidifaciens alleviates high-fat diet-induced obesity-related osteoporosis by regulating gut microbiota and bile acid metabolism via the gut-bone axis.,2026,Microbiological research,needs_manual_review,evidence_registry,Auto-collected from PubMed E-utilities; requires manual review.,auto_search,2026-05-26
PMID:41150739,literature,PubMed,41150739,https://pubmed.ncbi.nlm.nih.gov/41150739/,10.3390/cimb47100791,41150739,Switching from a High-Fat to a Regular Chow Diet Improves Obesity Progression in Mice.,2025,Current issues in molecular biology,needs_manual_review,evidence_registry,Auto-collected from PubMed E-utilities; requires manual review.,auto_search,2026-05-26
PMID:41061287,literature,PubMed,41061287,https://pubmed.ncbi.nlm.nih.gov/41061287/,10.1016/j.phymed.2025.157314,41061287,"Theaflavins in black tea ameliorate high-fat diet-induced obesity and inflammation via gut microbiota, AMPK-mediated metabolism, and NF-&#954;B pathway.",2025,Phytomedicine : international journal of phytotherapy and phytopharmacology,needs_manual_review,evidence_registry,Auto-collected from PubMed E-utilities; requires manual review.,auto_search,2026-05-26
PMID:41003008,literature,PubMed,41003008,https://pubmed.ncbi.nlm.nih.gov/41003008/,10.3390/metabo15090624,41003008,Dietary Modulation of Metabolic Health: From Bioactive Compounds to Personalized Nutrition.,2025,Metabolites,needs_manual_review,evidence_registry,Auto-collected from PubMed E-utilities; requires manual review.,auto_search,2026-05-26
PMID:40902730,literature,PubMed,40902730,https://pubmed.ncbi.nlm.nih.gov/40902730/,10.1016/j.tjnut.2025.08.026,40902730,Can Probiotics Influence Adaptive Thermogenesis Induced by Continuous Energy Restriction after a 12-Week Intervention in Adult Males Living with Obesity? A Secondary Analysis of a Randomized Clinical Trial (S&#227;o Paulo Clinical Study of Obesity and Intestinal Microbiota).,2025,The Journal of nutrition,needs_manual_review,evidence_registry,Auto-collected from PubMed E-utilities; requires manual review.,auto_search,2026-05-26
PMID:40895654,literature,PubMed,40895654,https://pubmed.ncbi.nlm.nih.gov/40895654/,10.7759/cureus.89207,40895654,Recent Trends in the Prevention and Management of Obesity Among Adults: A Systematic Review.,2025,Cureus,needs_manual_review,evidence_registry,Auto-collected from PubMed E-utilities; requires manual review.,auto_search,2026-05-26
PMID:40772021,literature,PubMed,40772021,https://pubmed.ncbi.nlm.nih.gov/40772021/,10.1002/fsn3.70728,40772021,The Effect of Probiotics on the Improvement of Body Weight and Fat.,2025,Food science & nutrition,needs_manual_review,evidence_registry,Auto-collected from PubMed E-utilities; requires manual review.,auto_search,2026-05-26
PMID:40772014,literature,PubMed,40772014,https://pubmed.ncbi.nlm.nih.gov/40772014/,10.1002/fsn3.70592,40772014,"Erchen Decoction Offers Health Benefits in Regulating Obesity: Component Analysis, Network Pharmacology, and Experiment Verification.",2025,Food science & nutrition,needs_manual_review,evidence_registry,Auto-collected from PubMed E-utilities; requires manual review.,auto_search,2026-05-26
PMID:40736492,literature,PubMed,40736492,https://pubmed.ncbi.nlm.nih.gov/40736492/,,40736492,Top 20 Research Studies of 2024 for Primary Care Physicians.,2025,American family physician,needs_manual_review,evidence_registry,Auto-collected from PubMed E-utilities; requires manual review.,auto_search,2026-05-26
PMID:40642833,literature,PubMed,40642833,https://pubmed.ncbi.nlm.nih.gov/40642833/,10.1111/dom.16599,40642833,Quantitative analysis of the efficacy characteristics and influencing factors of weight loss drugs in children and adolescents.,2025,"Diabetes, obesity & metabolism",needs_manual_review,evidence_registry,Auto-collected from PubMed E-utilities; requires manual review.,auto_search,2026-05-26
PMID:40616774,literature,PubMed,40616774,https://pubmed.ncbi.nlm.nih.gov/40616774/,10.1007/s12602-025-10639-7,40616774,Synergistic Effects of Pediococcus pentosaceus E24-168 and Exercise on Obesity-Related Dysfunctions and Anxiety in High-Fat Diet-Induced Obese Mice.,2026,Probiotics and antimicrobial proteins,needs_manual_review,evidence_registry,Auto-collected from PubMed E-utilities; requires manual review.,auto_search,2026-05-26
PMID:40572100,literature,PubMed,40572100,https://pubmed.ncbi.nlm.nih.gov/40572100/,10.3390/microorganisms13061211,40572100,Alleviation of Adipose Tissue Inflammation and Obesity Suppression by a Probiotic Strain That Induces GLP-1 Secretion.,2025,Microorganisms,needs_manual_review,evidence_registry,Auto-collected from PubMed E-utilities; requires manual review.,auto_search,2026-05-26
PMID:40557185,literature,PubMed,40557185,https://pubmed.ncbi.nlm.nih.gov/40557185/,10.31138/mjr.030624.dra,40557185,Dietary Recommendations from the Moroccan Society for Rheumatology (SMR) for Patients with Chronic Inflammatory Rheumatic Diseases.,2025,Mediterranean journal of rheumatology,needs_manual_review,evidence_registry,Auto-collected from PubMed E-utilities; requires manual review.,auto_search,2026-05-26
PMID:40460250,literature,PubMed,40460250,https://pubmed.ncbi.nlm.nih.gov/40460250/,10.1080/17446651.2025.2512551,40460250,Gut microbiota alterations and their role in the pathophysiology of obesity following bariatric surgery.,2025,Expert review of endocrinology & metabolism,needs_manual_review,evidence_registry,Auto-collected from PubMed E-utilities; requires manual review.,auto_search,2026-05-26
PMID:40416368,literature,PubMed,40416368,https://pubmed.ncbi.nlm.nih.gov/40416368/,10.3389/fnut.2025.1542145,40416368,"Effect of Bacillus coagulans BC99 supplementation on body weight and gut microbiota in overweight and obese individual: a randomized, double-blind, placebo-controlled study.",2025,Frontiers in nutrition,needs_manual_review,evidence_registry,Auto-collected from PubMed E-utilities; requires manual review.,auto_search,2026-05-26
PMID:40269059,literature,PubMed,40269059,https://pubmed.ncbi.nlm.nih.gov/40269059/,10.1038/s41598-025-96893-9,40269059,"Gut microbiota diversity in obese rats treated with intermittent fasting, probiotic-fermented camel milk with or without dates and their combinations.",2025,Scientific reports,needs_manual_review,evidence_registry,Auto-collected from PubMed E-utilities; requires manual review.,auto_search,2026-05-26
PMID:40178689,literature,PubMed,40178689,https://pubmed.ncbi.nlm.nih.gov/40178689/,10.1186/s40643-025-00861-0,40178689,Phycochemistry and pharmacological significance of filamentous cyanobacterium Spirulina sp.,2025,Bioresources and bioprocessing,needs_manual_review,evidence_registry,Auto-collected from PubMed E-utilities; requires manual review.,auto_search,2026-05-26
PMID:40099634,literature,PubMed,40099634,https://pubmed.ncbi.nlm.nih.gov/40099634/,10.1097/BOR.0000000000001090,40099634,Nutritional guidance in spondyloarthritis: confronting the evidence gap.,2025,Current opinion in rheumatology,needs_manual_review,evidence_registry,Auto-collected from PubMed E-utilities; requires manual review.,auto_search,2026-05-26
PMID:39997695,literature,PubMed,39997695,https://pubmed.ncbi.nlm.nih.gov/39997695/,10.3390/metabo15020070,39997695,Synergistic Effects of Probiotics and Lifestyle Interventions on Intestinal Microbiota Composition and Clinical Outcomes in Obese Adults.,2025,Metabolites,needs_manual_review,evidence_registry,Auto-collected from PubMed E-utilities; requires manual review.,auto_search,2026-05-26
PMID:39988008,literature,PubMed,39988008,https://pubmed.ncbi.nlm.nih.gov/39988008/,10.1016/j.bbi.2025.02.014,39988008,Oleoylethanolamide-producing Lactobacillus paracasei F19 improves metabolic and behavioral disorders by restoring intestinal permeability and microbiota-gut-brain axis in high-fat diet-induced obese male mice.,2025,"Brain, behavior, and immunity",needs_manual_review,evidence_registry,Auto-collected from PubMed E-utilities; requires manual review.,auto_search,2026-05-26
PMID:41961895,literature,PubMed,41961895,https://pubmed.ncbi.nlm.nih.gov/41961895/,10.1111/jpc.70344,41961895,"Effects of Probiotic and Synbiotic Supplementation on Metabolic and Hepatic Outcomes in Children and Adolescents With Obesity, Including Those With Obesity-Related Metabolic Dysfunction-Associated Steatotic Liver Disease: A Systematic Review and Meta-Analysis.",2026,Journal of paediatrics and child health,needs_manual_review,evidence_registry,Auto-collected from PubMed E-utilities; requires manual review.,auto_search,2026-05-26
PMID:41871887,literature,PubMed,41871887,https://pubmed.ncbi.nlm.nih.gov/41871887/,10.1111/jog.70244,41871887,Effects of Nutritional Supplement Intake on Pregnancy Outcomes in Overweight and Obese Women: A Systematic Review and Meta-Analysis.,2026,The journal of obstetrics and gynaecology research,needs_manual_review,evidence_registry,Auto-collected from PubMed E-utilities; requires manual review.,auto_search,2026-05-26
PMID:41599863,literature,PubMed,41599863,https://pubmed.ncbi.nlm.nih.gov/41599863/,10.3390/nu18020250,41599863,"Efficacy and Safety of CKDB-322, a Combination of Lactiplantibacillus plantarum Q180 and Phaeodactylum tricornutum, for Reducing Body Fat and Abdominal Adiposity in Overweight Adults.",2026,Nutrients,needs_manual_review,evidence_registry,Auto-collected from PubMed E-utilities; requires manual review.,auto_search,2026-05-26
PMID:41512635,literature,PubMed,41512635,https://pubmed.ncbi.nlm.nih.gov/41512635/,10.1016/j.clnu.2025.106560,41512635,"Effects of a novel synbiotic intervention on abdominal visceral fat reductions and gut microbiota in overweight and obese adults: A randomized, double-blind, placebo-controlled trial.",2026,"Clinical nutrition (Edinburgh, Scotland)",needs_manual_review,evidence_registry,Auto-collected from PubMed E-utilities; requires manual review.,auto_search,2026-05-26
PMID:41410576,literature,PubMed,41410576,https://pubmed.ncbi.nlm.nih.gov/41410576/,10.1039/d5fo01687h,41410576,"Daily mango (Mangifera indica L.) consumption supplemented with probiotics differentially modulates inflammation and cognitive function in individuals with overweight or obesity: a placebo-controlled, double-blind, and randomized trial.",2026,Food & function,needs_manual_review,evidence_registry,Auto-collected from PubMed E-utilities; requires manual review.,auto_search,2026-05-26
PMID:41022286,literature,PubMed,41022286,https://pubmed.ncbi.nlm.nih.gov/41022286/,10.1016/j.advnut.2025.100526,41022286,Probiotics and Synbiotics Supplementation Reduce Inflammatory Cytokines in Individuals with Prediabetes and Type 2 Diabetes Mellitus: Findings from a Systematic Review Meta-analysis.,2025,"Advances in nutrition (Bethesda, Md.)",needs_manual_review,evidence_registry,Auto-collected from PubMed E-utilities; requires manual review.,auto_search,2026-05-26
PMID:40951500,literature,PubMed,40951500,https://pubmed.ncbi.nlm.nih.gov/40951500/,10.52225/narra.v5i2.1562,40951500,Probiotic Lactobacillus sp. as a strategy for modulation of non-comorbid obesity: A systematic meta-analysis and GRADE assessment of randomized controlled trials.,2025,Narra J,needs_manual_review,evidence_registry,Auto-collected from PubMed E-utilities; requires manual review.,auto_search,2026-05-26
PMID:40827948,literature,PubMed,40827948,https://pubmed.ncbi.nlm.nih.gov/40827948/,10.1530/EC-25-0219,40827948,Long-term efficacy of dapagliflozin combined with Bifidobacterium triple viable tablets on metabolic syndrome and gut microbiota in overweight/obese patients with type 2 diabetes.,2025,Endocrine connections,needs_manual_review,evidence_registry,Auto-collected from PubMed E-utilities; requires manual review.,auto_search,2026-05-26
PMID:40647296,literature,PubMed,40647296,https://pubmed.ncbi.nlm.nih.gov/40647296/,10.3390/nu17132193,40647296,Impact of Probiotic/Synbiotic Supplementation on Post-Bariatric Surgery Anthropometric and Cardiometabolic Outcomes: An Updated Systematic Review and Meta-Analysis of Randomized Controlled Trials.,2025,Nutrients,needs_manual_review,evidence_registry,Auto-collected from PubMed E-utilities; requires manual review.,auto_search,2026-05-26
PMID:40637175,literature,PubMed,40637175,https://pubmed.ncbi.nlm.nih.gov/40637175/,10.1002/14651858.CD015875,40637175,Gut microbiome-based interventions for the management of obesity in children and adolescents aged up to 19 years.,2025,The Cochrane database of systematic reviews,needs_manual_review,evidence_registry,Auto-collected from PubMed E-utilities; requires manual review.,auto_search,2026-05-26
PMID:40484149,literature,PubMed,40484149,https://pubmed.ncbi.nlm.nih.gov/40484149/,10.1016/j.bbi.2025.06.002,40484149,Add-on probiotics for inflammatory depression - A double-blind randomized placebo-controlled trial.,2025,"Brain, behavior, and immunity",needs_manual_review,evidence_registry,Auto-collected from PubMed E-utilities; requires manual review.,auto_search,2026-05-26
PMID:40409234,literature,PubMed,40409234,https://pubmed.ncbi.nlm.nih.gov/40409234/,10.1016/j.clnu.2025.05.005,40409234,Effects of multi-strain probiotics supplementation on body adiposity and metabolic profile in individuals with hypertension and overweight following an energy-restricted diet: A randomized clinical trial.,2025,"Clinical nutrition (Edinburgh, Scotland)",needs_manual_review,evidence_registry,Auto-collected from PubMed E-utilities; requires manual review.,auto_search,2026-05-26
PMID:40385498,literature,PubMed,40385498,https://pubmed.ncbi.nlm.nih.gov/40385498/,10.1007/s40200-025-01632-6,40385498,"Effects of multi-strain synbiotic supplementation on liver enzymes, insulin resistance, anthropometric, and inflammatory indices in overweight and obese adults with fatty liver and diabetes: a randomized controlled trial.",2025,Journal of diabetes and metabolic disorders,needs_manual_review,evidence_registry,Auto-collected from PubMed E-utilities; requires manual review.,auto_search,2026-05-26
PMID:40214965,literature,PubMed,40214965,https://pubmed.ncbi.nlm.nih.gov/40214965/,10.1007/s42000-025-00649-z,40214965,Comparative evaluation of dulaglutide alone vs. dulaglutide combined with probiotics on cardiovascular risk factors in T2DM.,2025,"Hormones (Athens, Greece)",needs_manual_review,evidence_registry,Auto-collected from PubMed E-utilities; requires manual review.,auto_search,2026-05-26
PMID:39984625,literature,PubMed,39984625,https://pubmed.ncbi.nlm.nih.gov/39984625/,10.1038/s41598-025-90820-8,39984625,Effects of oral supplementation of probiotics on body weight and visceral fat in obese patients: a meta-analysis and systematic review.,2025,Scientific reports,needs_manual_review,evidence_registry,Auto-collected from PubMed E-utilities; requires manual review.,auto_search,2026-05-26
PMID:39940263,literature,PubMed,39940263,https://pubmed.ncbi.nlm.nih.gov/39940263/,10.3390/nu17030405,39940263,Changes in Hormonal Profile and Body Mass Index in Women with Polycystic Ovary Syndrome After Probiotic Intake: A 12-Week Placebo-Controlled and Randomized Clinical Study.,2025,Nutrients,needs_manual_review,evidence_registry,Auto-collected from PubMed E-utilities; requires manual review.,auto_search,2026-05-26
PMID:39636391,literature,PubMed,39636391,https://pubmed.ncbi.nlm.nih.gov/39636391/,10.1007/s00404-024-07833-3,39636391,"Six-month randomized, placebo controlled trial of synbiotic supplementation in women with polycystic ovary syndrome undergoing lifestyle modifications.",2025,Archives of gynecology and obstetrics,needs_manual_review,evidence_registry,Auto-collected from PubMed E-utilities; requires manual review.,auto_search,2026-05-26
PMID:39594072,literature,PubMed,39594072,https://pubmed.ncbi.nlm.nih.gov/39594072/,10.3390/foods13223655,39594072,Modulation of Serum Metabolic Profiles by Bifidobacterium breve BBr60 in Obesity: A Randomized Controlled Trial.,2024,"Foods (Basel, Switzerland)",needs_manual_review,evidence_registry,Auto-collected from PubMed E-utilities; requires manual review.,auto_search,2026-05-26
PMID:39574069,literature,PubMed,39574069,https://pubmed.ncbi.nlm.nih.gov/39574069/,10.1186/s12916-024-03744-x,39574069,Strategic interventions in clinical randomized trials for metabolic dysfunction-associated steatotic liver disease (MASLD) and obesity in the pediatric population: a systematic review with meta-analysis and bibliometric analysis.,2024,BMC medicine,needs_manual_review,evidence_registry,Auto-collected from PubMed E-utilities; requires manual review.,auto_search,2026-05-26
PMID:39340527,literature,PubMed,39340527,https://pubmed.ncbi.nlm.nih.gov/39340527/,10.1080/10408398.2024.2409956,39340527,"Effects of probiotics, prebiotics, and synbiotics on cardiometabolic risk factors in children and adolescents with overweight or obesity: a systematic review and Bayesian network meta-analysis.",2025,Critical reviews in food science and nutrition,needs_manual_review,evidence_registry,Auto-collected from PubMed E-utilities; requires manual review.,auto_search,2026-05-26
PMID:39117856,literature,PubMed,39117856,https://pubmed.ncbi.nlm.nih.gov/39117856/,10.1007/s11695-024-07437-5,39117856,"Effects of Probiotic Supplementation Added to a Weight Loss Program on Anthropometric Measures, Body Composition, Eating Behavior, and Related Hormone Levels in Patients with Food Addiction and Weight Regain After Bariatric Surgery: A Randomized Clinical Trial.",2024,Obesity surgery,needs_manual_review,evidence_registry,Auto-collected from PubMed E-utilities; requires manual review.,auto_search,2026-05-26
PMID:39062848,literature,PubMed,39062848,https://pubmed.ncbi.nlm.nih.gov/39062848/,10.3390/ijms25147608,39062848,The Role of Lactobacillus plantarum in Reducing Obesity and Inflammation: A Meta-Analysis.,2024,International journal of molecular sciences,needs_manual_review,evidence_registry,Auto-collected from PubMed E-utilities; requires manual review.,auto_search,2026-05-26
PMID:39051504,literature,PubMed,39051504,https://pubmed.ncbi.nlm.nih.gov/39051504/,10.1039/d4fo00535j,39051504,"Bifidobacterium lactis IDCC 4301 (B. lactis Fit&#8482;) supplementation effects on body fat, serum triglyceride, and adipokine ratio in obese women: a randomized clinical trial.",2024,Food & function,needs_manual_review,evidence_registry,Auto-collected from PubMed E-utilities; requires manual review.,auto_search,2026-05-26
PMID:38999741,literature,PubMed,38999741,https://pubmed.ncbi.nlm.nih.gov/38999741/,10.3390/nu16131993,38999741,"The Effect of the Lacticaseibacillus paracasei BEPC22 and Lactiplantibacillus plantarum BELP53 Combination (BN-202M) on Body Fat Percentage Loss in Overweight Individuals: A Randomized, Double-Blind, Placebo-Controlled Study.",2024,Nutrients,needs_manual_review,evidence_registry,Auto-collected from PubMed E-utilities; requires manual review.,auto_search,2026-05-26
PMID:38953736,literature,PubMed,38953736,https://pubmed.ncbi.nlm.nih.gov/38953736/,10.1039/d4fo01269k,38953736,"Beneficial effects of a new probiotic formulation on adipocytokines, appetite-regulating hormones, and metabolic parameters in obese women.",2024,Food & function,needs_manual_review,evidence_registry,Auto-collected from PubMed E-utilities; requires manual review.,auto_search,2026-05-26
PMID:38653887,literature,PubMed,38653887,https://pubmed.ncbi.nlm.nih.gov/38653887/,10.1007/s11695-024-07225-1,38653887,"Impact of Probiotics on Gastrointestinal Function and Metabolic Status After Roux-en-Y Gastric Bypass: A Double-Blind, Randomized Trial.",2024,Obesity surgery,needs_manual_review,evidence_registry,Auto-collected from PubMed E-utilities; requires manual review.,auto_search,2026-05-26
PMID:38542727,literature,PubMed,38542727,https://pubmed.ncbi.nlm.nih.gov/38542727/,10.3390/nu16060815,38542727,Effects of Bifidobacterium longum BB536 and Bifidobacterium breve MCC1274 on Body Composition in Normal and Overweight Adults in Randomized Placebo-Controlled Study.,2024,Nutrients,needs_manual_review,evidence_registry,Auto-collected from PubMed E-utilities; requires manual review.,auto_search,2026-05-26
PMID:38140284,literature,PubMed,38140284,https://pubmed.ncbi.nlm.nih.gov/38140284/,10.3390/nu15245025,38140284,"Effect of Continuous Ingestion of Bifidobacteria and Inulin on Reducing Body Fat: A Randomized, Double-Blind, Placebo-Controlled, Parallel-Group Comparison Study.",2023,Nutrients,needs_manual_review,evidence_registry,Auto-collected from PubMed E-utilities; requires manual review.,auto_search,2026-05-26
PMID:38030409,literature,PubMed,38030409,https://pubmed.ncbi.nlm.nih.gov/38030409/,10.1111/obr.13667,38030409,Beneficial effects of the probiotics and synbiotics supplementation on anthropometric indices and body composition in adults: A systematic review and meta-analysis.,2024,Obesity reviews : an official journal of the International Association for the Study of Obesity,needs_manual_review,evidence_registry,Auto-collected from PubMed E-utilities; requires manual review.,auto_search,2026-05-26
PMID:37971504,literature,PubMed,37971504,https://pubmed.ncbi.nlm.nih.gov/37971504/,10.1007/s00125-023-06044-w,37971504,Habitual carbohydrate intake is not correlated with circulating &#946;-hydroxybutyrate levels in pregnant women with overweight and obesity at 28 weeks' gestation.,2024,Diabetologia,needs_manual_review,evidence_registry,Auto-collected from PubMed E-utilities; requires manual review.,auto_search,2026-05-26
PMID:37929031,literature,PubMed,37929031,https://pubmed.ncbi.nlm.nih.gov/37929031/,10.3389/fendo.2023.1237882,37929031,Ameliorating effects of L-carnitine and synbiotic co-supplementation on anthropometric measures and cardiometabolic traits in women with obesity: a randomized controlled clinical trial.,2023,Frontiers in endocrinology,needs_manual_review,evidence_registry,Auto-collected from PubMed E-utilities; requires manual review.,auto_search,2026-05-26
PMID:37915619,literature,PubMed,37915619,https://pubmed.ncbi.nlm.nih.gov/37915619/,10.3389/fnut.2023.1282376,37915619,A nutritional supplement taken during preconception and pregnancy influences human milk macronutrients in women with overweight/obesity and gestational diabetes mellitus.,2023,Frontiers in nutrition,needs_manual_review,evidence_registry,Auto-collected from PubMed E-utilities; requires manual review.,auto_search,2026-05-26
PMID:37875559,literature,PubMed,37875559,https://pubmed.ncbi.nlm.nih.gov/37875559/,10.1038/s41598-023-45395-7,37875559,"Evaluating probiotic efficacy on weight loss in adults with overweight through a double-blind, placebo-controlled randomized trial.",2023,Scientific reports,needs_manual_review,evidence_registry,Auto-collected from PubMed E-utilities; requires manual review.,auto_search,2026-05-26
PMID:37580231,literature,PubMed,37580231,https://pubmed.ncbi.nlm.nih.gov/37580231/,10.1016/j.numecd.2023.07.030,37580231,"No effect of multi-strain probiotic supplementation on metabolic and inflammatory markers and newborn body composition in pregnant women with obesity: Results from a randomized, double-blind placebo-controlled study.",2023,"Nutrition, metabolism, and cardiovascular diseases : NMCD",needs_manual_review,evidence_registry,Auto-collected from PubMed E-utilities; requires manual review.,auto_search,2026-05-26
PMID:37447365,literature,PubMed,37447365,https://pubmed.ncbi.nlm.nih.gov/37447365/,10.3390/nu15133039,37447365,"Effect of a Probiotic and a Synbiotic on Body Fat Mass, Body Weight and Traits of Metabolic Syndrome in Individuals with Abdominal Overweight: A Human, Double-Blind, Randomised, Controlled Clinical Study.",2023,Nutrients,needs_manual_review,evidence_registry,Auto-collected from PubMed E-utilities; requires manual review.,auto_search,2026-05-26
PMID:37424169,literature,PubMed,37424169,https://pubmed.ncbi.nlm.nih.gov/37424169/,10.1002/oby.23801,37424169,Effect of synbiotics on weight loss and metabolic health in adults with overweight and obesity: A randomized controlled trial.,2023,"Obesity (Silver Spring, Md.)",needs_manual_review,evidence_registry,Auto-collected from PubMed E-utilities; requires manual review.,auto_search,2026-05-26
PMID:37248499,literature,PubMed,37248499,https://pubmed.ncbi.nlm.nih.gov/37248499/,10.1186/s13063-023-07383-0,37248499,"The impact of Hafnia alvei HA4597&#8482; on weight loss and glycaemic control after bariatric surgery - study protocol for a triple-blinded, blocked randomized, 12-month, parallel-group, placebo-controlled clinical trial.",2023,Trials,needs_manual_review,evidence_registry,Auto-collected from PubMed E-utilities; requires manual review.,auto_search,2026-05-26
PMID:37239916,literature,PubMed,37239916,https://pubmed.ncbi.nlm.nih.gov/37239916/,10.3390/ijms24108567,37239916,"Potential Modulation of Inflammation and Physical Function by Combined Probiotics, Omega-3 Supplementation and Vitamin D Supplementation in Overweight/Obese Patients with Chronic Low-Grade Inflammation: A Randomized, Placebo-Controlled Trial.",2023,International journal of molecular sciences,needs_manual_review,evidence_registry,Auto-collected from PubMed E-utilities; requires manual review.,auto_search,2026-05-26
PMID:42151830,literature,PubMed,42151830,https://pubmed.ncbi.nlm.nih.gov/42151830/,10.1186/s12876-026-04934-y,42151830,Short-term synbiotic supplementation and intrahepatic triglyceride content assessed by proton MR spectroscopy: a pilot study.,2026,BMC gastroenterology,needs_manual_review,evidence_registry,Auto-collected from PubMed E-utilities; requires manual review.,auto_search,2026-05-26
PMID:41727680,literature,PubMed,41727680,https://pubmed.ncbi.nlm.nih.gov/41727680/,10.3389/fendo.2026.1734041,41727680,BMI-stratified phenotypes of polycystic ovary syndrome: advances in gut microbiota research and personalized management strategies.,2026,Frontiers in endocrinology,needs_manual_review,evidence_registry,Auto-collected from PubMed E-utilities; requires manual review.,auto_search,2026-05-26
PMID:41475319,literature,PubMed,41475319,https://pubmed.ncbi.nlm.nih.gov/41475319/,10.1016/j.nut.2025.113033,41475319,Comparing body composition techniques against an adapted multicompartment model in individuals with excess body weight.,2026,"Nutrition (Burbank, Los Angeles County, Calif.)",needs_manual_review,evidence_registry,Auto-collected from PubMed E-utilities; requires manual review.,auto_search,2026-05-26
PMID:39298907,literature,PubMed,39298907,https://pubmed.ncbi.nlm.nih.gov/39298907/,10.1016/j.dsx.2024.103118,39298907,"The effect of microbiome-modulating therapeutics on glucose homeostasis in metabolic syndrome: A systematic review, meta-analysis, and meta-regression of clinical trials.",2024,Diabetes & metabolic syndrome,needs_manual_review,evidence_registry,Auto-collected from PubMed E-utilities; requires manual review.,auto_search,2026-05-26
PMID:37513562,literature,PubMed,37513562,https://pubmed.ncbi.nlm.nih.gov/37513562/,10.3390/nu15143144,37513562,Probiotics and Polycystic Ovary Syndrome: A Perspective for Management in Adolescents with Obesity.,2023,Nutrients,needs_manual_review,evidence_registry,Auto-collected from PubMed E-utilities; requires manual review.,auto_search,2026-05-26
PMID:37474971,literature,PubMed,37474971,https://pubmed.ncbi.nlm.nih.gov/37474971/,10.1186/s13099-023-00563-y,37474971,Effects of synbiotic supplementation on intestinal microbiota composition in children and adolescents with exogenous obesity: (Probesity-2 trial).,2023,Gut pathogens,needs_manual_review,evidence_registry,Auto-collected from PubMed E-utilities; requires manual review.,auto_search,2026-05-26
PMID:37359018,literature,PubMed,37359018,https://pubmed.ncbi.nlm.nih.gov/37359018/,10.3389/fmed.2023.1141355,37359018,"The effects of probiotics, prebiotics, and synbiotics on polycystic ovarian syndrome: an overview of systematic reviews.",2023,Frontiers in medicine,needs_manual_review,evidence_registry,Auto-collected from PubMed E-utilities; requires manual review.,auto_search,2026-05-26
PMID:37111082,literature,PubMed,37111082,https://pubmed.ncbi.nlm.nih.gov/37111082/,10.3390/nu15081863,37111082,"Effect of a Multispecies Synbiotic Supplementation on Body Composition, Antioxidant Status, and Gut Microbiomes in Overweight and Obese Subjects: A Randomized, Double-Blind, Placebo-Controlled Study.",2023,Nutrients,needs_manual_review,evidence_registry,Auto-collected from PubMed E-utilities; requires manual review.,auto_search,2026-05-26
PMID:36364814,literature,PubMed,36364814,https://pubmed.ncbi.nlm.nih.gov/36364814/,10.3390/nu14214555,36364814,The Role of Individually Selected Diets in Obese Women with PCOS-A Review.,2022,Nutrients,needs_manual_review,evidence_registry,Auto-collected from PubMed E-utilities; requires manual review.,auto_search,2026-05-26
PMID:35562794,literature,PubMed,35562794,https://pubmed.ncbi.nlm.nih.gov/35562794/,10.1186/s40168-022-01248-5,35562794,Elucidating the role of the gut microbiota in the physiological effects of dietary fiber.,2022,Microbiome,needs_manual_review,evidence_registry,Auto-collected from PubMed E-utilities; requires manual review.,auto_search,2026-05-26
PMID:34434546,literature,PubMed,34434546,https://pubmed.ncbi.nlm.nih.gov/34434546/,10.1016/j.amsu.2021.102548,34434546,Effects of synbiotic supplement on body weight and fasting blood glucose levels in obesity: A randomized placebo-controlled trial.,2021,Annals of medicine and surgery (2012),needs_manual_review,evidence_registry,Auto-collected from PubMed E-utilities; requires manual review.,auto_search,2026-05-26
PMID:33915854,literature,PubMed,33915854,https://pubmed.ncbi.nlm.nih.gov/33915854/,10.3390/nu13041160,33915854,Role of Probiotics in Modulating Human Gut Microbiota Populations and Activities in Patients with Colorectal Cancer-A Systematic Review of Clinical Trials.,2021,Nutrients,needs_manual_review,evidence_registry,Auto-collected from PubMed E-utilities; requires manual review.,auto_search,2026-05-26
PMID:33326198,literature,PubMed,33326198,https://pubmed.ncbi.nlm.nih.gov/33326198/,10.18388/abp.2020_5443,33326198,"Impact of diet and synbiotics on selected gut bacteria and intestinal permeability in individuals with excess body weight - A Prospective, Randomized Study.",2020,Acta biochimica Polonica,needs_manual_review,evidence_registry,Auto-collected from PubMed E-utilities; requires manual review.,auto_search,2026-05-26
PMID:32521799,literature,PubMed,32521799,https://pubmed.ncbi.nlm.nih.gov/32521799/,10.3390/jcm9061788,32521799,The Effect of Probiotics and Synbiotics on Risk Factors Associated with Cardiometabolic Diseases in Healthy People-A Systematic Review and Meta-Analysis with Meta-Regression of Randomized Controlled Trials.,2020,Journal of clinical medicine,needs_manual_review,evidence_registry,Auto-collected from PubMed E-utilities; requires manual review.,auto_search,2026-05-26
PMID:31952249,literature,PubMed,31952249,https://pubmed.ncbi.nlm.nih.gov/31952249/,10.3390/nu12010222,31952249,"Effects of Synbiotic Supplement on Human Gut Microbiota, Body Composition and Weight Loss in Obesity.",2020,Nutrients,needs_manual_review,evidence_registry,Auto-collected from PubMed E-utilities; requires manual review.,auto_search,2026-05-26
PMID:31780038,literature,PubMed,31780038,https://pubmed.ncbi.nlm.nih.gov/31780038/,10.1016/j.ctim.2019.102216,31780038,Clinical and psychological responses to synbiotic supplementation in obese or overweight adults: A randomized clinical trial.,2019,Complementary therapies in medicine,needs_manual_review,evidence_registry,Auto-collected from PubMed E-utilities; requires manual review.,auto_search,2026-05-26
PMID:31162597,literature,PubMed,31162597,https://pubmed.ncbi.nlm.nih.gov/31162597/,10.1093/jn/nxz071,31162597,Glucose- and Lipid-Related Biomarkers Are Affected in Healthy Obese or Hyperglycemic Adults Consuming a Whole-Grain Pasta Enriched in Prebiotics and Probiotics: A 12-Week Randomized Controlled Trial.,2019,The Journal of nutrition,needs_manual_review,evidence_registry,Auto-collected from PubMed E-utilities; requires manual review.,auto_search,2026-05-26
PMID:31126565,literature,PubMed,31126565,https://pubmed.ncbi.nlm.nih.gov/31126565/,10.1016/j.ctim.2019.05.008,31126565,Effects of pro-/synbiotic supplementation on anthropometric and metabolic indices in overweight or obese children and adolescents: A systematic review and meta-analysis.,2019,Complementary therapies in medicine,needs_manual_review,evidence_registry,Auto-collected from PubMed E-utilities; requires manual review.,auto_search,2026-05-26
PMID:30924853,literature,PubMed,30924853,https://pubmed.ncbi.nlm.nih.gov/30924853/,10.1093/nutrit/nuz001,30924853,Effects of oral supplementation with probiotics or synbiotics in overweight and obese adults: a systematic review and meta-analyses of randomized trials.,2019,Nutrition reviews,needs_manual_review,evidence_registry,Auto-collected from PubMed E-utilities; requires manual review.,auto_search,2026-05-26
PMID:30595036,literature,PubMed,30595036,https://pubmed.ncbi.nlm.nih.gov/30595036/,10.1080/10408398.2018.1545218,30595036,Efficacy of synbiotic supplementation in obesity treatment: A systematic review and meta-analysis of clinical trials.,2020,Critical reviews in food science and nutrition,needs_manual_review,evidence_registry,Auto-collected from PubMed E-utilities; requires manual review.,auto_search,2026-05-26
PMID:29547587,literature,PubMed,29547587,https://pubmed.ncbi.nlm.nih.gov/29547587/,10.3390/genes9030167,29547587,Dietary Alteration of the Gut Microbiome and Its Impact on Weight and Fat Mass: A Systematic Review and Meta-Analysis.,2018,Genes,needs_manual_review,evidence_registry,Auto-collected from PubMed E-utilities; requires manual review.,auto_search,2026-05-26
PMID:27810310,literature,PubMed,27810310,https://pubmed.ncbi.nlm.nih.gov/27810310/,10.1016/j.ebiom.2016.10.036,27810310,"Probiotic With or Without Fiber Controls Body Fat Mass, Associated With Serum Zonulin, in Overweight and Obese Adults-Randomized Controlled Trial.",2016,EBioMedicine,needs_manual_review,evidence_registry,Auto-collected from PubMed E-utilities; requires manual review.,auto_search,2026-05-26
PMID:27367724,literature,PubMed,27367724,https://pubmed.ncbi.nlm.nih.gov/27367724/,10.3390/nu8070397,27367724,"Beneficial Effect of Synbiotic Supplementation on Hepatic Steatosis and Anthropometric Parameters, But Not on Gut Permeability in a Population with Nonalcoholic Steatohepatitis.",2016,Nutrients,needs_manual_review,evidence_registry,Auto-collected from PubMed E-utilities; requires manual review.,auto_search,2026-05-26
PMID:25909598,literature,PubMed,25909598,https://pubmed.ncbi.nlm.nih.gov/25909598/,10.1097/MCG.0000000000000328,25909598,"Effects of Prebiotic and Synbiotic Supplementation on Inflammatory Markers and Anthropometric Indices After Roux-en-Y Gastric Bypass: A Randomized, Triple-blind, Placebo-controlled Pilot Study.",2016,Journal of clinical gastroenterology,needs_manual_review,evidence_registry,Auto-collected from PubMed E-utilities; requires manual review.,auto_search,2026-05-26
PMID:24184299,literature,PubMed,24184299,https://pubmed.ncbi.nlm.nih.gov/24184299/,10.1016/j.jped.2013.07.003,24184299,A randomized triple-masked controlled trial on the effects of synbiotics on inflammation markers in overweight children.,2014,Jornal de pediatria,needs_manual_review,evidence_registry,Auto-collected from PubMed E-utilities; requires manual review.,auto_search,2026-05-26
