evidence_id,evidence_type,source_database,source_accession,source_url,doi,pmid,title,year,journal,study_design,data_field_supported,extraction_note,curator,extraction_date
NCT:NCT07600567,clinical_trial,ClinicalTrials.gov,NCT07600567,https://clinicaltrials.gov/study/NCT07600567,,,Algal Lutein Against Decline of Intellectual Nimbleness,2026,,clinical_trial_registry,intervention_metadata;clinical_outcome,Auto-collected from ClinicalTrials.gov API v2; requires manual review.,auto_search_supplement,2026-06-06
NCT:NCT02637115,clinical_trial,ClinicalTrials.gov,NCT02637115,https://clinicaltrials.gov/study/NCT02637115,,,Evaluation of the Effects Associated With the Administration of Akkermansia Muciniphila on Parameters of Metabolic Syndrome,2015,,clinical_trial_registry,intervention_metadata;clinical_outcome,Auto-collected from ClinicalTrials.gov API v2; requires manual review.,auto_search_supplement,2026-06-06
NCT:NCT05114018,clinical_trial,ClinicalTrials.gov,NCT05114018,https://clinicaltrials.gov/study/NCT05114018,,,Effect of Pasteurized Akkermansia Muciniphila on Insulin Resistance in Otherwise Healthy Subjects With Dysglycaemia,2020,,clinical_trial_registry,intervention_metadata;clinical_outcome,Auto-collected from ClinicalTrials.gov API v2; requires manual review.,auto_search_supplement,2026-06-06
NCT:NCT03749291,clinical_trial,ClinicalTrials.gov,NCT03749291,https://clinicaltrials.gov/study/NCT03749291,,,Motivational Intervention on the Gut Microbiota of Obese Children,2019,,clinical_trial_registry,intervention_metadata;clinical_outcome,Auto-collected from ClinicalTrials.gov API v2; requires manual review.,auto_search_supplement,2026-06-06
NCT:NCT05802121,clinical_trial,ClinicalTrials.gov,NCT05802121,https://clinicaltrials.gov/study/NCT05802121,,,Akkermansia Muciniphilia and Metabolic Side Effects of ADT,2025,,clinical_trial_registry,intervention_metadata;clinical_outcome,Auto-collected from ClinicalTrials.gov API v2; requires manual review.,auto_search_supplement,2026-06-06
NCT:NCT07593170,clinical_trial,ClinicalTrials.gov,NCT07593170,https://clinicaltrials.gov/study/NCT07593170,,,AKK Study in Improving Obesity and Metabolic Status in Children and Adolescents,2026,,clinical_trial_registry,intervention_metadata;clinical_outcome,Auto-collected from ClinicalTrials.gov API v2; requires manual review.,auto_search_supplement,2026-06-06
NCT:NCT05417360,clinical_trial,ClinicalTrials.gov,NCT05417360,https://clinicaltrials.gov/study/NCT05417360,,,Akkermansia and Weight Maintenance,2022,,clinical_trial_registry,intervention_metadata;clinical_outcome,Auto-collected from ClinicalTrials.gov API v2; requires manual review.,auto_search_supplement,2026-06-06
NCT:NCT04042181,clinical_trial,ClinicalTrials.gov,NCT04042181,https://clinicaltrials.gov/study/NCT04042181,,,"The Effects of Supplementation of a Probiotic, B. Longum, on BMI and Anthropometric Outcomes in Overweight/Obese Adults.",2018,,clinical_trial_registry,intervention_metadata;clinical_outcome,Auto-collected from ClinicalTrials.gov API v2; requires manual review.,auto_search_expansion,2026-06-06
NCT:NCT06313580,clinical_trial,ClinicalTrials.gov,NCT06313580,https://clinicaltrials.gov/study/NCT06313580,,,Spices for Cultivating a Healthy Gut Microbiome and Cardiometabolic Profile,2023,,clinical_trial_registry,intervention_metadata;clinical_outcome,Auto-collected from ClinicalTrials.gov API v2; requires manual review.,auto_search_expansion,2026-06-06
NCT:NCT03100162,clinical_trial,ClinicalTrials.gov,NCT03100162,https://clinicaltrials.gov/study/NCT03100162,,,Effect of Oral Supplementation With Probiotics,2016,,clinical_trial_registry,intervention_metadata;clinical_outcome,Auto-collected from ClinicalTrials.gov API v2; requires manual review.,auto_search_expansion,2026-06-06
NCT:NCT05374980,clinical_trial,ClinicalTrials.gov,NCT05374980,https://clinicaltrials.gov/study/NCT05374980,,,The Effects of Yogurt on Gut Microbiome and Metabolism in H. Pylori.,2022,,clinical_trial_registry,intervention_metadata;clinical_outcome,Auto-collected from ClinicalTrials.gov API v2; requires manual review.,auto_search_expansion,2026-06-06
NCT:NCT03843736,clinical_trial,ClinicalTrials.gov,NCT03843736,https://clinicaltrials.gov/study/NCT03843736,,,The Role of Dysbiosis of Gut Microbiota in the Pathogenesis of PCOS.,2019,,clinical_trial_registry,intervention_metadata;clinical_outcome,Auto-collected from ClinicalTrials.gov API v2; requires manual review.,auto_search_expansion,2026-06-06
NCT:NCT03902301,clinical_trial,ClinicalTrials.gov,NCT03902301,https://clinicaltrials.gov/study/NCT03902301,,,Lactobacillus Rhamnosus and PCOS Treatment,2018,,clinical_trial_registry,intervention_metadata;clinical_outcome,Auto-collected from ClinicalTrials.gov API v2; requires manual review.,auto_search_expansion,2026-06-06
NCT:NCT03201068,clinical_trial,ClinicalTrials.gov,NCT03201068,https://clinicaltrials.gov/study/NCT03201068,,,"Probiotic Supplement and Microbiome, Immune System and Metabolic Syndrome",2017,,clinical_trial_registry,intervention_metadata;clinical_outcome,Auto-collected from ClinicalTrials.gov API v2; requires manual review.,auto_search_expansion,2026-06-06
NCT:NCT03548480,clinical_trial,ClinicalTrials.gov,NCT03548480,https://clinicaltrials.gov/study/NCT03548480,,,Targeting the Gut Microbiome for Prader-Willi Syndrome Treatment,2018,,clinical_trial_registry,intervention_metadata;clinical_outcome,Auto-collected from ClinicalTrials.gov API v2; requires manual review.,auto_search_expansion,2026-06-06
NCT:NCT03418857,clinical_trial,ClinicalTrials.gov,NCT03418857,https://clinicaltrials.gov/study/NCT03418857,,,Probiotics and Gut Health,2018,,clinical_trial_registry,intervention_metadata;clinical_outcome,Auto-collected from ClinicalTrials.gov API v2; requires manual review.,auto_search_expansion,2026-06-06
NCT:NCT06794723,clinical_trial,ClinicalTrials.gov,NCT06794723,https://clinicaltrials.gov/study/NCT06794723,,,A Probiotic Based Intervention in Pregnancies Complicated by GDM,2025,,clinical_trial_registry,intervention_metadata;clinical_outcome,Auto-collected from ClinicalTrials.gov API v2; requires manual review.,auto_search_expansion,2026-06-06
NCT:NCT04677738,clinical_trial,ClinicalTrials.gov,NCT04677738,https://clinicaltrials.gov/study/NCT04677738,,,Investigation of the Effects of a Bifidobacterium Breve Strain on Fat Loss in Healthy Adults,2020,,clinical_trial_registry,intervention_metadata;clinical_outcome,Auto-collected from ClinicalTrials.gov API v2; requires manual review.,auto_search_expansion,2026-06-06
NCT:NCT04593459,clinical_trial,ClinicalTrials.gov,NCT04593459,https://clinicaltrials.gov/study/NCT04593459,,,Probiotic Intervention in PCOS,2020,,clinical_trial_registry,intervention_metadata;clinical_outcome,Auto-collected from ClinicalTrials.gov API v2; requires manual review.,auto_search_expansion,2026-06-06
NCT:NCT07306988,clinical_trial,ClinicalTrials.gov,NCT07306988,https://clinicaltrials.gov/study/NCT07306988,,,Eradication of Helicobacter Pylori Improves Metabolic Syndrome Through Modulation of Gut Microbiota.,2025,,clinical_trial_registry,intervention_metadata;clinical_outcome,Auto-collected from ClinicalTrials.gov API v2; requires manual review.,auto_search_expansion,2026-06-06
NCT:NCT06452199,clinical_trial,ClinicalTrials.gov,NCT06452199,https://clinicaltrials.gov/study/NCT06452199,,,"The BEGIN Study Bifidobacterium Infantis to Newborns: Effects of Modulating the Gut Microbial Composition on Growth, Immune Function and Inflammatory Conditions - a Randomized Placebo-controlled Double-blinded Intervention Trial",2024,,clinical_trial_registry,intervention_metadata;clinical_outcome,Auto-collected from ClinicalTrials.gov API v2; requires manual review.,auto_search_expansion,2026-06-06
NCT:NCT06722443,clinical_trial,ClinicalTrials.gov,NCT06722443,https://clinicaltrials.gov/study/NCT06722443,,,Impact of Nutritional Intervention With Probiotics and Prebiotics on Obesity.,2024,,clinical_trial_registry,intervention_metadata;clinical_outcome,Auto-collected from ClinicalTrials.gov API v2; requires manual review.,auto_search_expansion,2026-06-06
NCT:NCT07606872,clinical_trial,ClinicalTrials.gov,NCT07606872,https://clinicaltrials.gov/study/NCT07606872,,,Validation of the Snouda Metabolic Score for Phenotyping and Guiding Reversal in Type 2 Diabetes,2026,,clinical_trial_registry,intervention_metadata;clinical_outcome,Auto-collected from ClinicalTrials.gov API v2; requires manual review.,auto_search_expansion,2026-06-06
NCT:NCT05162209,clinical_trial,ClinicalTrials.gov,NCT05162209,https://clinicaltrials.gov/study/NCT05162209,,,PROBESITY-2: Synbiotics in Pediatric Obesity,2019,,clinical_trial_registry,intervention_metadata;clinical_outcome,Auto-collected from ClinicalTrials.gov API v2; requires manual review.,auto_search_expansion,2026-06-06
NCT:NCT06959043,clinical_trial,ClinicalTrials.gov,NCT06959043,https://clinicaltrials.gov/study/NCT06959043,,,Therapeutic Strategies for Type 2 Diabetes Based on Lifestyle Changes: Plant-based Diet and Physical Exercise,2022,,clinical_trial_registry,intervention_metadata;clinical_outcome,Auto-collected from ClinicalTrials.gov API v2; requires manual review.,auto_search_expansion,2026-06-06
NCT:NCT01922830,clinical_trial,ClinicalTrials.gov,NCT01922830,https://clinicaltrials.gov/study/NCT01922830,,,Probiotics and Microbiota in Bariatric Surgery,2013,,clinical_trial_registry,intervention_metadata;clinical_outcome,Auto-collected from ClinicalTrials.gov API v2; requires manual review.,auto_search_expansion,2026-06-06
NCT:NCT02127125,clinical_trial,ClinicalTrials.gov,NCT02127125,https://clinicaltrials.gov/study/NCT02127125,,,Mechanism of Microbiome-induced Insulin Resistance in Humans (Aim2),2014,,clinical_trial_registry,intervention_metadata;clinical_outcome,Auto-collected from ClinicalTrials.gov API v2; requires manual review.,auto_search_expansion,2026-06-06
NCT:NCT05459909,clinical_trial,ClinicalTrials.gov,NCT05459909,https://clinicaltrials.gov/study/NCT05459909,,,The Effect of Synbiotic and Diet Modification Among Overweight or Obese Hong Kong Chinese,2020,,clinical_trial_registry,intervention_metadata;clinical_outcome,Auto-collected from ClinicalTrials.gov API v2; requires manual review.,auto_search_expansion,2026-06-06
NCT:NCT03123510,clinical_trial,ClinicalTrials.gov,NCT03123510,https://clinicaltrials.gov/study/NCT03123510,,,Effect of a Synbiotic Supplement on a High-protein Diet,2017,,clinical_trial_registry,intervention_metadata;clinical_outcome,Auto-collected from ClinicalTrials.gov API v2; requires manual review.,auto_search_expansion,2026-06-06
NCT:NCT04097106,clinical_trial,ClinicalTrials.gov,NCT04097106,https://clinicaltrials.gov/study/NCT04097106,,,Synbiotic Dietary Supplement and Gut Microbiota,2020,,clinical_trial_registry,intervention_metadata;clinical_outcome,Auto-collected from ClinicalTrials.gov API v2; requires manual review.,auto_search_expansion,2026-06-06
NCT:NCT07386795,clinical_trial,ClinicalTrials.gov,NCT07386795,https://clinicaltrials.gov/study/NCT07386795,,,The Efficacy and Safety of Microbiota Transplantation Combined With Prebiotics for Treatment of Functional Constipation,2026,,clinical_trial_registry,intervention_metadata;clinical_outcome,Auto-collected from ClinicalTrials.gov API v2; requires manual review.,auto_search_expansion,2026-06-06
NCT:NCT07515443,clinical_trial,ClinicalTrials.gov,NCT07515443,https://clinicaltrials.gov/study/NCT07515443,,,The Effects of a Commercially Available Synbiotic on the Gut Microbiome and Cardiometabolic Health: A Randomized Double-Blind Placebo-Controlled Trial,2025,,clinical_trial_registry,intervention_metadata;clinical_outcome,Auto-collected from ClinicalTrials.gov API v2; requires manual review.,auto_search_expansion,2026-06-06
NCT:NCT05942586,clinical_trial,ClinicalTrials.gov,NCT05942586,https://clinicaltrials.gov/study/NCT05942586,,,The Symbiont-Restore Study,2023,,clinical_trial_registry,intervention_metadata;clinical_outcome,Auto-collected from ClinicalTrials.gov API v2; requires manual review.,auto_search_expansion,2026-06-06
NCT:NCT06823557,clinical_trial,ClinicalTrials.gov,NCT06823557,https://clinicaltrials.gov/study/NCT06823557,,,Investigation of the Mechanisms of the Gut-brain Axis in Binge Eating and Obesity.,2025,,clinical_trial_registry,intervention_metadata;clinical_outcome,Auto-collected from ClinicalTrials.gov API v2; requires manual review.,auto_search_supplement,2026-06-06
NCT:NCT05832190,clinical_trial,ClinicalTrials.gov,NCT05832190,https://clinicaltrials.gov/study/NCT05832190,,,Correcting GUT MicrobioTa by Combined Supplementation of FibERs and BIotiN to Improve Microbiome and Optimize Bariatric Surgery Outcomes,2023,,clinical_trial_registry,intervention_metadata;clinical_outcome,Auto-collected from ClinicalTrials.gov API v2; requires manual review.,auto_search_supplement,2026-06-06
NCT:NCT07565675,clinical_trial,ClinicalTrials.gov,NCT07565675,https://clinicaltrials.gov/study/NCT07565675,,,The BALANCE Study - Improving Glucose Control Through Prebiotic Gut Health Drink in Postmenopausal Women,2026,,clinical_trial_registry,intervention_metadata;clinical_outcome,Auto-collected from ClinicalTrials.gov API v2; requires manual review.,auto_search_supplement,2026-06-06
NCT:NCT04520724,clinical_trial,ClinicalTrials.gov,NCT04520724,https://clinicaltrials.gov/study/NCT04520724,,,Functional Roll for Non-alcoholic Fatty Liver Disease,2018,,clinical_trial_registry,intervention_metadata;clinical_outcome,Auto-collected from ClinicalTrials.gov API v2; requires manual review.,auto_search_supplement,2026-06-06
NCT:NCT07559227,clinical_trial,ClinicalTrials.gov,NCT07559227,https://clinicaltrials.gov/study/NCT07559227,,,"Gut, Immune, and Vascular Health in Metabolically Healthy Obesity",2026,,clinical_trial_registry,intervention_metadata;clinical_outcome,Auto-collected from ClinicalTrials.gov API v2; requires manual review.,auto_search_supplement,2026-06-06
NCT:NCT07354386,clinical_trial,ClinicalTrials.gov,NCT07354386,https://clinicaltrials.gov/study/NCT07354386,,,Effects of Dried Whole Fruits on Metabolism in Diabetes,2026,,clinical_trial_registry,intervention_metadata;clinical_outcome,Auto-collected from ClinicalTrials.gov API v2; requires manual review.,auto_search_supplement,2026-06-06
NCT:NCT05908474,clinical_trial,ClinicalTrials.gov,NCT05908474,https://clinicaltrials.gov/study/NCT05908474,,,"The Effects of io Fibrewater Supplementation on Gut Health, Immunity and Metabolism in Overweight Adults",2023,,clinical_trial_registry,intervention_metadata;clinical_outcome,Auto-collected from ClinicalTrials.gov API v2; requires manual review.,auto_search_supplement,2026-06-06
NCT:NCT01983046,clinical_trial,ClinicalTrials.gov,NCT01983046,https://clinicaltrials.gov/study/NCT01983046,,,Rectal Short Chain Fatty Acids Combinations and Substrate and Energy Metabolism,2013,,clinical_trial_registry,intervention_metadata;clinical_outcome,Auto-collected from ClinicalTrials.gov API v2; requires manual review.,auto_search_supplement,2026-06-06
NCT:NCT04561284,clinical_trial,ClinicalTrials.gov,NCT04561284,https://clinicaltrials.gov/study/NCT04561284,,,Carbohydrate-induced Resilience of the Gut Microbiome After Antibiotics Use,2020,,clinical_trial_registry,intervention_metadata;clinical_outcome,Auto-collected from ClinicalTrials.gov API v2; requires manual review.,auto_search_supplement,2026-06-06
NCT:NCT05353504,clinical_trial,ClinicalTrials.gov,NCT05353504,https://clinicaltrials.gov/study/NCT05353504,,,Impact of Microbiome-changing Interventions on Food Decision-making,2022,,clinical_trial_registry,intervention_metadata;clinical_outcome,Auto-collected from ClinicalTrials.gov API v2; requires manual review.,auto_search_supplement,2026-06-06
NCT:NCT03727321,clinical_trial,ClinicalTrials.gov,NCT03727321,https://clinicaltrials.gov/study/NCT03727321,,,FMT and Fiber in Patients With Metabolic Syndrome,2018,,clinical_trial_registry,intervention_metadata;clinical_outcome,Auto-collected from ClinicalTrials.gov API v2; requires manual review.,auto_search_supplement,2026-06-06
NCT:NCT01724736,clinical_trial,ClinicalTrials.gov,NCT01724736,https://clinicaltrials.gov/study/NCT01724736,,,A Pilot Study to Determine the Effect of a Cobiotic Formulation on the Gastrointestinal Microbiome,2012,,clinical_trial_registry,intervention_metadata;clinical_outcome,Auto-collected from ClinicalTrials.gov API v2; requires manual review.,auto_search_supplement,2026-06-06
NCT:NCT03272542,clinical_trial,ClinicalTrials.gov,NCT03272542,https://clinicaltrials.gov/study/NCT03272542,,,PRebiotic to IMprovE Calcium Absorption,2017,,clinical_trial_registry,intervention_metadata;clinical_outcome,Auto-collected from ClinicalTrials.gov API v2; requires manual review.,auto_search_supplement,2026-06-06
NCT:NCT04324749,clinical_trial,ClinicalTrials.gov,NCT04324749,https://clinicaltrials.gov/study/NCT04324749,,,Healthy Prebiotic and Postbiotic Effects of Peanuts and Peanut Butter: College Intervention Trial,2019,,clinical_trial_registry,intervention_metadata;clinical_outcome,Auto-collected from ClinicalTrials.gov API v2; requires manual review.,auto_search_supplement,2026-06-06
NCT:NCT03135041,clinical_trial,ClinicalTrials.gov,NCT03135041,https://clinicaltrials.gov/study/NCT03135041,,,The Effect of Prebiotic Fibres on Weight Loss in an Overweight and Obese Population,2017,,clinical_trial_registry,intervention_metadata;clinical_outcome,Auto-collected from ClinicalTrials.gov API v2; requires manual review.,auto_search_supplement,2026-06-06
NCT:NCT05207488,clinical_trial,ClinicalTrials.gov,NCT05207488,https://clinicaltrials.gov/study/NCT05207488,,,"Gastrointestinal And Metabolic Effects From a Prebiotic, Lifting, and Aerobic iNtervention",2021,,clinical_trial_registry,intervention_metadata;clinical_outcome,Auto-collected from ClinicalTrials.gov API v2; requires manual review.,auto_search_supplement,2026-06-06
NCT:NCT05826184,clinical_trial,ClinicalTrials.gov,NCT05826184,https://clinicaltrials.gov/study/NCT05826184,,,Time Restricted Eating With or Without a Fiber Supplement for Weight Management in Pediatric Cancer Survivors,2023,,clinical_trial_registry,intervention_metadata;clinical_outcome,Auto-collected from ClinicalTrials.gov API v2; requires manual review.,auto_search_supplement,2026-06-06
NCT:NCT04498455,clinical_trial,ClinicalTrials.gov,NCT04498455,https://clinicaltrials.gov/study/NCT04498455,,,Study of a Prebiotic Supplement to Mitigate Excessive Weight Gain Among Physicians in Residency,2018,,clinical_trial_registry,intervention_metadata;clinical_outcome,Auto-collected from ClinicalTrials.gov API v2; requires manual review.,auto_search_supplement,2026-06-06
NCT:NCT05140070,clinical_trial,ClinicalTrials.gov,NCT05140070,https://clinicaltrials.gov/study/NCT05140070,,,Fruit and Vegetable Products Enriched With Fibre From Potato Starch With Prebiotic Properties for Children and Youth,2021,,clinical_trial_registry,intervention_metadata;clinical_outcome,Auto-collected from ClinicalTrials.gov API v2; requires manual review.,auto_search_supplement,2026-06-06
NCT:NCT07492485,clinical_trial,ClinicalTrials.gov,NCT07492485,https://clinicaltrials.gov/study/NCT07492485,,,Precision Nutrition Recommendations Generated by Metataxonomic Microbiome Testing Improve Food Group Choices and Intestinal Health Indicators in an Obese Population in Colombia,2023,,clinical_trial_registry,intervention_metadata;clinical_outcome,Auto-collected from ClinicalTrials.gov API v2; requires manual review.,auto_search_supplement,2026-06-06
NCT:NCT07464691,clinical_trial,ClinicalTrials.gov,NCT07464691,https://clinicaltrials.gov/study/NCT07464691,,,Effect of Prebiotics in Saudi Adults With Type 2 Diabetes,2026,,clinical_trial_registry,intervention_metadata;clinical_outcome,Auto-collected from ClinicalTrials.gov API v2; requires manual review.,auto_search_supplement,2026-06-06
NCT:NCT01433120,clinical_trial,ClinicalTrials.gov,NCT01433120,https://clinicaltrials.gov/study/NCT01433120,,,Targeting the Gut Microbiome to Investigate the Pathways of Progression From Obesity to Metabolic Diseases in an At-risk Population.,2011,,clinical_trial_registry,intervention_metadata;clinical_outcome,Auto-collected from ClinicalTrials.gov API v2; requires manual review.,auto_search_supplement,2026-06-06
NCT:NCT03312660,clinical_trial,ClinicalTrials.gov,NCT03312660,https://clinicaltrials.gov/study/NCT03312660,,,Effect of a Kefir Beverage on Immunity and Lipid Profile,2017,,clinical_trial_registry,intervention_metadata;clinical_outcome,Auto-collected from ClinicalTrials.gov API v2; requires manual review.,auto_search,2026-05-26
NCT:NCT06963840,clinical_trial,ClinicalTrials.gov,NCT06963840,https://clinicaltrials.gov/study/NCT06963840,,,Effect of Theronomic Ova-All Care on Biomarkers of Ovarian Health in Adult Female With Polycystic Ovarian Syndrome,2025,,clinical_trial_registry,intervention_metadata;clinical_outcome,Auto-collected from ClinicalTrials.gov API v2; requires manual review.,auto_search,2026-05-26
NCT:NCT04555447,clinical_trial,ClinicalTrials.gov,NCT04555447,https://clinicaltrials.gov/study/NCT04555447,,,Gastrointestinal Tolerability to Agavins and Impact on Host-gut Microbiota-metabolism Interactions Modulation,2019,,clinical_trial_registry,intervention_metadata;clinical_outcome,Auto-collected from ClinicalTrials.gov API v2; requires manual review.,auto_search,2026-05-26
NCT:NCT06030999,clinical_trial,ClinicalTrials.gov,NCT06030999,https://clinicaltrials.gov/study/NCT06030999,,,The Prevention And Treatment On Obesity And Weight Management By Oral Supplementation Of Probiotics And Prebiotics,2023,,clinical_trial_registry,intervention_metadata;clinical_outcome,Auto-collected from ClinicalTrials.gov API v2; requires manual review.,auto_search,2026-05-26
NCT:NCT07097974,clinical_trial,ClinicalTrials.gov,NCT07097974,https://clinicaltrials.gov/study/NCT07097974,,,Evaluation of the Efficacy of the Composite WM Formula in Body Weight Change,2025,,clinical_trial_registry,intervention_metadata;clinical_outcome,Auto-collected from ClinicalTrials.gov API v2; requires manual review.,auto_search,2026-05-26
NCT:NCT01235026,clinical_trial,ClinicalTrials.gov,NCT01235026,https://clinicaltrials.gov/study/NCT01235026,,,Synbiotics and Low Grade Inflammation in Obese Subjects,2010,,clinical_trial_registry,intervention_metadata;clinical_outcome,Auto-collected from ClinicalTrials.gov API v2; requires manual review.,auto_search,2026-05-26
NCT:NCT05664321,clinical_trial,ClinicalTrials.gov,NCT05664321,https://clinicaltrials.gov/study/NCT05664321,,,Influence of Adiposity and Other Factors on the Gut Microbiota Composition,2019,,clinical_trial_registry,intervention_metadata;clinical_outcome,Auto-collected from ClinicalTrials.gov API v2; requires manual review.,auto_search,2026-05-26
NCT:NCT02041975,clinical_trial,ClinicalTrials.gov,NCT02041975,https://clinicaltrials.gov/study/NCT02041975,,,Effects of Prebiotic-based Snacks on the Gut Microbiota and Perceived 'Satisfaction',2013,,clinical_trial_registry,intervention_metadata;clinical_outcome,Auto-collected from ClinicalTrials.gov API v2; requires manual review.,auto_search,2026-05-26
NCT:NCT02125955,clinical_trial,ClinicalTrials.gov,NCT02125955,https://clinicaltrials.gov/study/NCT02125955,,,"Effect of Prebiotic Intake on Adiposity, Satiety and Gut Microbiota in Overweight and Obese Children",2014,,clinical_trial_registry,intervention_metadata;clinical_outcome,Auto-collected from ClinicalTrials.gov API v2; requires manual review.,auto_search,2026-05-26
NCT:NCT05791604,clinical_trial,ClinicalTrials.gov,NCT05791604,https://clinicaltrials.gov/study/NCT05791604,,,The Intervention of Obesity in Children With Prader-Willi Syndrome Using Prebiotics and Probiotics,2023,,clinical_trial_registry,intervention_metadata;clinical_outcome,Auto-collected from ClinicalTrials.gov API v2; requires manual review.,auto_search,2026-05-26
NCT:NCT03477916,clinical_trial,ClinicalTrials.gov,NCT03477916,https://clinicaltrials.gov/study/NCT03477916,,,Fecal Microbial Transplantation and Fiber Supplementation in Participants With Obesity and Metabolic Syndrome.,2018,,clinical_trial_registry,intervention_metadata;clinical_outcome,Auto-collected from ClinicalTrials.gov API v2; requires manual review.,auto_search,2026-05-26
NCT:NCT02958644,clinical_trial,ClinicalTrials.gov,NCT02958644,https://clinicaltrials.gov/study/NCT02958644,,,Effect of Synbiotic Supplement on the Body Mass Index of Participants With Severe Obesity,2017,,clinical_trial_registry,intervention_metadata;clinical_outcome,Auto-collected from ClinicalTrials.gov API v2; requires manual review.,auto_search,2026-05-26
NCT:NCT02773927,clinical_trial,ClinicalTrials.gov,NCT02773927,https://clinicaltrials.gov/study/NCT02773927,,,Combination of Metformin/Inulin vs Inulin on Adiponectin in Metabolic Syndrome,2013,,clinical_trial_registry,intervention_metadata;clinical_outcome,Auto-collected from ClinicalTrials.gov API v2; requires manual review.,auto_search,2026-05-26
NCT:NCT00522353,clinical_trial,ClinicalTrials.gov,NCT00522353,https://clinicaltrials.gov/study/NCT00522353,,,Prebiotic Fiber as a Modifier of Satiety Hormones and Body Weight in Overweight and Obese Adults,2007,,clinical_trial_registry,intervention_metadata;clinical_outcome,Auto-collected from ClinicalTrials.gov API v2; requires manual review.,auto_search,2026-05-26
NCT:NCT05000775,clinical_trial,ClinicalTrials.gov,NCT05000775,https://clinicaltrials.gov/study/NCT05000775,,,The Influence of GNiib® in Obesity Management in Obese Young Individuals in Hong Kong.,2021,,clinical_trial_registry,intervention_metadata;clinical_outcome,Auto-collected from ClinicalTrials.gov API v2; requires manual review.,auto_search,2026-05-26
NCT:NCT02151825,clinical_trial,ClinicalTrials.gov,NCT02151825,https://clinicaltrials.gov/study/NCT02151825,,,Effect of a Synbiotic on the Gut Microbiota and Adiposity-related Markers in Healthy Overweight Subjects,2011,,clinical_trial_registry,intervention_metadata;clinical_outcome,Auto-collected from ClinicalTrials.gov API v2; requires manual review.,auto_search,2026-05-26
NCT:NCT02158676,clinical_trial,ClinicalTrials.gov,NCT02158676,https://clinicaltrials.gov/study/NCT02158676,,,Effect of Prebiotic and Synbiotic Supplementation in Individuals Undergoing Roux-en-y Gastric Bypass.,2013,,clinical_trial_registry,intervention_metadata;clinical_outcome,Auto-collected from ClinicalTrials.gov API v2; requires manual review.,auto_search,2026-05-26
NCT:NCT06710106,clinical_trial,ClinicalTrials.gov,NCT06710106,https://clinicaltrials.gov/study/NCT06710106,,,Effect of a Low-calorie Diet With a Prebiotic Supplement on Health of Overweight-obese Subjects.,2024,,clinical_trial_registry,intervention_metadata;clinical_outcome,Auto-collected from ClinicalTrials.gov API v2; requires manual review.,auto_search,2026-05-26
NCT:NCT02217579,clinical_trial,ClinicalTrials.gov,NCT02217579,https://clinicaltrials.gov/study/NCT02217579,,,Effect of Protein and Prebiotic Fiber Intake on Adiposity in Overweight and Obese Adults,2013,,clinical_trial_registry,intervention_metadata;clinical_outcome,Auto-collected from ClinicalTrials.gov API v2; requires manual review.,auto_search,2026-05-26
NCT:NCT04810572,clinical_trial,ClinicalTrials.gov,NCT04810572,https://clinicaltrials.gov/study/NCT04810572,,,Nutraceutical Composition Containing Natural Products Derivatives on the Modulation of the Endocrine Neuroimmune Axis,2021,,clinical_trial_registry,intervention_metadata;clinical_outcome,Auto-collected from ClinicalTrials.gov API v2; requires manual review.,auto_search,2026-05-26
NCT:NCT03530501,clinical_trial,ClinicalTrials.gov,NCT03530501,https://clinicaltrials.gov/study/NCT03530501,,,Effect of Very-low Calorie Diet and Synbiotic Supplementation in Gut Microbiota (Pronokal Method),2016,,clinical_trial_registry,intervention_metadata;clinical_outcome,Auto-collected from ClinicalTrials.gov API v2; requires manual review.,auto_search,2026-05-26
NCT:NCT01004120,clinical_trial,ClinicalTrials.gov,NCT01004120,https://clinicaltrials.gov/study/NCT01004120,,,Efficacy of a Prebiotic Galactooligosaccharide to Reduce Metabolic Syndrome Risk Factors in Overweight Adults,2009,,clinical_trial_registry,intervention_metadata;clinical_outcome,Auto-collected from ClinicalTrials.gov API v2; requires manual review.,auto_search,2026-05-26
NCT:NCT04809688,clinical_trial,ClinicalTrials.gov,NCT04809688,https://clinicaltrials.gov/study/NCT04809688,,,Saskatoon Berry on Metabolism and Gut Microbiota in Healthy Subjects,2023,,clinical_trial_registry,intervention_metadata;clinical_outcome,Auto-collected from ClinicalTrials.gov API v2; requires manual review.,auto_search,2026-05-26
NCT:NCT04398693,clinical_trial,ClinicalTrials.gov,NCT04398693,https://clinicaltrials.gov/study/NCT04398693,,,Evaluation of Intestinal Microbiota Manipulation to Treat Resistant Hypertension,2019,,clinical_trial_registry,intervention_metadata;clinical_outcome,Auto-collected from ClinicalTrials.gov API v2; requires manual review.,auto_search,2026-05-26
NCT:NCT03266055,clinical_trial,ClinicalTrials.gov,NCT03266055,https://clinicaltrials.gov/study/NCT03266055,,,Effects of Blueberry on Gut Microbiota and Metabolic Syndrome,2017,,clinical_trial_registry,intervention_metadata;clinical_outcome,Auto-collected from ClinicalTrials.gov API v2; requires manual review.,auto_search,2026-05-26
NCT:NCT02608983,clinical_trial,ClinicalTrials.gov,NCT02608983,https://clinicaltrials.gov/study/NCT02608983,,,Hydrocolloids as Functional Food Ingredients for Gut Health,2010,,clinical_trial_registry,intervention_metadata;clinical_outcome,Auto-collected from ClinicalTrials.gov API v2; requires manual review.,auto_search,2026-05-26
NCT:NCT05405205,clinical_trial,ClinicalTrials.gov,NCT05405205,https://clinicaltrials.gov/study/NCT05405205,,,Effect of Synbiotic L. Fermentum Strains on Body Fat Mass,2021,,clinical_trial_registry,intervention_metadata;clinical_outcome,Auto-collected from ClinicalTrials.gov API v2; requires manual review.,auto_search,2026-05-26
NCT:NCT05255367,clinical_trial,ClinicalTrials.gov,NCT05255367,https://clinicaltrials.gov/study/NCT05255367,,,Effect of (Poly)Phenolic on Cardiometabolic Risk of Postmenopausal Women,2022,,clinical_trial_registry,intervention_metadata;clinical_outcome,Auto-collected from ClinicalTrials.gov API v2; requires manual review.,auto_search,2026-05-26
NCT:NCT02355210,clinical_trial,ClinicalTrials.gov,NCT02355210,https://clinicaltrials.gov/study/NCT02355210,,,Use of a Novel Synbiotic to Change Human Gut Bacteria and Improve Health in Obese Adults,2013,,clinical_trial_registry,intervention_metadata;clinical_outcome,Auto-collected from ClinicalTrials.gov API v2; requires manual review.,auto_search,2026-05-26
NCT:NCT03051399,clinical_trial,ClinicalTrials.gov,NCT03051399,https://clinicaltrials.gov/study/NCT03051399,,,Clinical Evaluation of the Effects of EpiCor on Digestive Comfort,2015,,clinical_trial_registry,intervention_metadata;clinical_outcome,Auto-collected from ClinicalTrials.gov API v2; requires manual review.,auto_search,2026-05-26
NCT:NCT03800277,clinical_trial,ClinicalTrials.gov,NCT03800277,https://clinicaltrials.gov/study/NCT03800277,,,Effect of Cranberry and Agaves Extract on Microbiota and Intestinal Health,2018,,clinical_trial_registry,intervention_metadata;clinical_outcome,Auto-collected from ClinicalTrials.gov API v2; requires manual review.,auto_search,2026-05-26
NCT:NCT01913678,clinical_trial,ClinicalTrials.gov,NCT01913678,https://clinicaltrials.gov/study/NCT01913678,,,The Effect of Dairy Fat and Inulin on Fasting Induced Adipose Factor (FIAF) Blood Concentrations,2013,,clinical_trial_registry,intervention_metadata;clinical_outcome,Auto-collected from ClinicalTrials.gov API v2; requires manual review.,auto_search,2026-05-26
NCT:NCT06192693,clinical_trial,ClinicalTrials.gov,NCT06192693,https://clinicaltrials.gov/study/NCT06192693,,,Fecal Microbiota Transfer to Improve Diabetes Control Post-bariatric Surgery,2024,,clinical_trial_registry,intervention_metadata;clinical_outcome,Auto-collected from ClinicalTrials.gov API v2; requires manual review.,auto_search,2026-05-26
NCT:NCT04130321,clinical_trial,ClinicalTrials.gov,NCT04130321,https://clinicaltrials.gov/study/NCT04130321,,,Demonstration of the Prebiotic-like Effects of Camu-camu Consumption Against Obesity-related Disorders in Humans,2020,,clinical_trial_registry,intervention_metadata;clinical_outcome,Auto-collected from ClinicalTrials.gov API v2; requires manual review.,auto_search,2026-05-26
NCT:NCT03322449,clinical_trial,ClinicalTrials.gov,NCT03322449,https://clinicaltrials.gov/study/NCT03322449,,,"APOA2 Gene, Diet, Inflammation and Gut Health",2017,,clinical_trial_registry,intervention_metadata;clinical_outcome,Auto-collected from ClinicalTrials.gov API v2; requires manual review.,auto_search,2026-05-26
NCT:NCT05671731,clinical_trial,ClinicalTrials.gov,NCT05671731,https://clinicaltrials.gov/study/NCT05671731,,,Combining Prebiotic and Diet/Physical Activity Educational Program Effects on Body Composition and Intestinal Microbiota in Children,2012,,clinical_trial_registry,intervention_metadata;clinical_outcome,Auto-collected from ClinicalTrials.gov API v2; requires manual review.,auto_search,2026-05-26
NCT:NCT06795607,clinical_trial,ClinicalTrials.gov,NCT06795607,https://clinicaltrials.gov/study/NCT06795607,,,Effect of the Probiotic SF68® on Body Composition and Low-to-moderate Cardiovascular Risk,2024,,clinical_trial_registry,intervention_metadata;clinical_outcome,Auto-collected from ClinicalTrials.gov API v2; requires manual review.,auto_search,2026-05-26
NCT:NCT01870544,clinical_trial,ClinicalTrials.gov,NCT01870544,https://clinicaltrials.gov/study/NCT01870544,,,"Does Weight Loss Surgery and Probiotic Supplementation Lead to a ""Lean"" Gut Microbiota?",2013,,clinical_trial_registry,intervention_metadata;clinical_outcome,Auto-collected from ClinicalTrials.gov API v2; requires manual review.,auto_search,2026-05-26
NCT:NCT01620125,clinical_trial,ClinicalTrials.gov,NCT01620125,https://clinicaltrials.gov/study/NCT01620125,,,Metabolic Control Before and After Supplementation With Lactobacillus Reuteri DSM 17938 in Type 2 Diabetes Patients,2012,,clinical_trial_registry,intervention_metadata;clinical_outcome,Auto-collected from ClinicalTrials.gov API v2; requires manual review.,auto_search,2026-05-26
NCT:NCT06305650,clinical_trial,ClinicalTrials.gov,NCT06305650,https://clinicaltrials.gov/study/NCT06305650,,,Probiotic Influence on Obesity-Related Lipidemia,2024,,clinical_trial_registry,intervention_metadata;clinical_outcome,Auto-collected from ClinicalTrials.gov API v2; requires manual review.,auto_search,2026-05-26
NCT:NCT05002153,clinical_trial,ClinicalTrials.gov,NCT05002153,https://clinicaltrials.gov/study/NCT05002153,,,The Role of Microbiome in Recurrent Obesity,2022,,clinical_trial_registry,intervention_metadata;clinical_outcome,Auto-collected from ClinicalTrials.gov API v2; requires manual review.,auto_search,2026-05-26
NCT:NCT02893943,clinical_trial,ClinicalTrials.gov,NCT02893943,https://clinicaltrials.gov/study/NCT02893943,,,Impact of Probiotics on Weight Control and Body Composition in Overweight and Obese Individuals,2017,,clinical_trial_registry,intervention_metadata;clinical_outcome,Auto-collected from ClinicalTrials.gov API v2; requires manual review.,auto_search,2026-05-26
NCT:NCT04962633,clinical_trial,ClinicalTrials.gov,NCT04962633,https://clinicaltrials.gov/study/NCT04962633,,,Dietary Intervention With Probiotic Pasta and Evaluation of the Effects on Metabolic and Inflammatory Status,2022,,clinical_trial_registry,intervention_metadata;clinical_outcome,Auto-collected from ClinicalTrials.gov API v2; requires manual review.,auto_search,2026-05-26
NCT:NCT02768818,clinical_trial,ClinicalTrials.gov,NCT02768818,https://clinicaltrials.gov/study/NCT02768818,,,Modulation of the Intestinal Flora With the Probiotic VIVOMIXX™ in Pregnant Women at Risk of Metabolic Complications,2016,,clinical_trial_registry,intervention_metadata;clinical_outcome,Auto-collected from ClinicalTrials.gov API v2; requires manual review.,auto_search,2026-05-26
NCT:NCT05949255,clinical_trial,ClinicalTrials.gov,NCT05949255,https://clinicaltrials.gov/study/NCT05949255,,,Probiotics and Insulin Resistance in Obese Asthmatics,2024,,clinical_trial_registry,intervention_metadata;clinical_outcome,Auto-collected from ClinicalTrials.gov API v2; requires manual review.,auto_search,2026-05-26
NCT:NCT02448940,clinical_trial,ClinicalTrials.gov,NCT02448940,https://clinicaltrials.gov/study/NCT02448940,,,The Effect of Supplementation With Species of Lactobacillus on Anthropometric Measurements,2014,,clinical_trial_registry,intervention_metadata;clinical_outcome,Auto-collected from ClinicalTrials.gov API v2; requires manual review.,auto_search,2026-05-26
NCT:NCT06964932,clinical_trial,ClinicalTrials.gov,NCT06964932,https://clinicaltrials.gov/study/NCT06964932,,,Probiotics in Obesity Management,2025,,clinical_trial_registry,intervention_metadata;clinical_outcome,Auto-collected from ClinicalTrials.gov API v2; requires manual review.,auto_search,2026-05-26
NCT:NCT06780007,clinical_trial,ClinicalTrials.gov,NCT06780007,https://clinicaltrials.gov/study/NCT06780007,,,Weight Loss Effect of Akkermansia Muciniphila in Obese Patients,2025,,clinical_trial_registry,intervention_metadata;clinical_outcome,Auto-collected from ClinicalTrials.gov API v2; requires manual review.,auto_search,2026-05-26
NCT:NCT01240018,clinical_trial,ClinicalTrials.gov,NCT01240018,https://clinicaltrials.gov/study/NCT01240018,,,ProSat - Long Term Effect of Probiotics on Satiety,2009,,clinical_trial_registry,intervention_metadata;clinical_outcome,Auto-collected from ClinicalTrials.gov API v2; requires manual review.,auto_search,2026-05-26
NCT:NCT01922791,clinical_trial,ClinicalTrials.gov,NCT01922791,https://clinicaltrials.gov/study/NCT01922791,,,Nutrition and Pregnancy Intervention Study,2013,,clinical_trial_registry,intervention_metadata;clinical_outcome,Auto-collected from ClinicalTrials.gov API v2; requires manual review.,auto_search,2026-05-26
NCT:NCT03994055,clinical_trial,ClinicalTrials.gov,NCT03994055,https://clinicaltrials.gov/study/NCT03994055,,,Effect of an Anti-inflammatory Diet on Patients With Cervical Cancer,2018,,clinical_trial_registry,intervention_metadata;clinical_outcome,Auto-collected from ClinicalTrials.gov API v2; requires manual review.,auto_search,2026-05-26
NCT:NCT04884776,clinical_trial,ClinicalTrials.gov,NCT04884776,https://clinicaltrials.gov/study/NCT04884776,,,Modulation of Gut Microbiota to Enhance Health and Immunity,2021,,clinical_trial_registry,intervention_metadata;clinical_outcome,Auto-collected from ClinicalTrials.gov API v2; requires manual review.,auto_search,2026-05-26
NCT:NCT03883191,clinical_trial,ClinicalTrials.gov,NCT03883191,https://clinicaltrials.gov/study/NCT03883191,,,Effect of a Three Combined Probiotics Supplementation on Weight Loss in Obese/Overweight Children,2017,,clinical_trial_registry,intervention_metadata;clinical_outcome,Auto-collected from ClinicalTrials.gov API v2; requires manual review.,auto_search,2026-05-26
NCT:NCT03261466,clinical_trial,ClinicalTrials.gov,NCT03261466,https://clinicaltrials.gov/study/NCT03261466,,,BIFI-OBESE: Clinical Trial in Paediatric Obesity,2013,,clinical_trial_registry,intervention_metadata;clinical_outcome,Auto-collected from ClinicalTrials.gov API v2; requires manual review.,auto_search,2026-05-26
NCT:NCT00164099,clinical_trial,ClinicalTrials.gov,NCT00164099,https://clinicaltrials.gov/study/NCT00164099,,,The Role of Synbiotics in Reducing Post-Operative Infections in Patients Undergoing Cardiac Surgery: A Pilot Study,2005,,clinical_trial_registry,intervention_metadata;clinical_outcome,Auto-collected from ClinicalTrials.gov API v2; requires manual review.,auto_search,2026-05-26
NCT:NCT04507867,clinical_trial,ClinicalTrials.gov,NCT04507867,https://clinicaltrials.gov/study/NCT04507867,,,Effect of a NSS to Reduce Complications in Patients With Covid-19 and Comorbidities in Stage III,2020,,clinical_trial_registry,intervention_metadata;clinical_outcome,Auto-collected from ClinicalTrials.gov API v2; requires manual review.,auto_search,2026-05-26
NCT:NCT01106924,clinical_trial,ClinicalTrials.gov,NCT01106924,https://clinicaltrials.gov/study/NCT01106924,,,Effects of a Probiotic on Body Weight,2010,,clinical_trial_registry,intervention_metadata;clinical_outcome,Auto-collected from ClinicalTrials.gov API v2; requires manual review.,auto_search,2026-05-26
NCT:NCT04136587,clinical_trial,ClinicalTrials.gov,NCT04136587,https://clinicaltrials.gov/study/NCT04136587,,,The Bacterial Secretome in IBD,2019,,clinical_trial_registry,intervention_metadata;clinical_outcome,Auto-collected from ClinicalTrials.gov API v2; requires manual review.,auto_search,2026-05-26
NCT:NCT04863313,clinical_trial,ClinicalTrials.gov,NCT04863313,https://clinicaltrials.gov/study/NCT04863313,,,Effect of a Probiotic on the Glycemic Profile and the Fecal Microbiota of Prediabetic Subjects (PREDIABETCARE),2021,,clinical_trial_registry,intervention_metadata;clinical_outcome,Auto-collected from ClinicalTrials.gov API v2; requires manual review.,auto_search,2026-05-26
NCT:NCT04685057,clinical_trial,ClinicalTrials.gov,NCT04685057,https://clinicaltrials.gov/study/NCT04685057,,,Probiotic Treatment for Prader-Willi Syndrome,2021,,clinical_trial_registry,intervention_metadata;clinical_outcome,Auto-collected from ClinicalTrials.gov API v2; requires manual review.,auto_search,2026-05-26
NCT:NCT06327919,clinical_trial,ClinicalTrials.gov,NCT06327919,https://clinicaltrials.gov/study/NCT06327919,,,Effects of Probiotic Supplementation With Weight Reducing Plan in Patients With Food Addiction and Weight Regain After Bariatric Surgery,2022,,clinical_trial_registry,intervention_metadata;clinical_outcome,Auto-collected from ClinicalTrials.gov API v2; requires manual review.,auto_search,2026-05-26
NCT:NCT06815926,clinical_trial,ClinicalTrials.gov,NCT06815926,https://clinicaltrials.gov/study/NCT06815926,,,Clinical Trial to Evaluate the Effect of a Probiotic Product on Weight,2025,,clinical_trial_registry,intervention_metadata;clinical_outcome,Auto-collected from ClinicalTrials.gov API v2; requires manual review.,auto_search,2026-05-26
NCT:NCT01650025,clinical_trial,ClinicalTrials.gov,NCT01650025,https://clinicaltrials.gov/study/NCT01650025,,,"Effects of VSL#3 on Metabolic, Endocrine, Lipidomic and Inflammatory Parameters of Pediatric Patients With BMI>90°",2012,,clinical_trial_registry,intervention_metadata;clinical_outcome,Auto-collected from ClinicalTrials.gov API v2; requires manual review.,auto_search,2026-05-26
NCT:NCT06987279,clinical_trial,ClinicalTrials.gov,NCT06987279,https://clinicaltrials.gov/study/NCT06987279,,,Lactobacillus Plantarum and Hormonal Regulation in Obese Women,2025,,clinical_trial_registry,intervention_metadata;clinical_outcome,Auto-collected from ClinicalTrials.gov API v2; requires manual review.,auto_search,2026-05-26
NCT:NCT06729671,clinical_trial,ClinicalTrials.gov,NCT06729671,https://clinicaltrials.gov/study/NCT06729671,,,A Probiotic Strategy for Antipsychotic-induced Metabolic Dysfunction,2024,,clinical_trial_registry,intervention_metadata;clinical_outcome,Auto-collected from ClinicalTrials.gov API v2; requires manual review.,auto_search,2026-05-26
NCT:NCT06786052,clinical_trial,ClinicalTrials.gov,NCT06786052,https://clinicaltrials.gov/study/NCT06786052,,,EXploratory Study on Postprandial Energy Metabolism,2025,,clinical_trial_registry,intervention_metadata;clinical_outcome,Auto-collected from ClinicalTrials.gov API v2; requires manual review.,auto_search,2026-05-26
NCT:NCT04985877,clinical_trial,ClinicalTrials.gov,NCT04985877,https://clinicaltrials.gov/study/NCT04985877,,,Effect of Fermented Milk Containing Lactobacillus Casei Strain Shirota in Sarcopenia Elderly,2021,,clinical_trial_registry,intervention_metadata;clinical_outcome,Auto-collected from ClinicalTrials.gov API v2; requires manual review.,auto_search,2026-05-26
NCT:NCT07448220,clinical_trial,ClinicalTrials.gov,NCT07448220,https://clinicaltrials.gov/study/NCT07448220,,,Study on the Efficacy of Probiotics in the Treatment of Childhood Obesity and Their Effects on Gut Microbiota,2023,,clinical_trial_registry,intervention_metadata;clinical_outcome,Auto-collected from ClinicalTrials.gov API v2; requires manual review.,auto_search,2026-05-26
NCT:NCT03287726,clinical_trial,ClinicalTrials.gov,NCT03287726,https://clinicaltrials.gov/study/NCT03287726,,,What is the Impact of Probiotics on Weight Loss Maintenance in Individuals With Obesity?,2017,,clinical_trial_registry,intervention_metadata;clinical_outcome,Auto-collected from ClinicalTrials.gov API v2; requires manual review.,auto_search,2026-05-26
NCT:NCT06554314,clinical_trial,ClinicalTrials.gov,NCT06554314,https://clinicaltrials.gov/study/NCT06554314,,,Effect of Probiotics on Regulating Gut Health and Blood Lipid in Adults,2024,,clinical_trial_registry,intervention_metadata;clinical_outcome,Auto-collected from ClinicalTrials.gov API v2; requires manual review.,auto_search,2026-05-26
NCT:NCT05882149,clinical_trial,ClinicalTrials.gov,NCT05882149,https://clinicaltrials.gov/study/NCT05882149,,,Single Strain Probiotic,2023,,clinical_trial_registry,intervention_metadata;clinical_outcome,Auto-collected from ClinicalTrials.gov API v2; requires manual review.,auto_search_supplement,2026-06-06
NCT:NCT03924089,clinical_trial,ClinicalTrials.gov,NCT03924089,https://clinicaltrials.gov/study/NCT03924089,,,"Oral Nutritional Supplement on Nutritional and Functional Status, and Biomarkers in Malnourished Hemodialysis Patients.",2019,,clinical_trial_registry,intervention_metadata;clinical_outcome,Auto-collected from ClinicalTrials.gov API v2; requires manual review.,auto_search_supplement,2026-06-06
NCT:NCT04201938,clinical_trial,ClinicalTrials.gov,NCT04201938,https://clinicaltrials.gov/study/NCT04201938,,,Effect of Probiotic Co-administration With Omega-3 Fatty Acids on Obesity Parameters and Insulin Resistance,2018,,clinical_trial_registry,intervention_metadata;clinical_outcome,Auto-collected from ClinicalTrials.gov API v2; requires manual review.,auto_search_supplement,2026-06-06
NCT:NCT03377946,clinical_trial,ClinicalTrials.gov,NCT03377946,https://clinicaltrials.gov/study/NCT03377946,,,Effect of Probiotics on Pre-diabetes and Diabetes in China,2017,,clinical_trial_registry,intervention_metadata;clinical_outcome,Auto-collected from ClinicalTrials.gov API v2; requires manual review.,auto_search_supplement,2026-06-06
NCT:NCT06891105,clinical_trial,ClinicalTrials.gov,NCT06891105,https://clinicaltrials.gov/study/NCT06891105,,,Effect of Probiotic and Synbiotic Administration on Nutritional Status in Hemodialysis Patients,2025,,clinical_trial_registry,intervention_metadata;clinical_outcome,Auto-collected from ClinicalTrials.gov API v2; requires manual review.,auto_search_supplement,2026-06-06
NCT:NCT06901440,clinical_trial,ClinicalTrials.gov,NCT06901440,https://clinicaltrials.gov/study/NCT06901440,,,Bariatric Surgery for Obesity,2025,,clinical_trial_registry,intervention_metadata;clinical_outcome,Auto-collected from ClinicalTrials.gov API v2; requires manual review.,auto_search_supplement,2026-06-06
NCT:NCT06957717,clinical_trial,ClinicalTrials.gov,NCT06957717,https://clinicaltrials.gov/study/NCT06957717,,,"Effect of Cow's Milk Kefir on Short Chain Fatty Acid (SCFA), Haemoglobin, and Ferritin Levels of Anemic Adolescent Girls",2025,,clinical_trial_registry,intervention_metadata;clinical_outcome,Auto-collected from ClinicalTrials.gov API v2; requires manual review.,auto_search_supplement,2026-06-06
NCT:NCT01249378,clinical_trial,ClinicalTrials.gov,NCT01249378,https://clinicaltrials.gov/study/NCT01249378,,,Metabolic Impact of Fat Digestion,2010,,clinical_trial_registry,intervention_metadata;clinical_outcome,Auto-collected from ClinicalTrials.gov API v2; requires manual review.,auto_search_supplement,2026-06-06
NCT:NCT07452757,clinical_trial,ClinicalTrials.gov,NCT07452757,https://clinicaltrials.gov/study/NCT07452757,,,To Evaluate Efficacy and Safety of Proprietary Healthy Diet Combinations for Weight Management in Overweight Volunteers,2023,,clinical_trial_registry,intervention_metadata;clinical_outcome,Auto-collected from ClinicalTrials.gov API v2; requires manual review.,auto_search_supplement,2026-06-06
NCT:NCT07517757,clinical_trial,ClinicalTrials.gov,NCT07517757,https://clinicaltrials.gov/study/NCT07517757,,,Dietary Strategies for the Treatment of Fibromyalgia in Overweight and Obese Patients,2026,,clinical_trial_registry,intervention_metadata;clinical_outcome,Auto-collected from ClinicalTrials.gov API v2; requires manual review.,auto_search_supplement,2026-06-06
NCT:NCT03528707,clinical_trial,ClinicalTrials.gov,NCT03528707,https://clinicaltrials.gov/study/NCT03528707,,,Effect of Probiotic Co-administration With Omega-3 Fatty Acids on NAFLD,2015,,clinical_trial_registry,intervention_metadata;clinical_outcome,Auto-collected from ClinicalTrials.gov API v2; requires manual review.,auto_search_supplement,2026-06-06
NCT:NCT05821010,clinical_trial,ClinicalTrials.gov,NCT05821010,https://clinicaltrials.gov/study/NCT05821010,,,Synbiotics and Fecal Microbiota Transplantation to Treat Non-Alcoholic Steatohepatitis,2023,,clinical_trial_registry,intervention_metadata;clinical_outcome,Auto-collected from ClinicalTrials.gov API v2; requires manual review.,auto_search_supplement,2026-06-06
NCT:NCT07507929,clinical_trial,ClinicalTrials.gov,NCT07507929,https://clinicaltrials.gov/study/NCT07507929,,,Probiotic for Weight Management in Overweight and Obese Adults,2026,,clinical_trial_registry,intervention_metadata;clinical_outcome,Auto-collected from ClinicalTrials.gov API v2; requires manual review.,auto_search_supplement,2026-06-06
NCT:NCT06612164,clinical_trial,ClinicalTrials.gov,NCT06612164,https://clinicaltrials.gov/study/NCT06612164,,,"Effects of Kefir Consumption on Health Outcomes: Gastrointestinal System, Immunity, Biochemical Parameters, Body Composition, Sleep Quality and Mental Well Being in Healthy Adults",2023,,clinical_trial_registry,intervention_metadata;clinical_outcome,Auto-collected from ClinicalTrials.gov API v2; requires manual review.,auto_search_supplement,2026-06-06
NCT:NCT07342946,clinical_trial,ClinicalTrials.gov,NCT07342946,https://clinicaltrials.gov/study/NCT07342946,,,The Effects of the Mediterranean Diet and Synbiotics in Polycystic Ovary Syndrome,2025,,clinical_trial_registry,intervention_metadata;clinical_outcome,Auto-collected from ClinicalTrials.gov API v2; requires manual review.,auto_search,2026-05-26
NCT:NCT01718418,clinical_trial,ClinicalTrials.gov,NCT01718418,https://clinicaltrials.gov/study/NCT01718418,,,Role of Colonic Events on Metabolism and Appetite Control: A Synbiotic Approach,2012,,clinical_trial_registry,intervention_metadata;clinical_outcome,Auto-collected from ClinicalTrials.gov API v2; requires manual review.,auto_search,2026-05-26
NCT:NCT05073029,clinical_trial,ClinicalTrials.gov,NCT05073029,https://clinicaltrials.gov/study/NCT05073029,,,Open Label Randomized Clinical Study to Promote a Healthy Lifestyle in Medical Students,2019,,clinical_trial_registry,intervention_metadata;clinical_outcome,Auto-collected from ClinicalTrials.gov API v2; requires manual review.,auto_search,2026-05-26
NCT:NCT06974994,clinical_trial,ClinicalTrials.gov,NCT06974994,https://clinicaltrials.gov/study/NCT06974994,,,Resilience to Antibiotic-induced Obesogenic Microbiota: Discovering Mechanism of Microbiota Modulation,2024,,clinical_trial_registry,intervention_metadata;clinical_outcome,Auto-collected from ClinicalTrials.gov API v2; requires manual review.,auto_search,2026-05-26
NCT:NCT04754464,clinical_trial,ClinicalTrials.gov,NCT04754464,https://clinicaltrials.gov/study/NCT04754464,,,Clinical Study on the Effect of a Synbiotic on Body Fat Mass,2020,,clinical_trial_registry,intervention_metadata;clinical_outcome,Auto-collected from ClinicalTrials.gov API v2; requires manual review.,auto_search,2026-05-26
NCT:NCT04611477,clinical_trial,ClinicalTrials.gov,NCT04611477,https://clinicaltrials.gov/study/NCT04611477,,,Effect of Synbiotic 365 on Body Composition in Overweight and Obese Individuals,2020,,clinical_trial_registry,intervention_metadata;clinical_outcome,Auto-collected from ClinicalTrials.gov API v2; requires manual review.,auto_search,2026-05-26
NCT:NCT05423015,clinical_trial,ClinicalTrials.gov,NCT05423015,https://clinicaltrials.gov/study/NCT05423015,,,Assessment of the Effects of Synbiotic on Gut Microbiota Composition in Scholars With Overweight,2017,,clinical_trial_registry,intervention_metadata;clinical_outcome,Auto-collected from ClinicalTrials.gov API v2; requires manual review.,auto_search,2026-05-26
NCT:NCT06578143,clinical_trial,ClinicalTrials.gov,NCT06578143,https://clinicaltrials.gov/study/NCT06578143,,,Effects of Synbiotics on Obesity,2024,,clinical_trial_registry,intervention_metadata;clinical_outcome,Auto-collected from ClinicalTrials.gov API v2; requires manual review.,auto_search,2026-05-26
NCT:NCT01680640,clinical_trial,ClinicalTrials.gov,NCT01680640,https://clinicaltrials.gov/study/NCT01680640,,,Investigation of Synbiotic Treatment in NAFLD,2013,,clinical_trial_registry,intervention_metadata;clinical_outcome,Auto-collected from ClinicalTrials.gov API v2; requires manual review.,auto_search,2026-05-26
NCT:NCT07400367,clinical_trial,ClinicalTrials.gov,NCT07400367,https://clinicaltrials.gov/study/NCT07400367,,,"Impact of a Probiotic Supplementation With Lifestyle Modification on Liver Steatosis, Fibrosis, and Metabolic Health in Patients With Metabolic Dysfunction-Associated Steatotic Liver Disease (MASLD)",2026,,clinical_trial_registry,intervention_metadata;clinical_outcome,Auto-collected from ClinicalTrials.gov API v2; requires manual review.,auto_search,2026-05-26
NCT:NCT04642482,clinical_trial,ClinicalTrials.gov,NCT04642482,https://clinicaltrials.gov/study/NCT04642482,,,Synbiotic Therapy on Intestinal Microbiota and Insulin Resistance in Obesity,2019,,clinical_trial_registry,intervention_metadata;clinical_outcome,Auto-collected from ClinicalTrials.gov API v2; requires manual review.,auto_search,2026-05-26
NCT:NCT01978691,clinical_trial,ClinicalTrials.gov,NCT01978691,https://clinicaltrials.gov/study/NCT01978691,,,The Effect of a Bifidobacterium and Polydextrose on Body Fat Mass,2013,,clinical_trial_registry,intervention_metadata;clinical_outcome,Auto-collected from ClinicalTrials.gov API v2; requires manual review.,auto_search,2026-05-26
NCT:NCT06213480,clinical_trial,ClinicalTrials.gov,NCT06213480,https://clinicaltrials.gov/study/NCT06213480,,,Next-Generation Synbiotic in Individuals With Overweight or Obesity,2024,,clinical_trial_registry,intervention_metadata;clinical_outcome,Auto-collected from ClinicalTrials.gov API v2; requires manual review.,auto_search,2026-05-26
NCT:NCT02660333,clinical_trial,ClinicalTrials.gov,NCT02660333,https://clinicaltrials.gov/study/NCT02660333,,,Effect of Prebiotic or Synbiotic on Inflammatory Response and Indicators of Nutritional Status in Obesity,2016,,clinical_trial_registry,intervention_metadata;clinical_outcome,Auto-collected from ClinicalTrials.gov API v2; requires manual review.,auto_search,2026-05-26
NCT:NCT06035718,clinical_trial,ClinicalTrials.gov,NCT06035718,https://clinicaltrials.gov/study/NCT06035718,,,Effect of Transcranial Direct Current Stimulation (tDCS) and Probiotic Supplementation in Overweight Adults,2023,,clinical_trial_registry,intervention_metadata;clinical_outcome,Auto-collected from ClinicalTrials.gov API v2; requires manual review.,auto_search,2026-05-26
NCT:NCT06901739,clinical_trial,ClinicalTrials.gov,NCT06901739,https://clinicaltrials.gov/study/NCT06901739,,,Therapeutic Potential of a Synbiotic to Improve Mental Health in Subjects With Obesity.,2025,,clinical_trial_registry,intervention_metadata;clinical_outcome,Auto-collected from ClinicalTrials.gov API v2; requires manual review.,auto_search,2026-05-26
NCT:NCT05476289,clinical_trial,ClinicalTrials.gov,NCT05476289,https://clinicaltrials.gov/study/NCT05476289,,,A Follow-up Study of Dragon Study (NCT03520764): to Assess the Growth and Immune-related Outcomes,2018,,clinical_trial_registry,intervention_metadata;clinical_outcome,Auto-collected from ClinicalTrials.gov API v2; requires manual review.,auto_search_expansion,2026-06-06
NCT:NCT05397015,clinical_trial,ClinicalTrials.gov,NCT05397015,https://clinicaltrials.gov/study/NCT05397015,,,Metabotyping in the Postmenopausal Stage,2021,,clinical_trial_registry,intervention_metadata;clinical_outcome,Auto-collected from ClinicalTrials.gov API v2; requires manual review.,auto_search_expansion,2026-06-06
NCT:NCT07076329,clinical_trial,ClinicalTrials.gov,NCT07076329,https://clinicaltrials.gov/study/NCT07076329,,,Microbiota-Inflammation-Brain Axis in Heart Failure: New Functional Food for the Prevention of undeRnutrition in Older,2022,,clinical_trial_registry,intervention_metadata;clinical_outcome,Auto-collected from ClinicalTrials.gov API v2; requires manual review.,auto_search_expansion,2026-06-06
NCT:NCT07180446,clinical_trial,ClinicalTrials.gov,NCT07180446,https://clinicaltrials.gov/study/NCT07180446,,,Can Gut Bacteria Predict Who Benefits Most From Exercise? A Gut Supplement to Help Exercise Non-Responders,2026,,clinical_trial_registry,intervention_metadata;clinical_outcome,Auto-collected from ClinicalTrials.gov API v2; requires manual review.,auto_search_expansion,2026-06-06
NCT:NCT04653714,clinical_trial,ClinicalTrials.gov,NCT04653714,https://clinicaltrials.gov/study/NCT04653714,,,The Effects of Non-surgical Periodontal Therapy in Patients Indicated for Bariatric Surgery,2020,,clinical_trial_registry,intervention_metadata;clinical_outcome,Auto-collected from ClinicalTrials.gov API v2; requires manual review.,auto_search_expansion,2026-06-06
NCT:NCT06423287,clinical_trial,ClinicalTrials.gov,NCT06423287,https://clinicaltrials.gov/study/NCT06423287,,,Effects of TRE With Lactobacillus Plantarum LP-KFY04 Supplementation on Overweight / Obese Individuals,2024,,clinical_trial_registry,intervention_metadata;clinical_outcome,Auto-collected from ClinicalTrials.gov API v2; requires manual review.,auto_search_expansion,2026-06-06
NCT:NCT02539836,clinical_trial,ClinicalTrials.gov,NCT02539836,https://clinicaltrials.gov/study/NCT02539836,,,Study on Dietary Nutrition Intervention Techniques for Children Obesity,2015,,clinical_trial_registry,intervention_metadata;clinical_outcome,Auto-collected from ClinicalTrials.gov API v2; requires manual review.,auto_search_expansion,2026-06-06
NCT:NCT04303481,clinical_trial,ClinicalTrials.gov,NCT04303481,https://clinicaltrials.gov/study/NCT04303481,,,The Effect of Consuming Enzymes and Prebiotics on Body Composition and Blood Biochemical Index,2019,,clinical_trial_registry,intervention_metadata;clinical_outcome,Auto-collected from ClinicalTrials.gov API v2; requires manual review.,auto_search_expansion,2026-06-06
NCT:NCT04886778,clinical_trial,ClinicalTrials.gov,NCT04886778,https://clinicaltrials.gov/study/NCT04886778,,,Efficacy and Safety of Low-Carbohydrate Diet Combined With Probiotics for Weight Loss in Male Obese Patients.,2021,,clinical_trial_registry,intervention_metadata;clinical_outcome,Auto-collected from ClinicalTrials.gov API v2; requires manual review.,auto_search_expansion,2026-06-06
NCT:NCT06989177,clinical_trial,ClinicalTrials.gov,NCT06989177,https://clinicaltrials.gov/study/NCT06989177,,,Probiotic Intervention on Body Weight,2025,,clinical_trial_registry,intervention_metadata;clinical_outcome,Auto-collected from ClinicalTrials.gov API v2; requires manual review.,auto_search_expansion,2026-06-06
NCT:NCT05443269,clinical_trial,ClinicalTrials.gov,NCT05443269,https://clinicaltrials.gov/study/NCT05443269,,,Impact of Jump Start Nutrition Program on Weight Loss and Associated Measures,2022,,clinical_trial_registry,intervention_metadata;clinical_outcome,Auto-collected from ClinicalTrials.gov API v2; requires manual review.,auto_search_expansion,2026-06-06
NCT:NCT04492605,clinical_trial,ClinicalTrials.gov,NCT04492605,https://clinicaltrials.gov/study/NCT04492605,,,The Evaluation of TCI378 and TCI507 Probiotics on Weight-lowering Efficacy in Adults,2022,,clinical_trial_registry,intervention_metadata;clinical_outcome,Auto-collected from ClinicalTrials.gov API v2; requires manual review.,auto_search_expansion,2026-06-06
NCT:NCT06244186,clinical_trial,ClinicalTrials.gov,NCT06244186,https://clinicaltrials.gov/study/NCT06244186,,,The Effect of Lactobacillus Delbrueckii Subsp. Bulgaricus on Human's Weight Reduction,2021,,clinical_trial_registry,intervention_metadata;clinical_outcome,Auto-collected from ClinicalTrials.gov API v2; requires manual review.,auto_search_expansion,2026-06-06
EUROPEPMC:42075007,literature,PubMed,42075007,https://europepmc.org/article/MED/42075007,10.3390/nu18081195,42075007,<i>Bifidobacterium animalis</i> ssp. <i>lactis</i> 420 and <i>Cordyceps militaris</i> Synergistically Modulate the Gut Microbiota by Increasing Mucin 2 Production.,2026,Nutrients,needs_manual_review,evidence_registry,Auto-collected from Europe PMC; requires manual review.,auto_search_supplement,2026-06-06
EUROPEPMC:42197026,literature,PubMed,42197026,https://europepmc.org/article/MED/42197026,10.3390/nu18101565,42197026,Exercise and the Gut Microbiome: From Mechanisms to Clinical Applications.,2026,Nutrients,needs_manual_review,evidence_registry,Auto-collected from Europe PMC; requires manual review.,auto_search_supplement,2026-06-06
EUROPEPMC:10.20944/preprints202509.2367.v1,literature,publisher supplementary data,10.20944/preprints202509.2367.v1,,10.20944/preprints202509.2367.v1,,The Role of <em>Akkermansia muciniphila</em> in Human Health: A Clinical Review,2025,,needs_manual_review,evidence_registry,Auto-collected from Europe PMC; requires manual review.,auto_search_supplement,2026-06-06
EUROPEPMC:42131482,literature,PubMed,42131482,https://europepmc.org/article/MED/42131482,10.3389/fphys.2026.1766078,42131482,Bioactive compounds as therapeutic modulators of metabolic syndrome: targeting inflammation and gut microbiota regulation.,2026,Front Physiol,needs_manual_review,evidence_registry,Auto-collected from Europe PMC; requires manual review.,auto_search_supplement,2026-06-06
EUROPEPMC:42042904,literature,PubMed,42042904,https://europepmc.org/article/MED/42042904,10.3390/metabo16040259,42042904,A Dual-Target Microbial Therapeutic Strategy for Treating Metabolic Diseases: Complementary Mechanisms and Clinical Prospects of <i>Lactiplantibacillus plantarum</i> and <i>Akkermansia muciniphila</i>.,2026,Metabolites,needs_manual_review,evidence_registry,Auto-collected from Europe PMC; requires manual review.,auto_search_supplement,2026-06-06
EUROPEPMC:42075218,literature,PubMed,42075218,https://europepmc.org/article/MED/42075218,10.3390/microorganisms14040820,42075218,"Insights into the Functions, Characteristics, and Mechanisms of Disease-Related Proteins from <i>Akkermansia muciniphila</i>: A Review.",2026,Microorganisms,needs_manual_review,evidence_registry,Auto-collected from Europe PMC; requires manual review.,auto_search_supplement,2026-06-06
EUROPEPMC:41515236,literature,PubMed,41515236,https://europepmc.org/article/MED/41515236,10.3390/nu18010119,41515236,Intermittent Fasting and Probiotics for Gut Microbiota Modulation in Type 2 Diabetes Mellitus: A Narrative Review.,2025,Nutrients,needs_manual_review,evidence_registry,Auto-collected from Europe PMC; requires manual review.,auto_search_supplement,2026-06-06
EUROPEPMC:42194074,literature,PubMed,42194074,https://europepmc.org/article/MED/42194074,10.3390/biom16050726,42194074,"<i>Akkermansia muciniphila</i> and Alzheimer's Disease: Mechanisms, Evidence and Translational Potential.",2026,Biomolecules,needs_manual_review,evidence_registry,Auto-collected from Europe PMC; requires manual review.,auto_search_supplement,2026-06-06
EUROPEPMC:41163054,literature,PubMed,41163054,https://europepmc.org/article/MED/41163054,10.1186/s13063-025-09180-3,41163054,"The effects of a newly developed beverage powder supplement on anthropometric measures, body composition, metabolic syndrome components, and appetite in obese or overweight adults: a protocol for a randomized clinical trial study.",2025,Trials,needs_manual_review,evidence_registry,Auto-collected from Europe PMC; requires manual review.,auto_search_supplement,2026-06-06
EUROPEPMC:41568048,literature,PubMed,41568048,https://europepmc.org/article/MED/41568048,10.3389/fmicb.2025.1627870,41568048,Probiotic attributes and safety profile of AKM Lab-01: a novel <i>Akkermansia muciniphila</i> strain combating obesity and metabolic disorders in diet-induced obese mice.,2025,Front Microbiol,needs_manual_review,evidence_registry,Auto-collected from Europe PMC; requires manual review.,auto_search_supplement,2026-06-06
EUROPEPMC:41576942,literature,PubMed,41576942,https://europepmc.org/article/MED/41576942,10.1016/j.xcrm.2025.102573,41576942,"Gut microbiome and obesity care: Bridging dietary, surgical, and pharmacological interventions.",2026,Cell Rep Med,needs_manual_review,evidence_registry,Auto-collected from Europe PMC; requires manual review.,auto_search_supplement,2026-06-06
EUROPEPMC:42072347,literature,PubMed,42072347,https://europepmc.org/article/MED/42072347,10.3390/biomedicines14040806,42072347,"The Interplay Between GLP-1-Based Therapies, the Gut Microbiome, and MASLD/MASH in Type 2 Diabetes Mellitus: A Narrative Review.",2026,Biomedicines,needs_manual_review,evidence_registry,Auto-collected from Europe PMC; requires manual review.,auto_search_supplement,2026-06-06
EUROPEPMC:41137026,literature,PubMed,41137026,https://europepmc.org/article/MED/41137026,10.1186/s12967-025-07149-z,41137026,Akkermansia muciniphila: a microbial guardian against oxidative stress-gut microbiota crosstalk and clinical prospects.,2025,J Transl Med,needs_manual_review,evidence_registry,Auto-collected from Europe PMC; requires manual review.,auto_search_supplement,2026-06-06
EUROPEPMC:41901128,literature,PubMed,41901128,https://europepmc.org/article/MED/41901128,10.3390/nu18060952,41901128,The Gut Microbiota: An Essential Component in Understanding Pediatric Obesity: A Narrative Review.,2026,Nutrients,needs_manual_review,evidence_registry,Auto-collected from Europe PMC; requires manual review.,auto_search_supplement,2026-06-06
EUROPEPMC:41200610,literature,PubMed,41200610,https://europepmc.org/article/MED/41200610,10.7759/cureus.95045,41200610,Gut Microbiota-Directed Interventions in Type 2 Diabetes: A Systematic Review of Clinical Outcomes and Complication Risk.,2025,Cureus,needs_manual_review,evidence_registry,Auto-collected from Europe PMC; requires manual review.,auto_search_supplement,2026-06-06
EUROPEPMC:42197043,literature,PubMed,42197043,https://europepmc.org/article/MED/42197043,10.3390/nu18101583,42197043,Intermittent Fasting: Health Impacts and Therapeutic Potential.,2026,Nutrients,needs_manual_review,evidence_registry,Auto-collected from Europe PMC; requires manual review.,auto_search_supplement,2026-06-06
EUROPEPMC:41924306,literature,PubMed,41924306,https://europepmc.org/article/MED/41924306,10.1080/29933935.2026.2622259,41924306,"Oleoylethanolamide supplementation enriches Akkermansia muciniphila and modulates intestinal barrier function in adults with obesity: A randomized, double-blind, placebo-controlled trial.",2026,Gut Microbes Rep,needs_manual_review,evidence_registry,Auto-collected from Europe PMC; requires manual review.,auto_search_supplement,2026-06-06
EUROPEPMC:41994099,literature,PubMed,41994099,https://europepmc.org/article/MED/41994099,10.3389/fnut.2026.1785186,41994099,Legume intake on gut microbiome and glycemia in type 2 diabetes management: narrative review.,2026,Front Nutr,needs_manual_review,evidence_registry,Auto-collected from Europe PMC; requires manual review.,auto_search_supplement,2026-06-06
EUROPEPMC:42039766,literature,PubMed,42039766,https://europepmc.org/article/MED/42039766,10.1002/fsn3.71801,42039766,The Role of Gut Microbiome in Obesity and Weight Management: A Review of Current Evidence and Future Directions.,2026,Food Sci Nutr,needs_manual_review,evidence_registry,Auto-collected from Europe PMC; requires manual review.,auto_search_supplement,2026-06-06
EUROPEPMC:41754209,literature,PubMed,41754209,https://europepmc.org/article/MED/41754209,10.3390/nu18040691,41754209,The Role of Dietary Fibers in the Management of Type 2 Diabetes: A Synthesis of Current Evidence and Clinical Implications.,2026,Nutrients,needs_manual_review,evidence_registry,Auto-collected from Europe PMC; requires manual review.,auto_search_supplement,2026-06-06
EUROPEPMC:41017972,literature,PubMed,41017972,https://europepmc.org/article/MED/41017972,10.3389/fnins.2025.1650807,41017972,<i>Akkermansia muciniphila</i> in neurological disorders: mechanisms and therapeutic potential via the gut-brain axis.,2025,Front Neurosci,needs_manual_review,evidence_registry,Auto-collected from Europe PMC; requires manual review.,auto_search_supplement,2026-06-06
EUROPEPMC:42193156,literature,PubMed,42193156,https://europepmc.org/article/MED/42193156,10.3390/antiox15050533,42193156,Oxidative Stress-Gut Microbiome Crosstalk: Intestinal Redox Imbalance and Probiotics Therapeutic Potential.,2026,Antioxidants (Basel),needs_manual_review,evidence_registry,Auto-collected from Europe PMC; requires manual review.,auto_search_supplement,2026-06-06
EUROPEPMC:42219654,literature,PubMed,42219654,https://europepmc.org/article/MED/42219654,10.1080/19490976.2026.2673679,42219654,Rethinking probiotics: breaking the <i>Lactobacillus</i>-<i>Bifidobacterium</i> duopoly in the management of dysbiosis and allergies.,2026,Gut Microbes,needs_manual_review,evidence_registry,Auto-collected from Europe PMC; requires manual review.,auto_search_supplement,2026-06-06
EUROPEPMC:41683193,literature,PubMed,41683193,https://europepmc.org/article/MED/41683193,10.3390/nu18030369,41683193,Gut Microbiota Impact on Cognitive Function in Humans.,2026,Nutrients,needs_manual_review,evidence_registry,Auto-collected from Europe PMC; requires manual review.,auto_search_supplement,2026-06-06
EUROPEPMC:41536827,literature,PubMed,41536827,https://europepmc.org/article/MED/41536827,10.3934/publichealth.2025061,41536827,Health effects of intermittent fasting and the role of artificial intelligence technologies in optimizing its clinical translation.,2025,AIMS Public Health,needs_manual_review,evidence_registry,Auto-collected from Europe PMC; requires manual review.,auto_search_supplement,2026-06-06
EUROPEPMC:41426235,literature,PubMed,41426235,https://europepmc.org/article/MED/41426235,10.2147/tcrm.s540144,41426235,Modulating Metabolic Health and Physiological Functions: Advances in Dietary Interventions Targeting Gut Microbiota.,2025,Ther Clin Risk Manag,needs_manual_review,evidence_registry,Auto-collected from Europe PMC; requires manual review.,auto_search_supplement,2026-06-06
EUROPEPMC:42221502,literature,PubMed,42221502,https://europepmc.org/article/MED/42221502,10.3389/fmicb.2026.1809114,42221502,Therapeutic potential of natural compounds from medicinal and food homology substances targeting gut microbiota in lipid metabolism disorders.,2026,Front Microbiol,needs_manual_review,evidence_registry,Auto-collected from Europe PMC; requires manual review.,auto_search_supplement,2026-06-06
EUROPEPMC:41703894,literature,PubMed,41703894,https://europepmc.org/article/MED/41703894,10.1002/bcp.70487,41703894,GLP-1 agonists and the gut microbiome: A bidirectional relationship.,2026,Br J Clin Pharmacol,needs_manual_review,evidence_registry,Auto-collected from Europe PMC; requires manual review.,auto_search_supplement,2026-06-06
EUROPEPMC:41511159,literature,PubMed,41511159,https://europepmc.org/article/MED/41511159,10.1080/19490976.2025.2612580,41511159,<i><b>Akkermansia muciniphila</b></i> <b>modulates intestinal mucus composition to counteract high-fat diet-induced obesity in mice</b>.,2026,Gut Microbes,needs_manual_review,evidence_registry,Auto-collected from Europe PMC; requires manual review.,auto_search_supplement,2026-06-06
EUROPEPMC:41746476,literature,PubMed,41746476,https://europepmc.org/article/MED/41746476,10.1007/s13668-026-00732-w,41746476,"The Gut-Brain Axis in Obesity: Mechanisms, Development, and Therapeutic Perspectives.",2026,Curr Nutr Rep,needs_manual_review,evidence_registry,Auto-collected from Europe PMC; requires manual review.,auto_search_supplement,2026-06-06
EUROPEPMC:42120725,literature,PubMed,42120725,https://europepmc.org/article/MED/42120725,10.1038/s41591-026-04394-7,42120725,Pasteurized Akkermansia muciniphila Muc<sup>T</sup> for weight loss maintenance in people with overweight and obesity: a controlled randomized trial.,2026,Nat Med,needs_manual_review,evidence_registry,Auto-collected from Europe PMC; requires manual review.,codex,2026-05-29
EUROPEPMC:41030554,literature,PubMed,41030554,https://europepmc.org/article/MED/41030554,10.3389/fmicb.2025.1665101,41030554,<i>Akkermansia muciniphila</i> and osteoporosis: emerging role of gut microbiota in skeletal homeostasis.,2025,Front Microbiol,needs_manual_review,evidence_registry,Auto-collected from Europe PMC; requires manual review.,codex,2026-05-29
EUROPEPMC:PMC13203418,literature,publisher supplementary data,PMC13203418,,,,Oxidative Stress–Gut Microbiome Crosstalk: Intestinal Redox Imbalance and Probiotics Therapeutic Potential,2026,Antioxidants (Basel),needs_manual_review,evidence_registry,Auto-collected from Europe PMC; requires manual review.,codex,2026-05-29
EUROPEPMC:41007736,literature,PubMed,41007736,https://europepmc.org/article/MED/41007736,10.3390/biomedicines13092173,41007736,The Gut Microbiome in Human Obesity: A Comprehensive Review.,2025,Biomedicines,needs_manual_review,evidence_registry,Auto-collected from Europe PMC; requires manual review.,codex,2026-05-29
EUROPEPMC:41892839,literature,PubMed,41892839,https://europepmc.org/article/MED/41892839,10.3390/medsci14010124,41892839,Modulation of Microbiome-Mitochondria Axis as a Novel Approach for Treatment of Obesity: A Scoping Review.,2026,Med Sci (Basel),needs_manual_review,evidence_registry,Auto-collected from Europe PMC; requires manual review.,codex,2026-05-29
EUROPEPMC:40295195,literature,PubMed,40295195,https://europepmc.org/article/MED/40295195,10.4014/jmb.2501.01024,40295195,"Microbiome, Potential Therapeutic Agents: New Players of Obesity Treatment.",2025,J Microbiol Biotechnol,needs_manual_review,evidence_registry,Auto-collected from Europe PMC; requires manual review.,codex,2026-05-29
EUROPEPMC:40788133,literature,PubMed,40788133,https://europepmc.org/article/MED/40788133,10.1128/iai.00503-24,40788133,Breaking down barriers: is intestinal mucus degradation by <i>Akkermansia muciniphila</i> beneficial or harmful?,2025,Infect Immun,needs_manual_review,evidence_registry,Auto-collected from Europe PMC; requires manual review.,codex,2026-05-29
EUROPEPMC:41010468,literature,PubMed,41010468,https://europepmc.org/article/MED/41010468,10.3390/nu17182942,41010468,Targeting the Gut Microbiota in Pediatric Obesity: A Paradigm Shift in Prevention and Treatment? A Comprehensive Review.,2025,Nutrients,needs_manual_review,evidence_registry,Auto-collected from Europe PMC; requires manual review.,codex,2026-05-29
EUROPEPMC:PMC13206985,literature,publisher supplementary data,PMC13206985,,,,Current Understanding of Probiotic Strains and Immune Function: From Gut Microbiota to Systemic Immunity,2026,Int J Mol Sci,needs_manual_review,evidence_registry,Auto-collected from Europe PMC; requires manual review.,codex,2026-05-29
EUROPEPMC:39339675,literature,PubMed,39339675,https://europepmc.org/article/MED/39339675,10.3390/nu16183075,39339675,<i>Akkermansia muciniphila</i> as a Potential Guardian against Oral Health Diseases: A Narrative Review.,2024,Nutrients,needs_manual_review,evidence_registry,Auto-collected from Europe PMC; requires manual review.,codex,2026-05-29
EUROPEPMC:41599902,literature,PubMed,41599902,https://europepmc.org/article/MED/41599902,10.3390/nu18020290,41599902,Personalized Nutrition Through the Gut Microbiome in Metabolic Syndrome and Related Comorbidities.,2026,Nutrients,needs_manual_review,evidence_registry,Auto-collected from Europe PMC; requires manual review.,codex,2026-05-29
EUROPEPMC:40508171,literature,PubMed,40508171,https://europepmc.org/article/MED/40508171,10.3390/ijms26115362,40508171,Incorporating Postbiotics into Intervention for Managing Obesity.,2025,Int J Mol Sci,needs_manual_review,evidence_registry,Auto-collected from Europe PMC; requires manual review.,codex,2026-05-29
EUROPEPMC:41488302,literature,PubMed,41488302,https://europepmc.org/article/MED/41488302,10.3389/fmicb.2025.1675155,41488302,"Mechanisms of gut microbiota in host fat deposition: metabolites, signaling pathways, and translational applications.",2025,Front Microbiol,needs_manual_review,evidence_registry,Auto-collected from Europe PMC; requires manual review.,codex,2026-05-29
EUROPEPMC:40328980,literature,PubMed,40328980,https://europepmc.org/article/MED/40328980,10.1038/s41564-025-01989-7,40328980,Gut commensal Phascolarctobacterium faecium retunes innate immunity to mitigate obesity and metabolic disease in mice.,2025,Nat Microbiol,needs_manual_review,evidence_registry,Auto-collected from Europe PMC; requires manual review.,codex,2026-05-29
EUROPEPMC:38072119,literature,PubMed,38072119,https://europepmc.org/article/MED/38072119,10.1016/j.advnut.2023.100162,38072119,Effect of Probiotic Supplementation on Intestinal Permeability in Overweight and Obesity: A Systematic Review of Randomized Controlled Trials and Animal Studies.,2024,Adv Nutr,needs_manual_review,evidence_registry,Auto-collected from Europe PMC; requires manual review.,codex,2026-05-29
EUROPEPMC:37047729,literature,PubMed,37047729,https://europepmc.org/article/MED/37047729,10.3390/ijms24076755,37047729,The Role of Next-Generation Probiotics in Obesity and Obesity-Associated Disorders: Current Knowledge and Future Perspectives.,2023,Int J Mol Sci,needs_manual_review,evidence_registry,Auto-collected from Europe PMC; requires manual review.,codex,2026-05-29
EUROPEPMC:40871736,literature,PubMed,40871736,https://europepmc.org/article/MED/40871736,10.3390/nu17162708,40871736,Type 2 Diabetes and the Multifaceted Gut-X Axes.,2025,Nutrients,needs_manual_review,evidence_registry,Auto-collected from Europe PMC; requires manual review.,codex,2026-05-29
EUROPEPMC:41269489,literature,PubMed,41269489,https://europepmc.org/article/MED/41269489,10.1007/s40520-025-03216-z,41269489,Effect of host and gut microbiota-altering interventions on sarcopenia or its defining parameters: a systematic review and meta-analysis of nutrition-based intervention studies.,2025,Aging Clin Exp Res,needs_manual_review,evidence_registry,Auto-collected from Europe PMC; requires manual review.,codex,2026-05-29
EUROPEPMC:39159270,literature,PubMed,39159270,https://europepmc.org/article/MED/39159270,10.1111/febs.17249,39159270,Obesity and the gut microbiota: implications of neuroendocrine and immune signaling.,2025,FEBS J,needs_manual_review,evidence_registry,Auto-collected from Europe PMC; requires manual review.,codex,2026-05-29
EUROPEPMC:41953220,literature,PubMed,41953220,https://europepmc.org/article/MED/41953220,10.3389/fimmu.2025.1713426,41953220,"Probiotics and human health: biological activities, nutritional aspects, immunomodulatory properties, applications, and future perspectives - a comprehensive review.",2025,Front Immunol,needs_manual_review,evidence_registry,Auto-collected from Europe PMC; requires manual review.,codex,2026-05-29
EUROPEPMC:40549339,literature,PubMed,40549339,https://europepmc.org/article/MED/40549339,10.1007/s12602-025-10613-3,40549339,Recent Insights About Probiotics Related Pharmabiotics in Pharmacology: Prevention and Management of Diseases.,2025,Probiotics Antimicrob Proteins,needs_manual_review,evidence_registry,Auto-collected from Europe PMC; requires manual review.,codex,2026-05-29
EUROPEPMC:40299326,literature,PubMed,40299326,https://europepmc.org/article/MED/40299326,10.3390/biomedicines13040779,40299326,Intestinal Microbiota Modulation by Fecal Microbiota Transplantation in Nonalcoholic Fatty Liver Disease.,2025,Biomedicines,needs_manual_review,evidence_registry,Auto-collected from Europe PMC; requires manual review.,codex,2026-05-29
EUROPEPMC:37661739,literature,PubMed,37661739,https://europepmc.org/article/MED/37661739,10.1098/rstb.2022.0221,37661739,Questioning the foundations of the gut microbiota and obesity.,2023,Philos Trans R Soc Lond B Biol Sci,needs_manual_review,evidence_registry,Auto-collected from Europe PMC; requires manual review.,codex,2026-05-29
EUROPEPMC:41584842,literature,PubMed,41584842,https://europepmc.org/article/MED/41584842,10.3389/fcell.2025.1698296,41584842,β-cell heterogeneity and molecular plasticity in type 2 diabetes: multi-omics perspectives and the role of gut microbiota.,2025,Front Cell Dev Biol,needs_manual_review,evidence_registry,Auto-collected from Europe PMC; requires manual review.,codex,2026-05-29
EUROPEPMC:38791478,literature,PubMed,38791478,https://europepmc.org/article/MED/38791478,10.3390/ijms25105441,38791478,Postbiotics as Metabolites and Their Biotherapeutic Potential.,2024,Int J Mol Sci,needs_manual_review,evidence_registry,Auto-collected from Europe PMC; requires manual review.,codex,2026-05-29
EUROPEPMC:36458804,literature,PubMed,36458804,https://europepmc.org/article/MED/36458804,10.1530/joe-22-0111,36458804,The gut microbiome: a core regulator of metabolism.,2023,J Endocrinol,needs_manual_review,evidence_registry,Auto-collected from Europe PMC; requires manual review.,codex,2026-05-29
EUROPEPMC:40507435,literature,PubMed,40507435,https://europepmc.org/article/MED/40507435,10.3390/jcm14113673,40507435,"A Review of the Influence of Prebiotics, Probiotics, Synbiotics, and Postbiotics on the Human Gut Microbiome and Intestinal Integrity.",2025,J Clin Med,needs_manual_review,evidence_registry,Auto-collected from Europe PMC; requires manual review.,codex,2026-05-29
EUROPEPMC:38274765,literature,PubMed,38274765,https://europepmc.org/article/MED/38274765,10.3389/fmicb.2023.1241259,38274765,"<i>Christensenella minuta</i>, a new candidate next-generation probiotic: current evidence and future trajectories.",2023,Front Microbiol,needs_manual_review,evidence_registry,Auto-collected from Europe PMC; requires manual review.,codex,2026-05-29
EUROPEPMC:39335866,literature,PubMed,39335866,https://europepmc.org/article/MED/39335866,10.3390/foods13182937,39335866,A Comprehensive Overview of Postbiotics with a Special Focus on Discovery Techniques and Clinical Applications.,2024,Foods,needs_manual_review,evidence_registry,Auto-collected from Europe PMC; requires manual review.,codex,2026-05-29
EUROPEPMC:34065217,literature,PubMed,34065217,https://europepmc.org/article/MED/34065217,10.3390/microorganisms9051098,34065217,"<i>Akkermansia muciniphila,</i> a New Generation of Beneficial Microbiota in Modulating Obesity: A Systematic Review.",2021,Microorganisms,needs_manual_review,evidence_registry,Auto-collected from Europe PMC; requires manual review.,codex,2026-05-29
EUROPEPMC:39593945,literature,PubMed,39593945,https://europepmc.org/article/MED/39593945,10.3390/foods13223529,39593945,"Probiotic, Postbiotic, and Paraprobiotic Effects of <i>Lactobacillus rhamnosus</i> as a Modulator of Obesity-Associated Factors.",2024,Foods,needs_manual_review,evidence_registry,Auto-collected from Europe PMC; requires manual review.,codex,2026-05-29
EUROPEPMC:36763279,literature,PubMed,36763279,https://europepmc.org/article/MED/36763279,10.1007/s12602-023-10045-x,36763279,The Current and Future Perspectives of Postbiotics.,2023,Probiotics Antimicrob Proteins,needs_manual_review,evidence_registry,Auto-collected from Europe PMC; requires manual review.,codex,2026-05-29
EUROPEPMC:34836254,literature,PubMed,34836254,https://europepmc.org/article/MED/34836254,10.3390/nu13113999,34836254,Impact of Exercise on Gut Microbiota in Obesity.,2021,Nutrients,needs_manual_review,evidence_registry,Auto-collected from Europe PMC; requires manual review.,codex,2026-05-29
EUROPEPMC:34828808,literature,PubMed,34828808,https://europepmc.org/article/MED/34828808,10.3390/foods10112528,34828808,Characteristics of the Gut Microbiota and Potential Effects of Probiotic Supplements in Individuals with Type 2 Diabetes <i>mellitus</i>.,2021,Foods,needs_manual_review,evidence_registry,Auto-collected from Europe PMC; requires manual review.,codex,2026-05-29
EUROPEPMC:37280680,literature,PubMed,37280680,https://europepmc.org/article/MED/37280680,10.1186/s12967-023-04230-3,37280680,Maternal microbiota and gestational diabetes: impact on infant health.,2023,J Transl Med,needs_manual_review,evidence_registry,Auto-collected from Europe PMC; requires manual review.,codex,2026-05-29
EUROPEPMC:33802777,literature,PubMed,33802777,https://europepmc.org/article/MED/33802777,10.3390/microorganisms9030618,33802777,Recognizing the Benefits of Pre-/Probiotics in Metabolic Syndrome and Type 2 Diabetes Mellitus Considering the Influence of <i>Akkermansia muciniphila</i> as a Key Gut Bacterium.,2021,Microorganisms,needs_manual_review,evidence_registry,Auto-collected from Europe PMC; requires manual review.,codex,2026-05-29
EUROPEPMC:34973469,literature,PubMed,34973469,https://europepmc.org/article/MED/34973469,10.1016/j.molmet.2021.101427,34973469,Microbiota and body weight control: Weight watchers within?,2022,Mol Metab,needs_manual_review,evidence_registry,Auto-collected from Europe PMC; requires manual review.,codex,2026-05-29
EUROPEPMC:34812127,literature,PubMed,34812127,https://europepmc.org/article/MED/34812127,10.1080/19490976.2021.1994270,34812127,Serum metabolite profiling yields insights into health promoting effect of A. muciniphila in human volunteers with a metabolic syndrome.,2021,Gut Microbes,needs_manual_review,evidence_registry,Auto-collected from Europe PMC; requires manual review.,codex,2026-05-29
EUROPEPMC:33292434,literature,PubMed,33292434,https://europepmc.org/article/MED/33292434,10.1186/s13098-020-00603-6,33292434,Probiotics supplementation and insulin resistance: a systematic review.,2020,Diabetol Metab Syndr,needs_manual_review,evidence_registry,Auto-collected from Europe PMC; requires manual review.,codex,2026-05-29
EUROPEPMC:34203876,literature,PubMed,34203876,https://europepmc.org/article/MED/34203876,10.3390/microorganisms9061302,34203876,Gut Microbiota and Host Metabolism: From Proof of Concept to Therapeutic Intervention.,2021,Microorganisms,needs_manual_review,evidence_registry,Auto-collected from Europe PMC; requires manual review.,codex,2026-05-29
EUROPEPMC:34887627,literature,PubMed,34887627,https://europepmc.org/article/MED/34887627,10.3748/wjg.v27.i41.7041,34887627,Over-feeding the gut microbiome: A scoping review on health implications and therapeutic perspectives.,2021,World J Gastroenterol,needs_manual_review,evidence_registry,Auto-collected from Europe PMC; requires manual review.,codex,2026-05-29
EUROPEPMC:37316582,literature,PubMed,37316582,https://europepmc.org/article/MED/37316582,10.1038/s41579-023-00904-3,37316582,The gut-liver axis and gut microbiota in health and liver disease.,2023,Nat Rev Microbiol,needs_manual_review,evidence_registry,Auto-collected from Europe PMC; requires manual review.,codex,2026-05-29
EUROPEPMC:36317983,literature,PubMed,36317983,https://europepmc.org/article/MED/36317983,10.1021/acs.chemrev.2c00431,36317983,"Microbiome and Human Health: Current Understanding, Engineering, and Enabling Technologies.",2023,Chem Rev,needs_manual_review,evidence_registry,Auto-collected from Europe PMC; requires manual review.,codex,2026-05-29
EUROPEPMC:34065873,literature,PubMed,34065873,https://europepmc.org/article/MED/34065873,10.3390/nu13051617,34065873,Next Generation Probiotics for Neutralizing Obesogenic Effects: Taxa Culturing Searching Strategies.,2021,Nutrients,needs_manual_review,evidence_registry,Auto-collected from Europe PMC; requires manual review.,codex,2026-05-29
EUROPEPMC:35370685,literature,PubMed,35370685,https://europepmc.org/article/MED/35370685,10.3389/fphar.2022.841782,35370685,Nutraceuticals in the Modulation of the Intestinal Microbiota: Current Status and Future Directions.,2022,Front Pharmacol,needs_manual_review,evidence_registry,Auto-collected from Europe PMC; requires manual review.,codex,2026-05-29
EUROPEPMC:35009009,literature,PubMed,35009009,https://europepmc.org/article/MED/35009009,10.3390/plants11010004,35009009,"Beneficial Role of Fruits, Their Juices, and Freeze-Dried Powders on Inflammatory Bowel Disease and Related Dysbiosis.",2021,Plants (Basel),needs_manual_review,evidence_registry,Auto-collected from Europe PMC; requires manual review.,codex,2026-05-29
EUROPEPMC:PMC12075107,literature,publisher supplementary data,PMC12075107,,,,ESPGHAN 57th Annual Meeting Abstracts,2025,JPGN Rep,needs_manual_review,evidence_registry,Auto-collected from Europe PMC; requires manual review.,codex,2026-05-29
EUROPEPMC:33722164,literature,PubMed,33722164,https://europepmc.org/article/MED/33722164,10.1080/19490976.2021.1894070,33722164,The impact of the gut microbiota on the reproductive and metabolic endocrine system.,2021,Gut Microbes,needs_manual_review,evidence_registry,Auto-collected from Europe PMC; requires manual review.,codex,2026-05-29
EUROPEPMC:32582673,literature,PubMed,32582673,https://europepmc.org/article/MED/32582673,10.3389/fbioe.2020.00550,32582673,"Commensal Obligate Anaerobic Bacteria and Health: Production, Storage, and Delivery Strategies.",2020,Front Bioeng Biotechnol,needs_manual_review,evidence_registry,Auto-collected from Europe PMC; requires manual review.,codex,2026-05-29
EUROPEPMC:33178196,literature,PubMed,33178196,https://europepmc.org/article/MED/33178196,10.3389/fimmu.2020.571731,33178196,Gut Microbiota as a Trigger for Metabolic Inflammation in Obesity and Type 2 Diabetes.,2020,Front Immunol,needs_manual_review,evidence_registry,Auto-collected from Europe PMC; requires manual review.,codex,2026-05-29
EUROPEPMC:34884466,literature,PubMed,34884466,https://europepmc.org/article/MED/34884466,10.3390/ijms222312661,34884466,Implications of Gut Microbiota in Complex Human Diseases.,2021,Int J Mol Sci,needs_manual_review,evidence_registry,Auto-collected from Europe PMC; requires manual review.,codex,2026-05-29
EUROPEPMC:32718098,literature,PubMed,32718098,https://europepmc.org/article/MED/32718098,10.3390/nu12082200,32718098,"Modulation of the Gut Microbiota by Olive Oil Phenolic Compounds: Implications for Lipid Metabolism, Immune System, and Obesity.",2020,Nutrients,needs_manual_review,evidence_registry,Auto-collected from Europe PMC; requires manual review.,codex,2026-05-29
EUROPEPMC:32549225,literature,PubMed,32549225,https://europepmc.org/article/MED/32549225,10.3390/nu12061776,32549225,Microbiota and Lifestyle: A Special Focus on Diet.,2020,Nutrients,needs_manual_review,evidence_registry,Auto-collected from Europe PMC; requires manual review.,codex,2026-05-29
EUROPEPMC:PMC10576946,literature,publisher supplementary data,PMC10576946,,,,UEG Week 2023 Moderated Posters,2023,United European Gastroenterol J,needs_manual_review,evidence_registry,Auto-collected from Europe PMC; requires manual review.,codex,2026-05-29
EUROPEPMC:PMC9548091,literature,publisher supplementary data,PMC9548091,,,,UEG Week 2022 Poster Presentations,2022,United European Gastroenterol J,needs_manual_review,evidence_registry,Auto-collected from Europe PMC; requires manual review.,codex,2026-05-29
EUROPEPMC:PMC6265820,literature,publisher supplementary data,PMC6265820,,,,Dietary Bioactive Components,2018,Curr Dev Nutr,needs_manual_review,evidence_registry,Auto-collected from Europe PMC; requires manual review.,codex,2026-05-29
EUROPEPMC:32394034,literature,PubMed,32394034,https://europepmc.org/article/MED/32394034,10.1007/s10875-020-00764-z,32394034,2020 CIS Annual Meeting: Immune Deficiency & Dysregulation North American Conference.,2020,J Clin Immunol,needs_manual_review,evidence_registry,Auto-collected from Europe PMC; requires manual review.,codex,2026-05-29
EUROPEPMC:41097469,literature,PubMed,41097469,https://europepmc.org/article/MED/41097469,10.3390/foods14193300,41097469,"Effect of Probiotics Containing <i>Lactobacillus plantarum</i> on Blood Lipids: Systematic Review, Meta-Analysis, and Network Pharmacological Analysis.",2025,Foods,needs_manual_review,evidence_registry,Auto-collected from Europe PMC; requires manual review.,codex,2026-05-29
EUROPEPMC:40951500,literature,PubMed,40951500,https://europepmc.org/article/MED/40951500,10.52225/narra.v5i2.1562,40951500,Probiotic <i>Lactobacillus</i> sp. as a strategy for modulation of non-comorbid obesity: A systematic meta-analysis and GRADE assessment of randomized controlled trials.,2025,Narra J,needs_manual_review,evidence_registry,Auto-collected from Europe PMC; requires manual review.,codex,2026-05-29
EUROPEPMC:41220421,literature,PubMed,41220421,https://europepmc.org/article/MED/41220421,10.1155/sci5/3367875,41220421,Therapeutic Potential Targeting Gut Microbiota Modulation With Emphasis on <i>Lactobacillus</i> spp. in Common Metabolic Disorders: A Systematic Review.,2025,Scientifica (Cairo),needs_manual_review,evidence_registry,Auto-collected from Europe PMC; requires manual review.,codex,2026-05-29
EUROPEPMC:PMC12985339,literature,publisher supplementary data,PMC12985339,,,,From Probiotics to Postbiotics—An Update on Their Biotherapeutic Potential and the Emerging Strategies in Human Health,2026,Int J Mol Sci,needs_manual_review,evidence_registry,Auto-collected from Europe PMC; requires manual review.,codex,2026-05-29
EUROPEPMC:40218922,literature,PubMed,40218922,https://europepmc.org/article/MED/40218922,10.3390/nu17071165,40218922,Strain-Specific Therapeutic Potential of <i>Lactiplantibacillus plantarum</i>: A Systematic Scoping Review.,2025,Nutrients,needs_manual_review,evidence_registry,Auto-collected from Europe PMC; requires manual review.,codex,2026-05-29
EUROPEPMC:39062848,literature,PubMed,39062848,https://europepmc.org/article/MED/39062848,10.3390/ijms25147608,39062848,The Role of <i>Lactobacillus plantarum</i> in Reducing Obesity and Inflammation: A Meta-Analysis.,2024,Int J Mol Sci,needs_manual_review,evidence_registry,Auto-collected from Europe PMC; requires manual review.,codex,2026-05-29
EUROPEPMC:38732619,literature,PubMed,38732619,https://europepmc.org/article/MED/38732619,10.3390/nu16091373,38732619,Insights into the Anti-Adipogenic and Anti-Inflammatory Potentialities of Probiotics against Obesity.,2024,Nutrients,needs_manual_review,evidence_registry,Auto-collected from Europe PMC; requires manual review.,codex,2026-05-29
EUROPEPMC:39599742,literature,PubMed,39599742,https://europepmc.org/article/MED/39599742,10.3390/nu16223955,39599742,"Health Benefits of Prebiotics, Probiotics, Synbiotics, and Postbiotics.",2024,Nutrients,needs_manual_review,evidence_registry,Auto-collected from Europe PMC; requires manual review.,codex,2026-05-29
EUROPEPMC:38534735,literature,PubMed,38534735,https://europepmc.org/article/MED/38534735,10.3390/cimb46030119,38534735,Microbial-Based Bioactive Compounds to Alleviate Inflammation in Obesity.,2024,Curr Issues Mol Biol,needs_manual_review,evidence_registry,Auto-collected from Europe PMC; requires manual review.,codex,2026-05-29
EUROPEPMC:37771199,literature,PubMed,37771199,https://europepmc.org/article/MED/37771199,10.1002/edm2.436,37771199,Human gut microbiome: Therapeutic opportunities for metabolic syndrome-Hype or hope?,2024,Endocrinol Diabetes Metab,needs_manual_review,evidence_registry,Auto-collected from Europe PMC; requires manual review.,codex,2026-05-29
EUROPEPMC:40362873,literature,PubMed,40362873,https://europepmc.org/article/MED/40362873,10.3390/nu17091564,40362873,The Obesity-Epigenetics-Microbiome Axis: Strategies for Therapeutic Intervention.,2025,Nutrients,needs_manual_review,evidence_registry,Auto-collected from Europe PMC; requires manual review.,codex,2026-05-29
EUROPEPMC:39421246,literature,PubMed,39421246,https://europepmc.org/article/MED/39421246,10.20517/mrr.2024.05,39421246,"Probiotics, prebiotics, synbiotics and other microbiome-based innovative therapeutics to mitigate obesity and enhance longevity via the gut-brain axis.",2024,Microbiome Res Rep,needs_manual_review,evidence_registry,Auto-collected from Europe PMC; requires manual review.,codex,2026-05-29
EUROPEPMC:35126309,literature,PubMed,35126309,https://europepmc.org/article/MED/35126309,10.3389/fendo.2021.790046,35126309,"Efficacy and Safety of <i>Lactobacillus plantarum</i> K50 on Lipids in Koreans With Obesity: A Randomized, Double-Blind Controlled Clinical Trial.",2021,Front Endocrinol (Lausanne),needs_manual_review,evidence_registry,Auto-collected from Europe PMC; requires manual review.,codex,2026-05-29
EUROPEPMC:39857762,literature,PubMed,39857762,https://europepmc.org/article/MED/39857762,10.3390/biomedicines13010179,39857762,Malnutrition and Its Influence on Gut sIgA-Microbiota Dynamics.,2025,Biomedicines,needs_manual_review,evidence_registry,Auto-collected from Europe PMC; requires manual review.,codex,2026-05-29
EUROPEPMC:38674828,literature,PubMed,38674828,https://europepmc.org/article/MED/38674828,10.3390/nu16081137,38674828,"A 12-Week, Single-Centre, Randomised, Double-Blind, Placebo-Controlled, Parallel-Design Clinical Trial for the Evaluation of the Efficacy and Safety of <i>Lactiplantibacillus plantarum</i> SKO-001 in Reducing Body Fat.",2024,Nutrients,needs_manual_review,evidence_registry,Auto-collected from Europe PMC; requires manual review.,codex,2026-05-29
EUROPEPMC:38140284,literature,PubMed,38140284,https://europepmc.org/article/MED/38140284,10.3390/nu15245025,38140284,"Effect of Continuous Ingestion of Bifidobacteria and Inulin on Reducing Body Fat: A Randomized, Double-Blind, Placebo-Controlled, Parallel-Group Comparison Study.",2023,Nutrients,needs_manual_review,evidence_registry,Auto-collected from Europe PMC; requires manual review.,codex,2026-05-29
EUROPEPMC:37371961,literature,PubMed,37371961,https://europepmc.org/article/MED/37371961,10.3390/antiox12061232,37371961,The Preventive Mechanisms of Bioactive Food Compounds against Obesity-Induced Inflammation.,2023,Antioxidants (Basel),needs_manual_review,evidence_registry,Auto-collected from Europe PMC; requires manual review.,codex,2026-05-29
EUROPEPMC:36313072,literature,PubMed,36313072,https://europepmc.org/article/MED/36313072,10.3389/fnut.2022.1018212,36313072,Gut microbiota and obesity: New insights.,2022,Front Nutr,needs_manual_review,evidence_registry,Auto-collected from Europe PMC; requires manual review.,codex,2026-05-29
EUROPEPMC:PMC12496561,literature,publisher supplementary data,PMC12496561,,,,UEG Week 2025 Poster Presentations,2025,United European Gastroenterol J,needs_manual_review,evidence_registry,Auto-collected from Europe PMC; requires manual review.,codex,2026-05-29
EUROPEPMC:PMC11094350,literature,publisher supplementary data,PMC11094350,,,,ESPGHAN 56th Annual Meeting Abstracts,2024,JPGN Rep,needs_manual_review,evidence_registry,Auto-collected from Europe PMC; requires manual review.,codex,2026-05-29
EUROPEPMC:32213001,literature,PubMed,32213001,https://europepmc.org/article/MED/32213001,10.1177/2050640619854671,32213001,UEG Week 2019 Poster Presentations.,2019,United European Gastroenterol J,needs_manual_review,evidence_registry,Auto-collected from Europe PMC; requires manual review.,codex,2026-05-29
EUROPEPMC:33043826,literature,PubMed,33043826,https://europepmc.org/article/MED/33043826,10.1177/2050640620927345,33043826,<b>UEG</b> Week 2020 Poster Presentations.,2020,United European Gastroenterol J,needs_manual_review,evidence_registry,Auto-collected from Europe PMC; requires manual review.,codex,2026-05-29
EUROPEPMC:PMC4669991,literature,publisher supplementary data,PMC4669991,,,,UEG Week 2015 Poster Presentations,2015,United European Gastroenterol J,needs_manual_review,evidence_registry,Auto-collected from Europe PMC; requires manual review.,codex,2026-05-29
EUROPEPMC:42212103,literature,PubMed,42212103,https://europepmc.org/article/MED/42212103,10.3389/fped.2026.1773294,42212103,Gut microbiota and pediatric metabolic dysfunction-associated steatotic liver disease: clinical evidence and therapeutic implications.,2026,Front Pediatr,needs_manual_review,evidence_registry,Auto-collected from Europe PMC; requires manual review.,auto_search_expansion,2026-06-06
EUROPEPMC:41444876,literature,PubMed,41444876,https://europepmc.org/article/MED/41444876,10.1186/s12887-025-06319-8,41444876,The role of microbiome-modulating supplements in managing metabolic syndrome risk factors among overweight and obese youth: a GRADE-assessed meta-analysis.,2025,BMC Pediatr,needs_manual_review,evidence_registry,Auto-collected from Europe PMC; requires manual review.,auto_search_expansion,2026-06-06
EUROPEPMC:42196504,literature,PubMed,42196504,https://europepmc.org/article/MED/42196504,10.3390/ijms27104527,42196504,Current Understanding of Probiotic Strains and Immune Function: From Gut Microbiota to Systemic Immunity.,2026,Int J Mol Sci,needs_manual_review,evidence_registry,Auto-collected from Europe PMC; requires manual review.,auto_search_expansion,2026-06-06
EUROPEPMC:42123927,literature,PubMed,42123927,https://europepmc.org/article/MED/42123927,10.3390/nu18091325,42123927,The Role of Microbiome and Diet on Disease Activity and Immune-Inflammatory Status in Rheumatoid Arthritis.,2026,Nutrients,needs_manual_review,evidence_registry,Auto-collected from Europe PMC; requires manual review.,auto_search_expansion,2026-06-06
EUROPEPMC:41133047,literature,PubMed,41133047,https://europepmc.org/article/MED/41133047,10.7759/cureus.92881,41133047,Efficacy of Gut Microbiome-Targeted Therapies in Modulating Systemic Inflammation and Low-Grade Chronic Inflammatory States in Adults With Metabolic Disorders: A Systematic Review.,2025,Cureus,needs_manual_review,evidence_registry,Auto-collected from Europe PMC; requires manual review.,auto_search_expansion,2026-06-06
EUROPEPMC:41827605,literature,PubMed,41827605,https://europepmc.org/article/MED/41827605,10.3390/healthcare14050652,41827605,Kefir Consumption and Health Effects Based on Human Clinical Trials: An Overview of Literature.,2026,Healthcare (Basel),needs_manual_review,evidence_registry,Auto-collected from Europe PMC; requires manual review.,auto_search_expansion,2026-06-06
EUROPEPMC:42111471,literature,PubMed,42111471,https://europepmc.org/article/MED/42111471,10.1002/hsr2.72399,42111471,Unveiling the Bidirectional Relationship on the Effect of Gut Microbiota and Female Infertility: A Narrative Review.,2026,Health Sci Rep,needs_manual_review,evidence_registry,Auto-collected from Europe PMC; requires manual review.,auto_search_expansion,2026-06-06
EUROPEPMC:41901543,literature,PubMed,41901543,https://europepmc.org/article/MED/41901543,10.3390/medicina62030458,41901543,"Nutritional Status in Obesity: A Comprehensive Narrative Review of Dysbiosis, Micronutrient Deficiencies and the Effects of Probiotics/Synbiotics.",2026,Medicina (Kaunas),needs_manual_review,evidence_registry,Auto-collected from Europe PMC; requires manual review.,auto_search_expansion,2026-06-06
EUROPEPMC:41774188,literature,PubMed,41774188,https://europepmc.org/article/MED/41774188,10.1007/s00018-025-06022-y,41774188,"Microbes, mood, and metabolism/obesity: Pharmacological insights into the gut-obesity-depression triad.",2026,Cell Mol Life Sci,needs_manual_review,evidence_registry,Auto-collected from Europe PMC; requires manual review.,auto_search_expansion,2026-06-06
EUROPEPMC:41939240,literature,PubMed,41939240,https://europepmc.org/article/MED/41939240,10.1080/29933935.2026.2650247,41939240,"Precision nutrition through diet-gut microbiome interactions: Emerging insights driven by artificial intelligence, microbiome health metrics, and mechanistic modeling.",2026,Gut Microbes Rep,needs_manual_review,evidence_registry,Auto-collected from Europe PMC; requires manual review.,auto_search_expansion,2026-06-06
EUROPEPMC:PMC12942760,literature,publisher supplementary data,PMC12942760,,,,Why Clinical Trials of Microbiome-Targeted Interventions Often Fail to Support Health Claims: A Commentary on Probiotics and Translational Design,2026,Microorganisms,needs_manual_review,evidence_registry,Auto-collected from Europe PMC; requires manual review.,auto_search_expansion,2026-06-06
EUROPEPMC:42188320,literature,PubMed,42188320,https://europepmc.org/article/MED/42188320,10.3390/md24050185,42188320,Algae-Derived Bioactives Reprogram the Gut-SIRT1-Kisspeptin Axis in Polycystic Ovary Syndrome.,2026,Mar Drugs,needs_manual_review,evidence_registry,Auto-collected from Europe PMC; requires manual review.,auto_search_expansion,2026-06-06
EUROPEPMC:PMC12938260,literature,publisher supplementary data,PMC12938260,,,,"Lactobacillus helveticus UA881 Improves Body Composition, Lipid Profiles, and Gut Microbiota in Overweight Adults: A Randomized Double-Blind Placebo-Controlled Trial",2026,Biomedicines,needs_manual_review,evidence_registry,Auto-collected from Europe PMC; requires manual review.,auto_search_expansion,2026-06-06
EUROPEPMC:42130740,literature,PubMed,42130740,https://europepmc.org/article/MED/42130740,10.3389/fendo.2026.1774824,42130740,Roles of gut metabolites on bone mineralization and remodeling: impact of metabolic dysregulation on the gut-immune-bone axis.,2026,Front Endocrinol (Lausanne),needs_manual_review,evidence_registry,Auto-collected from Europe PMC; requires manual review.,auto_search_expansion,2026-06-06
EUROPEPMC:40706019,literature,PubMed,40706019,https://europepmc.org/article/MED/40706019,10.1093/nutrit/nuaf114,40706019,Impact of Fermented Dairy on Gastrointestinal Health and Associated Biomarkers.,2026,Nutr Rev,needs_manual_review,evidence_registry,Auto-collected from Europe PMC; requires manual review.,auto_search_expansion,2026-06-06
EUROPEPMC:42130486,literature,PubMed,42130486,https://europepmc.org/article/MED/42130486,10.1002/fsn3.71872,42130486,Fermented Dairy Products as Modulators of the Gut Microbiome: Greek Yogurt as a Model System.,2026,Food Sci Nutr,needs_manual_review,evidence_registry,Auto-collected from Europe PMC; requires manual review.,auto_search_expansion,2026-06-06
EUROPEPMC:41901529,literature,PubMed,41901529,https://europepmc.org/article/MED/41901529,10.3390/medicina62030444,41901529,Heart-Gut Axis in Cardiometabolic Disease: Microbiome-Mediated Pathways Linking Metabolic Syndrome to Cardiovascular Risk.,2026,Medicina (Kaunas),needs_manual_review,evidence_registry,Auto-collected from Europe PMC; requires manual review.,auto_search_expansion,2026-06-06
EUROPEPMC:41745391,literature,PubMed,41745391,https://europepmc.org/article/MED/41745391,10.3390/jpm16020099,41745391,Probiotics as Microbiome Modulators in Male Infertility: Rethinking Dysbiosis Across the Gut-Testis Axis.,2026,J Pers Med,needs_manual_review,evidence_registry,Auto-collected from Europe PMC; requires manual review.,auto_search_expansion,2026-06-06
EUROPEPMC:42051455,literature,PubMed,42051455,https://europepmc.org/article/MED/42051455,10.3389/fendo.2026.1747766,42051455,Gut microbiome dysbiosis in PCOS: from pathogenesis to microbiome-targeted therapies.,2026,Front Endocrinol (Lausanne),needs_manual_review,evidence_registry,Auto-collected from Europe PMC; requires manual review.,auto_search_expansion,2026-06-06
EUROPEPMC:41232606,literature,PubMed,41232606,https://europepmc.org/article/MED/41232606,10.1016/j.advnut.2025.100554,41232606,Current Research in Fermented Foods: Bridging Tradition and Science.,2025,Adv Nutr,needs_manual_review,evidence_registry,Auto-collected from Europe PMC; requires manual review.,auto_search_expansion,2026-06-06
EUROPEPMC:41624190,literature,PubMed,41624190,https://europepmc.org/article/MED/41624190,10.3389/fnut.2025.1691952,41624190,Diet type and the oral microbiome.,2025,Front Nutr,needs_manual_review,evidence_registry,Auto-collected from Europe PMC; requires manual review.,auto_search_expansion,2026-06-06
EUROPEPMC:42180565,literature,PubMed,42180565,https://europepmc.org/article/MED/42180565,10.3389/fnut.2026.1819825,42180565,"Gestational constipation and the gut microbiota: mechanisms, interventions, and implications for maternal and offspring health.",2026,Front Nutr,needs_manual_review,evidence_registry,Auto-collected from Europe PMC; requires manual review.,auto_search_expansion,2026-06-06
EUROPEPMC:41295220,literature,PubMed,41295220,https://europepmc.org/article/MED/41295220,10.3390/jpm15110518,41295220,Impact of Reducing Obesity in PCOS: Methods and Treatment Outcomes.,2025,J Pers Med,needs_manual_review,evidence_registry,Auto-collected from Europe PMC; requires manual review.,auto_search_expansion,2026-06-06
EUROPEPMC:42123920,literature,PubMed,42123920,https://europepmc.org/article/MED/42123920,10.3390/nu18091318,42123920,From Plate to Mind: Scientific Perspectives on Foods That May Influence Anxiety and Depression.,2026,Nutrients,needs_manual_review,evidence_registry,Auto-collected from Europe PMC; requires manual review.,auto_search_expansion,2026-06-06
EUROPEPMC:41374064,literature,PubMed,41374064,https://europepmc.org/article/MED/41374064,10.3390/nu17233774,41374064,Marine-Algal-Derived Postbiotics Modulating the Gut Microbiota-Adipose Tissue Axis in Obesity: A New Frontier.,2025,Nutrients,needs_manual_review,evidence_registry,Auto-collected from Europe PMC; requires manual review.,auto_search_expansion,2026-06-06
EUROPEPMC:41692128,literature,PubMed,41692128,https://europepmc.org/article/MED/41692128,10.1016/j.advnut.2026.100605,41692128,Diet and Exercise Interventions in Pediatric Cancer Survivors and Effects on Cardiometabolic Disease Risk and Inflammaging Biomarkers: A Systematic Review.,2026,Adv Nutr,needs_manual_review,evidence_registry,Auto-collected from Europe PMC; requires manual review.,auto_search_expansion,2026-06-06
EUROPEPMC:41555705,literature,PubMed,41555705,https://europepmc.org/article/MED/41555705,10.1002/mnfr.70385,41555705,Programming the Infant Gut: How Maternal and Early Life Nutrition Shape the Infant Microbiome and Long-term Health-A Narrative Review.,2026,Mol Nutr Food Res,needs_manual_review,evidence_registry,Auto-collected from Europe PMC; requires manual review.,auto_search_expansion,2026-06-06
EUROPEPMC:41228562,literature,PubMed,41228562,https://europepmc.org/article/MED/41228562,10.3390/nu17213491,41228562,"Dietary Interventions in Metabolic Dysfunction-Associated Steatotic Liver Disease: A Narrative Review of Evidence, Mechanisms, and Translational Challenges.",2025,Nutrients,needs_manual_review,evidence_registry,Auto-collected from Europe PMC; requires manual review.,auto_search_expansion,2026-06-06
EUROPEPMC:42186275,literature,PubMed,42186275,https://europepmc.org/article/MED/42186275,10.1093/nutrit/nuaf176,42186275,Spices Beyond Antioxidants: From the Gut to the Brain.,2026,Nutr Rev,needs_manual_review,evidence_registry,Auto-collected from Europe PMC; requires manual review.,auto_search_expansion,2026-06-06
EUROPEPMC:40673005,literature,PubMed,40673005,https://europepmc.org/article/MED/40673005,10.3389/fcimb.2025.1546627,40673005,The role of probiotics in adolescents' obesity.,2025,Front Cell Infect Microbiol,needs_manual_review,evidence_registry,Auto-collected from Europe PMC; requires manual review.,auto_search_expansion,2026-06-06
EUROPEPMC:41515205,literature,PubMed,41515205,https://europepmc.org/article/MED/41515205,10.3390/nu18010089,41515205,Modulating the Gut Microbiome in Type 2 Diabetes: Nutritional and Therapeutic Strategies.,2025,Nutrients,needs_manual_review,evidence_registry,Auto-collected from Europe PMC; requires manual review.,auto_search_expansion,2026-06-06
EUROPEPMC:41323139,literature,PubMed,41323139,https://europepmc.org/article/MED/41323139,10.29219/fnr.v69.11956,41323139,Diet and nutrition key factors for oral microbiota composition: a systematic review.,2025,Food Nutr Res,needs_manual_review,evidence_registry,Auto-collected from Europe PMC; requires manual review.,auto_search_expansion,2026-06-06
EUROPEPMC:41103651,literature,PubMed,41103651,https://europepmc.org/article/MED/41103651,10.3389/fendo.2025.1669716,41103651,"Insulin resistance, metabolic syndrome and polycystic ovaries: an intriguing conundrum.",2025,Front Endocrinol (Lausanne),needs_manual_review,evidence_registry,Auto-collected from Europe PMC; requires manual review.,auto_search_expansion,2026-06-06
EUROPEPMC:40917104,literature,PubMed,40917104,https://europepmc.org/article/MED/40917104,10.1210/jendso/bvaf130,40917104,Exploring the Role of the Gut Microbiome Across the Lifespan: Implications for Aging and Metabolic Disorders.,2025,J Endocr Soc,needs_manual_review,evidence_registry,Auto-collected from Europe PMC; requires manual review.,auto_search_expansion,2026-06-06
EUROPEPMC:41228392,literature,PubMed,41228392,https://europepmc.org/article/MED/41228392,10.3390/nu17213320,41228392,Nutrition and Gut Microbiome in the Prevention of Food Allergy.,2025,Nutrients,needs_manual_review,evidence_registry,Auto-collected from Europe PMC; requires manual review.,auto_search_expansion,2026-06-06
EUROPEPMC:41787017,literature,PubMed,41787017,https://europepmc.org/article/MED/41787017,10.1007/s00018-026-06129-w,41787017,The gut as a central hub for multi-organ crosstalk in aging.,2026,Cell Mol Life Sci,needs_manual_review,evidence_registry,Auto-collected from Europe PMC; requires manual review.,auto_search_expansion,2026-06-06
EUROPEPMC:40895298,literature,PubMed,40895298,https://europepmc.org/article/MED/40895298,10.3389/fcimb.2025.1627206,40895298,Meta-analysis of probiotic metabolites in the prevention of gestational weight gain and postpartum weight retention.,2025,Front Cell Infect Microbiol,needs_manual_review,evidence_registry,Auto-collected from Europe PMC; requires manual review.,auto_search_expansion,2026-06-06
EUROPEPMC:42133449,literature,PubMed,42133449,https://europepmc.org/article/MED/42133449,10.1080/19490976.2026.2673888,42133449,Parental microbiome programming of early-life neurodevelopment: multi-niche contributions through the microbiome-gut-brain axis.,2026,Gut Microbes,needs_manual_review,evidence_registry,Auto-collected from Europe PMC; requires manual review.,auto_search_expansion,2026-06-06
EUROPEPMC:42197020,literature,PubMed,42197020,https://europepmc.org/article/MED/42197020,10.3390/nu18101562,42197020,Leveraging Dietary Interventions to Benefit Patients with Hematologic Malignancies and Clonal Hematopoiesis.,2026,Nutrients,needs_manual_review,evidence_registry,Auto-collected from Europe PMC; requires manual review.,auto_search_expansion,2026-06-06
EUROPEPMC:41011021,literature,PubMed,41011021,https://europepmc.org/article/MED/41011021,10.3390/medicina61091630,41011021,The Gut Microbiota Axis in Social Jetlag: A Novel Framework for Metabolic Dysfunction and Chronotherapeutic Innovation.,2025,Medicina (Kaunas),needs_manual_review,evidence_registry,Auto-collected from Europe PMC; requires manual review.,auto_search_expansion,2026-06-06
EUROPEPMC:40362845,literature,PubMed,40362845,https://europepmc.org/article/MED/40362845,10.3390/nu17091535,40362845,The Influences of Oral Probiotics on the Immunometabolic Response During Pregnancy and Lactation: A Systematic Review.,2025,Nutrients,needs_manual_review,evidence_registry,Auto-collected from Europe PMC; requires manual review.,auto_search_expansion,2026-06-06
EUROPEPMC:41783752,literature,PubMed,41783752,https://europepmc.org/article/MED/41783752,10.2147/ijwh.s589117,41783752,Gut Microbiota Has the Potential to Improve Sarcopenic Obesity in Menopausal Women by Regulating Estrogen.,2026,Int J Womens Health,needs_manual_review,evidence_registry,Auto-collected from Europe PMC; requires manual review.,auto_search_expansion,2026-06-06
EUROPEPMC:41302164,literature,PubMed,41302164,https://europepmc.org/article/MED/41302164,10.3390/life15111740,41302164,Probiotics and Phytoantioxidants Target Coronary Endothelial Dysfunction in Irregular Sleep- and Obesity-Associated Cardiometabolic Syndrome.,2025,Life (Basel),needs_manual_review,evidence_registry,Auto-collected from Europe PMC; requires manual review.,auto_search_expansion,2026-06-06
EUROPEPMC:41734872,literature,PubMed,41734872,https://europepmc.org/article/MED/41734872,10.1016/j.advnut.2026.100610,41734872,"Gut Microbiome-Associated Effects of Plant-Based Diets on Glucose Homeostasis, Body Composition, and Cognitive Function: A Scoping Review.",2026,Adv Nutr,needs_manual_review,evidence_registry,Auto-collected from Europe PMC; requires manual review.,auto_search_expansion,2026-06-06
EUROPEPMC:41373658,literature,PubMed,41373658,https://europepmc.org/article/MED/41373658,10.3390/ijms262311503,41373658,Gut Microbiota and Short-Chain Fatty Acids: Key Factors in Pediatric Obesity and Therapeutic Targets.,2025,Int J Mol Sci,needs_manual_review,evidence_registry,Auto-collected from Europe PMC; requires manual review.,auto_search_expansion,2026-06-06
EUROPEPMC:41377049,literature,PubMed,41377049,https://europepmc.org/article/MED/41377049,10.3389/fmicb.2025.1659783,41377049,"Gut microbiota dysbiosis in polycystic ovary syndrome: focus on diet, probiotics, and traditional Chinese medicine.",2025,Front Microbiol,needs_manual_review,evidence_registry,Auto-collected from Europe PMC; requires manual review.,auto_search_expansion,2026-06-06
EUROPEPMC:40557239,literature,PubMed,40557239,https://europepmc.org/article/MED/40557239,10.3389/fnut.2025.1603490,40557239,The impact of butyrate on glycemic control in animals and humans: a comprehensive semi-systemic review.,2025,Front Nutr,needs_manual_review,evidence_registry,Auto-collected from Europe PMC; requires manual review.,auto_search_expansion,2026-06-06
EUROPEPMC:40871398,literature,PubMed,40871398,https://europepmc.org/article/MED/40871398,10.3390/microorganisms13081894,40871398,Therapeutic Potential of Probiotics in Metabolic Dysfunction-Associated Steatohepatitis: A Comprehensive Review.,2025,Microorganisms,needs_manual_review,evidence_registry,Auto-collected from Europe PMC; requires manual review.,auto_search_expansion,2026-06-06
EUROPEPMC:41814326,literature,PubMed,41814326,https://europepmc.org/article/MED/41814326,10.1186/s12986-026-01101-8,41814326,Effects of synbiotic supplementation on metabolic profiles in children with obesity: a randomized double-blinded placebo-controlled trial.,2026,Nutr Metab (Lond),needs_manual_review,evidence_registry,Auto-collected from Europe PMC; requires manual review.,auto_search_expansion,2026-06-06
EUROPEPMC:41677879,literature,PubMed,41677879,https://europepmc.org/article/MED/41677879,10.1007/s00394-026-03900-4,41677879,Soy and the gut microbiome: a bi-directional relationship shaping nutrition and health.,2026,Eur J Nutr,needs_manual_review,evidence_registry,Auto-collected from Europe PMC; requires manual review.,auto_search_expansion,2026-06-06
EUROPEPMC:41883787,literature,PubMed,41883787,https://europepmc.org/article/MED/41883787,10.3389/fmicb.2026.1782361,41883787,Maternal probiotic and prebiotic supplementation on glucose metabolism in pregnant women and their offspring: effects and related mechanisms.,2026,Front Microbiol,needs_manual_review,evidence_registry,Auto-collected from Europe PMC; requires manual review.,auto_search_expansion,2026-06-06
EUROPEPMC:40913714,literature,PubMed,40913714,https://europepmc.org/article/MED/40913714,10.1007/s12602-025-10680-6,40913714,"Bridging the Gut Microbiota and the Brain, Kidney, and Cardiovascular Health: The Role of Probiotics.",2026,Probiotics Antimicrob Proteins,needs_manual_review,evidence_registry,Auto-collected from Europe PMC; requires manual review.,auto_search_expansion,2026-06-06
EUROPEPMC:40827948,literature,PubMed,40827948,https://europepmc.org/article/MED/40827948,10.1530/ec-25-0219,40827948,Long-term efficacy of dapagliflozin combined with Bifidobacterium triple viable tablets on metabolic syndrome and gut microbiota in overweight/obese patients with type 2 diabetes.,2025,Endocr Connect,needs_manual_review,evidence_registry,Auto-collected from Europe PMC; requires manual review.,auto_search_expansion,2026-06-06
EUROPEPMC:41346361,literature,PubMed,41346361,https://europepmc.org/article/MED/41346361,10.3389/fcimb.2025.1680840,41346361,Effect of probiotic-derived metabolites on hormonal and metabolic profiles in women with polycystic ovary syndrome: a systematic review and meta-analysis.,2025,Front Cell Infect Microbiol,needs_manual_review,evidence_registry,Auto-collected from Europe PMC; requires manual review.,auto_search_expansion,2026-06-06
EUROPEPMC:41884636,literature,PubMed,41884636,https://europepmc.org/article/MED/41884636,10.3389/fcvm.2026.1757348,41884636,"Engineered bacteria: a novel era for metabolic, cardiovascular and cerebrovascular diseases therapy.",2026,Front Cardiovasc Med,needs_manual_review,evidence_registry,Auto-collected from Europe PMC; requires manual review.,auto_search_expansion,2026-06-06
EUROPEPMC:42196944,literature,PubMed,42196944,https://europepmc.org/article/MED/42196944,10.3390/nu18101483,42196944,The Gut Microbiota-Polyphenol-NLRP3 Inflammasome Axis: A Key Regulatory Network Linking Diet to Chronic Inflammation.,2026,Nutrients,needs_manual_review,evidence_registry,Auto-collected from Europe PMC; requires manual review.,auto_search_expansion,2026-06-06
EUROPEPMC:42073437,literature,PubMed,42073437,https://europepmc.org/article/MED/42073437,10.3390/life16040628,42073437,Postbiotics as Emerging Strategy Targeting Obesity- and Aging-Related Breast Cancer-Prospects in Prophylaxis and Therapy.,2026,Life (Basel),needs_manual_review,evidence_registry,Auto-collected from Europe PMC; requires manual review.,auto_search_expansion,2026-06-06
EUROPEPMC:41683196,literature,PubMed,41683196,https://europepmc.org/article/MED/41683196,10.3390/nu18030372,41683196,"Prebiotics and Gut Health: Mechanisms, Clinical Evidence, and Future Directions.",2026,Nutrients,needs_manual_review,evidence_registry,Auto-collected from Europe PMC; requires manual review.,auto_search_expansion,2026-06-06
EUROPEPMC:40832705,literature,PubMed,40832705,https://europepmc.org/article/MED/40832705,10.1002/oby.24340,40832705,"Evolution of multidisciplinary obesity treatments: past, present, and future role of nutrition.",2025,Obesity (Silver Spring),needs_manual_review,evidence_registry,Auto-collected from Europe PMC; requires manual review.,auto_search_expansion,2026-06-06
EUROPEPMC:41769660,literature,PubMed,41769660,https://europepmc.org/article/MED/41769660,10.3389/fnut.2026.1729480,41769660,Retrospective insights into probiotic and prebiotic interventions: associations with gut microbiota profiles and nutritional outcomes.,2026,Front Nutr,needs_manual_review,evidence_registry,Auto-collected from Europe PMC; requires manual review.,auto_search_expansion,2026-06-06
EUROPEPMC:41640966,literature,PubMed,41640966,https://europepmc.org/article/MED/41640966,10.4254/wjh.v18.i1.111211,41640966,Fighting the epidemic of pediatric metabolic dysfunction-associated steatotic liver disease: Role of non-invasive diagnostics and early pharmacological intervention.,2026,World J Hepatol,needs_manual_review,evidence_registry,Auto-collected from Europe PMC; requires manual review.,auto_search_expansion,2026-06-06
EUROPEPMC:40400804,literature,PubMed,40400804,https://europepmc.org/article/MED/40400804,10.7759/cureus.82613,40400804,"Impact of a Probiotic-Fiber Blend on Body Weight, Metabolic Regulation, and Digestive Function in Obese Adults: A Randomized, Placebo-Controlled, Multicentric Trial.",2025,Cureus,needs_manual_review,evidence_registry,Auto-collected from Europe PMC; requires manual review.,auto_search_expansion,2026-06-06
EUROPEPMC:41063745,literature,PubMed,41063745,https://europepmc.org/article/MED/41063745,10.1002/fsn3.71061,41063745,Synergistic Effects of Bioactive Compounds on Human Adiposity Mechanisms of Fat Loss and Fat Accumulation.,2025,Food Sci Nutr,needs_manual_review,evidence_registry,Auto-collected from Europe PMC; requires manual review.,auto_search_expansion,2026-06-06
EUROPEPMC:42063421,literature,PubMed,42063421,https://europepmc.org/article/MED/42063421,10.3389/fvets.2026.1817504,42063421,The perinatal microbiota in dogs and cats: a narrative review from human research to veterinary practice.,2026,Front Vet Sci,needs_manual_review,evidence_registry,Auto-collected from Europe PMC; requires manual review.,auto_search_expansion,2026-06-06
EUROPEPMC:40601234,literature,PubMed,40601234,https://europepmc.org/article/MED/40601234,10.1007/s11154-025-09977-2,40601234,"Emerging evidence and potential avenues to achieve durable outcomes in patients with obesity: the confluence of nutrition, and Microbiome on body composition.",2025,Rev Endocr Metab Disord,needs_manual_review,evidence_registry,Auto-collected from Europe PMC; requires manual review.,auto_search_expansion,2026-06-06
EUROPEPMC:41297880,literature,PubMed,41297880,https://europepmc.org/article/MED/41297880,10.1016/j.molmet.2025.102289,41297880,"The role of the gut non-bacterial microbiome (virome, mycobiome, archaeome) and its impact on obesity.",2026,Mol Metab,needs_manual_review,evidence_registry,Auto-collected from Europe PMC; requires manual review.,auto_search_expansion,2026-06-06
EUROPEPMC:39997751,literature,PubMed,39997751,https://europepmc.org/article/MED/39997751,10.3390/metabo15020127,39997751,Therapeutic Strategies to Modulate Gut Microbial Health: Approaches for Chronic Metabolic Disorder Management.,2025,Metabolites,needs_manual_review,evidence_registry,Auto-collected from Europe PMC; requires manual review.,auto_search_expansion,2026-06-06
EUROPEPMC:41156763,literature,PubMed,41156763,https://europepmc.org/article/MED/41156763,10.3390/microorganisms13102303,41156763,Probiotic Supplementation and Inflammatory Status in Coronary Artery Disease: A Systematic Review and Meta-Analysis.,2025,Microorganisms,needs_manual_review,evidence_registry,Auto-collected from Europe PMC; requires manual review.,auto_search_expansion,2026-06-06
EUROPEPMC:41517125,literature,PubMed,41517125,https://europepmc.org/article/MED/41517125,10.3390/foods15010060,41517125,Clinical Potential of <i>Curcuma longa</i> Linn. as Nutraceutical/Dietary Supplement for Metabolic Syndrome: Systematic Review and Meta-Analysis of Randomized Controlled Trials.,2025,Foods,needs_manual_review,evidence_registry,Auto-collected from Europe PMC; requires manual review.,auto_search_expansion,2026-06-06
EUROPEPMC:40362809,literature,PubMed,40362809,https://europepmc.org/article/MED/40362809,10.3390/nu17091499,40362809,Small Intestinal Bacterial Overgrowth and Pediatric Obesity-A Systematic Review.,2025,Nutrients,needs_manual_review,evidence_registry,Auto-collected from Europe PMC; requires manual review.,auto_search_expansion,2026-06-06
EUROPEPMC:40459043,literature,PubMed,40459043,https://europepmc.org/article/MED/40459043,10.1080/14796694.2024.2438594,40459043,Review of potential anti-cancer properties of lactobacilli against breast cancer.,2026,Future Oncol,needs_manual_review,evidence_registry,Auto-collected from Europe PMC; requires manual review.,auto_search_expansion,2026-06-06
EUROPEPMC:41783897,literature,PubMed,41783897,https://europepmc.org/article/MED/41783897,10.1515/mr-2025-0048,41783897,"Obesity: current developments in mechanisms, diagnosis, classification and the evolution of personalized management.",2026,Med Rev (2021),needs_manual_review,evidence_registry,Auto-collected from Europe PMC; requires manual review.,auto_search_expansion,2026-06-06
EUROPEPMC:41769608,literature,PubMed,41769608,https://europepmc.org/article/MED/41769608,10.7759/cureus.102520,41769608,Multispecies Probiotic Supplementation in Chronic Kidney Disease (CKD): Insights From Indian Nephrology Experts.,2026,Cureus,needs_manual_review,evidence_registry,Auto-collected from Europe PMC; requires manual review.,auto_search_expansion,2026-06-06
EUROPEPMC:41870630,literature,PubMed,41870630,https://europepmc.org/article/MED/41870630,10.1007/s00784-026-06826-7,41870630,Sex-specific differences in salivary microbiota composition and their associations with metabolic health in adults with excess body weight: a secondary cross-sectional analysis.,2026,Clin Oral Investig,needs_manual_review,evidence_registry,Auto-collected from Europe PMC; requires manual review.,auto_search_expansion,2026-06-06
EUROPEPMC:40735396,literature,PubMed,40735396,https://europepmc.org/article/MED/40735396,10.1002/fsn3.70434,40735396,"The Effects of Probiotics Consumption on Blood Pressure, Lipid Profile, Glycemic Indices, and Inflammatory Parameters in Overweight and Obese Adults: A Systematic Review and Meta-Analysis of Randomized Controlled Trials.",2025,Food Sci Nutr,needs_manual_review,evidence_registry,Auto-collected from Europe PMC; requires manual review.,auto_search_expansion,2026-06-06
EUROPEPMC:42123101,literature,PubMed,42123101,https://europepmc.org/article/MED/42123101,10.3390/jcm15093369,42123101,Lifestyle Interventions in Patients in Active Surveillance for Prostate Cancer: A Systematic Review.,2026,J Clin Med,needs_manual_review,evidence_registry,Auto-collected from Europe PMC; requires manual review.,auto_search_expansion,2026-06-06
EUROPEPMC:40647044,literature,PubMed,40647044,https://europepmc.org/article/MED/40647044,10.3390/foods14132292,40647044,Fermented Foods as Functional Systems: Microbial Communities and Metabolites Influencing Gut Health and Systemic Outcomes.,2025,Foods,needs_manual_review,evidence_registry,Auto-collected from Europe PMC; requires manual review.,auto_search_expansion,2026-06-06
EUROPEPMC:41901072,literature,PubMed,41901072,https://europepmc.org/article/MED/41901072,10.3390/nu18060898,41901072,Linking Obesity and Depression Through the Gut-Brain Axis: The Impact of Short-Chain Fatty Acids and Inflammation.,2026,Nutrients,needs_manual_review,evidence_registry,Auto-collected from Europe PMC; requires manual review.,auto_search_expansion,2026-06-06
EUROPEPMC:40993787,literature,PubMed,40993787,https://europepmc.org/article/MED/40993787,10.1186/s12967-025-07064-3,40993787,"Synbiotics in Alzheimer's disease: mechanisms, clinical evidence, and therapeutic prospects.",2025,J Transl Med,needs_manual_review,evidence_registry,Auto-collected from Europe PMC; requires manual review.,auto_search_expansion,2026-06-06
EUROPEPMC:40507152,literature,PubMed,40507152,https://europepmc.org/article/MED/40507152,10.3390/nu17111883,40507152,The Role of Gut Microbiota in Pediatric Obesity and Metabolic Disorders: Insights from a Comprehensive Review.,2025,Nutrients,needs_manual_review,evidence_registry,Auto-collected from Europe PMC; requires manual review.,auto_search_expansion,2026-06-06
EUROPEPMC:PMC12938230,literature,publisher supplementary data,PMC12938230,,,,"Interplay of Microbiome, Oxidative Stress and Inflammation in Health and Disease",2026,Antioxidants (Basel),needs_manual_review,evidence_registry,Auto-collected from Europe PMC; requires manual review.,auto_search_expansion,2026-06-06
EUROPEPMC:41507594,literature,PubMed,41507594,https://europepmc.org/article/MED/41507594,10.1007/s00198-025-07801-w,41507594,"Impact of probiotic, prebiotic, and synbiotic supplementation on the gut microbiome in older adults with sarcopenia, obesity, and sarcopenic obesity.",2026,Osteoporos Int,needs_manual_review,evidence_registry,Auto-collected from Europe PMC; requires manual review.,auto_search_expansion,2026-06-06
EUROPEPMC:42196590,literature,PubMed,42196590,https://europepmc.org/article/MED/42196590,10.3390/ijms27104613,42196590,Bioactive-Supplemented Infant Formulas and Early Gut-Immune-Endocrine Development: A Narrative Review.,2026,Int J Mol Sci,needs_manual_review,evidence_registry,Auto-collected from Europe PMC; requires manual review.,auto_search_expansion,2026-06-06
EUROPEPMC:42197000,literature,PubMed,42197000,https://europepmc.org/article/MED/42197000,10.3390/nu18101540,42197000,Gut Microbiome Dysbiosis in Metabolic Syndrome: Current Evidence and Emerging Perspectives.,2026,Nutrients,needs_manual_review,evidence_registry,Auto-collected from Europe PMC; requires manual review.,auto_search_expansion,2026-06-06
EUROPEPMC:40987620,literature,PubMed,40987620,https://europepmc.org/article/MED/40987620,10.1016/j.orcp.2025.08.010,40987620,Can pre-/pro and synbiotics affect cardiovascular risk factors in children and adolescence with overweight and obesity? A grade-assessed systematic review and meta-analysis of randomized controlled trials.,2025,Obes Res Clin Pract,needs_manual_review,evidence_registry,Auto-collected from Europe PMC; requires manual review.,auto_search_expansion,2026-06-06
EUROPEPMC:PMC12937403,literature,publisher supplementary data,PMC12937403,,,,"Multi-Species Synbiotic Supplementation After Antibiotics Promotes Recovery of Microbial Diversity and Function, and Increases Gut Barrier Integrity: A Randomized, Placebo-Controlled Trial",2026,Antibiotics (Basel),needs_manual_review,evidence_registry,Auto-collected from Europe PMC; requires manual review.,auto_search_expansion,2026-06-06
EUROPEPMC:42221399,literature,PubMed,42221399,https://europepmc.org/article/MED/42221399,10.1016/j.aed.2025.11.015,42221399,Harnessing Microbiome Therapy to Treat Metabolic Syndrome.,2026,AACE Endocrinol Diabetes,needs_manual_review,evidence_registry,Auto-collected from Europe PMC; requires manual review.,auto_search_expansion,2026-06-06
EUROPEPMC:42079325,literature,PubMed,42079325,https://europepmc.org/article/MED/42079325,10.1002/fsn3.71856,42079325,"Dietary Polyphenols in Non-Communicable Chronic Diseases: Neuro-Enteric Mechanisms, Multi-Omics Biomarkers and Translational Opportunities.",2026,Food Sci Nutr,needs_manual_review,evidence_registry,Auto-collected from Europe PMC; requires manual review.,auto_search_expansion,2026-06-06
EUROPEPMC:41978103,literature,PubMed,41978103,https://europepmc.org/article/MED/41978103,10.3390/nu18071052,41978103,"Diet, the Gut Microbiome, and Estrogen Physiology: A Review in Menopausal Health and Interventions.",2026,Nutrients,needs_manual_review,evidence_registry,Auto-collected from Europe PMC; requires manual review.,auto_search_expansion,2026-06-06
EUROPEPMC:42015346,literature,PubMed,42015346,https://europepmc.org/article/MED/42015346,10.1080/19490976.2026.2644677,42015346,Gut microbiome and metabolic health: mechanisms and precision interventions.,2026,Gut Microbes,needs_manual_review,evidence_registry,Auto-collected from Europe PMC; requires manual review.,auto_search_expansion,2026-06-06
EUROPEPMC:42180583,literature,PubMed,42180583,https://europepmc.org/article/MED/42180583,10.3389/fnut.2026.1779954,42180583,Impact of probiotics and prebiotics on glucose/lipid metabolism in metabolic dysfunction-associated steatotic liver disease: mechanisms and implications.,2026,Front Nutr,needs_manual_review,evidence_registry,Auto-collected from Europe PMC; requires manual review.,auto_search_expansion,2026-06-06
EUROPEPMC:40944126,literature,PubMed,40944126,https://europepmc.org/article/MED/40944126,10.3390/nu17172734,40944126,"Multi-Species Synbiotic Supplementation Enhances Gut Microbial Diversity, Increases Urolithin A and Butyrate Production, and Reduces Inflammation in Healthy Adults: A Randomized, Placebo-Controlled Trial.",2025,Nutrients,needs_manual_review,evidence_registry,Auto-collected from Europe PMC; requires manual review.,auto_search_expansion,2026-06-06
EUROPEPMC:41479668,literature,PubMed,41479668,https://europepmc.org/article/MED/41479668,10.3389/fnut.2025.1716791,41479668,"Postbiotics in pediatric clinical practice: position paper from Special Group of Latin American Society of Pediatric Gastroenterology, Hepatology and Nutrition (LASPGHAN).",2025,Front Nutr,needs_manual_review,evidence_registry,Auto-collected from Europe PMC; requires manual review.,auto_search_expansion,2026-06-06
EUROPEPMC:41425618,literature,PubMed,41425618,https://europepmc.org/article/MED/41425618,10.3389/fnut.2025.1670598,41425618,"Nutritional strategies in supporting immune checkpoint inhibitor, PI3K inhibitor, and tyrosine kinase inhibitor cancer therapies.",2025,Front Nutr,needs_manual_review,evidence_registry,Auto-collected from Europe PMC; requires manual review.,auto_search_expansion,2026-06-06
EUROPEPMC:42228606,literature,PubMed,42228606,https://europepmc.org/article/MED/42228606,10.1080/19490976.2026.2681763,42228606,Microbial shifts in early life: the pediatric gut microbiome and its role in health and disease.,2026,Gut Microbes,needs_manual_review,evidence_registry,Auto-collected from Europe PMC; requires manual review.,auto_search_expansion,2026-06-06
EUROPEPMC:41377642,literature,PubMed,41377642,https://europepmc.org/article/MED/41377642,10.17925/hi.2025.19.2.3,41377642,"Gut Microbiome and Cardiovascular Health: Mechanisms, Therapeutic Potential and Future Directions.",2025,Heart Int,needs_manual_review,evidence_registry,Auto-collected from Europe PMC; requires manual review.,auto_search_expansion,2026-06-06
EUROPEPMC:41246285,literature,PubMed,41246285,https://europepmc.org/article/MED/41246285,10.3389/fmedt.2025.1695329,41246285,Microbiome-based therapeutics for metabolic disorders: harnessing microbial intrusions for treatment.,2025,Front Med Technol,needs_manual_review,evidence_registry,Auto-collected from Europe PMC; requires manual review.,auto_search_expansion,2026-06-06
EUROPEPMC:41215695,literature,PubMed,41215695,https://europepmc.org/article/MED/41215695,10.1080/20565623.2025.2583020,41215695,"Gut microbiome, stress and interventional strategies using hardy animals.",2025,Future Sci OA,needs_manual_review,evidence_registry,Auto-collected from Europe PMC; requires manual review.,auto_search_expansion,2026-06-06
EUROPEPMC:40900844,literature,PubMed,40900844,https://europepmc.org/article/MED/40900844,10.5662/wjm.v15.i4.104664,40900844,Current state of nutritional psychiatry: A scoping review of randomized controlled trials.,2025,World J Methodol,needs_manual_review,evidence_registry,Auto-collected from Europe PMC; requires manual review.,auto_search_expansion,2026-06-06
EUROPEPMC:41612500,literature,PubMed,41612500,https://europepmc.org/article/MED/41612500,10.1186/s40001-026-03901-3,41612500,Multi-strain synbiotic and lifestyle modifications on patients with metabolic dysfunction-associated steatotic liver disease (MASLD): a randomized double-blinded placebo-controlled trial.,2026,Eur J Med Res,needs_manual_review,evidence_registry,Auto-collected from Europe PMC; requires manual review.,auto_search_expansion,2026-06-06
EUROPEPMC:40861839,literature,PubMed,40861839,https://europepmc.org/article/MED/40861839,10.30476/ijms.2024.102363.3525,40861839,"The Effects of Prebiotic Dietary Fibers, Probiotics, and Synbiotics on Gut Permeability and Immunity: A Systematic Review.",2025,Iran J Med Sci,needs_manual_review,evidence_registry,Auto-collected from Europe PMC; requires manual review.,auto_search_expansion,2026-06-06
EUROPEPMC:40825779,literature,PubMed,40825779,https://europepmc.org/article/MED/40825779,10.1038/s41538-025-00539-z,40825779,Synbiotic yogurt with nanoparticle entrapped rice straw hemicellulose for immediate probiotic support and prebiotic delivery.,2025,NPJ Sci Food,needs_manual_review,evidence_registry,Auto-collected from Europe PMC; requires manual review.,auto_search_expansion,2026-06-06
EUROPEPMC:41798990,literature,PubMed,41798990,https://europepmc.org/article/MED/41798990,10.3389/frtra.2026.1703048,41798990,Microbiota management: a perspective for kidney transplant patients.,2026,Front Transplant,needs_manual_review,evidence_registry,Auto-collected from Europe PMC; requires manual review.,auto_search_expansion,2026-06-06
EUROPEPMC:41276282,literature,PubMed,41276282,https://europepmc.org/article/MED/41276282,,41276282,Aging and the microbiome: implications for health and disease.,2026,BMB Rep,needs_manual_review,evidence_registry,Auto-collected from Europe PMC; requires manual review.,auto_search_expansion,2026-06-06
EUROPEPMC:40386633,literature,PubMed,40386633,https://europepmc.org/article/MED/40386633,10.1007/s13205-025-04341-2,40386633,Unveiling probiotic and prebiotic functional dairy foods: a health beneficial outlook.,2025,3 Biotech,needs_manual_review,evidence_registry,Auto-collected from Europe PMC; requires manual review.,auto_search_expansion,2026-06-06
EUROPEPMC:PMC12942818,literature,publisher supplementary data,PMC12942818,,,,Early-Life β-Lactam Exposure and the Developing Microbiome: Clinical Relevance and Controversies,2026,Microorganisms,needs_manual_review,evidence_registry,Auto-collected from Europe PMC; requires manual review.,auto_search_expansion,2026-06-06
EUROPEPMC:41239457,literature,PubMed,41239457,https://europepmc.org/article/MED/41239457,10.1186/s12967-025-07345-x,41239457,"Modulating effects of microbiota on synbiotic intervention outcomes for microbiota-derived trimethylamine, trimethylamine N-oxide and indoxyl sulfate in healthy young medical students: insights from a 12-week randomized clinical trial.",2025,J Transl Med,needs_manual_review,evidence_registry,Auto-collected from Europe PMC; requires manual review.,auto_search_expansion,2026-06-06
EUROPEPMC:41178959,literature,PubMed,41178959,https://europepmc.org/article/MED/41178959,10.3389/fmicb.2025.1651965,41178959,"A comprehensive overview of the effects of probiotics, prebiotics and synbiotics on the gut-brain axis.",2025,Front Microbiol,needs_manual_review,evidence_registry,Auto-collected from Europe PMC; requires manual review.,auto_search_expansion,2026-06-06
EUROPEPMC:41392266,literature,PubMed,41392266,https://europepmc.org/article/MED/41392266,10.1038/s41598-025-32893-z,41392266,Lactiplantibacillus plantarum from Thai fermented pork with inulin ameliorates metabolic disturbances through proteomic mechanisms.,2025,Sci Rep,needs_manual_review,evidence_registry,Auto-collected from Europe PMC; requires manual review.,auto_search_expansion,2026-06-06
EUROPEPMC:40650060,literature,PubMed,40650060,https://europepmc.org/article/MED/40650060,10.3390/ijms26136282,40650060,Using Gut Microbiota Modulation as a Precision Strategy Against Obesity.,2025,Int J Mol Sci,needs_manual_review,evidence_registry,Auto-collected from Europe PMC; requires manual review.,auto_search_expansion,2026-06-06
EUROPEPMC:40735439,literature,PubMed,40735439,https://europepmc.org/article/MED/40735439,10.3389/fmed.2025.1620247,40735439,Gut microbiome remodeling in chronic kidney disease: implications of kidney replacement therapies and therapeutic interventions.,2025,Front Med (Lausanne),needs_manual_review,evidence_registry,Auto-collected from Europe PMC; requires manual review.,auto_search_expansion,2026-06-06
EUROPEPMC:42074174,literature,PubMed,42074174,https://europepmc.org/article/MED/42074174,10.3390/ijms27083531,42074174,Gut-Brain Signaling in Parkinson's Disease: A Narrative Review.,2026,Int J Mol Sci,needs_manual_review,evidence_registry,Auto-collected from Europe PMC; requires manual review.,auto_search_expansion,2026-06-06
EUROPEPMC:42063761,literature,PubMed,42063761,https://europepmc.org/article/MED/42063761,10.3389/fmed.2026.1767462,42063761,"Interplay between circadian rhythms, gut microbiota, and MASLD: from mechanistic foundations to therapeutic opportunities.",2026,Front Med (Lausanne),needs_manual_review,evidence_registry,Auto-collected from Europe PMC; requires manual review.,auto_search_expansion,2026-06-06
EUROPEPMC:40861487,literature,PubMed,40861487,https://europepmc.org/article/MED/40861487,10.3389/fcimb.2025.1603442,40861487,Microbiota and enteric nervous system crosstalk in diabetic gastroenteropathy: bridging mechanistic insights to microbiome-based therapies.,2025,Front Cell Infect Microbiol,needs_manual_review,evidence_registry,Auto-collected from Europe PMC; requires manual review.,auto_search_expansion,2026-06-06
EUROPEPMC:41599753,literature,PubMed,41599753,https://europepmc.org/article/MED/41599753,10.3390/ph19010157,41599753,Synergistic Effects of Plant Polysaccharides and Probiotics: A Novel Dietary Approach for Parkinson's Disease Intervention.,2026,Pharmaceuticals (Basel),needs_manual_review,evidence_registry,Auto-collected from Europe PMC; requires manual review.,auto_search_expansion,2026-06-06
EUROPEPMC:40841439,literature,PubMed,40841439,https://europepmc.org/article/MED/40841439,10.1038/s41598-025-16611-3,40841439,"Inulin supplementation improves some inflammatory indices, clinical outcomes, and quality of life in rheumatoid arthritis patients.",2025,Sci Rep,needs_manual_review,evidence_registry,Auto-collected from Europe PMC; requires manual review.,auto_search_expansion,2026-06-06
EUROPEPMC:40872654,literature,PubMed,40872654,https://europepmc.org/article/MED/40872654,10.3390/vetsci12080703,40872654,A Review of Probiotic Supplementation and Its Impact on the Health and Well-Being of Domestic Cats.,2025,Vet Sci,needs_manual_review,evidence_registry,Auto-collected from Europe PMC; requires manual review.,auto_search_expansion,2026-06-06
EUROPEPMC:40893881,literature,PubMed,40893881,https://europepmc.org/article/MED/40893881,10.3389/fmed.2025.1618275,40893881,"Metabolic Dysfunction-Associated Steatotic Liver Disease (MASLD): the interplay of gut microbiome, insulin resistance, and diabetes.",2025,Front Med (Lausanne),needs_manual_review,evidence_registry,Auto-collected from Europe PMC; requires manual review.,auto_search_expansion,2026-06-06
EUROPEPMC:40649724,literature,PubMed,40649724,https://europepmc.org/article/MED/40649724,10.3390/ijms26135944,40649724,Gut Microbiota and Liver Health: Meta-Analysis of <i>Bifidobacterium</i>-Containing Probiotics in NAFLD Management.,2025,Int J Mol Sci,needs_manual_review,evidence_registry,Auto-collected from Europe PMC; requires manual review.,auto_search_expansion,2026-06-06
EUROPEPMC:38341803,literature,PubMed,38341803,https://europepmc.org/article/MED/38341803,10.1093/nutrit/nuae002,38341803,The effect of oral synbiotics on the gut microbiota and inflammatory biomarkers in healthy adults: a systematic review and meta-analysis.,2025,Nutr Rev,needs_manual_review,evidence_registry,Auto-collected from Europe PMC; requires manual review.,auto_search_expansion,2026-06-06
EUROPEPMC:42146054,literature,PubMed,42146054,https://europepmc.org/article/MED/42146054,10.3389/fmicb.2026.1795152,42146054,Microecological modulators-new perspectives for treating sex hormone disorders.,2026,Front Microbiol,needs_manual_review,evidence_registry,Auto-collected from Europe PMC; requires manual review.,auto_search_expansion,2026-06-06
EUROPEPMC:42137352,literature,PubMed,42137352,https://europepmc.org/article/MED/42137352,10.3389/fendo.2026.1767726,42137352,Gut microbiota orchestrates bone homeostasis: a multi-pathway network from intestine to skeleton.,2026,Front Endocrinol (Lausanne),needs_manual_review,evidence_registry,Auto-collected from Europe PMC; requires manual review.,auto_search_expansion,2026-06-06
EUROPEPMC:41898712,literature,PubMed,41898712,https://europepmc.org/article/MED/41898712,10.3390/ijms27062853,41898712,"GLP-1 Receptor Agonists at the Crossroads of Circadian Biology, Sleep, and Metabolic Disease.",2026,Int J Mol Sci,needs_manual_review,evidence_registry,Auto-collected from Europe PMC; requires manual review.,auto_search_expansion,2026-06-06
EUROPEPMC:40943539,literature,PubMed,40943539,https://europepmc.org/article/MED/40943539,10.3390/ijms26178622,40943539,The Emerging Role of the Gut Microbiome in Cerebral Cavernous Malformation: A New Novel Therapeutic Strategy?,2025,Int J Mol Sci,needs_manual_review,evidence_registry,Auto-collected from Europe PMC; requires manual review.,auto_search_expansion,2026-06-06
EUROPEPMC:40137132,literature,PubMed,40137132,https://europepmc.org/article/MED/40137132,10.3390/metabo15030167,40137132,The Functions of Major Gut Microbiota in Obesity and Type 2 Diabetes.,2025,Metabolites,needs_manual_review,evidence_registry,Auto-collected from Europe PMC; requires manual review.,auto_search_expansion,2026-06-06
EUROPEPMC:41544710,literature,PubMed,41544710,https://europepmc.org/article/MED/41544710,10.1016/j.advnut.2026.100593,41544710,Limited Evidence of Benefits from Clinical Trials of Human-Identical Milk Oligosaccharides for Infants.,2026,Adv Nutr,needs_manual_review,evidence_registry,Auto-collected from Europe PMC; requires manual review.,auto_search_expansion,2026-06-06
EUROPEPMC:40732011,literature,PubMed,40732011,https://europepmc.org/article/MED/40732011,10.3390/microorganisms13071504,40732011,Microbiota-A Rescuing Modulator in Children Struggling with Functional Constipation.,2025,Microorganisms,needs_manual_review,evidence_registry,Auto-collected from Europe PMC; requires manual review.,auto_search_expansion,2026-06-06
EUROPEPMC:42131237,literature,PubMed,42131237,https://europepmc.org/article/MED/42131237,10.3389/fnut.2026.1778473,42131237,Gut microbiota-liver-kidney axis in diabetic kidney disease: mechanistic insights into amino acid metabolism and nutritional intervention strategies targeting natural bioactive compounds.,2026,Front Nutr,needs_manual_review,evidence_registry,Auto-collected from Europe PMC; requires manual review.,auto_search_expansion,2026-06-06
EUROPEPMC:41341415,literature,PubMed,41341415,https://europepmc.org/article/MED/41341415,10.1002/hsr2.71564,41341415,Dysbiosis and Therapeutic Modulation of the Gut Microbiota in Multiple Sclerosis: A Narrative Review.,2025,Health Sci Rep,needs_manual_review,evidence_registry,Auto-collected from Europe PMC; requires manual review.,auto_search_expansion,2026-06-06
EUROPEPMC:41869364,literature,PubMed,41869364,https://europepmc.org/article/MED/41869364,10.3389/fimmu.2026.1714515,41869364,Psoriasis: microbiome dysbiosis and pathogenic mechanisms.,2026,Front Immunol,needs_manual_review,evidence_registry,Auto-collected from Europe PMC; requires manual review.,auto_search_expansion,2026-06-06
EUROPEPMC:40647296,literature,PubMed,40647296,https://europepmc.org/article/MED/40647296,10.3390/nu17132193,40647296,Impact of Probiotic/Synbiotic Supplementation on Post-Bariatric Surgery Anthropometric and Cardiometabolic Outcomes: An Updated Systematic Review and Meta-Analysis of Randomized Controlled Trials.,2025,Nutrients,needs_manual_review,evidence_registry,Auto-collected from Europe PMC; requires manual review.,auto_search_expansion,2026-06-06
EUROPEPMC:PMC13032950,literature,publisher supplementary data,PMC13032950,,,,The Role of Gut Microbiota in Postmenopausal Women: Implications for Lipid Metabolism and Targeted Nutritional Interventions,2026,Curr Nutr Rep,needs_manual_review,evidence_registry,Auto-collected from Europe PMC; requires manual review.,auto_search_expansion,2026-06-06
EUROPEPMC:40815418,literature,PubMed,40815418,https://europepmc.org/article/MED/40815418,10.1007/s00198-025-07650-7,40815418,"A randomized, double-blind, placebo-controlled clinical study to evaluate the efficacy of the synbiotic medical food, SBD111, for the clinical dietary management of bone loss in menopausal women.",2025,Osteoporos Int,needs_manual_review,evidence_registry,Auto-collected from Europe PMC; requires manual review.,auto_search_expansion,2026-06-06
EUROPEPMC:40606926,literature,PubMed,40606926,https://europepmc.org/article/MED/40606926,10.4254/wjh.v17.i6.106849,40606926,"Gut microbiota in non-alcoholic fatty liver disease: Pathophysiology, diagnosis, and therapeutics.",2025,World J Hepatol,needs_manual_review,evidence_registry,Auto-collected from Europe PMC; requires manual review.,auto_search_expansion,2026-06-06
EUROPEPMC:40573072,literature,PubMed,40573072,https://europepmc.org/article/MED/40573072,10.3390/nu17121961,40573072,Kidney-Gut Axis in Chronic Kidney Disease: Therapeutic Perspectives from Microbiota Modulation and Nutrition.,2025,Nutrients,needs_manual_review,evidence_registry,Auto-collected from Europe PMC; requires manual review.,auto_search_expansion,2026-06-06
EUROPEPMC:39958467,literature,PubMed,39958467,https://europepmc.org/article/MED/39958467,10.1016/j.jacbts.2024.11.008,39958467,Synbiotics and Gut-Heart Axis in Cardiometabolic Disease.,2025,JACC Basic Transl Sci,needs_manual_review,evidence_registry,Auto-collected from Europe PMC; requires manual review.,auto_search_expansion,2026-06-06
EUROPEPMC:39915586,literature,PubMed,39915586,https://europepmc.org/article/MED/39915586,10.1038/s41430-025-01571-8,39915586,Restoration of gut microbiota with a specific synbiotic-containing infant formula in healthy Chinese infants born by cesarean section.,2025,Eur J Clin Nutr,needs_manual_review,evidence_registry,Auto-collected from Europe PMC; requires manual review.,auto_search_expansion,2026-06-06
EUROPEPMC:41522487,literature,PubMed,41522487,https://europepmc.org/article/MED/41522487,10.1096/fba.2025-00218,41522487,"The Gut Microbiota-Insulin Resistance Axis: Mechanisms, Clinical Implications, and Therapeutic Potential.",2026,FASEB Bioadv,needs_manual_review,evidence_registry,Auto-collected from Europe PMC; requires manual review.,auto_search_expansion,2026-06-06
EUROPEPMC:39649015,literature,PubMed,39649015,https://europepmc.org/article/MED/39649015,10.3390/gidisord6040056,39649015,Impact of Probiotics and Prebiotics on Gut Microbiome and Hormonal Regulation.,2024,Gastrointest Disord (Basel),needs_manual_review,evidence_registry,Auto-collected from Europe PMC; requires manual review.,auto_search_expansion,2026-06-06
EUROPEPMC:40943409,literature,PubMed,40943409,https://europepmc.org/article/MED/40943409,10.3390/ijms26178488,40943409,"Gut Microbiota-Derived Metabolites in Atherosclerosis: Pathways, Biomarkers, and Targets.",2025,Int J Mol Sci,needs_manual_review,evidence_registry,Auto-collected from Europe PMC; requires manual review.,auto_search_expansion,2026-06-06
EUROPEPMC:40847749,literature,PubMed,40847749,https://europepmc.org/article/MED/40847749,10.1002/advs.202504249,40847749,The Interplay between the Gut and Ketogenic Diets in Health and Disease.,2025,Adv Sci (Weinh),needs_manual_review,evidence_registry,Auto-collected from Europe PMC; requires manual review.,auto_search_expansion,2026-06-06
EUROPEPMC:41239321,literature,PubMed,41239321,https://europepmc.org/article/MED/41239321,10.1186/s12967-025-07279-4,41239321,Harnessing the microbiota-gut-brain axis to prevent and treat pediatric neurodevelopmental disorders: translational insights and strategies.,2025,J Transl Med,needs_manual_review,evidence_registry,Auto-collected from Europe PMC; requires manual review.,auto_search_expansion,2026-06-06
EUROPEPMC:41170737,literature,PubMed,41170737,https://europepmc.org/article/MED/41170737,10.3892/mmr.2025.13733,41170737,The gut‑bone‑cartilage triad: Microbial regulation of the Wnt/β‑catenin signaling pathway in osteoarthritis joint remodeling (Review).,2026,Mol Med Rep,needs_manual_review,evidence_registry,Auto-collected from Europe PMC; requires manual review.,auto_search_expansion,2026-06-06
EUROPEPMC:42198214,literature,PubMed,42198214,https://europepmc.org/article/MED/42198214,10.3390/pharmaceutics18050520,42198214,Edible Plant-Derived Exosome-like Nanoparticles as Prebiotic Nanocarriers: Gut Microbiota Modulation and Functional Food Potential.,2026,Pharmaceutics,needs_manual_review,evidence_registry,Auto-collected from Europe PMC; requires manual review.,auto_search_expansion,2026-06-06
EUROPEPMC:40572244,literature,PubMed,40572244,https://europepmc.org/article/MED/40572244,10.3390/microorganisms13061356,40572244,Modulating the Gut-Muscle Axis: Increasing SCFA-Producing Gut Microbiota Commensals and Decreasing Endotoxin Production to Mitigate Cancer Cachexia.,2025,Microorganisms,needs_manual_review,evidence_registry,Auto-collected from Europe PMC; requires manual review.,auto_search_expansion,2026-06-06
EUROPEPMC:41762317,literature,PubMed,41762317,https://europepmc.org/article/MED/41762317,10.1007/s11011-026-01798-9,41762317,The relationship between gut microbiota and neurodegenerative diseases: a genetic and epigenetic perspective.,2026,Metab Brain Dis,needs_manual_review,evidence_registry,Auto-collected from Europe PMC; requires manual review.,auto_search_expansion,2026-06-06
EUROPEPMC:41424975,literature,PubMed,41424975,https://europepmc.org/article/MED/41424975,10.2147/ijgm.s551494,41424975,The Gut-Liver Axis: Molecular Mechanisms and Therapeutic Targeting in Liver Disease.,2025,Int J Gen Med,needs_manual_review,evidence_registry,Auto-collected from Europe PMC; requires manual review.,auto_search_expansion,2026-06-06
EUROPEPMC:42091844,literature,PubMed,42091844,https://europepmc.org/article/MED/42091844,10.1007/s11695-026-08706-1,42091844,"Probiotic Effect on Quality of Life, Bowel Habits and Weight Loss after Different Types of Bariatric Surgeries, a Randomized Controlled Trial.",2026,Obes Surg,needs_manual_review,evidence_registry,Auto-collected from Europe PMC; requires manual review.,auto_search,2026-05-26
EUROPEPMC:42065141,literature,PubMed,42065141,https://europepmc.org/article/MED/42065141,10.1177/1096620x261448041,42065141,"Effects of <i>Lactiplantibacillus Plantarum</i> KABP051 Probiotic on Body Composition, Microbiome and Mood in Healthy Overweight Adults.",2026,J Med Food,needs_manual_review,evidence_registry,Auto-collected from Europe PMC; requires manual review.,auto_search,2026-05-26
EUROPEPMC:42108208,literature,PubMed,42108208,https://europepmc.org/article/MED/42108208,10.1093/nutrit/nuag048,42108208,Comparative Efficacy of Probiotics for the Treatment of Obesity: A Systematic Review and Network Meta-analysis.,2026,Nutr Rev,needs_manual_review,evidence_registry,Auto-collected from Europe PMC; requires manual review.,auto_search,2026-05-26
EUROPEPMC:41921070,literature,PubMed,41921070,https://europepmc.org/article/MED/41921070,10.1093/lambio/ovag041,41921070,Anti-obesity effects of probiotics beyond BMI: a critical review of human clinical trials.,2026,Lett Appl Microbiol,needs_manual_review,evidence_registry,Auto-collected from Europe PMC; requires manual review.,auto_search,2026-05-26
EUROPEPMC:41938967,literature,PubMed,41938967,https://europepmc.org/article/MED/41938967,10.3389/fpubh.2026.1767108,41938967,Efficacy of probiotic supplementation for body weight management in overweight and obese adults: a meta-analysis of randomized controlled trials predominantly from East Asia.,2026,Front Public Health,needs_manual_review,evidence_registry,Auto-collected from Europe PMC; requires manual review.,auto_search,2026-05-26
EUROPEPMC:PMC13093803,literature,publisher supplementary data,PMC13093803,,,,"Lipid stress evolved, microbiome‐based probiotics reduce lipid uptake in mice",2026,Bioeng Transl Med,needs_manual_review,evidence_registry,Auto-collected from Europe PMC; requires manual review.,auto_search,2026-05-26
EUROPEPMC:41906418,literature,PubMed,41906418,https://europepmc.org/article/MED/41906418,10.1080/19490976.2026.2647535,41906418,Dysregulated eating behaviour and microbiota-based interventions targeting eating disorders and food addiction.,2026,Gut Microbes,needs_manual_review,evidence_registry,Auto-collected from Europe PMC; requires manual review.,auto_search,2026-05-26
EUROPEPMC:41822330,literature,PubMed,41822330,https://europepmc.org/article/MED/41822330,10.3389/fcimb.2026.1705021,41822330,Gut microbiota in obesity management: from microbial clocks to precision microbial therapies.,2026,Front Cell Infect Microbiol,needs_manual_review,evidence_registry,Auto-collected from Europe PMC; requires manual review.,auto_search,2026-05-26
EUROPEPMC:41978101,literature,PubMed,41978101,https://europepmc.org/article/MED/41978101,10.3390/nu18071050,41978101,Energy-Metabolism-Enhancing Probiotics Enhance the Therapeutic Response to a Glucagon-like Peptide-1 Receptor Agonist.,2026,Nutrients,needs_manual_review,evidence_registry,Auto-collected from Europe PMC; requires manual review.,auto_search,2026-05-26
EUROPEPMC:41717546,literature,PubMed,41717546,https://europepmc.org/article/MED/41717546,10.3389/fendo.2026.1680182,41717546,The effect of combining surgical or endoscopic bariatric interventions with anti-obesity medication or probiotics on weight loss: a narrative review.,2026,Front Endocrinol (Lausanne),needs_manual_review,evidence_registry,Auto-collected from Europe PMC; requires manual review.,auto_search,2026-05-26
EUROPEPMC:10.21203/rs.3.rs-9134629/v1,literature,publisher supplementary data,10.21203/rs.3.rs-9134629/v1,,10.21203/rs.3.rs-9134629/v1,,Blood drops to gut maps: dried blood spot metabolomics infers gut microbiome composition and guides probiotic intervention in metabolic disease,2026,,needs_manual_review,evidence_registry,Auto-collected from Europe PMC; requires manual review.,auto_search,2026-05-26
EUROPEPMC:10.21203/rs.3.rs-8449196/v1,literature,publisher supplementary data,10.21203/rs.3.rs-8449196/v1,,10.21203/rs.3.rs-8449196/v1,,"Probiotic Effect on Quality of Life, Bowel Habits and Weight Loss after Different Types of Bariatric Surgeries, a Randomized Controlled Trial",2026,,needs_manual_review,evidence_registry,Auto-collected from Europe PMC; requires manual review.,auto_search,2026-05-26
EUROPEPMC:42051485,literature,PubMed,42051485,https://europepmc.org/article/MED/42051485,10.3389/fimmu.2026.1803488,42051485,Targeted regulation of adipose tissue macrophages from an immunometabolic perspective: a novel therapeutic approach for obesity-related metabolic disorders.,2026,Front Immunol,needs_manual_review,evidence_registry,Auto-collected from Europe PMC; requires manual review.,auto_search,2026-05-26
EUROPEPMC:41990710,literature,PubMed,41990710,https://europepmc.org/article/MED/41990710,10.1016/j.canep.2026.103079,41990710,Maternal obesity and the intergenerational risk of cancer: Epidemiologic evidence and mechanistic insights.,2026,Cancer Epidemiol,needs_manual_review,evidence_registry,Auto-collected from Europe PMC; requires manual review.,auto_search,2026-05-26
EUROPEPMC:10.64898/2026.04.01.715546,literature,publisher supplementary data,10.64898/2026.04.01.715546,,10.64898/2026.04.01.715546,,<i>Saccharomyces boulardii</i> attenuates obesity-associated inflammation and weight gain through coordinated gut ecosystem remodeling,2026,,needs_manual_review,evidence_registry,Auto-collected from Europe PMC; requires manual review.,auto_search,2026-05-26
EUROPEPMC:42016853,literature,PubMed,42016853,https://europepmc.org/article/MED/42016853,10.1002/btm2.70122,42016853,"Lipid stress evolved, microbiome-based probiotics reduce lipid uptake in mice.",2026,Bioeng Transl Med,needs_manual_review,evidence_registry,Auto-collected from Europe PMC; requires manual review.,auto_search,2026-05-26
EUROPEPMC:41594449,literature,PubMed,41594449,https://europepmc.org/article/MED/41594449,10.3390/ani16020259,41594449,<i>Bifidobacterium animalis</i> Subspecies <i>lactis</i> CECT 8145 Affects Markers of Metabolic Health in Dogs During Weight Gain and Weight Loss.,2026,Animals (Basel),needs_manual_review,evidence_registry,Auto-collected from Europe PMC; requires manual review.,auto_search,2026-05-26
EUROPEPMC:41596930,literature,PubMed,41596930,https://europepmc.org/article/MED/41596930,10.3390/foods15020332,41596930,<i>Lacticaseibacillus rhamnosus</i> CU262 Attenuates High-Fat Diet-Induced Obesity via Gut-Liver Axis Reprogramming.,2026,Foods,needs_manual_review,evidence_registry,Auto-collected from Europe PMC; requires manual review.,auto_search,2026-05-26
EUROPEPMC:42072163,literature,PubMed,42072163,https://europepmc.org/article/MED/42072163,10.3390/antiox15040522,42072163,"Microbiota-Gut-Brain Axis Disruption, Neuroinflammation, and Potential Antioxidant-Based Treatments in Metabolic Diseases.",2026,Antioxidants (Basel),needs_manual_review,evidence_registry,Auto-collected from Europe PMC; requires manual review.,auto_search,2026-05-26
EUROPEPMC:41372103,literature,PubMed,41372103,https://europepmc.org/article/MED/41372103,10.1111/obr.70037,41372103,Impacts of Lifestyle and Microbiota-Targeted Interventions for Overweight and Obesity on the Human Gut Microbiome: A Systematic Review.,2026,Obes Rev,needs_manual_review,evidence_registry,Auto-collected from Europe PMC; requires manual review.,auto_search,2026-05-26
EUROPEPMC:41987929,literature,PubMed,41987929,https://europepmc.org/article/MED/41987929,10.3389/fnins.2026.1791299,41987929,The impact of the Lab4 probiotic on neurodegenerative processes in a murine Alzheimer's disease model.,2026,Front Neurosci,needs_manual_review,evidence_registry,Auto-collected from Europe PMC; requires manual review.,auto_search,2026-05-26
EUROPEPMC:41373952,literature,PubMed,41373952,https://europepmc.org/article/MED/41373952,10.3390/nu17233661,41373952,Obesity and Diabetes in Mexico: An Approach to the Intestinal Microbiota.,2025,Nutrients,needs_manual_review,evidence_registry,Auto-collected from Europe PMC; requires manual review.,auto_search,2026-05-26
EUROPEPMC:41804549,literature,PubMed,41804549,https://europepmc.org/article/MED/41804549,10.1080/19585969.2026.2637716,41804549,Unravelling the role of the gut microbiome in antipsychotic-induced weight gain and metabolic dysfunction in humans and rodents: A systematic review.,2026,Dialogues Clin Neurosci,needs_manual_review,evidence_registry,Auto-collected from Europe PMC; requires manual review.,auto_search,2026-05-26
EUROPEPMC:42074987,literature,PubMed,42074987,https://europepmc.org/article/MED/42074987,10.3390/nu18081174,42074987,"A Randomized, Double-Blind, Placebo-Controlled Study to Evaluate the Effect of <i>Limosilactobacillus fermentum</i> K8-Lb1 Postbiotic on Weight Management and Metabolic Health Outcomes.",2026,Nutrients,needs_manual_review,evidence_registry,Auto-collected from Europe PMC; requires manual review.,auto_search,2026-05-26
EUROPEPMC:41599808,literature,PubMed,41599808,https://europepmc.org/article/MED/41599808,10.3390/nu18020195,41599808,About Unsuccessful Responders to Diet and Physical Activity Interventions: A Focus on Energy Balance and Body-Weight Loss.,2026,Nutrients,needs_manual_review,evidence_registry,Auto-collected from Europe PMC; requires manual review.,auto_search,2026-05-26
EUROPEPMC:42052391,literature,PubMed,42052391,https://europepmc.org/article/MED/42052391,10.3389/fmicb.2026.1791192,42052391,Distinct effects of a dairy probiotic drink and physical exercise on gut microbiota in pediatric acute lymphoblastic leukemia patients in remission: a randomized clinical trial.,2026,Front Microbiol,needs_manual_review,evidence_registry,Auto-collected from Europe PMC; requires manual review.,auto_search,2026-05-26
EUROPEPMC:41788730,literature,PubMed,41788730,https://europepmc.org/article/MED/41788730,10.3389/fmed.2026.1728174,41788730,Impact of sleeve gastrectomy on bone metabolism in obese patients: from mechanisms to clinical prevention.,2026,Front Med (Lausanne),needs_manual_review,evidence_registry,Auto-collected from Europe PMC; requires manual review.,auto_search,2026-05-26
EUROPEPMC:42158523,literature,PubMed,42158523,https://europepmc.org/article/MED/42158523,10.2147/ijn.s607382,42158523,"Nanobiotic-Enhanced Probiotics for Targeted Gut Delivery: Mechanisms, Therapeutic Applications, and Translational Challenges.",2026,Int J Nanomedicine,needs_manual_review,evidence_registry,Auto-collected from Europe PMC; requires manual review.,auto_search,2026-05-26
EUROPEPMC:40851363,literature,PubMed,40851363,https://europepmc.org/article/MED/40851363,10.1080/07853890.2025.2551284,40851363,The effect of probiotics on weight management in patients with severe obesity undergoing metabolic and bariatric surgery: a systematic review and meta-analysis.,2025,Ann Med,needs_manual_review,evidence_registry,Auto-collected from Europe PMC; requires manual review.,auto_search,2026-05-26
EUROPEPMC:41601941,literature,PubMed,41601941,https://europepmc.org/article/MED/41601941,10.3389/fendo.2025.1754430,41601941,Case Report: Lifestyle changes and probiotic supplementation for improving longstanding type 2 diabetes in a male undergoing testosterone replacement therapy.,2025,Front Endocrinol (Lausanne),needs_manual_review,evidence_registry,Auto-collected from Europe PMC; requires manual review.,auto_search,2026-05-26
EUROPEPMC:41901168,literature,PubMed,41901168,https://europepmc.org/article/MED/41901168,10.3390/nu18060993,41901168,Anti-Obesogenic Effects of Culinary Herbs Through Modulation of Inflammation and Metabolic Pathways.,2026,Nutrients,needs_manual_review,evidence_registry,Auto-collected from Europe PMC; requires manual review.,auto_search,2026-05-26
EUROPEPMC:41971399,literature,PubMed,41971399,https://europepmc.org/article/MED/41971399,10.1016/j.fochx.2026.103798,41971399,Fermentation method outweighs geographic origin in shaping kefir's <i>in vitro</i> anti-obesity potential and probiotic properties.,2026,Food Chem X,needs_manual_review,evidence_registry,Auto-collected from Europe PMC; requires manual review.,auto_search,2026-05-26
EUROPEPMC:41776555,literature,PubMed,41776555,https://europepmc.org/article/MED/41776555,10.1186/s13048-025-01959-x,41776555,"Gut microbiota, a new approach to management of polycystic ovary syndrome: a systematic review, meta-analysis and meta-evidence of 26 randomized controlled trials.",2026,J Ovarian Res,needs_manual_review,evidence_registry,Auto-collected from Europe PMC; requires manual review.,auto_search,2026-05-26
EUROPEPMC:42116047,literature,PubMed,42116047,https://europepmc.org/article/MED/42116047,10.1186/s12986-026-01124-1,42116047,"Probiotic Bifidobacterium bifidum BGN4 supplementation modulates gut microbiome composition and reduces circulating zonulin, TNFα, and insulin in adults with excess adiposity: a randomized, double-blind, placebo-controlled trial.",2026,Nutr Metab (Lond),needs_manual_review,evidence_registry,Auto-collected from Europe PMC; requires manual review.,auto_search_expansion,2026-06-06
EUROPEPMC:41599863,literature,PubMed,41599863,https://europepmc.org/article/MED/41599863,10.3390/nu18020250,41599863,"Efficacy and Safety of CKDB-322, a Combination of <i>Lactiplantibacillus plantarum</i> Q180 and <i>Phaeodactylum tricornutum</i>, for Reducing Body Fat and Abdominal Adiposity in Overweight Adults.",2026,Nutrients,needs_manual_review,evidence_registry,Auto-collected from Europe PMC; requires manual review.,auto_search_expansion,2026-06-06
EUROPEPMC:42193472,literature,PubMed,42193472,https://europepmc.org/article/MED/42193472,10.3390/biomedicines14051147,42193472,Metabolic Dysfunction-Associated Steatotic Liver Disease: An Update Narrative Review of the Therapeutic Potential of Combining Probiotics and Metformin.,2026,Biomedicines,needs_manual_review,evidence_registry,Auto-collected from Europe PMC; requires manual review.,auto_search_expansion,2026-06-06
EUROPEPMC:41512635,literature,PubMed,41512635,https://europepmc.org/article/MED/41512635,10.1016/j.clnu.2025.106560,41512635,"Effects of a novel synbiotic intervention on abdominal visceral fat reductions and gut microbiota in overweight and obese adults: A randomized, double-blind, placebo-controlled trial.",2026,Clin Nutr,needs_manual_review,evidence_registry,Auto-collected from Europe PMC; requires manual review.,auto_search_expansion,2026-06-06
EUROPEPMC:41852479,literature,PubMed,41852479,https://europepmc.org/article/MED/41852479,10.3389/fendo.2026.1765741,41852479,Multi-strain probiotic reduces gastrointestinal side effects in women with elevated HOMA-IR index treated with metformin: a 12-week randomised controlled trial.,2026,Front Endocrinol (Lausanne),needs_manual_review,evidence_registry,Auto-collected from Europe PMC; requires manual review.,auto_search_expansion,2026-06-06
EUROPEPMC:41080326,literature,PubMed,41080326,https://europepmc.org/article/MED/41080326,10.7759/cureus.92020,41080326,Gut Microbiota Modulation in Type 2 Diabetes and Cardiometabolic Risk: A Systematic Review.,2025,Cureus,needs_manual_review,evidence_registry,Auto-collected from Europe PMC; requires manual review.,auto_search_expansion,2026-06-06
EUROPEPMC:42077461,literature,PubMed,42077461,https://europepmc.org/article/MED/42077461,10.3389/fendo.2026.1806638,42077461,Faecal microbiota transplantation and glucolipid metabolic disorders: the interventional role of gut microbiota.,2026,Front Endocrinol (Lausanne),needs_manual_review,evidence_registry,Auto-collected from Europe PMC; requires manual review.,auto_search_expansion,2026-06-06
EUROPEPMC:41736436,literature,PubMed,41736436,https://europepmc.org/article/MED/41736436,10.19852/j.cnki.jtcm.2026.01.019,41736436,Combined acupuncture and herb treatment improves intestinal flora inabdominally obese subjects based on 16s rRNA sequencing: a randomized controlled trial.,2026,J Tradit Chin Med,needs_manual_review,evidence_registry,Auto-collected from Europe PMC; requires manual review.,auto_search_expansion,2026-06-06
EUROPEPMC:41978175,literature,PubMed,41978175,https://europepmc.org/article/MED/41978175,10.3390/nu18071126,41978175,Upcycled Orange Peel Ingredients for Gastrointestinal and Cardiometabolic Health: A Scoping Review and Market Perspectives.,2026,Nutrients,needs_manual_review,evidence_registry,Auto-collected from Europe PMC; requires manual review.,auto_search_expansion,2026-06-06
EUROPEPMC:PMC12986909,literature,publisher supplementary data,PMC12986909,,,,Green Tea Catechin Plus Inulin Improves Insulin Resistance Without Reducing Visceral Fat and Shows Exploratory Gut Microbiota Signals in Adults with Visceral Obesity: A Double-Blind Randomized Controlled Trial,2026,Nutrients,needs_manual_review,evidence_registry,Auto-collected from Europe PMC; requires manual review.,auto_search_expansion,2026-06-06
EUROPEPMC:42197276,literature,PubMed,42197276,https://europepmc.org/article/MED/42197276,10.3390/molecules31101722,42197276,"Combined Probiotic <i>Lactiplantibacillus plantarum</i> ECGC 13110402 and Plant Sterol Supplement May Improve Lipids and Gut Microbiota in Coeliac Adults: A Randomised, Placebo-Controlled Pilot Human Intervention Study.",2026,Molecules,needs_manual_review,evidence_registry,Auto-collected from Europe PMC; requires manual review.,auto_search_expansion,2026-06-06
EUROPEPMC:41782088,literature,PubMed,41782088,https://europepmc.org/article/MED/41782088,10.1186/s12902-025-02153-2,41782088,"The relationship between intestinal flora and androgen level, glucose and lipid metabolism, inflammatory response and reproductive hormones: a systematic review and meta-analysis.",2026,BMC Endocr Disord,needs_manual_review,evidence_registry,Auto-collected from Europe PMC; requires manual review.,auto_search_expansion,2026-06-06
EUROPEPMC:41567324,literature,PubMed,41567324,https://europepmc.org/article/MED/41567324,10.3389/fnut.2025.1717047,41567324,The effect of probiotic supplementation on perceived stress and bowel function in healthy young adults: evidence from a randomized controlled trial in Makkah.,2025,Front Nutr,needs_manual_review,evidence_registry,Auto-collected from Europe PMC; requires manual review.,auto_search_expansion,2026-06-06
EUROPEPMC:40676704,literature,PubMed,40676704,https://europepmc.org/article/MED/40676704,10.1186/s12986-025-00969-2,40676704,"Multi-omics analyses the effect of Bifidobacterium longum subsp. longum BL21 supplementation on overweight and obese subjects: a randomized, double-blind, placebo-controlled study.",2025,Nutr Metab (Lond),needs_manual_review,evidence_registry,Auto-collected from Europe PMC; requires manual review.,auto_search_expansion,2026-06-06
EUROPEPMC:41068905,literature,PubMed,41068905,https://europepmc.org/article/MED/41068905,10.1186/s12937-025-01217-2,41068905,"12-week preoperative probiotic supplementation versus placebo: effects on inflammation, endotoxemia, adipokines, and gastrointestinal peptides in patients six months after bariatric surgery - a double-blind, randomized, placebo-controlled clinical trial.",2025,Nutr J,needs_manual_review,evidence_registry,Auto-collected from Europe PMC; requires manual review.,auto_search_expansion,2026-06-06
EUROPEPMC:41799504,literature,PubMed,41799504,https://europepmc.org/article/MED/41799504,10.32604/or.2025.070281,41799504,The Role of the Gut Microbiome in Clinical Outcomes of Colorectal Cancer: A Systematic Review (2020-2025).,2026,Oncol Res,needs_manual_review,evidence_registry,Auto-collected from Europe PMC; requires manual review.,auto_search_expansion,2026-06-06
EUROPEPMC:42158814,literature,PubMed,42158814,https://europepmc.org/article/MED/42158814,10.7150/ijms.125881,42158814,"The Effects of a Prebiotic Formula Promoting <i>Akkermansia muciniphila</i> (AKK) on Gut Health: A Single-Centre, Randomised Controlled Trial.",2026,Int J Med Sci,needs_manual_review,evidence_registry,Auto-collected from Europe PMC; requires manual review.,auto_search_expansion,2026-06-06
EUROPEPMC:41494682,literature,PubMed,41494682,https://europepmc.org/article/MED/41494682,10.7570/jomes25045,41494682,The Effects of Probiotic Yogurt and Resistance Training on Body Composition and Metabolic Parameters in Post-bariatric Surgery Patients: A Randomized Controlled Trial.,2026,J Obes Metab Syndr,needs_manual_review,evidence_registry,Auto-collected from Europe PMC; requires manual review.,auto_search_expansion,2026-06-06
EUROPEPMC:41366779,literature,PubMed,41366779,https://europepmc.org/article/MED/41366779,10.1186/s12967-025-07478-z,41366779,"The effects of next generation probiotics on metabolic dysfunction-associated steatotic liver disease: a parallel, double-blind, randomized, placebo-controlled trial.",2025,J Transl Med,needs_manual_review,evidence_registry,Auto-collected from Europe PMC; requires manual review.,auto_search_expansion,2026-06-06
EUROPEPMC:41718117,literature,PubMed,41718117,https://europepmc.org/article/MED/41718117,10.3390/medsci14010070,41718117,"Childhood Obesity: A Multisystem Challenge Linking Hypertension, NAFLD, and Sleep Apnea.",2026,Med Sci (Basel),needs_manual_review,evidence_registry,Auto-collected from Europe PMC; requires manual review.,auto_search_expansion,2026-06-06
EUROPEPMC:41459804,literature,PubMed,41459804,https://europepmc.org/article/MED/41459804,10.1080/19490976.2025.2606473,41459804,"Effects of a slowly fermentable fiber mixture against the background of a high-protein diet on insulin sensitivity and metabolic health in individuals with overweight: a randomized, placebo-controlled trial.",2026,Gut Microbes,needs_manual_review,evidence_registry,Auto-collected from Europe PMC; requires manual review.,auto_search_expansion,2026-06-06
EUROPEPMC:40218949,literature,PubMed,40218949,https://europepmc.org/article/MED/40218949,10.3390/nu17071191,40218949,"A 12-Week, Randomized, Double-Blind, Placebo-Controlled Study to Evaluate the Efficacy and Safety of <i>Lactobacillus plantarum</i> LMT1-48 on Body Fat Loss.",2025,Nutrients,needs_manual_review,evidence_registry,Auto-collected from Europe PMC; requires manual review.,auto_search_expansion,2026-06-06
EUROPEPMC:PMC12986703,literature,publisher supplementary data,PMC12986703,,,,Neurocosmetics or Hype? Psychobiotic Potential of Strain-Specific Cosmeceuticals,2026,Nutrients,needs_manual_review,evidence_registry,Auto-collected from Europe PMC; requires manual review.,auto_search_expansion,2026-06-06
EUROPEPMC:42170578,literature,PubMed,42170578,https://europepmc.org/article/MED/42170578,10.21037/tbcr-25-41,42170578,Chemotherapy-induced peripheral neuropathy in breast cancer: a narrative review.,2026,Transl Breast Cancer Res,needs_manual_review,evidence_registry,Auto-collected from Europe PMC; requires manual review.,auto_search_expansion,2026-06-06
EUROPEPMC:41373754,literature,PubMed,41373754,https://europepmc.org/article/MED/41373754,10.3390/ijms262311602,41373754,<i>Akkermansia muciniphila</i> in Metabolic Disease: Far from Perfect.,2025,Int J Mol Sci,needs_manual_review,evidence_registry,Auto-collected from Europe PMC; requires manual review.,auto_search_expansion,2026-06-06
EUROPEPMC:PMC13093847,literature,publisher supplementary data,PMC13093847,,,,"Obesity and Natural Products: Mechanisms, Therapeutic Potential, and Future Directions",2026,Food Sci Nutr,needs_manual_review,evidence_registry,Auto-collected from Europe PMC; requires manual review.,auto_search_expansion,2026-06-06
EUROPEPMC:41634593,literature,PubMed,41634593,https://europepmc.org/article/MED/41634593,10.1186/s12876-026-04618-7,41634593,Probiotics as emerging adjuncts in metabolic associated fatty liver disease therapy-a systemic review.,2026,BMC Gastroenterol,needs_manual_review,evidence_registry,Auto-collected from Europe PMC; requires manual review.,auto_search_expansion,2026-06-06
EUROPEPMC:41096891,literature,PubMed,41096891,https://europepmc.org/article/MED/41096891,10.3390/ijms26199625,41096891,Diet and Lifestyle Interventions in Metabolic Dysfunction-Associated Fatty Liver Disease: A Comprehensive Review.,2025,Int J Mol Sci,needs_manual_review,evidence_registry,Auto-collected from Europe PMC; requires manual review.,auto_search_expansion,2026-06-06
EUROPEPMC:40535952,literature,PubMed,40535952,https://europepmc.org/article/MED/40535952,10.7759/cureus.86292,40535952,The Promising Role of Probiotics in the Prevention of Cardiovascular Risk Factors and Their Implication in Reducing Coronary Artery Disease: A Literature Review.,2025,Cureus,needs_manual_review,evidence_registry,Auto-collected from Europe PMC; requires manual review.,auto_search_expansion,2026-06-06
EUROPEPMC:40409234,literature,PubMed,40409234,https://europepmc.org/article/MED/40409234,10.1016/j.clnu.2025.05.005,40409234,Effects of multi-strain probiotics supplementation on body adiposity and metabolic profile in individuals with hypertension and overweight following an energy-restricted diet: A randomized clinical trial.,2025,Clin Nutr,needs_manual_review,evidence_registry,Auto-collected from Europe PMC; requires manual review.,auto_search_expansion,2026-06-06
EUROPEPMC:41725786,literature,PubMed,41725786,https://europepmc.org/article/MED/41725786,10.1177/11786388251413658,41725786,A Probiotic Nutritional Supplement Improves Glycemic Control and Biomarkers of Metabolic Syndrome in Patients With Type 2 Diabetes Mellitus.,2026,Nutr Metab Insights,needs_manual_review,evidence_registry,Auto-collected from Europe PMC; requires manual review.,auto_search_expansion,2026-06-06
EUROPEPMC:41624202,literature,PubMed,41624202,https://europepmc.org/article/MED/41624202,10.3389/fnut.2025.1699600,41624202,Harnessing probiotic-metformin synergy: targeting the gut-microbiota metabolism axis to ameliorate polycystic ovary syndrome.,2025,Front Nutr,needs_manual_review,evidence_registry,Auto-collected from Europe PMC; requires manual review.,auto_search_expansion,2026-06-06
EUROPEPMC:41170228,literature,PubMed,41170228,https://europepmc.org/article/MED/41170228,10.7759/cureus.93506,41170228,Dietary Influence on Bacterial Vaginosis.,2025,Cureus,needs_manual_review,evidence_registry,Auto-collected from Europe PMC; requires manual review.,auto_search_expansion,2026-06-06
EUROPEPMC:41762381,literature,PubMed,41762381,https://europepmc.org/article/MED/41762381,10.1007/s13300-026-01851-x,41762381,Gut Microbiota and Metabolic Health: From Dysbiosis to Therapeutics.,2026,Diabetes Ther,needs_manual_review,evidence_registry,Auto-collected from Europe PMC; requires manual review.,auto_search_expansion,2026-06-06
EUROPEPMC:40825719,literature,PubMed,40825719,https://europepmc.org/article/MED/40825719,10.3350/cmh.2025.0718,40825719,Pediatric metabolic dysfunction-associated steatotic liver disease and the gut microbiome: from research landscape to targeted modulation.,2026,Clin Mol Hepatol,needs_manual_review,evidence_registry,Auto-collected from Europe PMC; requires manual review.,auto_search_expansion,2026-06-06
EUROPEPMC:40650397,literature,PubMed,40650397,https://europepmc.org/article/MED/40650397,10.1111/obr.13978,40650397,The Genetic Blueprint of Obesity: From Pathogenesis to Novel Therapies.,2025,Obes Rev,needs_manual_review,evidence_registry,Auto-collected from Europe PMC; requires manual review.,auto_search_expansion,2026-06-06
EUROPEPMC:41368199,literature,PubMed,41368199,https://europepmc.org/article/MED/41368199,10.1016/j.obpill.2025.100209,41368199,Dietary supplement considerations during glucagon-like Peptide-1 receptor agonist treatment: A narrative review.,2025,Obes Pillars,needs_manual_review,evidence_registry,Auto-collected from Europe PMC; requires manual review.,auto_search_expansion,2026-06-06
EUROPEPMC:40877311,literature,PubMed,40877311,https://europepmc.org/article/MED/40877311,10.1038/s41467-025-62752-4,40877311,Long-term health outcomes in adolescents with obesity treated with faecal microbiota transplantation: 4-year follow-up.,2025,Nat Commun,needs_manual_review,evidence_registry,Auto-collected from Europe PMC; requires manual review.,auto_search_expansion,2026-06-06
EUROPEPMC:42057790,literature,PubMed,42057790,https://europepmc.org/article/MED/42057790,10.3389/fmicb.2026.1782016,42057790,The impact of antibiotic exposure on obesity and metabolic phenotypes via the gut microbiota.,2026,Front Microbiol,needs_manual_review,evidence_registry,Auto-collected from Europe PMC; requires manual review.,auto_search_supplement,2026-06-06
EUROPEPMC:41413231,literature,PubMed,41413231,https://europepmc.org/article/MED/41413231,10.1038/s41387-025-00408-4,41413231,"The promising effects of a multi-species synbiotic preparation on metabolic profile in elderly patients with type 2 diabetes and high cardiovascular risk: a randomized, triple-blind, placebo-controlled trial.",2025,Nutr Diabetes,needs_manual_review,evidence_registry,Auto-collected from Europe PMC; requires manual review.,auto_search_supplement,2026-06-06
EUROPEPMC:41599922,literature,PubMed,41599922,https://europepmc.org/article/MED/41599922,10.3390/nu18020307,41599922,Effects of Probiotic Supplementation on Mental Health and the Risk of Depression in Women with Polycystic Ovary Syndrome: A Systematic Review of Randomized Controlled Trials.,2026,Nutrients,needs_manual_review,evidence_registry,Auto-collected from Europe PMC; requires manual review.,auto_search_supplement,2026-06-06
EUROPEPMC:41455007,literature,PubMed,41455007,https://europepmc.org/article/MED/41455007,10.1007/s12602-025-10885-9,41455007,"Bifidobacterium Breve BBr60 Improves Obesity Via the Gut Microbiota-Short-Chain Fatty Acid-IL-27/GLP-1 Axis: Evidence from a Randomized, Double-Blind, Placebo-Controlled Trial.",2025,Probiotics Antimicrob Proteins,needs_manual_review,evidence_registry,Auto-collected from Europe PMC; requires manual review.,auto_search_supplement,2026-06-06
EUROPEPMC:41098558,literature,PubMed,41098558,https://europepmc.org/article/MED/41098558,10.1002/osp4.70093,41098558,Postpartum Body Composition in Women With Overweight: Associations With Diet During Pregnancy.,2025,Obes Sci Pract,needs_manual_review,evidence_registry,Auto-collected from Europe PMC; requires manual review.,auto_search_supplement,2026-06-06
EUROPEPMC:41999447,literature,PubMed,41999447,https://europepmc.org/article/MED/41999447,10.1007/s12325-026-03577-5,41999447,Reconsidering Obesity in India Through a Gut-Metabolic Lens: Mechanistic Insights and the Emerging Role of Synbiotics in Individuals with the Thin-Fat Phenotype.,2026,Adv Ther,needs_manual_review,evidence_registry,Auto-collected from Europe PMC; requires manual review.,auto_search,2026-05-26
EUROPEPMC:41721244,literature,PubMed,41721244,https://europepmc.org/article/MED/41721244,10.1186/s12866-026-04840-z,41721244,Modulation of gut-heart axis by synbiotic (Lactiplantibacillus plantarum M10 and Isomaltose) in high cholesterol diet induced atherosclerotic murine model.,2026,BMC Microbiol,needs_manual_review,evidence_registry,Auto-collected from Europe PMC; requires manual review.,auto_search,2026-05-26
EUROPEPMC:41295329,literature,PubMed,41295329,https://europepmc.org/article/MED/41295329,10.3390/metabo15110744,41295329,Personalized Delivery of Probiotics and Prebiotics via 3D Food Printing.,2025,Metabolites,needs_manual_review,evidence_registry,Auto-collected from Europe PMC; requires manual review.,auto_search,2026-05-26
EUROPEPMC:41815495,literature,PubMed,41815495,https://europepmc.org/article/MED/41815495,10.3389/fvets.2026.1759381,41815495,The importance of prebiotics in managing colic in horses: focus on <i>Akkermansia muciniphila</i> and its anti-inflammatory potential.,2026,Front Vet Sci,needs_manual_review,evidence_registry,Auto-collected from Europe PMC; requires manual review.,auto_search,2026-05-26
EUROPEPMC:42141362,literature,PubMed,42141362,https://europepmc.org/article/MED/42141362,10.1002/oby.70224,42141362,Effect of Sevelamer and B. longum on Insulin Sensitivity in Participants With Obesity: A Randomized Clinical Trial.,2026,Obesity (Silver Spring),needs_manual_review,evidence_registry,Auto-collected from Europe PMC; requires manual review.,auto_search,2026-05-26
EUROPEPMC:41308055,literature,PubMed,41308055,https://europepmc.org/article/MED/41308055,10.1177/07067437251394369,41308055,Oral Methods of Microbiota Manipulation for Depression Symptoms: A Systematic Review: Méthodes orales de manipulation du microbiote pour traiter les symptômes de dépression : Une revue systématique.,2025,Can J Psychiatry,needs_manual_review,evidence_registry,Auto-collected from Europe PMC; requires manual review.,auto_search,2026-05-26
EUROPEPMC:41120928,literature,PubMed,41120928,https://europepmc.org/article/MED/41120928,10.1186/s12866-025-04408-3,41120928,A novel synbiotic formulation prevents calcium oxalate stones by restoring gut microbiota homeostasis.,2025,BMC Microbiol,needs_manual_review,evidence_registry,Auto-collected from Europe PMC; requires manual review.,auto_search,2026-05-26
EUROPEPMC:41321404,literature,PubMed,41321404,https://europepmc.org/article/MED/41321404,10.1016/j.metop.2025.100419,41321404,"Probiotics, <i>prebiotics</i>, synbiotics, and FMT for glycemic control: A systematic review of clinical efficacy and mechanistic readouts in type 2 diabetes and related dysglycemia.",2025,Metabol Open,needs_manual_review,evidence_registry,Auto-collected from Europe PMC; requires manual review.,auto_search,2026-05-26
EUROPEPMC:41880417,literature,PubMed,41880417,https://europepmc.org/article/MED/41880417,10.1590/s0004-2803.24612025-087,41880417,EXPLORING THE IMPACT OF GUT MICROBIOTA MODULATION ON COLORECTAL CANCER THERAPY: A BIBLIOMETRIC ANALYSIS OF PROBIOTIC AND PREBIOTIC INTERVENTIONS.,2026,Arq Gastroenterol,needs_manual_review,evidence_registry,Auto-collected from Europe PMC; requires manual review.,auto_search,2026-05-26
EUROPEPMC:40952551,literature,PubMed,40952551,https://europepmc.org/article/MED/40952551,10.1007/s13668-025-00698-1,40952551,Gut Health for Two: the Critical Role of Probiotics and Prebiotics in Pregnancy and Lactation.,2025,Curr Nutr Rep,needs_manual_review,evidence_registry,Auto-collected from Europe PMC; requires manual review.,auto_search,2026-05-26
EUROPEPMC:41049923,literature,PubMed,41049923,https://europepmc.org/article/MED/41049923,10.7759/cureus.91470,41049923,Impact of COVID-19 on the Gut Microbiome: A Review.,2025,Cureus,needs_manual_review,evidence_registry,Auto-collected from Europe PMC; requires manual review.,auto_search,2026-05-26
EUROPEPMC:41516240,literature,PubMed,41516240,https://europepmc.org/article/MED/41516240,10.3390/ijms27010365,41516240,From Gut Dysbiosis to Skin Inflammation in Atopic Dermatitis: Probiotics and the Gut-Skin Axis-Clinical Outcomes and Microbiome Implications.,2025,Int J Mol Sci,needs_manual_review,evidence_registry,Auto-collected from Europe PMC; requires manual review.,auto_search,2026-05-26
EUROPEPMC:39944116,literature,PubMed,39944116,https://europepmc.org/article/MED/39944116,10.1017/gmb.2024.12,39944116,"The effect of probiotics, prebiotics and synbiotics on gut microbial community profile in overweight and obese Latin American and Caribbean populations: a systematic review of human trials.",2025,Gut Microbiome (Camb),needs_manual_review,evidence_registry,Auto-collected from Europe PMC; requires manual review.,auto_search,2026-05-26
EUROPEPMC:41841409,literature,PubMed,41841409,https://europepmc.org/article/MED/41841409,10.1002/smll.202514910,41841409,Bioengineered Probiotic-Prebiotic Hierarchical Microspheres With pH-Responsive Architecture Reprogram Immunometabolism in Obesity-Related Disorders.,2026,Small,needs_manual_review,evidence_registry,Auto-collected from Europe PMC; requires manual review.,auto_search,2026-05-26
EUROPEPMC:40764272,literature,PubMed,40764272,https://europepmc.org/article/MED/40764272,10.1080/19490976.2025.2541028,40764272,In vivo systematic analysis of microbiota-prebiotic crosstalk reveals a synbiotic that effectively ameliorates DSS-induced colitis in mice.,2025,Gut Microbes,needs_manual_review,evidence_registry,Auto-collected from Europe PMC; requires manual review.,auto_search,2026-05-26
EUROPEPMC:10.64898/2026.04.07.716956,literature,publisher supplementary data,10.64898/2026.04.07.716956,,10.64898/2026.04.07.716956,,Engineered Lactate Catabolizing Probiotics Reveal Timescale Dependent Microbiome-Host Metabolic Coupling,2026,,needs_manual_review,evidence_registry,Auto-collected from Europe PMC; requires manual review.,auto_search,2026-05-26
EUROPEPMC:41557725,literature,PubMed,41557725,https://europepmc.org/article/MED/41557725,10.1371/journal.pbio.3003617,41557725,Targeting immunometabolism in cancer through pharmacological and lifestyle interventions.,2026,PLoS Biol,needs_manual_review,evidence_registry,Auto-collected from Europe PMC; requires manual review.,auto_search,2026-05-26
EUROPEPMC:41170428,literature,PubMed,41170428,https://europepmc.org/article/MED/41170428,10.3389/fmicb.2025.1697319,41170428,"Editorial: Probiotics for global health: advances, applications and challenges.",2025,Front Microbiol,needs_manual_review,evidence_registry,Auto-collected from Europe PMC; requires manual review.,auto_search,2026-05-26
EUROPEPMC:41584438,literature,PubMed,41584438,https://europepmc.org/article/MED/41584438,10.1016/j.jff.2025.107114,41584438,"A synbiotic medical food improves gut barrier function, reduces immune responses, and inhibits osteoclast activity in models of postmenopausal bone loss aligned with clinical outcomes.",2025,J Funct Foods,needs_manual_review,evidence_registry,Auto-collected from Europe PMC; requires manual review.,auto_search,2026-05-26
EUROPEPMC:41850442,literature,PubMed,41850442,https://europepmc.org/article/MED/41850442,10.1016/j.jsbmb.2026.106998,41850442,Targeting 7-ketocholesterol-driven metabolic dysfunction in obesity: Therapeutic potential of Bifidobacterium and dietary antioxidants.,2026,J Steroid Biochem Mol Biol,needs_manual_review,evidence_registry,Auto-collected from Europe PMC; requires manual review.,auto_search,2026-05-26
EUROPEPMC:41948317,literature,PubMed,41948317,https://europepmc.org/article/MED/41948317,10.3389/fimmu.2026.1773346,41948317,Associations between periodontal disease-induced immune cell activation and energy metabolism.,2026,Front Immunol,needs_manual_review,evidence_registry,Auto-collected from Europe PMC; requires manual review.,auto_search_expansion,2026-06-06
EUROPEPMC:42232906,literature,PubMed,42232906,https://europepmc.org/article/MED/42232906,10.3389/fmicb.2026.1817839,42232906,"From ""spleen governing muscle"" to gut microbiota: mechanisms of sarcopenic obesity in perimenopausal women.",2026,Front Microbiol,needs_manual_review,evidence_registry,Auto-collected from Europe PMC; requires manual review.,auto_search_expansion,2026-06-06
EUROPEPMC:42197331,literature,PubMed,42197331,https://europepmc.org/article/MED/42197331,10.3390/microorganisms14050944,42197331,Shotgun Metagenomic Analysis of Gut Microbiota and Antibiotic Resistance Genes in a High-Fat Diet Mouse Model Treated with Heat-Killed <i>Lactiplantibacillus plantarum</i> beLP1.,2026,Microorganisms,needs_manual_review,evidence_registry,Auto-collected from Europe PMC; requires manual review.,auto_search_expansion,2026-06-06
EUROPEPMC:42196968,literature,PubMed,42196968,https://europepmc.org/article/MED/42196968,10.3390/nu18101508,42196968,Effects of Animal-Based Foods on Metabolic Outcomes in Adults with MASLD and Comorbidities: A Systematic Review of Randomized Controlled Trials (2020-2026).,2026,Nutrients,needs_manual_review,evidence_registry,Auto-collected from Europe PMC; requires manual review.,auto_search_expansion,2026-06-06
EUROPEPMC:41834856,literature,PubMed,41834856,https://europepmc.org/article/MED/41834856,10.3389/fmicb.2026.1608563,41834856,The role of Western diet and gut microbiota in the pathogenesis of cardiovascular diseases.,2026,Front Microbiol,needs_manual_review,evidence_registry,Auto-collected from Europe PMC; requires manual review.,auto_search_expansion,2026-06-06
EUROPEPMC:42041741,literature,PubMed,42041741,https://europepmc.org/article/MED/42041741,10.3390/curroncol33040222,42041741,Protective Effects of Plant-Based Diets Against Colorectal Carcinogenesis via Modulation of Key Cellular and Molecular Mechanisms: A Comprehensive Review of Evidence.,2026,Curr Oncol,needs_manual_review,evidence_registry,Auto-collected from Europe PMC; requires manual review.,auto_search_expansion,2026-06-06
EUROPEPMC:41002774,literature,PubMed,41002774,https://europepmc.org/article/MED/41002774,10.3390/clinpract15090159,41002774,Effects of Dietary and Probiotic Interventions in Patients with Metabolic Syndrome and Obstructive Sleep Apnea.,2025,Clin Pract,needs_manual_review,evidence_registry,Auto-collected from Europe PMC; requires manual review.,auto_search_expansion,2026-06-06
EUROPEPMC:41884209,literature,PubMed,41884209,https://europepmc.org/article/MED/41884209,10.3389/fendo.2026.1786776,41884209,Urolithin A: a multi-target therapeutic candidate derived from the gut microbiota for obesity and metabolic dysfunction.,2026,Front Endocrinol (Lausanne),needs_manual_review,evidence_registry,Auto-collected from Europe PMC; requires manual review.,auto_search_expansion,2026-06-06
EUROPEPMC:42088314,literature,PubMed,42088314,https://europepmc.org/article/MED/42088314,10.3389/fnut.2026.1815558,42088314,Probiotic-fortified functional foods: integrating nutrient delivery and gut health benefits.,2026,Front Nutr,needs_manual_review,evidence_registry,Auto-collected from Europe PMC; requires manual review.,auto_search_expansion,2026-06-06
EUROPEPMC:42041588,literature,PubMed,42041588,https://europepmc.org/article/MED/42041588,10.3390/cells15080723,42041588,Thyroid Dysfunction as a Component of an Immuno-Metabolic Depression-A Possible Role of Gut Microbiota and a Rationale for Future Studies.,2026,Cells,needs_manual_review,evidence_registry,Auto-collected from Europe PMC; requires manual review.,auto_search_expansion,2026-06-06
EUROPEPMC:41750295,literature,PubMed,41750295,https://europepmc.org/article/MED/41750295,10.3390/biom16020226,41750295,Endotoxins and Metabolic Endotoxemia in Obesity and Associated Noncommunicable Diseases: A Focus on Sex Differences.,2026,Biomolecules,needs_manual_review,evidence_registry,Auto-collected from Europe PMC; requires manual review.,auto_search_expansion,2026-06-06
EUROPEPMC:PMC12987042,literature,publisher supplementary data,PMC12987042,,,,"Gut-Centric Multi-System Regulation by Bacillus subtilis and Bacillus natto: A Review of Their Probiotic Functions in Nutrition, Immunity, and Metabolism",2026,Nutrients,needs_manual_review,evidence_registry,Auto-collected from Europe PMC; requires manual review.,auto_search_expansion,2026-06-06
EUROPEPMC:41683848,literature,PubMed,41683848,https://europepmc.org/article/MED/41683848,10.3390/ijms27031426,41683848,From Multidimensional Management to Mechanistic Insight: A Review of Interventions for Hyperuricemia.,2026,Int J Mol Sci,needs_manual_review,evidence_registry,Auto-collected from Europe PMC; requires manual review.,auto_search_expansion,2026-06-06
EUROPEPMC:42100504,literature,PubMed,42100504,https://europepmc.org/article/MED/42100504,10.1016/j.jot.2026.101119,42100504,Deciphering inter-organ communication: The multi-organ-bone axis in osteoporosis and emerging therapeutic strategies.,2026,J Orthop Translat,needs_manual_review,evidence_registry,Auto-collected from Europe PMC; requires manual review.,auto_search_expansion,2026-06-06
EUROPEPMC:41625558,literature,PubMed,41625558,https://europepmc.org/article/MED/41625558,10.1016/j.metop.2026.100444,41625558,Obesity-induced cognitive impairment: Underlying mechanisms and therapeutic prospects.,2026,Metabol Open,needs_manual_review,evidence_registry,Auto-collected from Europe PMC; requires manual review.,auto_search_expansion,2026-06-06
EUROPEPMC:41513674,literature,PubMed,41513674,https://europepmc.org/article/MED/41513674,10.1038/s41538-025-00698-z,41513674,Composite dietary fiber alleviates obesity-induced skeletal muscle atrophy by regulating gut microbiota-derived short-chain fatty acids in mice.,2026,NPJ Sci Food,needs_manual_review,evidence_registry,Auto-collected from Europe PMC; requires manual review.,auto_search_expansion,2026-06-06
EUROPEPMC:41200143,literature,PubMed,41200143,https://europepmc.org/article/MED/41200143,10.3389/fnut.2025.1583574,41200143,Effects of probiotics on patients with Prader-Willi syndrome: a systematic review and meta-analysis of randomized controlled trials.,2025,Front Nutr,needs_manual_review,evidence_registry,Auto-collected from Europe PMC; requires manual review.,auto_search_expansion,2026-06-06
EUROPEPMC:41470890,literature,PubMed,41470890,https://europepmc.org/article/MED/41470890,10.3390/nu17243945,41470890,"Nutrient-Induced Remodeling of the Adipose-Cardiac Axis: Metabolic Flexibility, Adipokine Signaling, and Therapeutic Implications for Cardiometabolic Disease.",2025,Nutrients,needs_manual_review,evidence_registry,Auto-collected from Europe PMC; requires manual review.,auto_search_expansion,2026-06-06
EUROPEPMC:41960437,literature,PubMed,41960437,https://europepmc.org/article/MED/41960437,10.3389/fmicb.2026.1766234,41960437,Unveiling the gut: microbiota and derived metabolites' role in the rising tide of precocious puberty.,2026,Front Microbiol,needs_manual_review,evidence_registry,Auto-collected from Europe PMC; requires manual review.,auto_search_expansion,2026-06-06
EUROPEPMC:40416368,literature,PubMed,40416368,https://europepmc.org/article/MED/40416368,10.3389/fnut.2025.1542145,40416368,"Effect of <i>Bacillus coagulans</i> BC99 supplementation on body weight and gut microbiota in overweight and obese individual: a randomized, double-blind, placebo-controlled study.",2025,Front Nutr,needs_manual_review,evidence_registry,Auto-collected from Europe PMC; requires manual review.,auto_search_expansion,2026-06-06
EUROPEPMC:42023455,literature,PubMed,42023455,https://europepmc.org/article/MED/42023455,10.62641/aep.v54i2.2123,42023455,The Gut Microbiome in Sleep Disorders: A Review of Recent Evidence.,2026,Actas Esp Psiquiatr,needs_manual_review,evidence_registry,Auto-collected from Europe PMC; requires manual review.,auto_search_expansion,2026-06-06
EUROPEPMC:40362839,literature,PubMed,40362839,https://europepmc.org/article/MED/40362839,10.3390/nu17091529,40362839,"The Impact of Probiotics, Prebiotics, and Functional Foods on Human Health.",2025,Nutrients,needs_manual_review,evidence_registry,Auto-collected from Europe PMC; requires manual review.,auto_search_expansion,2026-06-06
EUROPEPMC:41788191,literature,PubMed,41788191,https://europepmc.org/article/MED/41788191,10.1155/ijog/2921181,41788191,Causal Effects of Yogurt Intake on Gut Microbiota: A European Mendelian Randomization Study.,2026,Int J Genomics,needs_manual_review,evidence_registry,Auto-collected from Europe PMC; requires manual review.,auto_search_expansion,2026-06-06
PMID:41524907,literature,PubMed,41524907,https://pubmed.ncbi.nlm.nih.gov/41524907/,10.1007/s00394-025-03873-w,41524907,A multifaceted lifestyle program for weight loss in overweight adults: evidence from a randomised clinical trial.,2026,European journal of nutrition,needs_manual_review,evidence_registry,Auto-collected from PubMed E-utilities; requires manual review.,auto_search_expansion,2026-06-06
PMID:41183976,literature,PubMed,41183976,https://pubmed.ncbi.nlm.nih.gov/41183976/,10.3177/jnsv.71.486,41183976,"The Effect of Heat-Killed Lacticaseibacillus paracasei K71 on Abdominal Fat Reduction: A Randomized, Double-Blind, Placebo-Controlled, Parallel-Group Comparative Trial.",2025,Journal of nutritional science and vitaminology,needs_manual_review,evidence_registry,Auto-collected from PubMed E-utilities; requires manual review.,auto_search_expansion,2026-06-06
PMID:40637175,literature,PubMed,40637175,https://pubmed.ncbi.nlm.nih.gov/40637175/,10.1002/14651858.CD015875,40637175,Gut microbiome-based interventions for the management of obesity in children and adolescents aged up to 19 years.,2025,The Cochrane database of systematic reviews,needs_manual_review,evidence_registry,Auto-collected from PubMed E-utilities; requires manual review.,auto_search_expansion,2026-06-06
PMID:40066582,literature,PubMed,40066582,https://pubmed.ncbi.nlm.nih.gov/40066582/,10.20960/nh.05563,40066582,"Effects of probiotic supplementation on blood lipids ın hypercholesterolemic obese patients: a randomized, double-blind, placebo-controlled pilot trial.",2025,Nutricion hospitalaria,needs_manual_review,evidence_registry,Auto-collected from PubMed E-utilities; requires manual review.,auto_search_expansion,2026-06-06
PMID:39842252,literature,PubMed,39842252,https://pubmed.ncbi.nlm.nih.gov/39842252/,10.1016/j.clnu.2024.12.031,39842252,"Effect of caloric restriction with probiotic supplementation on body composition, quality of life, and psychobiological factors of obese men: A randomized, double-blinded placebo-controlled clinical trial.",2025,"Clinical nutrition (Edinburgh, Scotland)",needs_manual_review,evidence_registry,Auto-collected from PubMed E-utilities; requires manual review.,auto_search_expansion,2026-06-06
PMID:39636391,literature,PubMed,39636391,https://pubmed.ncbi.nlm.nih.gov/39636391/,10.1007/s00404-024-07833-3,39636391,"Six-month randomized, placebo controlled trial of synbiotic supplementation in women with polycystic ovary syndrome undergoing lifestyle modifications.",2025,Archives of gynecology and obstetrics,needs_manual_review,evidence_registry,Auto-collected from PubMed E-utilities; requires manual review.,auto_search_expansion,2026-06-06
PMID:39594072,literature,PubMed,39594072,https://pubmed.ncbi.nlm.nih.gov/39594072/,10.3390/foods13223655,39594072,Modulation of Serum Metabolic Profiles by Bifidobacterium breve BBr60 in Obesity: A Randomized Controlled Trial.,2024,"Foods (Basel, Switzerland)",needs_manual_review,evidence_registry,Auto-collected from PubMed E-utilities; requires manual review.,auto_search_expansion,2026-06-06
PMID:39117856,literature,PubMed,39117856,https://pubmed.ncbi.nlm.nih.gov/39117856/,10.1007/s11695-024-07437-5,39117856,"Effects of Probiotic Supplementation Added to a Weight Loss Program on Anthropometric Measures, Body Composition, Eating Behavior, and Related Hormone Levels in Patients with Food Addiction and Weight Regain After Bariatric Surgery: A Randomized Clinical Trial.",2024,Obesity surgery,needs_manual_review,evidence_registry,Auto-collected from PubMed E-utilities; requires manual review.,auto_search_expansion,2026-06-06
PMID:39051504,literature,PubMed,39051504,https://pubmed.ncbi.nlm.nih.gov/39051504/,10.1039/d4fo00535j,39051504,"Bifidobacterium lactis IDCC 4301 (B. lactis Fit™) supplementation effects on body fat, serum triglyceride, and adipokine ratio in obese women: a randomized clinical trial.",2024,Food & function,needs_manual_review,evidence_registry,Auto-collected from PubMed E-utilities; requires manual review.,auto_search_expansion,2026-06-06
PMID:38999741,literature,PubMed,38999741,https://pubmed.ncbi.nlm.nih.gov/38999741/,10.3390/nu16131993,38999741,"The Effect of the Lacticaseibacillus paracasei BEPC22 and Lactiplantibacillus plantarum BELP53 Combination (BN-202M) on Body Fat Percentage Loss in Overweight Individuals: A Randomized, Double-Blind, Placebo-Controlled Study.",2024,Nutrients,needs_manual_review,evidence_registry,Auto-collected from PubMed E-utilities; requires manual review.,auto_search_expansion,2026-06-06
PMID:37424169,literature,PubMed,37424169,https://pubmed.ncbi.nlm.nih.gov/37424169/,10.1002/oby.23801,37424169,Effect of synbiotics on weight loss and metabolic health in adults with overweight and obesity: A randomized controlled trial.,2023,"Obesity (Silver Spring, Md.)",needs_manual_review,evidence_registry,Auto-collected from PubMed E-utilities; requires manual review.,auto_search_expansion,2026-06-06
PMID:36944956,literature,PubMed,36944956,https://pubmed.ncbi.nlm.nih.gov/36944956/,10.1186/s12986-023-00739-y,36944956,Effect of different doses of Lacticaseibacillus paracasei K56 on body fat and metabolic parameters in adult individuals with obesity: a pilot study.,2023,Nutrition & metabolism,needs_manual_review,evidence_registry,Auto-collected from PubMed E-utilities; requires manual review.,auto_search_expansion,2026-06-06
PMID:34444671,literature,PubMed,34444671,https://pubmed.ncbi.nlm.nih.gov/34444671/,10.3390/nu13082512,34444671,"Effects of 60-Day Saccharomyces boulardii and Superoxide Dismutase Supplementation on Body Composition, Hunger Sensation, Pro/Antioxidant Ratio, Inflammation and Hormonal Lipo-Metabolic Biomarkers in Obese Adults: A Double-Blind, Placebo-Controlled Trial.",2021,Nutrients,needs_manual_review,evidence_registry,Auto-collected from PubMed E-utilities; requires manual review.,auto_search_expansion,2026-06-06
PMID:32615727,literature,PubMed,32615727,https://pubmed.ncbi.nlm.nih.gov/32615727/,10.3803/EnM.2020.35.2.425,32615727,"Effect of Lactobacillus sakei, a Probiotic Derived from Kimchi, on Body Fat in Koreans with Obesity: A Randomized Controlled Study.",2020,"Endocrinology and metabolism (Seoul, Korea)",needs_manual_review,evidence_registry,Auto-collected from PubMed E-utilities; requires manual review.,auto_search_expansion,2026-06-06
PMID:31965834,literature,PubMed,31965834,https://pubmed.ncbi.nlm.nih.gov/31965834/,10.3920/BM2019.0052,31965834,"Effect of multi-strain probiotic (UB0316) in weight management in overweight/obese adults: a 12-week double blind, randomised, placebo-controlled study.",2019,Beneficial microbes,needs_manual_review,evidence_registry,Auto-collected from PubMed E-utilities; requires manual review.,auto_search_expansion,2026-06-06
PMID:31952249,literature,PubMed,31952249,https://pubmed.ncbi.nlm.nih.gov/31952249/,10.3390/nu12010222,31952249,"Effects of Synbiotic Supplement on Human Gut Microbiota, Body Composition and Weight Loss in Obesity.",2020,Nutrients,needs_manual_review,evidence_registry,Auto-collected from PubMed E-utilities; requires manual review.,auto_search_expansion,2026-06-06
PMID:31250099,literature,PubMed,31250099,https://pubmed.ncbi.nlm.nih.gov/31250099/,10.1007/s00394-019-02034-0,31250099,Gut microbiota is associated with adiposity markers and probiotics may impact specific genera.,2020,European journal of nutrition,needs_manual_review,evidence_registry,Auto-collected from PubMed E-utilities; requires manual review.,auto_search_expansion,2026-06-06
PMID:30094122,literature,PubMed,30094122,https://pubmed.ncbi.nlm.nih.gov/30094122/,10.12938/bmfh.18-001,30094122,"Effects of Bifidobacterium breve B-3 on body fat reductions in pre-obese adults: a randomized, double-blind, placebo-controlled trial.",2018,"Bioscience of microbiota, food and health",needs_manual_review,evidence_registry,Auto-collected from PubMed E-utilities; requires manual review.,auto_search_expansion,2026-06-06
PMID:29688793,literature,PubMed,29688793,https://pubmed.ncbi.nlm.nih.gov/29688793/,10.1089/jmf.2017.3937,29688793,"Lactobacillus gasseri BNR17 Supplementation Reduces the Visceral Fat Accumulation and Waist Circumference in Obese Adults: A Randomized, Double-Blind, Placebo-Controlled Trial.",2018,Journal of medicinal food,needs_manual_review,evidence_registry,Auto-collected from PubMed E-utilities; requires manual review.,auto_search_expansion,2026-06-06
PMID:27810310,literature,PubMed,27810310,https://pubmed.ncbi.nlm.nih.gov/27810310/,10.1016/j.ebiom.2016.10.036,27810310,"Probiotic With or Without Fiber Controls Body Fat Mass, Associated With Serum Zonulin, in Overweight and Obese Adults-Randomized Controlled Trial.",2016,EBioMedicine,needs_manual_review,evidence_registry,Auto-collected from PubMed E-utilities; requires manual review.,auto_search_expansion,2026-06-06
PMID:26956126,literature,PubMed,26956126,https://pubmed.ncbi.nlm.nih.gov/26956126/,10.1038/ejcn.2016.17,26956126,"Antiobesity effect of Pediococcus pentosaceus LP28 on overweight subjects: a randomized, double-blind, placebo-controlled clinical trial.",2016,European journal of clinical nutrition,needs_manual_review,evidence_registry,Auto-collected from PubMed E-utilities; requires manual review.,auto_search_expansion,2026-06-06
PMID:26084343,literature,PubMed,26084343,https://pubmed.ncbi.nlm.nih.gov/26084343/,10.2337/dc14-2690,26084343,Intake of Lactobacillus reuteri improves incretin and insulin secretion in glucose-tolerant humans: a proof of concept.,2015,Diabetes care,needs_manual_review,evidence_registry,Auto-collected from PubMed E-utilities; requires manual review.,auto_search_expansion,2026-06-06
PMID:24411490,literature,PubMed,24411490,https://pubmed.ncbi.nlm.nih.gov/24411490/,10.1016/j.clnu.2013.12.006,24411490,"The effects of co-administration of probiotics with herbal medicine on obesity, metabolic endotoxemia and dysbiosis: a randomized double-blind controlled clinical trial.",2014,"Clinical nutrition (Edinburgh, Scotland)",needs_manual_review,evidence_registry,Auto-collected from PubMed E-utilities; requires manual review.,auto_search_expansion,2026-06-06
PMID:23442391,literature,PubMed,23442391,https://pubmed.ncbi.nlm.nih.gov/23442391/,10.1186/1471-2393-13-50,23442391,SPRING: an RCT study of probiotics in the prevention of gestational diabetes mellitus in overweight and obese women.,2013,BMC pregnancy and childbirth,needs_manual_review,evidence_registry,Auto-collected from PubMed E-utilities; requires manual review.,auto_search_expansion,2026-06-06
PMID:20216555,literature,PubMed,20216555,https://pubmed.ncbi.nlm.nih.gov/20216555/,10.1038/ejcn.2010.19,20216555,Regulation of abdominal adiposity by probiotics (Lactobacillus gasseri SBT2055) in adults with obese tendencies in a randomized controlled trial.,2010,European journal of clinical nutrition,needs_manual_review,evidence_registry,Auto-collected from PubMed E-utilities; requires manual review.,auto_search_expansion,2026-06-06
PMID:39520336,literature,PubMed,39520336,https://pubmed.ncbi.nlm.nih.gov/39520336/,10.1002/mnfr.202400451,39520336,Intermittent Fasting Improves Insulin Resistance by Modulating the Gut Microbiota and Bile Acid Metabolism in Diet-Induced Obesity.,2024,Molecular nutrition & food research,needs_manual_review,evidence_registry,Auto-collected from PubMed E-utilities; requires manual review.,auto_search_supplement,2026-06-06
PMID:36435795,literature,PubMed,36435795,https://pubmed.ncbi.nlm.nih.gov/36435795/,10.1186/s13063-022-06922-5,36435795,"The effect of ""moderately restricted carbohydrate"" diet on gut microbiota composition and metabolic parameters in women with metabolic syndrome: a study protocol for a randomized controlled trial.",2022,Trials,needs_manual_review,evidence_registry,Auto-collected from PubMed E-utilities; requires manual review.,auto_search_supplement,2026-06-06
PMID:35103461,literature,PubMed,35103461,https://pubmed.ncbi.nlm.nih.gov/35103461/,10.23736/S2724-6507.22.03752-6,35103461,Akkermansia muciniphila as a novel powerful bacterial player in the treatment of metabolic disorders.,2022,Minerva endocrinology,needs_manual_review,evidence_registry,Auto-collected from PubMed E-utilities; requires manual review.,auto_search_supplement,2026-06-06
PMID:33763720,literature,PubMed,33763720,https://pubmed.ncbi.nlm.nih.gov/33763720/,10.1007/s00394-021-02538-8,33763720,"Mediterranean diet consumption affects the endocannabinoid system in overweight and obese subjects: possible links with gut microbiome, insulin resistance and inflammation.",2021,European journal of nutrition,needs_manual_review,evidence_registry,Auto-collected from PubMed E-utilities; requires manual review.,auto_search_supplement,2026-06-06
PMID:33477821,literature,PubMed,33477821,https://pubmed.ncbi.nlm.nih.gov/33477821/,10.3390/cells10010185,33477821,Beneficial Effects of Akkermansia muciniphila Are Not Associated with Major Changes in the Circulating Endocannabinoidome but Linked to Higher Mono-Palmitoyl-Glycerol Levels as New PPARα Agonists.,2021,Cells,needs_manual_review,evidence_registry,Auto-collected from PubMed E-utilities; requires manual review.,auto_search_supplement,2026-06-06
PMID:32698959,literature,PubMed,32698959,https://pubmed.ncbi.nlm.nih.gov/32698959/,10.1016/j.clnu.2020.05.025,32698959,Acute and chronic improvement in postprandial glucose metabolism by a diet resembling the traditional Mediterranean dietary pattern: Can SCFAs play a role?,2021,"Clinical nutrition (Edinburgh, Scotland)",needs_manual_review,evidence_registry,Auto-collected from PubMed E-utilities; requires manual review.,auto_search_supplement,2026-06-06
PMID:32152146,literature,PubMed,32152146,https://pubmed.ncbi.nlm.nih.gov/32152146/,10.1136/bmjdrc-2019-000948,32152146,Genistein stimulates insulin sensitivity through gut microbiota reshaping and skeletal muscle AMPK activation in obese subjects.,2020,BMJ open diabetes research & care,needs_manual_review,evidence_registry,Auto-collected from PubMed E-utilities; requires manual review.,auto_search_supplement,2026-06-06
PMID:31263284,literature,PubMed,31263284,https://pubmed.ncbi.nlm.nih.gov/31263284/,10.1038/s41591-019-0495-2,31263284,Supplementation with Akkermansia muciniphila in overweight and obese human volunteers: a proof-of-concept exploratory study.,2019,Nature medicine,needs_manual_review,evidence_registry,Auto-collected from PubMed E-utilities; requires manual review.,auto_search_supplement,2026-06-06
PMID:27892954,literature,PubMed,27892954,https://pubmed.ncbi.nlm.nih.gov/27892954/,10.1038/nm.4236,27892954,A purified membrane protein from Akkermansia muciniphila or the pasteurized bacterium improves metabolism in obese and diabetic mice.,2017,Nature medicine,needs_manual_review,evidence_registry,Auto-collected from PubMed E-utilities; requires manual review.,auto_search_supplement,2026-06-06
PMID:42169316,literature,PubMed,42169316,https://pubmed.ncbi.nlm.nih.gov/42169316/,10.1016/j.foodres.2026.119354,42169316,Resveratrol and tomato pectin synergistically ameliorated metabolic disorder in high-fat-diet mice through the microbiota-gut-liver axis.,2026,"Food research international (Ottawa, Ont.)",needs_manual_review,evidence_registry,Auto-collected from PubMed E-utilities; requires manual review.,auto_search,2026-05-26
PMID:42157654,literature,PubMed,42157654,https://pubmed.ncbi.nlm.nih.gov/42157654/,10.1002/mnfr.70495,42157654,"Gut Microbiota as a Mediator of Sarcopenic Obesity: Mechanisms, Modifiable Factors, and Healthcare Burden.",2026,Molecular nutrition & food research,needs_manual_review,evidence_registry,Auto-collected from PubMed E-utilities; requires manual review.,auto_search,2026-05-26
PMID:42139619,literature,PubMed,42139619,https://pubmed.ncbi.nlm.nih.gov/42139619/,10.36740/WLek/220666,42139619,"Clinical, endoscopic, morphological and microbiological characteristics of diverticular disease in patients with metabolic disorders.",2026,"Wiadomosci lekarskie (Warsaw, Poland : 1960)",needs_manual_review,evidence_registry,Auto-collected from PubMed E-utilities; requires manual review.,auto_search,2026-05-26
PMID:42130741,literature,PubMed,42130741,https://pubmed.ncbi.nlm.nih.gov/42130741/,10.3389/fendo.2026.1829579,42130741,"Post-transplant diabetes mellitus after kidney transplantation: pathogenesis, risk factors, and management strategies.",2026,Frontiers in endocrinology,needs_manual_review,evidence_registry,Auto-collected from PubMed E-utilities; requires manual review.,auto_search,2026-05-26
PMID:42116498,literature,PubMed,42116498,https://pubmed.ncbi.nlm.nih.gov/42116498/,10.1016/j.foodres.2026.119257,42116498,Timing matters in type 2 diabetes: Early high-Fiber nutrition enhances glycemic control and reshapes gut microbiota.,2026,"Food research international (Ottawa, Ont.)",needs_manual_review,evidence_registry,Auto-collected from PubMed E-utilities; requires manual review.,auto_search,2026-05-26
PMID:42105359,literature,PubMed,42105359,https://pubmed.ncbi.nlm.nih.gov/42105359/,10.1093/nutrit/nuag049,42105359,Monounsaturated Fatty Acid-Rich Foods and Gut Microbiota Composition: A Systematic Review of In Vivo Studies and Randomized Clinical Trials.,2026,Nutrition reviews,needs_manual_review,evidence_registry,Auto-collected from PubMed E-utilities; requires manual review.,auto_search,2026-05-26
PMID:42075780,literature,PubMed,42075780,https://pubmed.ncbi.nlm.nih.gov/42075780/,10.3390/ph19040523,42075780,Lingguizhugan Decoction Ameliorates MASLD by Modulating the Gut Microbiota and Enriching Non-12-OH Bile Acids to Activate TGR5-Mediated Thermogenesis.,2026,"Pharmaceuticals (Basel, Switzerland)",needs_manual_review,evidence_registry,Auto-collected from PubMed E-utilities; requires manual review.,auto_search,2026-05-26
PMID:42067693,literature,PubMed,42067693,https://pubmed.ncbi.nlm.nih.gov/42067693/,10.1007/s13659-026-00612-4,42067693,Diversity of oligosaccharides in lipooligosaccharides of Akkermansia muciniphila and its anti-atherosclerotic activity.,2026,Natural products and bioprospecting,needs_manual_review,evidence_registry,Auto-collected from PubMed E-utilities; requires manual review.,auto_search,2026-05-26
PMID:42061563,literature,PubMed,42061563,https://pubmed.ncbi.nlm.nih.gov/42061563/,10.1016/j.jep.2026.121684,42061563,Oroxin A in Linggui Zhugan Decoction in the treatment of MASH by regulating cholesterol-bile acid metabolism.,2026,Journal of ethnopharmacology,needs_manual_review,evidence_registry,Auto-collected from PubMed E-utilities; requires manual review.,auto_search,2026-05-26
PMID:42060019,literature,PubMed,42060019,https://pubmed.ncbi.nlm.nih.gov/42060019/,10.1007/s40520-026-03403-6,42060019,Association between gut microbiota and sarcopenia in older adults: a cross-sectional analysis from the second wave of the Birjand Longitudinal Aging Study (BLAS).,2026,Aging clinical and experimental research,needs_manual_review,evidence_registry,Auto-collected from PubMed E-utilities; requires manual review.,auto_search,2026-05-26
PMID:42047845,literature,PubMed,42047845,https://pubmed.ncbi.nlm.nih.gov/42047845/,10.1007/s00394-026-03967-z,42047845,Metabolic and gut microbiota effects of ketogenic diet and exogenous ketone salts in a rat model of metabolic syndrome.,2026,European journal of nutrition,needs_manual_review,evidence_registry,Auto-collected from PubMed E-utilities; requires manual review.,auto_search,2026-05-26
PMID:42042874,literature,PubMed,42042874,https://pubmed.ncbi.nlm.nih.gov/42042874/,10.3390/metabo16040228,42042874,Weizmannia coagulans BC99 Ameliorates Obesity and Associated Inflammation by Remodeling the Gut Microbiota and Regulating Lysophosphatidylcholine and Conjugated Bile Acid Metabolism.,2026,Metabolites,needs_manual_review,evidence_registry,Auto-collected from PubMed E-utilities; requires manual review.,auto_search,2026-05-26
PMID:42010766,literature,PubMed,42010766,https://pubmed.ncbi.nlm.nih.gov/42010766/,10.1080/19490976.2026.2661415,42010766,Exercise intensity as a modulator of gut microbiota and host metabolic health in obesity.,2026,Gut microbes,needs_manual_review,evidence_registry,Auto-collected from PubMed E-utilities; requires manual review.,auto_search,2026-05-26
PMID:41907517,literature,PubMed,41907517,https://pubmed.ncbi.nlm.nih.gov/41907517/,10.1080/29933935.2025.2605879,41907517,Obesity-associated gut microbiome influences diet-induced metabolic and cognitive outcomes in older adults.,2026,Gut microbes reports,needs_manual_review,evidence_registry,Auto-collected from PubMed E-utilities; requires manual review.,auto_search,2026-05-26
PMID:41895350,literature,PubMed,41895350,https://pubmed.ncbi.nlm.nih.gov/41895350/,10.1016/j.micpath.2026.108466,41895350,"Understanding gut microbiota dysbiosis as a plausible link between obstructive sleep apnea (OSA), viral infections, and lifestyle diseases.",2026,Microbial pathogenesis,needs_manual_review,evidence_registry,Auto-collected from PubMed E-utilities; requires manual review.,auto_search,2026-05-26
PMID:41882376,literature,PubMed,41882376,https://pubmed.ncbi.nlm.nih.gov/41882376/,10.1038/s41390-026-04877-w,41882376,Genetically mediated causal relationship between gut microbiota composition and childhood obesity.,2026,Pediatric research,needs_manual_review,evidence_registry,Auto-collected from PubMed E-utilities; requires manual review.,auto_search,2026-05-26
PMID:41881081,literature,PubMed,41881081,https://pubmed.ncbi.nlm.nih.gov/41881081/,10.1016/j.fitote.2026.107203,41881081,Characterized polyphenols from Prunus cerasifera alleviated HFD-induced intestinal inflammation and barrier dysfunction in obese mice by remodeling the gut microbiota and short-chain fatty acid profile.,2026,Fitoterapia,needs_manual_review,evidence_registry,Auto-collected from PubMed E-utilities; requires manual review.,auto_search,2026-05-26
PMID:41862452,literature,PubMed,41862452,https://pubmed.ncbi.nlm.nih.gov/41862452/,10.1038/s41467-026-70613-x,41862452,High-resolution phage-host assignment through key proteins using large language models.,2026,Nature communications,needs_manual_review,evidence_registry,Auto-collected from PubMed E-utilities; requires manual review.,auto_search,2026-05-26
PMID:41835385,literature,PubMed,41835385,https://pubmed.ncbi.nlm.nih.gov/41835385/,10.3389/fnut.2026.1733803,41835385,Maternal overweight/obesity and yoghurt supplementation from early pregnancy to postpartum augments infant gut microbiota.,2026,Frontiers in nutrition,needs_manual_review,evidence_registry,Auto-collected from PubMed E-utilities; requires manual review.,auto_search,2026-05-26
PMID:41834998,literature,PubMed,41834998,https://pubmed.ncbi.nlm.nih.gov/41834998/,10.3389/fcimb.2026.1781222,41834998,Role of oral-gut microbiota dysbiosis in regulating systemic impairment during age-related obesity: an animal study.,2026,Frontiers in cellular and infection microbiology,needs_manual_review,evidence_registry,Auto-collected from PubMed E-utilities; requires manual review.,auto_search,2026-05-26
PMID:41830637,literature,PubMed,41830637,https://pubmed.ncbi.nlm.nih.gov/41830637/,10.1021/acs.jafc.5c14405,41830637,3'-Hydroxypterostilbene Alleviates Obesity and Lipoprotein Metabolism Dysregulation by Reshaping Gut Microbiota in High-Fat Diet-Induced Obese Mice.,2026,Journal of agricultural and food chemistry,needs_manual_review,evidence_registry,Auto-collected from PubMed E-utilities; requires manual review.,auto_search,2026-05-26
PMID:41812148,literature,PubMed,41812148,https://pubmed.ncbi.nlm.nih.gov/41812148/,10.1093/nutrit/nuaf255,41812148,"Effects of Polyphenols on Gut Health and Inflammation in Overweight and Obese Populations: A Systematic Review and Meta-analysis of Dose, Duration, and Food Matrix.",2026,Nutrition reviews,needs_manual_review,evidence_registry,Auto-collected from PubMed E-utilities; requires manual review.,auto_search,2026-05-26
PMID:41800297,literature,PubMed,41800297,https://pubmed.ncbi.nlm.nih.gov/41800297/,10.2147/DDDT.S595588,41800297,Gut-Derived Hippuric Acid Alleviates Hepatic Lipid Metabolism via UGDH/FOXK1/CD36 Axis in Obese Mice.,2026,"Drug design, development and therapy",needs_manual_review,evidence_registry,Auto-collected from PubMed E-utilities; requires manual review.,auto_search,2026-05-26
PMID:41791485,literature,PubMed,41791485,https://pubmed.ncbi.nlm.nih.gov/41791485/,10.1016/j.lfs.2026.124310,41791485,Targeting gut-microbiota-dependent choline metabolite trimethylamine N-oxide ameliorates bone health in ovariectomized mice.,2026,Life sciences,needs_manual_review,evidence_registry,Auto-collected from PubMed E-utilities; requires manual review.,auto_search,2026-05-26
PMID:41767236,literature,PubMed,41767236,https://pubmed.ncbi.nlm.nih.gov/41767236/,10.1155/jnme/9988966,41767236,Gut Microbiota Alterations in Hypothyroidism: A Pilot Study Revealing Increased Abundance of Specific Bacterial Genera.,2026,Journal of nutrition and metabolism,needs_manual_review,evidence_registry,Auto-collected from PubMed E-utilities; requires manual review.,auto_search,2026-05-26
PMID:41751341,literature,PubMed,41751341,https://pubmed.ncbi.nlm.nih.gov/41751341/,10.3390/biomedicines14020442,41751341,Strain-Dependent Effects of Dietary Cholic Acid on Liver Fibrogenesis and Gut Microbiota in TSNO and TSOD Mice.,2026,Biomedicines,needs_manual_review,evidence_registry,Auto-collected from PubMed E-utilities; requires manual review.,auto_search,2026-05-26
PMID:41738389,literature,PubMed,41738389,https://pubmed.ncbi.nlm.nih.gov/41738389/,10.1039/d5fo04941e,41738389,"Theaflavins ameliorate obesity through enhanced antioxidant capacity, a suppressed hepatic BCAA degradation pathway, and gut microbiota modulation.",2026,Food & function,needs_manual_review,evidence_registry,Auto-collected from PubMed E-utilities; requires manual review.,auto_search,2026-05-26
PMID:41697114,literature,PubMed,41697114,https://pubmed.ncbi.nlm.nih.gov/41697114/,10.23736/S2724-6507.25.04483-5,41697114,Gut microbiota and metabolic syndrome in postmenopausal women: a narrative review of mechanisms and dietary recommendations.,2026,Minerva endocrinology,needs_manual_review,evidence_registry,Auto-collected from PubMed E-utilities; requires manual review.,auto_search,2026-05-26
PMID:41683253,literature,PubMed,41683253,https://pubmed.ncbi.nlm.nih.gov/41683253/,10.3390/nu18030431,41683253,Proanthocyanidins Inhibit Neuroinflammation in High-Fat-Induced Obese Mice by Modulating Intestinal Flora and Their Metabolites.,2026,Nutrients,needs_manual_review,evidence_registry,Auto-collected from PubMed E-utilities; requires manual review.,auto_search,2026-05-26
PMID:41660421,literature,PubMed,41660421,https://pubmed.ncbi.nlm.nih.gov/41660421/,10.3389/fnut.2026.1710739,41660421,Unveiling the pathways of Xuanbai Chengqi Decoction in obese asthma: from immune modulation to microbial restoration.,2026,Frontiers in nutrition,needs_manual_review,evidence_registry,Auto-collected from PubMed E-utilities; requires manual review.,auto_search,2026-05-26
PMID:41657529,literature,PubMed,41657529,https://pubmed.ncbi.nlm.nih.gov/41657529/,10.1002/fsn3.71497,41657529,Association of Anti-Inflammatory Dietary Adherence With Biomarkers and Gut Microbiota Related to Colorectal Cancer Risk: A Retrospective Study.,2026,Food science & nutrition,needs_manual_review,evidence_registry,Auto-collected from PubMed E-utilities; requires manual review.,auto_search,2026-05-26
PMID:41654113,literature,PubMed,41654113,https://pubmed.ncbi.nlm.nih.gov/41654113/,10.1016/j.cireng.2026.800297,41654113,Impact of bariatric surgery on the gut microbiota and metabolomic profile of the enterohepatic axis in an experimental model of obesity.,2026,Cirugia espanola,needs_manual_review,evidence_registry,Auto-collected from PubMed E-utilities; requires manual review.,auto_search,2026-05-26
PMID:41599794,literature,PubMed,41599794,https://pubmed.ncbi.nlm.nih.gov/41599794/,10.3390/nu18020181,41599794,Effects of Mixed Fruits and Berries on Ameliorating Gut Microbiota and Hepatic Alterations Induced by Cafeteria Diet.,2026,Nutrients,needs_manual_review,evidence_registry,Auto-collected from PubMed E-utilities; requires manual review.,auto_search,2026-05-26
PMID:41598253,literature,PubMed,41598253,https://pubmed.ncbi.nlm.nih.gov/41598253/,10.3390/life16010098,41598253,"Diet, Physical Exercise, and Gut Microbiota Modulation in Metabolic Syndrome: A Narrative Review.",2026,"Life (Basel, Switzerland)",needs_manual_review,evidence_registry,Auto-collected from PubMed E-utilities; requires manual review.,auto_search,2026-05-26
PMID:41586244,literature,PubMed,41586244,https://pubmed.ncbi.nlm.nih.gov/41586244/,10.3389/fnut.2025.1714444,41586244,"The effects of a very low-energy ketogenic therapy on body composition, gut microbiota and metabolites in overweight subjects.",2025,Frontiers in nutrition,needs_manual_review,evidence_registry,Auto-collected from PubMed E-utilities; requires manual review.,auto_search,2026-05-26
PMID:41580820,literature,PubMed,41580820,https://pubmed.ncbi.nlm.nih.gov/41580820/,10.1186/s13020-025-01305-9,41580820,Targeting G-protein-coupled receptors and gut microbiota: Ge-Lian Qi-Shen decoction elevates GLP-1 to combat non-alcoholic fatty liver disease.,2026,Chinese medicine,needs_manual_review,evidence_registry,Auto-collected from PubMed E-utilities; requires manual review.,auto_search,2026-05-26
PMID:41526984,literature,PubMed,41526984,https://pubmed.ncbi.nlm.nih.gov/41526984/,10.1186/s13578-025-01525-4,41526984,Combination of GLP-1 receptor agonist and Akkermansia muciniphila Akk11 reduces adiposity and ameliorates MASLD in T2D mice.,2026,Cell & bioscience,needs_manual_review,evidence_registry,Auto-collected from PubMed E-utilities; requires manual review.,auto_search,2026-05-26
PMID:41520055,literature,PubMed,41520055,https://pubmed.ncbi.nlm.nih.gov/41520055/,10.1038/s41366-025-01971-7,41520055,Insulin resistance modulates gut microbiota and incretin response remodeling after bariatric surgery in severe obesity.,2026,International journal of obesity (2005),needs_manual_review,evidence_registry,Auto-collected from PubMed E-utilities; requires manual review.,auto_search,2026-05-26
PMID:41499920,literature,PubMed,41499920,https://pubmed.ncbi.nlm.nih.gov/41499920/,10.1016/j.clnu.2025.106558,41499920,Gut microbiota composition and derived enterotypes are associated with ponderal status in preschool children. Childhood obesity risk assessment longitudinal study (CORALS) cohort.,2026,"Clinical nutrition (Edinburgh, Scotland)",needs_manual_review,evidence_registry,Auto-collected from PubMed E-utilities; requires manual review.,auto_search,2026-05-26
PMID:41491927,literature,PubMed,41491927,https://pubmed.ncbi.nlm.nih.gov/41491927/,10.1186/s12866-025-04591-3,41491927,Maternal gestational diabetes mellitus leads to adverse growth patterns and disease risk in offspring in vivo: evidence from cross-generational effects on gut microbiota.,2026,BMC microbiology,needs_manual_review,evidence_registry,Auto-collected from PubMed E-utilities; requires manual review.,auto_search,2026-05-26
PMID:41486934,literature,PubMed,41486934,https://pubmed.ncbi.nlm.nih.gov/41486934/,10.71150/jm.2511001,41486934,Synergistic anti-obesity effects of Bifidobacterium breve BR3 and Lactiplantibacillus plantarum LP3 via coordinated regulation of lipid metabolism and gut microbiota.,2025,"Journal of microbiology (Seoul, Korea)",needs_manual_review,evidence_registry,Auto-collected from PubMed E-utilities; requires manual review.,auto_search,2026-05-26
PMID:41462628,literature,PubMed,41462628,https://pubmed.ncbi.nlm.nih.gov/41462628/,10.3390/antiox14121428,41462628,"Probiotic Lactobacillus reuteri Y7 Protects Against Blue Light-Induced Retinal Degeneration via Antioxidant Defense, Anti-Inflammatory Action, and Gut-Retina Axis Modulation.",2025,"Antioxidants (Basel, Switzerland)",needs_manual_review,evidence_registry,Auto-collected from PubMed E-utilities; requires manual review.,auto_search,2026-05-26
PMID:41365537,literature,PubMed,41365537,https://pubmed.ncbi.nlm.nih.gov/41365537/,10.4014/jmb.2509.09005,41365537,Oral Administration of Clostridium butyricum Alleviates High-Fat Diet-Induced Obesity in Mice by Modulating Gut Akkermansia muciniphila Abundance via Direct Growth Promotion.,2025,Journal of microbiology and biotechnology,needs_manual_review,evidence_registry,Auto-collected from PubMed E-utilities; requires manual review.,auto_search,2026-05-26
PMID:41348832,literature,PubMed,41348832,https://pubmed.ncbi.nlm.nih.gov/41348832/,10.1371/journal.pone.0337760,41348832,"Human-derived fecal virome transplantation (FVT) reshapes the murine gut microbiota and virome, enhancing glucose regulation.",2025,PloS one,needs_manual_review,evidence_registry,Auto-collected from PubMed E-utilities; requires manual review.,auto_search,2026-05-26
PMID:34855861,literature,PubMed,34855861,https://pubmed.ncbi.nlm.nih.gov/34855861/,10.1371/journal.pone.0260765,34855861,Polydextrose with and without Bifidobacterium animalis ssp. lactis 420 drives the prevalence of Akkermansia and improves liver health in a multi-compartmental obesogenic mice study.,2021,PloS one,needs_manual_review,evidence_registry,Auto-collected from PubMed E-utilities; requires manual review.,auto_search_supplement,2026-06-06
PMID:30525950,literature,PubMed,30525950,https://pubmed.ncbi.nlm.nih.gov/30525950/,10.3920/BM2018.0028,30525950,Probiotic or synbiotic alters the gut microbiota and metabolism in a randomised controlled trial of weight management in overweight adults.,2019,Beneficial microbes,needs_manual_review,evidence_registry,Auto-collected from PubMed E-utilities; requires manual review.,auto_search_supplement,2026-06-06
PMID:38542727,literature,PubMed,38542727,https://pubmed.ncbi.nlm.nih.gov/38542727/,10.3390/nu16060815,38542727,Effects of Bifidobacterium longum BB536 and Bifidobacterium breve MCC1274 on Body Composition in Normal and Overweight Adults in Randomized Placebo-Controlled Study.,2024,Nutrients,needs_manual_review,evidence_registry,Auto-collected from PubMed E-utilities; requires manual review.,auto_search_supplement,2026-06-06
PMID:39456659,literature,PubMed,39456659,https://pubmed.ncbi.nlm.nih.gov/39456659/,10.3390/ijms252010871,39456659,Gut Microbiome and Metabolome Alterations in Overweight or Obese Adult Population after Weight-Loss Bifidobacterium breve BBr60 Intervention: A Randomized Controlled Trial.,2024,International journal of molecular sciences,needs_manual_review,evidence_registry,Auto-collected from PubMed E-utilities; requires manual review.,codex,2026-05-29
PMID:41479657,literature,PubMed,41479657,https://pubmed.ncbi.nlm.nih.gov/41479657/,10.3389/fnut.2025.1718169,41479657,"Targeting gut microbiota with short-chain fructo-oligosaccharides prebiotic fibers to support metabolic health in overweight prediabetic adults: a randomized, double-blinded, placebo-controlled study.",2025,Frontiers in nutrition,needs_manual_review,evidence_registry,Auto-collected from PubMed E-utilities; requires manual review.,auto_search_expansion,2026-06-06
PMID:40587116,literature,PubMed,40587116,https://pubmed.ncbi.nlm.nih.gov/40587116/,10.2337/dc25-0728,40587116,Prediction of Weight Loss and Regain Based on Multiomic and Phenotypic Features: Results From a Calorie-Restricted Feeding Trial.,2026,Diabetes care,needs_manual_review,evidence_registry,Auto-collected from PubMed E-utilities; requires manual review.,auto_search_expansion,2026-06-06
PMID:40536121,literature,PubMed,40536121,https://pubmed.ncbi.nlm.nih.gov/40536121/,10.1111/dom.16535,40536121,"Interaction between dietary omega-3 polyunsaturated fatty acids, obesity and gut microbiota in preclinical models: A systematic review of randomized controlled trials.",2025,"Diabetes, obesity & metabolism",needs_manual_review,evidence_registry,Auto-collected from PubMed E-utilities; requires manual review.,auto_search_expansion,2026-06-06
PMID:39878023,literature,PubMed,39878023,https://pubmed.ncbi.nlm.nih.gov/39878023/,10.1039/d4fo05847j,39878023,Flaxseed powder supplementation in non-alcoholic fatty liver disease: a randomized controlled clinical trial.,2025,Food & function,needs_manual_review,evidence_registry,Auto-collected from PubMed E-utilities; requires manual review.,auto_search_expansion,2026-06-06
PMID:39664910,literature,PubMed,39664910,https://pubmed.ncbi.nlm.nih.gov/39664910/,10.3389/fnut.2024.1510318,39664910,Effect of synbiotic supplementation on obesity and gut microbiota in obese adults: a double-blind randomized controlled trial.,2024,Frontiers in nutrition,needs_manual_review,evidence_registry,Auto-collected from PubMed E-utilities; requires manual review.,auto_search_expansion,2026-06-06
PMID:39356506,literature,PubMed,39356506,https://pubmed.ncbi.nlm.nih.gov/39356506/,10.1001/jamanetworkopen.2024.36888,39356506,Eight-Week Supplementation With Bifidobacterium lactis HN019 and Functional Constipation: A Randomized Clinical Trial.,2024,JAMA network open,needs_manual_review,evidence_registry,Auto-collected from PubMed E-utilities; requires manual review.,auto_search_expansion,2026-06-06
PMID:38713231,literature,PubMed,38713231,https://pubmed.ncbi.nlm.nih.gov/38713231/,10.1007/s00394-024-03415-w,38713231,"Effect of prebiotic fiber on physical function and gut microbiota in adults, mostly women, with knee osteoarthritis and obesity: a randomized controlled trial.",2024,European journal of nutrition,needs_manual_review,evidence_registry,Auto-collected from PubMed E-utilities; requires manual review.,auto_search_expansion,2026-06-06
PMID:38498828,literature,PubMed,38498828,https://pubmed.ncbi.nlm.nih.gov/38498828/,10.1080/27697061.2024.2320192,38498828,Effect of Bifidobacterium Intake on Body Weight and Body Fat in Overweight and Obese Adult Subjects: A Systematic Review and Meta-Analysis.,2024,Journal of the American Nutrition Association,needs_manual_review,evidence_registry,Auto-collected from PubMed E-utilities; requires manual review.,auto_search_expansion,2026-06-06
PMID:38409604,literature,PubMed,38409604,https://pubmed.ncbi.nlm.nih.gov/38409604/,10.1038/s42255-024-00988-y,38409604,Resistant starch intake facilitates weight loss in humans by reshaping the gut microbiota.,2024,Nature metabolism,needs_manual_review,evidence_registry,Auto-collected from PubMed E-utilities; requires manual review.,auto_search_expansion,2026-06-06
PMID:38292634,literature,PubMed,38292634,https://pubmed.ncbi.nlm.nih.gov/38292634/,10.12998/wjcc.v12.i1.1,38292634,Gut-targeted therapies for type 2 diabetes mellitus: A review.,2024,World journal of clinical cases,needs_manual_review,evidence_registry,Auto-collected from PubMed E-utilities; requires manual review.,auto_search_expansion,2026-06-06
PMID:37881833,literature,PubMed,37881833,https://pubmed.ncbi.nlm.nih.gov/37881833/,10.1017/S0954422423000252,37881833,The impact of botanical fermented foods on metabolic syndrome and type 2 diabetes: a systematic review of randomised controlled trials.,2024,Nutrition research reviews,needs_manual_review,evidence_registry,Auto-collected from PubMed E-utilities; requires manual review.,auto_search_expansion,2026-06-06
PMID:37807018,literature,PubMed,37807018,https://pubmed.ncbi.nlm.nih.gov/37807018/,10.1007/s42770-023-01140-w,37807018,Consumption of yacon flour and energy-restricted diet increased the relative abundance of intestinal bacteria in obese adults.,2023,Brazilian journal of microbiology : [publication of the Brazilian Society for Microbiology],needs_manual_review,evidence_registry,Auto-collected from PubMed E-utilities; requires manual review.,auto_search_expansion,2026-06-06
PMID:37545298,literature,PubMed,37545298,https://pubmed.ncbi.nlm.nih.gov/37545298/,10.1002/oby.23855,37545298,Intermittent dietary carbohydrate restriction versus calorie restriction and cardiometabolic profiles: A randomized trial.,2023,"Obesity (Silver Spring, Md.)",needs_manual_review,evidence_registry,Auto-collected from PubMed E-utilities; requires manual review.,auto_search_expansion,2026-06-06
PMID:37252684,literature,PubMed,37252684,https://pubmed.ncbi.nlm.nih.gov/37252684/,10.1017/jns.2023.41,37252684,"Effect of green-lipped mussel (Perna canaliculus) supplementation on faecal microbiota, body composition and iron status markers in overweight and obese postmenopausal women: a randomised, double-blind, placebo-controlled trial.",2023,Journal of nutritional science,needs_manual_review,evidence_registry,Auto-collected from PubMed E-utilities; requires manual review.,auto_search_expansion,2026-06-06
PMID:37181156,literature,PubMed,37181156,https://pubmed.ncbi.nlm.nih.gov/37181156/,10.3389/fnut.2023.1108088,37181156,Supplementation with inulin-type fructans affects gut microbiota and attenuates some of the cardiometabolic benefits of a plant-based diet in individuals with overweight or obesity.,2023,Frontiers in nutrition,needs_manual_review,evidence_registry,Auto-collected from PubMed E-utilities; requires manual review.,auto_search_expansion,2026-06-06
PMID:36615804,literature,PubMed,36615804,https://pubmed.ncbi.nlm.nih.gov/36615804/,10.3390/nu15010147,36615804,"Effects of a Novel Infant Formula on Weight Gain, Body Composition, Safety and Tolerability to Infants: The INNOVA 2020 Study.",2022,Nutrients,needs_manual_review,evidence_registry,Auto-collected from PubMed E-utilities; requires manual review.,auto_search_expansion,2026-06-06
PMID:36352899,literature,PubMed,36352899,https://pubmed.ncbi.nlm.nih.gov/36352899/,10.3389/fnut.2022.1007506,36352899,Effect of garlic extract on weight loss and gut microbiota composition in obese women: A double-blind randomized controlled trial.,2022,Frontiers in nutrition,needs_manual_review,evidence_registry,Auto-collected from PubMed E-utilities; requires manual review.,auto_search_expansion,2026-06-06
PMID:35351144,literature,PubMed,35351144,https://pubmed.ncbi.nlm.nih.gov/35351144/,10.1186/s12916-022-02299-z,35351144,Physical activity enhances the improvement of body mass index and metabolism by inulin: a multicenter randomized placebo-controlled trial performed in obese individuals.,2022,BMC medicine,needs_manual_review,evidence_registry,Auto-collected from PubMed E-utilities; requires manual review.,auto_search_expansion,2026-06-06
PMID:35264213,literature,PubMed,35264213,https://pubmed.ncbi.nlm.nih.gov/35264213/,10.1186/s13073-022-01015-z,35264213,The effects of the Green-Mediterranean diet on cardiometabolic health are linked to gut microbiome modifications: a randomized controlled trial.,2022,Genome medicine,needs_manual_review,evidence_registry,Auto-collected from PubMed E-utilities; requires manual review.,auto_search_expansion,2026-06-06
PMID:35247098,literature,PubMed,35247098,https://pubmed.ncbi.nlm.nih.gov/35247098/,10.1007/s00394-022-02836-9,35247098,"Impact of wheat aleurone on biomarkers of cardiovascular disease, gut microbiota and metabolites in adults with high body mass index: a double-blind, placebo-controlled, randomized clinical trial.",2022,European journal of nutrition,needs_manual_review,evidence_registry,Auto-collected from PubMed E-utilities; requires manual review.,auto_search_expansion,2026-06-06
PMID:34535959,literature,PubMed,34535959,https://pubmed.ncbi.nlm.nih.gov/34535959/,10.1002/jcsm.12781,34535959,Gut barrier and microbiota changes with glycine and branched-chain amino acid supplementation in chronic haemodialysis patients.,2021,"Journal of cachexia, sarcopenia and muscle",needs_manual_review,evidence_registry,Auto-collected from PubMed E-utilities; requires manual review.,auto_search_expansion,2026-06-06
PMID:33143755,literature,PubMed,33143755,https://pubmed.ncbi.nlm.nih.gov/33143755/,10.1017/S0007114520004407,33143755,Weight gain and body composition during pregnancy: a randomised pilot trial with probiotics and/or fish oil.,2021,The British journal of nutrition,needs_manual_review,evidence_registry,Auto-collected from PubMed E-utilities; requires manual review.,auto_search_expansion,2026-06-06
PMID:33066107,literature,PubMed,33066107,https://pubmed.ncbi.nlm.nih.gov/33066107/,10.3390/nu12103123,33066107,Effects of Bifidobacterium animalis Subsp. lactis (BPL1) Supplementation in Children and Adolescents with Prader-Willi Syndrome: A Randomized Crossover Trial.,2020,Nutrients,needs_manual_review,evidence_registry,Auto-collected from PubMed E-utilities; requires manual review.,auto_search_expansion,2026-06-06
PMID:32234652,literature,PubMed,32234652,https://pubmed.ncbi.nlm.nih.gov/32234652/,10.1016/j.nut.2020.110749,32234652,Gut microbiota composition after diet and probiotics in overweight breast cancer survivors: a randomized open-label pilot intervention trial.,2020,"Nutrition (Burbank, Los Angeles County, Calif.)",needs_manual_review,evidence_registry,Auto-collected from PubMed E-utilities; requires manual review.,auto_search_expansion,2026-06-06
PMID:31601229,literature,PubMed,31601229,https://pubmed.ncbi.nlm.nih.gov/31601229/,10.1186/s13063-019-3679-7,31601229,Effect of probiotic supplementation in nonalcoholic steatohepatitis patients: PROBILIVER TRIAL protocol.,2019,Trials,needs_manual_review,evidence_registry,Auto-collected from PubMed E-utilities; requires manual review.,auto_search_expansion,2026-06-06
PMID:31162597,literature,PubMed,31162597,https://pubmed.ncbi.nlm.nih.gov/31162597/,10.1093/jn/nxz071,31162597,Glucose- and Lipid-Related Biomarkers Are Affected in Healthy Obese or Hyperglycemic Adults Consuming a Whole-Grain Pasta Enriched in Prebiotics and Probiotics: A 12-Week Randomized Controlled Trial.,2019,The Journal of nutrition,needs_manual_review,evidence_registry,Auto-collected from PubMed E-utilities; requires manual review.,auto_search_expansion,2026-06-06
PMID:30659070,literature,PubMed,30659070,https://pubmed.ncbi.nlm.nih.gov/30659070/,10.2337/dc18-2248,30659070,Probiotics for the Prevention of Gestational Diabetes Mellitus in Overweight and Obese Women: Findings From the SPRING Double-Blind Randomized Controlled Trial.,2019,Diabetes care,needs_manual_review,evidence_registry,Auto-collected from PubMed E-utilities; requires manual review.,auto_search_expansion,2026-06-06
PMID:30262813,literature,PubMed,30262813,https://pubmed.ncbi.nlm.nih.gov/30262813/,10.1038/s41366-018-0220-0,30262813,Effects of daily consumption of the probiotic Bifidobacterium animalis subsp. lactis CECT 8145 on anthropometric adiposity biomarkers in abdominally obese subjects: a randomized controlled trial.,2019,International journal of obesity (2005),needs_manual_review,evidence_registry,Auto-collected from PubMed E-utilities; requires manual review.,auto_search_expansion,2026-06-06
PMID:29779170,literature,PubMed,29779170,https://pubmed.ncbi.nlm.nih.gov/29779170/,10.1007/s00394-018-1721-2,29779170,Histological improvement of non-alcoholic steatohepatitis with a prebiotic: a pilot clinical trial.,2019,European journal of nutrition,needs_manual_review,evidence_registry,Auto-collected from PubMed E-utilities; requires manual review.,auto_search_expansion,2026-06-06
PMID:29568104,literature,PubMed,29568104,https://pubmed.ncbi.nlm.nih.gov/29568104/,10.1038/s41366-018-0046-9,29568104,Gut-microbiome-related LCT genotype and 2-year changes in body composition and fat distribution: the POUNDS Lost Trial.,2018,International journal of obesity (2005),needs_manual_review,evidence_registry,Auto-collected from PubMed E-utilities; requires manual review.,auto_search_expansion,2026-06-06
PMID:28937980,literature,PubMed,28937980,https://pubmed.ncbi.nlm.nih.gov/28937980/,10.1371/journal.pone.0184547,28937980,Methanobrevibacter attenuation via probiotic intervention reduces flatulence in adult human: A non-randomised paired-design clinical trial of efficacy.,2017,PloS one,needs_manual_review,evidence_registry,Auto-collected from PubMed E-utilities; requires manual review.,auto_search_expansion,2026-06-06
PMID:28730743,literature,PubMed,28730743,https://pubmed.ncbi.nlm.nih.gov/28730743/,10.1002/mnfr.201700484,28730743,Inulin-type fructans and whey protein both modulate appetite but only fructans alter gut microbiota in adults with overweight/obesity: A randomized controlled trial.,2017,Molecular nutrition & food research,needs_manual_review,evidence_registry,Auto-collected from PubMed E-utilities; requires manual review.,auto_search_expansion,2026-06-06
PMID:28596023,literature,PubMed,28596023,https://pubmed.ncbi.nlm.nih.gov/28596023/,10.1053/j.gastro.2017.05.055,28596023,Prebiotics Reduce Body Fat and Alter Intestinal Microbiota in Children Who Are Overweight or With Obesity.,2017,Gastroenterology,needs_manual_review,evidence_registry,Auto-collected from PubMed E-utilities; requires manual review.,auto_search_expansion,2026-06-06
PMID:28396144,literature,PubMed,28396144,https://pubmed.ncbi.nlm.nih.gov/28396144/,10.1053/j.gastro.2017.03.051,28396144,"Supplementation of Diet With Galacto-oligosaccharides Increases Bifidobacteria, but Not Insulin Sensitivity, in Obese Prediabetic Individuals.",2017,Gastroenterology,needs_manual_review,evidence_registry,Auto-collected from PubMed E-utilities; requires manual review.,auto_search_expansion,2026-06-06
PMID:28008750,literature,PubMed,28008750,https://pubmed.ncbi.nlm.nih.gov/28008750/,10.1002/oby.21671,28008750,"The additional effects of a probiotic mix on abdominal adiposity and antioxidant Status: A double-blind, randomized trial.",2017,"Obesity (Silver Spring, Md.)",needs_manual_review,evidence_registry,Auto-collected from PubMed E-utilities; requires manual review.,auto_search_expansion,2026-06-06
PMID:25079040,literature,PubMed,25079040,https://pubmed.ncbi.nlm.nih.gov/25079040/,10.1080/07315724.2013.874937,25079040,Effects of probiotic yogurt on fat distribution and gene expression of proinflammatory factors in peripheral blood mononuclear cells in overweight and obese people with or without weight-loss diet.,2014,Journal of the American College of Nutrition,needs_manual_review,evidence_registry,Auto-collected from PubMed E-utilities; requires manual review.,auto_search_expansion,2026-06-06
PMID:24969566,literature,PubMed,24969566,https://pubmed.ncbi.nlm.nih.gov/24969566/,10.1016/j.clnu.2014.06.001,24969566,Inulin-type fructans modulate intestinal Bifidobacterium species populations and decrease fecal short-chain fatty acids in obese women.,2015,"Clinical nutrition (Edinburgh, Scotland)",needs_manual_review,evidence_registry,Auto-collected from PubMed E-utilities; requires manual review.,auto_search_expansion,2026-06-06
PMID:23657005,literature,PubMed,23657005,https://pubmed.ncbi.nlm.nih.gov/23657005/,10.1186/1471-230X-13-81,23657005,"Transglucosidase improves the gut microbiota profile of type 2 diabetes mellitus patients: a randomized double-blind, placebo-controlled study.",2013,BMC gastroenterology,needs_manual_review,evidence_registry,Auto-collected from PubMed E-utilities; requires manual review.,auto_search_expansion,2026-06-06
PMID:22410962,literature,PubMed,22410962,https://pubmed.ncbi.nlm.nih.gov/22410962/,10.1038/ijo.2012.33,22410962,The type and quantity of dietary fat and carbohydrate alter faecal microbiome and short-chain fatty acid excretion in a metabolic syndrome 'at-risk' population.,2013,International journal of obesity (2005),needs_manual_review,evidence_registry,Auto-collected from PubMed E-utilities; requires manual review.,auto_search_expansion,2026-06-06
PMID:20970896,literature,PubMed,20970896,https://pubmed.ncbi.nlm.nih.gov/20970896/,10.1016/j.clnu.2010.09.009,20970896,Impact of dietary counselling and probiotic intervention on maternal anthropometric measurements during and after pregnancy: a randomized placebo-controlled trial.,2011,"Clinical nutrition (Edinburgh, Scotland)",needs_manual_review,evidence_registry,Auto-collected from PubMed E-utilities; requires manual review.,auto_search_expansion,2026-06-06
PMID:42060057,literature,PubMed,42060057,https://pubmed.ncbi.nlm.nih.gov/42060057/,10.1007/s12602-026-11035-5,42060057,Enzyme-Triggered Microcapsules for Colon-Targeted Delivery of Lacticaseibacillus rhamnosus Improve Metabolic Parameters in an Obese Mouse Model.,2026,Probiotics and antimicrobial proteins,needs_manual_review,evidence_registry,Auto-collected from PubMed E-utilities; requires manual review.,auto_search,2026-05-26
PMID:41930918,literature,PubMed,41930918,https://pubmed.ncbi.nlm.nih.gov/41930918/,10.2174/0115665240391524251201102455,41930918,Gut Microbiota and Metabolic Profiles Reveal the Mechanism of Weight Loss in Patients with Obesity Stimulated By Acupuncture.,2026,Current molecular medicine,needs_manual_review,evidence_registry,Auto-collected from PubMed E-utilities; requires manual review.,auto_search,2026-05-26
PMID:41673409,literature,PubMed,41673409,https://pubmed.ncbi.nlm.nih.gov/41673409/,10.1038/s41598-026-35214-0,41673409,Sibutramine high-doses effects in cafeteria diet-induced obese rats.,2026,Scientific reports,needs_manual_review,evidence_registry,Auto-collected from PubMed E-utilities; requires manual review.,auto_search,2026-05-26
PMID:41377121,literature,PubMed,41377121,https://pubmed.ncbi.nlm.nih.gov/41377121/,10.1016/j.csbj.2025.11.043,41377121,Low-calorie diet intervention ameliorates gut microbiota dysbiosis and metabolic changes in obese patients with type 2 diabetes under standard care.,2025,Computational and structural biotechnology journal,needs_manual_review,evidence_registry,Auto-collected from PubMed E-utilities; requires manual review.,auto_search,2026-05-26
PMID:40907063,literature,PubMed,40907063,https://pubmed.ncbi.nlm.nih.gov/40907063/,10.1016/j.clnu.2025.08.018,40907063,The ecology of the microbiota in children with obesity is associated with the intake of carbohydrates and insulin resistance.,2025,"Clinical nutrition (Edinburgh, Scotland)",needs_manual_review,evidence_registry,Auto-collected from PubMed E-utilities; requires manual review.,auto_search,2026-05-26
PMID:40892275,literature,PubMed,40892275,https://pubmed.ncbi.nlm.nih.gov/40892275/,10.1007/s40519-025-01784-7,40892275,Post-bariatric surgery quality-of-life decline: analysis of the gut-brain axis.,2025,Eating and weight disorders : EWD,needs_manual_review,evidence_registry,Auto-collected from PubMed E-utilities; requires manual review.,auto_search,2026-05-26
PMID:40606560,literature,PubMed,40606560,https://pubmed.ncbi.nlm.nih.gov/40606560/,10.1007/s43657-024-00165-x,40606560,Multi-Omics Exploration of Obesity Biomarkers in Sedentary and Weight Loss Cohorts.,2025,"Phenomics (Cham, Switzerland)",needs_manual_review,evidence_registry,Auto-collected from PubMed E-utilities; requires manual review.,auto_search,2026-05-26
PMID:40434504,literature,PubMed,40434504,https://pubmed.ncbi.nlm.nih.gov/40434504/,10.1007/s12602-025-10605-3,40434504,Harnessing Probiotics: Exploring the Role of the Gut Microbiome in Combating Obesity.,2025,Probiotics and antimicrobial proteins,needs_manual_review,evidence_registry,Auto-collected from PubMed E-utilities; requires manual review.,auto_search,2026-05-26
PMID:40046174,literature,PubMed,40046174,https://pubmed.ncbi.nlm.nih.gov/40046174/,10.2147/JAA.S478329,40046174,Glucagon-Like Peptide 1 Receptor (Glp1r) Deficiency Does Not Appreciably Alter Airway Inflammation or Gut-Lung Microbiome Axis in a Mouse Model of Obese Allergic Airways Disease and Bariatric Surgery.,2025,Journal of asthma and allergy,needs_manual_review,evidence_registry,Auto-collected from PubMed E-utilities; requires manual review.,auto_search,2026-05-26
PMID:39778852,literature,PubMed,39778852,https://pubmed.ncbi.nlm.nih.gov/39778852/,10.1016/j.ijbiomac.2025.139577,39778852,Characterization of a novel type 4 resistant starch from tapioca and its obesity-preventive effects through gut microbiota modulation in high-fat diet-treated mice.,2025,International journal of biological macromolecules,needs_manual_review,evidence_registry,Auto-collected from PubMed E-utilities; requires manual review.,auto_search,2026-05-26
PMID:39539712,literature,PubMed,39539712,https://pubmed.ncbi.nlm.nih.gov/39539712/,10.3389/fmicb.2024.1381423,39539712,Stress-induced obesity in mice causes cognitive decline associated with inhibition of hippocampal neurogenesis and dysfunctional gut microbiota.,2024,Frontiers in microbiology,needs_manual_review,evidence_registry,Auto-collected from PubMed E-utilities; requires manual review.,auto_search,2026-05-26
PMID:39481656,literature,PubMed,39481656,https://pubmed.ncbi.nlm.nih.gov/39481656/,10.1016/j.bcp.2024.116596,39481656,Insights into the modulatory effects of host-gut microbial xanthine co-metabolism on high-fat diet-fed mice.,2024,Biochemical pharmacology,needs_manual_review,evidence_registry,Auto-collected from PubMed E-utilities; requires manual review.,auto_search,2026-05-26
PMID:39455650,literature,PubMed,39455650,https://pubmed.ncbi.nlm.nih.gov/39455650/,10.1038/s41598-024-75594-9,39455650,Effects of Lactiplantibacillus plantarum CBT LP3 and Bifidobacterium breve CBT BR3 supplementation on weight loss and gut microbiota of overweight dogs.,2024,Scientific reports,needs_manual_review,evidence_registry,Auto-collected from PubMed E-utilities; requires manual review.,auto_search,2026-05-26
PMID:38999802,literature,PubMed,38999802,https://pubmed.ncbi.nlm.nih.gov/38999802/,10.3390/nu16132055,38999802,"Preoperative Multistrain Probiotic Supplementation Does Not Affect Body Weight Changes or Cardiometabolic Risk Factors in Bariatrics: Randomized, Double-Blind, Placebo-Controlled Clinical Trial.",2024,Nutrients,needs_manual_review,evidence_registry,Auto-collected from PubMed E-utilities; requires manual review.,auto_search,2026-05-26
PMID:38299011,literature,PubMed,38299011,https://pubmed.ncbi.nlm.nih.gov/38299011/,10.1515/biol-2022-0803,38299011,Gut microbiota changes associated with low-carbohydrate diet intervention for obesity.,2024,Open life sciences,needs_manual_review,evidence_registry,Auto-collected from PubMed E-utilities; requires manual review.,auto_search,2026-05-26
PMID:38270436,literature,PubMed,38270436,https://pubmed.ncbi.nlm.nih.gov/38270436/,10.1128/spectrum.02552-23,38270436,Dietary supplementation with probiotics promotes weight loss by reshaping the gut microbiome and energy metabolism in obese dogs.,2024,Microbiology spectrum,needs_manual_review,evidence_registry,Auto-collected from PubMed E-utilities; requires manual review.,auto_search,2026-05-26
PMID:37960202,literature,PubMed,37960202,https://pubmed.ncbi.nlm.nih.gov/37960202/,10.3390/nu15214549,37960202,"Effect of Lactobacillus kefiri, in Conjunction with PENS T6 and a Hypocaloric Diet, on Weight Loss, Hypertension and Laboratory Glycemic and Lipid Profile.",2023,Nutrients,needs_manual_review,evidence_registry,Auto-collected from PubMed E-utilities; requires manual review.,auto_search,2026-05-26
PMID:37836532,literature,PubMed,37836532,https://pubmed.ncbi.nlm.nih.gov/37836532/,10.3390/nu15194248,37836532,Effects of Synbiotic Supplementation on Metabolic Syndrome Traits and Gut Microbial Profile among Overweight and Obese Hong Kong Chinese Individuals: A Randomized Trial.,2023,Nutrients,needs_manual_review,evidence_registry,Auto-collected from PubMed E-utilities; requires manual review.,auto_search,2026-05-26
PMID:37772600,literature,PubMed,37772600,https://pubmed.ncbi.nlm.nih.gov/37772600/,10.1093/jas/skad338,37772600,"Effects of overfeeding on the digestive efficiency, voluntary physical activity levels, and fecal characteristics and microbiota of adult cats.",2023,Journal of animal science,needs_manual_review,evidence_registry,Auto-collected from PubMed E-utilities; requires manual review.,auto_search,2026-05-26
PMID:37685493,literature,PubMed,37685493,https://pubmed.ncbi.nlm.nih.gov/37685493/,10.3390/healthcare11172459,37685493,Exploring Gut Microbiota and the Influence of Physical Activity Interventions on Overweight and Obese Children and Adolescents: A Systematic Review.,2023,"Healthcare (Basel, Switzerland)",needs_manual_review,evidence_registry,Auto-collected from PubMed E-utilities; requires manual review.,auto_search,2026-05-26
PMID:37642346,literature,PubMed,37642346,https://pubmed.ncbi.nlm.nih.gov/37642346/,10.1080/19490976.2023.2250482,37642346,"Gut microbiome diversity, variability, and latent community types compared with shifts in body weight during the freshman year of college in dormitory-housed adolescents.",2023,Gut microbes,needs_manual_review,evidence_registry,Auto-collected from PubMed E-utilities; requires manual review.,auto_search,2026-05-26
PMID:37630832,literature,PubMed,37630832,https://pubmed.ncbi.nlm.nih.gov/37630832/,10.3390/nu15163642,37630832,Modulatory Effects of Co-Fermented Pu-erh Tea with Aqueous Corn Silk Extract on Gut Microbes and Fecal Metabolites in Mice Fed High-Fat Diet.,2023,Nutrients,needs_manual_review,evidence_registry,Auto-collected from PubMed E-utilities; requires manual review.,auto_search,2026-05-26
PMID:36904067,literature,PubMed,36904067,https://pubmed.ncbi.nlm.nih.gov/36904067/,10.3390/nu15051067,36904067,A Pilot Study: The Reduction in Fecal Acetate in Obese Patients after Probiotic Administration and Percutaneous Electrical Neurostimulation.,2023,Nutrients,needs_manual_review,evidence_registry,Auto-collected from PubMed E-utilities; requires manual review.,auto_search,2026-05-26
PMID:36879442,literature,PubMed,36879442,https://pubmed.ncbi.nlm.nih.gov/36879442/,10.1093/jas/skad073,36879442,"Effects of weight loss and feeding specially formulated diets on the body composition, blood metabolite profiles, voluntary physical activity, and fecal metabolites and microbiota of obese dogs.",2023,Journal of animal science,needs_manual_review,evidence_registry,Auto-collected from PubMed E-utilities; requires manual review.,auto_search,2026-05-26
PMID:36606510,literature,PubMed,36606510,https://pubmed.ncbi.nlm.nih.gov/36606510/,10.1002/edm2.402,36606510,"A clinical trial about effects of prebiotic and probiotic supplementation on weight loss, psychological profile and metabolic parameters in obese subjects.",2023,"Endocrinology, diabetes & metabolism",needs_manual_review,evidence_registry,Auto-collected from PubMed E-utilities; requires manual review.,auto_search,2026-05-26
PMID:36091491,literature,PubMed,36091491,https://pubmed.ncbi.nlm.nih.gov/36091491/,10.1016/j.xinn.2022.100304,36091491,Multi-omic analyses identify mucosa bacteria and fecal metabolites associated with weight loss after fecal microbiota transplantation.,2022,Innovation (Cambridge (Mass.)),needs_manual_review,evidence_registry,Auto-collected from PubMed E-utilities; requires manual review.,auto_search,2026-05-26
PMID:35977666,literature,PubMed,35977666,https://pubmed.ncbi.nlm.nih.gov/35977666/,10.1016/j.jnutbio.2022.109122,35977666,Functional fiber enhances the effect of every-other-day fasting on insulin sensitivity by regulating the gut microecosystem.,2022,The Journal of nutritional biochemistry,needs_manual_review,evidence_registry,Auto-collected from PubMed E-utilities; requires manual review.,auto_search,2026-05-26
PMID:35845797,literature,PubMed,35845797,https://pubmed.ncbi.nlm.nih.gov/35845797/,10.3389/fnut.2022.898037,35845797,"Effects of Multispecies Synbiotic Supplementation on Anthropometric Measurements, Glucose and Lipid Parameters in Children With Exogenous Obesity: A Randomized, Double Blind, Placebo-Controlled Clinical Trial (Probesity-2 Trial).",2022,Frontiers in nutrition,needs_manual_review,evidence_registry,Auto-collected from PubMed E-utilities; requires manual review.,auto_search,2026-05-26
PMID:35685874,literature,PubMed,35685874,https://pubmed.ncbi.nlm.nih.gov/35685874/,10.3389/fnut.2022.871556,35685874,Effects of Oat Complex High-Fiber Formula Powder on the Composition of Intestinal Microbiota and Enzyme Activities in Mice Induced by a High-Fat Diet.,2022,Frontiers in nutrition,needs_manual_review,evidence_registry,Auto-collected from PubMed E-utilities; requires manual review.,auto_search,2026-05-26
PMID:35565835,literature,PubMed,35565835,https://pubmed.ncbi.nlm.nih.gov/35565835/,10.3390/nu14091868,35565835,Pleurotus Ostreatus Ameliorates Obesity by Modulating the Gut Microbiota in Obese Mice Induced by High-Fat Diet.,2022,Nutrients,needs_manual_review,evidence_registry,Auto-collected from PubMed E-utilities; requires manual review.,auto_search,2026-05-26
PMID:35467389,literature,PubMed,35467389,https://pubmed.ncbi.nlm.nih.gov/35467389/,10.1128/spectrum.00837-22,35467389,Whole-Genome Shotgun Metagenomic Sequencing Reveals Distinct Gut Microbiome Signatures of Obese Cats.,2022,Microbiology spectrum,needs_manual_review,evidence_registry,Auto-collected from PubMed E-utilities; requires manual review.,auto_search,2026-05-26
PMID:35334927,literature,PubMed,35334927,https://pubmed.ncbi.nlm.nih.gov/35334927/,10.3390/nu14061270,35334927,Probiotic Strains Isolated from an Olympic Woman's Weightlifting Gold Medalist Increase Weight Loss and Exercise Performance in a Mouse Model.,2022,Nutrients,needs_manual_review,evidence_registry,Auto-collected from PubMed E-utilities; requires manual review.,auto_search,2026-05-26
PMID:34967874,literature,PubMed,34967874,https://pubmed.ncbi.nlm.nih.gov/34967874/,10.1093/jas/skab379,34967874,"Weight loss and high-protein, high-fiber diet consumption impact blood metabolite profiles, body composition, voluntary physical activity, fecal microbiota, and fecal metabolites of adult dogs.",2022,Journal of animal science,needs_manual_review,evidence_registry,Auto-collected from PubMed E-utilities; requires manual review.,auto_search,2026-05-26
PMID:34946095,literature,PubMed,34946095,https://pubmed.ncbi.nlm.nih.gov/34946095/,10.3390/microorganisms9122493,34946095,Metagenome-Scale Metabolic Network Suggests Folate Produced by Bifidobacterium longum Might Contribute to High-Fiber-Diet-Induced Weight Loss in a Prader-Willi Syndrome Child.,2021,Microorganisms,needs_manual_review,evidence_registry,Auto-collected from PubMed E-utilities; requires manual review.,auto_search,2026-05-26
PMID:34684633,literature,PubMed,34684633,https://pubmed.ncbi.nlm.nih.gov/34684633/,10.3390/nu13103627,34684633,Effects of Probiotics and Synbiotics on Weight Loss in Subjects with Overweight or Obesity: A Systematic Review.,2021,Nutrients,needs_manual_review,evidence_registry,Auto-collected from PubMed E-utilities; requires manual review.,auto_search,2026-05-26
PMID:34592220,literature,PubMed,34592220,https://pubmed.ncbi.nlm.nih.gov/34592220/,10.1016/j.ijbiomac.2021.09.150,34592220,Novel β-mannanase/GLP-1 fusion peptide high effectively ameliorates obesity in a mouse model by modifying balance of gut microbiota.,2021,International journal of biological macromolecules,needs_manual_review,evidence_registry,Auto-collected from PubMed E-utilities; requires manual review.,auto_search,2026-05-26
PMID:42092775,literature,PubMed,42092775,https://pubmed.ncbi.nlm.nih.gov/42092775/,10.1080/19490976.2026.2668127,42092775,A novel bile salt hydrolase-producing Ligilactobacillus salivarius prevents diet-induced obesity via regulation of bile acid metabolism and glucagon-like peptide 1 restoration.,2026,Gut microbes,needs_manual_review,evidence_registry,Auto-collected from PubMed E-utilities; requires manual review.,auto_search_expansion,2026-06-06
PMID:35174840,literature,PubMed,35174840,https://pubmed.ncbi.nlm.nih.gov/35174840/,10.1039/d1fo04116a,35174840,Apple polyphenol extract modulates bile acid metabolism and gut microbiota by regulating the circadian rhythms in daytime-restricted high fat diet feeding C57BL/6 male mice.,2022,Food & function,needs_manual_review,evidence_registry,Auto-collected from PubMed E-utilities; requires manual review.,auto_search_expansion,2026-06-06
PMID:31752378,literature,PubMed,31752378,https://pubmed.ncbi.nlm.nih.gov/31752378/,10.3390/nu11112837,31752378,Role of Probiotics in Non-alcoholic Fatty Liver Disease: Does Gut Microbiota Matter?,2019,Nutrients,needs_manual_review,evidence_registry,Auto-collected from PubMed E-utilities; requires manual review.,auto_search_expansion,2026-06-06
PMID:42243519,literature,PubMed,42243519,https://pubmed.ncbi.nlm.nih.gov/42243519/,10.1038/s41366-026-02121-3,42243519,"Exercise reprograms the gut microbiota to enhance metabolic outcomes after bariatric surgery: a translational, cross-species study.",2026,International journal of obesity (2005),needs_manual_review,evidence_registry,Auto-collected from PubMed E-utilities; requires manual review.,auto_search_expansion,2026-06-06
PMID:42166751,literature,PubMed,42166751,https://pubmed.ncbi.nlm.nih.gov/42166751/,10.2196/82436,42166751,Effect of Branched-Chain Amino Acid Supplementation Alone or Combined With Tryptophan or Methionine on Appetite Control and Related Health Outcomes in Older Adults: Protocol for a Randomized Controlled Trial.,2026,JMIR research protocols,needs_manual_review,evidence_registry,Auto-collected from PubMed E-utilities; requires manual review.,auto_search_expansion,2026-06-06
PMID:42142662,literature,PubMed,42142662,https://pubmed.ncbi.nlm.nih.gov/42142662/,10.1016/j.tjnut.2026.101595,42142662,"The Effects of a Powdered Meal Replacement on Inflammation, Gut Microbiota, and Metabolism in People With Excess Body Weight-A Randomized Controlled Trial.",2026,The Journal of nutrition,needs_manual_review,evidence_registry,Auto-collected from PubMed E-utilities; requires manual review.,auto_search_expansion,2026-06-06
PMID:42097279,literature,PubMed,42097279,https://pubmed.ncbi.nlm.nih.gov/42097279/,10.1016/j.ajcnut.2026.101340,42097279,Gut microbiota responses to isocaloric macronutrient modulation in tissue-specific insulin resistance: a secondary analysis of the PERSonalized glucose Optimization through Nutritional intervention (PERSON) randomized trial.,2026,The American journal of clinical nutrition,needs_manual_review,evidence_registry,Auto-collected from PubMed E-utilities; requires manual review.,auto_search_expansion,2026-06-06
PMID:42058078,literature,PubMed,42058078,https://pubmed.ncbi.nlm.nih.gov/42058078/,10.3389/fpubh.2026.1812397,42058078,"Study protocol for a pragmatic randomized controlled trial evaluating coarse-cereal intake intervention for obesity prevention among primary school students in suburban Beijing, China.",2026,Frontiers in public health,needs_manual_review,evidence_registry,Auto-collected from PubMed E-utilities; requires manual review.,auto_search_expansion,2026-06-06
PMID:42044842,literature,PubMed,42044842,https://pubmed.ncbi.nlm.nih.gov/42044842/,10.1016/j.clnesp.2026.103306,42044842,"The effect of a two-week low glycaemic index, higher fibre diet versus high glycaemic index diet on body composition, ectopic lipids, inflammatory biomarkers, gastrointestinal hormones and gut microbiota in metabolic dysfunction-associated steatotic liver disease (MASLD): A pilot randomized cross-over study.",2026,Clinical nutrition ESPEN,needs_manual_review,evidence_registry,Auto-collected from PubMed E-utilities; requires manual review.,auto_search_expansion,2026-06-06
PMID:41997541,literature,PubMed,41997541,https://pubmed.ncbi.nlm.nih.gov/41997541/,10.1016/j.cct.2026.108311,41997541,"Combined effectiveness of omega-3 PUFA-rich fish oil supplementation and high-intensity interval training in obesity associated metabolic dysfunction: Protocol for a double-blind, randomized clinical trial.",2026,Contemporary clinical trials,needs_manual_review,evidence_registry,Auto-collected from PubMed E-utilities; requires manual review.,auto_search_expansion,2026-06-06
PMID:41875058,literature,PubMed,41875058,https://pubmed.ncbi.nlm.nih.gov/41875058/,10.1152/ajpgi.00412.2025,41875058,Improvement of glucose homeostasis during leptin treatment does not alter the intestinal microbiome in male diabetic UC Davis type-2 diabetes mellitus rats.,2026,American journal of physiology. Gastrointestinal and liver physiology,needs_manual_review,evidence_registry,Auto-collected from PubMed E-utilities; requires manual review.,auto_search_expansion,2026-06-06
PMID:41861447,literature,PubMed,41861447,https://pubmed.ncbi.nlm.nih.gov/41861447/,10.1016/j.clnu.2026.106618,41861447,"Effects of hypocaloric wholegrain rye vs refined wheat diets on weight loss, cardiometabolic risk factors and gut microbiota: A 12-week randomized controlled trial.",2026,"Clinical nutrition (Edinburgh, Scotland)",needs_manual_review,evidence_registry,Auto-collected from PubMed E-utilities; requires manual review.,auto_search_expansion,2026-06-06
PMID:41754080,literature,PubMed,41754080,https://pubmed.ncbi.nlm.nih.gov/41754080/,10.3390/nu18040563,41754080,Associations Between Gut Microbiome Enterotypes and Body Weight Change During Whole Milk Consumption.,2026,Nutrients,needs_manual_review,evidence_registry,Auto-collected from PubMed E-utilities; requires manual review.,auto_search_expansion,2026-06-06
PMID:41711285,literature,PubMed,41711285,https://pubmed.ncbi.nlm.nih.gov/41711285/,10.1080/19490976.2026.2631824,41711285,Children's gut microbiota predicts the efficacy of obesity treatment.,2026,Gut microbes,needs_manual_review,evidence_registry,Auto-collected from PubMed E-utilities; requires manual review.,auto_search_expansion,2026-06-06
PMID:41667211,literature,PubMed,41667211,https://pubmed.ncbi.nlm.nih.gov/41667211/,10.1017/S000711452610645X,41667211,Big breakfast diet composition impacts on appetite control and gut health: a randomised weight loss trial in adults with overweight or obesity.,2026,The British journal of nutrition,needs_manual_review,evidence_registry,Auto-collected from PubMed E-utilities; requires manual review.,auto_search_expansion,2026-06-06
PMID:41659802,literature,PubMed,41659802,https://pubmed.ncbi.nlm.nih.gov/41659802/,10.3389/fnut.2025.1686416,41659802,Effects of modified fasting therapy on tongue coating and gut microbiome in overweight and obese adults: a controlled clinical trial.,2025,Frontiers in nutrition,needs_manual_review,evidence_registry,Auto-collected from PubMed E-utilities; requires manual review.,auto_search_expansion,2026-06-06
PMID:41609510,literature,PubMed,41609510,https://pubmed.ncbi.nlm.nih.gov/41609510/,10.1080/27697061.2025.2610805,41609510,"Supplementation With Lactococcus lactis LMG 27352: Lack of Beneficial Effects on Cardiometabolic Risk in Obese Patients Without Concomitant Dietary Intervention-A Randomized, Triple-Blind, Placebo-Controlled Clinical Trial.",2026,Journal of the American Nutrition Association,needs_manual_review,evidence_registry,Auto-collected from PubMed E-utilities; requires manual review.,auto_search_expansion,2026-06-06
PMID:41450549,literature,PubMed,41450549,https://pubmed.ncbi.nlm.nih.gov/41450549/,10.3389/fnut.2025.1703255,41450549,"Exploring the interplay between diet, obesity, mental health, and the gut microbiota: the MIND-GUT intervention study, study protocol.",2025,Frontiers in nutrition,needs_manual_review,evidence_registry,Auto-collected from PubMed E-utilities; requires manual review.,auto_search_expansion,2026-06-06
PMID:41418290,literature,PubMed,41418290,https://pubmed.ncbi.nlm.nih.gov/41418290/,10.2196/82032,41418290,Effects of Walnuts on Postprandial Cognitive Function in Adults With Subjective Cognitive Impairment: Protocol for a Randomized Crossover Trial.,2025,JMIR research protocols,needs_manual_review,evidence_registry,Auto-collected from PubMed E-utilities; requires manual review.,auto_search_expansion,2026-06-06
PMID:41314293,literature,PubMed,41314293,https://pubmed.ncbi.nlm.nih.gov/41314293/,10.1016/j.tjnut.2025.11.013,41314293,Caloric Restriction Alleviates Anxiety-Like Behaviors by Mitigating Neuroinflammation and Insulin Signaling Dysregulation in a High-Fat Diet-Induced Obesity Mouse Model.,2026,The Journal of nutrition,needs_manual_review,evidence_registry,Auto-collected from PubMed E-utilities; requires manual review.,auto_search_expansion,2026-06-06
PMID:41163367,literature,PubMed,41163367,https://pubmed.ncbi.nlm.nih.gov/41163367/,10.1080/19490976.2025.2570862,41163367,Gut enterotype- and body mass index (BMI)-dependent effects of anthocyanin supplementation on gut microbiota composition in individuals at risk for cognitive decline: a randomized placebo-controlled trial.,2025,Gut microbes,needs_manual_review,evidence_registry,Auto-collected from PubMed E-utilities; requires manual review.,auto_search_expansion,2026-06-06
PMID:41141981,literature,PubMed,41141981,https://pubmed.ncbi.nlm.nih.gov/41141981/,10.2147/DMSO.S558226,41141981,Investigating the Microbiota-Gut-Brain Axis Mechanisms of Transcutaneous Auricular Vagus Nerve Stimulation in Patients with Obesity: A Study Protocol for a Randomized Controlled Trial.,2025,"Diabetes, metabolic syndrome and obesity : targets and therapy",needs_manual_review,evidence_registry,Auto-collected from PubMed E-utilities; requires manual review.,auto_search_expansion,2026-06-06
PMID:41075788,literature,PubMed,41075788,https://pubmed.ncbi.nlm.nih.gov/41075788/,10.1016/j.xcrm.2025.102417,41075788,Food- vs. supplement-based very-low-energy diets and gut microbiome composition in women with high body mass index: A randomized controlled trial.,2025,Cell reports. Medicine,needs_manual_review,evidence_registry,Auto-collected from PubMed E-utilities; requires manual review.,auto_search_expansion,2026-06-06
PMID:40977640,literature,PubMed,40977640,https://pubmed.ncbi.nlm.nih.gov/40977640/,10.1039/d5fo02449h,40977640,Effects of dietary energy restriction of ultra-processed foods compared to a generic energy restriction on the intestinal microbiota of individuals with obesity: a secondary analysis of a randomized clinical trial.,2025,Food & function,needs_manual_review,evidence_registry,Auto-collected from PubMed E-utilities; requires manual review.,auto_search_expansion,2026-06-06
PMID:40965226,literature,PubMed,40965226,https://pubmed.ncbi.nlm.nih.gov/40965226/,10.1002/mnfr.70198,40965226,"Effects of a Probiotic Formulation Based on SF68, Phytosterols, and 6S-5-Methyltetrahydrofolic Acid on Body Composition, Biochemical Parameters, Gut Microbiota, and Gastrointestinal and General Symptoms of Overweight/Obese Subjects: The PrObesity Study.",2025,Molecular nutrition & food research,needs_manual_review,evidence_registry,Auto-collected from PubMed E-utilities; requires manual review.,auto_search_expansion,2026-06-06
PMID:40902730,literature,PubMed,40902730,https://pubmed.ncbi.nlm.nih.gov/40902730/,10.1016/j.tjnut.2025.08.026,40902730,Can Probiotics Influence Adaptive Thermogenesis Induced by Continuous Energy Restriction after a 12-Week Intervention in Adult Males Living with Obesity? A Secondary Analysis of a Randomized Clinical Trial (São Paulo Clinical Study of Obesity and Intestinal Microbiota).,2025,The Journal of nutrition,needs_manual_review,evidence_registry,Auto-collected from PubMed E-utilities; requires manual review.,auto_search_expansion,2026-06-06
PMID:40873449,literature,PubMed,40873449,https://pubmed.ncbi.nlm.nih.gov/40873449/,10.3389/fnut.2025.1644014,40873449,Multi-omics integration reveals the impact of mediterranean diet on hepatic metabolism and gut microbiota in mice with metabolic dysfunction-associated steatotic liver disease.,2025,Frontiers in nutrition,needs_manual_review,evidence_registry,Auto-collected from PubMed E-utilities; requires manual review.,auto_search_expansion,2026-06-06
PMID:40828642,literature,PubMed,40828642,https://pubmed.ncbi.nlm.nih.gov/40828642/,10.1113/JP287424,40828642,Effects of a combined energy restriction and vigorous-intensity exercise intervention on the human gut microbiome: A randomised controlled trial.,2025,The Journal of physiology,needs_manual_review,evidence_registry,Auto-collected from PubMed E-utilities; requires manual review.,auto_search_expansion,2026-06-06
PMID:40813684,literature,PubMed,40813684,https://pubmed.ncbi.nlm.nih.gov/40813684/,10.1186/s13098-025-01869-4,40813684,Carotenoid and peptide supplementation from Caulerpa sp. (sea grapes) extract mitigate metabolic syndrome in cholesterol-enriched diet rats via modulation of gut microbiota.,2025,Diabetology & metabolic syndrome,needs_manual_review,evidence_registry,Auto-collected from PubMed E-utilities; requires manual review.,auto_search_expansion,2026-06-06
PMID:40806053,literature,PubMed,40806053,https://pubmed.ncbi.nlm.nih.gov/40806053/,10.3390/nu17152468,40806053,Effect of Polyphenol-Rich Interventions on Gut Microbiota and Inflammatory or Oxidative Stress Markers in Adults Who Are Overweight or Obese: A Systematic Review and Meta-Analysis.,2025,Nutrients,needs_manual_review,evidence_registry,Auto-collected from PubMed E-utilities; requires manual review.,auto_search_expansion,2026-06-06
PMID:40802664,literature,PubMed,40802664,https://pubmed.ncbi.nlm.nih.gov/40802664/,10.1371/journal.pone.0328774,40802664,Effects of Baobab fruit powder on gut and cardiometabolic health in obesity-Protocol for a randomised placebo-controlled trial.,2025,PloS one,needs_manual_review,evidence_registry,Auto-collected from PubMed E-utilities; requires manual review.,auto_search_expansion,2026-06-06
PMID:40783766,literature,PubMed,40783766,https://pubmed.ncbi.nlm.nih.gov/40783766/,10.1186/s13195-025-01820-9,40783766,"Distinct gut microbiota profiles and network properties in older Korean individuals with subjective cognitive decline, mild cognitive impairment, and Alzheimer's disease.",2025,Alzheimer's research & therapy,needs_manual_review,evidence_registry,Auto-collected from PubMed E-utilities; requires manual review.,auto_search_expansion,2026-06-06
PMID:40647269,literature,PubMed,40647269,https://pubmed.ncbi.nlm.nih.gov/40647269/,10.3390/nu17132164,40647269,"Twelve-Week Curcumin Supplementation Improves Glucose Homeostasis and Gut Health in Prediabetic Older Adults: A Pilot, Double-Blind, Placebo-Controlled Trial.",2025,Nutrients,needs_manual_review,evidence_registry,Auto-collected from PubMed E-utilities; requires manual review.,auto_search_expansion,2026-06-06
PMID:40663640,literature,PubMed,40663640,https://pubmed.ncbi.nlm.nih.gov/40663640/,10.3310/GKWP5267,40663640,,2025,,needs_manual_review,evidence_registry,Auto-collected from PubMed E-utilities; requires manual review.,auto_search_expansion,2026-06-06
PMID:40507757,literature,PubMed,40507757,https://pubmed.ncbi.nlm.nih.gov/40507757/,10.3390/jcm14113998,40507757,"Corporal Composition and Gut Microbiome Modification Through Exclusion Dietary Intervention in Adult Patients with Crohn's Disease: Protocol for a Prospective, Interventional, Controlled, Randomized Clinical Trial.",2025,Journal of clinical medicine,needs_manual_review,evidence_registry,Auto-collected from PubMed E-utilities; requires manual review.,auto_search_expansion,2026-06-06
PMID:40390848,literature,PubMed,40390848,https://pubmed.ncbi.nlm.nih.gov/40390848/,10.1002/fsn3.70298,40390848,"Effects of Daily Kombu (Laminaria japonica) Intake on Body Composition, Blood Pressure, and Fecal Microbiota in Healthy Adult Japanese: A Randomized, Double-Blind Study.",2025,Food science & nutrition,needs_manual_review,evidence_registry,Auto-collected from PubMed E-utilities; requires manual review.,auto_search_expansion,2026-06-06
PMID:40353878,literature,PubMed,40353878,https://pubmed.ncbi.nlm.nih.gov/40353878/,10.1089/can.2025.0034,40353878,Feasibility and Tolerability of Nabilone for the Treatment of Obesity: A Randomized Controlled Pilot Trial.,2025,Cannabis and cannabinoid research,needs_manual_review,evidence_registry,Auto-collected from PubMed E-utilities; requires manual review.,auto_search_expansion,2026-06-06
PMID:40340957,literature,PubMed,40340957,https://pubmed.ncbi.nlm.nih.gov/40340957/,10.2196/67570,40340957,Metabolic Flexibility to Predict Lifestyle Interventions Outcomes (MEPHISTO): Protocol for Predictive Validation Study and Randomized Controlled Trial.,2025,JMIR research protocols,needs_manual_review,evidence_registry,Auto-collected from PubMed E-utilities; requires manual review.,auto_search_expansion,2026-06-06
PMID:40289103,literature,PubMed,40289103,https://pubmed.ncbi.nlm.nih.gov/40289103/,10.1186/s12866-025-03968-8,40289103,Gut microbiome links obesity to type 2 diabetes: insights from Mendelian randomization.,2025,BMC microbiology,needs_manual_review,evidence_registry,Auto-collected from PubMed E-utilities; requires manual review.,auto_search_expansion,2026-06-06
PMID:40077569,literature,PubMed,40077569,https://pubmed.ncbi.nlm.nih.gov/40077569/,10.3390/foods14050866,40077569,"Effects of Liupao Tea with Different Years of Aging on Glycolipid Metabolism, Body Composition, and Gut Microbiota in Adults with Obesity or Overweight: A Randomized, Double-Blind Study.",2025,"Foods (Basel, Switzerland)",needs_manual_review,evidence_registry,Auto-collected from PubMed E-utilities; requires manual review.,auto_search_expansion,2026-06-06
PMID:39981988,literature,PubMed,39981988,https://pubmed.ncbi.nlm.nih.gov/39981988/,10.1002/mnfr.202400806,39981988,"Nutraceutical Blends Promote Weight Loss, Inflammation Reduction, and Better Sleep: The Role of Faecalibacterium prausnitzii in Overweight Adults-A Double-Blind Trial.",2025,Molecular nutrition & food research,needs_manual_review,evidence_registry,Auto-collected from PubMed E-utilities; requires manual review.,auto_search_expansion,2026-06-06
PMID:39802638,literature,PubMed,39802638,https://pubmed.ncbi.nlm.nih.gov/39802638/,10.1002/mco2.70044,39802638,"Comparison of diet and exercise on cardiometabolic factors in young adults with overweight/obesity: multiomics analysis and gut microbiota prediction, a randomized controlled trial.",2025,MedComm,needs_manual_review,evidence_registry,Auto-collected from PubMed E-utilities; requires manual review.,auto_search_expansion,2026-06-06
PMID:39796619,literature,PubMed,39796619,https://pubmed.ncbi.nlm.nih.gov/39796619/,10.3390/nu17010185,39796619,A Randomized Pilot Study of Time-Restricted Eating Shows Minimal Microbiome Changes.,2025,Nutrients,needs_manual_review,evidence_registry,Auto-collected from PubMed E-utilities; requires manual review.,auto_search_expansion,2026-06-06
PMID:39796506,literature,PubMed,39796506,https://pubmed.ncbi.nlm.nih.gov/39796506/,10.3390/nu17010072,39796506,"Role of Increasing Body Mass Index in Gut Barrier Dysfunction, Systemic Inflammation, and Metabolic Dysregulation in Obesity.",2024,Nutrients,needs_manual_review,evidence_registry,Auto-collected from PubMed E-utilities; requires manual review.,auto_search_expansion,2026-06-06
PMID:39668899,literature,PubMed,39668899,https://pubmed.ncbi.nlm.nih.gov/39668899/,10.3389/fnut.2024.1438876,39668899,"Gut microbiota, physical activity and/or metabolic markers in healthy individuals - towards new biomarkers of health.",2024,Frontiers in nutrition,needs_manual_review,evidence_registry,Auto-collected from PubMed E-utilities; requires manual review.,auto_search_expansion,2026-06-06
PMID:39639405,literature,PubMed,39639405,https://pubmed.ncbi.nlm.nih.gov/39639405/,10.1186/s13102-024-01029-7,39639405,Gut microbiota and metabolic responses to a 12-week caloric restriction combined with strength and HIIT training in patients with obesity: a randomized trial.,2024,"BMC sports science, medicine & rehabilitation",needs_manual_review,evidence_registry,Auto-collected from PubMed E-utilities; requires manual review.,auto_search_expansion,2026-06-06
PMID:39594049,literature,PubMed,39594049,https://pubmed.ncbi.nlm.nih.gov/39594049/,10.3390/foods13223635,39594049,"The Impact of Green Tea Kombucha on the Intestinal Health, Gut Microbiota, and Serum Metabolome of Individuals with Excess Body Weight in a Weight Loss Intervention: A Randomized Controlled Trial.",2024,"Foods (Basel, Switzerland)",needs_manual_review,evidence_registry,Auto-collected from PubMed E-utilities; requires manual review.,auto_search_expansion,2026-06-06
PMID:39593091,literature,PubMed,39593091,https://pubmed.ncbi.nlm.nih.gov/39593091/,10.1186/s12916-024-03771-8,39593091,Carrageenan and insulin resistance in humans: a randomised double-blind cross-over trial.,2024,BMC medicine,needs_manual_review,evidence_registry,Auto-collected from PubMed E-utilities; requires manual review.,auto_search_expansion,2026-06-06
PMID:39568738,literature,PubMed,39568738,https://pubmed.ncbi.nlm.nih.gov/39568738/,10.3389/fmed.2024.1477882,39568738,Gut dysbiosis mediates the association between antibiotic exposure and chronic disease.,2024,Frontiers in medicine,needs_manual_review,evidence_registry,Auto-collected from PubMed E-utilities; requires manual review.,auto_search_expansion,2026-06-06
PMID:39535126,literature,PubMed,39535126,https://pubmed.ncbi.nlm.nih.gov/39535126/,10.1080/19490976.2024.2426610,39535126,Gut microbial metabolism of bile acids modifies the effect of Mediterranean diet interventions on cardiometabolic risk in a randomized controlled trial.,2024,Gut microbes,needs_manual_review,evidence_registry,Auto-collected from PubMed E-utilities; requires manual review.,auto_search_expansion,2026-06-06
PMID:39454570,literature,PubMed,39454570,https://pubmed.ncbi.nlm.nih.gov/39454570/,10.1016/j.xcrm.2024.101801,39454570,Effects of healthy low-carbohydrate diet and time-restricted eating on weight and gut microbiome in adults with overweight or obesity: Feeding RCT.,2024,Cell reports. Medicine,needs_manual_review,evidence_registry,Auto-collected from PubMed E-utilities; requires manual review.,auto_search_expansion,2026-06-06
PMID:39415279,literature,PubMed,39415279,https://pubmed.ncbi.nlm.nih.gov/39415279/,10.1186/s12986-024-00851-7,39415279,"Effect of Sinetrol(®) Xpur on metabolic health and adiposity by interactions with gut microbiota: a randomized, open label, dose-response clinical trial.",2024,Nutrition & metabolism,needs_manual_review,evidence_registry,Auto-collected from PubMed E-utilities; requires manual review.,auto_search_expansion,2026-06-06
PMID:39182247,literature,PubMed,39182247,https://pubmed.ncbi.nlm.nih.gov/39182247/,10.1080/19490976.2024.2392875,39182247,Examination of sex-specific interactions between gut microbiota and host metabolism after 12-week combined polyphenol supplementation in individuals with overweight or obesity.,2024,Gut microbes,needs_manual_review,evidence_registry,Auto-collected from PubMed E-utilities; requires manual review.,auto_search_expansion,2026-06-06
PMID:39179206,literature,PubMed,39179206,https://pubmed.ncbi.nlm.nih.gov/39179206/,10.1016/j.tjnut.2024.08.015,39179206,Consumption of a Sourdough-Leavened Croissant Enriched with a Blend of Fibers Influences Fasting Blood Glucose in a Randomized Controlled Trial in Healthy Subjects.,2024,The Journal of nutrition,needs_manual_review,evidence_registry,Auto-collected from PubMed E-utilities; requires manual review.,auto_search_expansion,2026-06-06
PMID:39137936,literature,PubMed,39137936,https://pubmed.ncbi.nlm.nih.gov/39137936/,10.1080/10408398.2024.2382352,39137936,"An encompassing review of meta-analyses and systematic reviews of the effect of oats on all-cause mortality, cardiovascular risk, diabetes risk, body weight/adiposity and gut health.",2025,Critical reviews in food science and nutrition,needs_manual_review,evidence_registry,Auto-collected from PubMed E-utilities; requires manual review.,auto_search_expansion,2026-06-06
PMID:38975363,literature,PubMed,38975363,https://pubmed.ncbi.nlm.nih.gov/38975363/,10.1136/gpsych-2023-101412,38975363,"Dissecting the association between gut microbiota, body mass index and specific depressive symptoms: a mediation Mendelian randomisation study.",2024,General psychiatry,needs_manual_review,evidence_registry,Auto-collected from PubMed E-utilities; requires manual review.,auto_search_expansion,2026-06-06
PMID:38926901,literature,PubMed,38926901,https://pubmed.ncbi.nlm.nih.gov/38926901/,10.1186/s13063-024-08221-7,38926901,"Effects of whole-body vibration on body composition, microbiota, cardiometabolic markers, physical fitness, and quality of life after bariatric surgery: protocol for a randomized controlled trial.",2024,Trials,needs_manual_review,evidence_registry,Auto-collected from PubMed E-utilities; requires manual review.,auto_search_expansion,2026-06-06
PMID:38828839,literature,PubMed,38828839,https://pubmed.ncbi.nlm.nih.gov/38828839/,10.1111/dom.15692,38828839,Exploring causal effects of gut microbiota and metabolites on body fat percentage using two-sample Mendelian randomization.,2024,"Diabetes, obesity & metabolism",needs_manual_review,evidence_registry,Auto-collected from PubMed E-utilities; requires manual review.,auto_search_expansion,2026-06-06
PMID:38806467,literature,PubMed,38806467,https://pubmed.ncbi.nlm.nih.gov/38806467/,10.1038/s41467-024-48355-5,38806467,Gut microbiome remodeling and metabolomic profile improves in response to protein pacing with intermittent fasting versus continuous caloric restriction.,2024,Nature communications,needs_manual_review,evidence_registry,Auto-collected from PubMed E-utilities; requires manual review.,auto_search_expansion,2026-06-06
PMID:38769692,literature,PubMed,38769692,https://pubmed.ncbi.nlm.nih.gov/38769692/,10.1113/JP285322,38769692,"Impact of nocturnal hypoxia on glycaemic control, appetite, gut microbiota and inflammation in adults with type 2 diabetes mellitus: A single-blind cross-over trial.",2024,The Journal of physiology,needs_manual_review,evidence_registry,Auto-collected from PubMed E-utilities; requires manual review.,auto_search_expansion,2026-06-06
PMID:38674884,literature,PubMed,38674884,https://pubmed.ncbi.nlm.nih.gov/38674884/,10.3390/nu16081194,38674884,"Evaluation of Menopausal Syndrome Relief and Anti-Obesity Efficacy of the Korean Fermented Food Doenjang: A Randomized, Double-Blind Clinical Trial.",2024,Nutrients,needs_manual_review,evidence_registry,Auto-collected from PubMed E-utilities; requires manual review.,auto_search_expansion,2026-06-06
PMID:38612951,literature,PubMed,38612951,https://pubmed.ncbi.nlm.nih.gov/38612951/,10.3390/nu16070917,38612951,Effects of Soluble Dextrin Fiber from Potato Starch on Body Weight and Associated Gut Dysbiosis Are Evident in Western Diet-Fed Mice but Not in Overweight/Obese Children.,2024,Nutrients,needs_manual_review,evidence_registry,Auto-collected from PubMed E-utilities; requires manual review.,auto_search_expansion,2026-06-06
PMID:38419068,literature,PubMed,38419068,https://pubmed.ncbi.nlm.nih.gov/38419068/,10.1186/s13063-024-07996-z,38419068,"Effects of a chronotype-adapted diet on weight loss, cardiometabolic health, and gut microbiota: study protocol for a randomized controlled trial.",2024,Trials,needs_manual_review,evidence_registry,Auto-collected from PubMed E-utilities; requires manual review.,auto_search_expansion,2026-06-06
PMID:38418082,literature,PubMed,38418082,https://pubmed.ncbi.nlm.nih.gov/38418082/,10.1136/bmj-2023-077310,38418082,Ultra-processed food exposure and adverse health outcomes: umbrella review of epidemiological meta-analyses.,2024,BMJ (Clinical research ed.),needs_manual_review,evidence_registry,Auto-collected from PubMed E-utilities; requires manual review.,auto_search_expansion,2026-06-06
PMID:38246355,literature,PubMed,38246355,https://pubmed.ncbi.nlm.nih.gov/38246355/,10.1016/j.tjnut.2023.12.022,38246355,Daily Cashew and Brazil Nut Consumption Modifies Intestinal Health in Overweight Women on Energy-Restricted Intervention: A Randomized Controlled Trial (Brazilian Nuts Study).,2024,The Journal of nutrition,needs_manual_review,evidence_registry,Auto-collected from PubMed E-utilities; requires manual review.,auto_search_expansion,2026-06-06
PMID:38233990,literature,PubMed,38233990,https://pubmed.ncbi.nlm.nih.gov/38233990/,10.1249/MSS.0000000000003376,38233990,Effects of a Cycling versus Running HIIT Program on Fat Mass Loss and Gut Microbiota Composition in Men with Overweight/Obesity.,2024,Medicine and science in sports and exercise,needs_manual_review,evidence_registry,Auto-collected from PubMed E-utilities; requires manual review.,auto_search_expansion,2026-06-06
PMID:37916149,literature,PubMed,37916149,https://pubmed.ncbi.nlm.nih.gov/37916149/,10.3389/fendo.2023.1181744,37916149,A specific gut microbiota signature is associated with an enhanced GLP-1 and GLP-2 secretion and improved metabolic control in patients with type 2 diabetes after metabolic Roux-en-Y gastric bypass.,2023,Frontiers in endocrinology,needs_manual_review,evidence_registry,Auto-collected from PubMed E-utilities; requires manual review.,auto_search_expansion,2026-06-06
PMID:37709337,literature,PubMed,37709337,https://pubmed.ncbi.nlm.nih.gov/37709337/,10.1136/bmjopen-2022-070027,37709337,Impact of a Powdered Meal Replacement on Metabolism and Gut Microbiota (PREMIUM) in individuals with excessive body weight: a study protocol for a randomised controlled trial.,2023,BMJ open,needs_manual_review,evidence_registry,Auto-collected from PubMed E-utilities; requires manual review.,auto_search_expansion,2026-06-06
PMID:37630855,literature,PubMed,37630855,https://pubmed.ncbi.nlm.nih.gov/37630855/,10.3390/nu15163665,37630855,Toward Precision Weight-Loss Dietary Interventions: Findings from the POUNDS Lost Trial.,2023,Nutrients,needs_manual_review,evidence_registry,Auto-collected from PubMed E-utilities; requires manual review.,auto_search_expansion,2026-06-06
PMID:37602405,literature,PubMed,37602405,https://pubmed.ncbi.nlm.nih.gov/37602405/,10.1093/jas/skad276,37602405,"Short-term changes in dietary fat levels and starch sources affect weight management, glucose and lipid metabolism, and gut microbiota in adult cats.",2023,Journal of animal science,needs_manual_review,evidence_registry,Auto-collected from PubMed E-utilities; requires manual review.,auto_search_expansion,2026-06-06
PMID:37602197,literature,PubMed,37602197,https://pubmed.ncbi.nlm.nih.gov/37602197/,10.1007/s13755-023-00236-9,37602197,Gut microbiome biomarkers in adolescent obesity: a regional study.,2023,Health information science and systems,needs_manual_review,evidence_registry,Auto-collected from PubMed E-utilities; requires manual review.,auto_search_expansion,2026-06-06
PMID:37111082,literature,PubMed,37111082,https://pubmed.ncbi.nlm.nih.gov/37111082/,10.3390/nu15081863,37111082,"Effect of a Multispecies Synbiotic Supplementation on Body Composition, Antioxidant Status, and Gut Microbiomes in Overweight and Obese Subjects: A Randomized, Double-Blind, Placebo-Controlled Study.",2023,Nutrients,needs_manual_review,evidence_registry,Auto-collected from PubMed E-utilities; requires manual review.,auto_search_expansion,2026-06-06
PMID:37084470,literature,PubMed,37084470,https://pubmed.ncbi.nlm.nih.gov/37084470/,10.1016/j.clnu.2023.03.017,37084470,Randomized controlled trials reporting the effects of probiotics in individuals with overweight and obesity: A critical review of the interventions and body adiposity parameters.,2023,"Clinical nutrition (Edinburgh, Scotland)",needs_manual_review,evidence_registry,Auto-collected from PubMed E-utilities; requires manual review.,auto_search_expansion,2026-06-06
PMID:37083403,literature,PubMed,37083403,https://pubmed.ncbi.nlm.nih.gov/37083403/,10.1089/met.2022.0071,37083403,Gut Microbiota and Serum Metabolites in Individuals with Class III Obesity Without Type 2 Diabetes Mellitus: Pilot Analysis.,2023,Metabolic syndrome and related disorders,needs_manual_review,evidence_registry,Auto-collected from PubMed E-utilities; requires manual review.,auto_search_expansion,2026-06-06
PMID:37082115,literature,PubMed,37082115,https://pubmed.ncbi.nlm.nih.gov/37082115/,10.3389/fendo.2023.1096093,37082115,Time-restricted feeding's effect on overweight and obese patients with chronic kidney disease stages 3-4: A prospective non-randomized control pilot study.,2023,Frontiers in endocrinology,needs_manual_review,evidence_registry,Auto-collected from PubMed E-utilities; requires manual review.,auto_search_expansion,2026-06-06
PMID:37016727,literature,PubMed,37016727,https://pubmed.ncbi.nlm.nih.gov/37016727/,10.1002/oby.23717,37016727,The gut microbiome and regional fat distribution: Findings from the Baltimore Longitudinal Study of Aging.,2023,"Obesity (Silver Spring, Md.)",needs_manual_review,evidence_registry,Auto-collected from PubMed E-utilities; requires manual review.,auto_search_expansion,2026-06-06
PMID:36856122,literature,PubMed,36856122,https://pubmed.ncbi.nlm.nih.gov/36856122/,10.3920/BM2022.0078,36856122,Agave fructans enhance the effects of fermented milk products on obesity biomarkers: a randomised trial.,2023,Beneficial microbes,needs_manual_review,evidence_registry,Auto-collected from PubMed E-utilities; requires manual review.,auto_search_expansion,2026-06-06
PMID:36793105,literature,PubMed,36793105,https://pubmed.ncbi.nlm.nih.gov/36793105/,10.1186/s13063-023-07115-4,36793105,"Design of the Building Research in CRC prevention (BRIDGE-CRC) trial: a 6-month, parallel group Mediterranean diet and weight loss randomized controlled lifestyle intervention targeting the bile acid-gut microbiome axis to reduce colorectal cancer risk among African American/Black adults with obesity.",2023,Trials,needs_manual_review,evidence_registry,Auto-collected from PubMed E-utilities; requires manual review.,auto_search_expansion,2026-06-06
PMID:36674104,literature,PubMed,36674104,https://pubmed.ncbi.nlm.nih.gov/36674104/,10.3390/ijerph20021348,36674104,Effects of a Diet Containing Sources of Prebiotics and Probiotics and Modification of the Gut Microbiota on the Reduction of Body Fat.,2023,International journal of environmental research and public health,needs_manual_review,evidence_registry,Auto-collected from PubMed E-utilities; requires manual review.,auto_search_expansion,2026-06-06
PMID:36512109,literature,PubMed,36512109,https://pubmed.ncbi.nlm.nih.gov/36512109/,10.1007/s00520-022-07496-3,36512109,Health-related quality of life is associated with fecal microbial composition in breast cancer survivors.,2022,Supportive care in cancer : official journal of the Multinational Association of Supportive Care in Cancer,needs_manual_review,evidence_registry,Auto-collected from PubMed E-utilities; requires manual review.,auto_search_expansion,2026-06-06
PMID:40598275,literature,PubMed,40598275,https://pubmed.ncbi.nlm.nih.gov/40598275/,10.1186/s12916-025-04189-6,40598275,"Differential effects of inulin and fructooligosaccharides on gut microbiota composition and glycemic metabolism in overweight/obese and healthy individuals: a randomized, double-blind clinical trial.",2025,BMC medicine,needs_manual_review,evidence_registry,Auto-collected from PubMed E-utilities; requires manual review.,auto_search_supplement,2026-06-06
PMID:40451504,literature,PubMed,40451504,https://pubmed.ncbi.nlm.nih.gov/40451504/,10.1016/j.clnesp.2025.05.045,40451504,"Comparing the effects of yogurt containing Akkermansia muciniphilia postbiotic with yogurt containing Lactobacillus rhamnosus postbiotic on body composition, biochemical indices, appetite, and depression scores in overweight or obese adults: A randomized, double-blind, controlled clinical trial.",2025,Clinical nutrition ESPEN,needs_manual_review,evidence_registry,Auto-collected from PubMed E-utilities; requires manual review.,auto_search_expansion,2026-06-06
PMID:39010860,literature,PubMed,39010860,https://pubmed.ncbi.nlm.nih.gov/39010860/,10.3389/fnut.2024.1401920,39010860,"Effects of daily probiotic supplementation with Lactobacillus acidophilus on calcium status, bone metabolism biomarkers, and bone mineral density in postmenopausal women: a controlled and randomized clinical study.",2024,Frontiers in nutrition,needs_manual_review,evidence_registry,Auto-collected from PubMed E-utilities; requires manual review.,auto_search_expansion,2026-06-06
PMID:38393021,literature,PubMed,38393021,https://pubmed.ncbi.nlm.nih.gov/38393021/,10.3390/metabo14020129,38393021,The Efficacy of Lactobacillus delbrueckii ssp. bulgaricus Supplementation in Managing Body Weight and Blood Lipids of People with Overweight: A Randomized Pilot Trial.,2024,Metabolites,needs_manual_review,evidence_registry,Auto-collected from PubMed E-utilities; requires manual review.,auto_search_expansion,2026-06-06
PMID:36615904,literature,PubMed,36615904,https://pubmed.ncbi.nlm.nih.gov/36615904/,10.3390/nu15010248,36615904,Effects of Initial Combinations of Gemigliptin Plus Metformin Compared with Glimepiride Plus Metformin on Gut Microbiota and Glucose Regulation in Obese Patients with Type 2 Diabetes: The INTESTINE Study.,2023,Nutrients,needs_manual_review,evidence_registry,Auto-collected from PubMed E-utilities; requires manual review.,auto_search_expansion,2026-06-06
PMID:36484872,literature,PubMed,36484872,https://pubmed.ncbi.nlm.nih.gov/36484872/,10.1007/s12519-022-00664-9,36484872,"Effects of synbiotic supplementation on anthropometric indices and body composition in overweight or obese children and adolescents: a randomized, double-blind, placebo-controlled clinical trial.",2023,World journal of pediatrics : WJP,needs_manual_review,evidence_registry,Auto-collected from PubMed E-utilities; requires manual review.,auto_search_expansion,2026-06-06
PMID:35487505,literature,PubMed,35487505,https://pubmed.ncbi.nlm.nih.gov/35487505/,10.4093/dmj.2021.0370,35487505,"Effect of Lactobacillus plantarum LMT1-48 on Body Fat in Overweight Subjects: A Randomized, Double-Blind, Placebo-Controlled Trial.",2023,Diabetes & metabolism journal,needs_manual_review,evidence_registry,Auto-collected from PubMed E-utilities; requires manual review.,auto_search_expansion,2026-06-06
PMID:34115318,literature,PubMed,34115318,https://pubmed.ncbi.nlm.nih.gov/34115318/,10.1007/s12602-021-09800-9,34115318,"The Effects of Limosilactobacillus reuteri LR-99 Supplementation on Body Mass Index, Social Communication, Fine Motor Function, and Gut Microbiome Composition in Individuals with Prader-Willi Syndrome: a Randomized Double-Blinded Placebo-Controlled Trial.",2021,Probiotics and antimicrobial proteins,needs_manual_review,evidence_registry,Auto-collected from PubMed E-utilities; requires manual review.,auto_search_expansion,2026-06-06
PMID:31370223,literature,PubMed,31370223,https://pubmed.ncbi.nlm.nih.gov/31370223/,10.3390/nu11081761,31370223,Lactobacillus reuteri V3401 Reduces Inflammatory Biomarkers and Modifies the Gastrointestinal Microbiome in Adults with Metabolic Syndrome: The PROSIR Study.,2019,Nutrients,needs_manual_review,evidence_registry,Auto-collected from PubMed E-utilities; requires manual review.,auto_search_expansion,2026-06-06
PMID:29504260,literature,PubMed,29504260,https://pubmed.ncbi.nlm.nih.gov/29504260/,10.1002/oby.22136,29504260,"Dietary Tryptophan Restriction Dose-Dependently Modulates Energy Balance, Gut Hormones, and Microbiota in Obesity-Prone Rats.",2018,"Obesity (Silver Spring, Md.)",needs_manual_review,evidence_registry,Auto-collected from PubMed E-utilities; requires manual review.,auto_search_expansion,2026-06-06
PMID:28792488,literature,PubMed,28792488,https://pubmed.ncbi.nlm.nih.gov/28792488/,10.1038/ijo.2017.161,28792488,Effect of Lactobacillus on body weight and body fat in overweight subjects: a systematic review of randomized controlled clinical trials.,2017,International journal of obesity (2005),needs_manual_review,evidence_registry,Auto-collected from PubMed E-utilities; requires manual review.,auto_search_expansion,2026-06-06
PMID:26413489,literature,PubMed,26413489,https://pubmed.ncbi.nlm.nih.gov/26413489/,10.5662/wjm.v5.i3.157,26413489,Early probiotics to prevent childhood metabolic syndrome: A systematic review.,2015,World journal of methodology,needs_manual_review,evidence_registry,Auto-collected from PubMed E-utilities; requires manual review.,auto_search_expansion,2026-06-06
PMID:25830947,literature,PubMed,25830947,https://pubmed.ncbi.nlm.nih.gov/25830947/,10.3109/09637486.2015.1025717,25830947,Impact of probiotics during weaning on the metabolic and inflammatory profile: follow-up at school age.,2015,International journal of food sciences and nutrition,needs_manual_review,evidence_registry,Auto-collected from PubMed E-utilities; requires manual review.,auto_search_expansion,2026-06-06
PMID:25646321,literature,PubMed,25646321,https://pubmed.ncbi.nlm.nih.gov/25646321/,10.3945/ajcn.114.088120,25646321,Whole-grain wheat consumption reduces inflammation in a randomized controlled trial on overweight and obese subjects with unhealthy dietary and lifestyle behaviors: role of polyphenols bound to cereal dietary fiber.,2015,The American journal of clinical nutrition,needs_manual_review,evidence_registry,Auto-collected from PubMed E-utilities; requires manual review.,auto_search_expansion,2026-06-06
PMID:24830782,literature,PubMed,24830782,https://pubmed.ncbi.nlm.nih.gov/24830782/,10.1007/s00394-014-0715-y,24830782,Probiotics during weaning: a follow-up study on effects on body composition and metabolic markers at school age.,2015,European journal of nutrition,needs_manual_review,evidence_registry,Auto-collected from PubMed E-utilities; requires manual review.,auto_search_expansion,2026-06-06
PMID:24299712,literature,PubMed,24299712,https://pubmed.ncbi.nlm.nih.gov/24299712/,10.1017/S0007114513003875,24299712,Effect of Lactobacillus rhamnosus CGMCC1.3724 supplementation on weight loss and maintenance in obese men and women.,2014,The British journal of nutrition,needs_manual_review,evidence_registry,Auto-collected from PubMed E-utilities; requires manual review.,auto_search_expansion,2026-06-06
PMID:23614897,literature,PubMed,23614897,https://pubmed.ncbi.nlm.nih.gov/23614897/,10.1017/S0007114513001037,23614897,Effect of Lactobacillus gasseri SBT2055 in fermented milk on abdominal adiposity in adults in a randomised controlled trial.,2013,The British journal of nutrition,needs_manual_review,evidence_registry,Auto-collected from PubMed E-utilities; requires manual review.,auto_search_expansion,2026-06-06
PMID:10745279,literature,PubMed,10745279,https://pubmed.ncbi.nlm.nih.gov/10745279/,10.1038/sj.ejcn.1600937,10745279,Effect of 8 week intake of probiotic milk products on risk factors for cardiovascular diseases.,2000,European journal of clinical nutrition,needs_manual_review,evidence_registry,Auto-collected from PubMed E-utilities; requires manual review.,auto_search_expansion,2026-06-06
PMID:31064150,literature,PubMed,31064150,https://pubmed.ncbi.nlm.nih.gov/31064150/,10.3390/nu11051017,31064150,Mulberry Leaf Polyphenols and Fiber Induce Synergistic Antiobesity and Display a Modulation Effect on Gut Microbiota and Metabolites.,2019,Nutrients,needs_manual_review,evidence_registry,Auto-collected from PubMed E-utilities; requires manual review.,auto_search,2026-05-26
PMID:30468509,literature,PubMed,30468509,https://pubmed.ncbi.nlm.nih.gov/30468509/,10.26355/eurrev_201811_16301,30468509,"Probiotics, prebiotics and synbiotics for weight loss and metabolic syndrome in the microbiome era.",2018,European review for medical and pharmacological sciences,needs_manual_review,evidence_registry,Auto-collected from PubMed E-utilities; requires manual review.,auto_search,2026-05-26
PMID:28618860,literature,PubMed,28618860,https://pubmed.ncbi.nlm.nih.gov/28618860/,10.3920/BM2016.0170,28618860,The effects of the Lactobacillus casei strain on obesity in children: a pilot study.,2017,Beneficial microbes,needs_manual_review,evidence_registry,Auto-collected from PubMed E-utilities; requires manual review.,auto_search,2026-05-26
PMID:23886977,literature,PubMed,23886977,https://pubmed.ncbi.nlm.nih.gov/23886977/,10.3920/BM2012.0069,23886977,The development of probiotic treatment in obesity: a review.,2014,Beneficial microbes,needs_manual_review,evidence_registry,Auto-collected from PubMed E-utilities; requires manual review.,auto_search,2026-05-26
PMID:22634320,literature,PubMed,22634320,https://pubmed.ncbi.nlm.nih.gov/22634320/,10.1016/j.micpath.2012.05.007,22634320,Comparative meta-analysis of the effect of Lactobacillus species on weight gain in humans and animals.,2012,Microbial pathogenesis,needs_manual_review,evidence_registry,Auto-collected from PubMed E-utilities; requires manual review.,auto_search,2026-05-26
PMID:27293560,literature,PubMed,27293560,https://pubmed.ncbi.nlm.nih.gov/27293560/,10.1017/jns.2016.12,27293560,Lactobacillus gasseri SBT2055 inhibits adipose tissue inflammation and intestinal permeability in mice fed a high-fat diet.,2016,Journal of nutritional science,needs_manual_review,evidence_registry,Auto-collected from PubMed E-utilities; requires manual review.,auto_search_supplement,2026-06-06
PMID:23917447,literature,PubMed,23917447,https://pubmed.ncbi.nlm.nih.gov/23917447/,10.1007/s00394-013-0568-9,23917447,Anti-obesity effect of Lactobacillus gasseri SBT2055 accompanied by inhibition of pro-inflammatory gene expression in the visceral adipose tissue in diet-induced obese mice.,2014,European journal of nutrition,needs_manual_review,evidence_registry,Auto-collected from PubMed E-utilities; requires manual review.,auto_search_supplement,2026-06-06
PMID:23560206,literature,PubMed,23560206,https://pubmed.ncbi.nlm.nih.gov/23560206/,10.4082/kjfm.2013.34.2.80,23560206,"Effect of Lactobacillus gasseri BNR17 on Overweight and Obese Adults: A Randomized, Double-Blind Clinical Trial.",2013,Korean journal of family medicine,needs_manual_review,evidence_registry,Auto-collected from PubMed E-utilities; requires manual review.,auto_search_supplement,2026-06-06
PMID:33459204,literature,PubMed,33459204,https://pubmed.ncbi.nlm.nih.gov/33459204/,10.3920/BM2020.0111,33459204,Probiotics as a therapeutic strategy in obesity and overweight: a systematic review.,2021,Beneficial microbes,needs_manual_review,evidence_registry,Auto-collected from PubMed E-utilities; requires manual review.,codex,2026-05-29
PMID:38953736,literature,PubMed,38953736,https://pubmed.ncbi.nlm.nih.gov/38953736/,10.1039/d4fo01269k,38953736,"Beneficial effects of a new probiotic formulation on adipocytokines, appetite-regulating hormones, and metabolic parameters in obese women.",2024,Food & function,needs_manual_review,evidence_registry,Auto-collected from PubMed E-utilities; requires manual review.,auto_search_expansion,2026-06-06
PMID:35714163,literature,PubMed,35714163,https://pubmed.ncbi.nlm.nih.gov/35714163/,10.1080/1028415X.2022.2081288,35714163,Lacticaseibacillus rhamnosus HA-114 improves eating behaviors and mood-related factors in adults with overweight during weight loss: a randomized controlled trial.,2023,Nutritional neuroscience,needs_manual_review,evidence_registry,Auto-collected from PubMed E-utilities; requires manual review.,auto_search_expansion,2026-06-06
PMID:32521799,literature,PubMed,32521799,https://pubmed.ncbi.nlm.nih.gov/32521799/,10.3390/jcm9061788,32521799,The Effect of Probiotics and Synbiotics on Risk Factors Associated with Cardiometabolic Diseases in Healthy People-A Systematic Review and Meta-Analysis with Meta-Regression of Randomized Controlled Trials.,2020,Journal of clinical medicine,needs_manual_review,evidence_registry,Auto-collected from PubMed E-utilities; requires manual review.,auto_search_expansion,2026-06-06
PMID:31780038,literature,PubMed,31780038,https://pubmed.ncbi.nlm.nih.gov/31780038/,10.1016/j.ctim.2019.102216,31780038,Clinical and psychological responses to synbiotic supplementation in obese or overweight adults: A randomized clinical trial.,2019,Complementary therapies in medicine,needs_manual_review,evidence_registry,Auto-collected from PubMed E-utilities; requires manual review.,auto_search_expansion,2026-06-06
PMID:24795503,literature,PubMed,24795503,https://pubmed.ncbi.nlm.nih.gov/24795503/,10.1155/2014/348959,24795503,"Effect of probiotic (VSL#3) and omega-3 on lipid profile, insulin sensitivity, inflammatory markers, and gut colonization in overweight adults: a randomized, controlled trial.",2014,Mediators of inflammation,needs_manual_review,evidence_registry,Auto-collected from PubMed E-utilities; requires manual review.,auto_search_expansion,2026-06-06
PMID:22695039,literature,PubMed,22695039,https://pubmed.ncbi.nlm.nih.gov/22695039/,10.1097/MPG.0b013e318263066c,22695039,Probiotics to adolescents with obesity: effects on inflammation and metabolic syndrome.,2012,Journal of pediatric gastroenterology and nutrition,needs_manual_review,evidence_registry,Auto-collected from PubMed E-utilities; requires manual review.,auto_search_expansion,2026-06-06
PMID:42158917,literature,PubMed,42158917,https://pubmed.ncbi.nlm.nih.gov/42158917/,10.3389/fendo.2026.1802045,42158917,Effect of probiotics derivatives (postbiotics and metabiotics) on glycemic control in individuals with type 2 diabetes: a randomized clinical trial (DELI_Diab study).,2026,Frontiers in endocrinology,needs_manual_review,evidence_registry,Auto-collected from PubMed E-utilities; requires manual review.,auto_search_expansion,2026-06-06
PMID:41486320,literature,PubMed,41486320,https://pubmed.ncbi.nlm.nih.gov/41486320/,10.1007/s13668-025-00719-z,41486320,Exploring Paraprobiotics and Postbiotics: A New Frontier in Obesity Treatment via Gut Microbiota Modulation.,2026,Current nutrition reports,needs_manual_review,evidence_registry,Auto-collected from PubMed E-utilities; requires manual review.,auto_search_expansion,2026-06-06
PMID:40814108,literature,PubMed,40814108,https://pubmed.ncbi.nlm.nih.gov/40814108/,10.1186/s12967-025-06927-z,40814108,Postbiotics as a novel intervention for obesity management and improving metabolic parameters: a systematic review and meta-analysis of animal studies.,2025,Journal of translational medicine,needs_manual_review,evidence_registry,Auto-collected from PubMed E-utilities; requires manual review.,auto_search_expansion,2026-06-06
PMID:40806052,literature,PubMed,40806052,https://pubmed.ncbi.nlm.nih.gov/40806052/,10.3390/nu17152467,40806052,Effect of Probiotics on Uric Acid Levels: Meta-Analysis with Subgroup Analysis and Meta-Regression.,2025,Nutrients,needs_manual_review,evidence_registry,Auto-collected from PubMed E-utilities; requires manual review.,auto_search_expansion,2026-06-06
PMID:32472285,literature,PubMed,32472285,https://pubmed.ncbi.nlm.nih.gov/32472285/,10.1007/s13679-020-00379-w,32472285,"Probiotics, Prebiotics, Synbiotics, Postbiotics, and Obesity: Current Evidence, Controversies, and Perspectives.",2020,Current obesity reports,needs_manual_review,evidence_registry,Auto-collected from PubMed E-utilities; requires manual review.,auto_search_expansion,2026-06-06
PMID:40796902,literature,PubMed,40796902,https://pubmed.ncbi.nlm.nih.gov/40796902/,10.1186/s12986-025-00995-0,40796902,The effects of inulin supplementation on eating behaviours in children and adolescents with obesity: a randomized double-blinded placebo-controlled study.,2025,Nutrition & metabolism,needs_manual_review,evidence_registry,Auto-collected from PubMed E-utilities; requires manual review.,auto_search_expansion,2026-06-06
PMID:40573158,literature,PubMed,40573158,https://pubmed.ncbi.nlm.nih.gov/40573158/,10.3390/nu17122047,40573158,Modulation of Gut Microbiota by Whole Encapsulated Brown Seaweed (Himanthalia elongata) in Overweight Subjects: A Randomized Double-Blind Placebo-Controlled Trial.,2025,Nutrients,needs_manual_review,evidence_registry,Auto-collected from PubMed E-utilities; requires manual review.,auto_search_expansion,2026-06-06
PMID:40106235,literature,PubMed,40106235,https://pubmed.ncbi.nlm.nih.gov/40106235/,10.1089/chi.2024.0344,40106235,Childhood Obesity Body Mass Index and Gut Microbiome: A Cluster Randomized Controlled Pilot Feasibility Study.,2025,Childhood obesity (Print),needs_manual_review,evidence_registry,Auto-collected from PubMed E-utilities; requires manual review.,auto_search_expansion,2026-06-06
PMID:39033197,literature,PubMed,39033197,https://pubmed.ncbi.nlm.nih.gov/39033197/,10.1038/s41366-024-01590-8,39033197,Enhancing gut microbiota and microbial function with inulin supplementation in children with obesity.,2024,International journal of obesity (2005),needs_manual_review,evidence_registry,Auto-collected from PubMed E-utilities; requires manual review.,auto_search_expansion,2026-06-06
PMID:37793780,literature,PubMed,37793780,https://pubmed.ncbi.nlm.nih.gov/37793780/,10.1136/gutjnl-2023-330365,37793780,Prebiotic diet changes neural correlates of food decision-making in overweight adults: a randomised controlled within-subject cross-over trial.,2024,Gut,needs_manual_review,evidence_registry,Auto-collected from PubMed E-utilities; requires manual review.,auto_search_expansion,2026-06-06
PMID:35807808,literature,PubMed,35807808,https://pubmed.ncbi.nlm.nih.gov/35807808/,10.3390/nu14132627,35807808,Prolonged Isolated Soluble Dietary Fibre Supplementation in Overweight and Obese Patients: A Systematic Review with Meta-Analysis of Randomised Controlled Trials.,2022,Nutrients,needs_manual_review,evidence_registry,Auto-collected from PubMed E-utilities; requires manual review.,auto_search_expansion,2026-06-06
PMID:35267303,literature,PubMed,35267303,https://pubmed.ncbi.nlm.nih.gov/35267303/,10.3390/foods11050670,35267303,Agavins Impact on Gastrointestinal Tolerability-Related Symptoms during a Five-Week Dose-Escalation Intervention in Lean and Obese Mexican Adults: Exploratory Randomized Clinical Trial.,2022,"Foods (Basel, Switzerland)",needs_manual_review,evidence_registry,Auto-collected from PubMed E-utilities; requires manual review.,auto_search_expansion,2026-06-06
PMID:34959933,literature,PubMed,34959933,https://pubmed.ncbi.nlm.nih.gov/34959933/,10.3390/nu13124376,34959933,"A Comprehensive Review of Hass Avocado Clinical Trials, Observational Studies, and Biological Mechanisms.",2021,Nutrients,needs_manual_review,evidence_registry,Auto-collected from PubMed E-utilities; requires manual review.,auto_search_expansion,2026-06-06
PMID:33827639,literature,PubMed,33827639,https://pubmed.ncbi.nlm.nih.gov/33827639/,10.1186/s13063-021-05212-w,33827639,"Effect of a prebiotic supplement on knee joint function, gut microbiota, and inflammation in adults with co-morbid obesity and knee osteoarthritis: study protocol for a randomized controlled trial.",2021,Trials,needs_manual_review,evidence_registry,Auto-collected from PubMed E-utilities; requires manual review.,auto_search_expansion,2026-06-06
PMID:33544206,literature,PubMed,33544206,https://pubmed.ncbi.nlm.nih.gov/33544206/,10.1007/s00394-021-02484-5,33544206,Prebiotic dietary fibre intervention improves fecal markers related to inflammation in obese patients: results from the Food4Gut randomized placebo-controlled trial.,2021,European journal of nutrition,needs_manual_review,evidence_registry,Auto-collected from PubMed E-utilities; requires manual review.,auto_search_expansion,2026-06-06
PMID:31298466,literature,PubMed,31298466,https://pubmed.ncbi.nlm.nih.gov/31298466/,10.1002/mnfr.201900167,31298466,Effect of Synbiotic Supplementation in a Very-Low-Calorie Ketogenic Diet on Weight Loss Achievement and Gut Microbiota: A Randomized Controlled Pilot Study.,2019,Molecular nutrition & food research,needs_manual_review,evidence_registry,Auto-collected from PubMed E-utilities; requires manual review.,auto_search_expansion,2026-06-06
PMID:30846801,literature,PubMed,30846801,https://pubmed.ncbi.nlm.nih.gov/30846801/,10.1038/s41598-019-40601-x,30846801,Protective effect of prebiotic and exercise intervention on knee health in a rat model of diet-induced obesity.,2019,Scientific reports,needs_manual_review,evidence_registry,Auto-collected from PubMed E-utilities; requires manual review.,auto_search_expansion,2026-06-06
PMID:30400274,literature,PubMed,30400274,https://pubmed.ncbi.nlm.nih.gov/30400274/,10.3390/nu10111645,30400274,Potential Prebiotic Properties of Nuts and Edible Seeds and Their Relationship to Obesity.,2018,Nutrients,needs_manual_review,evidence_registry,Auto-collected from PubMed E-utilities; requires manual review.,auto_search_expansion,2026-06-06
PMID:29954454,literature,PubMed,29954454,https://pubmed.ncbi.nlm.nih.gov/29954454/,10.1186/s40168-018-0494-4,29954454,Probiotic Bifidobacterium strains and galactooligosaccharides improve intestinal barrier function in obese adults but show no synergism when used together as synbiotics.,2018,Microbiome,needs_manual_review,evidence_registry,Auto-collected from PubMed E-utilities; requires manual review.,auto_search_expansion,2026-06-06
PMID:29953876,literature,PubMed,29953876,https://pubmed.ncbi.nlm.nih.gov/29953876/,10.1016/j.metabol.2018.06.009,29953876,The prebiotic inulin improves substrate metabolism and promotes short-chain fatty acid production in overweight to obese men.,2018,Metabolism: clinical and experimental,needs_manual_review,evidence_registry,Auto-collected from PubMed E-utilities; requires manual review.,auto_search_expansion,2026-06-06
PMID:27966574,literature,PubMed,27966574,https://pubmed.ncbi.nlm.nih.gov/27966574/,10.1038/ejcn.2016.249,27966574,Acute increases in serum colonic short-chain fatty acids elicited by inulin do not increase GLP-1 or PYY responses but may reduce ghrelin in lean and overweight humans.,2017,European journal of clinical nutrition,needs_manual_review,evidence_registry,Auto-collected from PubMed E-utilities; requires manual review.,auto_search_expansion,2026-06-06
PMID:27409822,literature,PubMed,27409822,https://pubmed.ncbi.nlm.nih.gov/27409822/,10.4158/EP151157.RA,27409822,"GUT MICROBIOTA, PREBIOTICS, PROBIOTICS, AND SYNBIOTICS IN MANAGEMENT OF OBESITY AND PREDIABETES: REVIEW OF RANDOMIZED CONTROLLED TRIALS.",2016,Endocrine practice : official journal of the American College of Endocrinology and the American Association of Clinical Endocrinologists,needs_manual_review,evidence_registry,Auto-collected from PubMed E-utilities; requires manual review.,auto_search_expansion,2026-06-06
PMID:26407845,literature,PubMed,26407845,https://pubmed.ncbi.nlm.nih.gov/26407845/,10.1007/s00394-015-1047-2,26407845,Postnatal prebiotic fibre intake mitigates some detrimental metabolic outcomes of early overnutrition in rats.,2016,European journal of nutrition,needs_manual_review,evidence_registry,Auto-collected from PubMed E-utilities; requires manual review.,auto_search_expansion,2026-06-06
PMID:24532292,literature,PubMed,24532292,https://pubmed.ncbi.nlm.nih.gov/24532292/,10.1002/dmrr.2518,24532292,"Influence of diet on gut microbiota, inflammation and type 2 diabetes mellitus. First experience with macrobiotic Ma-Pi 2 diet.",2014,Diabetes/metabolism research and reviews,needs_manual_review,evidence_registry,Auto-collected from PubMed E-utilities; requires manual review.,auto_search_expansion,2026-06-06
PMID:22223580,literature,PubMed,22223580,https://pubmed.ncbi.nlm.nih.gov/22223580/,10.3945/jn.111.147132,22223580,Prebiotic fiber increases hepatic acetyl CoA carboxylase phosphorylation and suppresses glucose-dependent insulinotropic polypeptide secretion more effectively when used with metformin in obese rats.,2012,The Journal of nutrition,needs_manual_review,evidence_registry,Auto-collected from PubMed E-utilities; requires manual review.,auto_search_expansion,2026-06-06
PMID:21767445,literature,PubMed,21767445,https://pubmed.ncbi.nlm.nih.gov/21767445/,10.1017/S0007114511003163,21767445,Prebiotic fibres dose-dependently increase satiety hormones and alter Bacteroidetes and Firmicutes in lean and obese JCR:LA-cp rats.,2012,The British journal of nutrition,needs_manual_review,evidence_registry,Auto-collected from PubMed E-utilities; requires manual review.,auto_search_expansion,2026-06-06
PMID:42169267,literature,PubMed,42169267,https://pubmed.ncbi.nlm.nih.gov/42169267/,10.1016/j.foodres.2026.119290,42169267,"Type I corn resistant starch attenuates obesity in high-fat diet-induced mice by modulating the gut microbiota, appetite and lipid metabolism genes.",2026,"Food research international (Ottawa, Ont.)",needs_manual_review,evidence_registry,Auto-collected from PubMed E-utilities; requires manual review.,auto_search,2026-05-26
PMID:41743894,literature,PubMed,41743894,https://pubmed.ncbi.nlm.nih.gov/41743894/,10.1007/s40200-026-01887-7,41743894,Enteroendocrine hormones and gut microbiota in obesity: a systematic review from mechanistic insight to precision metabolic care.,2026,Journal of diabetes and metabolic disorders,needs_manual_review,evidence_registry,Auto-collected from PubMed E-utilities; requires manual review.,auto_search,2026-05-26
PMID:41469282,literature,PubMed,41469282,https://pubmed.ncbi.nlm.nih.gov/41469282/,10.1016/j.soard.2025.11.021,41469282,"American Society of Metabolic and Bariatric Surgery review of gut microbiome and alterations related to weight loss treatment, by the Clinical Issues Committee.",2026,Surgery for obesity and related diseases : official journal of the American Society for Bariatric Surgery,needs_manual_review,evidence_registry,Auto-collected from PubMed E-utilities; requires manual review.,auto_search,2026-05-26
PMID:41393538,literature,PubMed,41393538,https://pubmed.ncbi.nlm.nih.gov/41393538/,10.7759/cureus.96713,41393538,The Obesity Drug Revolution: New Frontiers in Pharmacotherapy.,2025,Cureus,needs_manual_review,evidence_registry,Auto-collected from PubMed E-utilities; requires manual review.,auto_search,2026-05-26
PMID:41321998,literature,PubMed,41321998,https://pubmed.ncbi.nlm.nih.gov/41321998/,10.1016/j.csbj.2025.11.021,41321998,Gut microbiome enterotypes and temporal variations during a six-month inulin-supplemented weight loss randomized controlled trial in Thai children with obesity.,2025,Computational and structural biotechnology journal,needs_manual_review,evidence_registry,Auto-collected from PubMed E-utilities; requires manual review.,auto_search,2026-05-26
PMID:41313537,literature,PubMed,41313537,https://pubmed.ncbi.nlm.nih.gov/41313537/,10.1007/s12602-025-10855-1,41313537,"Gut Microbiome in Obesity: A Narrative Review of Mechanisms, Interventions, and Future Directions.",2025,Probiotics and antimicrobial proteins,needs_manual_review,evidence_registry,Auto-collected from PubMed E-utilities; requires manual review.,auto_search,2026-05-26
PMID:41216275,literature,PubMed,41216275,https://pubmed.ncbi.nlm.nih.gov/41216275/,10.21037/tgh-24-161,41216275,Impact of Lactobacillus acidophilus and inulin on the liver disease of an obese murine model.,2025,Translational gastroenterology and hepatology,needs_manual_review,evidence_registry,Auto-collected from PubMed E-utilities; requires manual review.,auto_search,2026-05-26
PMID:40732984,literature,PubMed,40732984,https://pubmed.ncbi.nlm.nih.gov/40732984/,10.3390/nu17142360,40732984,Gut Microbiota Shifts After a Weight Loss Program in Adults with Obesity: The WLM3P Study.,2025,Nutrients,needs_manual_review,evidence_registry,Auto-collected from PubMed E-utilities; requires manual review.,auto_search,2026-05-26
PMID:40725626,literature,PubMed,40725626,https://pubmed.ncbi.nlm.nih.gov/40725626/,10.3390/jcm14144933,40725626,The Role of Gut Microbiota in the Development and Treatment of Obesity and Overweight: A Literature Review.,2025,Journal of clinical medicine,needs_manual_review,evidence_registry,Auto-collected from PubMed E-utilities; requires manual review.,auto_search,2026-05-26
PMID:40573134,literature,PubMed,40573134,https://pubmed.ncbi.nlm.nih.gov/40573134/,10.3390/nu17122023,40573134,Combined Phytochemical Sulforaphane and Dietary Fiber Inulin Contribute to the Prevention of ER-Negative Breast Cancer via PI3K/AKT/MTOR Pathway and Modulating Gut Microbial Composition.,2025,Nutrients,needs_manual_review,evidence_registry,Auto-collected from PubMed E-utilities; requires manual review.,auto_search,2026-05-26
PMID:40284712,literature,PubMed,40284712,https://pubmed.ncbi.nlm.nih.gov/40284712/,10.3390/microorganisms13040877,40284712,"Prebiotic Effects of Insoluble Konjac Glucomannan Derived from Edible ""Konnyaku"" on Weight Control.",2025,Microorganisms,needs_manual_review,evidence_registry,Auto-collected from PubMed E-utilities; requires manual review.,auto_search,2026-05-26
PMID:40192559,literature,PubMed,40192559,https://pubmed.ncbi.nlm.nih.gov/40192559/,10.1089/jmf.2023.0233,40192559,The Effect of Prebiotics and Probiotics (Synbiotics) on Weight Loss and Biochemical Parameters in Obese Individuals.,2025,Journal of medicinal food,needs_manual_review,evidence_registry,Auto-collected from PubMed E-utilities; requires manual review.,auto_search,2026-05-26
PMID:40025880,literature,PubMed,40025880,https://pubmed.ncbi.nlm.nih.gov/40025880/,10.1080/17501911.2025.2473309,40025880,Epigenomic mechanisms of dietary prescriptions for obesity therapy.,2025,Epigenomics,needs_manual_review,evidence_registry,Auto-collected from PubMed E-utilities; requires manual review.,auto_search,2026-05-26
PMID:39914371,literature,PubMed,39914371,https://pubmed.ncbi.nlm.nih.gov/39914371/,10.1159/000541711,39914371,Breastfeeding and Health Benefits for the Mother-Infant Dyad: A Perspective on Human Milk Microbiota.,2025,Annals of nutrition & metabolism,needs_manual_review,evidence_registry,Auto-collected from PubMed E-utilities; requires manual review.,auto_search,2026-05-26
PMID:39710683,literature,PubMed,39710683,https://pubmed.ncbi.nlm.nih.gov/39710683/,10.1186/s13098-024-01561-z,39710683,Understanding the complex function of gut microbiota: its impact on the pathogenesis of obesity and beyond: a comprehensive review.,2024,Diabetology & metabolic syndrome,needs_manual_review,evidence_registry,Auto-collected from PubMed E-utilities; requires manual review.,auto_search,2026-05-26
PMID:39656675,literature,PubMed,39656675,https://pubmed.ncbi.nlm.nih.gov/39656675/,10.1111/1750-3841.17564,39656675,Polysaccharides from fermented garlic attenuate high-fat diet-induced obesity in mice through gut microbes.,2024,Journal of food science,needs_manual_review,evidence_registry,Auto-collected from PubMed E-utilities; requires manual review.,auto_search,2026-05-26
PMID:39503979,literature,PubMed,39503979,https://pubmed.ncbi.nlm.nih.gov/39503979/,10.1007/s12602-024-10395-0,39503979,Synbiotic Effects of Lacticaseibacillus paracasei K56 and Prebiotics on the Intestinal Microecology of Children with Obesity.,2025,Probiotics and antimicrobial proteins,needs_manual_review,evidence_registry,Auto-collected from PubMed E-utilities; requires manual review.,auto_search,2026-05-26
PMID:39400776,literature,PubMed,39400776,https://pubmed.ncbi.nlm.nih.gov/39400776/,10.1186/s13568-024-01769-2,39400776,Impact of bariatric surgery on gut microbiota composition in obese patients compared to healthy controls.,2024,AMB Express,needs_manual_review,evidence_registry,Auto-collected from PubMed E-utilities; requires manual review.,auto_search,2026-05-26
PMID:39200335,literature,PubMed,39200335,https://pubmed.ncbi.nlm.nih.gov/39200335/,10.3390/biomedicines12081871,39200335,The Role of Fecal Microbiota Transplantation (FMT) in the Management of Metabolic Diseases in Humans: A Narrative Review.,2024,Biomedicines,needs_manual_review,evidence_registry,Auto-collected from PubMed E-utilities; requires manual review.,auto_search,2026-05-26
PMID:39125666,literature,PubMed,39125666,https://pubmed.ncbi.nlm.nih.gov/39125666/,10.3390/ijms25158098,39125666,Metabolic Syndrome and Psoriasis: Pivotal Roles of Chronic Inflammation and Gut Microbiota.,2024,International journal of molecular sciences,needs_manual_review,evidence_registry,Auto-collected from PubMed E-utilities; requires manual review.,auto_search,2026-05-26
PMID:39064763,literature,PubMed,39064763,https://pubmed.ncbi.nlm.nih.gov/39064763/,10.3390/nu16142321,39064763,Impact of a Fruit-Vegetable Preparation Fortified with Potato Starch Resistant Dextrin on Selected Health Indicators in Overweight Children.,2024,Nutrients,needs_manual_review,evidence_registry,Auto-collected from PubMed E-utilities; requires manual review.,auto_search,2026-05-26
PMID:38946112,literature,PubMed,38946112,https://pubmed.ncbi.nlm.nih.gov/38946112/,10.1111/1751-7915.14520,38946112,Role of breastfeeding in disease prevention.,2024,Microbial biotechnology,needs_manual_review,evidence_registry,Auto-collected from PubMed E-utilities; requires manual review.,auto_search,2026-05-26
PMID:38940505,literature,PubMed,38940505,https://pubmed.ncbi.nlm.nih.gov/38940505/,10.1128/cmr.00045-23,38940505,Role of the intestinal microbiota in contributing to weight disorders and associated comorbidities.,2024,Clinical microbiology reviews,needs_manual_review,evidence_registry,Auto-collected from PubMed E-utilities; requires manual review.,auto_search,2026-05-26
PMID:38744950,literature,PubMed,38744950,https://pubmed.ncbi.nlm.nih.gov/38744950/,10.1038/s41598-024-61130-2,38744950,"Effect of weight loss program using prebiotics and probiotics on body composition, physique, and metabolic products: longitudinal intervention study.",2024,Scientific reports,needs_manual_review,evidence_registry,Auto-collected from PubMed E-utilities; requires manual review.,auto_search,2026-05-26
PMID:38068829,literature,PubMed,38068829,https://pubmed.ncbi.nlm.nih.gov/38068829/,10.3390/nu15234971,38068829,Combating Obesity: Harnessing the Synergy of Postbiotics and Prebiotics for Enhanced Lipid Excretion and Microbiota Regulation.,2023,Nutrients,needs_manual_review,evidence_registry,Auto-collected from PubMed E-utilities; requires manual review.,auto_search,2026-05-26
PMID:37840104,literature,PubMed,37840104,https://pubmed.ncbi.nlm.nih.gov/37840104/,10.1007/s11154-023-09843-z,37840104,Non-alcoholic fatty liver disease and gut microbial dysbiosis- underlying mechanisms and gut microbiota mediated treatment strategies.,2023,Reviews in endocrine & metabolic disorders,needs_manual_review,evidence_registry,Auto-collected from PubMed E-utilities; requires manual review.,auto_search,2026-05-26
PMID:37810928,literature,PubMed,37810928,https://pubmed.ncbi.nlm.nih.gov/37810928/,10.3389/fnut.2023.1237237,37810928,Morel (Morchella spp.) intake alters gut microbial community and short-chain fatty acid profiles in mice.,2023,Frontiers in nutrition,needs_manual_review,evidence_registry,Auto-collected from PubMed E-utilities; requires manual review.,auto_search,2026-05-26
PMID:37724572,literature,PubMed,37724572,https://pubmed.ncbi.nlm.nih.gov/37724572/,10.1080/10408398.2023.2257782,37724572,Dairy products and constituents: a review of their effects on obesity and related metabolic diseases.,2024,Critical reviews in food science and nutrition,needs_manual_review,evidence_registry,Auto-collected from PubMed E-utilities; requires manual review.,auto_search,2026-05-26
PMID:37571301,literature,PubMed,37571301,https://pubmed.ncbi.nlm.nih.gov/37571301/,10.3390/nu15153365,37571301,Dietary Fat Modulation of Gut Microbiota and Impact on Regulatory Pathways Controlling Food Intake.,2023,Nutrients,needs_manual_review,evidence_registry,Auto-collected from PubMed E-utilities; requires manual review.,auto_search,2026-05-26
PMID:37562188,literature,PubMed,37562188,https://pubmed.ncbi.nlm.nih.gov/37562188/,10.1016/j.nut.2023.112111,37562188,Does gut microbiota affect the success of weight loss? Evidence and speculation.,2023,"Nutrition (Burbank, Los Angeles County, Calif.)",needs_manual_review,evidence_registry,Auto-collected from PubMed E-utilities; requires manual review.,auto_search,2026-05-26
PMID:37513229,literature,PubMed,37513229,https://pubmed.ncbi.nlm.nih.gov/37513229/,10.3390/molecules28145357,37513229,Weight Loss Supplements.,2023,"Molecules (Basel, Switzerland)",needs_manual_review,evidence_registry,Auto-collected from PubMed E-utilities; requires manual review.,auto_search,2026-05-26
PMID:37503494,literature,PubMed,37503494,https://pubmed.ncbi.nlm.nih.gov/37503494/,10.7759/cureus.40948,37503494,Exploring the Impact of the Gut Microbiome on Obesity and Weight Loss: A Review Article.,2023,Cureus,needs_manual_review,evidence_registry,Auto-collected from PubMed E-utilities; requires manual review.,auto_search,2026-05-26
PMID:36943206,literature,PubMed,36943206,https://pubmed.ncbi.nlm.nih.gov/36943206/,10.23736/S2724-5985.23.03379-X,36943206,Association between intestinal microflora and obesity.,2024,Minerva gastroenterology,needs_manual_review,evidence_registry,Auto-collected from PubMed E-utilities; requires manual review.,auto_search,2026-05-26
PMID:36768984,literature,PubMed,36768984,https://pubmed.ncbi.nlm.nih.gov/36768984/,10.3390/ijms24032665,36768984,Fermented Foods in the Management of Obesity: Mechanisms of Action and Future Challenges.,2023,International journal of molecular sciences,needs_manual_review,evidence_registry,Auto-collected from PubMed E-utilities; requires manual review.,auto_search,2026-05-26
PMID:36687706,literature,PubMed,36687706,https://pubmed.ncbi.nlm.nih.gov/36687706/,10.3389/fnut.2022.988529,36687706,Maternal prebiotic supplementation impacts colitis development in offspring mice.,2022,Frontiers in nutrition,needs_manual_review,evidence_registry,Auto-collected from PubMed E-utilities; requires manual review.,auto_search,2026-05-26
PMID:36530587,literature,PubMed,36530587,https://pubmed.ncbi.nlm.nih.gov/36530587/,10.2147/DMSO.S378396,36530587,Microbiome-Targeted Therapies as an Adjunct to Traditional Weight Loss Interventions: A Systematic Review and Meta-Analysis.,2022,"Diabetes, metabolic syndrome and obesity : targets and therapy",needs_manual_review,evidence_registry,Auto-collected from PubMed E-utilities; requires manual review.,auto_search,2026-05-26
PMID:36281657,literature,PubMed,36281657,https://pubmed.ncbi.nlm.nih.gov/36281657/,10.1039/d2fo02185d,36281657,Algal polysaccharides and derivatives as potential therapeutics for obesity and related metabolic diseases.,2022,Food & function,needs_manual_review,evidence_registry,Auto-collected from PubMed E-utilities; requires manual review.,auto_search,2026-05-26
PMID:35531940,literature,PubMed,35531940,https://pubmed.ncbi.nlm.nih.gov/35531940/,10.1080/10408398.2022.2067116,35531940,Gut microbiota in bariatric surgery.,2023,Critical reviews in food science and nutrition,needs_manual_review,evidence_registry,Auto-collected from PubMed E-utilities; requires manual review.,auto_search,2026-05-26
PMID:35278043,literature,PubMed,35278043,https://pubmed.ncbi.nlm.nih.gov/35278043/,10.1002/jcsm.12964,35278043,Gut microbes and muscle function: can probiotics make our muscles stronger?,2022,"Journal of cachexia, sarcopenia and muscle",needs_manual_review,evidence_registry,Auto-collected from PubMed E-utilities; requires manual review.,auto_search,2026-05-26
PMID:35108450,literature,PubMed,35108450,https://pubmed.ncbi.nlm.nih.gov/35108450/,10.1002/mnfr.202100653,35108450,Diets Containing Egg or Whey Protein and Inulin Fiber Improve Energy Balance and Modulate Gut Microbiota in Exercising Obese Rats.,2022,Molecular nutrition & food research,needs_manual_review,evidence_registry,Auto-collected from PubMed E-utilities; requires manual review.,auto_search,2026-05-26
PMID:42151830,literature,PubMed,42151830,https://pubmed.ncbi.nlm.nih.gov/42151830/,10.1186/s12876-026-04934-y,42151830,Short-term synbiotic supplementation and intrahepatic triglyceride content assessed by proton MR spectroscopy: a pilot study.,2026,BMC gastroenterology,needs_manual_review,evidence_registry,Auto-collected from PubMed E-utilities; requires manual review.,auto_search_expansion,2026-06-06
PMID:40388727,literature,PubMed,40388727,https://pubmed.ncbi.nlm.nih.gov/40388727/,10.1097/MD.0000000000042311,40388727,Causal relationship between metabolic dysfunction-associated fatty liver disease and endotoxin biomarkers: A Mendelian randomization study.,2025,Medicine,needs_manual_review,evidence_registry,Auto-collected from PubMed E-utilities; requires manual review.,auto_search_expansion,2026-06-06
PMID:36538981,literature,PubMed,36538981,https://pubmed.ncbi.nlm.nih.gov/36538981/,10.1016/j.phrs.2022.106614,36538981,The effect of probiotic and synbiotic supplementation on appetite-regulating hormones and desire to eat: A systematic review and meta-analysis of clinical trials.,2023,Pharmacological research,needs_manual_review,evidence_registry,Auto-collected from PubMed E-utilities; requires manual review.,auto_search_expansion,2026-06-06
PMID:35255811,literature,PubMed,35255811,https://pubmed.ncbi.nlm.nih.gov/35255811/,10.1186/s12876-022-02176-2,35255811,"The effect of daily consumption of probiotic yogurt on liver enzymes, steatosis and fibrosis in patients with nonalcoholic fatty liver disease (NAFLD): study protocol for a randomized clinical trial.",2022,BMC gastroenterology,needs_manual_review,evidence_registry,Auto-collected from PubMed E-utilities; requires manual review.,auto_search_expansion,2026-06-06
PMID:32618656,literature,PubMed,32618656,https://pubmed.ncbi.nlm.nih.gov/32618656/,10.14309/ajg.0000000000000661,32618656,Allogenic Fecal Microbiota Transplantation in Patients With Nonalcoholic Fatty Liver Disease Improves Abnormal Small Intestinal Permeability: A Randomized Control Trial.,2020,The American journal of gastroenterology,needs_manual_review,evidence_registry,Auto-collected from PubMed E-utilities; requires manual review.,auto_search_expansion,2026-06-06
PMID:31175629,literature,PubMed,31175629,https://pubmed.ncbi.nlm.nih.gov/31175629/,10.1007/s13679-019-00352-2,31175629,Understanding the Role of the Gut Microbiome and Microbial Metabolites in Obesity and Obesity-Associated Metabolic Disorders: Current Evidence and Perspectives.,2019,Current obesity reports,needs_manual_review,evidence_registry,Auto-collected from PubMed E-utilities; requires manual review.,auto_search_expansion,2026-06-06
PMID:30453950,literature,PubMed,30453950,https://pubmed.ncbi.nlm.nih.gov/30453950/,10.1186/s12906-018-2371-x,30453950,"Evaluation of the effect of Lactobacillus reuteri V3401 on biomarkers of inflammation, cardiovascular risk and liver steatosis in obese adults with metabolic syndrome: a randomized clinical trial (PROSIR).",2018,BMC complementary and alternative medicine,needs_manual_review,evidence_registry,Auto-collected from PubMed E-utilities; requires manual review.,auto_search_expansion,2026-06-06
PMID:24738701,literature,PubMed,24738701,https://pubmed.ncbi.nlm.nih.gov/24738701/,10.1111/apt.12758,24738701,Randomised clinical trial: The beneficial effects of VSL#3 in obese children with non-alcoholic steatohepatitis.,2014,Alimentary pharmacology & therapeutics,needs_manual_review,evidence_registry,Auto-collected from PubMed E-utilities; requires manual review.,auto_search_expansion,2026-06-06
PMID:41898729,literature,PubMed,41898729,https://pubmed.ncbi.nlm.nih.gov/41898729/,10.3390/ijms27062875,41898729,Dietary Supplementation of L-Carnosine Attenuates High Starch-Induced Disorders of Carbohydrate and Lipid Metabolisms in Zebrafish.,2026,International journal of molecular sciences,needs_manual_review,evidence_registry,Auto-collected from PubMed E-utilities; requires manual review.,auto_search,2026-05-26
PMID:41553723,literature,PubMed,41553723,https://pubmed.ncbi.nlm.nih.gov/41553723/,10.1152/ajpendo.00488.2025,41553723,"Postbiotic gut bacteria site-specific immunomodulators improve liver steatosis, inflammation, and fibrosis in obese mice with MASLD.",2026,American journal of physiology. Endocrinology and metabolism,needs_manual_review,evidence_registry,Auto-collected from PubMed E-utilities; requires manual review.,auto_search,2026-05-26
PMID:41430243,literature,PubMed,41430243,https://pubmed.ncbi.nlm.nih.gov/41430243/,10.1186/s12937-025-01270-x,41430243,"The effect of a sustainable diet and time-restricted eating and probiotic in heart failure with reduced ejection fraction patients: study protocol for a randomized, double-blind, and placebo-controlled trial.",2025,Nutrition journal,needs_manual_review,evidence_registry,Auto-collected from PubMed E-utilities; requires manual review.,auto_search,2026-05-26
PMID:41410828,literature,PubMed,41410828,https://pubmed.ncbi.nlm.nih.gov/41410828/,10.1007/s11695-025-08437-9,41410828,Role of Lactobacillus Johnsonii in Gastroesophageal Reflux Disease in Obese Mice Following Sleeve Gastrectomy.,2026,Obesity surgery,needs_manual_review,evidence_registry,Auto-collected from PubMed E-utilities; requires manual review.,auto_search,2026-05-26
PMID:41205303,literature,PubMed,41205303,https://pubmed.ncbi.nlm.nih.gov/41205303/,10.1016/j.micres.2025.128393,41205303,Bacteroides acidifaciens alleviates high-fat diet-induced obesity-related osteoporosis by regulating gut microbiota and bile acid metabolism via the gut-bone axis.,2026,Microbiological research,needs_manual_review,evidence_registry,Auto-collected from PubMed E-utilities; requires manual review.,auto_search,2026-05-26
PMID:41150739,literature,PubMed,41150739,https://pubmed.ncbi.nlm.nih.gov/41150739/,10.3390/cimb47100791,41150739,Switching from a High-Fat to a Regular Chow Diet Improves Obesity Progression in Mice.,2025,Current issues in molecular biology,needs_manual_review,evidence_registry,Auto-collected from PubMed E-utilities; requires manual review.,auto_search,2026-05-26
PMID:41061287,literature,PubMed,41061287,https://pubmed.ncbi.nlm.nih.gov/41061287/,10.1016/j.phymed.2025.157314,41061287,"Theaflavins in black tea ameliorate high-fat diet-induced obesity and inflammation via gut microbiota, AMPK-mediated metabolism, and NF-κB pathway.",2025,Phytomedicine : international journal of phytotherapy and phytopharmacology,needs_manual_review,evidence_registry,Auto-collected from PubMed E-utilities; requires manual review.,auto_search,2026-05-26
PMID:41003008,literature,PubMed,41003008,https://pubmed.ncbi.nlm.nih.gov/41003008/,10.3390/metabo15090624,41003008,Dietary Modulation of Metabolic Health: From Bioactive Compounds to Personalized Nutrition.,2025,Metabolites,needs_manual_review,evidence_registry,Auto-collected from PubMed E-utilities; requires manual review.,auto_search,2026-05-26
PMID:40895654,literature,PubMed,40895654,https://pubmed.ncbi.nlm.nih.gov/40895654/,10.7759/cureus.89207,40895654,Recent Trends in the Prevention and Management of Obesity Among Adults: A Systematic Review.,2025,Cureus,needs_manual_review,evidence_registry,Auto-collected from PubMed E-utilities; requires manual review.,auto_search,2026-05-26
PMID:40772021,literature,PubMed,40772021,https://pubmed.ncbi.nlm.nih.gov/40772021/,10.1002/fsn3.70728,40772021,The Effect of Probiotics on the Improvement of Body Weight and Fat.,2025,Food science & nutrition,needs_manual_review,evidence_registry,Auto-collected from PubMed E-utilities; requires manual review.,auto_search,2026-05-26
PMID:40772014,literature,PubMed,40772014,https://pubmed.ncbi.nlm.nih.gov/40772014/,10.1002/fsn3.70592,40772014,"Erchen Decoction Offers Health Benefits in Regulating Obesity: Component Analysis, Network Pharmacology, and Experiment Verification.",2025,Food science & nutrition,needs_manual_review,evidence_registry,Auto-collected from PubMed E-utilities; requires manual review.,auto_search,2026-05-26
PMID:40736492,literature,PubMed,40736492,https://pubmed.ncbi.nlm.nih.gov/40736492/,,40736492,Top 20 Research Studies of 2024 for Primary Care Physicians.,2025,American family physician,needs_manual_review,evidence_registry,Auto-collected from PubMed E-utilities; requires manual review.,auto_search,2026-05-26
PMID:40642833,literature,PubMed,40642833,https://pubmed.ncbi.nlm.nih.gov/40642833/,10.1111/dom.16599,40642833,Quantitative analysis of the efficacy characteristics and influencing factors of weight loss drugs in children and adolescents.,2025,"Diabetes, obesity & metabolism",needs_manual_review,evidence_registry,Auto-collected from PubMed E-utilities; requires manual review.,auto_search,2026-05-26
PMID:40616774,literature,PubMed,40616774,https://pubmed.ncbi.nlm.nih.gov/40616774/,10.1007/s12602-025-10639-7,40616774,Synergistic Effects of Pediococcus pentosaceus E24-168 and Exercise on Obesity-Related Dysfunctions and Anxiety in High-Fat Diet-Induced Obese Mice.,2026,Probiotics and antimicrobial proteins,needs_manual_review,evidence_registry,Auto-collected from PubMed E-utilities; requires manual review.,auto_search,2026-05-26
PMID:40572100,literature,PubMed,40572100,https://pubmed.ncbi.nlm.nih.gov/40572100/,10.3390/microorganisms13061211,40572100,Alleviation of Adipose Tissue Inflammation and Obesity Suppression by a Probiotic Strain That Induces GLP-1 Secretion.,2025,Microorganisms,needs_manual_review,evidence_registry,Auto-collected from PubMed E-utilities; requires manual review.,auto_search,2026-05-26
PMID:40557185,literature,PubMed,40557185,https://pubmed.ncbi.nlm.nih.gov/40557185/,10.31138/mjr.030624.dra,40557185,Dietary Recommendations from the Moroccan Society for Rheumatology (SMR) for Patients with Chronic Inflammatory Rheumatic Diseases.,2025,Mediterranean journal of rheumatology,needs_manual_review,evidence_registry,Auto-collected from PubMed E-utilities; requires manual review.,auto_search,2026-05-26
PMID:40460250,literature,PubMed,40460250,https://pubmed.ncbi.nlm.nih.gov/40460250/,10.1080/17446651.2025.2512551,40460250,Gut microbiota alterations and their role in the pathophysiology of obesity following bariatric surgery.,2025,Expert review of endocrinology & metabolism,needs_manual_review,evidence_registry,Auto-collected from PubMed E-utilities; requires manual review.,auto_search,2026-05-26
PMID:40269059,literature,PubMed,40269059,https://pubmed.ncbi.nlm.nih.gov/40269059/,10.1038/s41598-025-96893-9,40269059,"Gut microbiota diversity in obese rats treated with intermittent fasting, probiotic-fermented camel milk with or without dates and their combinations.",2025,Scientific reports,needs_manual_review,evidence_registry,Auto-collected from PubMed E-utilities; requires manual review.,auto_search,2026-05-26
PMID:40178689,literature,PubMed,40178689,https://pubmed.ncbi.nlm.nih.gov/40178689/,10.1186/s40643-025-00861-0,40178689,Phycochemistry and pharmacological significance of filamentous cyanobacterium Spirulina sp.,2025,Bioresources and bioprocessing,needs_manual_review,evidence_registry,Auto-collected from PubMed E-utilities; requires manual review.,auto_search,2026-05-26
PMID:40099634,literature,PubMed,40099634,https://pubmed.ncbi.nlm.nih.gov/40099634/,10.1097/BOR.0000000000001090,40099634,Nutritional guidance in spondyloarthritis: confronting the evidence gap.,2025,Current opinion in rheumatology,needs_manual_review,evidence_registry,Auto-collected from PubMed E-utilities; requires manual review.,auto_search,2026-05-26
PMID:39997695,literature,PubMed,39997695,https://pubmed.ncbi.nlm.nih.gov/39997695/,10.3390/metabo15020070,39997695,Synergistic Effects of Probiotics and Lifestyle Interventions on Intestinal Microbiota Composition and Clinical Outcomes in Obese Adults.,2025,Metabolites,needs_manual_review,evidence_registry,Auto-collected from PubMed E-utilities; requires manual review.,auto_search,2026-05-26
PMID:39988008,literature,PubMed,39988008,https://pubmed.ncbi.nlm.nih.gov/39988008/,10.1016/j.bbi.2025.02.014,39988008,Oleoylethanolamide-producing Lactobacillus paracasei F19 improves metabolic and behavioral disorders by restoring intestinal permeability and microbiota-gut-brain axis in high-fat diet-induced obese male mice.,2025,"Brain, behavior, and immunity",needs_manual_review,evidence_registry,Auto-collected from PubMed E-utilities; requires manual review.,auto_search,2026-05-26
PMID:41961895,literature,PubMed,41961895,https://pubmed.ncbi.nlm.nih.gov/41961895/,10.1111/jpc.70344,41961895,"Effects of Probiotic and Synbiotic Supplementation on Metabolic and Hepatic Outcomes in Children and Adolescents With Obesity, Including Those With Obesity-Related Metabolic Dysfunction-Associated Steatotic Liver Disease: A Systematic Review and Meta-Analysis.",2026,Journal of paediatrics and child health,needs_manual_review,evidence_registry,Auto-collected from PubMed E-utilities; requires manual review.,auto_search,2026-05-26
PMID:41871887,literature,PubMed,41871887,https://pubmed.ncbi.nlm.nih.gov/41871887/,10.1111/jog.70244,41871887,Effects of Nutritional Supplement Intake on Pregnancy Outcomes in Overweight and Obese Women: A Systematic Review and Meta-Analysis.,2026,The journal of obstetrics and gynaecology research,needs_manual_review,evidence_registry,Auto-collected from PubMed E-utilities; requires manual review.,auto_search,2026-05-26
PMID:41410576,literature,PubMed,41410576,https://pubmed.ncbi.nlm.nih.gov/41410576/,10.1039/d5fo01687h,41410576,"Daily mango (Mangifera indica L.) consumption supplemented with probiotics differentially modulates inflammation and cognitive function in individuals with overweight or obesity: a placebo-controlled, double-blind, and randomized trial.",2026,Food & function,needs_manual_review,evidence_registry,Auto-collected from PubMed E-utilities; requires manual review.,auto_search,2026-05-26
PMID:41022286,literature,PubMed,41022286,https://pubmed.ncbi.nlm.nih.gov/41022286/,10.1016/j.advnut.2025.100526,41022286,Probiotics and Synbiotics Supplementation Reduce Inflammatory Cytokines in Individuals with Prediabetes and Type 2 Diabetes Mellitus: Findings from a Systematic Review Meta-analysis.,2025,"Advances in nutrition (Bethesda, Md.)",needs_manual_review,evidence_registry,Auto-collected from PubMed E-utilities; requires manual review.,auto_search,2026-05-26
PMID:40484149,literature,PubMed,40484149,https://pubmed.ncbi.nlm.nih.gov/40484149/,10.1016/j.bbi.2025.06.002,40484149,Add-on probiotics for inflammatory depression - A double-blind randomized placebo-controlled trial.,2025,"Brain, behavior, and immunity",needs_manual_review,evidence_registry,Auto-collected from PubMed E-utilities; requires manual review.,auto_search,2026-05-26
PMID:40385498,literature,PubMed,40385498,https://pubmed.ncbi.nlm.nih.gov/40385498/,10.1007/s40200-025-01632-6,40385498,"Effects of multi-strain synbiotic supplementation on liver enzymes, insulin resistance, anthropometric, and inflammatory indices in overweight and obese adults with fatty liver and diabetes: a randomized controlled trial.",2025,Journal of diabetes and metabolic disorders,needs_manual_review,evidence_registry,Auto-collected from PubMed E-utilities; requires manual review.,auto_search,2026-05-26
PMID:40214965,literature,PubMed,40214965,https://pubmed.ncbi.nlm.nih.gov/40214965/,10.1007/s42000-025-00649-z,40214965,Comparative evaluation of dulaglutide alone vs. dulaglutide combined with probiotics on cardiovascular risk factors in T2DM.,2025,"Hormones (Athens, Greece)",needs_manual_review,evidence_registry,Auto-collected from PubMed E-utilities; requires manual review.,auto_search,2026-05-26
PMID:39984625,literature,PubMed,39984625,https://pubmed.ncbi.nlm.nih.gov/39984625/,10.1038/s41598-025-90820-8,39984625,Effects of oral supplementation of probiotics on body weight and visceral fat in obese patients: a meta-analysis and systematic review.,2025,Scientific reports,needs_manual_review,evidence_registry,Auto-collected from PubMed E-utilities; requires manual review.,auto_search,2026-05-26
PMID:39940263,literature,PubMed,39940263,https://pubmed.ncbi.nlm.nih.gov/39940263/,10.3390/nu17030405,39940263,Changes in Hormonal Profile and Body Mass Index in Women with Polycystic Ovary Syndrome After Probiotic Intake: A 12-Week Placebo-Controlled and Randomized Clinical Study.,2025,Nutrients,needs_manual_review,evidence_registry,Auto-collected from PubMed E-utilities; requires manual review.,auto_search,2026-05-26
PMID:39574069,literature,PubMed,39574069,https://pubmed.ncbi.nlm.nih.gov/39574069/,10.1186/s12916-024-03744-x,39574069,Strategic interventions in clinical randomized trials for metabolic dysfunction-associated steatotic liver disease (MASLD) and obesity in the pediatric population: a systematic review with meta-analysis and bibliometric analysis.,2024,BMC medicine,needs_manual_review,evidence_registry,Auto-collected from PubMed E-utilities; requires manual review.,auto_search,2026-05-26
PMID:39340527,literature,PubMed,39340527,https://pubmed.ncbi.nlm.nih.gov/39340527/,10.1080/10408398.2024.2409956,39340527,"Effects of probiotics, prebiotics, and synbiotics on cardiometabolic risk factors in children and adolescents with overweight or obesity: a systematic review and Bayesian network meta-analysis.",2025,Critical reviews in food science and nutrition,needs_manual_review,evidence_registry,Auto-collected from PubMed E-utilities; requires manual review.,auto_search,2026-05-26
PMID:38653887,literature,PubMed,38653887,https://pubmed.ncbi.nlm.nih.gov/38653887/,10.1007/s11695-024-07225-1,38653887,"Impact of Probiotics on Gastrointestinal Function and Metabolic Status After Roux-en-Y Gastric Bypass: A Double-Blind, Randomized Trial.",2024,Obesity surgery,needs_manual_review,evidence_registry,Auto-collected from PubMed E-utilities; requires manual review.,auto_search,2026-05-26
PMID:38030409,literature,PubMed,38030409,https://pubmed.ncbi.nlm.nih.gov/38030409/,10.1111/obr.13667,38030409,Beneficial effects of the probiotics and synbiotics supplementation on anthropometric indices and body composition in adults: A systematic review and meta-analysis.,2024,Obesity reviews : an official journal of the International Association for the Study of Obesity,needs_manual_review,evidence_registry,Auto-collected from PubMed E-utilities; requires manual review.,auto_search,2026-05-26
PMID:37971504,literature,PubMed,37971504,https://pubmed.ncbi.nlm.nih.gov/37971504/,10.1007/s00125-023-06044-w,37971504,Habitual carbohydrate intake is not correlated with circulating β-hydroxybutyrate levels in pregnant women with overweight and obesity at 28 weeks' gestation.,2024,Diabetologia,needs_manual_review,evidence_registry,Auto-collected from PubMed E-utilities; requires manual review.,auto_search,2026-05-26
PMID:37929031,literature,PubMed,37929031,https://pubmed.ncbi.nlm.nih.gov/37929031/,10.3389/fendo.2023.1237882,37929031,Ameliorating effects of L-carnitine and synbiotic co-supplementation on anthropometric measures and cardiometabolic traits in women with obesity: a randomized controlled clinical trial.,2023,Frontiers in endocrinology,needs_manual_review,evidence_registry,Auto-collected from PubMed E-utilities; requires manual review.,auto_search,2026-05-26
PMID:37915619,literature,PubMed,37915619,https://pubmed.ncbi.nlm.nih.gov/37915619/,10.3389/fnut.2023.1282376,37915619,A nutritional supplement taken during preconception and pregnancy influences human milk macronutrients in women with overweight/obesity and gestational diabetes mellitus.,2023,Frontiers in nutrition,needs_manual_review,evidence_registry,Auto-collected from PubMed E-utilities; requires manual review.,auto_search,2026-05-26
PMID:37875559,literature,PubMed,37875559,https://pubmed.ncbi.nlm.nih.gov/37875559/,10.1038/s41598-023-45395-7,37875559,"Evaluating probiotic efficacy on weight loss in adults with overweight through a double-blind, placebo-controlled randomized trial.",2023,Scientific reports,needs_manual_review,evidence_registry,Auto-collected from PubMed E-utilities; requires manual review.,auto_search,2026-05-26
PMID:37580231,literature,PubMed,37580231,https://pubmed.ncbi.nlm.nih.gov/37580231/,10.1016/j.numecd.2023.07.030,37580231,"No effect of multi-strain probiotic supplementation on metabolic and inflammatory markers and newborn body composition in pregnant women with obesity: Results from a randomized, double-blind placebo-controlled study.",2023,"Nutrition, metabolism, and cardiovascular diseases : NMCD",needs_manual_review,evidence_registry,Auto-collected from PubMed E-utilities; requires manual review.,auto_search,2026-05-26
PMID:37447365,literature,PubMed,37447365,https://pubmed.ncbi.nlm.nih.gov/37447365/,10.3390/nu15133039,37447365,"Effect of a Probiotic and a Synbiotic on Body Fat Mass, Body Weight and Traits of Metabolic Syndrome in Individuals with Abdominal Overweight: A Human, Double-Blind, Randomised, Controlled Clinical Study.",2023,Nutrients,needs_manual_review,evidence_registry,Auto-collected from PubMed E-utilities; requires manual review.,auto_search,2026-05-26
PMID:37248499,literature,PubMed,37248499,https://pubmed.ncbi.nlm.nih.gov/37248499/,10.1186/s13063-023-07383-0,37248499,"The impact of Hafnia alvei HA4597™ on weight loss and glycaemic control after bariatric surgery - study protocol for a triple-blinded, blocked randomized, 12-month, parallel-group, placebo-controlled clinical trial.",2023,Trials,needs_manual_review,evidence_registry,Auto-collected from PubMed E-utilities; requires manual review.,auto_search,2026-05-26
PMID:37239916,literature,PubMed,37239916,https://pubmed.ncbi.nlm.nih.gov/37239916/,10.3390/ijms24108567,37239916,"Potential Modulation of Inflammation and Physical Function by Combined Probiotics, Omega-3 Supplementation and Vitamin D Supplementation in Overweight/Obese Patients with Chronic Low-Grade Inflammation: A Randomized, Placebo-Controlled Trial.",2023,International journal of molecular sciences,needs_manual_review,evidence_registry,Auto-collected from PubMed E-utilities; requires manual review.,auto_search,2026-05-26
PMID:21505361,literature,PubMed,21505361,https://pubmed.ncbi.nlm.nih.gov/21505361/,10.1097/MPG.0b013e31821f9b85,21505361,Effects of Lactobacillus rhamnosus strain GG in pediatric obesity-related liver disease.,2011,Journal of pediatric gastroenterology and nutrition,needs_manual_review,evidence_registry,Auto-collected from PubMed E-utilities; requires manual review.,auto_search_expansion,2026-06-06
PMID:41978077,literature,PubMed,41978077,https://pubmed.ncbi.nlm.nih.gov/41978077/,10.3390/nu18071025,41978077,"Modulation of Glucose Homeostasis, Metabolic Endotoxemia and Circulating Short-Chain Fatty Acids Following Multi-Species Probiotic Supplementation: Findings from a 12-Week Randomised Placebo-Controlled Trial.",2026,Nutrients,needs_manual_review,evidence_registry,Auto-collected from PubMed E-utilities; requires manual review.,auto_search_expansion,2026-06-06
PMID:41520880,literature,PubMed,41520880,https://pubmed.ncbi.nlm.nih.gov/41520880/,10.1016/j.clnesp.2026.102911,41520880,The role of the gut microbiome in childhood obesity: Mechanistic insights and community-based interventions.,2026,Clinical nutrition ESPEN,needs_manual_review,evidence_registry,Auto-collected from PubMed E-utilities; requires manual review.,auto_search_expansion,2026-06-06
PMID:39410163,literature,PubMed,39410163,https://pubmed.ncbi.nlm.nih.gov/39410163/,10.3390/foods13193128,39410163,"Effects of a Sorghum Beverage with Lacticaseibacillus paracasei on Body Composition, Lipid Profiles, and Intestinal Health in Overweight and Obese Adults: A Randomized Single-Blind Pilot Study.",2024,"Foods (Basel, Switzerland)",needs_manual_review,evidence_registry,Auto-collected from PubMed E-utilities; requires manual review.,auto_search_expansion,2026-06-06
PMID:37441828,literature,PubMed,37441828,https://pubmed.ncbi.nlm.nih.gov/37441828/,10.1016/j.nut.2023.112109,37441828,"Multispecies probiotic affects fecal short-chain fatty acids in postmenopausal women with obesity: A post hoc analysis of a randomized, double-blind, placebo-controlled study.",2023,"Nutrition (Burbank, Los Angeles County, Calif.)",needs_manual_review,evidence_registry,Auto-collected from PubMed E-utilities; requires manual review.,auto_search_expansion,2026-06-06
PMID:35987956,literature,PubMed,35987956,https://pubmed.ncbi.nlm.nih.gov/35987956/,10.1038/s41366-022-01213-0,35987956,"Effect of probiotic supplementation on plasma metabolite profile after Roux-Y gastric bypass: a prospective, randomized, double-blind, placebo-controlled clinical trial.",2022,International journal of obesity (2005),needs_manual_review,evidence_registry,Auto-collected from PubMed E-utilities; requires manual review.,auto_search_expansion,2026-06-06
PMID:35866596,literature,PubMed,35866596,https://pubmed.ncbi.nlm.nih.gov/35866596/,10.3920/BM2021.0159,35866596,Mild intermittent hypoxia exposure alters gut microbiota composition in men with overweight and obesity.,2022,Beneficial microbes,needs_manual_review,evidence_registry,Auto-collected from PubMed E-utilities; requires manual review.,auto_search_expansion,2026-06-06
PMID:35179758,literature,PubMed,35179758,https://pubmed.ncbi.nlm.nih.gov/35179758/,10.26355/eurrev_202202_28001,35179758,"A low glycemic index, energy-restricted diet but not Lactobacillus rhamnosus supplementation changes fecal short-chain fatty acid and serum lipid concentrations in women with overweight or obesity and polycystic ovary syndrome.",2022,European review for medical and pharmacological sciences,needs_manual_review,evidence_registry,Auto-collected from PubMed E-utilities; requires manual review.,auto_search_expansion,2026-06-06
PMID:34359450,literature,PubMed,34359450,https://pubmed.ncbi.nlm.nih.gov/34359450/,10.3390/foods10071580,34359450,Synbiotic Supplementation Improves Obesity Index and Metabolic Biomarkers in Thai Obese Adults: A Randomized Clinical Trial.,2021,"Foods (Basel, Switzerland)",needs_manual_review,evidence_registry,Auto-collected from PubMed E-utilities; requires manual review.,auto_search_expansion,2026-06-06
PMID:33530034,literature,PubMed,33530034,https://pubmed.ncbi.nlm.nih.gov/33530034/,10.1016/j.preghy.2021.01.002,33530034,Pregnant women who develop preeclampsia have lower abundance of the butyrate-producer Coprococcus in their gut microbiota.,2021,Pregnancy hypertension,needs_manual_review,evidence_registry,Auto-collected from PubMed E-utilities; requires manual review.,auto_search_expansion,2026-06-06
PMID:32660025,literature,PubMed,32660025,https://pubmed.ncbi.nlm.nih.gov/32660025/,10.3390/nu12072041,32660025,Targeting the Intestinal Microbiota to Prevent Type 2 Diabetes and Enhance the Effect of Metformin on Glycaemia: A Randomised Controlled Pilot Study.,2020,Nutrients,needs_manual_review,evidence_registry,Auto-collected from PubMed E-utilities; requires manual review.,auto_search_expansion,2026-06-06
PMID:31167080,literature,PubMed,31167080,https://pubmed.ncbi.nlm.nih.gov/31167080/,10.1096/fj.201900665RR,31167080,Gut microbiota mediates the protective effects of dietary β-hydroxy-β-methylbutyrate (HMB) against obesity induced by high-fat diets.,2019,FASEB journal : official publication of the Federation of American Societies for Experimental Biology,needs_manual_review,evidence_registry,Auto-collected from PubMed E-utilities; requires manual review.,auto_search_expansion,2026-06-06
PMID:30425806,literature,PubMed,30425806,https://pubmed.ncbi.nlm.nih.gov/30425806/,,30425806,Probiotics and their role in gastrointestinal cancers prevention and treatment; an overview.,2018,Gastroenterology and hepatology from bed to bench,needs_manual_review,evidence_registry,Auto-collected from PubMed E-utilities; requires manual review.,auto_search_expansion,2026-06-06
PMID:28528593,literature,PubMed,28528593,https://pubmed.ncbi.nlm.nih.gov/28528593/,10.1017/S0007114517000964,28528593,Polymannuronic acid ameliorated obesity and inflammation associated with a high-fat and high-sucrose diet by modulating the gut microbiome in a murine model.,2017,The British journal of nutrition,needs_manual_review,evidence_registry,Auto-collected from PubMed E-utilities; requires manual review.,auto_search_expansion,2026-06-06
PMID:27528065,literature,PubMed,27528065,https://pubmed.ncbi.nlm.nih.gov/27528065/,10.1161/HYPERTENSIONAHA.116.07910,27528065,Increased Systolic and Diastolic Blood Pressure Is Associated With Altered Gut Microbiota Composition and Butyrate Production in Early Pregnancy.,2016,"Hypertension (Dallas, Tex. : 1979)",needs_manual_review,evidence_registry,Auto-collected from PubMed E-utilities; requires manual review.,auto_search_expansion,2026-06-06
PMID:26843076,literature,PubMed,26843076,https://pubmed.ncbi.nlm.nih.gov/26843076/,10.1007/s00125-016-3880-0,26843076,Microbial transmission from mothers with obesity or diabetes to infants: an innovative opportunity to interrupt a vicious cycle.,2016,Diabetologia,needs_manual_review,evidence_registry,Auto-collected from PubMed E-utilities; requires manual review.,auto_search_expansion,2026-06-06
PMID:26395746,literature,PubMed,26395746,https://pubmed.ncbi.nlm.nih.gov/26395746/,10.1038/ijo.2015.197,26395746,"A novel cobiotic-based preventive approach against high-fat diet-induced adiposity, nonalcoholic fatty liver and gut derangement in mice.",2016,International journal of obesity (2005),needs_manual_review,evidence_registry,Auto-collected from PubMed E-utilities; requires manual review.,auto_search_expansion,2026-06-06
PMID:25809828,literature,PubMed,25809828,https://pubmed.ncbi.nlm.nih.gov/25809828/,10.1038/ijo.2015.40,25809828,Urinary (1)H-NMR-based metabolic profiling of children with NAFLD undergoing VSL#3 treatment.,2015,International journal of obesity (2005),needs_manual_review,evidence_registry,Auto-collected from PubMed E-utilities; requires manual review.,auto_search_expansion,2026-06-06
PMID:23510724,literature,PubMed,23510724,https://pubmed.ncbi.nlm.nih.gov/23510724/,10.1016/j.clnu.2013.02.007,23510724,Effect of Lactobacillus salivarius Ls-33 on fecal microbiota in obese adolescents.,2013,"Clinical nutrition (Edinburgh, Scotland)",needs_manual_review,evidence_registry,Auto-collected from PubMed E-utilities; requires manual review.,auto_search_expansion,2026-06-06
PMID:41727680,literature,PubMed,41727680,https://pubmed.ncbi.nlm.nih.gov/41727680/,10.3389/fendo.2026.1734041,41727680,BMI-stratified phenotypes of polycystic ovary syndrome: advances in gut microbiota research and personalized management strategies.,2026,Frontiers in endocrinology,needs_manual_review,evidence_registry,Auto-collected from PubMed E-utilities; requires manual review.,auto_search,2026-05-26
PMID:41475319,literature,PubMed,41475319,https://pubmed.ncbi.nlm.nih.gov/41475319/,10.1016/j.nut.2025.113033,41475319,Comparing body composition techniques against an adapted multicompartment model in individuals with excess body weight.,2026,"Nutrition (Burbank, Los Angeles County, Calif.)",needs_manual_review,evidence_registry,Auto-collected from PubMed E-utilities; requires manual review.,auto_search,2026-05-26
PMID:39298907,literature,PubMed,39298907,https://pubmed.ncbi.nlm.nih.gov/39298907/,10.1016/j.dsx.2024.103118,39298907,"The effect of microbiome-modulating therapeutics on glucose homeostasis in metabolic syndrome: A systematic review, meta-analysis, and meta-regression of clinical trials.",2024,Diabetes & metabolic syndrome,needs_manual_review,evidence_registry,Auto-collected from PubMed E-utilities; requires manual review.,auto_search,2026-05-26
PMID:37513562,literature,PubMed,37513562,https://pubmed.ncbi.nlm.nih.gov/37513562/,10.3390/nu15143144,37513562,Probiotics and Polycystic Ovary Syndrome: A Perspective for Management in Adolescents with Obesity.,2023,Nutrients,needs_manual_review,evidence_registry,Auto-collected from PubMed E-utilities; requires manual review.,auto_search,2026-05-26
PMID:37474971,literature,PubMed,37474971,https://pubmed.ncbi.nlm.nih.gov/37474971/,10.1186/s13099-023-00563-y,37474971,Effects of synbiotic supplementation on intestinal microbiota composition in children and adolescents with exogenous obesity: (Probesity-2 trial).,2023,Gut pathogens,needs_manual_review,evidence_registry,Auto-collected from PubMed E-utilities; requires manual review.,auto_search,2026-05-26
PMID:37359018,literature,PubMed,37359018,https://pubmed.ncbi.nlm.nih.gov/37359018/,10.3389/fmed.2023.1141355,37359018,"The effects of probiotics, prebiotics, and synbiotics on polycystic ovarian syndrome: an overview of systematic reviews.",2023,Frontiers in medicine,needs_manual_review,evidence_registry,Auto-collected from PubMed E-utilities; requires manual review.,auto_search,2026-05-26
PMID:36364814,literature,PubMed,36364814,https://pubmed.ncbi.nlm.nih.gov/36364814/,10.3390/nu14214555,36364814,The Role of Individually Selected Diets in Obese Women with PCOS-A Review.,2022,Nutrients,needs_manual_review,evidence_registry,Auto-collected from PubMed E-utilities; requires manual review.,auto_search,2026-05-26
PMID:35562794,literature,PubMed,35562794,https://pubmed.ncbi.nlm.nih.gov/35562794/,10.1186/s40168-022-01248-5,35562794,Elucidating the role of the gut microbiota in the physiological effects of dietary fiber.,2022,Microbiome,needs_manual_review,evidence_registry,Auto-collected from PubMed E-utilities; requires manual review.,auto_search,2026-05-26
PMID:34434546,literature,PubMed,34434546,https://pubmed.ncbi.nlm.nih.gov/34434546/,10.1016/j.amsu.2021.102548,34434546,Effects of synbiotic supplement on body weight and fasting blood glucose levels in obesity: A randomized placebo-controlled trial.,2021,Annals of medicine and surgery (2012),needs_manual_review,evidence_registry,Auto-collected from PubMed E-utilities; requires manual review.,auto_search,2026-05-26
PMID:33915854,literature,PubMed,33915854,https://pubmed.ncbi.nlm.nih.gov/33915854/,10.3390/nu13041160,33915854,Role of Probiotics in Modulating Human Gut Microbiota Populations and Activities in Patients with Colorectal Cancer-A Systematic Review of Clinical Trials.,2021,Nutrients,needs_manual_review,evidence_registry,Auto-collected from PubMed E-utilities; requires manual review.,auto_search,2026-05-26
PMID:33326198,literature,PubMed,33326198,https://pubmed.ncbi.nlm.nih.gov/33326198/,10.18388/abp.2020_5443,33326198,"Impact of diet and synbiotics on selected gut bacteria and intestinal permeability in individuals with excess body weight - A Prospective, Randomized Study.",2020,Acta biochimica Polonica,needs_manual_review,evidence_registry,Auto-collected from PubMed E-utilities; requires manual review.,auto_search,2026-05-26
PMID:31126565,literature,PubMed,31126565,https://pubmed.ncbi.nlm.nih.gov/31126565/,10.1016/j.ctim.2019.05.008,31126565,Effects of pro-/synbiotic supplementation on anthropometric and metabolic indices in overweight or obese children and adolescents: A systematic review and meta-analysis.,2019,Complementary therapies in medicine,needs_manual_review,evidence_registry,Auto-collected from PubMed E-utilities; requires manual review.,auto_search,2026-05-26
PMID:30924853,literature,PubMed,30924853,https://pubmed.ncbi.nlm.nih.gov/30924853/,10.1093/nutrit/nuz001,30924853,Effects of oral supplementation with probiotics or synbiotics in overweight and obese adults: a systematic review and meta-analyses of randomized trials.,2019,Nutrition reviews,needs_manual_review,evidence_registry,Auto-collected from PubMed E-utilities; requires manual review.,auto_search,2026-05-26
PMID:30595036,literature,PubMed,30595036,https://pubmed.ncbi.nlm.nih.gov/30595036/,10.1080/10408398.2018.1545218,30595036,Efficacy of synbiotic supplementation in obesity treatment: A systematic review and meta-analysis of clinical trials.,2020,Critical reviews in food science and nutrition,needs_manual_review,evidence_registry,Auto-collected from PubMed E-utilities; requires manual review.,auto_search,2026-05-26
PMID:29547587,literature,PubMed,29547587,https://pubmed.ncbi.nlm.nih.gov/29547587/,10.3390/genes9030167,29547587,Dietary Alteration of the Gut Microbiome and Its Impact on Weight and Fat Mass: A Systematic Review and Meta-Analysis.,2018,Genes,needs_manual_review,evidence_registry,Auto-collected from PubMed E-utilities; requires manual review.,auto_search,2026-05-26
PMID:27367724,literature,PubMed,27367724,https://pubmed.ncbi.nlm.nih.gov/27367724/,10.3390/nu8070397,27367724,"Beneficial Effect of Synbiotic Supplementation on Hepatic Steatosis and Anthropometric Parameters, But Not on Gut Permeability in a Population with Nonalcoholic Steatohepatitis.",2016,Nutrients,needs_manual_review,evidence_registry,Auto-collected from PubMed E-utilities; requires manual review.,auto_search,2026-05-26
PMID:25909598,literature,PubMed,25909598,https://pubmed.ncbi.nlm.nih.gov/25909598/,10.1097/MCG.0000000000000328,25909598,"Effects of Prebiotic and Synbiotic Supplementation on Inflammatory Markers and Anthropometric Indices After Roux-en-Y Gastric Bypass: A Randomized, Triple-blind, Placebo-controlled Pilot Study.",2016,Journal of clinical gastroenterology,needs_manual_review,evidence_registry,Auto-collected from PubMed E-utilities; requires manual review.,auto_search,2026-05-26
PMID:24184299,literature,PubMed,24184299,https://pubmed.ncbi.nlm.nih.gov/24184299/,10.1016/j.jped.2013.07.003,24184299,A randomized triple-masked controlled trial on the effects of synbiotics on inflammation markers in overweight children.,2014,Jornal de pediatria,needs_manual_review,evidence_registry,Auto-collected from PubMed E-utilities; requires manual review.,auto_search,2026-05-26
PMID:34050763,literature,PubMed,34050763,https://pubmed.ncbi.nlm.nih.gov/34050763/,10.1210/clinem/dgab369,34050763,Effects of Synbiotic Supplementation and Lifestyle Modifications on Women With Polycystic Ovary Syndrome.,2021,The Journal of clinical endocrinology and metabolism,needs_manual_review,evidence_registry,Auto-collected from PubMed E-utilities; requires manual review.,auto_search_expansion,2026-06-06
PMID:32698957,literature,PubMed,32698957,https://pubmed.ncbi.nlm.nih.gov/32698957/,10.1016/j.clnu.2020.05.043,32698957,"The effect of synbiotic on glycemic profile and sex hormones in overweight and obese breast cancer survivors following a weight-loss diet: A randomized, triple-blind, controlled trial.",2021,"Clinical nutrition (Edinburgh, Scotland)",needs_manual_review,evidence_registry,Auto-collected from PubMed E-utilities; requires manual review.,auto_search_expansion,2026-06-06
PMID:32363616,literature,PubMed,32363616,https://pubmed.ncbi.nlm.nih.gov/32363616/,10.1002/ptr.6710,32363616,"The effect of synbiotic supplementation on anthropometric indices, appetite, and constipation in people with hypothyroidism: A randomized, double-blind, placebo-controlled trial.",2020,Phytotherapy research : PTR,needs_manual_review,evidence_registry,Auto-collected from PubMed E-utilities; requires manual review.,auto_search_expansion,2026-06-06
PMID:26792677,literature,PubMed,26792677,https://pubmed.ncbi.nlm.nih.gov/26792677/,10.1016/j.micpath.2016.01.002,26792677,Microbiota manipulation for weight change.,2017,Microbial pathogenesis,needs_manual_review,evidence_registry,Auto-collected from PubMed E-utilities; requires manual review.,auto_search_expansion,2026-06-06
PMID:26259892,literature,PubMed,26259892,https://pubmed.ncbi.nlm.nih.gov/26259892/,10.3920/BM2015.0011,26259892,"Effects of synbiotic on anthropometry, lipid profile and oxidative stress in obese children.",2015,Beneficial microbes,needs_manual_review,evidence_registry,Auto-collected from PubMed E-utilities; requires manual review.,auto_search_expansion,2026-06-06
