evidence_id,source_database,source_accession,source_url,title,abstract,publication_types,clinical_interventions,enrollment,phase,primary_outcomes,secondary_outcomes,arms,detail_status
EUROPEPMC:41599902,PubMed,41599902,https://europepmc.org/article/MED/41599902,Personalized Nutrition Through the Gut Microbiome in Metabolic Syndrome and Related Comorbidities.,"Background: Metabolic syndrome, a clinical condition defined by central obesity, impaired glucose regulation, elevated blood pressure, hypertriglyceridemia, and low high-density lipoprotein cholesterol across the lifespan, is now a major public health issue typically managed with lifestyle, behavioral, and dietary recommendations. However, ""one-size-fits-all"" recommendations often yield modest, heterogeneous responses and poor long-term adherence, creating a clinical need for more targeted and implementable preventive and therapeutic strategies. Objective: To synthesize evidence on how the gut microbiome can inform precision nutrition and exercise approaches for metabolic syndrome prevention and management, and to evaluate readiness for clinical translation. Key findings: The gut microbiome may influence cardiometabolic risk through microbe-derived metabolites and pathways involving short-chain fatty acids, bile acid signaling, gut barrier integrity, and low-grade systemic inflammation. Diet quality (e.g., Mediterranean-style patterns, higher fermentable fiber, or lower ultra-processed food intake) consistently relates to more favorable microbial functions, and intervention studies show that high-fiber/prebiotic strategies can improve glycemic control alongside microbiome shifts. Physical exercise can also modulate microbial diversity and metabolic outputs, although effects are typically subtle and may depend on baseline adiposity and sustained adherence. Emerging ""microbiome-informed"" personalization, especially algorithms predicting postprandial glycemic responses, has improved short-term glycemic outcomes compared with standard advice in controlled trials. Targeted microbiome-directed approaches (e.g., Akkermansia muciniphila-based supplementation and fecal microbiota transplantation) provide proof-of-concept signals, but durability and scalability remain key limitations. Conclusions: Microbiome-informed personalization is a promising next step beyond generic guidelines, with potential to improve adherence and durable metabolic outcomes. Clinical implementation will require standardized measurement, rigorous external validation on clinically meaningful endpoints, interpretable decision support, and equity-focused evaluation across diverse populations.",Journal Article; Review,,,,,,,ok
EUROPEPMC:41822330,PubMed,41822330,https://europepmc.org/article/MED/41822330,Gut microbiota in obesity management: from microbial clocks to precision microbial therapies.,"The gut microbiota exhibits robust circadian oscillations that synchronize with host metabolic cycles. Disruption of these microbial rhythms is increasingly recognized as a factor contributing to the pathogenesis of obesity. Clinical evidence supports that chrono-modulated interventions, including chrono-nutrition, temporal fecal microbiota transplantation (FMT), and engineered microbial systems, represent promising approaches in obesity management. This review synthesizes the features of gut microbiota circadian dynamics, the intrinsic and extrinsic factors regulating microbiota oscillations, and the precise microbial intervention measures targeting temporal patterns. Through the integration of insights into the microbiota-clock-metabolism axis, this review emphasizes the necessity of time-specific strategies in translating microbial circadian biology into effective, personalized obesity therapies.",Journal Article; Review,,,,,,,ok
EUROPEPMC:41850442,PubMed,41850442,https://europepmc.org/article/MED/41850442,Targeting 7-ketocholesterol-driven metabolic dysfunction in obesity: Therapeutic potential of Bifidobacterium and dietary antioxidants.,"7-Ketocholesterol (7-KC), a highly cytotoxic oxysterol generated during cholesterol oxidation, accumulates in obesity-associated dyslipidemia and plays a significant role in sustaining chronic low-grade inflammation, oxidative stress, and apoptosis. These pathogenic processes contribute to the development and progression of major obesity-related complications, including insulin resistance, cardiovascular disease, and non-alcoholic fatty liver disease. Existing pharmacological interventions offer limited efficacy in counteracting 7-KC induced cellular toxicity, highlighting the need for safe and sustainable nutrition-based strategies. This review examines emerging evidence supporting the role of Bifidobacterium species in modulating cholesterol metabolism, bile acid signaling, gut barrier integrity, and adipose tissue inflammation, all of which are central to oxysterol-mediated metabolic disruption. In addition, the synergistic effects of probiotics and dietary antioxidants in reducing oxidative stress, restoring gut microbial balance, and improving metabolic homeostasis are discussed. Finally, translational insights into functional foods, Synbiotic formulations, and precision nutrition approaches are presented as promising avenues to attenuate 7-KC toxicity and reduce the burden of obesity and its associated comorbidities.",Journal Article; Review,,,,,,,ok
EUROPEPMC:41999447,PubMed,41999447,https://europepmc.org/article/MED/41999447,Reconsidering Obesity in India Through a Gut-Metabolic Lens: Mechanistic Insights and the Emerging Role of Synbiotics in Individuals with the Thin-Fat Phenotype.,"India's escalating burden of obesity and metabolic disease is characterized by a distinctive ""thin-fat"" phenotype, in which individuals with normal or near-normal body mass index exhibit disproportionate visceral adiposity, reduced skeletal muscle mass, and heightened susceptibility to insulin resistance. Conventional obesity models centered primarily on caloric imbalance fail to adequately explain this pattern, underscoring the need for a more integrative pathophysiological framework. Emerging evidence implicates gut microbiome dysbiosis, impaired fermentation of dietary fibers, reduced short-chain fatty acid (SCFA) signaling, altered bile acid metabolism, metabolic endotoxemia, and dysregulated adipose tissue crosstalk as key contributors to metabolic vulnerability in South Asian populations. This commentary synthesizes mechanistic insights into the gut-metabolic axis and examines their relevance to India's phenotype-specific challenges. Key pathways, including SCFA-mediated incretin secretion, Toll-like receptor 4 (TLR4)-driven inflammatory signaling, angiopoietin-like protein 4 (ANGPTL4)-mediated lipid partitioning, and microbiota-dependent bile acid biotransformation, are discussed as interconnected drivers of metabolic dysfunction. Emerging clinical evidence from randomized controlled trials evaluating synbiotic and prebiotic-botanical formulations is also discussed, highlighting their potential benefits as adjuncts to lifestyle modification. Given India's dietary patterns and widespread deficiency of fermentable fiber intake, synbiotics may represent a scalable and biologically coherent strategy to support metabolic health. However, heterogeneity of formulations, interindividual microbiome variability, and limited long-term outcome data necessitate cautious interpretation. Advancing precision microbiome-targeted interventions will require population-specific research, multi-omics integration, and rigorous clinical evaluation.",Editorial,,,,,,,ok
EUROPEPMC:42015346,PubMed,42015346,https://europepmc.org/article/MED/42015346,Gut microbiome and metabolic health: mechanisms and precision interventions.,"The gut microbiome is increasingly recognized as a fundamental regulator of metabolic health, shaping energy balance, insulin sensitivity, inflammatory tone, and inter-organ communication through a broad spectrum of microbial metabolites that engage host signaling pathways. In this review, we synthesize current mechanistic insights into how gut microbial communities shape metabolic function, with particular emphasis on short-chain fatty acids, secondary bile acid signaling, gut barrier integrity, immune modulation, and the microbiota-gut-brain-pancreas axis. We further summarize disease-associated alterations in microbial composition and function across obesity, type 2 diabetes, metabolic dysfunction-associated steatotic liver disease, and metabolic syndrome, highlighting key microbial and metabolic features that contribute to metabolic dysfunction. Evidence from germ-free models, fecal microbiota transplantation studies, and strain-level interventions suggests that shifts in microbial ecology may causally shape metabolic outcomes. We also critically evaluate emerging microbiome-centered therapeutic strategies, including targeted probiotics, prebiotics, dietary modulation, and fecal microbiota transplantation, while addressing factors that underlie inter-individual variability in treatment responses. In addition, we discuss the growing influence of multi-omics technologies, microbial metabolic modeling, and machine learning approaches in advancing precision microbiome medicine. To integrate these advances within a coherent framework, we outline a precision microbiome intervention pipeline linking multidimensional profiling to functional stratification and targeted therapeutic design. We also introduce a conceptual Precision Microbiome Intervention Triangle to mechanistically explain heterogeneity in responses to microbiome-targeted therapies. Collectively, these insights establish and position the gut microbiome as both a mechanistic driver and a modifiable therapeutic target in metabolic disease, and highlight key challenges and future directions for the development of personalized microbiome-based metabolic interventions.",Journal Article; Review,,,,,,,ok
EUROPEPMC:42051485,PubMed,42051485,https://europepmc.org/article/MED/42051485,Targeted regulation of adipose tissue macrophages from an immunometabolic perspective: a novel therapeutic approach for obesity-related metabolic disorders.,"The global prevalence of obesity and its associated metabolic syndromes, characterized by chronic inflammation and metabolic disorders, poses a major health threat worldwide. This makes it urgent to gain a deeper understanding of its pathogenesis and to develop new therapeutic strategies. Adipose tissue macrophages (ATMs), as central regulators of the adipose tissue immune microenvironment, exhibit functional polarization closely linked to obesity-associated chronic low-grade inflammation and insulin resistance. This review systematically elucidates the mechanisms of metabolic reprogramming in adipose tissue microenvironment under obesity, focusing on how profound alterations in their glucose, lipid, and amino acid metabolic networks drive their shift toward a pro-inflammatory phenotype. Building on this, we review the mechanisms of action and latest research advances in emerging therapeutic strategies, including mitochondrial-targeted interventions, extracellular vesicle (EV)-mediated molecular delivery, probiotic/prebiotic modulation, probiotic extracellular vesicles, and nanotechnology-enabled precision interventions. Finally, this review outlines the challenges and future directions for treating obesity-related diseases by precisely regulating the EV-ATMs metabolic axis.",Journal Article; Review,,,,,,,ok
EUROPEPMC:42072163,PubMed,42072163,https://europepmc.org/article/MED/42072163,"Microbiota-Gut-Brain Axis Disruption, Neuroinflammation, and Potential Antioxidant-Based Treatments in Metabolic Diseases.","Metabolic diseases are strongly associated with chronic systemic inflammation and oxidative stress, which disrupt the microbiota-gut-brain (MGB) axis and promote neuroinflammation. Dysbiosis favors the release of proinflammatory metabolites, reactive oxygen species (ROS), and lipopolysaccharides (LPS), increasing intestinal permeability and triggering systemic immune responses that reach the central nervous system (CNS) through a weakened blood-brain barrier (BBB). This review summarizes current knowledge on the pathophysiological mechanisms linking the MGB axis, metabolic disorders, and neuroinflammation, as well as the therapeutic potential of antioxidants. A literature search was conducted in PubMed, Web of Science, Scopus, and ScienceDirect and included original research articles, reviews, clinical trials, and meta-analyses related to microbiota, neuroinflammation, oxidative stress, and antioxidant interventions. Evidence indicates that dysbiosis exacerbates metabolic dysfunction by activating the nuclear factor kappa B (NF-κB) and NOD-like receptor family pyrin domain containing 3 (NLRP3) inflammasome pathways, while excessive ROS production impairs mitochondrial function, neuronal survival, and cognitive processes. Antioxidant strategies, including polyphenols, omega-3 fatty acids, curcumin, vitamins C and E, and probiotics, can restore microbial diversity, reinforce intestinal and BBB integrity, and modulate oxidative and inflammatory signaling. In conclusion, supplements and bacteria with antioxidant properties show promising therapeutic effects by targeting oxidative stress mechanisms involved in metabolic diseases and their pathological consequences, such as dysbiosis and neuroinflammation.",Journal Article; Review,,,,,,,ok
EUROPEPMC:42131482,PubMed,42131482,https://europepmc.org/article/MED/42131482,Bioactive compounds as therapeutic modulators of metabolic syndrome: targeting inflammation and gut microbiota regulation.,"Food bioactives, including polyphenols, flavonoids, omega-3 fatty acids, and glucosinolates, play a crucial role in preventing metabolic syndrome by modulating chronic inflammation, gut microbiota homeostasis, and metabolic processes. These compounds influence key molecular pathways implicated in metabolic dysfunction and systemic inflammation. This review explores the mechanisms through which food bioactives contribute to metabolic health, emphasizing their role in inflammation regulation, gut microbiota modulation, and insulin sensitivity. A comprehensive literature review was conducted using databases such as PubMed, Scopus, and Web of Science. Relevant peer-reviewed articles, meta-analyses, and clinical trials published in the last two decades were analyzed, focusing on bioactives' biochemical actions and therapeutic potential in Metabolic syndrome. The study showed that bioactives mitigate inflammation by inhibiting NF-κB signaling and NLRP3 inflammasome activation, reducing pro-inflammatory cytokines (TNF-α, IL-6, IL-1β). They also modulate gut microbiota, promoting beneficial bacteria (e.g., Akkermansia muciniphila) and enhancing gut barrier integrity via increased expression of tight junction proteins. Short-chain fatty acids (SCFAs) derived from microbial metabolism contribute to systemic anti-inflammatory effects. Clinical studies indicate that polyphenol-rich diets, such as the Mediterranean diet, improve metabolic syndrome parameters by lowering inflammatory markers, enhancing lipid profiles, and improving insulin sensitivity. Despite promising findings, challenges such as poor bioavailability and variability in gut microbiome responses hinder clinical application. Strategies like nanoencapsulation and microbiome-targeted nutrition may optimize bioactive efficacy. Overall, food bioactives represent a promising strategy for metabolic health. Future research should focus on enhancing bioavailability, personalized nutrition, and large-scale clinical trials to establish optimal dosing and long-term benefits.",Journal Article; Review,,,,,,,ok
EUROPEPMC:42197000,PubMed,42197000,https://europepmc.org/article/MED/42197000,Gut Microbiome Dysbiosis in Metabolic Syndrome: Current Evidence and Emerging Perspectives.,"The gut microbiota plays a crucial role in human metabolism, and disruptions to its composition, particularly reductions in bacterial diversity, have been increasingly associated with the development of metabolic syndrome (MetS). MetS encompasses a constellation of interrelated metabolic risk factors, including central obesity, insulin resistance, dyslipidemia, and hypertension, which collectively elevate the risk of cardiovascular and cerebrovascular disease. A comprehensive understanding of the mechanisms underlying MetS is therefore critical for the development of effective preventive and therapeutic strategies. Complex interactions between the gut microbiota and host metabolic pathways are mediated by multiple factors, including microbial metabolites, inflammatory signaling, and host immune responses. This narrative review characterizes the clinical manifestations of MetS and alterations in gut microbiota composition, characterized by an overrepresentation of potentially pathogenic taxa and a concomitant decline in beneficial microbial species. In addition, we discuss current and emerging approaches to microbiota modulation, including prebiotics, probiotics, synbiotics, postbiotics, and fecal microbiota transplantation, and evaluate their potential roles in the prevention and management of MetS. We identify critical evidence gaps and propose research priorities for evidence-based clinical strategies for MetS management and prevention.",Journal Article; Review,,,,,,,ok
EUROPEPMC:42212103,PubMed,42212103,https://europepmc.org/article/MED/42212103,Gut microbiota and pediatric metabolic dysfunction-associated steatotic liver disease: clinical evidence and therapeutic implications.,"Metabolic dysfunction-associated steatotic liver disease (MASLD), previously referred to as Non-alcoholic fatty liver disease (NAFLD), is among the most common chronic liver conditions globally. The incidence of MASLD has been rising, primarily due to lifestyle changes, excessive calorie intake, and other metabolic conditions like obesity and Type 2 diabetes mellitus in both adults and children. An inclusive understanding of risk factors of childhood MASLD is still unknown. Based on the limited case studies published, familial clustering is prominent in MASLD suggesting role of genetic factors. Moreover, children with MASLD are at higher risk of obesity, diabetes and hypertension. Studies associating the colonic microbiome with MASLD have been limited and complicated by inconsistencies in study design and approach but mostly indicate a role in the pediatric population. The present review provides a comprehensive understanding of the most recent clinical studies (2013-2026) on the role of gut microbiome in the development of pediatric MASLD.",Journal Article; Review,,,,,,,ok
EUROPEPMC:42221502,PubMed,42221502,https://europepmc.org/article/MED/42221502,Therapeutic potential of natural compounds from medicinal and food homology substances targeting gut microbiota in lipid metabolism disorders.,"Dyslipidemia contributes to chronic diseases such as non-alcoholic fatty liver disease (NAFLD), type 2 diabetes (T2DM), and obesity. Emerging evidence highlights gut dysbiosis as a key driver of abnormal lipid metabolism. This review examines how natural bioactive compounds from medicinal and food homology (MFH) substances regulate lipid metabolism by modulating the gut microbiome. It summarizes evidence on the modification of the microbiota-lipid metabolism axis by natural compounds from MFH substances and discusses the limitations of applications and their promise for preventing and treating metabolic diseases. By capitalizing on these microbiota-mediated effects, natural compounds may serve as a beneficial natural resource for adjusting lipid metabolism.",Journal Article; Review,,,,,,,ok
PMID:41205303,PubMed,41205303,https://pubmed.ncbi.nlm.nih.gov/41205303/,Bacteroides acidifaciens alleviates high-fat diet-induced obesity-related osteoporosis by regulating gut microbiota and bile acid metabolism via the gut-bone axis.,"Obesity disrupts bone formation-resorption balance. Despite the established role of Bacteroides acidifaciens (B. acidifaciens) in modulating metabolic homeostasis, reducing inflammation, and improving lipid metabolism, its impact on obesity-associated osteoporosis is still not well understood. In this study, we delved into the potential protective influence of B. acidifaciens on high-fat diet (HFD) induced bone loss. The results showed that B. acidifaciens sharply improved weight gain, glucose and lipid metabolism in 16 weeks HFD mice. Both In vitro and in vivo experiments have conclusively demonstrated that the introduction of B. acidifaciens notably ameliorated the imbalance of HFD induced osteogenesis and osteoclastogenesis. B. acidifaciens also regulated HFD induced gut microbiota and bile acid metabolism, and strengthened intestinal mucosal barrier function. Additionally, B. acidifaciens significantly activated the AMPK-PPARα signaling pathway in bone tissue. Thus, our study indicated that B. acidifaciens regulated metabolism, restored gut microbiota balance, and activated AMPK-PPARα pathway to prevent HFD-induced bone loss, potentially aiding in preventing and treating obesity-related osteoporosis.",Journal Article,,,,,,,ok
PMID:41499920,PubMed,41499920,https://pubmed.ncbi.nlm.nih.gov/41499920/,Gut microbiota composition and derived enterotypes are associated with ponderal status in preschool children. Childhood obesity risk assessment longitudinal study (CORALS) cohort.,"Childhood obesity is a growing public health concern increasingly linked to gut microbiota. We analysed associations between microbiota composition, functionality, and weight status in 1134 children aged 3-6 years from the CORALS cohort.; The baseline cross-sectional study stratified participants by weight status (underweight, normal weight, overweight, obesity) and performed shotgun metagenomic sequencing of stool samples. Analyses in R assessed alpha/beta diversity, taxonomic composition, enterotypes, and microbial pathways.; Alpha diversity decreased with increasing BMI, particularly in obesity (Shannon adj.P = 0.00301; Simpson adj.P = 0.00158). Beta diversity revealed distinct microbial structures across groups (p = 0.001). Four enterotypes were identified: obesity was associated with Enterotype 3 (Segatella-dominated, p = 0.023), while Enterotype 1 (Alistipes, Akkermansia, Coprococcus) was enriched in underweight/normal weight. Species linked to obesity included higher Phocaeicola dorei (adj.P = 0.003) and Segatella hominis (adj.P = 0.001), and lower Longicatena caecimuris (adj.P = 0.03) and Blautia parvula (adj.P = 0.003). Functional analyses showed downregulation of vitamin and nucleotide biosynthesis pathways and reduced carbohydrate metabolism in overweight/obesity.; Gut microbiota composition and functionality are strongly associated with weight status in early childhood, suggesting microbial biomarkers and metabolic pathways relevant to understand early obesity development.; gov ID NCT06317883.",Journal Article,,,,,,,ok
PMID:41812148,PubMed,41812148,https://pubmed.ncbi.nlm.nih.gov/41812148/,"Effects of Polyphenols on Gut Health and Inflammation in Overweight and Obese Populations: A Systematic Review and Meta-analysis of Dose, Duration, and Food Matrix.","Obesity and overweight are global health challenges associated with chronic low-grade inflammation and gut microbiota imbalance. Polyphenols are bioactive compounds found in plant-based foods and have shown promise in improving gut health and regulating inflammatory responses.; This systematic review and meta-analysis evaluated the effects of polyphenol interventions on gut microbiota composition and inflammatory biomarkers in overweight and obese individuals, based on 32 randomized controlled trials.; This systematic review and meta-analysis was conducted using electronic databases including PubMed, Web of Science, Cochrane Library, and EMBASE from their inception up to August 2024.; Our findings highlight that intervention characteristics, such as duration, dosage, and food matrix, significantly influence outcomes. Subgroup analyses revealed that shorter interventions (<6 wk) and higher daily polyphenol doses (>400 mg) more effectively reduced interleukin (IL)-6 (2.79 mg/dL; 95% CI, -3.52 to -2.06; P = .001; 4.26 mg/dL; 95% CI, -6.29 to -2.24; P = .001), increasing anti-inflammatory IL-10 (0.25 pg/mL; 95% CI, 0.11-0.40; P = .0004; 1.49 pg/mL; 95% CI, 0.62-2.36; P = .000), and promoting beneficial gut bacteria such as Bifidobacterium spp and Akkermansia muciniphila.; Whole polyphenol-rich food was more effective than purified extracts in lowering IL-6 and C-reactive protein (CRP) levels, suggesting potential synergistic effects from the food matrix. The most notable effects were observed with interventions lasting under 6 weeks, daily polyphenol intake below 400 mg, and whole polyphenol-rich foods. These findings suggest that polyphenols may help regulate gut microbiota and inflammation in overweight and obese individuals.; PROSPERO registration no. CRD42024621376.",Journal Article,,,,,,,ok
PMID:41871887,PubMed,41871887,https://pubmed.ncbi.nlm.nih.gov/41871887/,Effects of Nutritional Supplement Intake on Pregnancy Outcomes in Overweight and Obese Women: A Systematic Review and Meta-Analysis.,"Fetal nutrient supply depends on maternal status. Pregnant women tend to pay close attention to their health and diet, and micronutrient supplementation is widely practiced. Overweight and obese pregnant women exhibit altered metabolism, inflammation, and placental function. These may limit the efficacy of nutritional supplementation in this population. Robust evidence on supplement efficacy and safety in this high-risk group is lacking. To evaluate the effects of antenatal nutritional supplementation on perinatal outcomes in women with pre-pregnancy overweight or obesity, we conducted a systematic review and meta-analysis.; We searched PubMed, Embase, and the Cochrane Library to 16 July 2025 for randomized controlled trials (RCTs) comparing any nutritional supplement versus placebo in pregnant women with body mass index (BMI) ≥ 25 kg/m2. Nineteen RCTs (3482 participants) were included; risk ratios (RR) with 95% confidence intervals (CI) were pooled using fixed- or random-effects models.; Supplements did not alter birth weight (SMD 0.04; 95% CI -0.04 to 0.11) or overall cesarean section risk. Probiotic supplementation increased preterm birth risk by 86% (RR 1.86; 95% CI 1.09-3.18). Inositol reduced preterm birth (RR 0.28; 95% CI 0.13-0.64) and preeclampsia (RR 0.40; 95% CI 0.19-0.83). Unsaturated fatty acids lowered macrosomia incidence (RR 0.53; 95% CI 0.29-0.95).; Routine unsaturated fatty acids and inositol supplementation should be considered for overweight or obese pregnant women to reduce macrosomia, preterm birth, preeclampsia, and gestational hypertension. Chronic or prophylactic probiotic supplementation is not recommended.",Journal Article; Systematic Review; Meta-Analysis,,,,,,,ok
PMID:41882376,PubMed,41882376,https://pubmed.ncbi.nlm.nih.gov/41882376/,Genetically mediated causal relationship between gut microbiota composition and childhood obesity.,"Gut microbiota (GM) plays a critical role in maintaining human health and modulating the pathogenesis of various diseases. This study aimed to investigate the causal relationship between gut microbiota and childhood obesity using Mendelian randomization.; In accordance with preset thresholds, independent genetic loci significantly related to the relative abundance of GM were extracted as instrumental variables using GM genome-wide association study (GWAS) data from the MiBioGen database and childhood obesity GWAS data from the IEU Open GWAS database. Inverse variance weighting was used to examine the causal relationship between GM and childhood obesity.; An increase in Akkermansia and Butyricimonas abundance can reduce the risk of obesity in children (OR = 0.476, 95% CI: 0.311-0.726, P = 0.001; OR = 0.682, 95% CI: 0.471-0.990, P = 0.044). Ruminiclostridium9 abundance increased the risk of childhood obesity (OR = 2.051, 95% CI: 1.069-3.932, P = 0.031).; Beneficial GM members Akkermansia and Butyricimonas were positively associated with reduced obesity risk in children. Ruminiclostridium 9 was identified as a potential risk factor for childhood obesity. This study provides genetic evidence supporting a potential causal relationship between GM composition and childhood obesity, offering valuable insights for future research and preventive intervention strategies.; Gut microbiota (GM) plays a critical role in maintaining human health and modulating the pathogenesis of various diseases. GM-based interventions have emerged as promising therapeutic approaches for childhood obesity. This study aimed to investigate the causal relationship between gut microbiota and childhood obesity using Mendelian randomization methods, thereby providing genetic evidence to support the potential of GM-targeted strategies in the prevention and management of this condition. The findings reinforce prior observational evidence by demonstrating a causal association between specific gut microbial taxa and childhood obesity. These results provide valuable insights that may guide future research and the development of novel therapeutic interventions.",Journal Article,,,,,,,ok
PMID:41961895,PubMed,41961895,https://pubmed.ncbi.nlm.nih.gov/41961895/,"Effects of Probiotic and Synbiotic Supplementation on Metabolic and Hepatic Outcomes in Children and Adolescents With Obesity, Including Those With Obesity-Related Metabolic Dysfunction-Associated Steatotic Liver Disease: A Systematic Review and Meta-Analysis.","This systematic review and meta-analysis evaluated the effects of probiotic and synbiotic supplementation on metabolic and hepatic outcomes in children and adolescents with obesity, including those with obesity-related metabolic dysfunction-associated steatotic liver disease (MASLD).; A comprehensive literature search of PubMed, Scopus and Web of Science was conducted up to September 2025. Randomised controlled trials (RCTs) investigating probiotic or synbiotic supplementation in paediatric populations with obesity or MASLD were included. Data were pooled using a random-effects model, and the Cochrane Risk of Bias tool and GRADE framework were used for quality assessment.; Thirteen RCTs (n = 848) were included. Pooled analyses demonstrated significant reductions in total cholesterol (WMD: -6.40 mg/dL, 95% CI: -8.78, -4.01), LDL-C (WMD: -2.68 mg/dL, 95% CI: -4.85, -0.50) and alanine aminotransferase (ALT) (WMD: -6.15 U/L, 95% CI: -10.14, -2.16). No significant improvements were observed in BMI z-score, waist circumference, triglycerides, HDL-C or fasting blood sugar. A significant increase in HOMA-IR was found (WMD: 0.68, 95% CI: 0.53, 0.83). Evidence certainty was high for lipid outcomes but low or very low for most other measures.; Despite these mixed results, substantial heterogeneity and limited evidence quality underscore the need for well-designed, strain-specific trials. Probiotic and synbiotic supplementation show promise for specific metabolic outcomes in paediatric populations, though caution is warranted regarding glucose homeostasis, and personalised approaches should be considered in clinical practice.",Journal Article; Systematic Review; Meta-Analysis; Review,,,,,,,ok
PMID:42157654,PubMed,42157654,https://pubmed.ncbi.nlm.nih.gov/42157654/,"Gut Microbiota as a Mediator of Sarcopenic Obesity: Mechanisms, Modifiable Factors, and Healthcare Burden.","Sarcopenic obesity (SO) is condition characterized by coexistence of reduced skeletal muscle mass and increased body fat mass. Several factors contribute to development of SO, including aging, chronic inflammation, oxidative stress, physical inactivity, obesity, inadequate nutrition, and gut dysbiosis. Currently, there is no definitive treatment protocol for SO; existing management strategies primarily focus on alleviating symptoms and improving quality of life through lifestyle modifications. The gut microbiota plays a significant role in the development of SO through dysbiosis, while restoration of microbial balance may contribute to the alleviation of clinical symptoms. In SO, Akkermansia, Escherichia, and Bifidobacterium have been reported as prominent gut microbial signatures. Therapeutic approaches for SO include nutritional and exercise interventions, biotics (probiotics, prebiotics, synbiotics, and postbiotics), protein and vitamin supplementation, and dietary patterns such as ketogenic and MIND diets. These strategies may contribute to SO management through the gut-muscle axis by modulating gut microbiota composition and influencing metabolic mechanisms such as inflammation, energy metabolism, and muscle protein synthesis. This review examines the relationship between SO and the gut microbiota, the mechanisms underlying the gut-muscle axis, and microbiota-based therapeutic approaches, highlighting the importance of evidence-based strategies for managing the health burden associated with this condition.",Journal Article; Review,,,,,,,ok
EUROPEPMC:39159270,PubMed,39159270,https://europepmc.org/article/MED/39159270,Obesity and the gut microbiota: implications of neuroendocrine and immune signaling.,"Obesity is a major health challenge due to its high prevalence and associated comorbidities. The excessive intake of a diet rich in fat and sugars leads to a persistent imbalance between energy intake and energy expenditure, which increases adiposity. Here, we provide an update on relevant diet-microbe-host interactions contributing to or protecting from obesity. In particular, we focus on how unhealthy diets shape the gut microbiota and thus impact crucial intestinal neuroendocrine and immune system functions. We describe how these interactions promote dysfunction in gut-to-brain neuroendocrine pathways involved in food intake control and postprandial metabolism and elevate the intestinal proinflammatory tone, promoting obesity and metabolic complications. In addition, we provide examples of how this knowledge may inspire microbiome-based interventions, such as fecal microbiota transplants, probiotics, and biotherapeutics, to effectively combat obesity-related disorders. We also discuss the current limitations and gaps in knowledge of gut microbiota research in obesity.",Journal Article; Review,,,,,,,ok
EUROPEPMC:39944116,PubMed,39944116,https://europepmc.org/article/MED/39944116,"The effect of probiotics, prebiotics and synbiotics on gut microbial community profile in overweight and obese Latin American and Caribbean populations: a systematic review of human trials.","Oral supplementation with probiotics, prebiotics, and synbiotics is a novel potential complementary therapy for addressing overweight and obesity through gut microbiota modulation. This systematic review provides a comprehensive summary of the existing evidence to guide future research. Literature searches were conducted in four databases to identify human trials published until May 2024 that examined the impact of probiotic, prebiotic, or synbiotic interventions on faecal microbiota composition changes in overweight and obese participants from Latin American and Caribbean populations (LACPs). Of the 13,090 identified records, five randomised controlled trials (RCTs) from Brazil, Mexico, and Chile met the inclusion criteria for this review. The included RCTs evaluated different forms of therapies over short-term interventions (6 or 8 weeks), with sample sizes ranging from 21 to 39 participants across the studies. Variations in the reported outcomes were observed due to differences in supplement formulation, dosage, population characteristics, and methodological heterogeneity. The findings indicate that the available data are inadequate to establish definitive conclusions regarding the impact of biotic treatments on gut microbiota profiles in LACP. Further research with larger sample sizes and precise microbiota analysis is required to elucidate the implications of dietary interventions on gut microbiota in obesity and related disorders.",Journal Article; Review,,,,,,,ok
EUROPEPMC:40295195,PubMed,40295195,https://europepmc.org/article/MED/40295195,"Microbiome, Potential Therapeutic Agents: New Players of Obesity Treatment.","Obesity is a global pandemic, and recent research has established a correlation between the microbiome and obesity, indicating potential treatment possibilities. This review evaluated the potential of the microbiome in treating obesity by targeting anti-adipogenesis and adipose tissue browning mechanisms. The microbiome impacts adipogenesis through lipogenesis and inflammation pathways and influences adipose tissue browning via the secretion of gut hormones and short-chain fatty acids. Understanding these mechanisms could pave the way for interventions targeting the gut microbiome to reduce obesity-related adiposity. While our understanding of the specific microbial species, metabolites, and signaling pathways involved in these processes is still limited, this review highlights the potential of microbiome-based therapies for obesity. Further research focused on identifying key microbial players and their mechanisms of action will be crucial for developing targeted and effective interventions. This will ultimately contribute to a more comprehensive understanding of obesity pathogenesis and facilitate the development of novel therapeutic strategies to combat this global health crisis.",Journal Article; Review,,,,,,,ok
EUROPEPMC:41080326,PubMed,41080326,https://europepmc.org/article/MED/41080326,Gut Microbiota Modulation in Type 2 Diabetes and Cardiometabolic Risk: A Systematic Review.,"Cardiometabolic complications related to type 2 diabetes mellitus (T2DM) are often due to changes in the gut microbiota. The review analyzed studies looking at the effects of probiotics, prebiotics, high-fiber diets, and fecal microbiota transplantation (FMT) on glucose levels and heart and metabolic health in individuals either having T2DM or being at risk. The review followed the Preferred Reporting Items for Systematic Reviews (PRISMA) guidelines. The literature was searched using text terms and controlled vocabulary, employing Boolean operators ""AND,"" ""OR,"" and various combinations across PubMed, Embase, and the Cochrane Library. Open-access, full-text English papers from 2005 to 2025, including those authored by people, were searched. The quality was assessed using the Risk of Bias 2.0 (RoB 2.0) tool, and the evidence was appraised using the Grading of Recommendations, Assessment, Development, and Evaluation (GRADE) approach. Fifteen randomized controlled trials (RCTs) were analyzed for methodological quality, with three categorized as having a high risk of bias (RoB). The GRADE tool categorized two high RoB RCTs as ""low quality."" However, two RCTs had low RoB and were classified as ""high quality."" Ten RCTs had uncertain RoB, lowering the evidence by one point to ""moderate quality."" A comprehensive review of RCTs was conducted to assess outcomes related to glycemic parameters (e.g., glycated hemoglobin (HbA1c), fasting glucose), lipid profiles, inflammatory markers, anthropometric measures, and gut microbiota composition. Interventions included probiotic and prebiotic supplementation, high-fiber or Mediterranean-style diets, and FMT. Probiotic yogurt containing Lactobacillus acidophilus and Bifidobacterium lactis significantly improved lipid profiles by reducing low-density lipoprotein cholesterol (LDL-C) and total cholesterol. High-fiber diets consistently lowered fasting blood glucose, HbA1c, triglycerides, and LDL-C while elevating high-density lipoprotein cholesterol (HDL-C) and beneficial short-chain fatty acid (SCFA)-producing bacteria. Anti-inflammatory effects were observed across interventions, notably with probiotics and polyphenol-rich Mediterranean diets, which reduced tumor necrosis factor-alpha (TNF-α), interleukin-6 (IL-6), and other inflammatory cytokines. The Green-Mediterranean diet significantly improved weight, insulin resistance, and Framingham risk scores. Novel mechanisms involving SCFAs and bile acid metabolism were also identified as key modulators of host metabolic response. Microbiota-based interventions offer promising avenues for glycemic control and cardiometabolic risk reduction in patients with T2DM.",Journal Article; Review,,,,,,,ok
EUROPEPMC:41133047,PubMed,41133047,https://europepmc.org/article/MED/41133047,Efficacy of Gut Microbiome-Targeted Therapies in Modulating Systemic Inflammation and Low-Grade Chronic Inflammatory States in Adults With Metabolic Disorders: A Systematic Review.,"Gut microbiome-targeted therapies have shown promise in promoting the outcomes of metabolic inflammation-related disease management. This review aims to assess the effectiveness of microbiome-targeted interventions and pinpoint the most promising therapies for clinical implementation. Following the PRISMA 2020 standards, we searched four main databases: PubMed, EMBASE, Scopus, and the Cochrane Library. We integrated medical subject headings (MeSH) and free-text keywords search pertinent to gut microbiome-targeted interventions, along with related outcomes such as inflammation and insulin resistance. English studies were conducted on primary adults with a metabolic disease diagnosis or deemed a high risk, and were mandated to report at least one outcome pertinent to metabolic health or systemic inflammation. To assess the risk bias, data were extracted, and the Cochrane Risk of Bias (RoB) 2.0 tool was employed. Fifteen studies fulfilled the inclusion criteria. A narrative synthesis was conducted. We found that probiotics significantly enhanced insulin resistance (HOMA-IR), reduced circulating endotoxin levels, decreased visceral fat, BMI, and fat mass, and increased beneficial taxa with obesity-associated bacteria reduction. However, inconsistent outcomes were shown for lipid parameters. Prebiotic therapies showed significant decreases in fasting glucose in overweight people, and insulin levels and HOMA-IR in patients with metabolic syndrome, enhanced anti-inflammatory effects (31% C-reactive protein (CRP) reduction, decreased interleukin (IL)-6, tumor necrosis factor-alpha (TNF)-α, and lipopolysaccharide (LPS) levels), and promoted butyrate-producing bacteria. Synbiotic interventions showed complementary benefits for glucose metabolism and body composition. Fecal microbiota transplantation (FMT) studies indicated improved insulin sensitivity and donor microbiota engraftment in responders. Fiber-rich diet trials markedly improved HbA1c levels in diabetic and prediabetic individuals. In conclusion, prebiotics demonstrated the most consistent metabolic and anti-inflammatory benefits across multiple parameters. Probiotics showed targeted effects on insulin resistance and body composition but inconsistent lipid outcomes. FMT and synbiotics require further investigation to establish clinical efficacy. This evidence supports prebiotics as a priority intervention for metabolic disease management through microbiome modulation.",Journal Article; Review,,,,,,,ok
EUROPEPMC:41220421,PubMed,41220421,https://europepmc.org/article/MED/41220421,Therapeutic Potential Targeting Gut Microbiota Modulation With Emphasis on,"Metabolic disorders are complex conditions that arise from abnormal biochemical reactions, disrupting normal metabolic processes. The most prevalent metabolic disorders include obesity, Type 2 diabetes mellitus (T2DM), cardiovascular disease (CVD), nonalcoholic fatty liver disease (NAFLD), and inflammatory bowel disease (IBD). Despite extensive research, no definitive therapeutic strategy has been established for a complete cure. Emerging evidence suggests that gut microbiome dysbiosis plays a critical role in the pathogenesis of these disorders, as maintaining microbial homeostasis is essential for metabolic health. Short-chain fatty acids (SCFAs) are a key metabolite produced by gut microbiota and exhibit significant therapeutic potential by serving as an energy source for colonocytes, enhancing gut barrier integrity, and modulating inflammation. Our analysis reveals that targeted microbial modulation, particularly through SCFA-producing probiotics and prebiotics, consistently benefits host metabolism and reduces systemic inflammation across multiple conditions. This review highlights the importance of gut microbiota as a viable therapeutic target and underscore the need for further clinical trials to validate microbiome-based interventions in metabolic disease management.",Journal Article; Review,,,,,,,ok
EUROPEPMC:41246285,PubMed,41246285,https://europepmc.org/article/MED/41246285,Microbiome-based therapeutics for metabolic disorders: harnessing microbial intrusions for treatment.,"The rising global rates of metabolic disorders, such as obesity, type 2 diabetes, non-alcoholic fatty liver disease, and metabolic syndrome, call for new treatment methods beyond traditional drugs. The human gut microbiota, made up of trillions of microorganisms that plays a crucial role in maintaining metabolic balance through complex biochemical processes and interactions between hosts and microbes. Dysbiosis, which involves changes in microbial composition and a decrease in diversity, has become a major factor in metabolic problems. This disruption impacts the production of short-chain fatty acid, increase in permeability of intestine, and causes enduring low-grade inflammation. This review features into the potential of treatments based on microbiome for metabolic syndromes, focusing on probiotics, prebiotics, synbiotics, and postbiotics. It also encompasses innovative methods such as engineered microbial consortium, fecal microbiota transplantation (FMT), and vaginal microbiota transplantation (VMT). Probiotics show significant promise in improving blood sugar control and enhancing lipid levels. Prebiotics help bring about positive changes in microbial composition and the production of beneficial metabolites. Synbiotic combinations provide added benefits by helping good microbes thrive while supplying nutrients they can ferment. Postbiotics have recent research focus because they are safer, more stable, easier to store, and less likely to contribute to antibiotic resistance comparative to live probiotics. Even now there are substantial complications in translating microbiome research into standardized therapeutics despite of promising pre-clinical outcomes and some initial clinical data. These comprises individual variances, strain-specificity, dosage problems, regulation issues, and the necessity for personalised treatment strategies. Future success will depend upon personalized medicine, technological developments, and the incorporation of multi-omics strategy to generate metabolic health therapeutics depending on targeted microbiomes.",Journal Article; Review,,,,,,,ok
EUROPEPMC:41373952,PubMed,41373952,https://europepmc.org/article/MED/41373952,Obesity and Diabetes in Mexico: An Approach to the Intestinal Microbiota.,"Obesity and diabetes have reached alarming prevalence rates globally, with Mexico being one of the most affected countries. This review explores the epidemiology of these metabolic disorders and analyzes their prevalence and risk factors, as well as the crucial role of the intestinal microbiota in their development. Obesity and diabetes in Mexico have been linked to lifestyle factors, genetic predispositions, and alterations in the gut microbial composition. The intestinal microbiota plays a significant role in metabolic regulation, and its dysbiosis has been associated with insulin resistance, chronic inflammation, and increased fat accumulation. Studies in Mexico have highlighted specific microbial patterns in individuals with obesity and diabetes, suggesting a unique interplay between diet, microbiota composition, and metabolic health. Strategies to restore microbial balance, such as dietary modifications and probiotic interventions, have shown promising results in improving metabolic parameters and reducing disease progression. However, challenges remain in understanding the long-term effects of microbiota-targeted therapies and their individual variability. This review underscores the need for further research to develop personalized interventions aimed at modulating the gut microbiota for obesity and diabetes management. Future directions should focus on integrative approaches combining nutrition, prebiotics, and microbiome-based therapeutics to combat the increasing burden of metabolic diseases in Mexico.",Journal Article; Review,,,,,,,ok
EUROPEPMC:41426235,PubMed,41426235,https://europepmc.org/article/MED/41426235,Modulating Metabolic Health and Physiological Functions: Advances in Dietary Interventions Targeting Gut Microbiota.,"The human gut possesses a highly complex and metabolically functional microbial community. This microbial ecosystem, often termed a ""super-organism"", plays a critical function in regulating the host's metabolic processes, including gut motility, energy absorption, appetite, glucose and lipid metabolism, as well as hepatic fat storage. These metabolic functions of the gut microbiota (GM) play a central role in maintaining host homeostasis and overall metabolic health. This review synthesizes findings from recent clinical and preclinical studies, focusing on the interactions between gut microbiota, metabolic functions, and dietary interventions, to provide an evidence-based overview of current knowledge and future perspectives. Evidence was compiled through a narrative review of studies indexed in PubMed, Scopus, Web of Science, and Google Scholar using prespecified keywords related to gut microbiota, metabolic syndrome, diet, and dysbiosis.Recent advancements in nutritional science and microbiology have highlighted the substantial relation between the GM and multiple pathological conditions, including metabolic syndrome (MetS). A plethora of studies predict that disruptions in the GM, known as dysbiosis, may influence the progression of diabetes, obesity, and cardiovascular diseases (CVDs). Notably, elucidating the contributions of the GM in the pathogenesis of MetS could offer promising avenues for therapeutic interventions. Herein, we review the physiological and metabolic functions of the GM and its connection to MetS pathogenesis, while also highlighting the potential molecular mechanisms underlying these observed associations. Furthermore, we discuss the influence of different dietary approaches on MetS and the impact of nutritional therapeutic strategies to support the development of beneficial gut bacteria and alleviate dysbiosis. By integrating insights from both clinical and preclinical research, this study provides a comprehensive overview of how GM modulation can support metabolic health. The possibility of tailoring nutritional interventions based on individual microbiota profiles represents a promising frontier for personalized and effective approaches to improve metabolic health.",Journal Article; Review,,,,,,,ok
PMID:39984625,PubMed,39984625,https://pubmed.ncbi.nlm.nih.gov/39984625/,Effects of oral supplementation of probiotics on body weight and visceral fat in obese patients: a meta-analysis and systematic review.,"Obesity can mediate the occurrence of many cardiovascular metabolic diseases, such as coronary heart disease and diabetes, which will lead to a significant increase in all-cause mortality in obese people. Visceral fat refers to the excessive accumulation of adipose tissue in abdominal organs, which can lead to impaired normal function of organs. In recent years, it has been reported that probiotics can reduce obesity and visceral fat content, and some studies have put forward the opposite conclusion. In order to guide the practice of nutrition, we use Meta-analysis method to analyze these conclusions. The authors searched randomized controlled trials on the effects of oral probiotics on body weight and visceral fat content in obese people published before January 2024 in several public databases, such as PubMed, Web of Science, EMBASE, Cochrane Library and CNKI. The primary outcome was body weight, and the secondary outcomes included BMI, waist circumference, visceral fat content, and low-density lipoprotein levels. This trial has been registered in PROSPERO (CRD42024521353). A total of 8 randomized controlled trials involving 412 patients were included in this meta-analysis. Meta-analysis showed that the weight loss of the experimental group taking probiotics was significantly higher than that of the control group (P < 0.00001). The reduction of waist circumference in the experimental group taking probiotics was significantly different from that in the control group (P = 0.01). The decrease of visceral fat content in the experimental group taking probiotics was significantly different from that in the control group (P < 0.00001). There was no significant difference in BMI and LDL-C levels between the experimental group and the control group. Oral probiotics can reduce weight loss, waist circumference and visceral fat content in obese patients, which may be a potential nutritional treatment for obese patients in the future. However, whether oral probiotics can reduce BMI and LDL-C levels in obese patients needs to be included in more RCTs and further discussed in the future.",Journal Article; Meta-Analysis; Systematic Review,,,,,,,ok
PMID:39997695,PubMed,39997695,https://pubmed.ncbi.nlm.nih.gov/39997695/,Synergistic Effects of Probiotics and Lifestyle Interventions on Intestinal Microbiota Composition and Clinical Outcomes in Obese Adults.,"Obesity is a growing global epidemic. The composition of the intestinal microbiota can be influenced by several factors. Studies highlight the role of intestinal bacteria in the pathophysiology of obesity.; to investigate whether the use of probiotics, together with healthy lifestyle habits, contributes to intestinal microbiota composition and clinical outcomes in individuals with obesity.; A prospective study was conducted with 45 adults with obesity. Participants underwent guidance on healthy lifestyle habits, received a probiotic component containing different microbiological strains and were followed for 60 days. Clinical parameters, body composition, biochemical analysis, and intestinal microbiota assessment were evaluated before and after treatment.; After 60 days, an analysis of the intestinal microbiota showed an increase in microbial diversity (including alfa and beta) and a better balance between the bacterial phyla Firmicutes and Bacteroidetes. Bacterial strains present in the probiotic were also present in the patients’ intestinal microbiota. A reduction in BMI, fasting glucose, insulin, HOMA-IR, LDL cholesterol, and triglycerides was observed, in addition to an increase in HDL cholesterol, improvement in bowel movement frequency, and stool consistency.; The treatment with probiotics and healthy lifestyle habits contributed to improving the composition of the intestinal microbiota and clinical outcomes individuals with obesity.",Journal Article,,,,,,,ok
PMID:40192559,PubMed,40192559,https://pubmed.ncbi.nlm.nih.gov/40192559/,The Effect of Prebiotics and Probiotics (Synbiotics) on Weight Loss and Biochemical Parameters in Obese Individuals.,"This study examined the effects of prebiotic and probiotic (synbiotic) supplementation on weight loss and biochemical parameters in treating obesity. The study was conducted with 110 participants in Eskisehir Anadolu Hospital, Turkiye, between February 15, 2019 and February 15, 2020. Individuals with obesity, who were following a weight loss diet, were randomly assigned to two groups. While one group (the control group) followed the diet only, the other group received synbiotic tablets in the morning and evening, in addition to the diet. Anthropometric values and biochemical parameters of the patients were measured at the beginning of the study and 3 months after. A significant decrease was found in weight, body mass index (BMI), and waist circumference values compared with baseline in both groups (P: .001; P < .05). A significant decrease was found in fasting blood sugar and HOMA-IR values compared with baseline in both groups. Furthermore, there was a significant increase in vitamin B12 and vitamin D values in the group receiving synbiotics compared with their baseline values. As a result of our study, both groups experienced similar weight loss and a decrease in BMI values. The vitamin B12 and vitamin D values of the group that took supplements increased significantly. The HOMA-IR values were significantly lower in both groups, albeit more in the synbiotic group. Changes in vitamin B12, vitamin D, and HOMA-IR values are extremely important for improving the health parameters in the long term.",Journal Article; Randomized Controlled Trial,,,,,,,ok
PMID:40434504,PubMed,40434504,https://pubmed.ncbi.nlm.nih.gov/40434504/,Harnessing Probiotics: Exploring the Role of the Gut Microbiome in Combating Obesity.,"Obesity has become a global health crisis driven by genetic, environmental, and lifestyle factors, often linked to gut microbiome imbalances. Probiotics, particularly Lactobacillus and Bifidobacterium strains, have shown promise in clinical trials by promoting weight loss, improving lipid profiles, and addressing gut dysbiosis associated with obesity. This review surveys the literature on the microbiome and obesity, emphasizing the clinical relevance of probiotics in treatment strategies. Our comprehensive PubMed search highlights the mechanisms through which probiotics influence metabolic health, including their effects on inflammation and appetite regulation. We also explore promising future research directions and the potential for integrating probiotics into clinical practice. While results are encouraging, the evidence is limited by strain variability, small sample sizes, short trial durations, and individual differences in microbiota composition. More extensive, long-term studies with standardized methods are crucial to confirm the effectiveness of probiotics as viable anti-obesity treatments.",Journal Article; Review,,,,,,,ok
PMID:40637175,PubMed,40637175,https://pubmed.ncbi.nlm.nih.gov/40637175/,Gut microbiome-based interventions for the management of obesity in children and adolescents aged up to 19 years.,"The epidemic of overweight and obesity affects more than 390 million children and adolescents aged 5 to 19 years and 37 million children under five years of age. Overweight and obesity are associated with both short- and long-term consequences, including chronic inflammation, metabolic diseases, as well as alterations in the gut microbiome composition. Gut microbiome-based approaches may impact microbiome-related metrics such as diversity or the abundance of intestinal bacteria, which may be linked to obesity-related outcomes. However, evidence regarding the effect of gut microbiome-based interventions for the management of obesity is limited.; To assess the effects of gut microbiome-based interventions in the management of overweight or obesity in children and adolescents in all their diversity aged 0 to 19 years.; We searched CENTRAL, MEDLINE, CINAHL, Web of Science Core Collection, BIOSIS Previews, Global Index Medicus (all regions), IBECS, SciELO, PAHO, PAHO IRIS, WHO IRIS, WHOLIS, Bibliomap, TRoPHI as well as ICTRP Search Portal and ClinicalTrials.gov. The date of the last search for all databases was 24 January 2025. We did not apply any language restrictions.; We included randomised controlled trials that evaluated gut microbiome-based interventions [i.e. prebiotics, probiotics, synbiotics, short-chain fatty acids (SCFAs), and faecal microbiota transplantation (FMT)] compared to standard-of-care, placebo, or control interventions in children and adolescents aged 0 to 19 years with overweight or obesity.; Two review authors independently screened titles and abstracts and full texts, extracted data, and assessed the risk of bias using the Cochrane Risk of Bias 2 tool and certainty of the evidence using Grading of Recommendations Assessment, Development and Evaluation (GRADE), a framework for assessing the certainty of evidence and making recommendations in systematic reviews. Random-effects meta-analyses were performed unless only one study per outcome was available, for which fixed-effect analyses were performed.; We found 17 studies (838 participants) from various countries, evaluating the effects of prebiotics, probiotics, synbiotics, SCFAs, and FMT on body mass index (BMI), body weight, waist circumference, total body fat percentage (%TBF), systolic and diastolic blood pressure, and adverse events. Of the 17 studies included, five studies were in adolescents aged 10 to 19 years, and 12 studies were in children and adolescents spanning both age groups, 0 to 19 years. Upon contacting authors for data grouped by age of the participants, no studies provided separate outcomes data for children and adolescents. The included studies were funded by either academic funding sources or grants from the public and private sectors. Additionally, 15 studies were classified as currently being conducted ('ongoing'). The certainty of evidence throughout was very low. In adolescents 10 to 19 years of age, probiotics compared to placebo or no intervention may have little to no effect on BMI, body weight, waist circumference, %TBF, blood pressure, and adverse events. Similarly, FMT compared to placebo may have little to no effect on waist circumference, %TBF, blood pressure, and adverse events in this age group. According to one study with 41 participants and in children and adolescents 0 to 19 years of age, intervention with prebiotics compared to placebo may result in a small reduction in BMI (mean difference = -0.70, 95% CI = -1.25 to -0.15) and body weight (mean difference = -1.5, 95% CI = -2.61 to -0.39). Prebiotics compared to placebo may have little to no effect on waist circumference, %TBF, systolic blood pressure, and adverse events. No data were available on the effect of prebiotics on diastolic blood pressure. Probiotics compared to placebo may have little to no effect on BMI, body weight, waist circumference, %TBF, blood pressure, and adverse events in children and adolescents (0 to 19 years). Synbiotics compared to placebo may result in a reduction in systolic blood pressure (mean difference = -40.00, 95% CI = -50.63 to -29.37) in children and adolescents (0 to 19 years); according to one study with 56 participants. The evidence is very uncertain about the effects of synbiotics compared to a placebo on BMI, body weight, waist circumference, blood pressure, and adverse events. No data were available on the effect of synbiotics compared to placebo on %TBF. Synbiotics, compared to probiotics, may have little to no effect on waist circumference, %TBF, and adverse events. No data were available on the effect of synbiotics compared to probiotics on BMI, body weight, and blood pressure. According to one study with 48 participants and very low-certainty of evidence, SCFAs compared to placebo may result in a reduction in waist circumference (mean difference = -5.08, 95% CI = -7.40 to -2.76) and BMI (mean difference = -2.26, 95% CI = -3.24 to -1.28) in children and adolescents (0-19 years). SCFAs compared to placebo may have little to no effect on adverse events. No data were available on the effect of SCFAs on body weight, %TBF, and blood pressure. Adverse events, i.e. abdominal cramps, abdominal discomfort, abdominal pain, diarrhoea, vomiting, and migraine, were reported in the prebiotics group but with very low incidence. Additionally, adverse events such as nausea and headache were reported in the SCFAs group, but with low incidence.; In adolescents aged 10 to 19 years, gut microbiome-based interventions may result in little to no difference in obesity-related outcomes. In children and adolescents aged 0 to 19 years, prebiotics may result in a small reduction in BMI and body weight; synbiotics may result in a reduction in systolic blood pressure, and SCFAs may result in a reduction in BMI and waist circumference, albeit the certainty of evidence was very low. The evidence was of very low certainty due to few studies per comparison, small sample sizes, short intervention durations, and insufficient reporting of adverse events. More rigorous research examining different types of gut microbiome-based interventions for the management of obesity is required in children and adolescents, both in clinical and community settings. Future trials should also report methods related to randomisation, blinding, and compliance, as well as include prespecified analysis plans.",Journal Article; Systematic Review,,,,,,,ok
PMID:41348832,PubMed,41348832,https://pubmed.ncbi.nlm.nih.gov/41348832/,"Human-derived fecal virome transplantation (FVT) reshapes the murine gut microbiota and virome, enhancing glucose regulation.","The gut microbiome, comprising bacteria, viruses, archaea, fungi, and protists, plays a crucial role in regulating host metabolism and health. This study explored the effects of fecal virome transplantation (FVT) from healthy human donors on metabolic syndrome (MetS) in a diet-induced obesity (DIO) mouse model, without diet change. Mice received a single oral dose of human-derived virus-like particles (VLPs) and continued on a high-fat diet (HFD) for 17 weeks. Despite persistent dietary stress, FVT significantly improved glucose tolerance. Longitudinal profiling by virome shotgun metagenomics and bacterial 16S rRNA sequencing revealed marked, durable shifts in both viral and bacterial community composition. Notable bacterial changes included a decrease in Akkermansia muciniphila and Peptococcaceae and increases in Allobaculum and Coprococcus; A. muciniphila positively correlated with glucose levels and negatively correlated with body weight. Together, these results suggests that human-derived virome can durably reshape gut microbial ecology and improve glucose metabolism in mice with obesity, even without dietary modification, offering a novel avenue for developing phage-based therapies. This proof-of-concept study provides foundational observations for using human-derived VLPs for FVT in standard laboratory mouse models, and provides a foundation for elucidating bacteria-phage interactions and their role in host metabolic health.",Journal Article,,,,,,,ok
PMID:41374064,PubMed,41374064,https://pubmed.ncbi.nlm.nih.gov/41374064/,Marine-Algal-Derived Postbiotics Modulating the Gut Microbiota-Adipose Tissue Axis in Obesity: A New Frontier.,"Background: Obesity is increasingly recognized as a metabolic disorder driven by gut microbiota dysbiosis and chronic low-grade inflammation within adipose tissue. Emerging evidence highlights the gut-adipose tissue axis as a critical mediator of energy balance and metabolic regulation. Marine algae-rich in polysaccharides, polyphenols, and carotenoids-offer bioactive compounds that modulate gut microbial composition and generate beneficial metabolites termed ""postbiotics."" Objective: This review aims to comprehensively summarize current advances in understanding how marine-algal-derived postbiotics influence the gut microbiota-adipose tissue axis and contribute to obesity prevention and management. Methods: A structured literature search was conducted across PubMed, Scopus, Web of Science, ScienceDirect, and SpringerLink for studies published between 2015 and October 2025. Eligible studies included in vitro, in vivo, and human trials examining the effects of marine-algal compounds on gut microbiota composition, short-chain fatty acid (SCFA) production, adipose inflammation, and metabolic outcomes. Results: Marine-algal polysaccharides (fucoidan, alginate, laminarin, carrageenan, and ulvan) act as fermentable fibers that enhance SCFA production and enrich beneficial taxa such as Akkermansia, Lactobacillus, and Bacteroides, while reducing endotoxin-producing bacteria. Polyphenols and carotenoids (fucoxanthin, phlorotannins, astaxanthin) directly target adipogenesis, oxidative stress, and adipose browning. Animal studies consistently demonstrate reduced body weight, improved insulin sensitivity, and decreased inflammation following algae supplementation. Human trials-though limited-confirm safety and show microbiota modulation with modest weight loss. Conclusions: Marine-algal-derived postbiotics represent a promising, natural, and sustainable strategy to target the gut microbiota-adipose tissue axis in obesity. They offer multi-targeted mechanisms through microbial and host pathways, supporting their integration into functional food and nutraceutical development. Further clinical research and regulatory standardization are warranted to translate these findings into evidence-based interventions.",Journal Article; Review,,,,,,,ok
EUROPEPMC:37771199,PubMed,37771199,https://europepmc.org/article/MED/37771199,Human gut microbiome: Therapeutic opportunities for metabolic syndrome-Hype or hope?,"Shifts in gut microbiome composition and metabolic disorders are associated with one another. Clinical studies and experimental data suggest a causal relationship, making the gut microbiome an attractive therapeutic goal. Diet, intake of probiotics or prebiotics and faecal microbiome transplantation (FMT) are methods to alter a person's microbiome composition. Although FMT may allow establishing a proof of concept to use microbiome modulation to treat metabolic disorders, studies show mixed results regarding the effects on metabolic parameters as well as on the composition of the microbiome. This review summarizes the current knowledge on diet, probiotics, prebiotics and FMT to treat metabolic diseases, focusing on studies that also report alterations in microbiome composition. Furthermore, clinical trial results on the effects of common drugs used to treat metabolic diseases are synopsized to highlight the bidirectional relationship between the microbiome and metabolic diseases. In conclusion, there is clear evidence that microbiome modulation has the potential to influence metabolic diseases; however, it is not possible to distinguish which intervention is the most successful. In addition, a clear commitment from all stakeholders is necessary to move forward in the direction of developing targeted interventions for microbiome modulation.",Journal Article; Review,,,,,,,ok
EUROPEPMC:39421246,PubMed,39421246,https://europepmc.org/article/MED/39421246,"Probiotics, prebiotics, synbiotics and other microbiome-based innovative therapeutics to mitigate obesity and enhance longevity via the gut-brain axis.","The global prevalence of obesity currently exceeds 1 billion people and is accompanied by an increase in the aging population. Obesity and aging share many hallmarks and are leading risk factors for cardiometabolic disease and premature death. Current anti-obesity and pro-longevity pharmacotherapies are limited by side effects, warranting the development of novel therapies. The gut microbiota plays a major role in human health and disease, with a dysbiotic composition evident in obese and aged individuals. The bidirectional communication system between the gut and the central nervous system, known as the gut-brain axis, may link obesity to unhealthy aging. Modulating the gut with microbiome-targeted therapies, such as biotics, is a novel strategy to treat and/or manage obesity and promote longevity. Biotics represent material derived from living or once-living organisms, many of which have therapeutic effects. Pre-, pro-, syn- and post-biotics may beneficially modulate gut microbial composition and function to improve obesity and the aging process. However, the investigation of biotics as next-generation therapeutics has only just begun. Further research is needed to identify therapeutic biotics and understand their mechanisms of action. Investigating the function of the gut-brain axis in obesity and aging may lead to novel therapeutic strategies for obese, aged and comorbid (e.g., sarcopenic obese) patient populations. This review discusses the interrelationship between obesity and aging, with a particular emphasis on the gut microbiome, and presents biotics as novel therapeutic agents for obesity, aging and related disease states.",Journal Article; Review,,,,,,,ok
PMID:38409604,PubMed,38409604,https://pubmed.ncbi.nlm.nih.gov/38409604/,Resistant starch intake facilitates weight loss in humans by reshaping the gut microbiota.,"Emerging evidence suggests that modulation of gut microbiota by dietary fibre may offer solutions for metabolic disorders. In a randomized placebo-controlled crossover design trial (ChiCTR-TTRCC-13003333) in 37 participants with overweight or obesity, we test whether resistant starch (RS) as a dietary supplement influences obesity-related outcomes. Here, we show that RS supplementation for 8 weeks can help to achieve weight loss (mean -2.8 kg) and improve insulin resistance in individuals with excess body weight. The benefits of RS are associated with changes in gut microbiota composition. Supplementation with Bifidobacterium adolescentis, a species that is markedly associated with the alleviation of obesity in the study participants, protects male mice from diet-induced obesity. Mechanistically, the RS-induced changes in the gut microbiota alter the bile acid profile, reduce inflammation by restoring the intestinal barrier and inhibit lipid absorption. We demonstrate that RS can facilitate weight loss at least partially through B. adolescentis and that the gut microbiota is essential for the action of RS.",Randomized Controlled Trial; Journal Article,,,,,,,ok
PMID:38940505,PubMed,38940505,https://pubmed.ncbi.nlm.nih.gov/38940505/,Role of the intestinal microbiota in contributing to weight disorders and associated comorbidities.,"SUMMARYThe gut microbiota is a major factor contributing to the regulation of energy homeostasis and has been linked to both excessive body weight and accumulation of fat mass (i.e., overweight, obesity) or body weight loss, weakness, muscle atrophy, and fat depletion (i.e., cachexia). These syndromes are characterized by multiple metabolic dysfunctions including abnormal regulation of food reward and intake, energy storage, and low-grade inflammation. Given the increasing worldwide prevalence of obesity, cachexia, and associated metabolic disorders, novel therapeutic strategies are needed. Among the different mechanisms explaining how the gut microbiota is capable of influencing host metabolism and energy balance, numerous studies have investigated the complex interactions existing between nutrition, gut microbes, and their metabolites. In this review, we discuss how gut microbes and different microbiota-derived metabolites regulate host metabolism. We describe the role of the gut barrier function in the onset of inflammation in this context. We explore the importance of the gut-to-brain axis in the regulation of energy homeostasis and glucose metabolism but also the key role played by the liver. Finally, we present specific key examples of how using targeted approaches such as prebiotics and probiotics might affect specific metabolites, their signaling pathways, and their interactions with the host and reflect on the challenges to move from bench to bedside.",Journal Article; Review,,,,,,,ok
PMID:38953736,PubMed,38953736,https://pubmed.ncbi.nlm.nih.gov/38953736/,"Beneficial effects of a new probiotic formulation on adipocytokines, appetite-regulating hormones, and metabolic parameters in obese women.","Obesity is often accompanied by low-grade chronic inflammation and metabolic syndrome. It has been established that microbiota influences many physiological processes, including the development of obesity, and dysbiosis has been observed in obese individuals. In this study, we aimed to evaluate the impact of a new probiotic formulation, containing two probiotic strains and the bioactive compound octacosanol, on body weight, metabolic parameters, and concentrations of certain adipocytokines and appetite-regulating hormones in obese women. This double blind placebo-controlled supplementary intervention study included twenty-five women in the intervention group and twenty-three in the placebo group, and it lasted 12 weeks. Daily oral supplementation included 7 × 1010 CFU of Lactiplantibacillus plantarum 299v (DSM9843), 5 × 109 CFU of Saccharomyces cerevisiae var. boulardii (DBVPG6763), and 40 mg of octacosanol or placebo. Body weight, metabolic parameters, adipocytokines, and appetite-regulating hormones were assessed before (T0) and after the intervention (T1). After the intervention, significantly lower median concentrations of CRP (p = 0.005) and IL-6 (p = 0.012) were measured in the intervention group than the baseline, while the median concentrations of ghrelin (p = 0.026) and HDL-cholesterol (p = 0.03) were significantly increased. The intervention group had lower CRP levels (p = 0.023) and higher ghrelin levels (p = 0.006) than the placebo group. Significant changes in BMI between groups were not observed. In summary, although the new probiotic formulation showed beneficial effects on IL-6, CRP, HDL, and ghrelin levels, its potential effects on regulating triglyceride, insulin, and glucose levels require further studies before the novel dietary intervention could be considered a useful adjuvant therapy and an effective strategy for the management of obesity and obesity-associated comorbidities.",Journal Article; Randomized Controlled Trial,,,,,,,ok
PMID:39125666,PubMed,39125666,https://pubmed.ncbi.nlm.nih.gov/39125666/,Metabolic Syndrome and Psoriasis: Pivotal Roles of Chronic Inflammation and Gut Microbiota.,"In recent years, the incidence of metabolic syndrome (MS) has increased due to lifestyle-related factors in developed countries. MS represents a group of conditions that increase the risk of diabetes, cardiovascular diseases, and other severe health problems. Low-grade chronic inflammation is now considered one of the key aspects of MS and could be defined as a new cardiovascular risk factor. Indeed, an increase in visceral adipose tissue, typical of obesity, contributes to the development of an inflammatory state, which, in turn, induces the production of several proinflammatory cytokines responsible for insulin resistance. Psoriasis is a chronic relapsing inflammatory skin disease and is characterized by the increased release of pro-inflammatory cytokines, which can contribute to different pathological conditions within the spectrum of MS. A link between metabolic disorders and Psoriasis has emerged from evidence indicating that weight loss obtained through healthy diets and exercise was able to improve the clinical course and therapeutic response of Psoriasis in patients with obesity or overweight patients and even prevent its occurrence. A key factor in this balance is the gut microbiota; it is an extremely dynamic system, and this makes its manipulation through diet possible via probiotic, prebiotic, and symbiotic compounds. Given this, the gut microbiota represents an additional therapeutic target that can improve metabolism in different clinical conditions.",Journal Article; Review,,,,,,,ok
PMID:39400776,PubMed,39400776,https://pubmed.ncbi.nlm.nih.gov/39400776/,Impact of bariatric surgery on gut microbiota composition in obese patients compared to healthy controls.,"Bariatric surgery is vital for sustainable weight loss and metabolic improvement in obese individuals, but its effects on gut microbiota and their role in these benefits require further investigation. Investigate the temporal changes in gut microbiota in obese patients undergoing bariatric surgery (gastric sleeve gastrectomy or Roux-en-Y Gastric Bypass (RYGB)) compared to healthy controls, aiming to understand their role in weight loss and metabolic health improvement. A case-control study included 30 obese patients aged 65-95 undergoing bariatric surgery, and 18 matched healthy controls. Selection criteria were based on age, race, BMI, history of antibiotics, probiotics, and prebiotics usage. Stool samples were collected at baseline, three months, and six months post-surgery for DNA extraction and quantitative real-time PCR analysis to assess gut microbiota changes. Physical activity and dietary intake were evaluated using standardized questionnaires. Statistical analyses were performed using R. Post-surgery, patients showed significant reductions in weight and BMI, with changes in dietary habits and physical activity. Quantitative real-time PCR analysis revealed substantial alterations in bacterial groups such as Bacteroides and Fusobacterium. However, some groups showed no significant changes, indicating a complex interaction between gut microbiota and bariatric surgery. Notable correlations were found between body weight, BMI, and specific bacterial groups like the C. cluster IV and Lactobacillus, particularly in RYGB patients. Bariatric surgery significantly alters gut microbiota, aiding weight loss and metabolic regulation in obese patients. Understanding these changes is crucial for developing effective obesity management strategies, requiring further research to optimize outcomes.",Journal Article,,,,,,,ok
EUROPEPMC:37661739,PubMed,37661739,https://europepmc.org/article/MED/37661739,Questioning the foundations of the gut microbiota and obesity.,"The role of the gut microbiota in determining body fatness has been a prominent area of research and has received significant public attention. Based largely on animal studies, recent attempts to translate these findings into interventions in humans have not been successful. This review will outline the key mouse research that initiated this area of study, examine whether those results warranted the initial enthusiasm and progress into human studies, and examine whether later follow-up research supported earlier conclusions. It will look at whether the absence of a gut microbiota protects germ-free mice from obesity, whether microbiota can transfer obesity into germ-free mice, the evidence for the role of immune system activation as a causal mechanism linking the gut microbiota to body weight, and consider the evidence for effects of individual bacterial species. Finally, it will examine the outcomes of randomized controlled trials of microbiota transfer in human participants that have not shown effects on body weight. With a more critical reading, early studies did not show as large an effect as first appeared and later research, including human trials, has failed to support a role of the gut microbiota in shaping body weight. This article is part of a discussion meeting issue 'Causes of obesity: theories, conjectures and evidence (Part II)'.",Journal Article; Review,,,,,,,ok
PMID:37474971,PubMed,37474971,https://pubmed.ncbi.nlm.nih.gov/37474971/,Effects of synbiotic supplementation on intestinal microbiota composition in children and adolescents with exogenous obesity: (Probesity-2 trial).,"Gut microbiota manipulation may be a potential therapeutic target to reduce host energy storage. There is limited information about the effects of probiotics/synbiotics on intestinal microbiota composition in children and adolescents with obesity. The objective of this randomized double-blind placebo-controlled trial was to test the effects of a multispecies synbiotic on intestinal microbiota composition in children and adolescents with exogenous obesity.; Children with exogenous obesity were managed with a standard diet and increased physical activity and were randomly allocated into two groups at a ratio of 1:1; the 1st group received synbiotic supplementation (probiotic mixture including Lactobacillus acidophilus, Lacticaseibacillus. rhamnosus, Bifidobacterium bifidum, Bifidobacterium longum, Enterococcus faecium (total 2.5 × 109 CFU/sachet) and fructo-oligosaccharides (FOS; 625 mg/sachet) for 12 weeks; the 2nd group received placebo once daily for 12 weeks. Fecal samples were obtained before and at the end of the 12-week intervention to characterize the changes in the gut microbiota composition. Detailed metagenomic and bioinformatics analyses were performed.; Before the intervention, there were no significant differences in alpha diversity indicators between the synbiotic and placebo groups. After 12 weeks of intervention, the observed taxonomic units and Chao 1 were lower in the synbiotic group than at baseline (p < 0.001 for both). No difference for alpha diversity indicators was observed in the placebo group between baseline and 12 weeks of intervention. At the phylum level, the intestinal microbiota composition of the study groups was similar at baseline. The major phyla in the synbiotic group were Firmicutes (66.7%) and Bacteroidetes (18.8%). In the synbiotic group, the Bacteroidetes phylum was higher after 12 weeks than at baseline (24.0% vs. 18.8%, p < 0.01). In the synbiotic group, the Firmicutes/Bacteroidetes ratio was 3.54 at baseline and 2.75 at 12 weeks of intervention (p < 0.05). In the placebo group, the Firmicutes/Bacteroidetes ratio was 4.70 at baseline and 3.54 at 12 weeks of intervention (p < 0.05). After 12 weeks of intervention, the Firmicutes/Bacteroidetes ratio was also lower in the synbiotic group than in the placebo group (p < 0.05). In the synbiotic group, compared with the baseline, we observed a statistically significant increase in the genera Prevotella (5.28-14.4%, p < 0.001) and Dialister (9.68-13.4%; p < 0.05). Compared to baseline, we observed a statistically significant increase in the genera Prevotella (6.4-12.4%, p < 0.01) and Oscillospira (4.95% vs. 5.70%, p < 0.001) in the placebo group. In the synbiotic group, at the end of the intervention, an increase in Prevotella, Coprococcus, Lachnospiraceae (at the genus level) and Prevotella copri, Coprococcus eutactus, Ruminococcus spp. at the species level compared to baseline (predominance of Eubacterium dolichum, Lactobacillus ruminis, Clostridium ramosum, Bulleidia moorei) was observed. At the end of the 12th week of the study, when the synbiotic and placebo groups were compared, Bacteroides eggerthi species were dominant in the placebo group, while Collinsella stercoris species were dominant in the synbiotic group.; This study is the first pediatric obesity study to show that a synbiotic treatment is associated with both changes intestinal microbiota composition and decreases in BMI. Trial identifier: NCT05162209 (www.; gov).",Journal Article,,,,,,,ok
PMID:37562188,PubMed,37562188,https://pubmed.ncbi.nlm.nih.gov/37562188/,Does gut microbiota affect the success of weight loss? Evidence and speculation.,"Obesity is a chronic state of excessive fat accumulation in the body, characterized by significant relapse and complicated by a range of health consequences. In the treatment of obesity, a holistic approach including diet, physical activity, pharmacotherapy, bariatric surgery, and psychological support is recommended. The implications of gut microbiota (GM) as a pathogenic factor in excess body weight have been discussed, and microbial-targeted therapies-including probiotics, prebiotics, and synbiotics-are considered adjuvant in obesity management. Many studies have focused on assessing the effectiveness of probiotics, prebiotics, or synbiotics in weight control, although with inconclusive results, mainly because of the significant heterogeneity of the studies (with different strains, doses, forms, interventional durations, and outcomes). It is also unclear whether using probiotics or synbiotics accompanied by weight loss dietary interventions or as a part of bariatric surgery will be more effective in obesity management, not only in the short-term but also for long-term weight loss maintenance. The aim of this study was to collect and compare the available scientific data on the effectiveness of probiotic or synbiotic supplementation (as a single therapy versus as part of dietary interventions, pharmacotherapy, or bariatric therapy) on weight control in obesity.","Journal Article; Review; Research Support, Non-U.S. Gov't",,,,,,,ok
PMID:37642346,PubMed,37642346,https://pubmed.ncbi.nlm.nih.gov/37642346/,"Gut microbiome diversity, variability, and latent community types compared with shifts in body weight during the freshman year of college in dormitory-housed adolescents.","Significant human gut microbiome changes during adolescence suggest that microbial community evolution occurs throughout important developmental periods including the transition to college, a typical life phase of weight gain. In this observational longitudinal study of 139 college freshmen living in on-campus dormitories, we tracked changes in the gut microbiome via 16S amplicon sequencing and body weight across a single academic year. Participants were grouped by weight change categories of gain (WG), loss (WL), and maintenance (WM). Upon assessment of the community structure, unweighted and weighted UniFrac metrics revealed significant shifts with substantial variation explained by individual effects within weight change categories. Genera that positively contributed to these associations with weight change included Bacteroides, Blautia, and Bifidobacterium in WG participants and Prevotella and Faecalibacterium in WL and WM participants. Moreover, the Prevotella/Bacteroides ratio was significantly different by weight change category, with WL participants displaying an increased ratio. Importantly, these genera did not display co-dominance nor ease of transition between Prevotella- and Bacteroides-dominated states. We further assessed the overall taxonomic variation, noting the increased stability of the WL compared to the WG microbiome. Finally, we found 30 latent community structures within the microbiome with significant associations with waist circumference, sleep, and dietary factors, with alcohol consumption chief among them. Our findings highlight the high level of individual variation and the importance of initial gut microbiome community structure in college students during a period of major lifestyle changes. Further work is needed to confirm these findings and explore mechanistic relationships between gut microbes and weight change in free-living individuals.","Observational Study; Journal Article; Research Support, N.I.H., Extramural",,,,,,,ok
PMID:37915619,PubMed,37915619,https://pubmed.ncbi.nlm.nih.gov/37915619/,A nutritional supplement taken during preconception and pregnancy influences human milk macronutrients in women with overweight/obesity and gestational diabetes mellitus.,"Maternal overweight/obesity and gestational diabetes mellitus (GDM) are associated with an increased risk of their offspring developing overweight/obesity or type 2 diabetes later in life. However, the impacts of maternal overweight/obesity and dysglycemia on human milk (HM) macronutrient composition are not well understood.; Through a double-blind randomised controlled trial, we investigated the effects of maternal supplementation from preconception throughout pregnancy until birth on HM macronutrient concentrations, in association with maternal and infant factors including maternal pre-pregnancy body mass index (BMI) and GDM status. In addition, we aimed to characterise longitudinal changes in HM macronutrients.; The control supplement contained calcium, iodine, iron, β-carotene, and folic acid. The intervention supplement additionally contained zinc, vitamins B2, B6, B12, and D3, probiotics, and myo-inositol. HM samples were collected across seven time points from 1 week to 12 months from Singapore and/or New Zealand. HM macronutrient concentrations were measured using a MIRIS Human Milk Analyser. Potential differences in HM macronutrient concentrations were assessed using linear mixed models with a repeated measures design.; Overall, HM macronutrient concentrations were similar between control and intervention groups. Among the control group, overweight/obesity and GDM were associated with higher HM fat and energy concentrations over the first 3 months. Such associations were not observed among the intervention group. Of note, mothers with GDM in the intervention group had lower HM fat by 10% (p = 0.049) and energy by 6% (p = 0.029) than mothers with GDM in the control group. Longitudinal changes in HM macronutrient concentrations over 12 months of lactation in New Zealand showed that HM fat and energy decreased in the first 6 months then increased until 12 months. HM lactose gradually decreased from 1 week to 12 months while crude protein decreased from 1 week to 6 months then remained relatively constant until 12 months of lactation.; Maternal overweight/obesity or GDM were associated with increased HM fat and energy levels. We speculate the intervention taken during preconception and pregnancy altered the impact of maternal BMI or GDM status on HM macronutrient composition. Further studies are required to identify the mechanisms underlying altered HM macronutrient concentration in the intervention group and to determine any long-term effects on offspring health.; ClinicalTrials.gov, NCT02509988, Universal Trial Number U1111-1171-8056. Registered on 16 July 2015. This is an academic-led study by the EpiGen Global Research Consortium.",Journal Article,,,,,,,ok
EUROPEPMC:34973469,PubMed,34973469,https://europepmc.org/article/MED/34973469,Microbiota and body weight control: Weight watchers within?,"Despite several decades of research, managing body weight remains an unsolved clinical problem. Health problems associated with dysregulated body weight, such as obesity and cachexia, exhibit several gut microbiota alterations. There is an increased interest in utilising the gut microbiota for body weight control, as it responds to intervention and plays an important role in energy extraction from food, as well as biotransformation of nutrients.; This review provides an overview of the role of the gut microbiota in the physiological and metabolic alterations observed in two body weight dysregulation-related disorders, namely obesity and cachexia. Second, we assess the available evidence for different strategies, including caloric restriction, intermittent fasting, ketogenic diet, bariatric surgery, probiotics, prebiotics, synbiotics, high-fibre diet, and fermented foods - effects on body weight and gut microbiota composition. This approach was used to give insights into the possible link between body weight control and gut microbiota configuration.; Despite extensive associations between body weight and gut microbiota composition, limited success could be achieved in the translation of microbiota-related interventions for body weight control in humans. Manipulation of the gut microbiota alone is insufficient to alter body weight and future research is needed with a combination of strategies to enhance the effects of lifestyle interventions.","Journal Article; Research Support, Non-U.S. Gov't; Review",,,,,,,ok
EUROPEPMC:36313072,PubMed,36313072,https://europepmc.org/article/MED/36313072,Gut microbiota and obesity: New insights.,"Obesity is a pathology whose incidence is increasing throughout the world. There are many pathologies associated with obesity. In recent years, the influence of the microbiota on both health and pathological states has been known. There is growing information related to changes in the microbiome and obesity, as well as its associated pathologies. Changes associated with age, exercise, and weight changes have been described. In addition, metabolic changes associated with the microbiota, bariatric surgery, and fecal matter transplantation are described. In this review, we summarize the biology and physiology of microbiota in obese patients, its role in the pathophysiology of several disorders associated, and the emerging therapeutic applications of prebiotics, probiotics, and fecal microbiota transplantation.",Journal Article; Review,,,,,,,ok
PMID:35467389,PubMed,35467389,https://pubmed.ncbi.nlm.nih.gov/35467389/,Whole-Genome Shotgun Metagenomic Sequencing Reveals Distinct Gut Microbiome Signatures of Obese Cats.,"Overweight and obesity are growing health problems in domestic cats, increasing the risks of insulin resistance, lipid dyscrasias, neoplasia, cardiovascular disease, and decreasing longevity. The signature of obesity in the feline gut microbiota has not been studied at the whole-genome metagenomic level. We performed whole-genome shotgun metagenomic sequencing in the fecal samples of eight overweight/obese and eight normal cats housed in the same research environment. We obtained 271 Gbp of sequences and generated a 961-Mbp de novo reference contig assembly, with 1.14 million annotated microbial genes. In the obese cat microbiome, we discovered a significant reduction in microbial diversity (P < 0.01) and Firmicutes abundance (P = 0.005), as well as decreased Firmicutes/Bacteroidetes ratios (P = 0.02), which is the inverse of obese human/mouse microbiota. Linear discriminant analysis and quantitative PCR (qPCR) validation revealed significant increases of Bifidobacterium sp., Olsenella provencensis, Dialister sp.CAG:486, and Campylobacter upsaliensis as the hallmark of obese microbiota among 400 enriched species, whereas 1,525 bacterial species have decreased abundance in the obese microbiome. Phascolarctobacterium succinatutens and an uncharacterized Erysipelotrichaceae bacterium are highly abundant (>0.05%) in the normal gut with over 400-fold depletion in the obese microbiome. Fatty acid synthesis-related pathways are significantly overrepresented in the obese compared with the normal cat microbiome. In conclusion, we discovered dramatically decreased microbial diversity in obese cat gut microbiota, suggesting potential dysbiosis. A panel of seven significantly altered, highly abundant species can serve as a microbiome indicator of obesity. Our findings in the obese cat microbiome composition, abundance, and functional capacities provide new insights into feline obesity. IMPORTANCE Obesity affects around 45% of domestic cats, and licensed drugs for treating feline obesity are lacking. Physical exercise and calorie restrictions are commonly used for weight loss but with limited efficacy. Through comprehensive analyses of normal and obese cat gut bacteria flora, we identified dramatic shifts in the obese gut microbiome, including four bacterial species significantly enriched and two species depleted in the obese cats. The key bacterial community and functional capacity alterations discovered from this study will inform new weight management strategies for obese cats, such as evaluations of specific diet formulas that alter the microbiome composition, and the development of prebiotics and probiotics that promote the increase of beneficial species and the depletion of obesity-associated species. Interestingly, these bacteria identified in our study were also reported to affect the weight loss success in human patients, suggesting translational potential in human obesity.","Journal Article; Research Support, Non-U.S. Gov't; Research Support, U.S. Gov't, Non-P.H.S.",,,,,,,ok
PMID:36091491,PubMed,36091491,https://pubmed.ncbi.nlm.nih.gov/36091491/,Multi-omic analyses identify mucosa bacteria and fecal metabolites associated with weight loss after fecal microbiota transplantation.,"Fecal microbiota transplantation (FMT) has shown promising results in animal models of obesity, while results in human studies are inconsistent. We aimed to determine factors associated with weight loss after FMT in nine obese subjects using serial multi-omics analysis of the fecal and mucosal microbiome. The mucosal microbiome, fecal microbiome, and fecal metabolome showed individual clustering in each subject after FMT. The colonic microbiome in patients showed more marked variance after FMT compared with the duodenal microbiome, characterized by an increased relative abundance of Bacteroides. Subjects who lost weight after FMT sustained enrichment of Bifidobacterium bifidum and Alistipes onderdonkii in the duodenal, colonic mucosal, and fecal microbiome and increased levels of phosphopantothenate biosynthesis and fecal metabolite eicosapentaenoic acid (EPA), compared with those without weight loss. Fecal levels of amino acid metabolism-associated were positively correlated with the fecal abundance of B. bifidum, and fatty acid metabolism-associated metabolites showed positive correlations with A. onderdonkii. We report for the first time the individualized response of fecal and mucosa microbiome to FMT in obese subjects and highlight that FMT is less capable of shaping the small intestine microbiota. These findings contribute to personalized microbe-based therapies for obesity.",Journal Article,,,,,,,ok
PMID:36281657,PubMed,36281657,https://pubmed.ncbi.nlm.nih.gov/36281657/,Algal polysaccharides and derivatives as potential therapeutics for obesity and related metabolic diseases.,"The worldwide upward trend in obesity has been dramatic, but there is a lack of effective and safe drug treatment. Marine-derived algal polysaccharides, including fucoidan, alginate, polysaccharide of Spirulina platensis (PSP), ulvan, rhamnan sulfate (RS), laminarin, agar, and carrageenan, are widely used in combination with wound healing, drug delivery, and tissue-related biomedical research engineering. Recently, the prebiotic effects of algal polysaccharides and their related derivatives have received more and more attention. In this review, we discuss the potential and challenges of algal polysaccharides and their derivatives as potential therapeutic agents for obesity and its related metabolic diseases. Relevant studies have demonstrated that a variety of algal polysaccharides can play a significant role in weight loss and treatment of obesity-related metabolic diseases by improving the composition of gut microbiota, promoting bile acid formation, and upregulating cholesterol receptors in the liver. Because of their low price, non-toxic properties, and easy availability, algal polysaccharides have the potential to be developed as weight loss products.",Journal Article; Review,,,,,,,ok
PMID:36530587,PubMed,36530587,https://pubmed.ncbi.nlm.nih.gov/36530587/,Microbiome-Targeted Therapies as an Adjunct to Traditional Weight Loss Interventions: A Systematic Review and Meta-Analysis.,"This study evaluated the effect of microbiome-targeted therapies (pre-, pro-, and synbiotics) on weight loss and other anthropometric outcomes when delivered as an adjunct to traditional weight loss interventions in overweight and obese adults.; A systematic review of three databases (Medline [PubMed], Embase, and the Cochrane Central Register of Controlled Trials) was performed to identify randomized controlled trials published between January 1, 2010 and December 31, 2020, that evaluated anthropometric outcomes following microbiome-targeted supplements in combination with dietary or dietary and exercise interventions. The pooled mean difference (MD) between treatment and control groups was calculated using a random effects model.; Twenty-one trials with 1233 adult participants (76.4% female) with overweight or obesity were included. Separate meta-analyses were conducted for probiotics (n=11 trials) and synbiotics (n=10 trials) on each anthropometric outcome; prebiotics were excluded as only a single study was found. Patient characteristics and methodologies varied widely between studies. All studies incorporated some degree of caloric restriction, while only six studies included recommendations for adjunct exercise. Compared with dietary or dietary and exercise interventions only, probiotics resulted in reductions in body weight (MD: -0.73 kg; 95% confidence interval [CI]: -1.02 to -0.44, p < 0.001), fat mass (MD: -0.61 kg; 95% CI: -0.77 to -0.45; p<0.001) and waist circumference (MD: -0.53 cm; 95% CI: -0.99 to -0.07, p=0.024) while synbiotics resulted in reductions in fat mass (MD: -1.53 kg; 95% CI: -2.95 to -0.12, p=0.034) and waist circumference (MD: -1.31 cm; 95% CI: -2.05 to -0.57, p<0.001).; This analysis indicates that microbiome-targeted supplements may enhance weight loss and other obesity outcomes in adults when delivered as an adjunct to dietary or dietary and exercise interventions. Personalized therapy to include microbiome-targeted supplements may help to optimize weight loss in overweight and obese individuals.",Journal Article,,,,,,,ok
EUROPEPMC:33722164,PubMed,33722164,https://europepmc.org/article/MED/33722164,The impact of the gut microbiota on the reproductive and metabolic endocrine system.,"As the gut microbiota exerts various effects on the intestinal milieu which influences distant organs and pathways, it is considered to be a full-fledged endocrine organ. The microbiota plays a major role in the reproductive endocrine system throughout a woman's lifetime by interacting with estrogen, androgens, insulin, and other hormones. Imbalance of the gut microbiota composition can lead to several diseases and conditions, such as pregnancy complications, adverse pregnancy outcomes, polycystic ovary syndrome (PCOS), endometriosis, and cancer; however, research on the mechanisms is limited. More effort should be concentrated on exploring the potential causes and underlying the mechanisms of microbiota-hormone-mediated disease, and providing novel therapeutic and preventive strategies.As the gut microbiota exerts various effects on the intestinal milieu which influences distant organs and pathways, it is considered to be a full-fledged endocrine organ. The microbiota plays a major role in the reproductive endocrine system throughout a woman's lifetime by interacting with estrogen, androgens, insulin, and other hormones. Imbalance of the gut microbiota composition can lead to several diseases and conditions, such as pregnancy complications, adverse pregnancy outcomes, polycystic ovary syndrome (PCOS), endometriosis, and cancer; however, research on the mechanisms is limited. More effort should be concentrated on exploring the potential causes and underlying the mechanisms of microbiota-hormone-mediated disease, and providing novel therapeutic and preventive strategies.","Journal Article; Research Support, Non-U.S. Gov't; Review",,,,,,,ok
EUROPEPMC:34065217,PubMed,34065217,https://europepmc.org/article/MED/34065217,,"Obesity is a complex syndrome and is recognized as the ultimate pathway of many chronic diseases. Studies using Akkermansia muciniphila supplementation strategy have proved to be effective for the prevention and treatment of obesity and other metabolic disorders. Although there are studies that support the protective effect of this strategy, the effects on the prevention of obesity on humans are not clear yet and need more investigation. The aim of this study is to investigate the effect of A. muciniphila administration on modulating obesity. This systematic review was generated from articles published within the last 10 years. All articles were in English and included animal subjects. The review relied on the search engines Google Scholar, Pub Med, Web of Science and Medline using the following keywords: A. muciniphila, next-generation probiotic, new-generation probiotic, obesity, fat mass, body fat and lipid profile. The search has revealed 804 articles with relevant key words. After the exclusion of irrelevant articles, 10 studies were selected based on the criteria. These studies were randomized controlled trials that have shown that A. muciniphila modulates obesity by regulating metabolism and energy hemostasis and improving insulin sensitivity and glucose hemostasis. In addition, studies showed this microorganism enhances low grade inflammation by different mechanisms.",Journal Article; Review,,,,,,,ok
EUROPEPMC:34836254,PubMed,34836254,https://europepmc.org/article/MED/34836254,Impact of Exercise on Gut Microbiota in Obesity.,"Physical activity, exercise, or physical fitness are being studied as helpful nonpharmacological therapies to reduce signaling pathways related to inflammation. Studies describing changes in intestinal microbiota have stated that physical activity could increase the microbial variance and enhance the ratio of Firmicutes/Bacteroidetes, and both actions could neutralize the obesity progression and diminish body weight. The aim of this review is to provide an overview of the literature describing the relationship between physical activity profiles and gut microbiota and in obesity and some associated comorbidities. Promoting physical activity could support as a treatment to maintain the gut microbiota composition or to restore the balance toward an improvement of dysbiosis in obesity; however, these mechanisms need to be studied in more detail. The opportunity to control the microbiota by physical activity to improve health results and decrease obesity and related comorbidities is very attractive. Nevertheless, several incompletely answered questions need to be addressed before this strategy can be implemented.",Journal Article; Review,,,,,,,ok
PMID:33459204,PubMed,33459204,https://pubmed.ncbi.nlm.nih.gov/33459204/,Probiotics as a therapeutic strategy in obesity and overweight: a systematic review.,"Obesity and overweight are two of the most health challenges with an increasing prevalence in recent years, in which several complications have been identified to have a high impact in patients' health conditions. In this vein, an increasing interest in the gut microbiota has emerged as a target for therapeutic strategies in obesity and overweight due to its direct relation with the aforementioned health conditions and complications. Thus, the aim of this study was to evaluate the efficacy of probiotics as a therapeutic strategy in the management of obesity and overweight. A systematic review of randomised controlled trials was carried out in 6 databases until May 2019 to assess the use of probiotics in obesity and overweight patients. The Jadad Scale was used to assess the quality of the clinical trials. Twenty-three clinical trials published between 2000 and 2019 met the inclusion criteria. The role of probiotics in reducing body mass index and weight as well as changing the visceral abdominal fat area, waist and hip circumference were shown in 14 of 23 trials (60.87%); 14 trials (60.87%) showed changes on patients' fatty acids and biomarkers; and 4 trials (17.39%) studied the role of the gut microbiota in obese and overweight patients. Some probiotics strains are shown to be effective in reducing body mass index and hip circumference. This review provides evidence of successful results in weight loss using probiotic groups.",Journal Article; Meta-Analysis; Systematic Review,,,,,,,ok
PMID:34684633,PubMed,34684633,https://pubmed.ncbi.nlm.nih.gov/34684633/,Effects of Probiotics and Synbiotics on Weight Loss in Subjects with Overweight or Obesity: A Systematic Review.,"Intestinal microbiota has been shown to be a potential determining factor in the development of obesity. The objective of this systematic review is to collect and learn, based on the latest available evidence, the effect of the use of probiotics and synbiotics in randomized clinical trials on weight loss in people with overweight and obesity. A search for articles was carried out in PubMed, Web of science and Scopus until September 2021, using search strategies that included the terms ""obesity"", ""overweight"", ""probiotic"", ""synbiotic"", ""Lactobacillus"", ""Bifidobacterium"" and ""weight loss"". Of the 185 articles found, only 27 complied with the selection criteria and were analyzed in the review, of which 23 observed positive effects on weight loss. The intake of probiotics or synbiotics could lead to significant weight reductions, either maintaining habitual lifestyle habits or in combination with energy restriction and/or increased physical activity for an average of 12 weeks. Specific strains belonging to the genus Lactobacillus and Bifidobacterium were the most used and those that showed the best results in reducing body weight. Both probiotics and synbiotics have the potential to help in weight loss in overweight and obese populations.",Journal Article; Systematic Review,,,,,,,ok
PMID:34946095,PubMed,34946095,https://pubmed.ncbi.nlm.nih.gov/34946095/,Metagenome-Scale Metabolic Network Suggests Folate Produced by,"Gut-microbiota-targeted nutrition intervention has achieved success in the management of obesity, but its underlying mechanism still needs extended exploration. An obese Prader-Willi syndrome boy lost 25.8 kg after receiving a high-fiber dietary intervention for 105 days. The fecal microbiome sequencing data taken from the boy on intervention days 0, 15, 30, 45, 60, 75, and 105, along with clinical indexes, were used to construct a metagenome-scale metabolic network. Firstly, the abundances of the microbial strains were obtained by mapping the sequencing reads onto the assembly of gut organisms through use of reconstruction and analysis (AGORA) genomes. The nutritional components of the diet were obtained through the Virtual Metabolic Human database. Then, a community model was simulated using the Microbiome Modeling Toolbox. Finally, the significant Spearman correlations among the metabolites and the clinical indexes were screened and the strains that were producing these metabolites were identified. The high-fiber diet reduced the overall amount of metabolite secretions, but the secretions of folic acid derivatives by Bifidobacterium longum strains were increased and were significantly relevant to the observed weight loss. Reduced metabolites might also have directly contributed to the weight loss or indirectly contribute by enhancing leptin and decreasing adiponectin. Metagenome-scale metabolic network technology provides a cost-efficient solution for screening the functional microbial strains and metabolic pathways that are responding to nutrition therapy.",Journal Article,,,,,,,ok
PMID:31064150,PubMed,31064150,https://pubmed.ncbi.nlm.nih.gov/31064150/,Mulberry Leaf Polyphenols and Fiber Induce Synergistic Antiobesity and Display a Modulation Effect on Gut Microbiota and Metabolites.,"The antiobesity molecular mechanisms of mulberry leave components were analyzed based on intestinal micro-ecology and metabolomics. An obesity model was established by feeding rats with a high-calorie diet. Rats were divided into seven groups: the obesity model control (MC), positive control (PC), mulberry leaf powder (MLP), mulberry leaf fiber (MLF), mulberry leaf polyphenols (MLPS), mulberry leaf fiber and polyphenols mixture (MLM), and normal control (NC), and fed daily for 6 consecutive weeks. The results demonstrated that the MLM group had the best efficiency on weight loss, indicating synergistic interactions between MLPS and MLF. The reduction of Firmicutes abundance, and the downstream Clostridiales, Lachnespiraceae, was a key pathway for the antiobesity effects. The increased abundances of Lactobacillus vaginalis and Lactobacillus gasseri might result in lipid metabolism disorder. The test groups regulated the amino acid and oligopeptides metabolic disorder tents to normal levels compared with the MC and NC groups.",Journal Article,,,,,,,ok
EUROPEPMC:41276282,PubMed,41276282,https://europepmc.org/article/MED/41276282,Aging and the microbiome: implications for health and disease.,"The gut microbiota plays a fundamental role in maintaining host homeostasis, and the aging process profoundly influences its composition and function. Accumulating evidence suggests that alterations in the gut microbiota are not just a consequence of aging, but also an active driver of age-related physiological decline. In particular, age-dependent gut microbiota dysbiosis has emerged as a critical factor contributing to host aging and aging-related diseases. This review systematically summarizes alterations in the gut microbiota (e.g., reduced alpha diversity, depletion of beneficial commensals, and enrichment of pathobionts) during the aging process, and discusses the spatiotemporal dynamics and causal relationships between microbial aging and host aging. The regulatory mechanisms by which the gut microbiota influences aging-related diseases, such as metabolic disorders (e.g., obesity, type 2 diabetes, and cardiovascular disease), immunosenescence, and neurodegenerative diseases (e.g., Alzheimer's disease and Parkinson's disease), are also elucidated. Finally, microbiota-targeted intervention strategies (e.g., probiotics, prebiotics, and postbiotics) are explored, together with advanced research strategies. [BMB Reports 2026; 59(1): 40-50].",Review; Journal Article; News,,,,,,,ok
EUROPEPMC:41596930,PubMed,41596930,https://europepmc.org/article/MED/41596930,,"Obesity is closely linked to dyslipidemia, hepatic injury, and chronic inflammation through disturbances in the gut-liver axis. Here, we evaluated the anti-obesity effects of L. rhamnosus (Lacticaseibacillus rhamnosus) CU262 in a high-fat diet (HFD) mouse model and elucidated mechanisms using an integrated multi-omics strategy. Male C57BL/6 mice received CU262 during 12 weeks of HFD feeding. Phenotypes, serum/liver biochemistry, gut microbiota (16S rRNA sequencing), fecal short-chain fatty acids (SCFAs), and hepatic transcriptomes (RNA-seq) were assessed. CU262 significantly attenuated weight gain and adiposity; improved serum TC, TG, LDL-C and HDL-C; lowered ALT/AST and FFA; and mitigated oxidative stress and inflammatory imbalance (↓ IL-6/TNF-α, ↑ IL-10). CU262 restored alpha diversity, reduced the Firmicutes/Bacteroidetes ratio, enriched beneficial taxa (e.g., Akkermansia), and increased acetate and butyrate. Liver transcriptomics showed CU262 reversed HFD-induced activation of cholesterol/steroid biosynthesis and endoplasmic reticulum stress, with downregulation of key genes (Mvk, Mvd, Fdps, Nsdhl, and Dhcr7) and Pcsk9, yielding negative enrichment of steroid and terpenoid backbone pathways and enhancement of oxidative phosphorylation and glutathione metabolism. Correlation analyses linked Akkermansia and SCFAs with improved lipid/inflammatory indices and repression of cholesterol-synthetic and stress-response genes. These findings demonstrate that CU262 alleviates HFD-induced metabolic derangements via microbiota-SCFA-hepatic gene network reprogramming along the gut-liver axis, supporting its potential as a functional probiotic for obesity management.",Journal Article,,,,,,,ok
EUROPEPMC:41599808,PubMed,41599808,https://europepmc.org/article/MED/41599808,About Unsuccessful Responders to Diet and Physical Activity Interventions: A Focus on Energy Balance and Body-Weight Loss.,"It is difficult to imagine that an individual living with obesity may gain body weight in response to a diet and physical activity program aiming at a negative energy balance. However, this type of case is a matter of usual occurrence in obesity clinics and has been traditionally explained by a lack of adherence to guidelines. While a link between adherence to a weight loss intervention and its outcome has been demonstrated, there is growing evidence showing that unsuccessful response to weight-reducing programs may happen in some individuals despite adequate adherence, be it imposed experimentally or spontaneously expressed in a free-living context. As described in this paper, the response to a weight loss program may range from a weight gain to a greater than expected weight loss. Based on our research findings and available literature, an unsuccessful body-weight response is seen in 5% to 20% of individuals and is attributable to behavioral and metabolic changes affecting appetite control and thermogenesis. Experimental evidence also shows that the response to a negative-energy balance is genetically determined. Globally, these observations emphasize the importance of future research in precision medicine to develop treatment approaches that progressively become more individualized.",Journal Article; Review,,,,,,,ok
EUROPEPMC:41683193,PubMed,41683193,https://europepmc.org/article/MED/41683193,Gut Microbiota Impact on Cognitive Function in Humans.,"The human gut microbiome and its relationship with both physiological and pathological functions have long intrigued researchers. One of the most fascinating and important areas within this domain is cognitive function. Given that a substantial number of studies, especially interventional ones, have been conducted on animal models, the findings of which are not fully generalizable to humans and may therefore be misinterpreted, the purpose of this study is to synthesize evidence from the most recent human research. Current evidence indicates that the gut microbiota is linked to cognitive function in both healthy and diseased states, with numerous studies suggesting a potential causal relationship between the two. Although the majority of these studies associate changes in cognitive function with differences in the composition of the gut microbiota, some findings also indicate an inverse relationship.",Journal Article; Review,,,,,,,ok
EUROPEPMC:41703894,PubMed,41703894,https://europepmc.org/article/MED/41703894,GLP-1 agonists and the gut microbiome: A bidirectional relationship.,"Glucagon-like peptide-1 (GLP-1) receptor agonists have transformed the management of type 2 diabetes mellitus (T2DM) and obesity, yet their interactions with the gut microbiome remain an emerging frontier in pharmacological and metabolic research. Mounting evidence suggests that the gut microbiota modulates GLP-1 secretion via microbial metabolites, including short-chain fatty acids and bile acid derivatives, while GLP-1 agonists reciprocally reshape microbial composition, influencing metabolic outcomes beyond their classical incretin functions. This bidirectional interplay has profound implications for precision medicine, as gut microbial signatures have been associated with variability in therapeutic response, raising the possibility that microbiome features could contribute to response stratification in future studies. Advances in pharmacomicrobiomics, multiomics integration and computational modelling now enable a more refined dissection of these interactions, illuminating potential microbial targets for intervention. Study discrepancies may arise from variations in host diet, baseline microbiome composition and genetic factors influencing GLP-1 signalling. Future studies should incorporate stratified analyses accounting for these confounders to understand causative mechanisms. This review collates current evidence on the microbiome-mediated modulation of GLP-1 dynamics, evaluates the pharmacomicrobiomic impact of GLP-1 agonists and outlines future research directions at the interface of gut microbiota and incretin biology. By unravelling the complexities of this host-microbe-drug axis, the field moves closer to a paradigm of personalized metabolic medicine, where future GLP-1 therapeutic strategies may consider host metabolic and microbial context, optimizing efficacy and minimizing variability in patient response.",Journal Article; Review,,,,,,,ok
EUROPEPMC:41745391,PubMed,41745391,https://europepmc.org/article/MED/41745391,Probiotics as Microbiome Modulators in Male Infertility: Rethinking Dysbiosis Across the Gut-Testis Axis.,"Male infertility contributes substantially to couple infertility, and a large proportion of cases remain idiopathic. Dysbiosis within the gut, seminal, and urinary microbiomes has been associated with impaired semen parameters, reproductive tract inflammation, and oxidative stress. This narrative review, informed by a structured literature search, summarizes current evidence for the gut-testis axis and the androbactome in male infertility and discusses mechanistic pathways linking microbial imbalance to sperm dysfunction. Proposed mechanisms include immune activation, increased oxidative stress, endocrine and metabolic perturbations, and disruption of epithelial barriers, including the blood-testis barrier. Early clinical trials report that selected probiotic or synbiotic formulations may be associated with improvements in one or more World Health Organization (WHO) semen parameters and with reductions in oxidative or inflammatory biomarkers (surrogate laboratory endpoints; pregnancy and live-birth outcomes are rarely reported and remain unproven) in selected populations, such as idiopathic infertility and the post-varicocelectomy setting. Given patient heterogeneity, a personalized approach requires prespecified clinical phenotypes and measurable monitoring targets, rather than indiscriminate supplementation. At present, probiotics should be considered an adjunct rather than a stand-alone therapy. Well-designed, contamination-aware microbiome studies and adequately powered randomized trials with clinically meaningful endpoints, including pregnancy and live birth, are required before routine clinical implementation. This synthesis is intended to support personalized counseling and trial design by clarifying candidate phenotypes, appropriate monitoring endpoints, and realistic limitations of current evidence.",Journal Article; Review,,,,,,,ok
EUROPEPMC:41746476,PubMed,41746476,https://europepmc.org/article/MED/41746476,"The Gut-Brain Axis in Obesity: Mechanisms, Development, and Therapeutic Perspectives.","This narrative review analyses the implication of obesity-associated gut microbiota dysbiosis, as well as the associated impairments in gut-brain axis communication, in the onset and development of this chronic metabolic disease.; Gut microbiota dysbiosis, which is a common feature in individuals with obesity, is considered among the factors leading to its development. In fact, dietary habits not only modulate the composition of gut microbiota, but also the release of microbe-derived metabolites such as SCFAs, which in turn participate in the gut-brain axis communication. Interestingly, the approaches often used for obesity management, including lifestyle modification-based interventions, pharmacotherapy or the usage of bioactives (such as phenolic compounds or probiotics) have also been shown to restore the impairments in gut-brain axis communication associated to this disease. In this regard, the recovery of gut microbiota eubiosis and improvement of the intestinal barrier function, as well as the modulation of microbial metabolite production, have been described as potential underlying mechanisms of action.; The review highlights the importance of the gut-brain axis in obesity, both in the development as well as the management of this chronic metabolic disease. However, further research is warranted in order to corroborate the current findings and to better elucidate the mechanisms underlying this complex signalling network. Doing so, valuable information that will pave the way for the development of more specific and effective obesity treatments may be obtained.",Journal Article; Review,,,,,,,ok
EUROPEPMC:41769660,PubMed,41769660,https://europepmc.org/article/MED/41769660,Retrospective insights into probiotic and prebiotic interventions: associations with gut microbiota profiles and nutritional outcomes.,"Probiotics and prebiotics are known to regulate the gut microbiota, however, their relations with the metabolic and nutritional outcomes in adults are under-investigated in practical environments.; To provide light on microbiome-targeted metabolic health initiatives, this retrospective study investigates relationships among probiotic and prebiotic therapies, gut microbiota profiles, and nutritional outcomes.; Clinical and nutritional history (n = 350 adults) in probiotic (n = 140), prebiotic (n = 120), and control (n = 90) were compared. The microbiota data were obtained with the help of 16S rRNA sequencing in the stool samples at baseline and 4-12 weeks of the intervention. Alpha (Shannon, Simpson) and beta diversity (Bray-Curtis) was evaluated by means of PERMANOVA, and the relative abundance of the main taxa (Lactobacillus spp., Bifidobacterium spp., Faecalibacterium prausnitzii) was determined. The adjusted ANCOVA and multivariate regression models adjusted to the difference between baseline were used to analyze the anthropometric and biochemical outcomes, including body mass index (BMI) and lipid profiles.; Alpha diversity (Shannon index: probiotics 3.4-4.2, p < 0.01; prebiotics 3.3-4.0, p < 0.01) and beta diversity clustering (PERMANOVA R2 = 0.12, p < 0.001 in probiotics) were significantly increased by the use of probiotics and prebiotics, respectively. Lactobacillus (2.1-4.8%, p < 0.01) and Bifidobacterium (3.5-7.9%, p < 0.001) were increased due to probiotic supplementation, whereas Bifidobacterium (3.7-6.8%, p < 0.001) and F. prausnitzii (6.1-8.3%, p = 0.04) were increased due to prebiotics supplementation. The two interventions were better than controls in terms of BMI and lipid levels (reduction of BMI: probiotics -1.6 + - 0.4 kg/m2, prebiotics -2.0 + - 0.5 kg/m2; total cholesterol: probiotics -18 + -5 mg/dL, prebiotics -17 + -6 mg/dL; all p < 0.05).; The use of probiotic and prebiotic supplementation was found to be related to an augmented gut microbial and better metabolic results in grown-ups. Such results point to possible advantages of the dietary microbiota modulation, but due to the retrospective design, it is not possible to make causal conclusions.",Journal Article,,,,,,,ok
EUROPEPMC:41774188,PubMed,41774188,https://europepmc.org/article/MED/41774188,"Microbes, mood, and metabolism/obesity: Pharmacological insights into the gut-obesity-depression triad.","The global rise in obesity and depression, two highly prevalent and often comorbid disorders has intensified interest in the gut–brain axis as a shared biological link. Mounting evidence indicates that the gut microbiota profoundly influences both metabolic and neuropsychiatric regulation, positioning it as a promising therapeutic target for these interconnected conditions. This review explores the complex interactions among microbial dysbiosis, host metabolism, and mood regulation, emphasizing pharmacological strategies that harness this triad for treatment. Gut-derived hormones such as glucagon-like peptide-1 (GLP-1) and microbiome-produced metabolites, including short-chain fatty acids (SCFAs) and bile acids, have demonstrated potential to modulate appetite, insulin sensitivity, inflammation, and brain function. GLP-1 receptor agonists like semaglutide originally developed for diabetes and obesity also exhibit antidepressant properties, highlighting their dual therapeutic promise. Emerging microbiome-based interventions, such as precision probiotics, engineered psychobiotics, and fecal microbiota transplantation (FMT), are being investigated to restore microbial balance and improve both metabolic and mood outcomes. Furthermore, combination therapies pairing microbiota-targeted agents with conventional antidepressants or anti-obesity drugs may offer synergistic benefits, enhance efficacy while minimize adverse effects. Despite this promise, significant challenges remain, including ensuring safety, understanding long-term impacts, navigating regulatory hurdles for live biotherapeutics, and addressing ethical concerns about altering the human microbiome. A deeper understanding of the gut–microbiome–brain axis may ultimately enable personalized, microbiota-guided therapies that treat both the physiological and psychological dimensions of obesity and depression, marking a major step toward holistic and precision medicine.",Journal Article; Review,,,,,,,ok
EUROPEPMC:41782088,PubMed,41782088,https://europepmc.org/article/MED/41782088,"The relationship between intestinal flora and androgen level, glucose and lipid metabolism, inflammatory response and reproductive hormones: a systematic review and meta-analysis.","This meta-analysis of randomized controlled trials evaluated the effects of changes in gut microbiota on androgen levels, glucose and lipid metabolism, chronic inflammation, and reproductive hormones,in order to provide practical evidence for the treatment of the above pathological changes from the perspective of intestinal flora.; RCTs were searched on Embase, PubMed, and Web of Science, China Science Journal Database, Chinese National Knowledge Infrastructure, and Wanfang Data until March 2023.Using RevMan 5.4 software, meta-analysis was performed on the changes of androgen level, glucose and lipid metabolism, chronic inflammation, and reproductive hormone after intestinal flora changed.; 1144 patients from 21 studies were included in the analysis. Methodological quality varies across studies.We found that changes in gut microbiota can significantly improve glucose metabolism and lower fasting blood glucose levels[(MD): − 0.72 (- 1.22, −0.21), p < 0.01], Fasting insulin levels [(MD:-1.71 (- 2.60, − 0.83), p < 0.01)], homeostasis model assessment-insulin resistance [(MD: − 0.96 (- 1.72, − 0.21), p = 0.01)]. C-reactive protein [MD: − 0.42 (- 0.73,- 0.10), p = 0.009], Tumor Necrosis Factor α, [MD: −0.85 (−1.19, −0.51), p < 0.01]. However, compared with the control group, there were no significant changes in androgen level, lipid metabolism level and reproductive hormones in the observation group. It still remains to confirm the effects of changes in gut bacteria on androgen levels, lipid metabolism level and reproductive hormone.; Improving intestinal flora can reduce the glycemic index and pro-inflammatory mediator of patients with relevant pathological manifestations. However, there is still insufficient clinical evidence to confirm the effects of changes in gut bacteria on androgen levels, lipid metabolism and reproductive hormones, and relevant studies need to be explored in more long-term trials.; Not applicable.; The online version contains supplementary material available at 10.1186/s12902-025-02153-2.",Journal Article; Systematic Review,,,,,,,ok
EUROPEPMC:41783897,PubMed,41783897,https://europepmc.org/article/MED/41783897,"Obesity: current developments in mechanisms, diagnosis, classification and the evolution of personalized management.","In recent years, the global prevalence of overweight and obesity has exhibited a sustained upward trajectory. As an independent entity within the spectrum of chronic diseases, obesity serves as a significant pathogenic factor for multiple chronic conditions and ranks as the sixth leading risk factor for mortality and disability nationwide. It poses a severe threat to public health while imposing a considerable socioeconomic burden. The etiology of obesity is multifactorial; however, primary diagnostic modalities and therapeutic approaches remain relatively undiversified, and long-term weight maintenance remains challenging. Similar to other chronic diseases, obesity management demands a long-term multimodal strategy. This strategy must incorporate individualized treatment goals and balance the benefits and risks of different interventions to formulate personalized management plans. These plans aim to reduce body weight through multifaceted interventions, alleviate obesity-related comorbidities, enhance quality of life, and optimize overall health outcomes.",Journal Article; Review,,,,,,,ok
EUROPEPMC:41788730,PubMed,41788730,https://europepmc.org/article/MED/41788730,Impact of sleeve gastrectomy on bone metabolism in obese patients: from mechanisms to clinical prevention.,"In recent years, the global incidence of obesity has continued to rise, making obesity and its associated complications a serious threat to human health. Bariatric surgery, represented by sleeve gastrectomy (SG), has emerged as a crucial intervention for the treatment of obesity and related metabolic comorbidities. However, accumulating evidence indicates that bariatric surgery exerts multiple adverse effects on bone tissue, characterized by significantly increased bone resorption, decreased bone mineral density (BMD), and a consequent elevation in fracture risk. This review summarizes the effects of SG on BMD, bone turnover markers (BTMs), and bone microarchitecture in obese individuals, and comprehensively discusses the underlying mechanisms as well as corresponding clinical prevention strategies.",Journal Article; Review,,,,,,,ok
EUROPEPMC:41798990,PubMed,41798990,https://europepmc.org/article/MED/41798990,Microbiota management: a perspective for kidney transplant patients.,"Chronic kidney disease (CKD) is recognized as one of the most significant public health issues globally, with approximately 40% of patients progressing to end-stage kidney disease (ESKD). Transplantation remains the most indicated option for many patients with ESKD; however, these individuals frequently experience hospital readmissions and face a heightened risk of developing other complications. Although short-term allograft survival, typically around one year, tends to be satisfactory, long-term graft survival is often compromised due to acute and chronic rejection, which can be mediated by antibodies or other recipient-related factors. Recent studies and review articles have emphasized the relationship between intestinal dysbiosis and chronic renal failure, as well as the poor outcomes associated with kidney transplantation. The CKD itself, as well as the immunosuppressive medications used by organ transplant recipients, can lead to intestinal dysbiosis, which in turn increases the production of uremic toxins that can harm even the transplanted kidney. Clinical studies have demonstrated that the combination of prebiotics, probiotics, and synbiotics-supplements that aid in the establishment of intestinal microbiota-can effectively help control the production of nitrogenous substances, reduce renal inflammation, and alleviate gastrointestinal symptoms in patients with CKD. Experimental models have shown that short-chain fatty acids derived from gut fermentation of dietary fiber, such as butyrate and acetate, could improve renal function and reduce renal inflammation, allowing better acceptance of kidney allograft, partly by inducing T regulatory cells. Despite the growing evidence supporting the positive effects of maintaining a balanced microbiota, there is still a lack of comprehensive reviews in this field. Additionally, recent findings suggest that the type of fiber consumed may influence intestinal health and even increase susceptibility to colorectal cancer, depending on the fiber type. Therefore, we aim to explore how substances derived from gut fermentation of dietary fiber, in addition to probiotics, prebiotics, and synbiotics, contribute to allograft tolerance, with a particular focus on their potential application in establishing renal function in allograft recipients.",Journal Article; Review,,,,,,,ok
EUROPEPMC:41841409,PubMed,41841409,https://europepmc.org/article/MED/41841409,Bioengineered Probiotic-Prebiotic Hierarchical Microspheres With pH-Responsive Architecture Reprogram Immunometabolism in Obesity-Related Disorders.,"Obesity is increasingly recognized as a chronic immunometabolic disorder driven by dysregulated gut-adipose communication and microbiota imbalance. Here, we present bioengineered pH-responsive probiotic-prebiotic hierarchical microspheres (MicroSym) that coordinate localized microbial restoration with systemic immune reprogramming to treat obesity-related disorders. MicroSym is fabricated via microfluidic-assisted phase separation coupled with electrostatic spraying, embedding probiotic bacteria within a lotus-derived prebiotic matrix to form a protective yet responsive microenvironment that preserves viability during gastric transit. At intestinal pH, the hierarchical architecture selectively disassembles to release probiotics and prebiotic substrates, fostering beneficial colonization and metabolite production. This symbiotic modulation reshapes the gut immune landscape, suppresses proinflammatory macrophage polarization, and restores adipose tissue homeostasis. In diet-induced obese mice, oral treatment with MicroSym remodels the gut microbiota, improves glucose tolerance, reduces lipid accumulation, and normalizes cytokine profiles without overt toxicity. Transcriptomic profiling and microbiome analyses further validate comprehensive systemic immunometabolic benefits. Collectively, this work establishes a biofabricated symbiotic microsphere platform for controlling microbiota-immune-metabolic crosstalk and offers a translatable therapeutic strategy for obesity-associated immunometabolic disease.",Journal Article,,,,,,,ok
EUROPEPMC:41880417,PubMed,41880417,https://europepmc.org/article/MED/41880417,EXPLORING THE IMPACT OF GUT MICROBIOTA MODULATION ON COLORECTAL CANCER THERAPY: A BIBLIOMETRIC ANALYSIS OF PROBIOTIC AND PREBIOTIC INTERVENTIONS.,"This study is a bibliometric analysis of scientific publications reporting the beneficial effects of gut microbiota modulation by probiotics and/or prebiotics on colorectal cancer.; This study adhered to the PRISMA guidelines and focused on English peer-reviewed research articles published between 2020 and 2025, as indexed in Google Scholar and PubMed. Search terms included ""Colorectal Cancer"", ""Colon Cancer"", ""Colorectal Carcinoma"", ""Colon Carcinoma"" and ""Gut Microbiota"". A total of 116 studies were selected and manually reviewed, taking into account the inclusion and exclusion criteria.; The bibliometric analysis of 37 studies revealed that China leads research efforts, primarily focusing on prebiotics (70.3%), such as dietary fibres, while probiotic-focused studies are limited (24.3%) due to practical challenges. Although the combined use of prebiotics and probiotics (2.7%) is theoretically beneficial, their practical application remains complicated. The trend in the literature aligns with a growing interest in traditional medicine and functional foods, but annual publication rates have declined, with only three papers from 2025 (30.8%). Despite recognising microbial diversity, the number of probiotic-based studies is low, with Clostridium butyricum being the most prevalent species.; Overall, this analysis underscores the critical role of gut microbiota in CRC treatment and the potential of natural compounds, while highlighting the need for further research. Further research is essential to deepen our understanding of gut microbiota dynamics and optimise therapeutic approaches for patients with CRC.",Journal Article; Review,,,,,,,ok
EUROPEPMC:41883787,PubMed,41883787,https://europepmc.org/article/MED/41883787,Maternal probiotic and prebiotic supplementation on glucose metabolism in pregnant women and their offspring: effects and related mechanisms.,"The global diabetes epidemic has brought gestational diabetes mellitus (GDM) and its long-term impacts on maternal-child health into sharp focus. Emerging evidence indicates that early-life metabolic programing, mediated significantly by gut microbiota, profoundly influences offspring glucose homeostasis. Notably, microbial-targeted nutritional interventions, including probiotic and prebiotic supplementation, have considerable potential as innovative therapeutic approaches. These strategies may effectively prevent intergenerational transmission of metabolic diseases by improving glucose metabolism in both mother and offspring.; This narrative review synthesizes evidence from clinical trials and animal studies investigating the effects of maternal probiotic and prebiotic supplementation on glucose metabolism. We searched and analyzed literature focusing on glycemic outcomes in pregnant women with or without GDM and their offspring, as well as studies exploring underlying mechanisms including gut microbiota modulation, metabolite production, inflammatory pathways, and epigenetic regulation.; Clinical and animal studies have shown that probiotics and prebiotics can significantly alleviate metabolic parameters such as elevated fasting glucose and insulin resistance in patients with GDM, but their preventive effect on the incidence of GDM is unclear. In addition, maternal supplementation with probiotics or prebiotics may positively affect glucose metabolism in offspring through multiple interconnected mechanisms, which include the modulation of intestinal microbial ecology, the increased generation of microbial- derived metabolites such as short-chain fatty acids (SCFAs), the mitigation of inflammatory responses, and epigenetic regulation (e.g., DNA methylation, lncRNA and miRNA modification).; Despite some heterogeneity in the results of existing studies, there is overall support for the therapeutic potential of probiotic and prebiotic interventions in optimizing metabolic outcomes for both maternal and pediatric populations. Future studies need to further define the optimal type, dose and timing of intervention for probiotics and prebiotics and explore precise intervention strategies on the basis of individual gut microbiota characteristics. In conclusion, probiotic and prebiotic supplementation during pregnancy and lactation may become an adjunctive tool to improve glucose metabolism in mothers and infants, resulting in innovative approaches for the primary prevention of metabolic diseases.",Journal Article; Review,,,,,,,ok
EUROPEPMC:41884636,PubMed,41884636,https://europepmc.org/article/MED/41884636,"Engineered bacteria: a novel era for metabolic, cardiovascular and cerebrovascular diseases therapy.","There are a large number of people suffer from metabolic, cardiovascular, and cerebrovascular diseases, posing a significant threat to public health. Previous studies have suggested that cardiovascular and cerebrovascular diseases are frequently accompanied by changes in intestinal flora and metabolites, which play a crucial role in the progression of metabolic, cardiovascular and cerebrovascular diseases. Engineered bacteria, as a tool for efficiently expressing foreign genes within a bacterial cell line, has attracted considerable attention for cancer treatment over the past decades. In recent years, engineered bacteria has been extended to metabolic disorders, cardiovascular and cerebrovascular diseases therapy and has been a promising tool. However, several challenges persist, including the necessity of more refined strain selection and design. Furthermore, there is no relevant review on the application of engineering bacteria in the fields of metabolic diseases and cardiovascular diseases currently. Therefore, this review is aimed to explore the alterations of intestinal microbiota and metabolome associated with metabolic and cardio-cerebrovascular diseases, as well as the potential application of engineered bacteria in treating these conditions.",Journal Article; Review,,,,,,,ok
EUROPEPMC:41901168,PubMed,41901168,https://europepmc.org/article/MED/41901168,Anti-Obesogenic Effects of Culinary Herbs Through Modulation of Inflammation and Metabolic Pathways.,"Obesity is considered a chronic disease that co-occurs with other disorders, including type 2 diabetes; therefore, the prevention and treatment of obesity are of utmost importance. The present review analysed the effects of bioactive compounds found in culinary herbs on the regulation of inflammatory processes through the modulation of inflammation and microbiota-dependent metabolic pathways. A total of 137 publications from 2010 to 2025 were reviewed. Few studies address the impact of culinary herbs on the gut microbiota in relation to obesity; however, analysing data on the effects of active compounds present in various herbs allows an assessment of their potential role in obesity prevention. This is a significant issue, as obesity is widespread, and the introduction of readily usable everyday food products may represent an important element of preventive strategies. Plant secondary metabolites, such as polyphenols, saponins, alkaloids, and flavonoids, exert strong antioxidant and anti-inflammatory activity, thus contributing to their beneficial effects on human health. Effective weight loss depends on the consistent maintenance of a healthy lifestyle, a requirement that can often be highly challenging. The daily use of herbs in meal preparation may reduce the risk of developing obesity or mitigate its severity. Herbs enhance the flavour of dishes and, additionally, help to reduce salt intake, thereby lowering the risk of cardiovascular disease, which is also an integral component of a healthy lifestyle.",Journal Article; Review,,,,,,,ok
EUROPEPMC:41906418,PubMed,41906418,https://europepmc.org/article/MED/41906418,Dysregulated eating behaviour and microbiota-based interventions targeting eating disorders and food addiction.,"The consumption of highly processed, hyperpalatable food in Western societies increases the risk of developing obesity and compulsive eating behaviors, which include food addiction (FA) and eating disorders (EDs), such as bulimia nervosa (BN) and binge eating disorder (BED). These behaviors can lead to a range of health consequences, including cardiovascular and metabolic diseases, cognitive impairments, and mental health disorders, among others. Given the evidence suggesting the involvement of the gut microbiota in regulating eating behavior, in recent years, scientists have sought to identify microbiota signatures associated with EDs and FAs. Multiple pro- and prebiotics, as well as other microbiota-based therapeutic interventions, have been suggested as preventive or treatment strategies for FA and EDs. To provide a comprehensive overview, this review is structured into two main sections. The first section describes compulsive eating behaviors, namely, BN, BED, and FA, recognizing their similarities and differences, and highlighting the importance of the proper distinction for the selection of targeted and effective treatment approaches. The second section provides an extensive summary of the recent research years behind the search for microbiota signatures and potential microbiota-based therapeutic interventions for managing EDs and FA in both humans and animal models.",Journal Article; Review,,,,,,,ok
EUROPEPMC:41971399,PubMed,41971399,https://europepmc.org/article/MED/41971399,Fermentation method outweighs geographic origin in shaping kefir's,"Kefir is a traditional fermented dairy product containing diverse microbial consortia with potential health benefits. However, systematic comparisons of fermentation methods and grain origins on kefir's functional properties remain limited. This study selected kefir grains from eight geographic regions worldwide and prepared kefir fermented milk using both kefir grain fermentation (KGF) and back-slopping fermentation (BSF) methods. The in vitro anti-obesity potential and probiotic characteristics were evaluated, and multidimensional analysis was employed to elucidate the influence of different fermentation methods and regional sources on functional properties. Results demonstrated that the fermentation method exerted a stronger influence than geographic origin. KGF generally yielded kefir with higher antioxidant capacity, stronger antimicrobial activity, and safer probiotic profiles, whereas BSF favored lactic acid bacteria proliferation and triglyceride reduction. These findings emphasize that changes in fermentation strategy reshape the microbial community structure, thereby influencing the functional quality and probiotic properties of kefir. Consequently, KGF is recommended as the optimal strategy for producing kefir with enhanced health-promoting properties and superior safety.",Journal Article,,,,,,,ok
EUROPEPMC:42108208,PubMed,42108208,https://europepmc.org/article/MED/42108208,Comparative Efficacy of Probiotics for the Treatment of Obesity: A Systematic Review and Network Meta-analysis.,"Probiotics have been proposed as a potential intervention for obesity, yet the optimal probiotic formulation remains unclear.; To evaluate the comparative efficacy of probiotics on body shape and serum lipid profiles in patients with obesity.; PubMed, Web of Science, Cochrane Library, and Embase from database inception to May 1, 2024, were searched.; From each randomized controlled trial, we extracted information on publication year, first author, country, inclusion criteria, sample size, probiotic formulation and genera, treatment duration, dosage, physical activity, dietary interventions, and changes in body composition and lipid metabolism outcomes from baseline to the end of follow-up.; Data were pooled using a random-effects model. The certainty of evidence was evaluated using the Grading of Recommendations Assessment, Development and Evaluation framework for network meta-analysis. All data were pooled to obtain the change in body weight and lipid metabolism using mean differences (MDs) with 95% CIs. A total of 47 studies with 3555 participants were included in the analysis. Twenty-six probiotic interventions, including 8 single-genus and 18 multiple-genus probiotic interventions, were identified. All estimates refer to the comparison with placebo. Within the network meta-analysis framework, Mix10 (a combination of Bifidobacterium, Lacticaseibacillus, Lactobacillus, and Streptococcus) (MD: -2.83 kg; 95% CI: -4.33 to -1.32) and Mix12 (a combination of Bifidobacterium, Lactiplantibacillus, and Lactobacillus) (MD: -2.14 kg; 95% CI: -3.13 to -1.15) ranked highest for weight reduction compared with placebo. Mix10 was also ranked higher for increasing high-density-lipoprotein cholesterol (MD: 0.20 mmol/L; 95% CI: 0.12 to 0.29).; Mix10 and Mix12 ranked highest for weight reduction, with Mix10 also ranking higher for lipid metabolism. These findings are based on low to moderate certainty and should be confirmed in future well-designed trials.; This study was registered on INPLASY (Registration no. INPLASY202440090, https://inplasy.com/inplasy-2024-4-0090/).",Journal Article,,,,,,,ok
EUROPEPMC:42180583,PubMed,42180583,https://europepmc.org/article/MED/42180583,Impact of probiotics and prebiotics on glucose/lipid metabolism in metabolic dysfunction-associated steatotic liver disease: mechanisms and implications.,"Metabolic dysfunction-associated steatotic liver disease (MASLD) is a growing global health concern, intricately linked to metabolic disorders such as obesity, dyslipidemia, and insulin resistance. As conventional pharmacological treatments often show limited efficacy, there is increasing interest in functional foods, particularly probiotics and prebiotics, as potential therapeutic strategies for managing MASLD and related metabolic disturbances. This perspective article explores the mechanisms by which probiotics and prebiotics influence glucose and lipid metabolism in MASLD. And by synthesizing data from recent high-level meta-analyses and umbrella reviews (up to 2025),provides a quantitative mini-meta-summary of current clinical evidence. Probiotics modulate the gut-liver axis, reducing inflammation and improving lipid metabolism, while prebiotics, such as dietary fibers and bioactive compounds, promote beneficial gut microbiota changes that support metabolic regulation. Both preclinical and clinical studies provide evidence of their beneficial effects on liver function, insulin sensitivity, and lipid profiles. This article bridges the gap between mechanistic insights and clinical outcomes, emphasizing the transition from generic supplementation to evidence-based, duration-targeted therapeutic strategies. Future research should focus on identifying optimal probiotic strains and prebiotic compounds, investigating their synergistic effects, and conducting large-scale clinical trials to solidify their therapeutic potential.",Journal Article,,,,,,,ok
EUROPEPMC:42193156,PubMed,42193156,https://europepmc.org/article/MED/42193156,Oxidative Stress-Gut Microbiome Crosstalk: Intestinal Redox Imbalance and Probiotics Therapeutic Potential.,"Oxidative stress and gut microbiota dysbiosis establish a self-perpetuating loop that disrupts epithelial barrier integrity and fuels chronic inflammatory and metabolic disorders, including inflammatory bowel disease (IBD), metabolic syndrome (MS), and chronic kidney disease (CKD). This systematic review synthesizes mechanistic, preclinical, and clinical evidence linking reactive oxygen species (ROS), microbiota-derived metabolites, and host redox homeostasis, with a focus on probiotic-based interventions. Comprehensive searches of PubMed, Scopus, Web of Science, and Google Scholar (2000-March 2026) identified in vitro, animal, and human studies, as well as systematic reviews and meta-analyses, assessing oxidative biomarkers, microbiome profiles, and barrier function outcomes. Probiotic strains, predominantly Lactiplantibacillus, Bifidobacterium, and emerging next-generation taxa, attenuate oxidative stress by inducing antioxidant enzymes [superoxide dismutase (SOD), glutathione peroxidase (GPx)], activating Nrf2 signaling, and restoring short-chain fatty acid (SCFAs) production, thereby lowering malondialdehyde (MDA) and 8-hydroxy-2'-deoxyguanosine (8-OHdG) while enhancing total antioxidant capacity (TAC). At the mucosal interface, probiotics strengthen tight junction proteins, suppress NF-κB-mediated cytokine release, and mitigate dysbiosis, contributing to clinically meaningful improvements in disease activity, insulin sensitivity, and uremic toxin burden along gut-liver, gut-kidney, and other gut-organ axes. Overall, current evidence supports probiotics and synbiotics as promising adjuncts for nutrition-driven redox modulation, while highlighting the need for strain-resolved, multi-omics, multicenter trials with standardized redox and microbiome endpoints to optimize dosing strategies and long-term safety.",Journal Article; Review,,,,,,,ok
EUROPEPMC:42197026,PubMed,42197026,https://europepmc.org/article/MED/42197026,Exercise and the Gut Microbiome: From Mechanisms to Clinical Applications.,"Background/Objectives: The gut microbiome is a critical regulator of host metabolism, immunity, and the gut-brain axis. Exercise is a promising non-pharmacological modulator of microbial ecology, yet human evidence remains heterogeneous and the translational gap persists. This narrative review synthesizes mechanisms, human and animal evidence, and future directions for the exercise-gut microbiome axis. Methods: PubMed, Scopus, Web of Science, and SID were searched for articles published between January 2000 and February 2025. Keywords included exercise, physical activity, gut microbiome, gut microbiota, short-chain fatty acids, and gut-muscle axis. From 218 initial records, 89 original studies (47 human, 42 animal) met inclusion criteria and were critically appraised. Results: Exercise modulates the gut microbiome via splanchnic hypoperfusion, hyperthermia, altered transit time, and immune-mediated barrier regulation. Moderate-intensity continuous training consistently increases alpha diversity and enriches butyrate-producing taxa (Faecalibacterium prausnitzii, Roseburia hominis) and mucin-degrading Akkermansia muciniphila. High-intensity interval training transiently increases intestinal permeability in untrained individuals but, following adaptation, stimulates butyrate production via lactate cross-feeding metabolism-a recent breakthrough. Effects are transient and reversible upon detraining. Animal models establish causality through fecal microbiota transplantation; human randomized controlled trials demonstrate modest, intensity-dependent, and highly individualistic responses. Emerging evidence supports the gut-muscle axis in sarcopenia and personalized exercise prescription guided by microbiome profiling. Conclusion: Exercise shows promise as a low-cost modulator of the gut microbiome for enriching health-associated taxa and improving metabolic outcomes. Definitive evidence linking exercise-induced microbial shifts to enhanced athletic performance in humans remains lacking. Future research requires diet-controlled randomized controlled trials with ≥12-week interventions, shotgun metagenomics, and mechanistic validation of the gut-muscle axis in humans.",Journal Article; Review,,,,,,,ok
EUROPEPMC:PMC13203418,publisher supplementary data,PMC13203418,,Oxidative Stress–Gut Microbiome Crosstalk: Intestinal Redox Imbalance and Probiotics Therapeutic Potential,,,,,,,,,unsupported_source
EUROPEPMC:PMC13206985,publisher supplementary data,PMC13206985,,Current Understanding of Probiotic Strains and Immune Function: From Gut Microbiota to Systemic Immunity,,,,,,,,,unsupported_source
PMID:40587116,PubMed,40587116,https://pubmed.ncbi.nlm.nih.gov/40587116/,Prediction of Weight Loss and Regain Based on Multiomic and Phenotypic Features: Results From a Calorie-Restricted Feeding Trial.,"To identify baseline multiomic and phenotypic predictors and develop prediction models for weight and body composition loss and regain in the Low-Carbohydrate Diet and Time-Restricted Eating (LEAN-TIME) trial.; A post hoc analysis was conducted of the LEAN-TIME feeding trial using data from 88 adults with overweight/obesity completing a 12-week calorie-restricted weight-loss phase and 79 completing a 28-week weight-regain phase. Baseline dietary, metabolic, fecal metabolome, and gut microbiome data were candidate predictors of changes in weight, body fat mass (BFM), and soft lean mass (SLM). Multivariable regression and the least absolute shrinkage and selection operator model were used to identify predictors and develop weighted-sum prediction models.; Multiomic and phenotypic models significantly outperformed phenotype-only models (P < 0.05), demonstrating strong predictive performance during both phases. During weight loss, the multiomic and phenotypic model yielded R2 values of 0.49, 0.61, and 0.54 for changes in weight, BFM, and SLM, respectively, with corresponding root mean square errors (RMSEs) of 1.59, 1.41, and 0.98 kg. For binary classification of clinically meaningful weight loss (≥5%), the model achieved an area under the curve of 0.95 (sensitivity 94.12%; specificity 86.79%). During weight regain, R2 values reached 0.72, 0.73, and 0.66 for weight, BFM, and SLM (RMSEs 1.40, 1.62, and 0.73 kg), respectively. Several key baseline predictors, primarily gut microbes and fecal metabolites, such as N-acetyl-l-aspartic acid, Ruminococcus callidus, and Bifidobacterium adolescentis, were shared for weight and body composition changes during both phases.; Baseline multiomic and phenotypic data effectively predict weight and body composition loss and regain, offering insights for personalized weight management.",Journal Article; Randomized Controlled Trial,,,,,,,ok
PMID:41580820,PubMed,41580820,https://pubmed.ncbi.nlm.nih.gov/41580820/,Targeting G-protein-coupled receptors and gut microbiota: Ge-Lian Qi-Shen decoction elevates GLP-1 to combat non-alcoholic fatty liver disease.,"Non-alcoholic fatty liver disease (NAFLD), often accompanied by insulin resistance, obesity, and hyperlipidemia, is a challenging metabolic disorder to treat. Ge-Lian Qi-Shen Decoction, a traditional Chinese herbal formula, has been clinically used to alleviate symptoms associated with NAFLD, but its underlying mechanisms remain unclear.; A NAFLD model was established in C57BL/6J mice using a high-fat diet (HFD). The effects of 4-week GQD intervention at different doses on NAFLD-related symptoms were assessed using biochemical analyses, pathological sections, and oral glucose tolerance tests. ELISA and qPCR were employed to investigate the impact of GQD on serum GLP-1 levels and intestinal Gcg gene expression in NAFLD mice. The direct stimulatory effects of GQD on GLP-1 secretion were examined in NCI-H716 cells and HFD-fed mice. UPLC-MS/MS was used to analyze the composition of ileal contents in GQD-treated mice, and the regulatory effects of 24 identified compounds on GLP-1 secretion were evaluated. Additionally, 16S rDNA sequencing, metabolomics and fecal microbiota transplantation were utilized to explore the role of gut microbiota in GQD's anti-NAFLD effect.; GQD improved HFD-induced hepatic steatosis, impaired glucose tolerance, and elevated blood lipid levels in a dose-dependent manner. It increased serum GLP-1 levels, reduced energy intake, and enhanced glucose tolerance in mice. A single dose of GQD directly elevated serum GLP-1 levels in HFD-fed mice and improved glucose tolerance in a GLP-1-dependent manner. In NCI-H716 cells, GQD promoted intracellular calcium influx and GLP-1 release by activating two G-protein-coupled receptors (GPCRs): bitter taste receptors and TGR5. Compounds such as berberine, coptisine, nuciferine, liensinine, higenamine, aurantio-obtusin, and obtusifolin in GQD activated bitter taste receptors, while maslinic acid and cycloastragenol activated TGR5, facilitating GLP-1 secretion. Furthermore, GQD gavage increased the levels of Muribaculaceae and Akkermansia in mouse feces, leading to elevated concentrations of short-chain fatty acids (SCFAs) such as acetate, propionate, butyrate, and valerate. These SCFAs potentially activated fatty acid-related GPCRs, such as GPR41, in the colon, thereby enhancing colonic Gcg expression. FMT experiment showed that gut microbiota can partially mediate the effect of GQD in increasing GLP-1 levels thus alleviating NAFLD.; Some alkaloids, anthraquinones, and triterpenoids in GQD can activate GPCRs, including bitter taste receptors and TGR5, in intestinal endocrine cells, promoting GLP-1 secretion. Simultaneously, GQD regulates gut microbiota composition and metabolism, increasing SCFA levels and Gcg gene expression, leading to sustained elevation of GLP-1 levels. These combined effects contribute to the alleviation of NAFLD symptoms.",Journal Article,,,,,,,ok
PMID:41657529,PubMed,41657529,https://pubmed.ncbi.nlm.nih.gov/41657529/,Association of Anti-Inflammatory Dietary Adherence With Biomarkers and Gut Microbiota Related to Colorectal Cancer Risk: A Retrospective Study.,"Colorectal cancer is one of the most common cancers and a primary cause of death. The increased incidence in low- and middle-income nations highlights the need for better prevention. Chronic inflammation, obesity, and gut microbial dysbiosis are major risk factors for CRC, making nutritional interventions attractive. This study aims to examine the association between adherence to an anti-inflammatory diet and anthropometric, biochemical, inflammatory, molecular, and gut microbiota parameters related to colorectal cancer risk. In this retrospective analysis, anti-inflammatory diet adherents (n = 515) and non-adherents (n = 435) were compared. Hematological, hepatic, inflammatory, tumor, genetic/molecular, and gut microbiota tests were performed, and chi-square tests were used for categorical outcomes. Multiple regression was used to examine the association between adherence to an anti-inflammatory diet and the development of colorectal cancer. Multiple logistic regression analysis indicated that anti-inflammatory diets were associated with improved clinical, biochemical, and microbiome outcomes in patients with CRC. Diet adherence was associated with a lower risk of obesity, central obesity, dyslipidemia, anemia, and leukocytosis after adjusting for age, sex, BMI, smoking, and caloric intake (β = -1.90, SE = 0.26, OR = 0.15, 95% CI: 0.09-0.25). Several inflammatory markers, including CRP, IL-6, CEA, and MMP-9, decreased markedly (p < 0.001). Molecular alterations associated with CRC, including p53 mutation, Ki-67 overexpression, microsatellite instability, APC mutation, and β-catenin nuclear expression, were significantly decreased (p < 0.001). Bifidobacterium, Lactobacillus, Faecalibacterium prausnitzii, and Akkermansia muciniphila were increased, and pathogenic species decreased in the gut (ORs 2.10-2.30; Fusobacterium nucleatum, Clostridium difficile, pathogenic Escherichia coli; ORs 0.16-0.18). Anti-inflammatory diets significantly improve metabolic, inflammatory, tumor-related, and microbiome profiles in patients with CRC. Adherence to an anti-inflammatory dietary pattern is significantly associated with improved metabolic, inflammatory, molecular, and gut microbiota profiles, all of which are linked to colorectal cancer risk. These findings support anti-inflammatory dietary strategies as cost-effective and non-invasive approaches for colorectal cancer prevention and adjunctive management.",Journal Article,,,,,,,ok
PMID:41895350,PubMed,41895350,https://pubmed.ncbi.nlm.nih.gov/41895350/,"Understanding gut microbiota dysbiosis as a plausible link between obstructive sleep apnea (OSA), viral infections, and lifestyle diseases.","Obstructive sleep apnea (OSA) is a multifactorial disorder which is influenced by intermittent hypoxia, sleep fragmentation, and systemic inflammation. Recent evidence suggests that lifestyle diseases and viral infections further exacerbate OSA severity through common inflammatory and metabolic pathways. Parallelly, gut dysbiosis has gained recognition as a key mediator which links respiratory, metabolic, and infectious disease processes via the gut-lung axis. This review explores the convergent role of gut microbial dysbiosis across OSA, lifestyle-associated comorbidities such as obesity, diabetes, and cardiovascular disease and viral infections including respiratory syncytial virus (RSV), influenza, dengue, Human Immunodeficiency Virus (HIV), and SARS-CoV-2. Across these conditions, a recurring pattern of reduced beneficial commensals (e.g., Bifidobacterium, Faecalibacterium prausnitzii, Roseburia, Akkermansia muciniphila) and a noted increase of pro-inflammatory taxa (e.g., Escherichia, Streptococcus, Enterobacteriaceae) has been observed. It contributes to epithelial barrier breakdown, endotoxemia, metabolic dysfunction, and immune dysregulation. In OSA patients, intermittent hypoxia is observed that causes gut barrier impairment and microbial translocation, thus amplifying systemic inflammation. Similarly, viral infections reshape the gut ecology, bringing adverse effects to host immunity and respiratory outcomes. The review highlights upon the therapeutic potentials of prebiotics and probiotics supplementation for modulating gut dysbiosis. It discusses the role of these therapeutic interventions in improving metabolic homeostasis, reducing inflammation, and potentially mitigating OSA-related complications. Collectively, this analysis highlights gut dysbiosis as a plausible unifying mechanism connecting lifestyle diseases, viral infections, and OSA, presenting a compelling avenue for integrated, microbiome-targeted interventions.",Journal Article; Review,,,,,,,ok
PMID:42060019,PubMed,42060019,https://pubmed.ncbi.nlm.nih.gov/42060019/,Association between gut microbiota and sarcopenia in older adults: a cross-sectional analysis from the second wave of the Birjand Longitudinal Aging Study (BLAS).,"Investigating gut microbiota has emerged as a novel approach to exploring the gut-muscle axis and its link to age-related conditions like sarcopenia. While studies suggest gut dysbiosis may promote inflammation and muscle loss, findings vary by region and ethnicity. This study examined the association between gut microbiota and primary sarcopenia in an older adult population in Iran.; This cross-sectional study analyzed 293 community-dwelling participants (aged ≥ 60 years) from the second wave of the Birjand Longitudinal Aging Study in Iran. Fecal samples were collected, and gut microbiota composition was assessed for 12 bacterial genera using quantitative Real-time PCR with genus-specific primers. Sarcopenia was defined according to the 2019 Asian Working Group for Sarcopenia (AWGS) criteria, based on anthropometric measurements, body composition (via bioelectric impedance analysis), handgrip strength, and walking speed. Associations between the abundance of each bacterial genus and sarcopenia, as well as its individual components, were assessed.; Out of 293 participants, 38.2% (n = 112) were diagnosed with sarcopenia. Participants with sarcopenia were older than those without sarcopenia (mean age 72.99 ± 6.13 vs. 70.20 ± 5.24 years) and had a different sex distribution (55.4% vs. 60.2% women in the sarcopenic and non-sarcopenic groups, respectively). Higher Akkermansia abundance was associated with greater odds of sarcopenia and was negatively correlated with handgrip strength, skeletal muscle index (SMI), and gait speed (p < 0.05). Akkermansia was also associated with low SMI, and low gait speed; each unit increase in Akkermansia was associated with 9% higher odds of low SMI and 8% higher odds of low gait speed. Both Akkermansia and Lactobacillus increased the odds of sarcopenia by 7% and 8%, respectively, whereas Roseburia showed an inverse association with sarcopenia and each unit increase in Roseburia decreased the odds of sarcopenia by 11.5%. Roseburia was also positively correlated with gait speed (p < 0.05).; This study demonstrates that specific gut microbial profiles are significantly associated with sarcopenia. Akkermansia and Lactobacillus were associated with sarcopenia, although greater Roseburia levels were beneficial. These microbial signatures are associated with sarcopenia and warrant further longitudinal investigation.",Journal Article,,,,,,,ok
PMID:42061563,PubMed,42061563,https://pubmed.ncbi.nlm.nih.gov/42061563/,Oroxin A in Linggui Zhugan Decoction in the treatment of MASH by regulating cholesterol-bile acid metabolism.,"Lingui Zhugan Decoction (LGZGD), a traditional Chinese medicinal formulation documented in the Golden Cabinet Essentials, is widely employed across East Asia for the treatment of metabolic liver disease.; To evaluate the anti - MASH efficacy of LGZGD and its Active blood-entering components and elucidate their mechanisms, with a particular focus on the regulation of bile acid metabolism.; A mouse model of MASH was established using a high-fat, high-cholesterol diet (HFHCD). Transcriptomic profiling and blood component analysis were performed on mice after LGZGD intervention. Molecular docking was then employed in combination with these analyses to screen for active constituents. Subsequent analyses focused on examining the effects of Oroxin A on MASH through transcriptomics, bile acid-targeted metabolomics, gut microbiota 16S rRNA sequencing, and Western blotting.; LGZGD, Oroxin A all alleviated obesity, hepatic steatosis, inflammatory responses, and liver fibrosis induced by a high-fat diet. Microbial analysis of the ileum via 16S rDNA sequencing revealed that Oroxin A intervention restored gut microbial diversity, increasing the abundance of Paracoccus, Akkermansia, and Bifidobacterium. Targeted metabolomic analysis revealed significant alterations in bile acid composition under Oroxin A intervention, characterised by decreased levels of LCA and other bile acids alongside marked increases in TUDCA and others. Western blotting results indicate that Oroxin A applies its anti-MASH impacts by modulating the FXR/CYP7A1 pathway and TGR5/NLRP3 pathway.; Oroxin A can improve pathological conditions in MASH mice through multiple pathways, including restoring gut microbiota balance and regulating bile acid metabolism. Within conventional medical frameworks, Oroxin A pioneers novel therapeutic approaches for MASH. This method overcomes the limitations of synthetic drugs while maintaining metabolic homeostasis.",Journal Article,,,,,,,ok
PMID:42116498,PubMed,42116498,https://pubmed.ncbi.nlm.nih.gov/42116498/,Timing matters in type 2 diabetes: Early high-Fiber nutrition enhances glycemic control and reshapes gut microbiota.,"Early, intensive dietary intervention may open a therapeutic window for type 2 diabetes (T2D) remission. We conducted a randomized, 2:1 crossover trial in 34 newly diagnosed overweight or obese patients with T2D. Participants were assigned to receive either high-fiber nutritional therapy (HFNT)-a 7-day very-low-calorie, high-fiber diet followed by a 23-day standard diabetes diet-or conventional diabetes treatment (control condition). Each treatment was administered for 90 days before crossover. Compared with the control condition, early HFNT led to greater reductions in HbA1c [-9.45% (-18.04, -4.63) vs 1.44% (-7.73, 3.08); P = 0.010] and fasting plasma glucose [-12.70% (-24.51, -6.01) vs 3.46% (-8.14, 0.94); P = 0.005], while changes in BMI and HOMA-IR were not significant (P > 0.05). Gut microbiome profiling revealed enrichment of short-chain fatty acid-producing taxa (Eubacterium ruminantium group, Blautia, Roseburia, Akkermansia muciniphila, Oscillospira) and depletion of pathogenic genera (Escherichia-Shigella) after HFNT, with compositional shifts correlating with improved glycemic control. Notably, glycemic benefits in participants receiving HFNT first persisted after crossover, whereas participants receiving conventional care first did not achieve full metabolic recovery after switching. These findings suggest that in newly diagnosed T2D, early, fiber-enriched, intermittent energy restriction can induce durable glycemic improvements, potentially mediated by gut microbiota remodeling. This trial highlights a narrow but impactful nutritional intervention window that may alter the trajectory of T2D progression.",Journal Article; Randomized Controlled Trial,,,,,,,ok
PMID:42139619,PubMed,42139619,https://pubmed.ncbi.nlm.nih.gov/42139619/,"Clinical, endoscopic, morphological and microbiological characteristics of diverticular disease in patients with metabolic disorders.","Aim: The aim of the study was to identify the clinical course and endoscopic activity features in patients with uncomplicated diverticular disease (UDD) associated with diabetes mellitus (DM), overweight, and obesity and perform an analysis of the gut microbiome and morphological characteristics of the colonic mucosa in such patients.; Materials and Methods: 259 patients with UDD, hospitalized in the Department of Gastroenterology of Feofaniya Clinical Hospital of the State Administration of Affairs during the period of 2020-2024, were included in the study. Among all patients with DD included in the study, 43 had no metabolic disorders (MD) (DM, overweight, obesity), while 216 presented with varying degrees of MD. All patients underwent total colonoscopy with assessment of endoscopic activity of diverticular inflammation using the Diverticular Inflammation and Complication Assessment (DICA) score. The clinical course of DD was evaluated according to the classification proposed by the German Society of Gastroenterology, Digestive and Metabolic Diseases and the German Society of General and Visceral Surgery in 2021. The microbiome analysis was conducted only in 172 patients who had the financial means to undergo this test. During endoscopic examination of the colon in all patients, mucosal biopsies were obtained from the diverticular orifice. Histological, histochemical, and immunohistochemical methods were used. The obtained digital indicators in the groups were analyzed using statistical methods.; Results: This study evaluated clinical, endoscopic, morphological, and microbiological characteristics of DD in patients with metabolic disorders. A recurrent course of diverticular inflammation was observed more frequently in patients with metabolic dysfunctions. Endoscopic assessment of inflammatory activity correlated with histological changes of colon mucosa and alterations in mucin expression (MUC2 and MUC4). Microbiological analysis revealed a reduction in butyrate-producing flora (Akkermansia muciniphila, Faecalibacterium prausnitzii) with predominance of Bacteroidetes in metabolic disorder patients.; Conclusions: The clinical, morphological, microbiological and endoscopic features of DD identified by the authors highlight pathophysiological links between metabolic dysfunction (DM, overweight, obesity) and DD progression.",Journal Article,,,,,,,ok
PMID:42151830,PubMed,42151830,https://pubmed.ncbi.nlm.nih.gov/42151830/,Short-term synbiotic supplementation and intrahepatic triglyceride content assessed by proton MR spectroscopy: a pilot study.,"Non-alcoholic fatty liver disease (NAFLD), recently redefined as metabolic dysfunction-associated steatotic liver disease (MASLD), is strongly linked to obesity, insulin resistance, and metabolic syndrome. Alterations in gut microbiota have been implicated in its pathogenesis, and synbiotic therapies combining probiotics and prebiotics have gained interest as potential treatment strategies.; To investigate the effects of 3-month synbiotic supplementation on intrahepatic triglyceride (IHTG) content as the primary outcome, along with biochemical parameters, in patients with NAFLD, assessed by proton magnetic resonance spectroscopy (¹H-MRS).; Nineteen patients diagnosed with NAFLD based on ultrasonography or biopsy were recruited; after exclusions, 18 patients completed the study. All participants received a daily synbiotic capsule containing Lactobacillus acidophilus (LA-5), Bifidobacterium animalis subsp. lactis (BB-12), and prebiotics (inulin, oligofructose, potato starch) for 12 weeks. IHTG was quantified by ¹H-MRS before and after treatment. Routine biochemical and hematological parameters were also evaluated.; After 12 weeks, IHTG content decreased significantly (13.02 ± 6.74% vs. 9.34 ± 4.44%, p = 0.021). Serum ALT (p = 0.023), AST (p = 0.013), and LDL cholesterol (p = 0.032) levels decreased significantly, while platelet count increased (p = 0.009). Fibrosis-4 Index (FIB-4) values also showed a significant reduction following treatment (p = 0.002). Body weight and BMI demonstrated a trend toward reduction without reaching statistical significance. Other biochemical parameters remained unchanged. Logistic regression analysis identified baseline triglyceride levels as the strongest predictor of steatosis progression despite therapy.; Short-term synbiotic supplementation significantly reduced hepatic steatosis and improved selected biochemical parameters in MASLD patients. These findings support the potential role of microbiota-targeted therapies as adjunctive treatment in NAFLD/MASLD. Larger randomized controlled trials are warranted.",Journal Article,,,,,,,ok
EUROPEPMC:39857762,PubMed,39857762,https://europepmc.org/article/MED/39857762,Malnutrition and Its Influence on Gut sIgA-Microbiota Dynamics.,"In the current era, malnutrition is seen as both undernutrition and overweight and obesity; both conditions are caused by nutrient deficiency or excess and improper use or imbalance in the intake of macro and micronutrients. Recent evidence suggests that malnutrition alters the intestinal microbiota, known as dysbiosis. Secretory immunoglobulin A (sIgA) plays an important role in maintaining and increasing beneficial intestinal microbiota populations and protecting against pathogenic species. Depletion of beneficial bacterial populations throughout life is also conditioned by malnutrition. This review aims to synthesize the evidence that establishes an interrelationship between diet, malnutrition, changes in the intestinal flora, and sIgA levels. Targeted nutritional therapies combined with prebiotic, probiotic, and postbiotic administration can restore the immune response in the intestine and the host's homeostasis.",Journal Article; Review,,,,,,,ok
EUROPEPMC:40299326,PubMed,40299326,https://europepmc.org/article/MED/40299326,Intestinal Microbiota Modulation by Fecal Microbiota Transplantation in Nonalcoholic Fatty Liver Disease.,"Numerous factors are involved in the pathogenesis of nonalcoholic fatty liver disease (NAFLD), which are responsible for its development and progression as an independent entity, but also thanks to their simultaneous action. This is explained by the hypothesis of multiple parallel hits. These factors are insulin resistance, lipid metabolism alteration, oxidative stress, endoplasmic reticulum stress, inflammatory cytokine liberation, gut microbiota dysbiosis or gut-liver axis activation. This is a systematic review which has an aim to show the connection between intestinal microbiota and the role of its disbalance in the development of NAFLD. The gut microbiota is made from a wide spectrum of microorganisms that has a systemic impact on human health, with a well-documented role in digestion, energy metabolism, the stimulation of the immune system, synthesis of essential nutrients, etc. It has been shown that dysbiosis is associated with all three stages of chronic liver disease. Thus, the modulation of the gut microbiota has attracted research interest as a novel therapeutic approach for the management of NAFLD patients. The modification of microbiota can be achieved by substantial diet modification and the application of probiotics or prebiotics, while the most radical effects are observed by fecal microbiota transplantation (FMT). Given the results of FMT in the context of metabolic syndrome (MetS) and NAFLD in animal models and scarce pilot studies on humans, FMT seems to be a promising treatment option that could reverse intestinal dysbiosis and thereby influence the course of NAFLD.",Journal Article; Review,,,,,,,ok
EUROPEPMC:40673005,PubMed,40673005,https://europepmc.org/article/MED/40673005,The role of probiotics in adolescents' obesity.,"The prevalence of adolescent obesity continues to rise globally, posing significant public health challenges by affecting both physical and psychological wellness and increasing the risk of metabolic diseases in adulthood. Probiotics may influence obesity through various mechanisms, including restoring gut microbiota balance, reducing chronic inflammation, modulating lipid metabolism, aiding in weight control, and improving metabolic health. This review aims to explore the mechanisms by which probiotics act as key modulators of obesity and summarize current findings from clinical trials involving probiotics in adolescent obesity. The large-scale, multicenter, long-term follow-up randomized controlled trials are necessary to determine the optimal probiotics strains, dosages, and treatment durations, as well as to assess their long-term efficacy and safety in the future. Through such rigorous studies, probiotics have the potential to become a safe, effective, and accessible adjunct in the comprehensive management of adolescent obesity, offering a more holistic approach to health management for this population.",Journal Article; Review,,,,,,,ok
EUROPEPMC:41030554,PubMed,41030554,https://europepmc.org/article/MED/41030554,,"Osteoporosis (OP) is a prevalent age-related skeletal disease. It is marked by compromised bone strength and higher fracture risk. Emerging evidence ties gut dysbiosis to OP development. Yet, the exact role of specific commensal bacteria remains unclear. Here, we review how Akkermansia muciniphila (A. muciniphila) affects bone metabolism. This mucin-degrading bacterium acts through three well-documented mechanisms: metabolite signaling, immune modulation, and gut-bone axis crosstalk. We also discuss emerging factors, such as host metabolic status, mechanical loading, and biomaterial applications. First, A. muciniphila produces short-chain fatty acids (SCFAs: acetate, propionate, butyrate), bile-acid metabolites, and vitamin K2. These substances boost Runx2-mediated osteoblast (OB) differentiation. They also suppress NF-κB-driven osteoclastogenesis. Second, the bacterium restores gut immune balance. It does so by expanding Foxp3+ regulatory T (Treg) cells and shifting macrophages toward an anti-inflammatory M2 phenotype. It also down-regulates IL-6, TNF-α, and RANKL signaling, thus limiting bone resorption. Third, via the gut-bone axis, A. muciniphila-derived extracellular vesicles (EVs) and miRNAs (e.g., miR-214-3p) enter the bloodstream. They strengthen intestinal barrier integrity, regulate calcium-phosphorus balance, and reduce systemic inflammation. Findings on A. muciniphila and bone health are conflicting. Some clinical and animal studies link higher abundance to better bone mass, with depletion worsening OP. Others, however, report negative correlations between A. muciniphila levels and bone mineral density (BMD) in separate cohorts. Most data come from pre-clinical models. Long-term human studies are scarce, and no clear causal links have been established. Future research should focus on randomized controlled trials. These trials need to define strain-specific effects, optimal doses, and safety profiles. The goal is to resolve these inconsistencies and turn A. muciniphila-based approaches into precise therapies for preventing and treating OP.",Journal Article; Review,,,,,,,ok
EUROPEPMC:41097469,PubMed,41097469,https://europepmc.org/article/MED/41097469,Effect of Probiotics Containing,"Cardiovascular diseases, driven significantly by dyslipidemia, remain a leading global mortality risk. Emerging evidence indicates that Lactobacillus plantarum (L. plantarum), which is a probiotic commonly used in a variety of food products, may contribute to the regulation of blood lipids, although prior studies report inconsistent efficacy and lack mechanistic clarity. This study aimed to evaluate the effects of L. plantarum supplementation on blood lipid profiles and explore its potential mechanisms through a systematic review, meta-analysis, and network pharmacology.; We performed a comprehensive literature search across PubMed, Cochrane Library, EMBASE, and other databases. Meta-analysis was performed using random-effects models to assess changes in total cholesterol (TC), triglycerides (TG), high-density lipoprotein cholesterol (HDL-C), and low-density lipoprotein cholesterol (LDL-C). Network pharmacology was employed to predict molecular targets and pathways.; Twenty-six randomized controlled trials (RCTS) involving 2104 participants were included. L. plantarum supplementation significantly reduced TC (SMD: -0.233; 95% CI: -0.458, -0.008; p = 0.042), TG (SMD: -0.227; 95% CI: -0.432, -0.021; p = 0.030), and LDL-C (SMD: -0.251; 95% CI: -0.477, -0.025; p = 0.029), but not HDL-C. Subgroup analyses revealed greater efficacy with interventions lasting >8 weeks and single-strain formulations. Network pharmacology analysis highlighted IL-17/TNF signaling pathway, bile secretion, and other pathways as key mechanisms and targets such as PPARG and MMP9 as key targets.; L. plantarum demonstrates significant lipid-lowering effects, particularly for TC, TG, and LDL-C, with sustained use and single-strain formulations yielding optimal outcomes. Mechanistically, it may modulate inflammation, oxidative stress, and lipid metabolism. These findings can support the development of a functional food and dietary supplement using L. plantarum to assist in the treatment of hyperlipidemia, though heterogeneity and strain-specific effects warrant further investigation.",Journal Article; Review,,,,,,,ok
EUROPEPMC:41120928,PubMed,41120928,https://europepmc.org/article/MED/41120928,A novel synbiotic formulation prevents calcium oxalate stones by restoring gut microbiota homeostasis.,"Calcium oxalate (CaOx) nephrolithiasis, a highly prevalent renal disorder, underscores an urgent demand for novel therapeutic strategies to prevent stone formation. Accumulating evidence has elucidated a robust link between renal CaOx stone formation and gut microbiota dysbiosis, suggesting microbial modulation as a potential therapeutic target. Recently, microbiome-targeted interventions, particularly synbiotic formulations, have demonstrated promising therapeutic efficacy in mitigating hyperoxaluria and preventing renal stone formation.; We developed a novel synbiotic formulation containing Lactiplantibacillus plantarum, Lacticaseibacillus casei, Bifidobacterium breve, and prebiotic galactooligosaccharides (GOS). Subsequently, the synbiotic or its individual components (multi-strain probiotic mixture or GOS) were administered to ethylene glycol (EG)-induced hyperoxaluric rats via daily oral gavage for 28 days. We found that the synbiotic formulation exhibited superior anti-nephrolithic activity compared to the multi-strain probiotic mixture or GOS alone, attributable to the synergistic effects of probiotic-prebiotic combinations. Remarkably, synbiotic supplementation not only significantly reversed the EG-induced reductions in gut microbiota richness and evenness, but also restored the microbiota architecture. Additionally, a significant increase was observed in the relative abundance of multiple beneficial genera implicated in short-chain fatty acids (SCFAs) production, including Prevotellaceae_Ga6A1_group, UCG_009, Candidatus_Saccharimonas, Prevotellaceae_UCG_001 and Phascolarctobacterium. Furthermore, synbiotic supplementation reduced systemic oxalate overload by alleviating intestinal barrier damage and modulating mucosal oxalate transporter expression.; Our findings demonstrate that synbiotic intervention effectively reverses EG-induced hyperoxaluria by reversing gut microbiota dysbiosis to modulate oxalate homeostasis. Thus, this study not only proposes a synbiotic formulation for nephrolithiasis prevention but also elucidates its mechanistic basis, offering potential therapeutic advancements in disease management.",Journal Article,,,,,,,ok
EUROPEPMC:41137026,PubMed,41137026,https://europepmc.org/article/MED/41137026,Akkermansia muciniphila: a microbial guardian against oxidative stress-gut microbiota crosstalk and clinical prospects.,"Akkermansia muciniphila (A. muciniphila), a mucin-degrading commensal bacterium predominant in the gut microbiota, establishes a multifaceted antioxidant defense system through its enzymatic machinery and bioactive metabolites. The bacterium maintains mucosal homeostasis via specialized mucinolytic enzymes while secreting functionally diverse components including SCFAs, outer membrane proteins (notably Amuc_1100), and extracellular vesicles (EVs). Mechanistically, Amuc_1100 enhances SOD activity and reduces oxidative damage markers such as MDA through TLR2/NF-κB pathway activation. SCFAs mediate systemic antioxidant responses via gut-organ axis communication, while EVs ameliorate intestinal barrier dysfunction through MAPK signaling pathway modulation. Clinically, A. muciniphila supplementation demonstrates therapeutic efficacy in improving insulin sensitivity in obese and type 2 diabetic patients, and shows potential in mitigating Parkinson's disease pathology by regulating α-synuclein oligomerization. Translational applications face several challenges, including strain-specific functional variations, host microenvironment dependencies, and potential risks of excessive mucin degradation. Recent advances in bioengineering approaches, particularly microencapsulation and biomimetic delivery systems, have significantly enhanced bacterial viability and targeted delivery. Future investigations should employ integrated multi-omics strategies to elucidate the intricate metabolic-immune-redox regulatory networks of A. muciniphila, facilitating its development as a precision therapeutic intervention.",Journal Article; Review,,,,,,,ok
EUROPEPMC:41200610,PubMed,41200610,https://europepmc.org/article/MED/41200610,Gut Microbiota-Directed Interventions in Type 2 Diabetes: A Systematic Review of Clinical Outcomes and Complication Risk.,"Type 2 diabetes mellitus is increasingly recognized as a disorder not only of glucose metabolism but also of gut microbial imbalance, with emerging evidence suggesting a bidirectional link between microbiome composition and metabolic dysfunction. Recent randomized controlled trials and dietary interventions highlight that specific microbial taxa, such as butyrate-producing bacteria and Akkermansia muciniphila, play crucial roles in regulating insulin sensitivity, lipid metabolism, and systemic inflammation. Modulation of the gut-metabolic axis through probiotics, prebiotics, dietary strategies, and pharmacological agents demonstrates promising effects on glycemic control, cardiometabolic risk reduction, and attenuation of diabetes-related complications, though results vary across populations and intervention types. The variability in outcomes underscores the importance of personalized approaches, where baseline microbiota signatures may dictate therapeutic response. Despite encouraging findings, many studies remain limited by short duration, small sample size, and heterogeneity in microbiome analysis methods. This review synthesizes current evidence, highlights mechanistic insights linking microbial shifts to metabolic benefits, and identifies gaps in the literature. By doing so, it emphasizes the potential of microbiome-directed therapies as adjunctive strategies in the prevention and management of type 2 diabetes and its complications.",Journal Article; Review,,,,,,,ok
EUROPEPMC:41269489,PubMed,41269489,https://europepmc.org/article/MED/41269489,Effect of host and gut microbiota-altering interventions on sarcopenia or its defining parameters: a systematic review and meta-analysis of nutrition-based intervention studies.,"To investigate effects of host- and gut microbiota (GM)-altering interventions on sarcopenia (parameters).; Upon PROSPERO registration (CRD42022347363), six databases and one registry were searched until January 5th 2024 and updated on June 10th 2025 for diet, pre-, pro-, or synbiotics mono-interventions in populations with mean age ≥ 50 years. (Standardized) mean differences (SMD) and 95% confidence intervals (CI) were computed using random-effects models if heterogeneity was > 50%. Risk of bias (Rob) & GRADE assessments were carried out to assess the evidence' quality and certainty.; The qualitative analysis included 38 diet, 13 prebiotics, 11 probiotics and 1 synbiotics studies, totaling 4842 participants (59%♀), mostly of high RoB. The quantitative analysis included 49 studies. Probiotics improved muscle strength by 1.90 kg and gait speed by 0.08 m/s. Fiber (whole-food)-enriched diets improved muscle strength with 1.25 kg and energy-restricted diets, aimed at weight loss, improved muscle mass if mean age was < 60 years and if the intervention lasted no longer than 12 weeks. High-protein diets improved muscle mass in women and if the intervention lasted at least 12 weeks. Studies involving participants with sarcopenia were only included in the qualitative analysis, since none provided sufficient data to allow a quantitative synthesis.; Fiber (whole food)-enriched diets and probiotics improve muscle strength. The latter intervention also improves gait speed. High-protein diets improve muscle mass in women and with intervention durations ≥ 12 weeks. Future studies should include fecal sampling to assess whether GM modulate the observed effects.; Specific diets and probiotics offer potential to improve sarcopenia parameters.",Journal Article; Systematic Review; Meta-Analysis,,,,,,,ok
EUROPEPMC:41295220,PubMed,41295220,https://europepmc.org/article/MED/41295220,Impact of Reducing Obesity in PCOS: Methods and Treatment Outcomes.,"Obesity has become increasingly prevalent, impacting up to 41 percent of women in the United States between 2021 and 2023, leading to a rise in short- and long-term adverse health events. With regard to reproductive health, obesity is associated with menstrual irregularities, poorer reproductive and obstetric outcomes, and an increased risk of endometrial cancer. Obesity can lead to hyperandrogenism and anovulation, which is consistent with polycystic ovarian syndrome (PCOS). The prevalence of obesity is higher in women with PCOS compared to the general population. Although PCOS increases the risk of obesity, not all women with PCOS are obese, and not all women with obesity develop PCOS. However, individuals with both PCOS and obesity often present with a more extreme phenotype, with increased risk of chronic anovulation, glucose intolerance, dyslipidemia, metabolic syndrome, vitamin D deficiency, and decreased fertility. Therefore, weight loss is the backbone of patient management in women with obesity and PCOS, and is associated with improvement in cardiovascular risk, as well as improvement in menstrual cycles, ovulation, and pregnancy rate. Lifestyle modifications are often the first-line intervention, with data supporting low glycemic index diets, including ketogenic and DASH diets, along with vitamin D supplementation to improve hormonal imbalances, insulin sensitivity, and menstrual cycles in those who do not have normal vitamin D levels. Furthermore, with the recent widespread adoption of newer FDA-approved medications for weight loss, including GLP-1 (glucagon-like peptide) receptor agonists, new data are emerging regarding the impact of PCOS and longer-term cardiovascular risk. The treatment of PCOS requires a personalized approach, with consideration of a patient's reproductive goals, tolerance of risk, and acceptance of behavioral and financial commitments, as well as consideration of other medical comorbidities. This narrative review explores different weight loss treatment options, comparing lifestyle modifications (including diet, physical activity, mindfulness, stress management, and cognitive behavioral training), weight loss medications, and bariatric surgery and their respective impact on PCOS to assist clinicians in guiding their patients towards an effective, individualized intervention.",Journal Article; Review,,,,,,,ok
EUROPEPMC:41308055,PubMed,41308055,https://europepmc.org/article/MED/41308055,Oral Methods of Microbiota Manipulation for Depression Symptoms: A Systematic Review: Méthodes orales de manipulation du microbiote pour traiter les symptômes de dépression : Une revue systématique.,"ObjectiveThe effectiveness of current treatment options for depressive symptoms has been widely investigated with acknowledgment that some patients were either not adequately responding to treatment, finding the existing treatment intolerable, or otherwise prefer alternative options. There is increasing interest in microbiota modulation as an alternate form of depression treatment, with a growing number of trials and reviews on the subject published in the last five years. This systematic review aimed to analyze all completed randomized control trials (RCTs) that assessed depression symptoms in adults not using antidepressants, before and after oral methods of microbiota manipulation.MethodAll completed parallel-arm RCTs that assessed depression symptoms in adult participants before and after oral methods of microbiota manipulation were retrieved from four databases, MEDLINE, Embase, PsycINFO, and Cochrane Central Register of Controlled Trials. Data on study and intervention characteristics as well as RCT conclusions were collected independently and in duplicate, and each study's findings were summarized individually. Risk of bias was completed.ResultsWe included 66 RCTs in our review, 34 of which concluded significant differences between the intervention and control group in depressive symptom using different interventions and measures. Of the 66 trials, 54 used probiotic interventions, seven used prebiotic, eight used synbiotic and two used oral fecal microbiota transplantation. Wide variation was observed in studies' design, intervention composition and consumption methods across all 66 RCTs. No statistical synthesis or meta-analyses were possible due to the wide variety of interventions, measures and outcomes.ConclusionsThe heterogeneity of the existing RCTs did not allow for concrete conclusions on whether oral microbiota manipulation interventions are viable alternative treatment options for adults experiencing depression symptoms. We encourage the development of standardized guidelines for the design and reporting of microbiota studies in depression for the possibility of future intervention efficacy testing.",Journal Article; Review,,,,,,,ok
EUROPEPMC:41377642,PubMed,41377642,https://europepmc.org/article/MED/41377642,"Gut Microbiome and Cardiovascular Health: Mechanisms, Therapeutic Potential and Future Directions.","The gut microbiome has a crucial role in host metabolism and immune regulation, and there is growing evidence that dysbiosis may be associated with the pathogenesis of cardiovascular disease (CVD). This narrative review provides an overview of the recent literature on mechanistic connections between the gut and heart, as well as on the therapeutic strategies and research gaps in the gut-heart axis.; We conducted a systematic literature search on PubMed and Embase databases with MeSH and keyword terms: 'gut microbiome', 'cardiovascular disease', 'TMAO', 'short-chain fatty acids', 'probiotics' and 'faecal microbiota transplantation'. We considered human and relevant animal studies focusing on mechanistic pathways or microbiome treatments and excluded editorials, small (less than 10 subjects) case series and articles not published in the English language.; Key microbiota-derived metabolites, trimethylamine N-oxide (TMAO) and short-chain fatty acids (SCFAs), contribute to atherogenesis, blood pressure and myocardial inflammation. Dysbiosis-induced barrier dysfunction and disturbed bile acid signalling also serve as the mediators of cardiac remodelling. Dietary fibre, probiotics/prebiotics, postbiotics and faecal microbiota transplantation are emerging interventions for the modulation of CVD risk. Nevertheless, most result from observational studies, whilst such are heterogeneous in sequencing platforms and too small to draw any definitive conclusions.; The modulation of gut microbiome might be a new target for CVD prevention and treatment. Large-scale, standardized randomized trials with hard cardiovascular endpoints, as well as integrated multi-omics profiling, will be required to validate microbial biomarkers and to optimize microbiome-based interventions.",Journal Article; Review,,,,,,,ok
EUROPEPMC:41488302,PubMed,41488302,https://europepmc.org/article/MED/41488302,"Mechanisms of gut microbiota in host fat deposition: metabolites, signaling pathways, and translational applications.","Obesity and metabolic diseases are global health challenges, with gut microbiota playing a critical role in host fat deposition through symbiotic interactions. In recent years, the gut microbiota, as an important factor regulating fat deposition, has received widespread attention. Numerous studies have confirmed that gut microbes influence host fat accumulation by regulating energy metabolism, inflammatory response, and gut barrier function. In this review, we summarized the key roles of gut microbial metabolites, including short-chain fatty acids (SCFAs), bile acids, tryptophan metabolites, lipopolysaccharides (LPS), branched-chain amino acids (BCAAs), and trimethylamine N-oxide (TMAO) in host epigenetic regulation and lipid metabolism, and explored their regulatory mechanisms through mediated signaling pathways, including Wnt/β-catenin signaling pathway, transforming growth factor beta/SMAD3 pathway (TGF-β/SMAD3), peroxisome proliferator-activated receptor gamma (PPARγ), CCAAT/enhancer-binding protein alpha (C/EBPα), and nuclear factor kappa-light-chain-enhancer of activated B cells (NF-κB). In terms of translational applications, we described the research progress and application potentials of intervention strategies, such as probiotics, prebiotics, synbiotics, postbiotics, and fecal transplantation in obesity control and animal production. Finally, we proposed the current bottlenecks and translational challenges in obesity control by precision nutrition and microecological intervention, and look forward to future directions. This review provides a theoretical basis for the in-depth understanding of the interactions between gut microbiota and host metabolism, and serves as a reference for the prevention and control of metabolic diseases by developing nutritional intervention strategies for animals.",Journal Article; Review,,,,,,,ok
EUROPEPMC:41516240,PubMed,41516240,https://europepmc.org/article/MED/41516240,From Gut Dysbiosis to Skin Inflammation in Atopic Dermatitis: Probiotics and the Gut-Skin Axis-Clinical Outcomes and Microbiome Implications.,"Atopic dermatitis (AD) is a chronic inflammatory skin disease in which barrier impairment, immune dysregulation, and gut-skin dysbiosis intersect, prompting growing interest in probiotics as microbiota-modulating adjuncts. We conducted a narrative review of peer-reviewed articles indexed in PubMed, Scopus, and Google Scholar, restricted to publications from 1 January 2018 to 31 October 2025 (searches last run in December 2025). Eligible evidence included randomized controlled trials (RCTs), observational studies, and mechanistic or conceptual reviews addressing microbiome alterations and microbiota-modulating interventions in AD. Most pediatric RCTs using multistrain, Lactobacillus-dominant formulations (often combined with Bifidobacterium) reported modest improvements in AD severity and pruritus and in selected barrier- and inflammation-related biomarkers. However, direct cutaneous microbiome ""restoration"" outcomes were reported in a minority of studies, and most clinical evidence relies on clinical endpoints and gut-skin axis plausibility rather than longitudinal skin microbiome readouts. Single-strain regimens showed inconsistent effects, and evidence in adolescents and adults remained heterogeneous. Mechanistically, probiotics may enhance short-chain fatty acid (SCFA) signaling, dampen toll-like receptor 2/4 (TLR2/4)-nuclear factor kappa B (NF-κB) activation, and promote interleukin-10 (IL-10)- and transforming growth factor-β (TGF-β)-driven tolerance. Probiotics are a biologically plausible adjunct targeting the gut-skin axis in AD and are generally well tolerated; however, heterogeneity across trials, limited follow-up, inconsistent adverse-event reporting, and scarce skin microbiome endpoints preclude firm clinical recommendations.",Journal Article; Review,,,,,,,ok
EUROPEPMC:41584842,PubMed,41584842,https://europepmc.org/article/MED/41584842,β-cell heterogeneity and molecular plasticity in type 2 diabetes: multi-omics perspectives and the role of gut microbiota.,"Type 2 diabetes (T2D) is a complex metabolic disorder characterized by systemic insulin resistance and progressive deterioration of pancreatic β-cell function. Advances in single-cell transcriptomics, epigenomics, and spatial transcriptomics have delineated marked β-cell heterogeneity, revealing subpopulations with differential secretory capacity, stress resilience, and vulnerability to metabolic and immune-mediated insults. These high-resolution approaches have further identified disease-associated alterations in other islet endocrine cells, as well as in immune, stromal, and exocrine pancreatic compartments, highlighting the central role of intercellular signaling in T2D pathogenesis. Concurrently, microbiome research has elucidated mechanisms by which gut microbial composition and metabolic activity modulate glucose homeostasis and β-cell function through immunoregulatory pathways, maintenance of epithelial barrier integrity, and enteroendocrine signaling, notably via glucagon-like peptide-1 (GLP-1). Therapeutic strategies targeting the gut microbiota include conventional probiotics, prebiotics, and fecal microbiota transplantation, alongside emerging synthetic biology approaches employing genetically engineered probiotic strains to deliver bioactive molecules, including GLP-1, directly in the gut microenvironment. This review integrates current multi-omics and experimental evidence to provide a comprehensive framework for understanding β-cell molecular plasticity, microbiota-mediated metabolic regulation, and their intersection as potential therapeutic targets. Such integrative approaches offer prospects for the development of precision interventions aimed at preserving or restoring β-cell function in T2D.",Journal Article; Review,,,,,,,ok
PMID:39503979,PubMed,39503979,https://pubmed.ncbi.nlm.nih.gov/39503979/,Synbiotic Effects of Lacticaseibacillus paracasei K56 and Prebiotics on the Intestinal Microecology of Children with Obesity.,"Lacticaseibacillus paracasei K56 (L. paracasei K56) is a probiotic with weight-loss effects. However, symbiosis research on the combined effects of Lacticaseibacillus paracasei K56 and prebiotics is lacking. Therefore, the aim of this study was to investigate the effects of L. paracasei K56, xylooligosaccharide (XOS), galactooligosaccharide (GOS), polyglucose (PG), and their synbiotic combinations (XOS + K56, GOS + K56, and PG + K56) on metabolism and gut composition in children with obesity, using an in vitro fermentation model. Fecal samples were collected from 14 children with obesity for in vitro fermentation, and the effects of the various treatments in gas production and short chain fatty acid synthesis (SCFAs) were assessed. Treatment with probiotics, prebiotics, and synbiotics regulated gut microbiota and metabolites in children with obesity. GOS and XOS had higher degradation rates than PG + K56 synbiotics in the gut microbiota of children with obesity. Moreover, treatment with XOS, GOS, and their synbiotic combinations, (XOS + K56) and (GOS + K56), significantly reduced the production of gas, propionic acid, and butyric acid compared with PG + K56 treatment. Treatments with GOS + K56 and XOS + K56 altered the composition of the gut microbiota, improved the abundance of Bifidobacteria and Lactobacilli, and reduced the abundance of Escherichia/Shigella. Overall, this study provides a theoretical foundation for the use of K56-based synbiotics.",Journal Article,,,,,,,ok
PMID:39914371,PubMed,39914371,https://pubmed.ncbi.nlm.nih.gov/39914371/,Breastfeeding and Health Benefits for the Mother-Infant Dyad: A Perspective on Human Milk Microbiota.,"Current scientific research on breastfeeding provides substantial evidence of its numerous positive impacts, not only for children in both the short and long term but also for mothers who engage in breastfeeding.; In addition to the gold standard effect of human milk on infant nutrition, breastfeeding is associated with a lower incidence of infections, reduced infant/childhood mortality, necrotizing enterocolitis, and obesity during childhood and later in life, better cognitive performance, and a higher IQ score. For mothers, breastfeeding prolongs lactational amenorrhea, may facilitate postpartum weight loss, and may reduce breast and ovarian cancers and cardiovascular diseases. Breastfeeding can also play a beneficial role in preventing antibiotic resistance, which is a global concern across all age groups. Implementing exclusive breastfeeding for all infants has the potential to enhance child development and decrease healthcare expenses, leading to economic savings for both individual families and society. Human milk is a biologically active food that functions as both prebiotic and probiotic because of its oligosaccharides and the composition of its microbiota, which act as synergistic synbiotics.",Journal Article; Review,,,,,,,ok
PMID:40025880,PubMed,40025880,https://pubmed.ncbi.nlm.nih.gov/40025880/,Epigenomic mechanisms of dietary prescriptions for obesity therapy.,"Dietary modification is a cornerstone and a primary goal for weight loss, whose effects may be related to epigenetic phenomena. In this literature review, a comprehensive search without time restriction was performed in PubMed/Medline, Cochrane, SciELO, and Scopus databases to identify epigenetic signatures related to obesity outcomes upon dietary advice. In this context, experimental studies and clinical trials have identified certain DNA methylation marks, miRNA expression profiles and histone modifications putatively associated with adiposity outcomes after different nutritional interventions. These include traditional dietary patterns, diets with different macronutrient compositions, and supplementation with fatty acids, amino acids and derivatives, methyl donors, vitamins and minerals, probiotics and prebiotics, and bioactive food compounds. Some of these epigenetic signatures have been mapped to genes involved in food intake control, adipogenesis, lipolysis, fatty acid oxidation, body fat deposition, and gut microbiota modulation. However, additional studies are still required to address dosage and follow-up variability, validation of epigenetic marks, genome-wide approaches, and appropriate statistical settings. Although more investigation is required, these insights may contribute to the characterization of epigenetic biomarkers of body weight regulation toward the prescription of tailored dietary strategies targeting the epigenome for a more precise obesity management and control.",Journal Article; Review,,,,,,,ok
PMID:40284712,PubMed,40284712,https://pubmed.ncbi.nlm.nih.gov/40284712/,"Prebiotic Effects of Insoluble Konjac Glucomannan Derived from Edible ""Konnyaku"" on Weight Control.","Obesity is a major global health issue, and novel dietary approaches are needed for prevention and management. This study investigates the effect of insoluble konjac glucomannan (iKGM) derived from edible konnyaku, a traditional Japanese food, on weight gain suppression in mice. Mice treated with iKGM showed increased fecal volume, reduced food intake, and suppressed weight gain (Day 21; p < 0.01). This weight-suppression effect was prebiotic rather than physical properties of iKGM, as antibiotic treatment abolished the weight-suppressing effect despite increased fecal volume. iKGM treatment altered the gut microbiota, notably increasing Akkermansia muciniphila (Day 21; p < 0.01), a bacterium associated with weight loss, along with elevated levels of short-chain fatty acids (SCFAs) such as butyrate and propionate (Day 21; p < 0.01). Furthermore, iKGM-induced weight suppression was linked to elevated leptin levels (Day 21; p < 0.01), an appetite suppressant induced by SCFAs. These results suggest that iKGM modulates gut microbiota, increases A. muciniphila, induces leptin production, and reduces food intake, inhibiting weight gain. This study indicates that iKGM may represent a promising approach for obesity prevention through gut microbiota modulation. Future research should investigate the mechanisms of iKGM's effects on microbiota and explore its long-term safety and efficacy in clinical trials.",Journal Article,,,,,,,ok
PMID:40572100,PubMed,40572100,https://pubmed.ncbi.nlm.nih.gov/40572100/,Alleviation of Adipose Tissue Inflammation and Obesity Suppression by a Probiotic Strain That Induces GLP-1 Secretion.,"Glucagon-like peptide-1 (GLP-1) is a hormone secreted from enteroendocrine cells that can promote weight loss and blood glucose improvement. We screened probiotic strains that effectively stimulate GLP-1 secretion from human enteroendocrine cells and then investigated the efficacy of this strain in a high-fat diet (HFD)-induced mouse model of obesity. Lactiplantibacillus plantarum GB104 greatly induced GLP-1 secretion by increasing expression of the proglucagon gene (GCG), but not the proprotein convertase subtilisin/kexin type 1 gene (PCSK1) in the human enteroendocrine cell line NCI-H716. In an HFD-induced mouse model of obesity, GB104 inhibited weight gain and improved blood glucose levels by increasing blood GLP-1 levels. It also tended to attenuate the HFD-induced changes in blood levels of other hormones and suppressed fat accumulation in the liver and adipose tissues. In white adipose tissue, GB104 suppressed inflammation by reducing pro-inflammatory M1 macrophages and increasing anti-inflammatory M2 macrophages and regulatory T cells. Probiotic strains that promote GLP-1 secretion, such as GB104, may serve as a promising candidate for dietary intervention against obesity and metabolic diseases.",Journal Article,,,,,,,ok
PMID:40642833,PubMed,40642833,https://pubmed.ncbi.nlm.nih.gov/40642833/,Quantitative analysis of the efficacy characteristics and influencing factors of weight loss drugs in children and adolescents.,"This study fills a gap in the current guidelines for paediatric obesity treatment by providing quantitative data and comparing the effectiveness of weight loss drugs in children and adolescents with that in adults. Researchers developed a pharmacodynamic model to evaluate the efficacy and influential factors of various weight loss drugs.; A systematic search of public databases was performed to include randomized placebo-controlled clinical studies on pharmacological treatment of obesity in children and adolescents. Efficacy characteristics of different weight-loss medications and their influencing factors were characterized by constructing time-course and covariate models, and performing subgroup analyses. These were then compared with efficacy models for adult patients to investigate differences in drug effectiveness between the two age groups.; A comprehensive review of 31 articles involving 1723 participants from public databases was conducted. The analysis demonstrated that baseline Body Mass Index (BMI) significantly affected weight loss outcomes. To control for study variations, baseline BMI values were standardised to a median of 35.3 kg/m2, and placebo effects were removed to accurately determine drug efficacy. After these adjustments, mean weight reductions at 56 weeks (95% CI) were observed for semaglutide, phentermine-topiramate (PT), sibutramine, probiotics, orlistat, metformin and GLP-1 receptor agonists such as liraglutide, exenatide and dulaglutide, with losses of 12.55 (10.17-16.19), 10.16 (8.06-12.30), 5.86 (4.10-7.62), 3.23 (1.11-5.36), 2.66 (2.06-3.28), 2.29 (0.26-4.37), and 1.93 (1.17-2.72) kg, respectively. Drugs took 32.9-47.8 weeks to achieve their efficacy plateau, with GLP-1 receptor agonists acting most rapidly. No significant differences in drug effectiveness were found between children/adolescents and adults for semaglutide, liraglutide, orlistat and high-dose PT (15/92 mg). Notably, low-dose PT (7.5/56 mg) was more effective in the paediatric population. Subgroup analyses indicated that GLP-1 receptor agonists and orlistat were particularly effective in patients with non-metabolic forms of obesity, and drugs were more efficacious in males.; This study provides key quantitative evidence to inform the use of weight-loss medications in treating obesity in the paediatric demograph.",Journal Article; Systematic Review; Meta-Analysis,,,,,,,ok
PMID:40772014,PubMed,40772014,https://pubmed.ncbi.nlm.nih.gov/40772014/,"Erchen Decoction Offers Health Benefits in Regulating Obesity: Component Analysis, Network Pharmacology, and Experiment Verification.","Erchen Decoction (ECT) is composed of six plants and fruits, with potential for treating metabolic diseases. However, its regulatory effects and material basis on simple obesity have not been reported. In this study, we predicted potential targets and pathways of ECT intervention on simple obesity through component analysis and network pharmacology. Subsequently, the predicted targets and regulatory pathways were validated via animal experiments. A total of 93 compounds were identified in ECT and 221 overlapping potential targets were identified between ECT and obesity. KEGG enrichment analysis revealed that the regulatory pathways of ECT may involve lipid metabolism, oxidative stress regulation, and immune modulation. Molecular docking experiments demonstrated that the main components of ECT, including Sachaliside, Naringenin, Liquiritigenin, maclurin, and Rhapontigenin, exhibited strong binding affinities with oxidative stress and immune markers. Animal experiments demonstrated that ECT has significant potential for weight loss and lipid-lowering effects, especially mitigating hepatic oxidative stress and systemic inflammation through the LPS-TLR4/MyD88/NF-κB signaling pathway. This study provides fundamental data for the further development of ECT as a potential functional food for regulating simple obesity.",Journal Article,,,,,,,ok
PMID:40772021,PubMed,40772021,https://pubmed.ncbi.nlm.nih.gov/40772021/,The Effect of Probiotics on the Improvement of Body Weight and Fat.,"This study aimed to investigate the effects of Lactiplantibacillus plantarum (L. plantarum) ST-Ⅲ and oats supplementation on high-fat diet (HFD)-induced obesity in rats, focusing on changes in body weight, organ/fat tissue weights, inflammatory markers, serum parameters, and gut microbiota composition. Male Sprague-Dawley rats (n ≥ 6/group) were fed a normal diet (ND) or HFD for 9 weeks to establish obesity. Then, HFD-fed rats were divided into four groups: HFD + ST-Ⅲ, ND + ST-Ⅲ, HFD + Oats, and ND + Oats, receiving daily oral gavage of ST-III (1.5 × 109 CFU/rat) or oats for another 9 weeks. Body weight, serum lipids, cytokines (e.g., IL-6, PYY, and MCP-1), liver histopathology, and gut microbiota were analyzed. Notably, weight loss is primarily influenced by diet, and better results can be achieved by controlling diet in combination with new edible L. plantarum ST-Ⅲ in promoting weight loss. L. plantarum ST-Ⅲ reduced the levels of the factors CORT and MCP-1, thereby potentially promoting weight loss. The ST-Ⅲ group showed earlier weight reduction (significant at Week 2) than the oats group (at Week 6). Gut microbiota analysis revealed differential abundances of Lactiplantibacillus, Blautia, and Prevotella between intervention groups. No significant differences in liver or organ weights were observed. L. plantarum ST-Ⅲ and oats attenuated HFD-induced obesity by modulating metabolic parameters, inflammation, and gut microbiota. ST-Ⅲ exhibited quicker anti-obesity effects, while oats enhanced probiotic growth. Dietary structure improvement remains critical for weight management. Further studies should address stress-related experimental limitations and explore clinical applications.",Journal Article,,,,,,,ok
PMID:40895654,PubMed,40895654,https://pubmed.ncbi.nlm.nih.gov/40895654/,Recent Trends in the Prevention and Management of Obesity Among Adults: A Systematic Review.,"Obesity has become a challenging public health concern because of its several health consequences. This systematic review aimed to explore recent trends in the prevention and management of obesity among adults. This systematic review was conducted following the guidelines of the Preferred Reporting Items for Systematic Reviews and Meta-Analysis (PRISMA). The literature search encompassed extensive databases like PubMed, ScienceDirect, and Cochrane Library for the last ten years, from 2015 to 2025. The quality of the included studies was evaluated using the appropriate tools according to the study design. The synthesis and data analysis included a summary of study characteristics, interventions, outcomes measured, and main study results/conclusions. Sample sizes in the included studies ranged from 21 to 4047 participants. Pharmacological interventions, such as glucagon-like peptide-1 receptor agonists, demonstrated significant and sustained weight loss and improved cardiometabolic risk factors. Exercise interventions were shown to improve aerobic capacity, body composition, and blood pressure. Time-restricted eating, especially when combined with resistance training, proved effective for fat loss and maintaining muscle mass. Bariatric surgery resulted in significant weight loss, increased diabetes remission, and reduced incidence of diabetes-related complications. Additionally, the use of probiotics may aid in weight management by controlling body fat mass and reducing waist circumference. Combination therapies, such as weight loss programs incorporating both aerobic and resistance exercise, were found to be the most effective in reducing ectopic fat and improving physical and metabolic function. This systematic review highlights the multifaceted nature of obesity prevention and management among adults, emphasizing the effectiveness of diverse interventions like pharmacological agents, exercise therapy, dietary management, and surgical management such as bariatric surgery.",Journal Article; Review,,,,,,,ok
PMID:41003008,PubMed,41003008,https://pubmed.ncbi.nlm.nih.gov/41003008/,Dietary Modulation of Metabolic Health: From Bioactive Compounds to Personalized Nutrition.,"Metabolic health is a dynamic equilibrium influenced by diet and lifestyle. This review synthesizes evidence on how specific dietary patterns and bioactive nutrients modulate metabolic disorders. Diets like the Mediterranean and DASH plans consistently improve cardiometabolic markers: a Mediterranean diet can halve metabolic syndrome prevalence (~52% reduction) in as little as 6 months, while the DASH diet typically lowers systolic blood pressure by ~5-7 mmHg and modestly improves lipid profiles (LDL-C by ~3-5 mg/dL). Plant-based diets (vegetarian/vegan) are associated with lower BMI, improved insulin sensitivity, and reduced inflammation. Ketogenic diets induce rapid weight loss (~12% body weight vs. 4% on control diets) and improve glycemic control (reducing HbA1c and triglycerides), though long-term effects (elevated LDL) warrant caution. Bioactive compounds present in these diets play critical roles: polyphenols improve insulin signaling and reduce oxidative stress (resveratrol supplementation reduced HOMA-IR by ~0.5 units and fasting glucose by ~0.3 mmol/L); omega-3 fatty acids (fish oil) reduce triglycerides by ~25-30% and inflammation; and probiotic interventions modestly enhance glycemic control (lowering HOMA-IR and HbA1c) and gut health. Personalized nutrition approaches, which account for genetic and microbiome differences, are emerging to maximize these benefits. In conclusion, evidence-based dietary strategies rich in fiber, unsaturated fats, and phytochemicals can substantially improve metabolic health outcomes, underscoring the potential of tailored nutrition in preventing and managing obesity-related metabolic disorders.",Journal Article; Review,,,,,,,ok
PMID:41373754,PubMed,41373754,https://pubmed.ncbi.nlm.nih.gov/41373754/,,"The root of metabolic disease lies in the gastrointestinal tract, where nutrient absorption occurs. Within this environment, a diverse community of microorganisms exerts effects that extend beyond the intestinal barrier. Akkermansia muciniphila (A. muciniphila), one such bacterium, has been associated with enhanced intestinal integrity, reduced intestinal inflammation, weight loss, and improved insulin sensitivity, mediated through mucus fermentation, production of short-chain fatty acids (SCFAs), bacterial proteins, and extracellular vesicles (EVs). Research in this field is promising, yet far from perfect. Its clinical applicability remains limited by factors such as strain variability, scarcity of human intervention studies, and the lack of established causality. While associations have been consistently observed in both rodent and human studies, causality has thus far been demonstrated only in animal models. This issue is of critical importance, as metabolic disease remains highly prevalent, carries systemic consequences, and imposes a substantial burden on healthcare systems, underscoring the urgent need for alternative therapeutic strategies. The aim of this narrative review is to synthesize current knowledge on A. muciniphila and to highlight the key limitations consistently reported in the literature. By addressing these factors, the review seeks to provide realistic perspectives on its therapeutic potential and to outline directions for future research.",Journal Article; Review,,,,,,,ok
PMID:41393538,PubMed,41393538,https://pubmed.ncbi.nlm.nih.gov/41393538/,The Obesity Drug Revolution: New Frontiers in Pharmacotherapy.,"Obesity is the most prevalent condition in high-income nations, primarily associated with increased risk of diabetes, cardiovascular disease (CVD), hypertension, and hyperlipidemia. Lifestyle modifications are a key determinant in non-pharmacological management that includes a combination of nutritional therapy, a low-calorie diet, and exercise. Earlier, anti-obesity drugs had been withdrawn from the market due to their safety profiles with cardiovascular and neuropsychiatric toxicity. The current FDA-approved pharmacotherapy consists of orlistat, setmelanotide, phentermine-topiramate, naltrexone-bupropion, liraglutide, semaglutide, and tirzepatide. Among these, semaglutide has a better clinical and regulatory profile with the feasibility of dosing and frequency. Orforglipron, a non-peptide oral glucagon-like peptide-1 receptor agonist, offers parenteral efficacy with convenient dosing. Probiotics, prebiotics, and fecal microbiota transplantation promote moderate weight loss by regulating metabolism and inflammation. Mitochondrial uncouplers help energy utilization rather than appetite regulation, which focuses on metabolic efficiency. A few challenges in obesity management are financial barriers, weight-promoting medications, inadequate obesity training, discomfort with prescribing, and lack of reimbursement. Innovative therapeutic approaches, multidisciplinary care, and a patient-centered plan are required for better clinical outcomes. This review highlights the current and emerging therapies designed to enhance long-term outcomes in obesity care.",Journal Article; Review,,,,,,,ok
EUROPEPMC:38534735,PubMed,38534735,https://europepmc.org/article/MED/38534735,Microbial-Based Bioactive Compounds to Alleviate Inflammation in Obesity.,"The increased prevalence of obesity with several other metabolic disorders, including diabetes and non-alcoholic fatty liver disease, has reached global pandemic proportions. Lifestyle changes may result in a persistent positive energy balance, hastening the onset of these age-related disorders and consequently leading to a diminished lifespan. Although suggestions have been raised on the possible link between obesity and the gut microbiota, progress has been hampered due to the extensive diversity and complexities of the gut microbiota. Being recognized as a potential biomarker owing to its pivotal role in metabolic activities, the dysregulation of the gut microbiota can give rise to a persistent low-grade inflammatory state associated with chronic diseases during aging. This chronic inflammatory state, also known as inflammaging, induced by the chronic activation of the innate immune system via the macrophage, is controlled by the gut microbiota, which links nutrition, metabolism, and the innate immune response. Here, we present the functional roles of prebiotics, probiotics, synbiotics, and postbiotics as bioactive compounds by underscoring their putative contributions to (1) the reduction in gut hyperpermeability due to lipopolysaccharide (LPS) inactivation, (2) increased intestinal barrier function as a consequence of the upregulation of tight junction proteins, and (3) inhibition of proinflammatory pathways, overall leading to the alleviation of chronic inflammation in the management of obesity.",Journal Article; Review,,,,,,,ok
EUROPEPMC:38732619,PubMed,38732619,https://europepmc.org/article/MED/38732619,Insights into the Anti-Adipogenic and Anti-Inflammatory Potentialities of Probiotics against Obesity.,"Functional foods with probiotics are safe and effective dietary supplements to improve overweight and obesity. Thus, altering the intestinal microflora may be an effective approach for controlling or preventing obesity. This review aims to summarize the experimental method used to study probiotics and obesity, and recent advances in probiotics against obesity. In particular, we focused on studies (in vitro and in vivo) that used probiotics to treat obesity and its associated comorbidities. Several in vitro and in vivo (animal and human clinical) studies conducted with different bacterial species/strains have reported that probiotics promote anti-obesity effects by suppressing the differentiation of pre-adipocytes through immune cell activation, maintaining the Th1/Th2 cytokine balance, altering the intestinal microbiota composition, reducing the lipid profile, and regulating energy metabolism. Most studies on probiotics and obesity have shown that probiotics are responsible for a notable reduction in weight gain and body mass index. It also increases the levels of anti-inflammatory adipokines and decreases those of pro-inflammatory adipokines in the blood, which are responsible for the regulation of glucose and fatty acid breakdown. Furthermore, probiotics effectively increase insulin sensitivity and decrease systemic inflammation. Taken together, the intestinal microbiota profile found in overweight individuals can be modified by probiotic supplementation which can create a promising environment for weight loss along enhancing levels of adiponectin and decreasing leptin, tumor necrosis factor (TNF)-α, interleukin (IL)-6, monocyte chemotactic protein (MCP)-1, and transforming growth factor (TGF)-β on human health.",Journal Article; Review,,,,,,,ok
EUROPEPMC:39062848,PubMed,39062848,https://europepmc.org/article/MED/39062848,The Role of,"Recent research has underscored the efficacy of Lactobacillus plantarum (L. plantarum) in managing obesity among healthy adults. This meta-analysis reviewed randomized controlled trials (RCTs) from major databases up to May 2024, focusing on the effects of L. plantarum on body weight, body mass index (BMI), and metabolic parameters. This study has been registered in PROSPERO (number: CRD 42024531611). The analysis of nine studies revealed significant weight reduction and BMI decreases with L. plantarum supplementation compared to a placebo. Notably, using more than two strains together enhanced these effects. Improvements were also observed in abdominal fat and inflammatory markers such as interleukin-6 (IL-6) and high-sensitivity C-reactive protein (hs-CRP). This meta-analysis synthesizes evidence from nine RCTs to test the hypothesis that L. plantarum supplementation effectively reduces body weight and BMI in healthy adults compared to a placebo. However, variations in study designs, probiotic strains, and intervention durations call for more robust trials to confirm these benefits.",Journal Article; Meta-Analysis,,,,,,,ok
EUROPEPMC:39593945,PubMed,39593945,https://europepmc.org/article/MED/39593945,"Probiotic, Postbiotic, and Paraprobiotic Effects of","Obesity is a pandemic currently affecting the world's population that decreases the quality of life and promotes the development of chronic non-communicable diseases. Lactobacillus rhamnosus is recognized for multiple positive effects on obesity and overall health. In fact, such effects may occur even when the microorganisms do not remain alive (paraprobiotic effects). This raises the need to elucidate the mechanisms by which obesity-associated factors can be modulated. This narrative review explores recent findings on the effects of L. rhamnosus, particularly, its postbiotic and paraprobiotic effects, on the modulation of adiposity, weight gain, oxidative stress, inflammation, adipokines, satiety, and maintenance of intestinal integrity, with the aim of providing a better understanding of its mechanisms of action in order to contribute to streamlining its clinical and therapeutic applications. The literature shows that L. rhamnosus can modulate obesity-associated factors when analyzed in vitro and in vivo. Moreover, its postbiotic and paraprobiotic effects may be comparable to the more studied probiotic actions. Some mechanisms involve regulation of gene expression, intracellular signaling, and enteroendocrine communication, among others. We conclude that the evidence is promising, although there are still multiple knowledge gaps that require further study in order to fully utilize L. rhamnosus to improve human health.",Journal Article; Review,,,,,,,ok
PMID:36943206,PubMed,36943206,https://pubmed.ncbi.nlm.nih.gov/36943206/,Association between intestinal microflora and obesity.,"Obesity has become one of modern society's most serious health problems. Studies from the last 30 years revealed a direct relationship between imbalanced energy intake and increased healthcare costs related to the treatment or management of obesity. Recent research has highlighted significant effects of gut microbial composition on obesity. We aimed to report the current knowledge on the definition, composition, and functions of intestinal microbiota. We have performed an extensive review of the literature searching for the following key words: metabolism, gut microbiota, dysbiosis, and obesity. There is evidence that an association between intestinal microbiota and obesity exists at any age. There are complex genetic, metabolic, and inflammatory mechanisms involved in the pathogenesis of obesity. Revision of indications for use of probiotics, prebiotics, and antibiotics in obese patients should be considered. Microbial composition of the gut may be an important factor involved in the development of obesity. Changes in the gut microbiota may result in changes in human metabolism and weight loss.",Journal Article; Review,,,,,,,ok
PMID:38030409,PubMed,38030409,https://pubmed.ncbi.nlm.nih.gov/38030409/,Beneficial effects of the probiotics and synbiotics supplementation on anthropometric indices and body composition in adults: A systematic review and meta-analysis.,"Studies have suggested that probiotics and synbiotics can improve body weight and composition. However, randomized controlled trials (RCTs) demonstrated mixed results. Hence, we performed a systematic review and meta-analysis to evaluate the effectiveness of probiotics and synbiotics on body weight and composition in adults. We searched PubMed/Medline, Ovid/Medline, Scopus, ISI Web of Science, and Cochrane library up to April 2023 using related keywords. We included all RCTs investigating the effectiveness of probiotics and/or synbiotics supplementation on anthropometric indices and body composition among adults. Random-effects models were applied for performing meta-analyses. In addition, we conducted subgroup analyses and meta-regression to explore the non-linear and linear relationship between the length of follow-up and the changes in each outcome. We included a total of 200 trials with 12,603 participants in the present meta-analysis. Probiotics or synbiotics intake led to a significant decrease in body weight (weighted mean difference [WMD]: -0.91 kg; 95% CI: -1.08, -0.75; p < 0.001), body mass index (BMI) (WMD: -0.28 kg/m2 ; 95% CI: -0.36, -0.21; p < 0.001), waist circumference (WC) (WMD: -1.14 cm; 95% CI: -1.42, -0.87; p < 0.001), waist-to-hip ratio (WHR) (WMD: -0.01; 95% CI: -0.01, -0.00; p < 0.001), fat mass (FM) (WMD: -0.92 kg; 95% CI: -1.05, -0.79; p < 0.001), and percentage of body fat (%BF) (WMD: -0.68%; 95% CI: -0.94, -0.42; p < 0.001) compared to controls. There was no difference in fat-free mass (FFM) and lean body mass (LBM). Subgroup analyses indicated that probiotics or synbiotics administered as food or supplement resulted in significant changes in anthropometric indices and body composition. However, compared to controls, FM and %BF values were only reduced after probiotic consumption. Our results showed that probiotics or synbiotics have beneficial effects on body weight, central obesity, and body composition in adults and could be useful as an add on to weight loss products and medications.",Meta-Analysis; Systematic Review; Journal Article,,,,,,,ok
EUROPEPMC:36317983,PubMed,36317983,https://europepmc.org/article/MED/36317983,"Microbiome and Human Health: Current Understanding, Engineering, and Enabling Technologies.","The human microbiome is composed of a collection of dynamic microbial communities that inhabit various anatomical locations in the body. Accordingly, the coevolution of the microbiome with the host has resulted in these communities playing a profound role in promoting human health. Consequently, perturbations in the human microbiome can cause or exacerbate several diseases. In this Review, we present our current understanding of the relationship between human health and disease development, focusing on the microbiomes found across the digestive, respiratory, urinary, and reproductive systems as well as the skin. We further discuss various strategies by which the composition and function of the human microbiome can be modulated to exert a therapeutic effect on the host. Finally, we examine technologies such as multiomics approaches and cellular reprogramming of microbes that can enable significant advancements in microbiome research and engineering.","Journal Article; Review; Research Support, Non-U.S. Gov't",,,,,,,ok
EUROPEPMC:36458804,PubMed,36458804,https://europepmc.org/article/MED/36458804,The gut microbiome: a core regulator of metabolism.,"The human body is inhabited by numerous bacteria, fungi, and viruses, and each part has a unique microbial community structure. The gastrointestinal tract harbors approximately 100 trillion strains comprising more than 1000 bacterial species that maintain symbiotic relationships with the host. The gut microbiota consists mainly of the phyla Firmicutes, Bacteroidetes, Proteobacteria, and Actinobacteria. Of these, Firmicutes and Bacteroidetes constitute 70-90% of the total abundance. Gut microbiota utilize nutrients ingested by the host, interact with other bacterial species, and help maintain healthy homeostasis in the host. In recent years, it has become increasingly clear that a breakdown of the microbial structure and its functions, known as dysbiosis, is associated with the development of allergies, autoimmune diseases, cancers, and arteriosclerosis, among others. Metabolic diseases, such as obesity and diabetes, also have a causal relationship with dysbiosis. The present review provides a brief overview of the general roles of the gut microbiota and their relationship with metabolic disorders.","Journal Article; Review; Research Support, Non-U.S. Gov't",,,,,,,ok
EUROPEPMC:37280680,PubMed,37280680,https://europepmc.org/article/MED/37280680,Maternal microbiota and gestational diabetes: impact on infant health.,"Gestational diabetes mellitus (GDM) is a common complication of pregnancy that has been associated with an increased risk of obesity and diabetes in the offspring. Pregnancy is accompanied by tightly regulated changes in the endocrine, metabolic, immune, and microbial systems, and deviations from these changes can alter the mother's metabolism resulting in adverse pregnancy outcomes and a negative impact on the health of her infant. Maternal microbiomes are significant drivers of mother and child health outcomes, and many microbial metabolites are likely to influence the host health. This review discusses the current understanding of how the microbiota and microbial metabolites may contribute to the development of GDM and how GDM-associated changes in the maternal microbiome can affect infant's health. We also describe microbiota-based interventions that aim to improve metabolic health and outline future directions for precision medicine research in this emerging field.","Journal Article; Review; Research Support, Non-U.S. Gov't",,,,,,,ok
EUROPEPMC:37316582,PubMed,37316582,https://europepmc.org/article/MED/37316582,The gut-liver axis and gut microbiota in health and liver disease.,"The trillions of microorganisms in the human intestine are important regulators of health, and disruptions in the gut microbial communities can cause disease. The gut, liver and immune system have a symbiotic relationship with these microorganisms. Environmental factors, such as high-fat diets and alcohol consumption, can disrupt and alter microbial communities. This dysbiosis can lead to dysfunction of the intestinal barrier, translocation of microbial components to the liver and development or progression of liver disease. Changes in metabolites produced by gut microorganisms can also contribute to liver disease. In this Review, we discuss the importance of the gut microbiota in maintenance of health and the alterations in microbial mediators that contribute to liver disease. We present strategies for modulation of the intestinal microbiota and/or their metabolites as potential treatments for liver disease.","Journal Article; Review; Research Support, N.I.H., Extramural",,,,,,,ok
EUROPEPMC:37371961,PubMed,37371961,https://europepmc.org/article/MED/37371961,The Preventive Mechanisms of Bioactive Food Compounds against Obesity-Induced Inflammation.,"Dietary patterns are promising strategies for preventing and treating obesity and its coexisting inflammatory processes. Bioactive food compounds have received considerable attention due to their actions against obesity-induced inflammation, with limited harmful side effects. They are perceived as food ingredients or dietary supplements other than those necessary to meet basic human nutritional needs and are responsible for positive changes in the state of health. These include polyphenols, unsaturated fatty acids, and probiotics. Although the exact mechanisms of bioactive food compounds' action are still poorly understood, studies have indicated that they involve the modulation of the secretion of proinflammatory cytokines, adipokines, and hormones; regulate gene expression in adipose tissue; and modify the signaling pathways responsible for the inflammatory response. Targeting the consumption and/or supplementation of foods with anti-inflammatory potential may represent a new approach to obesity-induced inflammation treatment. Nevertheless, more studies are needed to evaluate strategies for bioactive food compound intake, especially times and doses. Moreover, worldwide education about the advantages of bioactive food compound consumption is warranted to limit the consequences of unhealthy dietary patterns. This work presents a review and synthesis of recent data on the preventive mechanisms of bioactive food compounds in the context of obesity-induced inflammation.",Journal Article; Review,,,,,,,ok
PMID:35531940,PubMed,35531940,https://pubmed.ncbi.nlm.nih.gov/35531940/,Gut microbiota in bariatric surgery.,"Gut microbes share a symbiotic relationship with humans and perform several metabolic and physiological functions essential for human survival. It has been established in several scientific studies that obesity and other metabolic complications are always associated with disturbed gut microbiota profile, also called gut dysbiosis. In recent years, bariatric surgery has become a treatment of choice for weight loss, and it forms an important part of obesity management strategies across the globe. Interestingly, bariatric surgery has been shown to alter gut microbiota profile and synthesize short-chain fatty acids by gut microbes. In other words, gut microbes play a crucial role in better clinical outcomes associated with bariatric surgery. In addition, gut microbes are important in reducing weight and lowering the adverse events post-bariatric surgery. Therefore, several prebiotics, probiotics and postbiotics are recommended for patients who underwent bariatric surgery procedures for better clinical outcomes. The present review aims to understand the possible association between gut microbes and bariatric surgery and present scientific evidence showing the beneficial role of gut microbes in improving therapeutic outcomes of bariatric surgery.",Review; Journal Article,,,,,,,ok
PMID:36768984,PubMed,36768984,https://pubmed.ncbi.nlm.nih.gov/36768984/,Fermented Foods in the Management of Obesity: Mechanisms of Action and Future Challenges.,"Fermented foods are part of the staple diet in many different countries and populations and contain various probiotic microorganisms and non-digestible prebiotics. Fermentation is the process of breaking down sugars by bacteria and yeast species; it not only enhances food preservation but can also increase the number of beneficial gut bacteria. Regular consumption of fermented foods has been associated with a variety of health benefits (although some health risks also exist), including improved digestion, enhanced immunity, and greater weight loss, suggesting that fermented foods have the potential to help in the design of effective nutritional therapeutic approaches for obesity. In this article, we provide a comprehensive overview of the health effects of fermented foods and the corresponding mechanisms of action in obesity and obesity-related metabolic abnormalities.",Journal Article; Review,,,,,,,ok
PMID:37513229,PubMed,37513229,https://pubmed.ncbi.nlm.nih.gov/37513229/,Weight Loss Supplements.,"Being overweight or obese can predispose people to chronic diseases and metabolic disorders such as cardiovascular illnesses, diabetes, Alzheimer's disease, and cancer, which are costly public health problems and leading causes of mortality worldwide. Many people hope to solve this problem by using food supplements, as they can be self-prescribed, contain molecules of natural origin considered to be incapable of causing damage to health, and the only sacrifice they require is economic. The market offers supplements containing food plant-derived molecules (e.g., primary and secondary metabolites, vitamins, and fibers), microbes (probiotics), and microbial-derived fractions (postbiotics). They can control lipid and carbohydrate metabolism, reduce appetite (interacting with the central nervous system) and adipogenesis, influence intestinal microbiota activity, and increase energy expenditure. Unfortunately, the copious choice of products and different legislation on food supplements worldwide can confuse consumers. This review summarizes the activity and toxicity of dietary supplements for weight control to clarify their potentiality and adverse reactions. A lack of research regarding commercially available supplements has been noted. Supplements containing postbiotic moieties are of particular interest. They are easier to store and transport and are safe even for people with a deficient immune system.",Journal Article; Review,,,,,,,ok
PMID:37513562,PubMed,37513562,https://pubmed.ncbi.nlm.nih.gov/37513562/,Probiotics and Polycystic Ovary Syndrome: A Perspective for Management in Adolescents with Obesity.,"Polycystic ovary syndrome (PCOS) affects a considerable percentage of females of reproductive age. PCOS is an obesity-related condition and its effects are greatly amplified by obesity. Even though the pathogenesis of PCOS remains complex and has not been fully elucidated, a link between obesity, PCOS, and dysbiosis has been described. The potential role of the gut microbiota in the development and progression of PCOS and its associated symptoms has also been reported. The aim of this narrative review is to present a non-systematic analysis of the available literature on the topic of probiotics and PCOS in adolescents with obesity in order to revise the beneficial effects of probiotics/symbiotic supplementation on hormonal and metabolic profiles and inflammatory conditions. The effectiveness of probiotics/synbiotics in PCOS has been supported. The literature suggests that probiotic/symbiotic supplementation may ameliorate hormonal profiles, inflammatory indicators, and lipid metabolism disturbances caused by PCOS. Studies also show improvements in weight, BMI, insulin, and HOMA-IR, including a potential role it plays in protecting fertility. Even though further studies are needed to confirm these findings, particularly in adolescent patients, probiotic supplementation may be considered a solution for managing PCOS in adolescents with obesity.",Journal Article; Review,,,,,,,ok
PMID:37571301,PubMed,37571301,https://pubmed.ncbi.nlm.nih.gov/37571301/,Dietary Fat Modulation of Gut Microbiota and Impact on Regulatory Pathways Controlling Food Intake.,"Obesity is a multifactorial disease that continues to increase in prevalence worldwide. Emerging evidence has shown that the development of obesity may be influenced by taxonomic shifts in gut microbiota in response to the consumption of dietary fats. Further, these alterations in gut microbiota have been shown to promote important changes in satiation signals including gut hormones (leptin, ghrelin, GLP-1, peptide YY and CCK) and orexigenic and anorexigenic neuropeptides (AgRP, NPY, POMC, CART) that influence hyperphagia and therefore obesity. In this review, we highlight mechanisms by which gut microbiota can influence these satiation signals both locally in the gastrointestinal tract and via microbiota-gut-brain communication. Then, we describe the effects of dietary interventions and associated changes in gut microbiota on satiety signals through microbiota-dependent mechanisms. Lastly, we present microbiota optimizing therapies including prebiotics, probiotics, synbiotics and weight loss surgery that can help restore beneficial gut microbiota by enhancing satiety signals to reduce hyperphagia and subsequent obesity. Overall, a better understanding of the mechanisms by which dietary fats induce taxonomical shifts in gut microbiota and their impact on satiation signaling pathways will help develop more targeted therapeutic interventions in delaying the onset of obesity and in furthering its treatment.",Journal Article; Review,,,,,,,ok
PMID:37772600,PubMed,37772600,https://pubmed.ncbi.nlm.nih.gov/37772600/,"Effects of overfeeding on the digestive efficiency, voluntary physical activity levels, and fecal characteristics and microbiota of adult cats.","The incidence of feline obesity continues to rise despite it being a preventable disease. There are many risks and health perturbations associated with obesity, with several of those impacting a pet's quality of life, wellness, and longevity. Feline obesity is commonly studied, but most research has been focused on weight loss rather than weight gain. To our knowledge, feline studies have not examined the implications of overfeeding and weight gain on gastrointestinal transit time (GTT) nor the association it has with the fecal microbiota. Therefore, the objective of this study was to determine the effects of overfeeding and weight gain on apparent total tract digestibility (ATTD), GTT, blood hormones, serum metabolites, hematology, fecal microbiota populations, and voluntary physical activity of cats. Eleven lean adult spayed female cats [body weight (BW) = 4.11 ± 0.43 kg; body condition score = 5.41 ± 0.3; age = 5.22 ± 0.03 y] were used in a longitudinal weight gain study. After a 2-wk baseline phase, cats were allowed to overeat for 18 wk. A commercially available complete and balanced diet was fed during the baseline phase to identify the intake needed to maintain BW. Cats were then fed the same diet ad libitum to induce weight gain. Fecal samples, blood samples, and voluntary physical activity data were collected at baseline (week 0) and 6, 12, and 18 wk after weight gain. Fecal samples were collected for microbiota analysis, determination of ATTD, and GTT measurement while blood samples were collected for serum chemistry, hematology, and insulin and leptin measurements. Microbiota data were evaluated using QIIME2. All other measures were evaluated statistically using the mixed models procedure of SAS using repeated measures analysis, with time effects being the focus. A P < 0.05 was considered significant. The ATTD of dry matter (P = 0.0061), organic matter (P = 0.0130), crude protein (P < 0.0001), fat (P = 0.0002), and gross energy (P = 0.0002), and GTT (P = 0.0418) decreased with overfeeding and weight gain. Fecal bacterial alpha diversity measures were unchanged, but fecal bacterial beta diversity was impacted (P < 0.05) with overfeeding and weight gain. The relative abundances of 16 bacterial genera, including Bifidobacterium, Collinsella, Erysipelatoclostridium were affected (P < 0.05) by overfeeding and weight gain. In conclusion, overfeeding and subsequent weight gain reduced ATTD, reduced GTT, and caused changes to the fecal microbial community of adult cats.",Journal Article,,,,,,,ok
EUROPEPMC:35370685,PubMed,35370685,https://europepmc.org/article/MED/35370685,Nutraceuticals in the Modulation of the Intestinal Microbiota: Current Status and Future Directions.,"Pharmaceutical interest in the human intestinal microbiota has increased considerably, because of the increasing number of studies linking the human intestinal microbial ecology to an increasing number of non-communicable diseases. Many efforts at modulating the gut microbiota have been made using probiotics, prebiotics and recently postbiotics. However, there are other, still little-explored opportunities from a pharmaceutical point of view, which appear promising to obtain modifications of the microbiota structure and functions. This review summarizes all in vitro, in vivo and clinical studies demonstrating the possibility to positively modulate the intestinal microbiota by using probiotics, prebiotics, postbiotics, essential oils, fungus and officinal plants. For the future, clinical studies investigating the ability to impact the intestinal microbiota especially by using fungus, officinal and aromatic plants or their extracts are required. This knowledge could lead to effective microbiome modulations that might support the pharmacological therapy of most non-communicable diseases in a near future.",Systematic Review; Journal Article,,,,,,,ok
PMID:35103461,PubMed,35103461,https://pubmed.ncbi.nlm.nih.gov/35103461/,Akkermansia muciniphila as a novel powerful bacterial player in the treatment of metabolic disorders.,"Akkermansia muciniphila (A. muciniphila) is a mucin-degrading bacterium that commonly lives in the intestinal mucus layer. It is normally detected in human faecal specimens and is one of the few bacteria potentially associated to obesity development. In this narrative review, possible mechanisms that support how A. muciniphila is implicated in the pathogenesis of obesity and metabolic-associated disease are described with the evaluation of its role as an intermediary or independent agent whose manipulation could be useful in the management of metabolic disorders. The ampleness of A. muciniphila is notably diminished in obesity, type 2 diabetes (T2D), non-alcoholic fatty liver disease (NAFLD), cardiometabolic diseases and low-grade inflammation. Furthermore, an inverse relationship between A. muciniphila, body weight and insulin sensitivity has been observed in both humans and animals. Antidiabetic drugs, gastric bypass surgery, prebiotics and biologically active compounds, such as polyphenols or saponins, have been shown to be associated with A. muciniphila relative abundance and thus could have favourable effects on metabolic disorders. Furthermore, A. muciniphila supplementation alone has been correlated with weight reduction and improvement of metabolic disorders, including fat mass gain, adipose tissue inflammation, metabolic endotoxaemia, and insulin resistance. Nevertheless, since the primary beneficial impacts of this bacterium have been predominantly investigated in various preclinical models, these results need to be confirmed in randomized clinical trials.",Journal Article; Review,,,,,,,ok
PMID:35562794,PubMed,35562794,https://pubmed.ncbi.nlm.nih.gov/35562794/,Elucidating the role of the gut microbiota in the physiological effects of dietary fiber.,"Dietary fiber is an integral part of a healthy diet, but questions remain about the mechanisms that underlie effects and the causal contributions of the gut microbiota. Here, we performed a 6-week exploratory trial in adults with excess weight (BMI: 25-35 kg/m2) to compare the effects of a high-dose (females: 25 g/day; males: 35 g/day) supplement of fermentable corn bran arabinoxylan (AX; n = 15) with that of microbiota-non-accessible microcrystalline cellulose (MCC; n = 16). Obesity-related surrogate endpoints and biomarkers of host-microbiome interactions implicated in the pathophysiology of obesity (trimethylamine N-oxide, gut hormones, cytokines, and measures of intestinal barrier integrity) were assessed. We then determined whether clinical outcomes could be predicted by fecal microbiota features or mechanistic biomarkers.; AX enhanced satiety after a meal and decreased homeostatic model assessment of insulin resistance (HOMA-IR), while MCC reduced tumor necrosis factor-α and fecal calprotectin. Machine learning models determined that effects on satiety could be predicted by fecal bacterial taxa that utilized AX, as identified by bioorthogonal non-canonical amino acid tagging. Reductions in HOMA-IR and calprotectin were associated with shifts in fecal bile acids, but correlations were negative, suggesting that the benefits of fiber may not be mediated by their effects on bile acid pools. Biomarkers of host-microbiome interactions often linked to bacterial metabolites derived from fiber fermentation (short-chain fatty acids) were not affected by AX supplementation when compared to non-accessible MCC.; This study demonstrates the efficacy of purified dietary fibers when used as supplements and suggests that satietogenic effects of AX may be linked to bacterial taxa that ferment the fiber or utilize breakdown products. Other effects are likely microbiome independent. The findings provide a basis for fiber-type specific therapeutic applications and their personalization.; Clinicaltrials.gov, NCT02322112 , registered on July 3, 2015. Video Abstract.","Clinical Trial; Journal Article; Video-Audio Media; Research Support, Non-U.S. Gov't",,,,,,,ok
PMID:35977666,PubMed,35977666,https://pubmed.ncbi.nlm.nih.gov/35977666/,Functional fiber enhances the effect of every-other-day fasting on insulin sensitivity by regulating the gut microecosystem.,"Every-other-day fasting (EODF), which involves alternating days of fasting and feeding, has been reported to lower obesity, and dietary fibers can improve metabolism by altering gut microbiota. This study investigated whether the combination of functional fiber (FF) and EODF (FF-EODF) can further improve insulin sensitivity by regulating the composition of microbiota and curbing weight gain. Twenty-eight diet-induced obese (DIO) mice were randomly divided into four experimental groups (n=7): (1) ad-libitum (AL), (2) EODF, (3) 4% FF-EODF and (4) 6% FF-EODF. After exposure to a high-fat basal diet (HFD) for 12 weeks (1-12 weeks, period 1) and then to a normal chow diet (NCD) for 4 weeks (13-16 weeks, period 2). Compared with EODF alone, 6% FF-EODF treatment could significantly improve the insulin sensitivity of DIO mice without affecting their body weight during period 1(HFD), while significantly increasing satiety, energy consumption, weight, and adipose loss, and insulin sensitivity during period 2 (NCD). Meanwhile, FF-EODF showed a higher increase in short-chain fatty acids (SCFAs) and restored the proportion of induced intraepithelial lymphocytes in the intestinal epithelium compared to EODF alone. Although EODF could increase the relative abundances of Lactobacillus and Bifidobacteriumin, FF supplementation further increased the relative abundance of Lactobacillus, Bifidobacterium, and S24-7 in the intestine. This increase was positively correlated with the decrease in adiposity and insulin resistance, indicating that FF plays a key role in insulin improvement. Our study demonstrated the potential of FF-EODF in promoting insulin sensitivity and reducing body weight via beneficial regulation of gut microecosystem.","Journal Article; Research Support, Non-U.S. Gov't",,,,,,,ok
EUROPEPMC:33802777,PubMed,33802777,https://europepmc.org/article/MED/33802777,Recognizing the Benefits of Pre-/Probiotics in Metabolic Syndrome and Type 2 Diabetes Mellitus Considering the Influence of,"Metabolic syndrome (MetS) and type 2 diabetes mellitus (T2DM) are diseases that can be influenced by the structure of gut microbiota, whose improvement is often neglected in metabolic pathology. This review highlights the following main aspects: the relationship between probiotics/gut microbes with the pathogenesis of MetS, the particular positive roles of Akkermansia muciniphila supplementation in the onset of MetS, and the interaction between dietary polyphenols (prebiotics) with gut microbiota. Therefore, an extensive and in-depth analysis of the often-neglected correlation between gut microbiota and chronic metabolic diseases was conducted, considering that this topic continues to fascinate and stimulate researchers through the discovery of novel strains and their beneficial properties.",Journal Article; Review,,,,,,,ok
EUROPEPMC:34203876,PubMed,34203876,https://europepmc.org/article/MED/34203876,Gut Microbiota and Host Metabolism: From Proof of Concept to Therapeutic Intervention.,"The field of the gut microbiota is still a relatively young science area, yet many studies have already highlighted the translational potential of microbiome research in the context of human health and disease. However, like in many new fields, discoveries are occurring at a fast pace and have provided new hope for the development of novel clinical applications in many different medical conditions, not in the least in metabolic disorders. This rapid progress has left the field vulnerable to premature claims, misconceptions and criticism, both from within and outside the sector. Tackling these issues requires a broad collaborative effort within the research field and is only possible by acknowledging the difficulties and challenges that are faced and that are currently hindering clinical implementation. These issues include: the primarily descriptive nature of evidence, methodological concerns, disagreements in analysis techniques, lack of causality, and a rather limited molecular-based understanding of underlying mechanisms. In this review, we discuss various studies and models that helped identifying the microbiota as an attractive tool or target for developing various translational applications. We also discuss some of the limitations and try to clarify some common misconceptions that are still prevalent in the field.",Journal Article; Review,,,,,,,ok
EUROPEPMC:34812127,PubMed,34812127,https://europepmc.org/article/MED/34812127,Serum metabolite profiling yields insights into health promoting effect of A. muciniphila in human volunteers with a metabolic syndrome.,"Reduction of A. muciniphila relative abundance in the gut microbiota is a widely accepted signature associated with obesity-related metabolic disorders. Using untargeted metabolomics profiling of fasting plasma, our study aimed at identifying metabolic signatures associated with beneficial properties of alive and pasteurized A. muciniphila when administrated to a cohort of insulin-resistant individuals with metabolic syndrome. Our data highlighted either shared or specific alterations in the metabolome according to the form of A. muciniphila administered with respect to a control group. Common responses encompassed modulation of amino acid metabolism, characterized by reduced levels of arginine and alanine, alongside several intermediates of tyrosine, phenylalanine, tryptophan, and glutathione metabolism. The global increase in levels of acylcarnitines together with specific modulation of acetoacetate also suggested induction of ketogenesis through enhanced β-oxidation. Moreover, our data pinpointed some metabolites of interest considering their emergence as substantial compounds pertaining to health and diseases in the more recent literature.","Journal Article; Randomized Controlled Trial; Research Support, Non-U.S. Gov't",,,,,,,ok
EUROPEPMC:34828808,PubMed,34828808,https://europepmc.org/article/MED/34828808,Characteristics of the Gut Microbiota and Potential Effects of Probiotic Supplements in Individuals with Type 2 Diabetes,"The increasing prevalence of type 2 diabetes mellitus (T2DM) worldwide has become a burden to healthcare systems. In 2019, around 463 million adults were living with diabetes mellitus, and T2DM accounted for 90 to 95% of cases. The relationship between the gut microbiota and T2DM has been explored with the advent of metagenomic techniques. Genome-wide association studies evaluating the microbiota of these individuals have pointed to taxonomic, functional, and microbial metabolite imbalances and represent a potential intervention in T2DM management. Several microbial metabolites and components, such as imidazole propionate, trimethylamine, and lipopolysaccharides, appear to impair insulin signaling, while short-chain fatty acids, secondary bile acids, and tryptophan metabolites may improve it. In addition, the use of probiotics with the aim of transiently restoring the microbial balance or reducing the effects of microbial metabolites that impair insulin sensitivity has been explored. Herein, we critically review the available literature on the changes in the gut microbiota in T2DM together with potential adjuvant therapies that may improve the health status of this population.",Journal Article; Review,,,,,,,ok
EUROPEPMC:34884466,PubMed,34884466,https://europepmc.org/article/MED/34884466,Implications of Gut Microbiota in Complex Human Diseases.,"Humans, throughout the life cycle, from birth to death, are accompanied by the presence of gut microbes. Environmental factors, lifestyle, age and other factors can affect the balance of intestinal microbiota and their impact on human health. A large amount of data show that dietary, prebiotics, antibiotics can regulate various diseases through gut microbes. In this review, we focus on the role of gut microbes in the development of metabolic, gastrointestinal, neurological, immune diseases and, cancer. We also discuss the interaction between gut microbes and the host with respect to their beneficial and harmful effects, including their metabolites, microbial enzymes, small molecules and inflammatory molecules. More specifically, we evaluate the potential ability of gut microbes to cure diseases through Fecal Microbial Transplantation (FMT), which is expected to become a new type of clinical strategy for the treatment of various diseases.",Journal Article; Review,,,,,,,ok
PMID:32698959,PubMed,32698959,https://pubmed.ncbi.nlm.nih.gov/32698959/,Acute and chronic improvement in postprandial glucose metabolism by a diet resembling the traditional Mediterranean dietary pattern: Can SCFAs play a role?,"Postprandial metabolic abnormalities are considered important and independent risk factors for cardiovascular diseases. However, the effects of the Mediterranean diet on postprandial metabolism and the mechanism underpinning the effects on clinical variables have not been exhaustively explored. Therefore, the aims of the present study were to evaluate the acute and medium-term effects (8 weeks) on postprandial glucose and lipid metabolism of a diet resembling a typical Mediterranean diet (Med-D) compared to a western-type diet (Control-D), and the mechanisms underlying those effects.; Twenty-nine overweight/obese individuals of both genders, aged 20-60 years, were enrolled and randomly assigned to two isoenergetic dietary interventions: 1) a Med-D (n = 16), and 2) a Control-D (n = 13). Adherence to the dietary interventions was assessed by a 7-day food record. A meal test resembling the assigned diet was performed at baseline and after 8 weeks of intervention. Blood samples at fasting and over 4-h after the meal were collected to assess metabolic parameters and short chain fatty acid (SCFA) levels. Fecal samples were also collected to evaluate the microbiota composition.; Glucose and insulin responses were significantly reduced at baseline after the Med test meal compared to the Control meal (p < 0.05) and this effect was strengthened after 8 weeks of intervention with the Mediterranean diet (p < 0.05); together with an improvement in OGIS. At the end of the intervention, postprandial plasma butyric acid incremental area under the curve (IAUC) was significantly increased in the Med-D group (p = 0.019) and correlated inversely with plasma insulin IAUC and directly with oral glucose insulin sensitivity (OGIS) (r: -0.411, p = 0.046 and r: 0.397, p = 0.050 respectively). These metabolic changes were accompanied by significant changes in gut microbiota, such as an increase in the relative abundance of Intestinimonas butyriciproducens and Akkermansia muciniphila (p < 0.05) in the Med-D compared to Control-D group.; Our study provides strong evidence that a diet resembling the traditional Med-D improves postprandial glucose metabolism and insulin sensitivity. Furthermore, the study highlights a possible involvement of gut microbiota metabolites - such as butyric acid, and of dietary fiber as a precursor - in improving glucose metabolism and insulin sensitivity.","Journal Article; Randomized Controlled Trial; Research Support, Non-U.S. Gov't",,,,,,,ok
EUROPEPMC:32549225,PubMed,32549225,https://europepmc.org/article/MED/32549225,Microbiota and Lifestyle: A Special Focus on Diet.,"It is widely known that a good balance and healthy function for bacteria groups in the colon are necessary to maintain homeostasis and preserve health. However, the lack of consensus on what defines a healthy gut microbiota and the multitude of factors that influence human gut microbiota composition complicate the development of appropriate dietary recommendations for our gut microbiota. Furthermore, the varied response to the intake of probiotics and prebiotics observed in healthy adults suggests the existence of potential inter- and intra-individual factors, which might account for gut microbiota changes to a greater extent than diet. The changing dietary habits worldwide involving consumption of processed foods containing artificial ingredients, such as sweeteners; the coincident rise in emotional disorders; and the worsening of other lifestyle habits, such as smoking habits, drug consumption, and sleep, can together contribute to gut dysbiosis and health impairment, as well as the development of chronic diseases. This review summarizes the current literature on the effects of specific dietary ingredients (probiotics, prebiotics, alcohol, refined sugars and sweeteners, fats) in the gut microbiota of healthy adults and the potential inter- and intra-individual factors involved, as well as the influence of other potential lifestyle factors that are dramatically increasing nowadays.",Journal Article; Review,,,,,,,ok
EUROPEPMC:33292434,PubMed,33292434,https://europepmc.org/article/MED/33292434,Probiotics supplementation and insulin resistance: a systematic review.,"Research on intestinal microbiota has grown considerably, as well as the interest on probiotics' supplementation effects on metabolism. Considering high prevalence rates of metabolic diseases linked by insulin resistance, we performed a systematic review of existing literature which addressed the role of probiotics in modulating insulin sensitivity in animals and humans.; This systematic review was based on PRISMA guidelines. Searches for original articles published in English from 1990 to January 2020 were made in the electronic database of PubMed from the National Library of Medicine, using Medical Subject Headings to identify longitudinal studies conducted in animals and humans which reported effects of probiotics in a variety of insulin resistance parameters.; Overall, results from 27 probiotic interventions (Lactobacillus, Bifidobacterium, Clostridium and Akkermansia) indicated significant beneficial changes in insulin resistance measures in animal studies. Additionally, they improved lipid profile, inflammatory and oxidative markers, short-chain fatty acids production and microbiota composition. In seven clinical trials, samples and designs were heterogeneous. Five showed benefits in insulin resistance parameters and in two others no effect was detected.; Available data regarding the effects of certain probiotics do not guarantee sustained amelioration of insulin resistance in humans. Consistent beneficial results for intestinal barrier function, immune system and metabolism were reported in animals may encourage long-term randomized clinical trials in people with obesity and cardiometabolic risk. Whether supplementation with probiotics in combination with medications and/or prebiotics, associated with a healthy lifestyle, will prove useful to attenuate insulin resistance requires further investigation.",Journal Article; Review,,,,,,,ok
PMID:28618860,PubMed,28618860,https://pubmed.ncbi.nlm.nih.gov/28618860/,The effects of the Lactobacillus casei strain on obesity in children: a pilot study.,"There are few data regarding the role of probiotics as a dietary intervention in the management of obesity in children. An open prospective examination was conducted to clarify the effects of Lactobacillus casei strain Shirota (LcS)-containing beverages in obese children. We compared the intestinal microbiota and organic acid levels between 12 obese (average age, 10.8 years; body mass index (BMI) Z score, 2.7±1.7) and 22 control children(average age, 8.5 years; BMI Z score, 0.1±0.7), and pre- and post-intervention in the obese children. The obese group underwent diet and exercise therapy for 6 months and then were given an LcS beverage daily for another 6 months and the body weight and serological markers were monitored. Significant reductions in the faecal concentrations of Bifidobacterium (obese group, 7.9±1.5 vs non-obese group, 9.8±0.5 Log10cells/g; P<0.01) along with a significant decline in the Bacteroides fragilis group, Atopobium cluster and Lactobacillus gasseri subgroup, and acetic acid (obese group, 45.1±16.9 vs non-obese group, 57.9±17.6 μmol/g; P<0.05) were observed in the obese group at baseline. A significant decline in body weight (-2.9±4.6%; P<0.05) and an elevation in the high density lipoprotein cholesterol level (+11.1±17.6%; P<0.05) were observed 6 months after ingestion of the LcS beverage compared to baseline. Furthermore, a significant increase in the faecal concentration of Bifidobacterium (7.0±1.2 before ingestion vs 9.1±1.2 Log10cells/g after ingestion; P<0.01) and an apparent increase in the acetic acid concentration (7.0±1.2 before ingestion vs 9.1±1.2 Log10cells/g after ingestion; P<0.01) were observed 6 months after ingestion. LcS contributed to weight loss while also improving the lipid metabolism in obese children via a significant increase in the faecal Bifidobacterium numbers and the acetic acid concentration.",Clinical Trial; Journal Article,,,,,,,ok
PMID:22634320,PubMed,22634320,https://pubmed.ncbi.nlm.nih.gov/22634320/,Comparative meta-analysis of the effect of Lactobacillus species on weight gain in humans and animals.,"Obesity is associated with alteration of the gut microbiota. In order to clarify the effect of Lactobacillus-containing probiotics (LCP) on weight we performed a meta-analysis of clinical studies and experimental models. We intended to assess effects by Lactobacillus species.; A broad search with no date or language restriction was performed. We included randomized controlled trials (RCTs) and comparative clinical studies in humans and animals or experimental models assessing the effect of Lactobacillus-containing probiotics on weight. We primarily attempted to extract and use change from baseline values. Data were extracted independently by two authors. Results were pooled by host and by Lactobacillus species and are summarized in a meta-analysis of standardized difference in means (SMDs).; We identified and included 17 RCTs in humans, 51 studies on farm animals and 14 experimental models. Lactobacillus acidophilus administration resulted in significant weight gain in humans and in animals (SMD 0.15; 95% confidence intervals 0.05-0.25). Results were consistent in humans and animals. Lactobacillus fermentum and Lactobacillus ingluviei were associated with weight gain in animals. Lactobacillus plantarum was associated with weight loss in animals and Lactobacillus gasseri was associated with weight loss both in obese humans and in animals.; Different Lactobacillus species are associated different effects on weight change that are host-specific. Further studies are needed to clarify the role of Lactobacillus species in the human energy harvest and weight regulation. Attention should be drawn to the potential effects of commonly marketed lactobacillus-containing probiotics on weight gain.","Comparative Study; Journal Article; Meta-Analysis; Research Support, Non-U.S. Gov't",,,,,,,ok
