evidence_id,source_database,source_accession,title,sample_size_hint,duration_hint,cfu_hint,dose_hint,bmi_hint,p_value_hint,intervention_hint,primary_outcome_hint,body_weight_effect_hint,bmi_effect_hint,waist_effect_hint,body_fat_effect_hint,glucose_effect_hint,lipid_effect_hint,microbiome_effect_hint,manual_extraction_note
PMID:40077569,PubMed,40077569,"Effects of Liupao Tea with Different Years of Aging on Glycolipid Metabolism, Body Composition, and Gut Microbiota in Adults with Obesity or Overweight: A Randomized, Double-Blind Study.",106 adults,90-day,,,,p < 0.001; p < 0.05,,,"Body weight, body fat mass (BFM), body mass index (BMI), waist circumference (WC), body fat percentage (BFP), and visceral fat area (VFA) significantly declined across all groups (p < 0.05).","Body weight, body fat mass (BFM), body mass index (BMI), waist circumference (WC), body fat percentage (BFP), and visceral fat area (VFA) significantly declined across all groups (p < 0.05).","Body weight, body fat mass (BFM), body mass index (BMI), waist circumference (WC), body fat percentage (BFP), and visceral fat area (VFA) significantly declined across all groups (p < 0.05).","Body weight, body fat mass (BFM), body mass index (BMI), waist circumference (WC), body fat percentage (BFP), and visceral fat area (VFA) significantly declined across all groups (p < 0.05).",,"Total cholesterol (TC) and low-density lipoprotein cholesterol (LDL-C) levels decreased significantly in the 1-, 4-, and 10-year-aged groups (p < 0.05), while high-density lipoprotein cholesterol (HDL-C) increased in the 7-year-aged group (p < 0.05).","The metabolic parameters, body composition, and gut microbiota were assessed at baseline and after the 90-day intervention.; All LPT groups experienced significant reductions in systolic blood pressure (SBP) and diastolic blood pressure (DBP), with the 10-year-aged group showing the most notable SBP decrease (p < 0.001).",Review source text before entering numeric values into final tables.
EUROPEPMC:40409234,PubMed,40409234,Effects of multi-strain probiotics supplementation on body adiposity and metabolic profile in individuals with hypertension and overweight following an energy-restricted diet: A randomized clinical trial.,66 individuals,12 weeks; 3 months,3 x 10^10 CFU/day,,,p < 0.05,,,"Participants underwent anthropometric, body composition (dual-energy radiological absorptiometry) and biochemical (glucose metabolism, lipid profile, adiponectin, and leptin) evaluation at baseline and at the end of the study.; After 12 weeks of intervention, the probiotics group presented: a) reduction of body weight, BMI, circumferences of waist, hip and neck and waist-to-height ratio; b) decrease in total fat mass (kg); and c) reduction of glycated hemoglobin (HbA1c).","Participants underwent anthropometric, body composition (dual-energy radiological absorptiometry) and biochemical (glucose metabolism, lipid profile, adiponectin, and leptin) evaluation at baseline and at the end of the study.; After 12 weeks of intervention, the probiotics group presented: a) reduction of body weight, BMI, circumferences of waist, hip and neck and waist-to-height ratio; b) decrease in total fat mass (kg); and c) reduction of glycated hemoglobin (HbA1c).","Participants underwent anthropometric, body composition (dual-energy radiological absorptiometry) and biochemical (glucose metabolism, lipid profile, adiponectin, and leptin) evaluation at baseline and at the end of the study.; After 12 weeks of intervention, the probiotics group presented: a) reduction of body weight, BMI, circumferences of waist, hip and neck and waist-to-height ratio; b) decrease in total fat mass (kg); and c) reduction of glycated hemoglobin (HbA1c).","Participants underwent anthropometric, body composition (dual-energy radiological absorptiometry) and biochemical (glucose metabolism, lipid profile, adiponectin, and leptin) evaluation at baseline and at the end of the study.; After 12 weeks of intervention, the probiotics group presented: a) reduction of body weight, BMI, circumferences of waist, hip and neck and waist-to-height ratio; b) decrease in total fat mass (kg); and c) reduction of glycated hemoglobin (HbA1c).","Participants underwent anthropometric, body composition (dual-energy radiological absorptiometry) and biochemical (glucose metabolism, lipid profile, adiponectin, and leptin) evaluation at baseline and at the end of the study.; After 12 weeks of intervention, the probiotics group presented: a) reduction of body weight, BMI, circumferences of waist, hip and neck and waist-to-height ratio; b) decrease in total fat mass (kg); and c) reduction of glycated hemoglobin (HbA1c).","Participants underwent anthropometric, body composition (dual-energy radiological absorptiometry) and biochemical (glucose metabolism, lipid profile, adiponectin, and leptin) evaluation at baseline and at the end of the study.; After 12 weeks of intervention, the probiotics group presented: a) reduction of body weight, BMI, circumferences of waist, hip and neck and waist-to-height ratio; b) decrease in total fat mass (kg); and c) reduction of glycated hemoglobin (HbA1c).",,Review source text before entering numeric values into final tables.
PMID:39802638,PubMed,39802638,"Comparison of diet and exercise on cardiometabolic factors in young adults with overweight/obesity: multiomics analysis and gut microbiota prediction, a randomized controlled trial.",,8-week,,,,p < 0.05,,,"The results showed that single interventions were as effective as combined interventions in improving weight, waist circumference, body fat, and lipid profile compared with control group.",,"The results showed that single interventions were as effective as combined interventions in improving weight, waist circumference, body fat, and lipid profile compared with control group.","The results showed that single interventions were as effective as combined interventions in improving weight, waist circumference, body fat, and lipid profile compared with control group.",,"The results showed that single interventions were as effective as combined interventions in improving weight, waist circumference, body fat, and lipid profile compared with control group.",Mediation analysis revealed four gut microbiota-metabolite-host axes in improving CMFs.,Review source text before entering numeric values into final tables.
PMID:41479657,PubMed,41479657,"Targeting gut microbiota with short-chain fructo-oligosaccharides prebiotic fibers to support metabolic health in overweight prediabetic adults: a randomized, double-blinded, placebo-controlled study.",n = 66; 30 participants,12 weeks,,1.25 g; 20 g/day,BMI between 23; BMI of 28.2,p = 0.6835; p = 0.0273; p = 0.0279; p = 0.0718; p < 0.004; p = 0.0202; p < 0.05; p = 0.0310; p = 0.0062,,,Body weight remained stable with scFOS while it tended to increase with placebo (estimated means: +0.14 kg vs +0.70 kg; global treatment effect: p = 0.0718).,,,"However, body composition outcomes favored scFOS: fat mass decreased (medians: -0.26% vs +0.20%, p = 0.0273), lean mass increased (+0.27% vs -0.30%; p = 0.0279).","No significant treatment effect was observed for glucose metabolism markers, including the primary outcome HbA1c (+0.055% with scFOS vs +0.030% with placebo, p = 0.6835).",,Prebiotic dietary fibers may help mitigate this trend by modulating gut microbiota.,Review source text before entering numeric values into final tables.
PMID:39410163,PubMed,39410163,Effects of a Sorghum Beverage with,n = 10,,,,,,,,"paracasei, provided health benefits, including improvements in body composition, Castelli index I scores, and intestinal health, in overweight and obese adults.",,,,,,,Review source text before entering numeric values into final tables.
PMID:37252684,PubMed,37252684,Effect of green-lipped mussel (,,3-months,,3 g,,,,,,,,"At the baseline, the body fat (BF)% and gynoid fat% were higher in the GSM group compared with the placebo (P < 0⋅05).",,,,Review source text before entering numeric values into final tables.
EUROPEPMC:41459804,PubMed,41459804,"Effects of a slowly fermentable fiber mixture against the background of a high-protein diet on insulin sensitivity and metabolic health in individuals with overweight: a randomized, placebo-controlled trial.",n = 19; n = 21,12-week,,,,p = 0.081; p = 0.034; p = 0.027; p = 0.006; p = 0.048; p = 0.046; p = 0.025,,,,,,,Fiber mitigated the increase in insulin-mediated carbohydrate oxidation (p = 0.027) and decrease in fat oxidation (p = 0.006) that occurred in the placebo group.,,,Review source text before entering numeric values into final tables.
EUROPEPMC:PMC12986909,publisher supplementary data,PMC12986909,Green Tea Catechin Plus Inulin Improves Insulin Resistance Without Reducing Visceral Fat and Shows Exploratory Gut Microbiota Signals in Adults with Visceral Obesity: A Double-Blind Randomized Controlled Trial,,,,,,,,,,,,Green Tea Catechin Plus Inulin Improves Insulin Resistance Without Reducing Visceral Fat and Shows Exploratory Gut Microbiota Signals in Adults with Visceral Obesity: A Double-Blind Randomized Controlled Trial     ,Green Tea Catechin Plus Inulin Improves Insulin Resistance Without Reducing Visceral Fat and Shows Exploratory Gut Microbiota Signals in Adults with Visceral Obesity: A Double-Blind Randomized Controlled Trial     ,,Green Tea Catechin Plus Inulin Improves Insulin Resistance Without Reducing Visceral Fat and Shows Exploratory Gut Microbiota Signals in Adults with Visceral Obesity: A Double-Blind Randomized Controlled Trial     ,Review source text before entering numeric values into final tables.
PMID:41861447,PubMed,41861447,"Effects of hypocaloric wholegrain rye vs refined wheat diets on weight loss, cardiometabolic risk factors and gut microbiota: A 12-week randomized controlled trial.",255 participants,12-week; 6 weeks; 12 weeks,,,,p = 0.32; p = 0.003; p = 0.03; p = 0.001; p = 0.02; p < 0.001,,,"Weight loss was 3.2 kg in the rye-group and 2.9 kg in the wheat-group, with no significant difference between groups (p = 0.32).",,,"Reductions in CRP by 17 % (p = 0.03) were observed in the rye-group, while both CRP (r = 0.17, p = 0.001) and HOMA-IR (r = 0.13, p = 0.02) at baseline were associated with fat mass change in the wheat-group.","Reductions in CRP by 17 % (p = 0.03) were observed in the rye-group, while both CRP (r = 0.17, p = 0.001) and HOMA-IR (r = 0.13, p = 0.02) at baseline were associated with fat mass change in the wheat-group.",,"However, wholegrain rye reduced CRP and induced changes in gut microbiota and short-chain fatty acids which may have positive implications for cardiometabolic health.",Review source text before entering numeric values into final tables.
PMID:42044842,PubMed,42044842,"The effect of a two-week low glycaemic index, higher fibre diet versus high glycaemic index diet on body composition, ectopic lipids, inflammatory biomarkers, gastrointestinal hormones and gut microbiota in metabolic dysfunction-associated steatotic liver disease (MASLD): A pilot randomized cross-over study.",7 participants,2-week; 4-week,,,,p = 0.043; p = 0.018; p = 0.017; p < 0.05,,,"Additionally, the LGI diet resulted in significant reductions in body weight (-1.2 kg, p = 0.018) and body mass index (-0.38 kg/m2, p = 0.017), as well as increased pre-meal appetite scores during the middle of the diet period and decreased interleukin 6; IL-6 (-0.9 pg/mL) and glucagon (-13.7 pg/mL) levels (all p < 0.05).","Additionally, the LGI diet resulted in significant reductions in body weight (-1.2 kg, p = 0.018) and body mass index (-0.38 kg/m2, p = 0.017), as well as increased pre-meal appetite scores during the middle of the diet period and decreased interleukin 6; IL-6 (-0.9 pg/mL) and glucagon (-13.7 pg/mL) levels (all p < 0.05).",,,"Low glycaemic index (LGI) diets, which tend to be naturally higher in dietary fibre, may reduce liver fat, blood glucose, and gut microbiota imbalance arresting MASLD progression.",,"Low glycaemic index (LGI) diets, which tend to be naturally higher in dietary fibre, may reduce liver fat, blood glucose, and gut microbiota imbalance arresting MASLD progression.",Review source text before entering numeric values into final tables.
EUROPEPMC:40400804,PubMed,40400804,"Impact of a Probiotic-Fiber Blend on Body Weight, Metabolic Regulation, and Digestive Function in Obese Adults: A Randomized, Placebo-Controlled, Multicentric Trial.",n = 53; n = 51,90 days,,,,p < 0.001,,,"Primary outcomes included body weight, BMI, waist/hip circumference, and body fat percentage.","Primary outcomes included body weight, BMI, waist/hip circumference, and body fat percentage.","Primary outcomes included body weight, BMI, waist/hip circumference, and body fat percentage.","Primary outcomes included body weight, BMI, waist/hip circumference, and body fat percentage.",,"Additionally, statistically significant reductions were observed in the MetS-Z score (54.02%), triglycerides (25.75%), and perceived stress (37.62%), along with a notable increase in HDL levels (16.55%).",,Review source text before entering numeric values into final tables.
EUROPEPMC:40416368,PubMed,40416368,Effect of,,8 weeks,,3 g,,P < 0.01; P < 0.05,,,Effect of Probiotic supplementation is a safe and effective way to reduce overweight and obesity by regulating the gut microbiota.,,,,,"This study aimed to assess the effects of BC99 on the gut microbiota, body weight and lipid profiles of overweight and obese individuals.; A total of 66 adult individuals were randomly assigned to a probiotic group (supplemented with 5 × 109 colony-forming units of BC99 per day along with 3 g of maltodextrin) and placebo group (supplemented with 3 g of maltodextrin daily) in a 1:1 ratio.; After 8 weeks of oral administration, BC99 intervention significantly decreased the body weight of overweigh",Effect of Probiotic supplementation is a safe and effective way to reduce overweight and obesity by regulating the gut microbiota.,Review source text before entering numeric values into final tables.
EUROPEPMC:40735396,PubMed,40735396,"The Effects of Probiotics Consumption on Blood Pressure, Lipid Profile, Glycemic Indices, and Inflammatory Parameters in Overweight and Obese Adults: A Systematic Review and Meta-Analysis of Randomized Controlled Trials.",,,,,,p = 0.605; p = 0.037; p = 0.002; p = 0.001; p = 0.039; p = 0.020; p = 0.316; p = 0.022,,,,,,,"Administration of probiotics led to a slight to low-sized beneficial effect on systolic blood pressure (SBP) (standardized mean difference [SMD] = -0.09; 95% CI: -0.45, 0.26; p = 0.605), diastolic blood pressure (DBP) (SMD = -0.27; 95% CI: -0.53, -0.02; p = 0.037), fasting plasma glucose (FPG) (SMD = -0.16; 95% CI: -0.26, 0.06; p = 0.002), fasting insulin (SMD = -0.22; 95% CI: -0.34, 0.00; p = 0.001), total cholesterol (TC) (SMD = -0.10; 95% CI: -0.20, -0.01; p = 0.039), Low-density lipoprotein-","Administration of probiotics led to a slight to low-sized beneficial effect on systolic blood pressure (SBP) (standardized mean difference [SMD] = -0.09; 95% CI: -0.45, 0.26; p = 0.605), diastolic blood pressure (DBP) (SMD = -0.27; 95% CI: -0.53, -0.02; p = 0.037), fasting plasma glucose (FPG) (SMD = -0.16; 95% CI: -0.26, 0.06; p = 0.002), fasting insulin (SMD = -0.22; 95% CI: -0.34, 0.00; p = 0.001), total cholesterol (TC) (SMD = -0.10; 95% CI: -0.20, -0.01; p = 0.039), Low-density lipoprotein-",,Review source text before entering numeric values into final tables.
PMID:40106235,PubMed,40106235,Childhood Obesity Body Mass Index and Gut Microbiome: A Cluster Randomized Controlled Pilot Feasibility Study.,,12 weeks,,,,,,,,Lower BMI was associated with a decrease in fecal Tenericutes and an increase in Actinobacteria.,,Results: A decrease in body fat (BF) was associated with higher pre-test BF.,,,,Review source text before entering numeric values into final tables.
PMID:40451504,PubMed,40451504,"Comparing the effects of yogurt containing Akkermansia muciniphilia postbiotic with yogurt containing Lactobacillus rhamnosus postbiotic on body composition, biochemical indices, appetite, and depression scores in overweight or obese adults: A randomized, double-blind, controlled clinical trial.",n = 22,8-week,,,,P = 0.003; P = 0.004; P = 0.032; P = 0.045; P = 0.047,,,"The objective of this study was to compare the impact of daily consumption of Akkermansia muciniphila postbiotic-fortified yogurt (AMY) with Lactobacillus rhamnosus postbiotic-fortified yogurt (LRY) on the health parameters in overweight and obese patients.; In this 8-week randomized double-blinded clinical trial, 66 people with overweight and obesity were randomly allocated to three groups: 1) AMY group (n = 22), 2) LRY group (n = 22), and 3) low-fat yogurt (LFY) as placebo (n = 22).",,"The registration number was IRCT20230522058257N1.; In the AMY group, significant reductions were observed in waist circumference (P = 0.003), waist-to-height ratio (P = 0.004), body fat percentage (P = 0.032), aspartate aminotransferase levels (P = 0.045), and appetite scores (P = 0.047) compared with the control group.","The registration number was IRCT20230522058257N1.; In the AMY group, significant reductions were observed in waist circumference (P = 0.003), waist-to-height ratio (P = 0.004), body fat percentage (P = 0.032), aspartate aminotransferase levels (P = 0.045), and appetite scores (P = 0.047) compared with the control group.",,,,Review source text before entering numeric values into final tables.
PMID:40573158,PubMed,40573158,Modulation of Gut Microbiota by Whole Encapsulated Brown Seaweed (,,30 days; 3-day,,2 g/day,,,,,,,,,,,"Notable changes in the gut microbiota composition were observed after the intervention, including increases in short-chain fatty acid-producing species, such as Parabacteroides distasonis, Bacteroides eggerthii, Bacteroides uniformis, and Bacteroides obeum.",Review source text before entering numeric values into final tables.
PMID:41659802,PubMed,41659802,Effects of modified fasting therapy on tongue coating and gut microbiome in overweight and obese adults: a controlled clinical trial.,48 participants; n = 35; n = 13,7-day,,,,p < 0.01; p < 0.05,,,"Caloric restriction facilitates weight loss and metabolic improvement, in part by altering the gut microbiota.","Participants were assigned to either a 7-day modified fasting group (550 kcal/day, n = 35) or a control group (n = 13) based on their personal preference.; In the fasting group, body weight decreased by 4.0 ± 1.6 kg (p < 0.01), BMI decreased by 1.51 ± 0.58 (p < 0.01), significantly, accompanied by marked improvements in blood glucose and lipid profiles (p < 0.05).",,,"Participants were assigned to either a 7-day modified fasting group (550 kcal/day, n = 35) or a control group (n = 13) based on their personal preference.; In the fasting group, body weight decreased by 4.0 ± 1.6 kg (p < 0.01), BMI decreased by 1.51 ± 0.58 (p < 0.01), significantly, accompanied by marked improvements in blood glucose and lipid profiles (p < 0.05).","Participants were assigned to either a 7-day modified fasting group (550 kcal/day, n = 35) or a control group (n = 13) based on their personal preference.; In the fasting group, body weight decreased by 4.0 ± 1.6 kg (p < 0.01), BMI decreased by 1.51 ± 0.58 (p < 0.01), significantly, accompanied by marked improvements in blood glucose and lipid profiles (p < 0.05).","Caloric restriction facilitates weight loss and metabolic improvement, in part by altering the gut microbiota.",Review source text before entering numeric values into final tables.
PMID:38393021,PubMed,38393021,The Efficacy of,,12 weeks,,,,,,,"bulgaricus) in improving body weight, obesity-related outcomes, and lipid profiles of overweight people.","bulgaricus supplementation under the present condition did not affect the body weight, fat percentage, or body mass index (BMI) of the participants, while it resulted in a notable decrease in blood triglyceride (TG) levels, which corresponded to a lowering of the TG proportion in the composition of large VLDL (L-XXL sized fractions) and HDL (M and L fractions) in the probiotic-treated group.",,,,"bulgaricus) in improving body weight, obesity-related outcomes, and lipid profiles of overweight people.",,Review source text before entering numeric values into final tables.
PMID:38419068,PubMed,38419068,"Effects of a chronotype-adapted diet on weight loss, cardiometabolic health, and gut microbiota: study protocol for a randomized controlled trial.",,4-month,,,,,,,"Such knowledge could guide the development of innovative dietary interventions to optimize the prevention and management of overweight and obesity, while also improving the risk profile of these individuals.; ClinicalTrials.gov NCT05941871.",,,,,,,Review source text before entering numeric values into final tables.
PMID:38926901,PubMed,38926901,"Effects of whole-body vibration on body composition, microbiota, cardiometabolic markers, physical fitness, and quality of life after bariatric surgery: protocol for a randomized controlled trial.",,4-month; 45 days; 6 months; 18 months,,,,,,,,,,,,,"Measurements of body composition (dual-energy X-ray absorptiometry and peripheral quantitative computed tomography), physical fitness (muscular strength, agility, cardiorespiratory fitness, and balance), gait biomechanics, cardiometabolic markers, gut microbiota, quality of life, and physical activity levels will be collected at four different time points: (1) prior to the surgery, (2) 45 days post-surgery, (3) 6 months post-surgery, and (4) 18 months post-surgery.; Both groups are expected to e",Review source text before entering numeric values into final tables.
PMID:39415279,PubMed,39415279,Effect of Sinetrol,n = 20,16 weeks,,1800 mg/day; 900 mg/day,,,,,"There was a trend for decrease in visceral adipose tissue (VAT), BMI over time and body weight displayed a trend for dose dependent decrease.","There was a trend for decrease in visceral adipose tissue (VAT), BMI over time and body weight displayed a trend for dose dependent decrease.",,"There was a trend for decrease in visceral adipose tissue (VAT), BMI over time and body weight displayed a trend for dose dependent decrease.","Fat composition, gut microbial composition, were evaluated using MRI and 16S rDNA sequencing respectively at week 1 and 16.; We observed HDL, HbA1C, LDL and leptin improved significantly over 16 weeks, irrespective of the dosage.",,"Both doses increased butyrate producers such as Eubacterium ruminantium and Ruminococcaceae NK4A214 genus.; Overall chronic supplementation of Sinetrol® Xpur, irrespective of their dose improved HDL, HbA1c, LDL and leptin and tended to decrease visceral adipose tissue via changes in gut microbiota.",Review source text before entering numeric values into final tables.
PMID:39639405,PubMed,39639405,Gut microbiota and metabolic responses to a 12-week caloric restriction combined with strength and HIIT training in patients with obesity: a randomized trial.,,12-week,,,BMI 37.33; BMI 38.65,,,,,,"Notably, the Random Forest Machine Learning analysis identified predictors (Butyrivibrio fibrisolvens, Blautia caecimuris, Coprococcus comes, and waist circumference) with a moderate ability to discriminate between INT subjects pre- and post-intervention.; Our results indicate that a 12-week caloric restriction combined with strength and HIIT training positively influences body composition, metabolic health biomarkers, gut microbiota, and microbial metabolites, demonstrating significant correlat",,,,"Notably, the Random Forest Machine Learning analysis identified predictors (Butyrivibrio fibrisolvens, Blautia caecimuris, Coprococcus comes, and waist circumference) with a moderate ability to discriminate between INT subjects pre- and post-intervention.; Our results indicate that a 12-week caloric restriction combined with strength and HIIT training positively influences body composition, metabolic health biomarkers, gut microbiota, and microbial metabolites, demonstrating significant correlat",Review source text before entering numeric values into final tables.
PMID:35487505,PubMed,35487505,"Effect of Lactobacillus plantarum LMT1-48 on Body Fat in Overweight Subjects: A Randomized, Double-Blind, Placebo-Controlled Trial.",,12 weeks,,,,P=0.022; P=0.041; P<0.05,,,"Changes in body fat, VFA, anthropometric parameters, and biomarkers were compared between the two treatment groups (ClinicalTrials.gov number: NCT03759743).; After 12 weeks of treatment, the body weight decreased significantly from 76.6±9.4 to 75.7±9.2 kg in the LMT1-48 group but did not change in the placebo group (P=0.022 between groups).",Decrease in body weight and body mass index by treatment with LMT1-48 was correlated with increase in Lactobacillus levels significantly.,,"Changes in body fat, VFA, anthropometric parameters, and biomarkers were compared between the two treatment groups (ClinicalTrials.gov number: NCT03759743).; After 12 weeks of treatment, the body weight decreased significantly from 76.6±9.4 to 75.7±9.2 kg in the LMT1-48 group but did not change in the placebo group (P=0.022 between groups).","Serum insulin levels, the corresponding homeostasis model assessment of insulin resistance, and leptin levels decreased in the LMT1-48 group but increased in the placebo group (all P<0.05).","LMT1-48 also increased Oscillibacter levels significantly, which were negatively correlated with triglyceride and alanine transaminase levels.; Administration of LMT1-48 decreased body weight, abdominal VFA, insulin resistance, and leptin levels in these subjects with overweight, suggesting its anti-obesogenic therapeutic potential.",,Review source text before entering numeric values into final tables.
PMID:36484872,PubMed,36484872,"Effects of synbiotic supplementation on anthropometric indices and body composition in overweight or obese children and adolescents: a randomized, double-blind, placebo-controlled clinical trial.",60 participants; n = 30,,6 x 10^9 CFU,,,P = 0.770; P = 0.05,,,,,The waist-height ratio (WHtR) decreased significantly at the end of the intervention in comparison with baseline in the synbiotic group (0.54 ± 0.05 vs.,,,,,Review source text before entering numeric values into final tables.
PMID:36793105,PubMed,36793105,"Design of the Building Research in CRC prevention (BRIDGE-CRC) trial: a 6-month, parallel group Mediterranean diet and weight loss randomized controlled lifestyle intervention targeting the bile acid-gut microbiome axis to reduce colorectal cancer risk among African American/Black adults with obesity.",,6-month; 6 months,,,,,,,"Design of the Building Research in CRC prevention (BRIDGE-CRC) trial: a 6-month, parallel group Mediterranean diet and weight loss randomized controlled lifestyle intervention targeting the bile acid-gut microbiome axis to reduce colorectal cancer risk among African American/Black adults with obesity.",,,,,,"Design of the Building Research in CRC prevention (BRIDGE-CRC) trial: a 6-month, parallel group Mediterranean diet and weight loss randomized controlled lifestyle intervention targeting the bile acid-gut microbiome axis to reduce colorectal cancer risk among African American/Black adults with obesity.",Review source text before entering numeric values into final tables.
PMID:37084470,PubMed,37084470,Randomized controlled trials reporting the effects of probiotics in individuals with overweight and obesity: A critical review of the interventions and body adiposity parameters.,,12 weeks,1010 CFU/day,,,,,,As main results we observed that ∼30% of the RCTs reported a significant decrease in body weight and body mass index (BMI) and ∼50% found a significant reduction in waist circumference and total fat mass.,As main results we observed that ∼30% of the RCTs reported a significant decrease in body weight and body mass index (BMI) and ∼50% found a significant reduction in waist circumference and total fat mass.,As main results we observed that ∼30% of the RCTs reported a significant decrease in body weight and body mass index (BMI) and ∼50% found a significant reduction in waist circumference and total fat mass.,As main results we observed that ∼30% of the RCTs reported a significant decrease in body weight and body mass index (BMI) and ∼50% found a significant reduction in waist circumference and total fat mass.,,,,Review source text before entering numeric values into final tables.
PMID:34444671,PubMed,34444671,Effects of 60-Day,,60-Day; 60-day,,,BMI 30-35,p < 0.05,,,"Intervention group showed a statistically significant (p < 0.05) decrease of body weight, BMI, fat mass, insulin, HOMA Index and uric acid.","Intervention group showed a statistically significant (p < 0.05) decrease of body weight, BMI, fat mass, insulin, HOMA Index and uric acid.",,"Intervention group showed a statistically significant (p < 0.05) decrease of body weight, BMI, fat mass, insulin, HOMA Index and uric acid.","Intervention group showed a statistically significant (p < 0.05) decrease of body weight, BMI, fat mass, insulin, HOMA Index and uric acid.",,,Review source text before entering numeric values into final tables.
PMID:32234652,PubMed,32234652,Gut microbiota composition after diet and probiotics in overweight breast cancer survivors: a randomized open-label pilot intervention trial.,n = 16; n = 18,,,1 sachet,,P = 0.01; P = 0.004; P = 0.012; P = 0.045; P = 0.017,,,"Significant reductions of body weight, body mass index, fasting glucose, and homeostasis model assessment of insulin resistance were identified at T4 in both groups; in the intervention group waist circumference (P = 0.012), waist-to-hip ratio (P = 0.045), and fasting insulin (P = 0.017) also significantly decreased.; Probiotics in addition to an MD positively influence gut microbiota and improve metabolic and anthropometric parameters compared with an MD alone.","Significant reductions of body weight, body mass index, fasting glucose, and homeostasis model assessment of insulin resistance were identified at T4 in both groups; in the intervention group waist circumference (P = 0.012), waist-to-hip ratio (P = 0.045), and fasting insulin (P = 0.017) also significantly decreased.; Probiotics in addition to an MD positively influence gut microbiota and improve metabolic and anthropometric parameters compared with an MD alone.","Significant reductions of body weight, body mass index, fasting glucose, and homeostasis model assessment of insulin resistance were identified at T4 in both groups; in the intervention group waist circumference (P = 0.012), waist-to-hip ratio (P = 0.045), and fasting insulin (P = 0.017) also significantly decreased.; Probiotics in addition to an MD positively influence gut microbiota and improve metabolic and anthropometric parameters compared with an MD alone.",,"Significant reductions of body weight, body mass index, fasting glucose, and homeostasis model assessment of insulin resistance were identified at T4 in both groups; in the intervention group waist circumference (P = 0.012), waist-to-hip ratio (P = 0.045), and fasting insulin (P = 0.017) also significantly decreased.; Probiotics in addition to an MD positively influence gut microbiota and improve metabolic and anthropometric parameters compared with an MD alone.",,Intestinal microbiota analysis was performed at T0 and T2.; After 2 mo of probiotic administration the number of bacterial species (P = 0.01) and the bacterial diversity assessed with the Chao1 index (P = 0.004) significantly increased; no significant variations were detected after diet alone.,Review source text before entering numeric values into final tables.
PMID:28730743,PubMed,28730743,Inulin-type fructans and whey protein both modulate appetite but only fructans alter gut microbiota in adults with overweight/obesity: A randomized controlled trial.,125 adults,12 week,,,,,,,"Independently, prebiotics and dietary protein have been shown to improve weight loss and/or alter appetite.",,,"Compared to Control, body fat was significantly reduced in the Whey protein group at 12 wks.",,,,Review source text before entering numeric values into final tables.
PMID:24795503,PubMed,24795503,"Effect of probiotic (VSL#3) and omega-3 on lipid profile, insulin sensitivity, inflammatory markers, and gut colonization in overweight adults: a randomized, controlled trial.",,6 weeks,,,BMI > 25,P < 0.05; P < 0.01,,,,,,,"VSL#3 improved insulin sensitivity (P < 0.01), decreased hsCRP, and favorably affected the composition of gut microbiota.","The probiotic (VSL#3) supplemented group had significant reduction in total cholesterol, triglyceride, LDL, and VLDL and had increased HDL (P < 0.05) value.","VSL#3 improved insulin sensitivity (P < 0.01), decreased hsCRP, and favorably affected the composition of gut microbiota.",Review source text before entering numeric values into final tables.
EUROPEPMC:42197276,PubMed,42197276,Combined Probiotic,,9-week,,,,,,,,,,,,"In the active group, significant reductions in total cholesterol, LDL-cholesterol, non-HDL cholesterol, and apolipoprotein B were observed at multiple time points during the treatment phase, with changes generally greater in magnitude compared with the placebo group.","Overall, this feasibility study provides exploratory findings that a combined Lactiplantibacillus plantarum ECGC 13110402-phytosterol formulation may support lipid management and beneficially modulate gut microbiota in adults with CeD, particularly for those seeking non-pharmacological approaches to improving cardiometabolic health biomarkers.",Review source text before entering numeric values into final tables.
PMID:41609510,PubMed,41609510,Supplementation With,n = 26; 5 participants; 21 participants,90 days,,,,,,,,,"This randomized, prospective, triple-blind, placebo-controlled clinical trial aimed to evaluate the effects of Lactococcus lactis, a probiotic with anti-inflammatory properties, on cardiometabolic risk factors associated with obesity.; Fifty-two adults with elevated waist circumference and at least one additional metabolic alteration, such as elevated blood pressure, triglycerides, or glucose or reduced high-density lipoprotein cholesterol were recruited and randomly assigned to either a probiot",,"This randomized, prospective, triple-blind, placebo-controlled clinical trial aimed to evaluate the effects of Lactococcus lactis, a probiotic with anti-inflammatory properties, on cardiometabolic risk factors associated with obesity.; Fifty-two adults with elevated waist circumference and at least one additional metabolic alteration, such as elevated blood pressure, triglycerides, or glucose or reduced high-density lipoprotein cholesterol were recruited and randomly assigned to either a probiot","This randomized, prospective, triple-blind, placebo-controlled clinical trial aimed to evaluate the effects of Lactococcus lactis, a probiotic with anti-inflammatory properties, on cardiometabolic risk factors associated with obesity.; Fifty-two adults with elevated waist circumference and at least one additional metabolic alteration, such as elevated blood pressure, triglycerides, or glucose or reduced high-density lipoprotein cholesterol were recruited and randomly assigned to either a probiot",,Review source text before entering numeric values into final tables.
PMID:41667211,PubMed,41667211,Big breakfast diet composition impacts on appetite control and gut health: a randomised weight loss trial in adults with overweight or obesity.,,,,,,,,,,,,,,,"The faecal microbiota analysis showed beneficial groups of bacteria, including bifidobacteria, and the butyrate producers Faecalibacterium and Roseburia, were significantly increased in proportional abundance on the HFWL diet.",Review source text before entering numeric values into final tables.
PMID:41997541,PubMed,41997541,"Combined effectiveness of omega-3 PUFA-rich fish oil supplementation and high-intensity interval training in obesity associated metabolic dysfunction: Protocol for a double-blind, randomized clinical trial.",,10 weeks; 4-weeks; 4 weeks,,4 g/day,,,,,,"This study investigates the combined impact of n-3 PUFA supplementation and high-intensity interval training (HIIT) on obesity-related inflammation and gut microbiota dysbiosis, hypothesizing that improvements in gut microbiota composition driven by n-3 PUFAs may enhance the metabolic benefits of exercise.; Adults with a body mass index (BMI) ≥ 25 kg/m2 are randomized to receive either 4 g/day n-3 PUFA or safflower oil (placebo) for 10 weeks.",,,,,"This study investigates the combined impact of n-3 PUFA supplementation and high-intensity interval training (HIIT) on obesity-related inflammation and gut microbiota dysbiosis, hypothesizing that improvements in gut microbiota composition driven by n-3 PUFAs may enhance the metabolic benefits of exercise.; Adults with a body mass index (BMI) ≥ 25 kg/m2 are randomized to receive either 4 g/day n-3 PUFA or safflower oil (placebo) for 10 weeks.",Review source text before entering numeric values into final tables.
PMID:42097279,PubMed,42097279,Gut microbiota responses to isocaloric macronutrient modulation in tissue-specific insulin resistance: a secondary analysis of the PERSonalized glucose Optimization through Nutritional intervention (PERSON) randomized trial.,179 individuals,,,,,P < 0.05; P < 0.001; P = 0.0001,,,,"It remains unclear whether these improvements may partially be explained by gut microbiota-related mechanisms.; We investigated whether 12-wk high monounsaturated fatty acid (HMUFA) and low-fat, high-protein, high-fiber diets (LFHP) impact gut microbiota composition and functionality in people with predominant muscle IR (MIR) compared with liver IR (LIR) in relation to cardiometabolic health improvements.; This 2-center, randomized, double-blind, dietary intervention trial included 179 individua",,,We previously showed that dietary macronutrient modulation targeting tissue-specific insulin resistance (IR) phenotypes induced pronounced improvements in cardiometabolic health.,,"It remains unclear whether these improvements may partially be explained by gut microbiota-related mechanisms.; We investigated whether 12-wk high monounsaturated fatty acid (HMUFA) and low-fat, high-protein, high-fiber diets (LFHP) impact gut microbiota composition and functionality in people with predominant muscle IR (MIR) compared with liver IR (LIR) in relation to cardiometabolic health improvements.; This 2-center, randomized, double-blind, dietary intervention trial included 179 individua",Review source text before entering numeric values into final tables.
PMID:42142662,PubMed,42142662,"The Effects of a Powdered Meal Replacement on Inflammation, Gut Microbiota, and Metabolism in People With Excess Body Weight-A Randomized Controlled Trial.",n = 34; n = 29,12-week,,,,P < 0.001; P = 0.412; P = 0.014; P = 0.01; P = 0.003,,,,,,,,"In exploratory outcomes, PMR increased lean soft tissue [0.57 (0.12, 1.02) kg, P = 0.014] and reduced total cholesterol [-0.33 (-0.58, -0.08) mmol/L, P = 0.01] and low-density lipoprotein cholesterol [-0.28 (-0.46, -0.10) mmol/L, P = 0.003].; In this population, PMR intake did not improve chronic low-grade inflammation and had limited effects on gut microbiota, but was associated with improvements in lean soft tissue and lipid profile that warrant further exploration.","Minor changes in gut microbiota composition included an increase in relative abundance of Subdoligranulum (0.72 Log2 fold-change, q = 0.002).",Review source text before entering numeric values into final tables.
EUROPEPMC:40676704,PubMed,40676704,"Multi-omics analyses the effect of Bifidobacterium longum subsp. longum BL21 supplementation on overweight and obese subjects: a randomized, double-blind, placebo-controlled study.",,8 weeks,,3 g,,P = 0.02; P = 0.01; P = 0.81; P = 0.04,,,"longum strain BL21 on gut microbiota, serum metabolomics, body weight and lipids profiles in overweight and obese participants.; Following the intervention, both the BL21 group (1.22 ± 2.78, P = 0.02) and placebo group (0.98 ± 2.06, P = 0.01) demonstrated significant body weight reductions, with no statistically significant intergroup difference observed (P = 0.81).",,,,,"longum strain BL21 on gut microbiota, serum metabolomics, body weight and lipids profiles in overweight and obese participants.; Following the intervention, both the BL21 group (1.22 ± 2.78, P = 0.02) and placebo group (0.98 ± 2.06, P = 0.01) demonstrated significant body weight reductions, with no statistically significant intergroup difference observed (P = 0.81).","longum strain BL21 on gut microbiota, serum metabolomics, body weight and lipids profiles in overweight and obese participants.; Following the intervention, both the BL21 group (1.22 ± 2.78, P = 0.02) and placebo group (0.98 ± 2.06, P = 0.01) demonstrated significant body weight reductions, with no statistically significant intergroup difference observed (P = 0.81).",Review source text before entering numeric values into final tables.
NCT:NCT07306988,ClinicalTrials.gov,NCT07306988,Eradication of Helicobacter Pylori Improves Metabolic Syndrome Through Modulation of Gut Microbiota.,120,,,,,,Vonoprazan-Amoxicillin Dual Therapy; Vonoprazan-Amoxicillin with Bifidobacterium tetravaccae; Vonoprazan-Amoxicillin with Berberine,Helicobacter pylori Eradication Rate; Change in Serum Triglycerides; Change in HDL Cholesterol; Change in Blood Pressure; Change in Waist Circumference; Change in Fasting Plasma Glucose,,,,,,,Eradication of Helicobacter Pylori Improves Metabolic Syndrome Through Modulation of Gut Microbiota.,Review source text before entering numeric values into final tables.
PMID:40390848,PubMed,40390848,Effects of Daily Kombu (,,12 weeks,,420 μg/day,,,,,,,,"Effects of Daily Kombu ( Visceral obesity is considered to have a significant role in the development of metabolic syndrome; therefore, a diet that suppresses visceral fat accumulation could prevent its onset.",,,"The effects of kombu consumption on reducing body fat and associated changes in gut microbiota were assessed in a randomized, double-blind, placebo-controlled intervention study in Japanese adults.",Review source text before entering numeric values into final tables.
PMID:40536121,PubMed,40536121,"Interaction between dietary omega-3 polyunsaturated fatty acids, obesity and gut microbiota in preclinical models: A systematic review of randomized controlled trials.",,,,,,,,,Emerging research underscores the potential of omega-3 polyunsaturated fatty acids (PUFAs) in weight reduction and modulation of the gut microbiota.,,,,,,Emerging research underscores the potential of omega-3 polyunsaturated fatty acids (PUFAs) in weight reduction and modulation of the gut microbiota.,Review source text before entering numeric values into final tables.
PMID:40802664,PubMed,40802664,Effects of Baobab fruit powder on gut and cardiometabolic health in obesity-Protocol for a randomised placebo-controlled trial.,,45 days; 2 weeks,,16 g,,,,,,,,,,,,Review source text before entering numeric values into final tables.
PMID:40977640,PubMed,40977640,Effects of dietary energy restriction of ultra-processed foods compared to a generic energy restriction on the intestinal microbiota of individuals with obesity: a secondary analysis of a randomized clinical trial.,43 individuals; 34 individuals,6 months,,,,p = 0.02,,,,,"%UPF consumption significantly decreased in the group that restricted UPF (p-interaction = 0.01), whereas waist circumference and body fat decreased in both groups (p-moment < 0.01).","%UPF consumption significantly decreased in the group that restricted UPF (p-interaction = 0.01), whereas waist circumference and body fat decreased in both groups (p-moment < 0.01).",,,,Review source text before entering numeric values into final tables.
PMID:41075788,PubMed,41075788,Food- vs. supplement-based very-low-energy diets and gut microbiome composition in women with high body mass index: A randomized controlled trial.,n = 45,3 weeks,,,BMI 30-45,,,,,,,,,,,Review source text before entering numeric values into final tables.
PMID:41141981,PubMed,41141981,Investigating the Microbiota-Gut-Brain Axis Mechanisms of Transcutaneous Auricular Vagus Nerve Stimulation in Patients with Obesity: A Study Protocol for a Randomized Controlled Trial.,74 patients,,,,,,,,"This study aims to evaluate the short-term efficacy of taVNS in reducing body weight in patients with obesity and to explore its underlying mechanisms by assessing changes in neural activity and gut microbial composition.; This single-center, randomized controlled trial will enroll 74 patients with obesity, who will be randomized in a 1:1 ratio to receive either taVNS (electrical stimulation delivered to the left cymba conchae) or sham taVNS (stimulation at the tail of the helix).","Secondary outcomes will include anthropometric measures such as changes in body mass index (BMI), waist circumference, hip circumference, body fat percentage, and visceral fat area.","Secondary outcomes will include anthropometric measures such as changes in body mass index (BMI), waist circumference, hip circumference, body fat percentage, and visceral fat area.","Secondary outcomes will include anthropometric measures such as changes in body mass index (BMI), waist circumference, hip circumference, body fat percentage, and visceral fat area.",,,,Review source text before entering numeric values into final tables.
PMID:41163367,PubMed,41163367,Gut enterotype- and body mass index (BMI)-dependent effects of anthocyanin supplementation on gut microbiota composition in individuals at risk for cognitive decline: a randomized placebo-controlled trial.,n = 99,24-week,,,,,,,"BMI-specific responses included enrichment of Oscillibacter and Ezakiella in healthy-weight individuals and Bacteroidota taxa in obese participants, alongside consistent reductions in Firmicutes.","BMI-specific responses included enrichment of Oscillibacter and Ezakiella in healthy-weight individuals and Bacteroidota taxa in obese participants, alongside consistent reductions in Firmicutes.",,,,,,Review source text before entering numeric values into final tables.
NCT:NCT06423287,ClinicalTrials.gov,NCT06423287,Effects of TRE With Lactobacillus Plantarum LP-KFY04 Supplementation on Overweight / Obese Individuals,160,12 weeks,,,,,Lactobacillus plantarum LP-KFY04; Take placebo in addition to the limited diet.,Change of body weight from baseline to 12 weeks after intervention,,,,,,,,Review source text before entering numeric values into final tables.
PMID:37793780,PubMed,37793780,Prebiotic diet changes neural correlates of food decision-making in overweight adults: a randomised controlled within-subject cross-over trial.,,14 days,,30 g/day,,p <0.05,,,,,,,,,"Animal studies suggest that prebiotic, plant-derived nutrients could improve homoeostatic and hedonic brain functions through improvements in microbiome-gut-brain communication.",Review source text before entering numeric values into final tables.
PMID:38246355,PubMed,38246355,Daily Cashew and Brazil Nut Consumption Modifies Intestinal Health in Overweight Women on Energy-Restricted Intervention: A Randomized Controlled Trial (Brazilian Nuts Study).,,8-week,,30 g; 15 g,,P < 0.05,,,"Nuts can provide nutrients and bioactive compounds that modulate gut microbiota and inflammation, enhancing the beneficial effects of weight loss.; To evaluate the effect of consuming cashew nuts (Anacardium occidentale L.) and Brazil nuts (Bertholletia excelsa H.B.K) on intestinal permeability and microbiota, fecal SCFAs and pH, inflammation, and weight loss in energy restriction condition.; In this 8-week randomized controlled trial, 40 women with overweight or obesity were assigned to energy-",,,"Changes in intestinal permeability were correlated to a greater reduction in body fat (kg), and IL-8, and increases in Ruminococcus abundance.; Our findings demonstrate a positive impact of BN consumption within an energy-restricted context, linked to the augmentation of potentially beneficial bacteria and pathways associated with body fat reduction.",,,"Nuts can provide nutrients and bioactive compounds that modulate gut microbiota and inflammation, enhancing the beneficial effects of weight loss.; To evaluate the effect of consuming cashew nuts (Anacardium occidentale L.) and Brazil nuts (Bertholletia excelsa H.B.K) on intestinal permeability and microbiota, fecal SCFAs and pH, inflammation, and weight loss in energy restriction condition.; In this 8-week randomized controlled trial, 40 women with overweight or obesity were assigned to energy-",Review source text before entering numeric values into final tables.
PMID:38713231,PubMed,38713231,"Effect of prebiotic fiber on physical function and gut microbiota in adults, mostly women, with knee osteoarthritis and obesity: a randomized controlled trial.",n = 54; n = 31; n = 21,6-month; 6 months; 3 months,,16 g/day,BMI > 30,p = 0.059,,,,,,Prebiotics enhance beneficial gut microbes and can reduce body fat and inflammation.,,,"Performance based-tests, knee pain, quality of life, serum metabolomics and inflammatory markers, and fecal microbiota and short-chain fatty acids were assessed.; Significant between group differences were detected for the change in timed-up-and-go test, 40 m fast paced walk test, and hand grip strength test from baseline that favored prebiotic over placebo.",Review source text before entering numeric values into final tables.
PMID:39594049,PubMed,39594049,"The Impact of Green Tea Kombucha on the Intestinal Health, Gut Microbiota, and Serum Metabolome of Individuals with Excess Body Weight in a Weight Loss Intervention: A Randomized Controlled Trial.",n = 29; n = 30,,,,,,,,,,,,,,"After the intervention, no differences related to intestinal permeability and microbiota were found between groups, but only the CG had increased fecal pH, lactulose/mannitol ratio, and zonulin.",Review source text before entering numeric values into final tables.
PMID:39664910,PubMed,39664910,Effect of synbiotic supplementation on obesity and gut microbiota in obese adults: a double-blind randomized controlled trial.,80 individuals,12 weeks,1 x 10^11 CFU/day,0.7 g/day,,,,,,,"Body composition, blood lipids, serum hormone, bile acids, and gut microbiota were measured pre-and post-intervention.; Synbiotics supplementation significantly decreased body fat percentage, waist, and serum low-density lipoprotein cholesterol (LDL-C), increased peptide YY, cholecystokinin, oxyntomodulin, GSH (glutathione peroxidase) in individuals with obesity.","Body composition, blood lipids, serum hormone, bile acids, and gut microbiota were measured pre-and post-intervention.; Synbiotics supplementation significantly decreased body fat percentage, waist, and serum low-density lipoprotein cholesterol (LDL-C), increased peptide YY, cholecystokinin, oxyntomodulin, GSH (glutathione peroxidase) in individuals with obesity.",,"Body composition, blood lipids, serum hormone, bile acids, and gut microbiota were measured pre-and post-intervention.; Synbiotics supplementation significantly decreased body fat percentage, waist, and serum low-density lipoprotein cholesterol (LDL-C), increased peptide YY, cholecystokinin, oxyntomodulin, GSH (glutathione peroxidase) in individuals with obesity.","Body composition, blood lipids, serum hormone, bile acids, and gut microbiota were measured pre-and post-intervention.; Synbiotics supplementation significantly decreased body fat percentage, waist, and serum low-density lipoprotein cholesterol (LDL-C), increased peptide YY, cholecystokinin, oxyntomodulin, GSH (glutathione peroxidase) in individuals with obesity.",Review source text before entering numeric values into final tables.
NCT:NCT06313580,ClinicalTrials.gov,NCT06313580,Spices for Cultivating a Healthy Gut Microbiome and Cardiometabolic Profile,30,,,,,,Yogurt with added Spices; Yogurt without added Spices,"Concentration of fecal short chain fatty acids including acetate, proprionate, and butyrate; Concentration of serum leptin; Concentration of serum ghrelin (pg/mL); Concentration of serum peptide tyrosine tyrosine (PYY)",,,,,,,,Review source text before entering numeric values into final tables.
PMID:35714163,PubMed,35714163,,152 adults,12-week,,,,,,,"Results: Although probiotic supplementation did not potentiate the reduction in body weight or fat mass, a significant decrease in plasma insulin, HOMA-IR, LDL-cholesterol and triglycerides was observed in the probiotic-supplemented group only.",,,"Results: Although probiotic supplementation did not potentiate the reduction in body weight or fat mass, a significant decrease in plasma insulin, HOMA-IR, LDL-cholesterol and triglycerides was observed in the probiotic-supplemented group only.","Results: Although probiotic supplementation did not potentiate the reduction in body weight or fat mass, a significant decrease in plasma insulin, HOMA-IR, LDL-cholesterol and triglycerides was observed in the probiotic-supplemented group only.","Results: Although probiotic supplementation did not potentiate the reduction in body weight or fat mass, a significant decrease in plasma insulin, HOMA-IR, LDL-cholesterol and triglycerides was observed in the probiotic-supplemented group only.",,Review source text before entering numeric values into final tables.
PMID:37082115,PubMed,37082115,Time-restricted feeding's effect on overweight and obese patients with chronic kidney disease stages 3-4: A prospective non-randomized control pilot study.,,12 weeks,,2.5 g,,,,,We recruited overweight and obese patients with CKD stages 3-4 from an outpatient clinic and assigned them to either a TRF group or a control diet (CD) group according to their preferences.,,,"In addition, the TRF group showed a significant decrease in body weight (Δ = -2.8 ± 2.9 kg) compared to the CD group, and body composition indicated the same decrease in body fat mass, fat free mass and body water.",,,"Changes in renal function, other biochemical data, anthropometric parameters, gut microbiota, and adverse events were measured before the intervention and after 12 weeks.; The change in estimated glomerular filtration rate (eGFR) before and after intervention in the TRF group (Δ = 3.1 ± 5.3 ml/min/1.73m2) showed significant improvement compared with the CD group (Δ = -0.8 ± 4.4 ml/min/1.73m2).",Review source text before entering numeric values into final tables.
PMID:37709337,PubMed,37709337,Impact of a Powdered Meal Replacement on Metabolism and Gut Microbiota (PREMIUM) in individuals with excessive body weight: a study protocol for a randomised controlled trial.,n=88,12-week; 12 weeks,,,,,,,"The aim of this 12-week randomised control clinical trial is to investigate the effects of PMR consumption, here given as a soy-yoghurt-honey formula, on inflammation, gut microbiome and overall metabolism in individuals with excessive body weight.; Healthy adults with excess body weight (n=88) are being recruited and randomly assigned to one of the following groups: (1) Control group (CON): maintaining usual diet for 12 weeks, or (2) PMR group: replacing morning and afternoon snacks daily with ",,,,,,"The aim of this 12-week randomised control clinical trial is to investigate the effects of PMR consumption, here given as a soy-yoghurt-honey formula, on inflammation, gut microbiome and overall metabolism in individuals with excessive body weight.; Healthy adults with excess body weight (n=88) are being recruited and randomly assigned to one of the following groups: (1) Control group (CON): maintaining usual diet for 12 weeks, or (2) PMR group: replacing morning and afternoon snacks daily with ",Review source text before entering numeric values into final tables.
PMID:35247098,PubMed,35247098,"Impact of wheat aleurone on biomarkers of cardiovascular disease, gut microbiota and metabolites in adults with high body mass index: a double-blind, placebo-controlled, randomized clinical trial.",n = 34; n = 33,4 weeks,,27 g/day,,,,,"Secondary objectives included changes in CVD biomarkers, fecal microbiota composition and plasma/urine metabolite profiles.; A parallel double-blind, placebo-controlled and randomized trial was carried out in two groups of obese/overweight subjects, matched for age, BMI and gender, consuming foods supplemented with either aleurone (27 g/day) (AL, n = 34) or cellulose (placebo treatment, PL, n = 33) for 4 weeks.; No significant changes in plasma homocysteine or other clinical markers were observe","Secondary objectives included changes in CVD biomarkers, fecal microbiota composition and plasma/urine metabolite profiles.; A parallel double-blind, placebo-controlled and randomized trial was carried out in two groups of obese/overweight subjects, matched for age, BMI and gender, consuming foods supplemented with either aleurone (27 g/day) (AL, n = 34) or cellulose (placebo treatment, PL, n = 33) for 4 weeks.; No significant changes in plasma homocysteine or other clinical markers were observe",,,,,"Secondary objectives included changes in CVD biomarkers, fecal microbiota composition and plasma/urine metabolite profiles.; A parallel double-blind, placebo-controlled and randomized trial was carried out in two groups of obese/overweight subjects, matched for age, BMI and gender, consuming foods supplemented with either aleurone (27 g/day) (AL, n = 34) or cellulose (placebo treatment, PL, n = 33) for 4 weeks.; No significant changes in plasma homocysteine or other clinical markers were observe",Review source text before entering numeric values into final tables.
PMID:35351144,PubMed,35351144,Physical activity enhances the improvement of body mass index and metabolism by inulin: a multicenter randomized placebo-controlled trial performed in obese individuals.,106 patients; 61 patients; n = 31; n = 30,3 months,,16 g/day,,,,,,Physical activity enhances the improvement of body mass index and metabolism by inulin: a multicenter randomized placebo-controlled trial performed in obese individuals.,,,"In parallel, a preclinical study was designed combining both inulin supplementation and voluntary exercise in a model of diet-induced obesity in mice.; Obese subjects who increased PA during a 3 months intervention with inulin-enriched diet exhibited several clinical improvements such as reduced BMI (- 1.6 kg/m2), decreased liver enzymes and plasma cholesterol, and improved glucose tolerance.","In parallel, a preclinical study was designed combining both inulin supplementation and voluntary exercise in a model of diet-induced obesity in mice.; Obese subjects who increased PA during a 3 months intervention with inulin-enriched diet exhibited several clinical improvements such as reduced BMI (- 1.6 kg/m2), decreased liver enzymes and plasma cholesterol, and improved glucose tolerance.",Dietary interventions targeting the gut microbiota have been proposed as innovative strategies to improve obesity-associated metabolic disorders.,Review source text before entering numeric values into final tables.
NCT:NCT04886778,ClinicalTrials.gov,NCT04886778,Efficacy and Safety of Low-Carbohydrate Diet Combined With Probiotics for Weight Loss in Male Obese Patients.,44,,,,,,Low-carbohydrate diet; Probiotic compound preparations; Placebo,Changes in body weight.; Incidence rate of adverse events.,Phased changes in body weight at 4th and 8th weeks.; Phased changes in body mass index at 4th and 8th weeks.; Changes in fasting blood glucose.; Changes in fasting insulin.; Changes in insulin resistance index (HOMA-IR) .; Changes in waist circumference.; Changes in waist-to-hip ratio.; Changes in triglycerides in the blood.; Changes in total cholesterol in the blood.; Changes in low-density lipoprotein in the blood.; Changes in high-density lipoprotein in the blood.; Changes in body fat percent,Phased changes in body weight at 4th and 8th weeks.; Phased changes in body mass index at 4th and 8th weeks.; Changes in fasting blood glucose.; Changes in fasting insulin.; Changes in insulin resistance index (HOMA-IR) .; Changes in waist circumference.; Changes in waist-to-hip ratio.; Changes in triglycerides in the blood.; Changes in total cholesterol in the blood.; Changes in low-density lipoprotein in the blood.; Changes in high-density lipoprotein in the blood.; Changes in body fat percent,Phased changes in body weight at 4th and 8th weeks.; Phased changes in body mass index at 4th and 8th weeks.; Changes in fasting blood glucose.; Changes in fasting insulin.; Changes in insulin resistance index (HOMA-IR) .; Changes in waist circumference.; Changes in waist-to-hip ratio.; Changes in triglycerides in the blood.; Changes in total cholesterol in the blood.; Changes in low-density lipoprotein in the blood.; Changes in high-density lipoprotein in the blood.; Changes in body fat percent,Phased changes in body weight at 4th and 8th weeks.; Phased changes in body mass index at 4th and 8th weeks.; Changes in fasting blood glucose.; Changes in fasting insulin.; Changes in insulin resistance index (HOMA-IR) .; Changes in waist circumference.; Changes in waist-to-hip ratio.; Changes in triglycerides in the blood.; Changes in total cholesterol in the blood.; Changes in low-density lipoprotein in the blood.; Changes in high-density lipoprotein in the blood.; Changes in body fat percent,Phased changes in body weight at 4th and 8th weeks.; Phased changes in body mass index at 4th and 8th weeks.; Changes in fasting blood glucose.; Changes in fasting insulin.; Changes in insulin resistance index (HOMA-IR) .; Changes in waist circumference.; Changes in waist-to-hip ratio.; Changes in triglycerides in the blood.; Changes in total cholesterol in the blood.; Changes in low-density lipoprotein in the blood.; Changes in high-density lipoprotein in the blood.; Changes in body fat percent,Phased changes in body weight at 4th and 8th weeks.; Phased changes in body mass index at 4th and 8th weeks.; Changes in fasting blood glucose.; Changes in fasting insulin.; Changes in insulin resistance index (HOMA-IR) .; Changes in waist circumference.; Changes in waist-to-hip ratio.; Changes in triglycerides in the blood.; Changes in total cholesterol in the blood.; Changes in low-density lipoprotein in the blood.; Changes in high-density lipoprotein in the blood.; Changes in body fat percent,,Review source text before entering numeric values into final tables.
PMID:32698957,PubMed,32698957,"The effect of synbiotic on glycemic profile and sex hormones in overweight and obese breast cancer survivors following a weight-loss diet: A randomized, triple-blind, controlled trial.",n = 38,8 weeks; 8-week,109 CFU/day,,,P = 0.006; P = 0.007,,,"However, no significant changes were observed in serum insulin, fasting plasma glucose, HbA1c, HOMA-IR, IGF-1, estradiol, testosterone, DHEA-S and sex hormone binding globulin between-groups at the end of the intervention.; Overall, as the 8-week synbiotic consumption compared with placebo had insignificant-reducing effects on glycemic profile, IGF-1 and sex hormones among overweight and obese postmenopausal BCSs, synbiotics may exert considerable beneficial consequences, which need to be furthe",,,,"Body composition, physical activity, glycemic profile, IGF-1, estradiol, testosterone and dehydroepiandrosterone sulfate (DHEA-S) were measured at baseline and after 8 weeks.; A significant reduction in serum insulin (median change (Q1, Q3) from baseline of -1.05 (-2.36, 0.32) μIU/mL; P = 0.006) and insulin resistance (HOMA-IR) (mean change (SD) from baseline of -4.0 (0.9); P = 0.007) were seen over the 8 weeks in the synbiotic group.",,,Review source text before entering numeric values into final tables.
PMID:33143755,PubMed,33143755,Weight gain and body composition during pregnancy: a randomised pilot trial with probiotics and/or fish oil.,,,,9 g; 22 g,,,,,,,,Intervention did not influence mean GWG or change in body fat mass/percentage (P > 0·17).,,,,Review source text before entering numeric values into final tables.
PMID:33827639,PubMed,33827639,"Effect of a prebiotic supplement on knee joint function, gut microbiota, and inflammation in adults with co-morbid obesity and knee osteoarthritis: study protocol for a randomized controlled trial.",n = 60,6 months; 3 months,,16 g/day,BMI > 30,,,,,"Therefore, the purpose of this double-blind, placebo-controlled, randomized trial is to determine if prebiotic supplementation can, through positive changes in the gut microbiota, improve knee function and physical performance in adults with obesity and knee OA.; Adults (n = 60) with co-morbid obesity (BMI > 30 kg/m2) and knee OA (Kellgren-Lawrence grade II-III) will be recruited from the Alberta Hip and Knee Clinic and the Rocky Mountain Health Clinic and surrounding community of Calgary, Canad",,,,,Prebiotics are a type of dietary fiber that can positively influence gut microbiota thereby reducing systemic inflammation and offering protection of joint integrity in rodents.,Review source text before entering numeric values into final tables.
PMID:34115318,PubMed,34115318,"The Effects of Limosilactobacillus reuteri LR-99 Supplementation on Body Mass Index, Social Communication, Fine Motor Function, and Gut Microbiome Composition in Individuals with Prader-Willi Syndrome: a Randomized Double-Blinded Placebo-Controlled Trial.",71 individuals,12-week; 264 months; 0 months; 6 weeks; 12 weeks,,,,P < 0.05,,,Altered gut microbiota was observed in the probiotic group to favor weight loss and improve gut health.,We found a significant reduction in BMI for the probiotic group at both 6 weeks and 12 weeks relative to the baseline (P < 0.05).,,,,,Altered gut microbiota was observed in the probiotic group to favor weight loss and improve gut health.,Review source text before entering numeric values into final tables.
PMID:34359450,PubMed,34359450,Synbiotic Supplementation Improves Obesity Index and Metabolic Biomarkers in Thai Obese Adults: A Randomized Clinical Trial.,,,,,,,,,"The frequency of overweight is increasing, and the main causes for this are highly processed foods and less active lifestyles.",,,,"The cluster of metabolic disorders includes obesity, dyslipidemia, hypertension, and glucose intolerance, increasing the risk of developing cardiovascular diseases and type 2 diabetes.","The cluster of metabolic disorders includes obesity, dyslipidemia, hypertension, and glucose intolerance, increasing the risk of developing cardiovascular diseases and type 2 diabetes.",Research is underway to unravel the probable relationship between obesity and intestinal microbiota.,Review source text before entering numeric values into final tables.
PMID:32615727,PubMed,32615727,"Effect of Lactobacillus sakei, a Probiotic Derived from Kimchi, on Body Fat in Koreans with Obesity: A Randomized Controlled Study.",114 adults,12 weeks,,,,P=0.018; P=0.013,,,,,"After the 12 weeks, waist circumference was 0.8 cm smaller in the CJLS03 group than in the placebo group (P=0.013).","Adverse events were monitored during study period.; Body fat mass decreased by 0.2 kg in the CJLS03 group and increased by 0.6 kg in the placebo group (0.8 kg difference, P=0.018).",,,,Review source text before entering numeric values into final tables.
PMID:30262813,PubMed,30262813,Effects of daily consumption of the probiotic Bifidobacterium animalis subsp. lactis CECT 8145 on anthropometric adiposity biomarkers in abdominally obese subjects: a randomized controlled trial.,n = 135,3 months,,1 capsule/day,,P < 0.05; P = 0.003,,,"after Ba8145 treatment, particularly in the live form, which was inversely related to weight (P = 0.003).; In abdominally obese individuals, consumption of Ba8145, both as viable and mainly as heat-killed cells, improves anthropometric adiposity biomarkers, particularly in women.",Ba8145 decreased the body mass index compared with baseline and placebo group (P < 0.05).,"Participants (n = 135) consumed 1 capsule/day containing 1010 colony forming unit (CFU) of Ba8145, 1010 CFU of h-k Ba8145, or placebo (maltodextrin) for 3 months.; Ba8145 ingestion decreased waist circumference, waist circumference/height ratio, and Conicity index (P < 0.05) versus its baseline.",The decrease in visceral fat area after Ba8145 treatments reached significance (P < 0.05) only after h-k Ba8145.,Diastolic blood pressure and HOMA index decreased (P < 0.05) after h-k Ba8145.,,Gut microbiome analyses showed an increase in Akkermansia spp.,Review source text before entering numeric values into final tables.
PMID:30659070,PubMed,30659070,Probiotics for the Prevention of Gestational Diabetes Mellitus in Overweight and Obese Women: Findings From the SPRING Double-Blind Randomized Controlled Trial.,,28 weeks,,79.3 mg; 77.5 mg,,P = 0.10; P = 0.049; P = 0.09; P = 0.01; P = 0.042,,,Excessive weight gain occurred in 32.5% of women in the probiotics arm (55 of 169) compared with 46% in the placebo arm (81 of 176) (P = 0.01).,,,,"At OGTT, mean fasting glucose was higher in women randomized to probiotics (79.3 mg/dL) compared with placebo (77.5 mg/dL) (P = 0.049).",,,Review source text before entering numeric values into final tables.
PMID:31298466,PubMed,31298466,Effect of Synbiotic Supplementation in a Very-Low-Calorie Ketogenic Diet on Weight Loss Achievement and Gut Microbiota: A Randomized Controlled Pilot Study.,,,,,,,,,"lactis and prebiotics fiber during the LCD is significantly associated with the percentage of weight loss and change in glucose, C-reactive protein and lipopolysaccharide-binding protein.; VLCKD produces important changes in gut microbiota.",,,,"lactis and prebiotics fiber during the LCD is significantly associated with the percentage of weight loss and change in glucose, C-reactive protein and lipopolysaccharide-binding protein.; VLCKD produces important changes in gut microbiota.",,"lactis and prebiotics fiber during the LCD is significantly associated with the percentage of weight loss and change in glucose, C-reactive protein and lipopolysaccharide-binding protein.; VLCKD produces important changes in gut microbiota.",Review source text before entering numeric values into final tables.
PMID:31965834,PubMed,31965834,"Effect of multi-strain probiotic (UB0316) in weight management in overweight/obese adults: a 12-week double blind, randomised, placebo-controlled study.",71 subjects,12-week; 12 weeks,5 x 10^9 CFU,100 mg; 2 capsules,,P=0.0001; P<0.0001; P=0.007,,,"Primary (BMI), and secondary (waist-to-hip ratio: WHR; body weight, body fat; sugar and lipid profile) endpoint measures were evaluated at scheduled visits.","Primary (BMI), and secondary (waist-to-hip ratio: WHR; body weight, body fat; sugar and lipid profile) endpoint measures were evaluated at scheduled visits.","Primary (BMI), and secondary (waist-to-hip ratio: WHR; body weight, body fat; sugar and lipid profile) endpoint measures were evaluated at scheduled visits.","Primary (BMI), and secondary (waist-to-hip ratio: WHR; body weight, body fat; sugar and lipid profile) endpoint measures were evaluated at scheduled visits.",,"Primary (BMI), and secondary (waist-to-hip ratio: WHR; body weight, body fat; sugar and lipid profile) endpoint measures were evaluated at scheduled visits.",,Review source text before entering numeric values into final tables.
PMID:30094122,PubMed,30094122,Effects of,,12 weeks,2 x 10^10 CFU/day,3 capsules,BMI < 30,p<0.05,,,,,,The visceral fat area significantly increased at weeks 4 and 8 in the placebo group only; no significant change was observed in the B-3 group.,,breve B-3 slightly decreased triglyceride levels and improved HDL cholesterol from the baseline.,"Effects of Accumulating evidence suggests a relationship between the gut microbiota and the development of obesity, indicating the potential of probiotics as a therapeutic approach.",Review source text before entering numeric values into final tables.
PMID:30453950,PubMed,30453950,"Evaluation of the effect of Lactobacillus reuteri V3401 on biomarkers of inflammation, cardiovascular risk and liver steatosis in obese adults with metabolic syndrome: a randomized clinical trial (PROSIR).",,12 weeks; 6 weeks; 2 weeks,,,,,,,,,,"Obesity is characterized by increased fat mass and is associated with the development of insulin resistance syndrome (IRS), usually known as metabolic syndrome.","Obesity is characterized by increased fat mass and is associated with the development of insulin resistance syndrome (IRS), usually known as metabolic syndrome.",,,Review source text before entering numeric values into final tables.
NCT:NCT03201068,ClinicalTrials.gov,NCT03201068,"Probiotic Supplement and Microbiome, Immune System and Metabolic Syndrome",42,,,,,,Probiotic supplement; Placebo,"Metabolic syndrome parameters: Waist Circumference, Blood pressure, Triglycerides, HDL-cholesterol, and Fasting Glucose.",,,,,,,,Review source text before entering numeric values into final tables.
PMID:26956126,PubMed,26956126,"Antiobesity effect of Pediococcus pentosaceus LP28 on overweight subjects: a randomized, double-blind, placebo-controlled clinical trial.",62 subjects,12 weeks,,,BMI 25-30,P=0.035; P=0.002; P=0.004; P=0.009,,,"The aim of the present clinical study is to prove that LP28 is effective for reducing body fat and body weight, as shown in the experiment using mice.; The clinical trial was carried out as a double-blind, randomized, placebo-controlled study comprising 62 subjects (20-70 years of age, BMI 25-30 kg/m(2)).","The aim of the present clinical study is to prove that LP28 is effective for reducing body fat and body weight, as shown in the experiment using mice.; The clinical trial was carried out as a double-blind, randomized, placebo-controlled study comprising 62 subjects (20-70 years of age, BMI 25-30 kg/m(2)).","These subjects were randomly assigned to three groups that received living LP28, heat-killed LP28 or a placebo powder, administered orally once a day for 12 weeks.; Heat-killed LP28 reduced BMI (0.45 kg/m(2), 95% CI (0.04, 0.86), P=0.035), body fat percentage (1.11%, (0.39, 1.82), P=0.002), body fat mass (1.17 kg (0.43, 1.92), P=0.004) and waist circumference (2.84 cm (0.74, 4.93), P=0.009) when compared with a placebo group.","The aim of the present clinical study is to prove that LP28 is effective for reducing body fat and body weight, as shown in the experiment using mice.; The clinical trial was carried out as a double-blind, randomized, placebo-controlled study comprising 62 subjects (20-70 years of age, BMI 25-30 kg/m(2)).","Fasting plasma glucose, HbA1c, fasting insulin, HOMA-IR and serum lipids levels did not change by either living LP28 or heat-killed LP28 intake.; Heat-killed LP28 displays an antiobesity effect that reduces BMI, body fat and waist circumference, suggesting that the plant-derived lactic acid bacterium LP28 would be a promising preventive of metabolic syndrome.","Fasting plasma glucose, HbA1c, fasting insulin, HOMA-IR and serum lipids levels did not change by either living LP28 or heat-killed LP28 intake.; Heat-killed LP28 displays an antiobesity effect that reduces BMI, body fat and waist circumference, suggesting that the plant-derived lactic acid bacterium LP28 would be a promising preventive of metabolic syndrome.",,Review source text before entering numeric values into final tables.
PMID:27409822,PubMed,27409822,"GUT MICROBIOTA, PREBIOTICS, PROBIOTICS, AND SYNBIOTICS IN MANAGEMENT OF OBESITY AND PREDIABETES: REVIEW OF RANDOMIZED CONTROLLED TRIALS.",,8 weeks,,,,,,,"Results of RCTs of prebiotics suggested a neutral effect on body weight, decreased fasting and postprandial glucose, and improved insulin sensitivity and lipid profile.",,,,"Results of RCTs of prebiotics suggested a neutral effect on body weight, decreased fasting and postprandial glucose, and improved insulin sensitivity and lipid profile.","Results of RCTs of prebiotics suggested a neutral effect on body weight, decreased fasting and postprandial glucose, and improved insulin sensitivity and lipid profile.",Microbiota could increase harvesting of energy from the food and cause subclinical inflammation seen in metabolic disorders.,Review source text before entering numeric values into final tables.
PMID:25646321,PubMed,25646321,Whole-grain wheat consumption reduces inflammation in a randomized controlled trial on overweight and obese subjects with unhealthy dietary and lifestyle behaviors: role of polyphenols bound to cereal dietary fiber.,,,,,,P = 0.04,,,Whole-grain wheat consumption reduces inflammation in a randomized controlled trial on overweight and obese subjects with unhealthy dietary and lifestyle behaviors: role of polyphenols bound to cereal dietary fiber.,,,,,,"Profiles of phenolic acids in biological samples, plasma markers of metabolic disease and inflammation, and fecal microbiota composition were assessed.; WG consumption for 4-8 wk determined a 4-fold increase in serum dihydroferulic acid (DHFA) and a 2-fold increase in fecal ferulic acid (FA) compared with RW consumption (no changes).",Review source text before entering numeric values into final tables.
PMID:24411490,PubMed,24411490,"The effects of co-administration of probiotics with herbal medicine on obesity, metabolic endotoxemia and dysbiosis: a randomized double-blind controlled clinical trial.",,,,,,p = 0.000; p < 0.05,,,"The study was registered at the Clinical Research Information Service, approved by the Korea National Institute of Health (KCT0000386).; Although both groups showed a significant reduction in weight and waist circumference (p = 0.000), no significant differences in body composition and metabolic markers were observed.","In correlation analysis, change in body composition showed positive correlation with endotoxin level (r = 0.441, p < 0.05 for BW; and r = 0.350, p < 0.05 for fat mass) and the population of gut Lactobacillus plantarum (r = 0.425, p < 0.05 for BW; and r = 0.407, p < 0.05 for BMI).","The study was registered at the Clinical Research Information Service, approved by the Korea National Institute of Health (KCT0000386).; Although both groups showed a significant reduction in weight and waist circumference (p = 0.000), no significant differences in body composition and metabolic markers were observed.","In correlation analysis, change in body composition showed positive correlation with endotoxin level (r = 0.441, p < 0.05 for BW; and r = 0.350, p < 0.05 for fat mass) and the population of gut Lactobacillus plantarum (r = 0.425, p < 0.05 for BW; and r = 0.407, p < 0.05 for BMI).",,"The Gram negative bacterial population in gut also exhibited positive correlation with changes in body composition (WC) and total cholesterol level (r = 0.359, and 0.393, for the former and later parameters, respectively, p < 0.05 for both).","Probiotics help maintain balance in composition of the gut microbiota, and have been considered as a potential treatment for obesity.",Review source text before entering numeric values into final tables.
EUROPEPMC:42196968,PubMed,42196968,Effects of Animal-Based Foods on Metabolic Outcomes in Adults with MASLD and Comorbidities: A Systematic Review of Randomized Controlled Trials (2020-2026).,,,,,,,,,,,,,,Fish oil and omega-3 supplementation led to modest improvements in lipids and hepatic markers.,,Review source text before entering numeric values into final tables.
EUROPEPMC:PMC12942760,publisher supplementary data,PMC12942760,Why Clinical Trials of Microbiome-Targeted Interventions Often Fail to Support Health Claims: A Commentary on Probiotics and Translational Design,,,,,,,,,,,,,,,,Review source text before entering numeric values into final tables.
NCT:NCT07606872,ClinicalTrials.gov,NCT07606872,Validation of the Snouda Metabolic Score for Phenotyping and Guiding Reversal in Type 2 Diabetes,150,,,,,,Phenotype-Matched Dietary Protocol; Structured Progressive Exercise Protocol; Targeted Nutritional Supplementation; Structured Intermittent Fasting Protocol,Change in HbA1c from Baseline to Week 24; Rate of Type 2 Diabetes Remission at Week 24,,,,,,,,Review source text before entering numeric values into final tables.
PMID:41978077,PubMed,41978077,"Modulation of Glucose Homeostasis, Metabolic Endotoxemia and Circulating Short-Chain Fatty Acids Following Multi-Species Probiotic Supplementation: Findings from a 12-Week Randomised Placebo-Controlled Trial.",39 adults; n = 19; n = 20,12-Week; 12-week; 12 weeks,,,,p = 0.036; p = 0.012; p = 0.037; p < 0.001; p = 0.002; p = 0.001; p = 0.047; p = 0.019,,,,,,,Results: Probiotic supplementation significantly reduced fasting glucose at 12 weeks compared with placebo (-1.8 vs.,,,Review source text before entering numeric values into final tables.
PMID:42058078,PubMed,42058078,"Study protocol for a pragmatic randomized controlled trial evaluating coarse-cereal intake intervention for obesity prevention among primary school students in suburban Beijing, China.",,3 months; 6 months,,50 g,,,,,,,,,,,,Review source text before entering numeric values into final tables.
EUROPEPMC:40218949,PubMed,40218949,"A 12-Week, Randomized, Double-Blind, Placebo-Controlled Study to Evaluate the Efficacy and Safety of",106 participants,12-Week; 12 weeks,,,,p = 0.009; p = 0.004,,,,"A 12-Week, Randomized, Double-Blind, Placebo-Controlled Study to Evaluate the Efficacy and Safety of This study aims to evaluate the efficacy and safety of probiotics for body fat reduction in obese individuals.; A total of 106 participants with a body mass index between 25 and 30 kg/m2 were randomly assigned to either the experimental group treating with Lactobacillus plantarum LMT1-48 or the placebo group in the placebo-controlled clinical trial.",,"A 12-Week, Randomized, Double-Blind, Placebo-Controlled Study to Evaluate the Efficacy and Safety of This study aims to evaluate the efficacy and safety of probiotics for body fat reduction in obese individuals.; A total of 106 participants with a body mass index between 25 and 30 kg/m2 were randomly assigned to either the experimental group treating with Lactobacillus plantarum LMT1-48 or the placebo group in the placebo-controlled clinical trial.",,,"Fecal samples between the groups were contrasted via DNA sequencing for evaluation of the microbiota and its diversity.; After 12 weeks of follow-up period, the body fat mass decreased significantly, from 30.0 ± 4.4 to 28.3 ± 4.1 kg in the experimental group (p = 0.009).",Review source text before entering numeric values into final tables.
EUROPEPMC:40647296,PubMed,40647296,Impact of Probiotic/Synbiotic Supplementation on Post-Bariatric Surgery Anthropometric and Cardiometabolic Outcomes: An Updated Systematic Review and Meta-Analysis of Randomized Controlled Trials.,809 patients,,,16.56 mg; 18.89 µg,,,,,"Bariatric surgery improves weight and metabolic health in individuals with severe obesity; however, challenges like gut dysbiosis and nutrient deficiencies persist postoperatively.","Probiotic use significantly reduced BMI (MD = 0.67, 95% CI: 0.33 to 1.00), HbA1c (MD = -0.19%, 95% CI: -0.36 to -0.01), triglycerides (MD = -16.56 mg/dL), and AST levels (MD = -3.68 U/L), while increasing ALP (MD = 8.12 U/L) and vitamin D (MD = 13.68 pg/mL).",,,"Probiotic use significantly reduced BMI (MD = 0.67, 95% CI: 0.33 to 1.00), HbA1c (MD = -0.19%, 95% CI: -0.36 to -0.01), triglycerides (MD = -16.56 mg/dL), and AST levels (MD = -3.68 U/L), while increasing ALP (MD = 8.12 U/L) and vitamin D (MD = 13.68 pg/mL).","Probiotic use significantly reduced BMI (MD = 0.67, 95% CI: 0.33 to 1.00), HbA1c (MD = -0.19%, 95% CI: -0.36 to -0.01), triglycerides (MD = -16.56 mg/dL), and AST levels (MD = -3.68 U/L), while increasing ALP (MD = 8.12 U/L) and vitamin D (MD = 13.68 pg/mL).",,Review source text before entering numeric values into final tables.
EUROPEPMC:41239457,PubMed,41239457,"Modulating effects of microbiota on synbiotic intervention outcomes for microbiota-derived trimethylamine, trimethylamine N-oxide and indoxyl sulfate in healthy young medical students: insights from a 12-week randomized clinical trial.",,12-week; 6 weeks; 12 weeks,,,,,,,"Weighted Gene Co-expression Network Analysis (WGCNA) was applied to identify groups of co-occurring bacterial taxa (ASVs) and functional orthologous groups - KEGG Orthologs (KOs).; The synbiotic intervention did not produce significant changes in TMA, TMAO, or IS levels across the entire study population.",,,,,,"This study investigated whether a multi-strain synbiotic could reduce serum concentrations of trimethylamine (TMA), TMAO, and IS in healthy young adults, and whether baseline characteristics of the gut microbiota influence individual responses to the intervention.; In a 12-week, double-blind, randomized, placebo-controlled trial, 38 healthy young medical students received either a synbiotic or placebo.",Review source text before entering numeric values into final tables.
EUROPEPMC:41366779,PubMed,41366779,"The effects of next generation probiotics on metabolic dysfunction-associated steatotic liver disease: a parallel, double-blind, randomized, placebo-controlled trial.",110 patients; n = 85; n = 25,8 weeks,9 x 10^9 CFU,3 capsules,,P = 0.01; P < 0.01; P = 0.03,,,"The primary endpoint was improvement in liver function.; In the probiotic group, LL001 treatment improved alanine transaminase (87.3 ± 8.2 to 71.1 ± 6.0 U/L, P = 0.01) and aspartate transaminase levels (64.9 ± 4.9 to 50.0 ± 3.5 U/L, P < 0.01), LH001 group showed body weight reduction (78.4 ± 3.0 to 77.2 ± 2.8 kg, P = 0.01), and PPKID7 reduced cholesterol levels (186.1 ± 7.0 to 178.0 ± 7.9 mmol/L, P = 0.03).",,,,,"The primary endpoint was improvement in liver function.; In the probiotic group, LL001 treatment improved alanine transaminase (87.3 ± 8.2 to 71.1 ± 6.0 U/L, P = 0.01) and aspartate transaminase levels (64.9 ± 4.9 to 50.0 ± 3.5 U/L, P < 0.01), LH001 group showed body weight reduction (78.4 ± 3.0 to 77.2 ± 2.8 kg, P = 0.01), and PPKID7 reduced cholesterol levels (186.1 ± 7.0 to 178.0 ± 7.9 mmol/L, P = 0.03).","In the pre- and post-comparison of probiotic treatment at the level of the top 20 genera, a tendency was observed to decrease the genera Haemohlius and Ruminococcus_g2 while increasing the genus Bifidobacterium.; Eight weeks of probiotics supplementation was associated with changes in the stool microbiome and improvements in the blood biochemical parameters of MASLD.; NCT04555434.",Review source text before entering numeric values into final tables.
EUROPEPMC:41517125,PubMed,41517125,Clinical Potential of,,,,,,,,,,,,,"Curcumin supplementation significantly reduced fasting blood sugar (SMD = -0.54, 95% CI -0.72 to -0.36) and HbA1c (SMD = -0.41, 95% CI -0.60 to -0.23) in T2DM; decreased triglycerides (SMD = -0.48; 95% CI: -0.70 to -0.25), and LDL cholesterol (SMD = -0.39; 95% CI: -0.59 to -0.18) while elevating HDL cholesterol (SMD = 0.45; 95% CI: 0.25 to 0.65) and total antioxidant capacity (SMD = 0.73; 95% CI: 0.51 to 0.94).","Curcumin supplementation significantly reduced fasting blood sugar (SMD = -0.54, 95% CI -0.72 to -0.36) and HbA1c (SMD = -0.41, 95% CI -0.60 to -0.23) in T2DM; decreased triglycerides (SMD = -0.48; 95% CI: -0.70 to -0.25), and LDL cholesterol (SMD = -0.39; 95% CI: -0.59 to -0.18) while elevating HDL cholesterol (SMD = 0.45; 95% CI: 0.25 to 0.65) and total antioxidant capacity (SMD = 0.73; 95% CI: 0.51 to 0.94).",,Review source text before entering numeric values into final tables.
NCT:NCT06989177,ClinicalTrials.gov,NCT06989177,Probiotic Intervention on Body Weight,140,6 months,,,,,General lifestyle and nutritional education; Energy-restricted nutritional and lifestyle intervention; Placebo; Probiotic; semaglutide,Change in Body Weight (kg) from Baseline to Week 12,Probiotic Intervention on Body Weight  General lifestyle and nutritional education; Energy-restricted nutritional and lifestyle intervention; Placebo; Probiotic; semaglutide Change in Body Weight (kg) from Baseline to Week 12 Change in Energy Expenditure Rate (kcal/min) from Baseline to Week 12; Change in Respiratory Quotient from Baseline to Week 12; Change in Fat Oxidation Rate (g/min) from Baseline to Week 12; Change in Carbohydrate Oxidation Rate (g/min) from Baseline to Week 12; Change in W,,Probiotic Intervention on Body Weight  General lifestyle and nutritional education; Energy-restricted nutritional and lifestyle intervention; Placebo; Probiotic; semaglutide Change in Body Weight (kg) from Baseline to Week 12 Change in Energy Expenditure Rate (kcal/min) from Baseline to Week 12; Change in Respiratory Quotient from Baseline to Week 12; Change in Fat Oxidation Rate (g/min) from Baseline to Week 12; Change in Carbohydrate Oxidation Rate (g/min) from Baseline to Week 12; Change in W,Probiotic Intervention on Body Weight  General lifestyle and nutritional education; Energy-restricted nutritional and lifestyle intervention; Placebo; Probiotic; semaglutide Change in Body Weight (kg) from Baseline to Week 12 Change in Energy Expenditure Rate (kcal/min) from Baseline to Week 12; Change in Respiratory Quotient from Baseline to Week 12; Change in Fat Oxidation Rate (g/min) from Baseline to Week 12; Change in Carbohydrate Oxidation Rate (g/min) from Baseline to Week 12; Change in W,Probiotic Intervention on Body Weight  General lifestyle and nutritional education; Energy-restricted nutritional and lifestyle intervention; Placebo; Probiotic; semaglutide Change in Body Weight (kg) from Baseline to Week 12 Change in Energy Expenditure Rate (kcal/min) from Baseline to Week 12; Change in Respiratory Quotient from Baseline to Week 12; Change in Fat Oxidation Rate (g/min) from Baseline to Week 12; Change in Carbohydrate Oxidation Rate (g/min) from Baseline to Week 12; Change in W,Probiotic Intervention on Body Weight  General lifestyle and nutritional education; Energy-restricted nutritional and lifestyle intervention; Placebo; Probiotic; semaglutide Change in Body Weight (kg) from Baseline to Week 12 Change in Energy Expenditure Rate (kcal/min) from Baseline to Week 12; Change in Respiratory Quotient from Baseline to Week 12; Change in Fat Oxidation Rate (g/min) from Baseline to Week 12; Change in Carbohydrate Oxidation Rate (g/min) from Baseline to Week 12; Change in W,,Review source text before entering numeric values into final tables.
PMID:39796619,PubMed,39796619,A Randomized Pilot Study of Time-Restricted Eating Shows Minimal Microbiome Changes.,,12-week,,,,p < 0.001,,,"demonstrated significant reductions in weight, lean mass, and visceral fat in the TRE group compared to those following time-unrestricted eating (non-TRE).",,,"demonstrated significant reductions in weight, lean mass, and visceral fat in the TRE group compared to those following time-unrestricted eating (non-TRE).",,,Microbiome community composition was compared before and after intervention as alpha and beta diversity.; Sixteen participants provided stool samples (eight in the TRE group and eight in the non-TRE group).,Review source text before entering numeric values into final tables.
PMID:40340957,PubMed,40340957,Metabolic Flexibility to Predict Lifestyle Interventions Outcomes (MEPHISTO): Protocol for Predictive Validation Study and Randomized Controlled Trial.,12 participants; 6 participants,,,,BMI>30,,,,"Personalizing interventions to increase their success rate is an unmet clinical need.; Identification of predictive factors associated with successful weight loss after sequential exercise in women with obesity.; The study will consist of a 2-stage analytical approach, including a predictive validation study and a 2:1 randomized cross-over controlled trial.",,,,,,,Review source text before entering numeric values into final tables.
PMID:40353878,PubMed,40353878,Feasibility and Tolerability of Nabilone for the Treatment of Obesity: A Randomized Controlled Pilot Trial.,18 participants; 15 participants; n = 8; n = 4,12 weeks; 6 months,,6 mg/day; 2 mg/day,,p < 0.001; p < 0.05,,,"Furthermore, the endocannabinoid system is recognized as a potential target for obesity treatment and partial agonism of the cannabinoid type-1 (CB1) receptor may reduce body weight.","Using data from completers only (n = 8), we saw a significant treatment effect on body weight (p < 0.001) and BMI (p < 0.001) that appeared to be driven by greater decreases in the low-dose arm (n = 4) relative to placebo (n = 4).",,,,,"Based on the Bray-Curtis dissimilarity, the low-dose arm showed a greater change in the overall fecal microbiome composition compared with the placebo arm (p < 0.05).",Review source text before entering numeric values into final tables.
PMID:40507757,PubMed,40507757,"Corporal Composition and Gut Microbiome Modification Through Exclusion Dietary Intervention in Adult Patients with Crohn's Disease: Protocol for a Prospective, Interventional, Controlled, Randomized Clinical Trial.",,,,,,,,,,,,"Results: Patients in the intervention group are expected to exhibit increased lean body mass and reduced visceral fat, as measured by bioelectrical impedance analysis (BIA), alongside higher rates of clinical remission (CDAI), decreased inflammatory markers, and improved gut microbiota composition.",,,"Results: Patients in the intervention group are expected to exhibit increased lean body mass and reduced visceral fat, as measured by bioelectrical impedance analysis (BIA), alongside higher rates of clinical remission (CDAI), decreased inflammatory markers, and improved gut microbiota composition.",Review source text before entering numeric values into final tables.
PMID:40647269,PubMed,40647269,"Twelve-Week Curcumin Supplementation Improves Glucose Homeostasis and Gut Health in Prediabetic Older Adults: A Pilot, Double-Blind, Placebo-Controlled Trial.",23 participants,12 weeks; 12-week,,80 mg,,,,,,"Body mass index, lipid profiles, and body composition showed no significant changes over the study period.",,,"Twelve-Week Curcumin Supplementation Improves Glucose Homeostasis and Gut Health in Prediabetic Older Adults: A Pilot, Double-Blind, Placebo-Controlled Trial.","Body mass index, lipid profiles, and body composition showed no significant changes over the study period.","Gut microbiome analysis revealed no significant changes in alpha diversity or beta diversity of microbiome; however, there was marginal enrichment of beneficial bacteria such as Bacteroidota (phylum), Bacteroidaceae (family), Agathobacter, Bacteroides, and Roseburia (genera) in the curcumin-supplemented group over time.",Review source text before entering numeric values into final tables.
PMID:40796902,PubMed,40796902,The effects of inulin supplementation on eating behaviours in children and adolescents with obesity: a randomized double-blinded placebo-controlled study.,156 children,,,62.5 mg/day,,p = 0.01,,,,,,,,A 1-point increase in the desire to drink Likert score was associated with a 62.5 mg/day increase in cholesterol intake post-intervention (95%CI: 16.6-108.4).,"Significant associations between subjective eating behaviours, dietary intake, biochemical markers, and gut microbiota were observed.",Review source text before entering numeric values into final tables.
PMID:40828642,PubMed,40828642,Effects of a combined energy restriction and vigorous-intensity exercise intervention on the human gut microbiome: A randomised controlled trial.,n = 18; n = 12,3-week,,,,,,,"KEY POINTS: Changes to the gut microbiome could contribute to metabolic improvements associated with weight loss in humans, but there have been limited attempts to address this question using robust randomised controlled trials (RCTs).",,,"The intervention significantly reduced body mass (mean Δ ± SD: -2.6 ± 1.5 kg), fat mass (-1.5 ± 1.3 kg), fasted insulin (-23.5 ± 38.1 pmol/l), leptin (-10.6 ± 7.3 ng/ml) and total cholesterol (-0.70 ± 0.42 mmol/l) concentrations, and also improved insulin sensitivity (HOMA2%S (homeostatic model of assessment)).","The intervention significantly reduced body mass (mean Δ ± SD: -2.6 ± 1.5 kg), fat mass (-1.5 ± 1.3 kg), fasted insulin (-23.5 ± 38.1 pmol/l), leptin (-10.6 ± 7.3 ng/ml) and total cholesterol (-0.70 ± 0.42 mmol/l) concentrations, and also improved insulin sensitivity (HOMA2%S (homeostatic model of assessment)).","The intervention significantly reduced body mass (mean Δ ± SD: -2.6 ± 1.5 kg), fat mass (-1.5 ± 1.3 kg), fasted insulin (-23.5 ± 38.1 pmol/l), leptin (-10.6 ± 7.3 ng/ml) and total cholesterol (-0.70 ± 0.42 mmol/l) concentrations, and also improved insulin sensitivity (HOMA2%S (homeostatic model of assessment)).","Metabolic health improvements in response to exercise and energy restriction may be mediated by the gut microbiome, yet causal evidence in humans remains limited.",Review source text before entering numeric values into final tables.
PMID:37881833,PubMed,37881833,The impact of botanical fermented foods on metabolic syndrome and type 2 diabetes: a systematic review of randomised controlled trials.,,,,,,,,,,,"In 73% of included studies, BFF consumption by participants with obesity, MetS or T2DM led to significant between-group improvements in discrete cardiometabolic outcomes, including fasting blood glucose, lipid profile, blood pressure, waist circumference, body fat percentage and C-reactive protein.","In 73% of included studies, BFF consumption by participants with obesity, MetS or T2DM led to significant between-group improvements in discrete cardiometabolic outcomes, including fasting blood glucose, lipid profile, blood pressure, waist circumference, body fat percentage and C-reactive protein.","In 73% of included studies, BFF consumption by participants with obesity, MetS or T2DM led to significant between-group improvements in discrete cardiometabolic outcomes, including fasting blood glucose, lipid profile, blood pressure, waist circumference, body fat percentage and C-reactive protein.","In 73% of included studies, BFF consumption by participants with obesity, MetS or T2DM led to significant between-group improvements in discrete cardiometabolic outcomes, including fasting blood glucose, lipid profile, blood pressure, waist circumference, body fat percentage and C-reactive protein.","Gut microbiota composition was assessed in four studies, with two finding significant between-group differences.",Review source text before entering numeric values into final tables.
PMID:38674884,PubMed,38674884,"Evaluation of Menopausal Syndrome Relief and Anti-Obesity Efficacy of the Korean Fermented Food Doenjang: A Randomized, Double-Blind Clinical Trial.",n = 18; n = 20,,,,,,,,,,,,,Only the groups that took traditional Doenjang pills exhibited reduced LDL cholesterol.,,Review source text before entering numeric values into final tables.
PMID:39179206,PubMed,39179206,Consumption of a Sourdough-Leavened Croissant Enriched with a Blend of Fibers Influences Fasting Blood Glucose in a Randomized Controlled Trial in Healthy Subjects.,,,,4.8 g; 100 g; 1.3 g; 2.0 mg; 3.1 mg,,P = 0.022; P = 0.01; P = 0.04,,,,,,,"Polyphenols and urolithins in urines were analyzed by Liquid chromatography-tandem mass spectrometry (LC/MS/MS), whereas gut microbiome in feces by shotgun metagenomics.; FIBCRO consumption improved fasting blood glucose compared with CONCRO (mean changes from baseline -2.0 mg/dL in FIBCRO compared with +3.1 mg/dL in CONCRO, P = 0.022), also reducing serum DPPIV activity by 1.7 IU/L (P = 0.01) and increasing urinary excretion of urolithin A-sulfate by 6.9 ng/mg creatinine (P = 0.04) compared wit",,"Increasing dietary fiber consumption may lead to health benefits, and reformulation of bakery products may be a strategy to globally improve the diet.; This study aimed to assess the impact of a 2-wk breakfast consumption with a sourdough-leavened croissant containing a blend of dietary fiber from 10 sources (4.8 g/100 g, croissant enriched with dietary fibers [FIBCRO]), compared with a control croissant (dietary fibers 1.3 g/100 g, CONCRO) on daily energy intake, appetite, metabolic variables, ",Review source text before entering numeric values into final tables.
PMID:39535126,PubMed,39535126,Gut microbial metabolism of bile acids modifies the effect of Mediterranean diet interventions on cardiometabolic risk in a randomized controlled trial.,284 participants,18 months,,,,,,,,"Baseline fecal BA levels significantly modified the beneficial effects of the MedDiet; for example, BMI reduction induced by MedDiet interventions was more pronounced in individuals with lower 12-dehydrocholic acid levels (q-interaction <0.001).",,,,"Furthermore, the association of fecal BAs with body adiposity and serum lipids varied significantly in individuals with different abundances of gut microbes carrying BA metabolism enzymes, e.g.",,Review source text before entering numeric values into final tables.
PMID:39593091,PubMed,39593091,Carrageenan and insulin resistance in humans: a randomised double-blind cross-over trial.,,2 weeks,,250 mg,BMI 24.5,p=0.04; p=0.01,,,"In overweight participants, carrageenan exposure resulted in lower whole body and hepatic insulin sensitivity, a trend towards increased brain inflammation, and elevated C-reactive protein (CRP) and IL-6 levels compared to placebo.",,,,Immune-cell activation and pro-inflammatory cytokine release from peripheral blood mononuclear cells were measured.; Overall insulin sensitivity did not show significant differences between the treatments.,,,Review source text before entering numeric values into final tables.
PMID:36856122,PubMed,36856122,,,6-week,,3 g/day,,P<0.03; P=0.04; P=0.02,,,"Supplementation with probiotics and synbiotics improved the HDL-cholesterol levels of overweight and obese children, although no changes in body composition were detected.",,,,,"Supplementation with probiotics and synbiotics improved the HDL-cholesterol levels of overweight and obese children, although no changes in body composition were detected.",,Review source text before entering numeric values into final tables.
PMID:37441828,PubMed,37441828,"Multispecies probiotic affects fecal short-chain fatty acids in postmenopausal women with obesity: A post hoc analysis of a randomized, double-blind, placebo-controlled study.",n = 18; n = 20,,2.5 x 10^9 CFU; 1 x 10^10 CFU,,,P = 0.019; P = 0.033; P = 0.003,,,,,,,,,,Review source text before entering numeric values into final tables.
PMID:37545298,PubMed,37545298,Intermittent dietary carbohydrate restriction versus calorie restriction and cardiometabolic profiles: A randomized trial.,,2-week,,50 g,,,,,"Differences in changes in obesity measures, glycemic and lipid profiles, gut microbiota composition, and three serum biomarkers were compared.; The ILCD and ICR similarly reduced body weight, waist circumference, fasting glucose, insulin, postprandial glucose variation, monocyte chemoattractant protein-1, free fatty acid, and fibroblast growth factor 21, whereas ILCD produced significantly different alterations in the following outcomes compared with ICR: greater increases in low-density lipopro",,"Differences in changes in obesity measures, glycemic and lipid profiles, gut microbiota composition, and three serum biomarkers were compared.; The ILCD and ICR similarly reduced body weight, waist circumference, fasting glucose, insulin, postprandial glucose variation, monocyte chemoattractant protein-1, free fatty acid, and fibroblast growth factor 21, whereas ILCD produced significantly different alterations in the following outcomes compared with ICR: greater increases in low-density lipopro",,"Differences in changes in obesity measures, glycemic and lipid profiles, gut microbiota composition, and three serum biomarkers were compared.; The ILCD and ICR similarly reduced body weight, waist circumference, fasting glucose, insulin, postprandial glucose variation, monocyte chemoattractant protein-1, free fatty acid, and fibroblast growth factor 21, whereas ILCD produced significantly different alterations in the following outcomes compared with ICR: greater increases in low-density lipopro","Differences in changes in obesity measures, glycemic and lipid profiles, gut microbiota composition, and three serum biomarkers were compared.; The ILCD and ICR similarly reduced body weight, waist circumference, fasting glucose, insulin, postprandial glucose variation, monocyte chemoattractant protein-1, free fatty acid, and fibroblast growth factor 21, whereas ILCD produced significantly different alterations in the following outcomes compared with ICR: greater increases in low-density lipopro","Differences in changes in obesity measures, glycemic and lipid profiles, gut microbiota composition, and three serum biomarkers were compared.; The ILCD and ICR similarly reduced body weight, waist circumference, fasting glucose, insulin, postprandial glucose variation, monocyte chemoattractant protein-1, free fatty acid, and fibroblast growth factor 21, whereas ILCD produced significantly different alterations in the following outcomes compared with ICR: greater increases in low-density lipopro",Review source text before entering numeric values into final tables.
NCT:NCT04492605,ClinicalTrials.gov,NCT04492605,The Evaluation of TCI378 and TCI507 Probiotics on Weight-lowering Efficacy in Adults,96,,,,,,Placebo; TCI378 Probiotics; TCI507 Probiotics,The change of body fat mass; The change of Triglyceride; The change of Total cholestrol; The change of HDL-cholestrol; The change of LDL-cholestrol; The change of body mass index (BMI); The change of body fat percentage; The change of visceral fat,,,,,,,,Review source text before entering numeric values into final tables.
NCT:NCT05374980,ClinicalTrials.gov,NCT05374980,The Effects of Yogurt on Gut Microbiome and Metabolism in H. Pylori.,51,,,,,,Yogurt; Placebo,Change of gut Microbiome,,,,,,,,Review source text before entering numeric values into final tables.
NCT:NCT05443269,ClinicalTrials.gov,NCT05443269,Impact of Jump Start Nutrition Program on Weight Loss and Associated Measures,30,,,,,,Jump Start Nutritional Program,Body Composition; Lipids Panel; Glucose; Insulin; Body Weight; Body Mass Index; Resting Blood pressure; Resting Heart Rate; Subjects' perceived wellness; Hip Circumference; Waist Circumference; Physical Appearance,Impact of Jump Start Nutrition Program on Weight Loss and Associated Measures  Jump Start Nutritional Program Body Composition; Lipids Panel; Glucose; Insulin; Body Weight; Body Mass Index; Resting Blood pressure; Resting Heart Rate; Subjects' perceived wellness; Hip Circumference; Waist Circumference; Physical Appearance Diet Jump Start Program,Impact of Jump Start Nutrition Program on Weight Loss and Associated Measures  Jump Start Nutritional Program Body Composition; Lipids Panel; Glucose; Insulin; Body Weight; Body Mass Index; Resting Blood pressure; Resting Heart Rate; Subjects' perceived wellness; Hip Circumference; Waist Circumference; Physical Appearance Diet Jump Start Program,Impact of Jump Start Nutrition Program on Weight Loss and Associated Measures  Jump Start Nutritional Program Body Composition; Lipids Panel; Glucose; Insulin; Body Weight; Body Mass Index; Resting Blood pressure; Resting Heart Rate; Subjects' perceived wellness; Hip Circumference; Waist Circumference; Physical Appearance Diet Jump Start Program,,Impact of Jump Start Nutrition Program on Weight Loss and Associated Measures  Jump Start Nutritional Program Body Composition; Lipids Panel; Glucose; Insulin; Body Weight; Body Mass Index; Resting Blood pressure; Resting Heart Rate; Subjects' perceived wellness; Hip Circumference; Waist Circumference; Physical Appearance Diet Jump Start Program,Impact of Jump Start Nutrition Program on Weight Loss and Associated Measures  Jump Start Nutritional Program Body Composition; Lipids Panel; Glucose; Insulin; Body Weight; Body Mass Index; Resting Blood pressure; Resting Heart Rate; Subjects' perceived wellness; Hip Circumference; Waist Circumference; Physical Appearance Diet Jump Start Program,,Review source text before entering numeric values into final tables.
NCT:NCT07076329,ClinicalTrials.gov,NCT07076329,Microbiota-Inflammation-Brain Axis in Heart Failure: New Functional Food for the Prevention of undeRnutrition in Older,60,6 months,,,,,Ambrosia bar,Change from Baseline in the Skeletal Muscle Mass at 6 months,,,,,,Microbiota-Inflammation-Brain Axis in Heart Failure: New Functional Food for the Prevention of undeRnutrition in Older  Ambrosia bar Change from Baseline in the Skeletal Muscle Mass at 6 months Changes to anthropometry; Changes to body composition; Impacts on Quality of Life associated with Bowel Function:; Change in Geriatric Depression Scale (GDS-15) score; Change in Mini-Mental State Examination (MMSE) score; Change in handgrip strength; Change in Clinical Frailty Scale (CFS); Impacts on the ,Microbiota-Inflammation-Brain Axis in Heart Failure: New Functional Food for the Prevention of undeRnutrition in Older  Ambrosia bar Change from Baseline in the Skeletal Muscle Mass at 6 months Changes to anthropometry; Changes to body composition; Impacts on Quality of Life associated with Bowel Function:; Change in Geriatric Depression Scale (GDS-15) score; Change in Mini-Mental State Examination (MMSE) score; Change in handgrip strength; Change in Clinical Frailty Scale (CFS); Impacts on the ,Review source text before entering numeric values into final tables.
PMID:35267303,PubMed,35267303,Agavins Impact on Gastrointestinal Tolerability-Related Symptoms during a Five-Week Dose-Escalation Intervention in Lean and Obese Mexican Adults: Exploratory Randomized Clinical Trial.,,,,7 g/day; 12 g/day; 10 g/day; 5 g/day,,,,,"Only body weight after 10 g/day reduced from baseline conditions in obese-agavins, with changes in triglycerides and very-low-density lipoproteins compared to placebo at 5 g/day, and in total cholesterol for 10 g/day.",,,,,"Only body weight after 10 g/day reduced from baseline conditions in obese-agavins, with changes in triglycerides and very-low-density lipoproteins compared to placebo at 5 g/day, and in total cholesterol for 10 g/day.",,Review source text before entering numeric values into final tables.
NCT:NCT06244186,ClinicalTrials.gov,NCT06244186,The Effect of Lactobacillus Delbrueckii Subsp. Bulgaricus on Human's Weight Reduction,36,,,,,,Probiotics; Placebo,Body weight; Body fat; BMI,"Bulgaricus on Human's Weight Reduction  Probiotics; Placebo Body weight; Body fat; BMI ALT and AST (U/L) in Blood composition; CRE, BUN and GLU-AC (mg/dL) in Blood composition; Changes in glycated hemoglobin; Changes in CHOL, TG, HDL and LDL-C (mg/dL) in Blood composition Probiotics; Placebo","Bulgaricus on Human's Weight Reduction  Probiotics; Placebo Body weight; Body fat; BMI ALT and AST (U/L) in Blood composition; CRE, BUN and GLU-AC (mg/dL) in Blood composition; Changes in glycated hemoglobin; Changes in CHOL, TG, HDL and LDL-C (mg/dL) in Blood composition Probiotics; Placebo",,"Bulgaricus on Human's Weight Reduction  Probiotics; Placebo Body weight; Body fat; BMI ALT and AST (U/L) in Blood composition; CRE, BUN and GLU-AC (mg/dL) in Blood composition; Changes in glycated hemoglobin; Changes in CHOL, TG, HDL and LDL-C (mg/dL) in Blood composition Probiotics; Placebo",,,,Review source text before entering numeric values into final tables.
PMID:33544206,PubMed,33544206,Prebiotic dietary fibre intervention improves fecal markers related to inflammation in obese patients: results from the Food4Gut randomized placebo-controlled trial.,n = 12,3 months,,16 g,,p = 0.031,,,,,,,,,,Review source text before entering numeric values into final tables.
PMID:32618656,PubMed,32618656,Allogenic Fecal Microbiota Transplantation in Patients With Nonalcoholic Fatty Liver Disease Improves Abnormal Small Intestinal Permeability: A Randomized Control Trial.,n = 15; n = 6; n = 7,6 weeks; 6 months,,,,,,,,,,,"It was hypothesized that an FMT from a thin and healthy donor given to patients with NAFLD would improve insulin resistance (IR), hepatic proton density fat fraction (PDFF), and intestinal permeability.; Twenty-one patients with NAFLD were recruited and randomized in a ratio of 3:1 to either an allogenic (n = 15) or an autologous (n = 6) FMT delivered by using an endoscope to the distal duodenum.",,Allogenic Fecal Microbiota Transplantation in Patients With Nonalcoholic Fatty Liver Disease Improves Abnormal Small Intestinal Permeability: A Randomized Control Trial.,Review source text before entering numeric values into final tables.
PMID:32660025,PubMed,32660025,Targeting the Intestinal Microbiota to Prevent Type 2 Diabetes and Enhance the Effect of Metformin on Glycaemia: A Randomised Controlled Pilot Study.,60 adults,12 months; 12 weeks,,,BMI ≥ 25,,,,,,,,"An analysis of a subgroup of participants taking metformin showed a decrease in fasting plasma glucose, HbA1c, insulin resistance, and zonulin; an increase in plasma butyrate concentrations; and an enrichment of microbial butyrate-producing pathways in the probiotic group but not in the placebo group.",,,Review source text before entering numeric values into final tables.
NCT:NCT03843736,ClinicalTrials.gov,NCT03843736,The Role of Dysbiosis of Gut Microbiota in the Pathogenesis of PCOS.,200,,,,,,Lifestyle intervention; Probiotic Agent; Oral contraceptive,Diversity analysis of genes and species; Analysis of differences in intestinal microbiota between PCOS patients and the control group; Analysis of functional differences in the intestinal microbiota of PCOS patients in comparison to the control group; Correlation analysis between biomarkers and clinical indicators,,,,,,,,Review source text before entering numeric values into final tables.
NCT:NCT04303481,ClinicalTrials.gov,NCT04303481,The Effect of Consuming Enzymes and Prebiotics on Body Composition and Blood Biochemical Index,88,,,,,,normal diet; weight loss program kit; weight loss program kit with A. muciniphila prebiotics,The change of body fat mass; The change of Triglyceride; The change of Total cholestrol; The change of HDL-cholestrol; The change of LDL-cholestrol; Fecal microbiome analysis; The change of body mass index (BMI); The change of body fat percentage; The change of visceral fat,,,,,,,,Review source text before entering numeric values into final tables.
NCT:NCT03548480,ClinicalTrials.gov,NCT03548480,Targeting the Gut Microbiome for Prader-Willi Syndrome Treatment,39,,,,,,Placebo; Probiotic,Change in percent body fat,,,,,,,,Review source text before entering numeric values into final tables.
PMID:28008750,PubMed,28008750,"The additional effects of a probiotic mix on abdominal adiposity and antioxidant Status: A double-blind, randomized trial.",n = 21; n = 22,8 weeks,,,,P = 0.03; P = 0.02; P = 0.04; P < 0.01,,,,,"The lipid profile, lipid accumulation product, plasma fatty acids, lipopolysaccharide, interleukin-6, interleukin-10, tumor necrosis factor-α, adiponectin, and the antioxidant enzymes activities were analyzed.; In comparison with the dietary intervention group, the dietary intervention + probiotic mix group showed a greater reduction in the waist circumference (-3.40% vs.",,,"The lipid profile, lipid accumulation product, plasma fatty acids, lipopolysaccharide, interleukin-6, interleukin-10, tumor necrosis factor-α, adiponectin, and the antioxidant enzymes activities were analyzed.; In comparison with the dietary intervention group, the dietary intervention + probiotic mix group showed a greater reduction in the waist circumference (-3.40% vs.",,Review source text before entering numeric values into final tables.
NCT:NCT02539836,ClinicalTrials.gov,NCT02539836,Study on Dietary Nutrition Intervention Techniques for Children Obesity,90,,,,,,Dietary nutrition based on plant fermentation extract; MRI in quantifying liver fat with MRS,BMI change,,,,,,,,Review source text before entering numeric values into final tables.
PMID:24738701,PubMed,24738701,Randomised clinical trial: The beneficial effects of VSL#3 in obese children with non-alcoholic steatohepatitis.,3 children,4 months; 4-month,,,,P < 0.001,,,,"No between-group differences were detected in triglycerides, HOMA and ALT while BMI decreased and GLP-1 and aGLP1 increased in the VSL#3 group (P < 0.001 for all comparisons).; A 4-month supplement of VSL#3 significantly improves NAFLD in children.",,,"No between-group differences were detected in triglycerides, HOMA and ALT while BMI decreased and GLP-1 and aGLP1 increased in the VSL#3 group (P < 0.001 for all comparisons).; A 4-month supplement of VSL#3 significantly improves NAFLD in children.","No between-group differences were detected in triglycerides, HOMA and ALT while BMI decreased and GLP-1 and aGLP1 increased in the VSL#3 group (P < 0.001 for all comparisons).; A 4-month supplement of VSL#3 significantly improves NAFLD in children.",,Review source text before entering numeric values into final tables.
NCT:NCT01922830,ClinicalTrials.gov,NCT01922830,Probiotics and Microbiota in Bariatric Surgery,100,,,,,,"Bio-25 (Supherb); Placebo (for Bio-25, Supherb)",Hepato-Renal Index (HRI) method by abdominal US,,,,,,,,Review source text before entering numeric values into final tables.
PMID:23657005,PubMed,23657005,"Transglucosidase improves the gut microbiota profile of type 2 diabetes mellitus patients: a randomized double-blind, placebo-controlled study.",60 patients,12 weeks,,900 mg/day,,,,,"However, after 12 weeks of TGD therapy, the Bacteroidetes-to-Firmicutes ratio in the TGD groups significantly increased and was significantly higher compared with that in the placebo group, indicating that TGD improved the growth of the fecal bacterial communities in the T2DM patients.; Therefore, TGD treatment decreased blood glucose levels and prevented body weight gain in the T2DM patients by inducing the production of oligosaccharides in the alimentary tract and modulating gut microbiota com",,,,"However, after 12 weeks of TGD therapy, the Bacteroidetes-to-Firmicutes ratio in the TGD groups significantly increased and was significantly higher compared with that in the placebo group, indicating that TGD improved the growth of the fecal bacterial communities in the T2DM patients.; Therefore, TGD treatment decreased blood glucose levels and prevented body weight gain in the T2DM patients by inducing the production of oligosaccharides in the alimentary tract and modulating gut microbiota com",,"Transglucosidase improves the gut microbiota profile of type 2 diabetes mellitus patients: a randomized double-blind, placebo-controlled study.",Review source text before entering numeric values into final tables.
EUROPEPMC:40827948,PubMed,40827948,Long-term efficacy of dapagliflozin combined with Bifidobacterium triple viable tablets on metabolic syndrome and gut microbiota in overweight/obese patients with type 2 diabetes.,n = 60,24-week,1.0 x 10^7 CFU,10 mg/day,BMI ≥ 24,P < 0.05; P < 0.001; P = 0.003; P = 0.001; P = 0.008; P = 0.041; P = 0.672,,,"Analyses used mixed-effects models (completers: 57 control, 58 experimental) and Spearman correlations.; The experimental group showed superior improvements in weight (-5.2 kg vs -3.1 kg), HbA1c (-1.8% vs -0.8%), LDL-C (-0.5 vs -0.3 mmol/L), HDL-C (+0.17 vs +0.07 mmol/L), and HOMA-IR (-1.2 vs -0.6) compared to controls (all P < 0.05).",,,,"Analyses used mixed-effects models (completers: 57 control, 58 experimental) and Spearman correlations.; The experimental group showed superior improvements in weight (-5.2 kg vs -3.1 kg), HbA1c (-1.8% vs -0.8%), LDL-C (-0.5 vs -0.3 mmol/L), HDL-C (+0.17 vs +0.07 mmol/L), and HOMA-IR (-1.2 vs -0.6) compared to controls (all P < 0.05).","SGLT2 inhibitors improve cardiorenal outcomes and may modulate gut microbiota, while specific probiotics demonstrate glycemic and lipid benefits.","SGLT2 inhibitors improve cardiorenal outcomes and may modulate gut microbiota, while specific probiotics demonstrate glycemic and lipid benefits.",Review source text before entering numeric values into final tables.
PMID:40965226,PubMed,40965226,"Effects of a Probiotic Formulation Based on SF68, Phytosterols, and 6S-5-Methyltetrahydrofolic Acid on Body Composition, Biochemical Parameters, Gut Microbiota, and Gastrointestinal and General Symptoms of Overweight/Obese Subjects: The PrObesity Study.",,12 weeks,,11 mg; 10.3 mg,,p < 0.05,,,,,"While both groups showed significant (p < 0.05) improvements, the probiotic group showed greater reductions in waist circumference (-1.8 cm), fat mass (-1.8 kg; -1.7%), total cholesterol (-11 mg/dL), and LDL-cholesterol (-10.3 mg/dL), along with an increased HDL/LDL ratio (+0.1).","While both groups showed significant (p < 0.05) improvements, the probiotic group showed greater reductions in waist circumference (-1.8 cm), fat mass (-1.8 kg; -1.7%), total cholesterol (-11 mg/dL), and LDL-cholesterol (-10.3 mg/dL), along with an increased HDL/LDL ratio (+0.1).","Both probiotic and placebo resulted in a significant reduction in HbA1c (-1.7 mmol/mol and -1.5 mmol/mol, respectively).",Obesity and dyslipidemia are increasingly widespread.,,Review source text before entering numeric values into final tables.
PMID:38233990,PubMed,38233990,Effects of a Cycling versus Running HIIT Program on Fat Mass Loss and Gut Microbiota Composition in Men with Overweight/Obesity.,,,,,,P < 0.05; P = 0.050; P = 0.02,,,"The aim of this study was to compare the effects of two 12-wk HIIT isoenergetic programs (cycling vs running) on body composition and fecal microbiota composition in nondieting men with overweight or obesity.; Sixteen men (age, 54.2 ± 9.6 yr; body mass index, 29.9 ± 2.3 kg·m -2 ) were randomly assigned to the HIIT-BIKE (10 × 45 s at 80%-85% of maximal heart rate, 90-s active recovery) or HIIT-RUN (9 × 45 s at 80%-85% of maximal heart rate, 90-s active recovery) group (3 times per week).","The aim of this study was to compare the effects of two 12-wk HIIT isoenergetic programs (cycling vs running) on body composition and fecal microbiota composition in nondieting men with overweight or obesity.; Sixteen men (age, 54.2 ± 9.6 yr; body mass index, 29.9 ± 2.3 kg·m -2 ) were randomly assigned to the HIIT-BIKE (10 × 45 s at 80%-85% of maximal heart rate, 90-s active recovery) or HIIT-RUN (9 × 45 s at 80%-85% of maximal heart rate, 90-s active recovery) group (3 times per week).",,"High-intensity interval training (HIIT) can efficiently decrease total and (intra-)abdominal fat mass (FM); however, the effects of running versus cycling HIIT programs on FM reduction have not been compared yet.",,,"In addition, the link between HIIT-induced FM reduction and gut microbiota must be better investigated.",Review source text before entering numeric values into final tables.
PMID:28596023,PubMed,28596023,Prebiotics Reduce Body Fat and Alter Intestinal Microbiota in Children Who Are Overweight or With Obesity.,n=22; n=20,16 weeks; 4 weeks; 16-week,,8 g/day,,,,,Prebiotics Reduce Body Fat and Alter Intestinal Microbiota in Children Who Are Overweight or With Obesity.,,,Prebiotics Reduce Body Fat and Alter Intestinal Microbiota in Children Who Are Overweight or With Obesity.,,There was a significant decrease in serum triglycerides (decrease of 19%) in the OI group.,Prebiotics Reduce Body Fat and Alter Intestinal Microbiota in Children Who Are Overweight or With Obesity.,Review source text before entering numeric values into final tables.
EUROPEPMC:41599863,PubMed,41599863,"Efficacy and Safety of CKDB-322, a Combination of",n = 50,12-week,1.0 x 10^9 CFU,200 mg,,p < 0.05,,,Additional improvements were observed in body weight and anthropometric parameters.,,,"tricornutum daily (n = 50), or a placebo (n = 50).; CKDB-322 supplementation resulted in statistically significant reductions in body fat mass and body fat percentage, as measured by dual-energy X-ray absorptiometry (DEXA), compared to the placebo group (p < 0.05).",,"Among metabolic biomarkers, serum triglycerides and leptin levels decreased significantly in the CKDB-322 group compared to the placebo.","Exploratory microbiome analyses indicated an increase in the relative abundance of Lactobacillus, suggesting potential modulation of the gut-adipose axis.",Review source text before entering numeric values into final tables.
EUROPEPMC:41870630,PubMed,41870630,Sex-specific differences in salivary microbiota composition and their associations with metabolic health in adults with excess body weight: a secondary cross-sectional analysis.,59 adults,,,,,p = 0.015; p = 0.003,,,,,,,,,"These findings are exploratory and hypothesis-generating, providing insight into sex-related patterns in the oral microbiome and may help inform future research exploring personalized approaches to cardiometabolic risk assessment.",Review source text before entering numeric values into final tables.
EUROPEPMC:41884209,PubMed,41884209,Urolithin A: a multi-target therapeutic candidate derived from the gut microbiota for obesity and metabolic dysfunction.,,,,,,,,,,,,,"These integrated effects collectively improve systemic insulin sensitivity, glucose homeostasis, and reduce lipid accumulation.","These integrated effects collectively improve systemic insulin sensitivity, glucose homeostasis, and reduce lipid accumulation.",,Review source text before entering numeric values into final tables.
EUROPEPMC:40601234,PubMed,40601234,"Emerging evidence and potential avenues to achieve durable outcomes in patients with obesity: the confluence of nutrition, and Microbiome on body composition.",,,,,,,,,"Restrictive nutritional intake and body weight reduction through lifestyle behavioral interventions, bariatric procedures, and highly effective anti-obesity medications are all recommended treatments for obesity.",,,,,,"Dietary challenges that influence overall body composition also have drawn attention to the gut microbiome, a topic of growing interest as there is an increasingly recognized interplay between diet, the metabolic actions of microorganisms in the gut that impact macronutrient and micronutrient production and absorption, and human health.",Review source text before entering numeric values into final tables.
PMID:40806053,PubMed,40806053,Effect of Polyphenol-Rich Interventions on Gut Microbiota and Inflammatory or Oxidative Stress Markers in Adults Who Are Overweight or Obese: A Systematic Review and Meta-Analysis.,n = 670,,,,BMI ≥ 25,p < 0.04; p < 0.001; p < 0.01,,,"However, no significant changes were observed in BMI or body weight.; Polyphenol supplementation in overweight or obese adults may reduce metabolic endotoxemia, boost antioxidant activity, and promote SCFAs production.","However, no significant changes were observed in BMI or body weight.; Polyphenol supplementation in overweight or obese adults may reduce metabolic endotoxemia, boost antioxidant activity, and promote SCFAs production.",,,,,"Polyphenols-bioactive compounds in plant-based foods-may support improvements in body composition and metabolic health by modulating gut microbiota, reducing oxidative stress, and suppressing inflammation.",Review source text before entering numeric values into final tables.
PMID:38498828,PubMed,38498828,Effect of,911 subjects,,,,,p = 0.006; p = 0.02; p < 0.00001; p = 0.003,,,"A random-effects meta-analysis was performed using the mean difference between endpoint measurements and change from baseline for body mass index, body weight, body fat mass, body fat percentage, waist circumference, waist-to-hip ratio, and visceral fat area.","A random-effects meta-analysis was performed using the mean difference between endpoint measurements and change from baseline for body mass index, body weight, body fat mass, body fat percentage, waist circumference, waist-to-hip ratio, and visceral fat area.","A random-effects meta-analysis was performed using the mean difference between endpoint measurements and change from baseline for body mass index, body weight, body fat mass, body fat percentage, waist circumference, waist-to-hip ratio, and visceral fat area.","A random-effects meta-analysis was performed using the mean difference between endpoint measurements and change from baseline for body mass index, body weight, body fat mass, body fat percentage, waist circumference, waist-to-hip ratio, and visceral fat area.",,,,Review source text before entering numeric values into final tables.
PMID:39182247,PubMed,39182247,Examination of sex-specific interactions between gut microbiota and host metabolism after 12-week combined polyphenol supplementation in individuals with overweight or obesity.,,12-week; 12 weeks,,80 mg,,,,,,,,,,,"Men may be more prone to diet-induced, gut microbiota-related improvements in cardiometabolic health.",Review source text before entering numeric values into final tables.
PMID:39796506,PubMed,39796506,"Role of Increasing Body Mass Index in Gut Barrier Dysfunction, Systemic Inflammation, and Metabolic Dysregulation in Obesity.",,,,,,,,,,"Role of Increasing Body Mass Index in Gut Barrier Dysfunction, Systemic Inflammation, and Metabolic Dysregulation in Obesity.",,,"The gas chromatography/mass spectrometry analysis of urine samples evidenced a statistically significant increase in m-cymen-8-ol, 1,3,5-Undecatriene, (E, Z) and a decreased concentration of p-cresol, carvone, p-cresol, and nonane.; Together, these data demonstrated how an increased BMI led to significant changes in inflammatory markers, intestinal barrier metabolites, glucose metabolism, endocrine indicators, and fecal metabolomic profiles that can indicate a different metabolite production fro","This study explores the link between body mass index (BMI), intestinal permeability, and associated changes in anthropometric and impedance parameters, lipid profiles, inflammatory markers, fecal metabolites, and gut microbiota taxa composition in participants having excessive body mass.; A cohort of 58 obese individuals with comparable diet, age, and height was divided into three groups based on a priori clustering analyses that fit with BMI class ranges: Group I (25-29.9), Group II (30-39.9), ","This study explores the link between body mass index (BMI), intestinal permeability, and associated changes in anthropometric and impedance parameters, lipid profiles, inflammatory markers, fecal metabolites, and gut microbiota taxa composition in participants having excessive body mass.; A cohort of 58 obese individuals with comparable diet, age, and height was divided into three groups based on a priori clustering analyses that fit with BMI class ranges: Group I (25-29.9), Group II (30-39.9), ",Review source text before entering numeric values into final tables.
PMID:36615904,PubMed,36615904,Effects of Initial Combinations of Gemigliptin Plus Metformin Compared with Glimepiride Plus Metformin on Gut Microbiota and Glucose Regulation in Obese Patients with Type 2 Diabetes: The INTESTINE Study.,,24 weeks,,,,p < 0.05; p = 0.065; p < 0.001,,,"Although both treatments decreased the HbA1c levels significantly, the gemigliptin−metformin group achieved HbA1c ≤ 7.0% without hypoglycemia or weight gain more effectively than did the glimepiride−metformin group (59% vs.",,,,"Although both treatments decreased the HbA1c levels significantly, the gemigliptin−metformin group achieved HbA1c ≤ 7.0% without hypoglycemia or weight gain more effectively than did the glimepiride−metformin group (59% vs.",,"However, regardless of the treatment modality, a distinct difference in the overall gut microbiome composition was noted between patients who reached the HbA1c target goal and those who did not (p < 0.001).",Review source text before entering numeric values into final tables.
PMID:37602405,PubMed,37602405,"Short-term changes in dietary fat levels and starch sources affect weight management, glucose and lipid metabolism, and gut microbiota in adult cats.",,,,50 g,,P < 0.05,,,Reducing energy density and using pea starch in foods are both valuable design additions to aid in the management of weight control and improve gut health in cats.,,,,The levels of glucose and insulin were lower in cats fed the LF diets than those in cats fed the HF diets (P < 0.05).,"The hematological results showed that the HF diets increased the body inflammation in cats, while the LFPS group improved the glucolipid metabolism.","Additionally, both fat level and starch source influenced the fecal microbiota, with the relative abundance of beneficial bacteria, such as Blautia being significantly greater in the LFPS group than in the other three groups (P < 0.05).",Review source text before entering numeric values into final tables.
PMID:35866596,PubMed,35866596,Mild intermittent hypoxia exposure alters gut microbiota composition in men with overweight and obesity.,,,,,,,,,,,,,"Furthermore, tissue-specific insulin sensitivity was determined using the gold-standard two-step hyperinsulinemic-euglycemic clamp.",,,Review source text before entering numeric values into final tables.
PMID:31175629,PubMed,31175629,Understanding the Role of the Gut Microbiome and Microbial Metabolites in Obesity and Obesity-Associated Metabolic Disorders: Current Evidence and Perspectives.,,,,,,,,,,,,,,,"Overall, most studies have demonstrated a reduction in gut microbiome diversity and richness in obese subjects, but there is still much debate on the exact microbial signature of a healthy or an obese gut microbiome.",Review source text before entering numeric values into final tables.
EUROPEPMC:40825719,PubMed,40825719,Pediatric metabolic dysfunction-associated steatotic liver disease and the gut microbiome: from research landscape to targeted modulation.,,,,,,,,,,,,,,,,Review source text before entering numeric values into final tables.
EUROPEPMC:41297880,PubMed,41297880,"The role of the gut non-bacterial microbiome (virome, mycobiome, archaeome) and its impact on obesity.",,,,,,,,,,,,,,,,Review source text before entering numeric values into final tables.
EUROPEPMC:41522487,PubMed,41522487,"The Gut Microbiota-Insulin Resistance Axis: Mechanisms, Clinical Implications, and Therapeutic Potential.",,,,,,,,,,,,,"Recent clinical and translational studies indicate that SCFAs can improve fasting insulin and HOMA-IR, although the magnitude of benefit varies substantially across individuals, highlighting ongoing controversy surrounding their metabolic effects.",,,Review source text before entering numeric values into final tables.
EUROPEPMC:41750295,PubMed,41750295,Endotoxins and Metabolic Endotoxemia in Obesity and Associated Noncommunicable Diseases: A Focus on Sex Differences.,,,,,,,,,,,,,,,,Review source text before entering numeric values into final tables.
EUROPEPMC:41762381,PubMed,41762381,Gut Microbiota and Metabolic Health: From Dysbiosis to Therapeutics.,,,,,,,,,,,,,,,,Review source text before entering numeric values into final tables.
EUROPEPMC:41783752,PubMed,41783752,Gut Microbiota Has the Potential to Improve Sarcopenic Obesity in Menopausal Women by Regulating Estrogen.,,,,,,,,,,,,,,,Gut Microbiota Has the Potential to Improve Sarcopenic Obesity in Menopausal Women by Regulating Estrogen.,Review source text before entering numeric values into final tables.
EUROPEPMC:41901529,PubMed,41901529,Heart-Gut Axis in Cardiometabolic Disease: Microbiome-Mediated Pathways Linking Metabolic Syndrome to Cardiovascular Risk.,,,,,,,,,,,,,,,,Review source text before entering numeric values into final tables.
EUROPEPMC:42077461,PubMed,42077461,Faecal microbiota transplantation and glucolipid metabolic disorders: the interventional role of gut microbiota.,,,,,,,,,,,,,,"Glucolipid metabolic disorders (GLMD) have emerged as a significant global public health issue, posing a significant threat to human health.",,Review source text before entering numeric values into final tables.
EUROPEPMC:42221399,PubMed,42221399,Harnessing Microbiome Therapy to Treat Metabolic Syndrome.,,,,,,,,,"Clinical trials report improved glycemic control, lipid profiles, and weight management, underscoring their multitargeted potential.",,,,"Mechanistically, these therapies mitigate systemic inflammation, improve glucose/lipid homeostasis, and reduce intestinal permeability linked to endotoxin translocation.","Mechanistically, these therapies mitigate systemic inflammation, improve glucose/lipid homeostasis, and reduce intestinal permeability linked to endotoxin translocation.","Emerging research highlights the gut microbiome as a pivotal modulator of metabolic health, with dysbiosis-characterized by reduced microbial diversity and proinflammatory shifts-implicated in disease pathogenesis.",Review source text before entering numeric values into final tables.
EUROPEPMC:42232906,PubMed,42232906,"From ""spleen governing muscle"" to gut microbiota: mechanisms of sarcopenic obesity in perimenopausal women.",,,,,,,,,,,,,,,"Emerging evidence from traditional Chinese medicine (TCM) suggests that the ""spleen governing muscle"" theory may offer a unique lens through which to understand this condition, with the gut microbiota serving as a critical mechanistic link between spleen deficiency and musculoskeletal deterioration.; To systematically review the mechanisms linking spleen deficiency, gut microbiota dysbiosis, and sarcopenic obesity risk in perimenopausal women, integrating TCM theory with modern biomedical eviden",Review source text before entering numeric values into final tables.
EUROPEPMC:PMC13032950,publisher supplementary data,PMC13032950,The Role of Gut Microbiota in Postmenopausal Women: Implications for Lipid Metabolism and Targeted Nutritional Interventions,,,,,,,,,,,,,,,,Review source text before entering numeric values into final tables.
PMID:41486320,PubMed,41486320,Exploring Paraprobiotics and Postbiotics: A New Frontier in Obesity Treatment via Gut Microbiota Modulation.,,,,,,,,,"Evidence from preclinical models and a limited number of human studies indicates that inactivated forms, particularly those derived from Lactobacillus and Akkermansia species, lead to improvements in metabolic parameters, fat mass, and body weight.",,,"Evidence from preclinical models and a limited number of human studies indicates that inactivated forms, particularly those derived from Lactobacillus and Akkermansia species, lead to improvements in metabolic parameters, fat mass, and body weight.",,,,Review source text before entering numeric values into final tables.
PMID:41520880,PubMed,41520880,The role of the gut microbiome in childhood obesity: Mechanistic insights and community-based interventions.,,,,,,,,,,,,,,,,Review source text before entering numeric values into final tables.
PMID:41711285,PubMed,41711285,Children's gut microbiota predicts the efficacy of obesity treatment.,41 children,,,,,p = 0.028; p = 0.043,,,,Intervention success was defined by improvements in metabolic risk score (MetScore) or BMI z-score.,,,,"A Simpson index cut-off of 0.849 stratified participants high- and low-diversity groups; children above this threshold exhibited greater improvements in MetScore (p = 0.028), SBP (p = 0.043), and in HDL-cholesterol (p = 0.028).; Higher baseline gut microbiota diversity and specific microbial signatures, particularly Faecalibacterium abundance, predicted better outcomes in childhood obesity interventions.","A Simpson index cut-off of 0.849 stratified participants high- and low-diversity groups; children above this threshold exhibited greater improvements in MetScore (p = 0.028), SBP (p = 0.043), and in HDL-cholesterol (p = 0.028).; Higher baseline gut microbiota diversity and specific microbial signatures, particularly Faecalibacterium abundance, predicted better outcomes in childhood obesity interventions.",Review source text before entering numeric values into final tables.
PMID:41754080,PubMed,41754080,Associations Between Gut Microbiome Enterotypes and Body Weight Change During Whole Milk Consumption.,n = 24; n = 38,,,400 g/day,,p = 0.0034,,,"Results: Individuals with the B1 enterotype, but not those with the R enterotype, exhibited decreases in body weight and the relative abundance of Streptococcus thermophilus.",,,,,,,Review source text before entering numeric values into final tables.
PMID:42243519,PubMed,42243519,"Exercise reprograms the gut microbiota to enhance metabolic outcomes after bariatric surgery: a translational, cross-species study.",n = 16,6-month,,,,,,,"Exercise training has been associated with metabolic improvements in bariatric patients beyond weight and fat loss, potentially involving modulation of the gut microbiota.",,,,"Blood and fecal samples were collected before surgery, and at 3 (POST3) and 9 (POST9) months following surgery for biochemical, inflammatory, and microbiota analyses.; Both surgical groups showed comparable improvements in body composition and inflammation; however, RYGB + ET was associated with greater improvements in HDL, triglycerides, fasting glucose, and fasting insulin.","Blood and fecal samples were collected before surgery, and at 3 (POST3) and 9 (POST9) months following surgery for biochemical, inflammatory, and microbiota analyses.; Both surgical groups showed comparable improvements in body composition and inflammation; however, RYGB + ET was associated with greater improvements in HDL, triglycerides, fasting glucose, and fasting insulin.","Exercise training has been associated with metabolic improvements in bariatric patients beyond weight and fat loss, potentially involving modulation of the gut microbiota.",Review source text before entering numeric values into final tables.
EUROPEPMC:40137132,PubMed,40137132,The Functions of Major Gut Microbiota in Obesity and Type 2 Diabetes.,,,,,,,,,,,,,,,,Review source text before entering numeric values into final tables.
EUROPEPMC:40877311,PubMed,40877311,Long-term health outcomes in adolescents with obesity treated with faecal microbiota transplantation: 4-year follow-up.,,,,,,p = 0.095; p = 0.026; p = 0.024; p = 0.003; p = 0.002; p = 0.037,,,,"There was no difference in BMI between the two groups, after adjusting for sex, age, diet, and physical activity (-3.6 kg/m2, p = 0.095).","Specifically, FMT recipients had smaller waist circumference (-10.0 cm, p = 0.026), total body fat (-4.8%, p = 0.024), metabolic syndrome severity score (-0.58, p = 0.003), and systemic inflammation (-68% hs-CRP, p = 0.002) and higher levels of HDL cholesterol (0.16 mmol/L, p = 0.037).","Specifically, FMT recipients had smaller waist circumference (-10.0 cm, p = 0.026), total body fat (-4.8%, p = 0.024), metabolic syndrome severity score (-0.58, p = 0.003), and systemic inflammation (-68% hs-CRP, p = 0.002) and higher levels of HDL cholesterol (0.16 mmol/L, p = 0.037).","No group differences were observed in glucose markers, or other lipid parameters.","Specifically, FMT recipients had smaller waist circumference (-10.0 cm, p = 0.026), total body fat (-4.8%, p = 0.024), metabolic syndrome severity score (-0.58, p = 0.003), and systemic inflammation (-68% hs-CRP, p = 0.002) and higher levels of HDL cholesterol (0.16 mmol/L, p = 0.037).",,Review source text before entering numeric values into final tables.
EUROPEPMC:40893881,PubMed,40893881,"Metabolic Dysfunction-Associated Steatotic Liver Disease (MASLD): the interplay of gut microbiome, insulin resistance, and diabetes.",,,,,,,,,,,,,,,"Recent research highlights how gut microbiome dysbiosis exacerbates MASLD through mechanisms such as increased intestinal permeability, systemic inflammation, and altered metabolic signaling.",Review source text before entering numeric values into final tables.
EUROPEPMC:40917104,PubMed,40917104,Exploring the Role of the Gut Microbiome Across the Lifespan: Implications for Aging and Metabolic Disorders.,,,,,,,,,,,,,,,"Understanding the intricate relationship between the gut microbiome, obesity, and aging-related pathologies is essential for developing targeted microbiome-based interventions to mitigate these health challenges.",Review source text before entering numeric values into final tables.
EUROPEPMC:41011021,PubMed,41011021,The Gut Microbiota Axis in Social Jetlag: A Novel Framework for Metabolic Dysfunction and Chronotherapeutic Innovation.,,,,,,,,,,,,,"Mechanistic studies reveal that social jetlag disrupts microbial rhythmicity, reduces short-chain fatty acid (SCFA) production, impairs intestinal barrier function, and promotes systemic inflammation, which contribute to insulin resistance and metabolic dysfunction.",,,Review source text before entering numeric values into final tables.
EUROPEPMC:41302164,PubMed,41302164,Probiotics and Phytoantioxidants Target Coronary Endothelial Dysfunction in Irregular Sleep- and Obesity-Associated Cardiometabolic Syndrome.,,,,,,,,,,,,,,,,Review source text before entering numeric values into final tables.
EUROPEPMC:41373658,PubMed,41373658,Gut Microbiota and Short-Chain Fatty Acids: Key Factors in Pediatric Obesity and Therapeutic Targets.,,,,,,,,,,,,,,,"These may modify the microbiota and SCFA levels to reduce obesity and related conditions, such as metabolic syndrome and precocious puberty.",Review source text before entering numeric values into final tables.
EUROPEPMC:41374064,PubMed,41374064,Marine-Algal-Derived Postbiotics Modulating the Gut Microbiota-Adipose Tissue Axis in Obesity: A New Frontier.,,,,,,,,,"Animal studies consistently demonstrate reduced body weight, improved insulin sensitivity, and decreased inflammation following algae supplementation.",,,,"Animal studies consistently demonstrate reduced body weight, improved insulin sensitivity, and decreased inflammation following algae supplementation.",,Background: Obesity is increasingly recognized as a metabolic disorder driven by gut microbiota dysbiosis and chronic low-grade inflammation within adipose tissue.,Review source text before entering numeric values into final tables.
PMID:39137936,PubMed,39137936,"An encompassing review of meta-analyses and systematic reviews of the effect of oats on all-cause mortality, cardiovascular risk, diabetes risk, body weight/adiposity and gut health.",,,,,,,,,"Randomized controlled oat intervention studies demonstrated a significant reduction in postprandial blood glucose in both diabetic and non-diabetic subjects, fasting blood glucose in diabetic subjects, blood pressure in prehypertensive individuals, and body weight and adiposity in overweight individuals.",,,,"Randomized controlled oat intervention studies demonstrated a significant reduction in postprandial blood glucose in both diabetic and non-diabetic subjects, fasting blood glucose in diabetic subjects, blood pressure in prehypertensive individuals, and body weight and adiposity in overweight individuals.",The ability of oats to reduce blood cholesterol is well established but there is increasing evidence that its health benefits extend well beyond that.,,Review source text before entering numeric values into final tables.
PMID:40289103,PubMed,40289103,Gut microbiome links obesity to type 2 diabetes: insights from Mendelian randomization.,N = 933; N = 806; N = 18; N = 7,,,,,,,,,"In the analysis of the influence of the genetic component of BMI on GM composition, BMI affected 52 bacterial taxa, with 28 decreasing (OR: 0.75-0.92) and 24 increasing (OR: 1.08-1.27).",,,,,,Review source text before entering numeric values into final tables.
PMID:40814108,PubMed,40814108,Postbiotics as a novel intervention for obesity management and improving metabolic parameters: a systematic review and meta-analysis of animal studies.,,8 weeks,,100 mg,,P = 0.001; P = 0.011; P = 0.497,,,"Therefore, the present study aimed to systematically assess the effect of postbiotics consumption on weight management, dietary intake, and metabolic indices in animal models of obesity.; The search was conducted using the PubMed, Scopus, Web of Science, and Google Scholar databases for relevant articles published in English up to May 2025.",,,"Accordingly, supplementation with different forms of postbiotics was accompanied by a significant decrease in the body weight, body fat, and serum levels of LDL-C, TG, TC, FBG, insulin, and HOMA-IR (P = 0.001, 0.040, < 0.001, < 0.001, < 0.001, < 0.001, < 0.001, 0.014 respectively) and significant increase of serum HDL-C level (P = 0.011).","Accordingly, supplementation with different forms of postbiotics was accompanied by a significant decrease in the body weight, body fat, and serum levels of LDL-C, TG, TC, FBG, insulin, and HOMA-IR (P = 0.001, 0.040, < 0.001, < 0.001, < 0.001, < 0.001, < 0.001, 0.014 respectively) and significant increase of serum HDL-C level (P = 0.011).","Upon the subgroup analyses, SCFAs as a postbiotic supplement, the treatment dose of ≥ 100 mg/kg, and intervention duration ≥ 8 weeks were more effective in improving body weight and fat mass and FBG, HOMA-IR, and HDL-C levels; reducing FBG and HOMA-IR levels; and lowering serum FBG levels, respectively.; Overall, the intake of postbiotics demonstrated potential anti-obesity effects and metabolic improvements through gut microbiota modulations, decreasing obesity-related inflammation, reducing ad","Upon the subgroup analyses, SCFAs as a postbiotic supplement, the treatment dose of ≥ 100 mg/kg, and intervention duration ≥ 8 weeks were more effective in improving body weight and fat mass and FBG, HOMA-IR, and HDL-C levels; reducing FBG and HOMA-IR levels; and lowering serum FBG levels, respectively.; Overall, the intake of postbiotics demonstrated potential anti-obesity effects and metabolic improvements through gut microbiota modulations, decreasing obesity-related inflammation, reducing ad",Review source text before entering numeric values into final tables.
PMID:41450549,PubMed,41450549,"Exploring the interplay between diet, obesity, mental health, and the gut microbiota: the MIND-GUT intervention study, study protocol.",126 adults,12-week,,,,,,,"Secondary outcomes include changes in body weight, BMI, waist and hip circumferences, fat mass, and mental health including perceived stress, depression, and anxiety symptoms.","Secondary outcomes include changes in body weight, BMI, waist and hip circumferences, fat mass, and mental health including perceived stress, depression, and anxiety symptoms.","Secondary outcomes include changes in body weight, BMI, waist and hip circumferences, fat mass, and mental health including perceived stress, depression, and anxiety symptoms.","Secondary outcomes include changes in body weight, BMI, waist and hip circumferences, fat mass, and mental health including perceived stress, depression, and anxiety symptoms.",,,"The study will also explore changes in gut microbiota composition and diversity.; In this randomized trial, 126 adults with obesity will be assigned to either an intervention group following a MIND diet or a control group receiving general dietary advice.",Review source text before entering numeric values into final tables.
PMID:38828839,PubMed,38828839,Exploring causal effects of gut microbiota and metabolites on body fat percentage using two-sample Mendelian randomization.,,,,,,,,,,,,"The relationship between the gut microbiota, metabolites and body fat percentage (BFP) remains unexplored.",,,"The relationship between the gut microbiota, metabolites and body fat percentage (BFP) remains unexplored.",Review source text before entering numeric values into final tables.
PMID:38975363,PubMed,38975363,"Dissecting the association between gut microbiota, body mass index and specific depressive symptoms: a mediation Mendelian randomisation study.",,,,,,p<0.001; p=0.001; p=0.005,,,,"Observational studies highlight the association between gut microbiota (GM) composition and depression; however, evidence for the causal relationship between GM and specific depressive symptoms remains lacking.; We aimed to evaluate the causal relationship between GM and specific depressive symptoms as well as the mediating role of body mass index (BMI).; We performed a two-sample Mendelian randomisation (MR) analysis using genetic variants associated with GM and specific depressive symptoms fro",,,,,"Observational studies highlight the association between gut microbiota (GM) composition and depression; however, evidence for the causal relationship between GM and specific depressive symptoms remains lacking.; We aimed to evaluate the causal relationship between GM and specific depressive symptoms as well as the mediating role of body mass index (BMI).; We performed a two-sample Mendelian randomisation (MR) analysis using genetic variants associated with GM and specific depressive symptoms fro",Review source text before entering numeric values into final tables.
PMID:39033197,PubMed,39033197,Enhancing gut microbiota and microbial function with inulin supplementation in children with obesity.,,6 months,,,,,,,,"This study aimed to determine whether inulin supplementation improved intestinal microbiota and microbial functional pathways in children with obesity.; Children with obesity whose BMI above median + 2SDs were recruited to a randomized, double-blinded placebo-controlled study.",,,,,Gut microbiota manipulation by supplementation of prebiotic inulin may reverse metabolic abnormalities and improve obesity.,Review source text before entering numeric values into final tables.
PMID:39668899,PubMed,39668899,"Gut microbiota, physical activity and/or metabolic markers in healthy individuals - towards new biomarkers of health.",n = 17,3-days,,,BMI between 18.5,,,,,"Since T2D is preventable, efforts should be put into the discovery of new biomarkers for early detection of individuals at risk of developing the disease.; The objective of the cross-sectional study was to explore the relationship between gut microbiota and physical activity (PA) and/or metabolic markers such as selected amino acids (AA), markers of glycaemic regulation and lipid metabolism and anthropometric measures.; Healthy adults (18 and 65 years) with BMI between 18.5 and 27.5 kg/m2 origin",,,,"Since T2D is preventable, efforts should be put into the discovery of new biomarkers for early detection of individuals at risk of developing the disease.; The objective of the cross-sectional study was to explore the relationship between gut microbiota and physical activity (PA) and/or metabolic markers such as selected amino acids (AA), markers of glycaemic regulation and lipid metabolism and anthropometric measures.; Healthy adults (18 and 65 years) with BMI between 18.5 and 27.5 kg/m2 origin","Since T2D is preventable, efforts should be put into the discovery of new biomarkers for early detection of individuals at risk of developing the disease.; The objective of the cross-sectional study was to explore the relationship between gut microbiota and physical activity (PA) and/or metabolic markers such as selected amino acids (AA), markers of glycaemic regulation and lipid metabolism and anthropometric measures.; Healthy adults (18 and 65 years) with BMI between 18.5 and 27.5 kg/m2 origin",Review source text before entering numeric values into final tables.
PMID:36674104,PubMed,36674104,Effects of a Diet Containing Sources of Prebiotics and Probiotics and Modification of the Gut Microbiota on the Reduction of Body Fat.,,3-month; 3 months,,400 g; 100 g; 150 g,BMI 34.9; BMI 33.4,,,,"In a multi-center, two-arm, parallel, non-randomized study, two types of weight-reduction diets (A and B) were used over a 3-month period.","Based on the assessment of BMI (Body Mass Index), a group of 56 women aged 25-45 years (31 women group A average BMI 34.9 ± 4.86 kg/m2 and 25 women group B average BMI 33.4 ± 4.02 kg/m2) were qualified for the study.","The following measurements were taken: body weight, body fat mass, water content, body height, waist circumference, and hip circumference.",Effects of a Diet Containing Sources of Prebiotics and Probiotics and Modification of the Gut Microbiota on the Reduction of Body Fat.,,,Effects of a Diet Containing Sources of Prebiotics and Probiotics and Modification of the Gut Microbiota on the Reduction of Body Fat.,Review source text before entering numeric values into final tables.
PMID:37083403,PubMed,37083403,Gut Microbiota and Serum Metabolites in Individuals with Class III Obesity Without Type 2 Diabetes Mellitus: Pilot Analysis.,,,,,,P = 0.001; P = 0.019; P = 0.024; P = 0.010; P = 0.050; P = 0.018; P = 0.022,,,,,,,,,,Review source text before entering numeric values into final tables.
PMID:37602197,PubMed,37602197,Gut microbiome biomarkers in adolescent obesity: a regional study.,,,,,,,,,,"A Random Forest (RF) classifier model was built to distinguish the BMI categories based on the gut bacterial composition.; Fifty-six taxa consisting mainly of Firmicutes were identified that having significant associations with BMI; 2 OTUs belonging to Ruminococcaceae and 1 belonging to Lachnospiraceae had relatively strong positive correlations with body fate rate, waistline and most of serum biochemical properties.","A Random Forest (RF) classifier model was built to distinguish the BMI categories based on the gut bacterial composition.; Fifty-six taxa consisting mainly of Firmicutes were identified that having significant associations with BMI; 2 OTUs belonging to Ruminococcaceae and 1 belonging to Lachnospiraceae had relatively strong positive correlations with body fate rate, waistline and most of serum biochemical properties.","A Random Forest (RF) classifier model was built to distinguish the BMI categories based on the gut bacterial composition.; Fifty-six taxa consisting mainly of Firmicutes were identified that having significant associations with BMI; 2 OTUs belonging to Ruminococcaceae and 1 belonging to Lachnospiraceae had relatively strong positive correlations with body fate rate, waistline and most of serum biochemical properties.",,,,Review source text before entering numeric values into final tables.
PMID:37916149,PubMed,37916149,A specific gut microbiota signature is associated with an enhanced GLP-1 and GLP-2 secretion and improved metabolic control in patients with type 2 diabetes after metabolic Roux-en-Y gastric bypass.,,12 months,,,BMI 39.3,P<0.05; P<0.001,,,,"Higher initial C-peptide was the only predictor for T2D remission, which was achieved in 69% of patients.; Patients with obesity and T2D submitted to mRYGB show an enhanced incretin response, a reduced gut permeability and a metabolic improvement, associated with a specific microbiota signature.",,,"Species belonging to Streptococaceae, Akkermansiacea, Rickenellaceae, Sutterellaceae, Enterobacteriaceae, Oscillospiraceae, Veillonellaceae, Enterobacterales_uc, and Fusobacteriaceae families increased after intervention and correlated positively with AUC of GLP-1 and GLP-2, and negatively with glucose, HbA1c, triglycerides and adiposity markers.","Species belonging to Streptococaceae, Akkermansiacea, Rickenellaceae, Sutterellaceae, Enterobacteriaceae, Oscillospiraceae, Veillonellaceae, Enterobacterales_uc, and Fusobacteriaceae families increased after intervention and correlated positively with AUC of GLP-1 and GLP-2, and negatively with glucose, HbA1c, triglycerides and adiposity markers.",A specific gut microbiota signature is associated with an enhanced GLP-1 and GLP-2 secretion and improved metabolic control in patients with type 2 diabetes after metabolic Roux-en-Y gastric bypass.,Review source text before entering numeric values into final tables.
PMID:36615804,PubMed,36615804,"Effects of a Novel Infant Formula on Weight Gain, Body Composition, Safety and Tolerability to Infants: The INNOVA 2020 Study.",n = 70; n = 291; n = 282; n = 227,12 months; 21 days,,,,,,,"Here, we report the results of a multicenter, randomized, blinded, controlled clinical trial that aimed to evaluate a novel starting formula on weight gain and body composition of infants up to 6 and 12 months, as well as safety and tolerability.",,,,,,,Review source text before entering numeric values into final tables.
PMID:31250099,PubMed,31250099,Gut microbiota is associated with adiposity markers and probiotics may impact specific genera.,,,2 x 10^10 CFU/day,,,,,,"In addition, we characterized the degree of variation among fecal communities after the intervention.; BMI, weight, fat mass, lean mass, conicity index, protein intake, monounsaturated fat intake, glycated hemoglobin, TNF-α, and IL6/IL10 were significantly correlated with microbiome composition.","In addition, we characterized the degree of variation among fecal communities after the intervention.; BMI, weight, fat mass, lean mass, conicity index, protein intake, monounsaturated fat intake, glycated hemoglobin, TNF-α, and IL6/IL10 were significantly correlated with microbiome composition.",,"In addition, we characterized the degree of variation among fecal communities after the intervention.; BMI, weight, fat mass, lean mass, conicity index, protein intake, monounsaturated fat intake, glycated hemoglobin, TNF-α, and IL6/IL10 were significantly correlated with microbiome composition.",,,"In addition, we characterized the degree of variation among fecal communities after the intervention.; BMI, weight, fat mass, lean mass, conicity index, protein intake, monounsaturated fat intake, glycated hemoglobin, TNF-α, and IL6/IL10 were significantly correlated with microbiome composition.",Review source text before entering numeric values into final tables.
PMID:31370223,PubMed,31370223,,,12 weeks,,,,,,,,,,,,,reuteri V3401 improved selected inflammatory parameters and modified the gastrointestinal microbiome.,Review source text before entering numeric values into final tables.
PMID:29568104,PubMed,29568104,Gut-microbiome-related LCT genotype and 2-year changes in body composition and fat distribution: the POUNDS Lost Trial.,,,,,,P = 0.04; P = 0.07; P = 0.03,,,We investigated whether the LCT variant influenced long-term changes in adiposity among overweight and obese individuals.; We included 583 whites with LCT variant rs4988235 (G allele as Bifidobacterium-abundance-increasing allele) who were randomly assigned to one of four weight-loss diets varying in macronutrient contents.,,,"Two-year changes in adiposity measures were assessed according to the LCT genotype and weight-loss diets.; We observed a significant interaction between the LCT genotype and dietary protein intake on changes in whole body total fat mass %, trunk fat %, superficial adipose tissue mass (SAT), visceral adipose tissue mass (VAT), and total adipose tissue mass (TAT) (Pinteraction < 0.05 for all).",,,A recent study identified a genome-wide significant variant in the lactase (LCT) gene that determines gut-microbiome abundance.,Review source text before entering numeric values into final tables.
PMID:26792677,PubMed,26792677,Microbiota manipulation for weight change.,17 children,,,,,,,,,,,,,,,Review source text before entering numeric values into final tables.
PMID:27966574,PubMed,27966574,Acute increases in serum colonic short-chain fatty acids elicited by inulin do not increase GLP-1 or PYY responses but may reduce ghrelin in lean and overweight humans.,,,,75 g; 24 g; 28.2 g,,P<0.05; P=0.017,,,Acute increases in serum colonic short-chain fatty acids elicited by inulin do not increase GLP-1 or PYY responses but may reduce ghrelin in lean and overweight humans.,,,,,,,Review source text before entering numeric values into final tables.
PMID:28396144,PubMed,28396144,"Supplementation of Diet With Galacto-oligosaccharides Increases Bifidobacteria, but Not Insulin Sensitivity, in Obese Prediabetic Individuals.",,12 weeks,,15 g,,P = .009,,,"In addition, no significant alterations in peripheral and adipose tissue insulin sensitivity, body composition, and energy and substrate metabolism were found.; Twelve-week supplementation of GOS selectively increased fecal Bifidobacterium species abundance, but this did not produce significant changes in insulin sensitivity or related substrate and energy metabolism in overweight or obese prediabetic men and women.",,,,"Supplementation of Diet With Galacto-oligosaccharides Increases Bifidobacteria, but Not Insulin Sensitivity, in Obese Prediabetic Individuals.",,,Review source text before entering numeric values into final tables.
PMID:24830782,PubMed,24830782,Probiotics during weaning: a follow-up study on effects on body composition and metabolic markers at school age.,179 children; n = 58; n = 62,13 months,,,,,,,,"S-lipids, insulin, glucose and transaminases were determined after overnight fasting.; LF19 did not affect body mass index z-score, sagittal abdominal diameter, fat-free mass, fat mass index, truncal fat %, android or gynoid fat % and had no long-term impact on any of the assessed metabolic markers (p > 0.05).; Feeding LF19 during infancy did not modulate body composition, growth or any of the assessed metabolic markers at school age.",,"paracasei F19 (LF19) induced upregulation of genes involved in energy homoeostasis, reduced body fat and altered the serum (S) lipoprotein profile.","S-lipids, insulin, glucose and transaminases were determined after overnight fasting.; LF19 did not affect body mass index z-score, sagittal abdominal diameter, fat-free mass, fat mass index, truncal fat %, android or gynoid fat % and had no long-term impact on any of the assessed metabolic markers (p > 0.05).; Feeding LF19 during infancy did not modulate body composition, growth or any of the assessed metabolic markers at school age.","LF19 lowered palmitoleic acid, a monounsaturated fatty acid associated with hypertriglyceridemia and increased visceral adiposity.",,Review source text before entering numeric values into final tables.
PMID:26259892,PubMed,26259892,"Effects of synbiotic on anthropometry, lipid profile and oxidative stress in obese children.",,,,,,P<0.001; P<0.01; P<0.05,,,One month of supplementation of the synbiotic resulted in a significant reduction of weight (P<0.001) and body mass index (P<0.01).,One month of supplementation of the synbiotic resulted in a significant reduction of weight (P<0.001) and body mass index (P<0.01).,,,,"At the 30(th) day of synbiotic intervention, serum total cholesterol, low density lipoprotein cholesterol and total oxidative stress levels significantly declined (P<0.05).",,Review source text before entering numeric values into final tables.
PMID:24299712,PubMed,24299712,Effect of Lactobacillus rhamnosus CGMCC1.3724 supplementation on weight loss and maintenance in obese men and women.,,24 weeks; 12 weeks,,,,P = 0.02; P= 0.53,,,Each group was submitted to moderate energy restriction for the first 12 weeks followed by 12 weeks of weight maintenance.,Each group was submitted to moderate energy restriction for the first 12 weeks followed by 12 weeks of weight maintenance.,,"Women in the LPR group continued to lose body weight and fat mass during the weight-maintenance period, whereas opposite changes were observed in the placebo group.",,,,Review source text before entering numeric values into final tables.
PMID:25079040,PubMed,25079040,Effects of probiotic yogurt on fat distribution and gene expression of proinflammatory factors in peripheral blood mononuclear cells in overweight and obese people with or without weight-loss diet.,n = 25,8 weeks; 8-week,,200 g/day,,p < 0.001; p = 0.002; p = 0.12; p = 0.03,,,"Body fat percentage, high-sensitive C-reactive protein (hs-CRP), tumor necrosis factor-alpha (TNF-α), leptin, and mRNA levels of inflammation-related genes (TNF-α and RAR-related orphan receptor gamma [ROR-γt]) in peripheral blood mononuclear cells (PBMCs) were measured.; A reduction in body mass index (BMI), fat percentage, and leptin level was observed that was more obvious in groups who received the weight-loss diet with probiotic yogurt.","Body fat percentage, high-sensitive C-reactive protein (hs-CRP), tumor necrosis factor-alpha (TNF-α), leptin, and mRNA levels of inflammation-related genes (TNF-α and RAR-related orphan receptor gamma [ROR-γt]) in peripheral blood mononuclear cells (PBMCs) were measured.; A reduction in body mass index (BMI), fat percentage, and leptin level was observed that was more obvious in groups who received the weight-loss diet with probiotic yogurt.",,"Body fat percentage, high-sensitive C-reactive protein (hs-CRP), tumor necrosis factor-alpha (TNF-α), leptin, and mRNA levels of inflammation-related genes (TNF-α and RAR-related orphan receptor gamma [ROR-γt]) in peripheral blood mononuclear cells (PBMCs) were measured.; A reduction in body mass index (BMI), fat percentage, and leptin level was observed that was more obvious in groups who received the weight-loss diet with probiotic yogurt.",,,,Review source text before entering numeric values into final tables.
PMID:23442391,PubMed,23442391,SPRING: an RCT study of probiotics in the prevention of gestational diabetes mellitus in overweight and obese women.,,16 weeks; 28 weeks,,,BMI > 25.0,,,,A Finnish study showed that ingestion of specific probiotics altered the composition of the gut microbiome and thereby metabolism from early gestation and decreased rates of gestational diabetes in normal weight women.,,,"Gestational diabetes is associated with higher rates of Cesarean Section for the mother and increased risks of macrosomia, higher body fat mass, respiratory distress and hypoglycemia for the infant.",,,A Finnish study showed that ingestion of specific probiotics altered the composition of the gut microbiome and thereby metabolism from early gestation and decreased rates of gestational diabetes in normal weight women.,Review source text before entering numeric values into final tables.
PMID:23510724,PubMed,23510724,Effect of Lactobacillus salivarius Ls-33 on fecal microbiota in obese adolescents.,50 subjects,12 weeks,,,,p ≤ 0.05,,,,,,,,,,Review source text before entering numeric values into final tables.
PMID:22695039,PubMed,22695039,Probiotics to adolescents with obesity: effects on inflammation and metabolic syndrome.,,12 weeks; 12-week,,,,,,,"Furthermore, there were no differences in changes from baseline to 12-week intervention with regard to any anthropometric measures, blood pressure (systolic and diastolic), fasting glucose and insulin, homeostasis model assessment of insulin resistance, C-peptide, cholesterol, high-density lipoprotein cholesterol, low-density lipoprotein cholesterol, triglyceride, free fatty acids, C-reactive protein, interleukin-6, tumor necrosis factor alpha, or fecal calprotectin, despite the increased values",,,,"Furthermore, there were no differences in changes from baseline to 12-week intervention with regard to any anthropometric measures, blood pressure (systolic and diastolic), fasting glucose and insulin, homeostasis model assessment of insulin resistance, C-peptide, cholesterol, high-density lipoprotein cholesterol, low-density lipoprotein cholesterol, triglyceride, free fatty acids, C-reactive protein, interleukin-6, tumor necrosis factor alpha, or fecal calprotectin, despite the increased values","Furthermore, there were no differences in changes from baseline to 12-week intervention with regard to any anthropometric measures, blood pressure (systolic and diastolic), fasting glucose and insulin, homeostasis model assessment of insulin resistance, C-peptide, cholesterol, high-density lipoprotein cholesterol, low-density lipoprotein cholesterol, triglyceride, free fatty acids, C-reactive protein, interleukin-6, tumor necrosis factor alpha, or fecal calprotectin, despite the increased values","The connections between gut microbiota, energy homeostasis, and inflammation and its role in the pathogenesis of obesity-related disorders are increasingly recognized.",Review source text before entering numeric values into final tables.
EUROPEPMC:40913714,PubMed,40913714,"Bridging the Gut Microbiota and the Brain, Kidney, and Cardiovascular Health: The Role of Probiotics.",,,,,,,,,,"Probiotics also increase HDL-c, ApoE, and insulin sensitivity, decreasing BMI, body fat, and the risk of developing chronic hyperglycemia while increasing lean mass.",,"Probiotics also increase HDL-c, ApoE, and insulin sensitivity, decreasing BMI, body fat, and the risk of developing chronic hyperglycemia while increasing lean mass.","Probiotics also increase HDL-c, ApoE, and insulin sensitivity, decreasing BMI, body fat, and the risk of developing chronic hyperglycemia while increasing lean mass.","Probiotics can also benefit the heart by decreasing TMAO, LDL-c, TG, CRP, MDA, TNF-α, IL-6, and urea levels, improving dyslipidemia and toxin profiles.","The intestinal microbiota is linked to the development of neurotrophic factors; therefore, it is increasingly related to the modulation of nervous system pathologies.",Review source text before entering numeric values into final tables.
EUROPEPMC:41625558,PubMed,41625558,Obesity-induced cognitive impairment: Underlying mechanisms and therapeutic prospects.,,,,,,,,,,,,,,,,Review source text before entering numeric values into final tables.
EUROPEPMC:41640966,PubMed,41640966,Fighting the epidemic of pediatric metabolic dysfunction-associated steatotic liver disease: Role of non-invasive diagnostics and early pharmacological intervention.,,,,,,,,,,,,,,,,Review source text before entering numeric values into final tables.
EUROPEPMC:41677879,PubMed,41677879,Soy and the gut microbiome: a bi-directional relationship shaping nutrition and health.,,,,,,,,,,,,,,,Soy and the gut microbiome: a bi-directional relationship shaping nutrition and health.,Review source text before entering numeric values into final tables.
EUROPEPMC:41692128,PubMed,41692128,Diet and Exercise Interventions in Pediatric Cancer Survivors and Effects on Cardiometabolic Disease Risk and Inflammaging Biomarkers: A Systematic Review.,,,,,,,,,,Decreases in body mass index and increases in lean body mass were reported in some diet and exercise interventions.,,,"Exercise was associated with an improvement in glucose homeostasis, yet results were inconsistent across studies.",,,Review source text before entering numeric values into final tables.
EUROPEPMC:41718117,PubMed,41718117,"Childhood Obesity: A Multisystem Challenge Linking Hypertension, NAFLD, and Sleep Apnea.",,,,,,,,,"Childhood overweight and obesity represent a major global public health emergency, with a steadily increasing prevalence over recent decades in both developed and developing countries.",,,,,,,Review source text before entering numeric values into final tables.
EUROPEPMC:41725786,PubMed,41725786,A Probiotic Nutritional Supplement Improves Glycemic Control and Biomarkers of Metabolic Syndrome in Patients With Type 2 Diabetes Mellitus.,40 Patients,6 weeks,,2 capsules,BMI: 33.6,P < .05,,,,,,,"At endpoint, there were significant improvements versus baseline with BeaT-2, but not with placebo for biomarkers of glycemic control (BeaT-2 vs Placebo, HbA1c: -0.3% vs 0.1%, fasting glucose: -14% vs +8%, both P < .05), insulin resistance (insulin: -17% vs +14%, HOMA-IR: -26% vs +21%, both P < .05), ß-cell dysfunction (intact proinsulin: -40% vs -2%, P < .05) and chronic systemic inflammation (adiponectin: +8% vs -8%; P < .05, hsCRP: -31% vs +27%, n.s.).",,,Review source text before entering numeric values into final tables.
EUROPEPMC:41788191,PubMed,41788191,Causal Effects of Yogurt Intake on Gut Microbiota: A European Mendelian Randomization Study.,,,,,,,,,,,,,,,"Yogurt is reported to maintain the balance of gut microbiota and prevent disease, but the causal relationship remains unclear.; We selected data from UK Biobank and MiBioGen to perform Mendelian randomization analysis.",Review source text before entering numeric values into final tables.
EUROPEPMC:41799504,PubMed,41799504,The Role of the Gut Microbiome in Clinical Outcomes of Colorectal Cancer: A Systematic Review (2020-2025).,361 individuals,,,,,,,,,,,,,,"Therapeutic interventions, either standard treatments and/or those targeting the gut microbiome, generally increased probiotic taxa and reduced pro-carcinogenic bacteria.",Review source text before entering numeric values into final tables.
EUROPEPMC:41834856,PubMed,41834856,The role of Western diet and gut microbiota in the pathogenesis of cardiovascular diseases.,,,,,,,,,,,,,,,,Review source text before entering numeric values into final tables.
EUROPEPMC:41869364,PubMed,41869364,Psoriasis: microbiome dysbiosis and pathogenic mechanisms.,,,,,,,,,,,,,,,"The bidirectional relationship with therapy is dissected: while biologics induce drug-specific microbiome shifts that often correlate with clinical normalization, they also carry infection risks that must be strategically managed.",Review source text before entering numeric values into final tables.
EUROPEPMC:41898712,PubMed,41898712,"GLP-1 Receptor Agonists at the Crossroads of Circadian Biology, Sleep, and Metabolic Disease.",,,,,,,,,,,,,,,,Review source text before entering numeric values into final tables.
EUROPEPMC:41901072,PubMed,41901072,Linking Obesity and Depression Through the Gut-Brain Axis: The Impact of Short-Chain Fatty Acids and Inflammation.,,,,,,,,,,,,,,,,Review source text before entering numeric values into final tables.
EUROPEPMC:41960437,PubMed,41960437,Unveiling the gut: microbiota and derived metabolites' role in the rising tide of precocious puberty.,,,,,,,,,,,,,,,,Review source text before entering numeric values into final tables.
EUROPEPMC:42051455,PubMed,42051455,Gut microbiome dysbiosis in PCOS: from pathogenesis to microbiome-targeted therapies.,,,,,,,,,,,,,,,,Review source text before entering numeric values into final tables.
EUROPEPMC:42063761,PubMed,42063761,"Interplay between circadian rhythms, gut microbiota, and MASLD: from mechanistic foundations to therapeutic opportunities.",,,,,,,,,,,,,"Although excessive lipid accumulation, insulin resistance, and chronic low-grade inflammation are recognized as the main pathophysiological drivers, an increasing body of research indicates that the relationship between circadian rhythms, gut microbiota, and liver metabolism is far more complex than previously imagined, forming a systemic regulatory network.","Although excessive lipid accumulation, insulin resistance, and chronic low-grade inflammation are recognized as the main pathophysiological drivers, an increasing body of research indicates that the relationship between circadian rhythms, gut microbiota, and liver metabolism is far more complex than previously imagined, forming a systemic regulatory network.","Although excessive lipid accumulation, insulin resistance, and chronic low-grade inflammation are recognized as the main pathophysiological drivers, an increasing body of research indicates that the relationship between circadian rhythms, gut microbiota, and liver metabolism is far more complex than previously imagined, forming a systemic regulatory network.",Review source text before entering numeric values into final tables.
EUROPEPMC:42123927,PubMed,42123927,The Role of Microbiome and Diet on Disease Activity and Immune-Inflammatory Status in Rheumatoid Arthritis.,,,,,,,,,,,,,,,,Review source text before entering numeric values into final tables.
EUROPEPMC:42133449,PubMed,42133449,Parental microbiome programming of early-life neurodevelopment: multi-niche contributions through the microbiome-gut-brain axis.,,,,,,,,,,,,,,,"While associations between the microbiome and neurodevelopment are increasingly supported by human studies, many mechanistic insights remain derived from animal models, and causal relationships are not yet fully established.",Review source text before entering numeric values into final tables.
EUROPEPMC:42180565,PubMed,42180565,"Gestational constipation and the gut microbiota: mechanisms, interventions, and implications for maternal and offspring health.",,,,,,,,,,,,,,,,Review source text before entering numeric values into final tables.
EUROPEPMC:42196504,PubMed,42196504,Current Understanding of Probiotic Strains and Immune Function: From Gut Microbiota to Systemic Immunity.,,,,,,,,,,,,,,,,Review source text before entering numeric values into final tables.
EUROPEPMC:42196944,PubMed,42196944,The Gut Microbiota-Polyphenol-NLRP3 Inflammasome Axis: A Key Regulatory Network Linking Diet to Chronic Inflammation.,,,,,,,,,,,,,,,"Conclusions: The microbiota-polyphenol-NLRP3 axis functions as an integrated, self-regulated network in which each component simultaneously shapes and is shaped by the others: dysbiosis primes NLRP3 and depletes protective metabolites, while inflammasome hyperactivation further destabilises microbial ecology; polyphenol biotransformation by specific taxa interrupts this feed-forward loop at multiple nodes, restoring homeostasis.",Review source text before entering numeric values into final tables.
EUROPEPMC:42198214,PubMed,42198214,Edible Plant-Derived Exosome-like Nanoparticles as Prebiotic Nanocarriers: Gut Microbiota Modulation and Functional Food Potential.,,,,,,,,,,,,,,,"Findings derived from in vitro, in vivo, and limited translational studies indicate that PELNs can modulate specific microbial taxa, increase short-chain fatty acid (SCFA) yield, strengthen mucosal immune homeostasis, and induce source-dependent responses in the gut microbiota.",Review source text before entering numeric values into final tables.
EUROPEPMC:42228606,PubMed,42228606,Microbial shifts in early life: the pediatric gut microbiome and its role in health and disease.,,,,,,,,,,,,,,,,Review source text before entering numeric values into final tables.
EUROPEPMC:PMC12938230,publisher supplementary data,PMC12938230,"Interplay of Microbiome, Oxidative Stress and Inflammation in Health and Disease",,,,,,,,,,,,,,,,Review source text before entering numeric values into final tables.
EUROPEPMC:PMC12942818,publisher supplementary data,PMC12942818,Early-Life β-Lactam Exposure and the Developing Microbiome: Clinical Relevance and Controversies,,,,,,,,,,,,,,,,Review source text before entering numeric values into final tables.
EUROPEPMC:PMC13093847,publisher supplementary data,PMC13093847,"Obesity and Natural Products: Mechanisms, Therapeutic Potential, and Future Directions",,,,,,,,,,,,,,,,Review source text before entering numeric values into final tables.
EUROPEPMC:38341803,PubMed,38341803,The effect of oral synbiotics on the gut microbiota and inflammatory biomarkers in healthy adults: a systematic review and meta-analysis.,n = 1319,,,,,P = 0.01; P = 0.03; P = 0.10; P = 0.06,,,,,,,,,"No significant differences in α-diversity, acetate, butyrate, zonulin, IL-6, CRP, or endotoxins were observed.; This review demonstrates that synbiotics modulate the gut microbiota by increasing Lactobacillus and propionate across various healthy adult populations, and may result in increased Bifidobacterium.",Review source text before entering numeric values into final tables.
EUROPEPMC:39958467,PubMed,39958467,Synbiotics and Gut-Heart Axis in Cardiometabolic Disease.,,,,,,,,,,,,,,,,Review source text before entering numeric values into final tables.
EUROPEPMC:40362809,PubMed,40362809,Small Intestinal Bacterial Overgrowth and Pediatric Obesity-A Systematic Review.,,,,,,,,,,,,,,,,Review source text before entering numeric values into final tables.
EUROPEPMC:40362845,PubMed,40362845,The Influences of Oral Probiotics on the Immunometabolic Response During Pregnancy and Lactation: A Systematic Review.,,,,,,,,,"This study aimed to analyze, based on available data, how the administration of probiotic supplements to women during pregnancy can modify immunometabolic responses to microbial dysbiosis to limit weight gain and the risk of obesity, to improve glucose homeostasis and reduce the risk of GDM, to prevent preeclampsia and its effects on maternal-fetal outcomes, and to reduce rates of atopic eczema and allergic diseases in infants.; We performed a systematic search in MEDLINE/PubMed to identify stud",,,,"This study aimed to analyze, based on available data, how the administration of probiotic supplements to women during pregnancy can modify immunometabolic responses to microbial dysbiosis to limit weight gain and the risk of obesity, to improve glucose homeostasis and reduce the risk of GDM, to prevent preeclampsia and its effects on maternal-fetal outcomes, and to reduce rates of atopic eczema and allergic diseases in infants.; We performed a systematic search in MEDLINE/PubMed to identify stud",,,Review source text before entering numeric values into final tables.
EUROPEPMC:40572244,PubMed,40572244,Modulating the Gut-Muscle Axis: Increasing SCFA-Producing Gut Microbiota Commensals and Decreasing Endotoxin Production to Mitigate Cancer Cachexia.,,,,,,,,,,,,,,,Modulating the Gut-Muscle Axis: Increasing SCFA-Producing Gut Microbiota Commensals and Decreasing Endotoxin Production to Mitigate Cancer Cachexia.,Review source text before entering numeric values into final tables.
EUROPEPMC:40573072,PubMed,40573072,Kidney-Gut Axis in Chronic Kidney Disease: Therapeutic Perspectives from Microbiota Modulation and Nutrition.,,,,,,,,,,,,,,,"Nutrition therapies, including a low-protein diet, dietary fiber, a Mediterranean diet, and whole grains, positively influence gut microbiota composition and have been linked to a decreased risk of CKD.",Review source text before entering numeric values into final tables.
EUROPEPMC:40606926,PubMed,40606926,"Gut microbiota in non-alcoholic fatty liver disease: Pathophysiology, diagnosis, and therapeutics.",,,,,,,,,,,,,,,"Growing evidence underscores the significant role of gut microbiota in the onset and progression of NAFLD, with alterations in the gut microbiome and impaired gut barrier function.",Review source text before entering numeric values into final tables.
EUROPEPMC:40649724,PubMed,40649724,Gut Microbiota and Liver Health: Meta-Analysis of,1611 participants,,,,,,,,,,,,"Improvements were also observed in fasting glucose levels and inflammatory markers, including high-sensitivity C-reactive protein (hs-CRP), tumor necrosis factor-alpha (TNF-α), and interleukin-6 (IL-6).","This meta-analysis aimed to assess the efficacy of Bifidobacterium-containing probiotic combinations in improving key cardiometabolic parameters, including lipid profiles, blood pressure, glycemic indices, and inflammatory biomarkers among individuals with NAFLD.",,Review source text before entering numeric values into final tables.
EUROPEPMC:40650397,PubMed,40650397,The Genetic Blueprint of Obesity: From Pathogenesis to Novel Therapies.,,,,,,,,,Modern obesity treatment goes beyond weight reduction and focuses on optimizing body composition by reducing fat mass and increasing lean mass.,,,Modern obesity treatment goes beyond weight reduction and focuses on optimizing body composition by reducing fat mass and increasing lean mass.,,,,Review source text before entering numeric values into final tables.
EUROPEPMC:40732011,PubMed,40732011,Microbiota-A Rescuing Modulator in Children Struggling with Functional Constipation.,,,,,,,,,,,,,,,"In chronic FC, the composition of the microbiota is altered, with increased abundance of Bacteroidetes, Enterobacteriaceae, and Firmicutes and decreases in Prevotella, Bifidobacteria, Faecalibacterium prausnitzii, and Clostridium leptum.",Review source text before entering numeric values into final tables.
EUROPEPMC:40832705,PubMed,40832705,"Evolution of multidisciplinary obesity treatments: past, present, and future role of nutrition.",,,,,,,,,"In addition to lifestyle counseling that improves nutrition and physical activity, a promising new generation of obesity medications has been added to bariatric procedures as therapeutic options to achieve weight reduction and improve health outcomes.",,,"With the promise of effective and safe treatments comes the need to emphasize maximal reduction of body fat and minimal loss of vital body components, including skeletal muscle and bone.",,,"Another potential target for support is the gut microbiome, as its adequate function is increasingly seen as playing a role in human health and metabolism.",Review source text before entering numeric values into final tables.
EUROPEPMC:40861487,PubMed,40861487,Microbiota and enteric nervous system crosstalk in diabetic gastroenteropathy: bridging mechanistic insights to microbiome-based therapies.,,,,,,,,,,,,,,,,Review source text before entering numeric values into final tables.
EUROPEPMC:40895298,PubMed,40895298,Meta-analysis of probiotic metabolites in the prevention of gestational weight gain and postpartum weight retention.,,,,,,p < 0.001,,,"Maternal weight gain and metabolic health during pregnancy significantly influence both short- and long-term outcomes for mother and child.; This systematic review and meta-analysis included data from 46 randomized controlled trials (RCTs), comprising over 12,500 pregnant women across diverse populations.; Probiotic supplementation, especially multispecies formulations, initiated in the first trimester led to a mean reduction in gestational weight gain (GWG) of 1.25 kg (95% CI: -1.78 to -0.72 kg",,,,"Significant improvements were also observed in metabolic markers: fasting glucose decreased by 0.22 mmol/L, Homeostatic Model Assessment for Insulin Resistance (HOMA-IR) scores decreased by 0.45 units, and total cholesterol and Low-density lipoprotein (LDL) were reduced by 0.28 and 0.17 mmol/L, respectively.; These effects were mediated by the modulation of gut microbiota, promoting the production of beneficial short-chain fatty acids (butyrate) and reducing systemic inflammation through increas","Significant improvements were also observed in metabolic markers: fasting glucose decreased by 0.22 mmol/L, Homeostatic Model Assessment for Insulin Resistance (HOMA-IR) scores decreased by 0.45 units, and total cholesterol and Low-density lipoprotein (LDL) were reduced by 0.28 and 0.17 mmol/L, respectively.; These effects were mediated by the modulation of gut microbiota, promoting the production of beneficial short-chain fatty acids (butyrate) and reducing systemic inflammation through increas","Significant improvements were also observed in metabolic markers: fasting glucose decreased by 0.22 mmol/L, Homeostatic Model Assessment for Insulin Resistance (HOMA-IR) scores decreased by 0.45 units, and total cholesterol and Low-density lipoprotein (LDL) were reduced by 0.28 and 0.17 mmol/L, respectively.; These effects were mediated by the modulation of gut microbiota, promoting the production of beneficial short-chain fatty acids (butyrate) and reducing systemic inflammation through increas",Review source text before entering numeric values into final tables.
EUROPEPMC:40943409,PubMed,40943409,"Gut Microbiota-Derived Metabolites in Atherosclerosis: Pathways, Biomarkers, and Targets.",,,,,,,,,,,,,,,,Review source text before entering numeric values into final tables.
EUROPEPMC:41002774,PubMed,41002774,Effects of Dietary and Probiotic Interventions in Patients with Metabolic Syndrome and Obstructive Sleep Apnea.,120 patients; n = 36; n = 42,,,,,p = 0.001; p = 0.003; p = 0.011; p = 0.007; p = 0.002,,,,"Results: Diet therapy led to significant reductions in BMI (-15.7%, p = 0.001), visceral fat (-17.3%, p = 0.001), triglycerides (-14.6%, p = 0.003), uric acid (-9.5%, p = 0.011), and C-reactive protein (CRP) (-21.4%, p = 0.007).",,"Results: Diet therapy led to significant reductions in BMI (-15.7%, p = 0.001), visceral fat (-17.3%, p = 0.001), triglycerides (-14.6%, p = 0.003), uric acid (-9.5%, p = 0.011), and C-reactive protein (CRP) (-21.4%, p = 0.007).",,"Results: Diet therapy led to significant reductions in BMI (-15.7%, p = 0.001), visceral fat (-17.3%, p = 0.001), triglycerides (-14.6%, p = 0.003), uric acid (-9.5%, p = 0.011), and C-reactive protein (CRP) (-21.4%, p = 0.007).",,Review source text before entering numeric values into final tables.
EUROPEPMC:41063745,PubMed,41063745,Synergistic Effects of Bioactive Compounds on Human Adiposity Mechanisms of Fat Loss and Fat Accumulation.,,,,,,,,,,,,,,,,Review source text before entering numeric values into final tables.
EUROPEPMC:41103651,PubMed,41103651,"Insulin resistance, metabolic syndrome and polycystic ovaries: an intriguing conundrum.",,,,,,,,,,,,,"There is a strict interplay between PCOS and insulin resistance, obesity, and features of the metabolic syndrome; the link between these conditions is complex and often bidirectional: insulin resistance exacerbates hyperandrogenism and ovulatory dysfunction, and PCOS itself increases the risk of developing impaired glucose tolerance and type 2 diabetes mellitus (T2D).",,,Review source text before entering numeric values into final tables.
EUROPEPMC:41228392,PubMed,41228392,Nutrition and Gut Microbiome in the Prevention of Food Allergy.,5685 participants,,,,,,,,,,,,,,"Background: Food allergies are increasingly recognized as a global health concern, influenced by early-life nutrition and the gut microbiome.",Review source text before entering numeric values into final tables.
EUROPEPMC:41323139,PubMed,41323139,Diet and nutrition key factors for oral microbiota composition: a systematic review.,,,,,,,,,,,,,,,"These studies were grouped into three categories: dietary interventions without supplementation, probiotic/prebiotic supplementation, and combined strategies.; Healthy DPs, such as the Mediterranean and vegetarian diets, showed anti-inflammatory effects and positively modulated oral microbiota by reducing pathogenic species linked to oral diseases.",Review source text before entering numeric values into final tables.
EUROPEPMC:41346361,PubMed,41346361,Effect of probiotic-derived metabolites on hormonal and metabolic profiles in women with polycystic ovary syndrome: a systematic review and meta-analysis.,n = 1,8 weeks,,3.2 mg,,,,,,,,,"Interventions significantly reduced total testosterone (MD -0.19 ng/mL, 95% CI -0.30 to -0.08), LH/FSH ratio (SMD -0.46; 95% CI -0.66 to -0.26), fasting insulin (MD -2.4 µIU/mL; 95% CI -3.9 to -0.9), and HOMA-IR (MD -0.49; 95% CI -0.78 to -0.19).",,,Review source text before entering numeric values into final tables.
EUROPEPMC:41373754,PubMed,41373754,,,,,,,,,,"muciniphila), one such bacterium, has been associated with enhanced intestinal integrity, reduced intestinal inflammation, weight loss, and improved insulin sensitivity, mediated through mucus fermentation, production of short-chain fatty acids (SCFAs), bacterial proteins, and extracellular vesicles (EVs).",,,,"muciniphila), one such bacterium, has been associated with enhanced intestinal integrity, reduced intestinal inflammation, weight loss, and improved insulin sensitivity, mediated through mucus fermentation, production of short-chain fatty acids (SCFAs), bacterial proteins, and extracellular vesicles (EVs).",,,Review source text before entering numeric values into final tables.
EUROPEPMC:41377049,PubMed,41377049,"Gut microbiota dysbiosis in polycystic ovary syndrome: focus on diet, probiotics, and traditional Chinese medicine.",,,,,,,,,,,,,,,"Diet, as an essential factor in regulating gut microbiota, significantly impacts the clinical presentation and metabolic status of PCOS patients.",Review source text before entering numeric values into final tables.
EUROPEPMC:41624190,PubMed,41624190,Diet type and the oral microbiome.,,,,,,,,,,,,,,,,Review source text before entering numeric values into final tables.
PMID:40388727,PubMed,40388727,Causal relationship between metabolic dysfunction-associated fatty liver disease and endotoxin biomarkers: A Mendelian randomization study.,,,,,,,,,,,,,"Hence, optimizing the gut microbiota using proper diet, probiotics, or fecal microbiota transplantation may help to reduce inflammation and (IR), thereby improving lipid and glucose metabolism disorders.","LPS was found to have a causal relationship with NAFLD, obesity, high density lipoprotein cholesterol, and TG levels.","Hence, optimizing the gut microbiota using proper diet, probiotics, or fecal microbiota transplantation may help to reduce inflammation and (IR), thereby improving lipid and glucose metabolism disorders.",Review source text before entering numeric values into final tables.
PMID:40783766,PubMed,40783766,"Distinct gut microbiota profiles and network properties in older Korean individuals with subjective cognitive decline, mild cognitive impairment, and Alzheimer's disease.",n = 24; n = 246; n = 76,,,,,,,,,,,,,,,Review source text before entering numeric values into final tables.
EUROPEPMC:39649015,PubMed,39649015,Impact of Probiotics and Prebiotics on Gut Microbiome and Hormonal Regulation.,,,,,,,,,,,,,,,"Given these roles, targeting the gut microbiome offers researchers and clinicians novel opportunities to improve overall health and well-being.",Review source text before entering numeric values into final tables.
PMID:38769692,PubMed,38769692,"Impact of nocturnal hypoxia on glycaemic control, appetite, gut microbiota and inflammation in adults with type 2 diabetes mellitus: A single-blind cross-over trial.",13 adults,,,,,P = 0.10; P = 0.08,,,,,,,"During intervention periods, accelerometers measured physical activity, sleep duration and efficiency, whereas continuous glucose monitors were used to assess estimated HbA1c and glucose management indicator and time in target range.",,"Overnight hypoxia was not associated with changes in any outcome measure (P > 0.05 with small effect sizes) except fasting insulin sensitivity and gut microbiota alpha diversity, which exhibited trends (P = 0.10; P = 0.08 respectively) for a medium beneficial effect (d = 0.49; d = 0.59 respectively).",Review source text before entering numeric values into final tables.
PMID:37016727,PubMed,37016727,The gut microbiome and regional fat distribution: Findings from the Baltimore Longitudinal Study of Aging.,N = 815,,,,,,,,,"Multivariable-adjusted associations of regional fat measures, BMI, or waist circumference with microbiome alpha diversity metrics, microbiome beta diversity metrics, and species differential abundance (verified using two compositional statistical approaches) were examined.; Trunk fat, leg fat, BMI, and waist circumference all significantly explained similar amounts of variance in microbiome structure.","Multivariable-adjusted associations of regional fat measures, BMI, or waist circumference with microbiome alpha diversity metrics, microbiome beta diversity metrics, and species differential abundance (verified using two compositional statistical approaches) were examined.; Trunk fat, leg fat, BMI, and waist circumference all significantly explained similar amounts of variance in microbiome structure.",,,,"Multivariable-adjusted associations of regional fat measures, BMI, or waist circumference with microbiome alpha diversity metrics, microbiome beta diversity metrics, and species differential abundance (verified using two compositional statistical approaches) were examined.; Trunk fat, leg fat, BMI, and waist circumference all significantly explained similar amounts of variance in microbiome structure.",Review source text before entering numeric values into final tables.
PMID:37630855,PubMed,37630855,Toward Precision Weight-Loss Dietary Interventions: Findings from the POUNDS Lost Trial.,811 adults,,,,,,,,"By 2 years, participants on average lost from 2.9 to 3.6 kg in body weight in the four intervention arms, while no significant difference was observed across the intervention arms.",,,,"We reported DNA methylation levels at NFATC2IP, CPT1A, TXNIP, and LINC00319 were related to weight loss or changes of glucose, lipids, and blood pressure; we also reported thrifty miRNA expression as a significant epigenomic marker related to changes in insulin sensitivity and adiposity.","We reported DNA methylation levels at NFATC2IP, CPT1A, TXNIP, and LINC00319 were related to weight loss or changes of glucose, lipids, and blood pressure; we also reported thrifty miRNA expression as a significant epigenomic marker related to changes in insulin sensitivity and adiposity.",,Review source text before entering numeric values into final tables.
PMID:37807018,PubMed,37807018,Consumption of yacon flour and energy-restricted diet increased the relative abundance of intestinal bacteria in obese adults.,n = 11; n = 10,6-week,,25 g,,,,,,,,,,,,Review source text before entering numeric values into final tables.
PMID:34535959,PubMed,34535959,Gut barrier and microbiota changes with glycine and branched-chain amino acid supplementation in chronic haemodialysis patients.,27 patients,4 months; 1 month,,38 g; 1 g; 7 g,,P = 0.002; P = 0.028; P = 0.021; P < 0.05; P = 0.0001,,,,,,,,,"Principal coordinate analysis and permutational multivariate analysis of variance (P = 0.0001) showed strong microbiota clustering by subject, but no effect of the amino acids.",Review source text before entering numeric values into final tables.
PMID:32472285,PubMed,32472285,"Probiotics, Prebiotics, Synbiotics, Postbiotics, and Obesity: Current Evidence, Controversies, and Perspectives.",,,,,,,,,"In this review, we summarize current evidence on gut microbiome and obesity; we discuss the role of probiotics, prebiotics, synbiotics, and postbiotics in obesity prevention and management; and we highlight and analyze main limitations, challenges, and controversies of their use.; Overall, the majority of animal studies and meta-analyses of human studies examining the use of probiotics and synbiotics in obesity has shown their beneficial effects on weight reduction and other metabolic parameters",,,,,,"In this review, we summarize current evidence on gut microbiome and obesity; we discuss the role of probiotics, prebiotics, synbiotics, and postbiotics in obesity prevention and management; and we highlight and analyze main limitations, challenges, and controversies of their use.; Overall, the majority of animal studies and meta-analyses of human studies examining the use of probiotics and synbiotics in obesity has shown their beneficial effects on weight reduction and other metabolic parameters",Review source text before entering numeric values into final tables.
PMID:31752378,PubMed,31752378,Role of Probiotics in Non-alcoholic Fatty Liver Disease: Does Gut Microbiota Matter?,,,,,,,,,,,,,,,The connection between gut microbiota (GM) and NAFLD has attracted significant attention in recent years.,Review source text before entering numeric values into final tables.
PMID:29954454,PubMed,29954454,Probiotic Bifidobacterium strains and galactooligosaccharides improve intestinal barrier function in obese adults but show no synergism when used together as synbiotics.,,3 weeks,,,,P < 0.01; P = 0.050; P = 0.022; P = 0.010; P = 0.002; P = 0.020,,,,,,,,,"Although GOS showed a clear bifidogenic effect on the resident gut microbiota, both probiotic strains showed only a non-significant trend of higher fecal cell numbers when administered with GOS.",Review source text before entering numeric values into final tables.
PMID:30400274,PubMed,30400274,Potential Prebiotic Properties of Nuts and Edible Seeds and Their Relationship to Obesity.,,,,,,,,,This review focuses on the potential prebiotic properties of nuts and edible seeds and the plausible mechanisms that their consumption may help the prevention and the management of overweight and obesity.,,,,,,"Among the etiological factors associated with obesity, the gut microbiota seems to play a significant role.",Review source text before entering numeric values into final tables.
PMID:26843076,PubMed,26843076,Microbial transmission from mothers with obesity or diabetes to infants: an innovative opportunity to interrupt a vicious cycle.,,,,,,,,,,,,,,,It is becoming increasingly clear that the gut microbiome in newborns and infants plays a significant role in gut health and therefore child development.,Review source text before entering numeric values into final tables.
PMID:24969566,PubMed,24969566,Inulin-type fructans modulate intestinal Bifidobacterium species populations and decrease fecal short-chain fatty acids in obese women.,n = 15,3 months,,16 g/day,,p < 0.01; p < 0.05,,,,"Total SCFA, acetate and propionate, that positively correlated with BMI, fasting insulinemia and homeostasis model assessment (HOMA) (p < 0.05), were significantly lower in prebiotic than in placebo group after the treatment period.; ITF consumption selectively modulates Bifidobacterium spp.",,,"Total SCFA, acetate and propionate, that positively correlated with BMI, fasting insulinemia and homeostasis model assessment (HOMA) (p < 0.05), were significantly lower in prebiotic than in placebo group after the treatment period.; ITF consumption selectively modulates Bifidobacterium spp.",,,Review source text before entering numeric values into final tables.
PMID:25809828,PubMed,25809828,Urinary (1)H-NMR-based metabolic profiling of children with NAFLD undergoing VSL#3 treatment.,,4 months,,,,P=0.026; P=0.045; P=0.003; P=0.021,,,,"Our recent clinical trial demonstrated that dietary and VSL#3-based interventions may improve fatty liver by ultrasound and body mass index (BMI) after 4 months.; As in this short-term trial, as in others, it is impracticable to monitor response to therapy or treatment by liver biopsy, we aimed to identify a panel of potential non-invasive metabolic biomarkers by a urinary metabolic profiling.; Urine samples from a group of 31 pediatric NAFLD patients, enrolled in a VSL#3 clinical trial, were an",,,,,,Review source text before entering numeric values into final tables.
PMID:25830947,PubMed,25830947,Impact of probiotics during weaning on the metabolic and inflammatory profile: follow-up at school age.,120 children,13 months,,,,,,,"Using high-sensitivity multiplex immunoassay technology and ELISA, we found that overweight/obese children had increased plasma C-peptide, plasminogen activator inhibitor-1, leptin and serum high-sensitivity C-reactive protein (hsCRP) after overnight fasting compared with normal weight children, independently of LF19.",,,,,,,Review source text before entering numeric values into final tables.
PMID:26084343,PubMed,26084343,Intake of Lactobacillus reuteri improves incretin and insulin secretion in glucose-tolerant humans: a proof of concept.,,4 weeks,,,BMI 23.6; BMI 35.5,P < 0.01; P < 0.05,,,,"We hypothesized that daily intake of Lactobacillus reuteri increases insulin sensitivity by changing cytokine release and insulin secretion via modulation of the release of glucagon-like peptides (GLP)-1 and -2.; A prospective, double-blind, randomized trial was performed in 21 glucose-tolerant humans (11 lean: age 49 ± 7 years, BMI 23.6 ± 1.7 kg/m(2); 10 obese: age 51 ± 7 years, BMI 35.5 ± 4.9 kg/m(2)).",,"reuteri increases insulin secretion, possibly due to augmented incretin release, but does not directly affect insulin sensitivity or body fat distribution.",Intake of Lactobacillus reuteri improves incretin and insulin secretion in glucose-tolerant humans: a proof of concept.,,,Review source text before entering numeric values into final tables.
PMID:26413489,PubMed,26413489,Early probiotics to prevent childhood metabolic syndrome: A systematic review.,n = 233,,,,,,,,,"The first study that assessed the effects of prenatal and postnatal supplementation of Lactobacillus rhamnosus GG on body mass index till 10 years, did not report a significant benefit.",,,,,,Review source text before entering numeric values into final tables.
PMID:24532292,PubMed,24532292,"Influence of diet on gut microbiota, inflammation and type 2 diabetes mellitus. First experience with macrobiotic Ma-Pi 2 diet.",,21-day,,,,,,,,,,,"Adding prebiotics to the diet may reduce inflammation, endotoxaemia and cytokine levels as well as improving insulin resistance and glucose tolerance.","Results suggested that it could induce a significant improvement in fasting blood glucose, plasma lipid fractions, plasma insulin and homeostasis.",,Review source text before entering numeric values into final tables.
PMID:21505361,PubMed,21505361,Effects of Lactobacillus rhamnosus strain GG in pediatric obesity-related liver disease.,,8 weeks,,,,P = 0.03,,,,"After exclusion of causes of liver disease other than obesity, patients received either probiotic Lactobacillus rhamnosus strain GG (12 billion CFU/day) or placebo for 8 weeks.; Multivariate analysis after probiotic treatment revealed a significant decrease in alanine aminotransferase (average variation vs placebo P = 0.03) and in antipeptidoglycan-polysaccharide antibodies (average variation vs placebo P = 0.03) irrespective of changes in BMI z score and visceral fat.",,"After exclusion of causes of liver disease other than obesity, patients received either probiotic Lactobacillus rhamnosus strain GG (12 billion CFU/day) or placebo for 8 weeks.; Multivariate analysis after probiotic treatment revealed a significant decrease in alanine aminotransferase (average variation vs placebo P = 0.03) and in antipeptidoglycan-polysaccharide antibodies (average variation vs placebo P = 0.03) irrespective of changes in BMI z score and visceral fat.",,,,Review source text before entering numeric values into final tables.
