evidence_id,source_database,source_accession,title,sample_size_hint,duration_hint,cfu_hint,dose_hint,bmi_hint,p_value_hint,intervention_hint,primary_outcome_hint,body_weight_effect_hint,bmi_effect_hint,waist_effect_hint,body_fat_effect_hint,glucose_effect_hint,lipid_effect_hint,microbiome_effect_hint,manual_extraction_note
EUROPEPMC:PMC12938260,publisher supplementary data,PMC12938260,"Lactobacillus helveticus UA881 Improves Body Composition, Lipid Profiles, and Gut Microbiota in Overweight Adults: A Randomized Double-Blind Placebo-Controlled Trial",,,,,,,,,"Lactobacillus helveticus UA881 Improves Body Composition, Lipid Profiles, and Gut Microbiota in Overweight Adults: A Randomized Double-Blind Placebo-Controlled Trial     ",,,,,"Lactobacillus helveticus UA881 Improves Body Composition, Lipid Profiles, and Gut Microbiota in Overweight Adults: A Randomized Double-Blind Placebo-Controlled Trial     ","Lactobacillus helveticus UA881 Improves Body Composition, Lipid Profiles, and Gut Microbiota in Overweight Adults: A Randomized Double-Blind Placebo-Controlled Trial     ",Review source text before entering numeric values into final tables.
EUROPEPMC:41163054,PubMed,41163054,"The effects of a newly developed beverage powder supplement on anthropometric measures, body composition, metabolic syndrome components, and appetite in obese or overweight adults: a protocol for a randomized clinical trial study.",,8 weeks,,2 g,,,,,Overweight and obesity result from excessive fat accumulation and pose significant global health challenges linked to various diseases.,"Evaluations of anthropometry (body mass index, waist and hip circumference), body composition (fat mass, fat-free mass, total body water, etc.), appetite using a visual analogue scale, blood pressure, and biochemical parameters including fasting blood glucose (FBS), total cholesterol (TC), triglycerides (TG), low- and high-density lipoprotein (LDL and HDL) will be conducted.; The results of this study will provide evidence for the synergistic effects of Akkermansia muciniphila combined with preb","Evaluations of anthropometry (body mass index, waist and hip circumference), body composition (fat mass, fat-free mass, total body water, etc.), appetite using a visual analogue scale, blood pressure, and biochemical parameters including fasting blood glucose (FBS), total cholesterol (TC), triglycerides (TG), low- and high-density lipoprotein (LDL and HDL) will be conducted.; The results of this study will provide evidence for the synergistic effects of Akkermansia muciniphila combined with preb","Evaluations of anthropometry (body mass index, waist and hip circumference), body composition (fat mass, fat-free mass, total body water, etc.), appetite using a visual analogue scale, blood pressure, and biochemical parameters including fasting blood glucose (FBS), total cholesterol (TC), triglycerides (TG), low- and high-density lipoprotein (LDL and HDL) will be conducted.; The results of this study will provide evidence for the synergistic effects of Akkermansia muciniphila combined with preb","Evaluations of anthropometry (body mass index, waist and hip circumference), body composition (fat mass, fat-free mass, total body water, etc.), appetite using a visual analogue scale, blood pressure, and biochemical parameters including fasting blood glucose (FBS), total cholesterol (TC), triglycerides (TG), low- and high-density lipoprotein (LDL and HDL) will be conducted.; The results of this study will provide evidence for the synergistic effects of Akkermansia muciniphila combined with preb","Evaluations of anthropometry (body mass index, waist and hip circumference), body composition (fat mass, fat-free mass, total body water, etc.), appetite using a visual analogue scale, blood pressure, and biochemical parameters including fasting blood glucose (FBS), total cholesterol (TC), triglycerides (TG), low- and high-density lipoprotein (LDL and HDL) will be conducted.; The results of this study will provide evidence for the synergistic effects of Akkermansia muciniphila combined with preb",,Review source text before entering numeric values into final tables.
NCT:NCT02125955,ClinicalTrials.gov,NCT02125955,"Effect of Prebiotic Intake on Adiposity, Satiety and Gut Microbiota in Overweight and Obese Children",42,,,,,,Prebiotic fiber; Placebo,Body fat,,,,,,,,Review source text before entering numeric values into final tables.
NCT:NCT02151825,ClinicalTrials.gov,NCT02151825,Effect of a Synbiotic on the Gut Microbiota and Adiposity-related Markers in Healthy Overweight Subjects,54,,,,,,Synbiotic; Placebo,Changes to the gut microbiota,,,,,,,,Review source text before entering numeric values into final tables.
EUROPEPMC:41512635,PubMed,41512635,"Effects of a novel synbiotic intervention on abdominal visceral fat reductions and gut microbiota in overweight and obese adults: A randomized, double-blind, placebo-controlled trial.",112 participants,12-week; 6-week,,,BMI: 24.0-34.9; BMI <28,p = 0.048; p = 0.051; p = 0.003; p = 0.027; p = 0.077,,,"Effects of a novel synbiotic intervention on abdominal visceral fat reductions and gut microbiota in overweight and obese adults: A randomized, double-blind, placebo-controlled trial.","We hypothesized that this intervention would improve metabolic health parameters, particularly visceral adiposity.; In a 12-week, double-blind, randomized, placebo-controlled, parallel-group trial with a 6-week post-intervention follow-up, 112 participants (BMI: 24.0-34.9 kg/m2) received daily synbiotic or a matched placebo.","Although no significant changes occurred in blood biochemistry, BMI, or waist circumference, the synbiotic group showed a trend toward greater total body fat reduction between weeks 12-18 (p = 0.077).","Effects of a novel synbiotic intervention on abdominal visceral fat reductions and gut microbiota in overweight and obese adults: A randomized, double-blind, placebo-controlled trial.",,,"Effects of a novel synbiotic intervention on abdominal visceral fat reductions and gut microbiota in overweight and obese adults: A randomized, double-blind, placebo-controlled trial.",Review source text before entering numeric values into final tables.
EUROPEPMC:42116047,PubMed,42116047,"Probiotic Bifidobacterium bifidum BGN4 supplementation modulates gut microbiome composition and reduces circulating zonulin, TNFα, and insulin in adults with excess adiposity: a randomized, double-blind, placebo-controlled trial.",60 adults; 30 participants; 58 participants; 29 individuals,8 weeks; 8-week,,,,,,,,"bifidum BGN4 did not result in significant changes in BMI, body fat percentage, or the primary outcome, hs-CRP.",,"bifidum BGN4 did not result in significant changes in BMI, body fat percentage, or the primary outcome, hs-CRP.","Probiotic Bifidobacterium bifidum BGN4 supplementation modulates gut microbiome composition and reduces circulating zonulin, TNFα, and insulin in adults with excess adiposity: a randomized, double-blind, placebo-controlled trial.",,"Probiotic Bifidobacterium bifidum BGN4 supplementation modulates gut microbiome composition and reduces circulating zonulin, TNFα, and insulin in adults with excess adiposity: a randomized, double-blind, placebo-controlled trial.",Review source text before entering numeric values into final tables.
PMID:40598275,PubMed,40598275,"Differential effects of inulin and fructooligosaccharides on gut microbiota composition and glycemic metabolism in overweight/obese and healthy individuals: a randomized, double-blind clinical trial.",131 adults,4 weeks,,,,p = 0.041; p = 0.028; p = 0.008; p = 0.014; p = 0.023; p = 0.020,,,"Inulin significantly reduced glucose levels at 1 h (Cohen's d = 0.71, p = 0.041) and 2 h (Cohen's d = 0.73, p = 0.028) during oral glucose tolerance test (OGTT), increased fasting insulin (Cohen's d = 0.70, p = 0.008), and lowered homocysteine (HCY) levels (Cohen's d = 0.76, p = 0.014) in overweight/obese individuals.",,,,"Inulin significantly reduced glucose levels at 1 h (Cohen's d = 0.71, p = 0.041) and 2 h (Cohen's d = 0.73, p = 0.028) during oral glucose tolerance test (OGTT), increased fasting insulin (Cohen's d = 0.70, p = 0.008), and lowered homocysteine (HCY) levels (Cohen's d = 0.76, p = 0.014) in overweight/obese individuals.",,"Functional prediction of gut microbiota revealed upregulation of microbial folate and glutathione metabolism with inulin, and purine metabolism with FOS.; Practically, inulin may be more suitable for managing glycemic dysregulation in overweight or obese individuals, while FOS may be considered for HCY reduction in individuals with normal glycemic status.",Review source text before entering numeric values into final tables.
PMID:41321998,PubMed,41321998,Gut microbiome enterotypes and temporal variations during a six-month inulin-supplemented weight loss randomized controlled trial in Thai children with obesity.,,,,,,,,,,,,,,,,Review source text before entering numeric values into final tables.
PMID:37580231,PubMed,37580231,"No effect of multi-strain probiotic supplementation on metabolic and inflammatory markers and newborn body composition in pregnant women with obesity: Results from a randomized, double-blind placebo-controlled study.",50 participants,20 weeks,,,BMI ≥30,,,,,,,,,,,Review source text before entering numeric values into final tables.
NCT:NCT04642482,ClinicalTrials.gov,NCT04642482,Synbiotic Therapy on Intestinal Microbiota and Insulin Resistance in Obesity,16,,,,,,Synbiotic (Rillus); Placebo,Homeostatic Model Assessment for Insulin Resistance (HOMA-IR),,,,,,,,Review source text before entering numeric values into final tables.
PMID:30525950,PubMed,30525950,Probiotic or synbiotic alters the gut microbiota and metabolism in a randomised controlled trial of weight management in overweight adults.,n=134,6 months; 1 month,,12 g; 12 g/day,,,,,,,"Christensenellaceae was consistently increased in the LU and LU+B420 groups across the intervention time points, and correlated negatively to waist-hip ratio and energy intake at baseline, and waist-area body fat mass after 6 months treatment with LU+B420.","Christensenellaceae was consistently increased in the LU and LU+B420 groups across the intervention time points, and correlated negatively to waist-hip ratio and energy intake at baseline, and waist-area body fat mass after 6 months treatment with LU+B420.",,,"Consumption of B420 and its combination with LU resulted in alterations of the gut microbiota and its metabolism, and may support improved gut barrier function and obesity-related markers.",Review source text before entering numeric values into final tables.
NCT:NCT05423015,ClinicalTrials.gov,NCT05423015,Assessment of the Effects of Synbiotic on Gut Microbiota Composition in Scholars With Overweight,37,,,,,,Lactobacillus casei strain Shirota; Lactobacillus casei strain Shirota plus inulin; Lactobacillus casei strain Shirota plus fructans from A. salmiana,"Gut bacteria associated with changes of the intervention group; Effect of probiotic and synbiotic products intervention on the BMI z-score; Effect of probiotic and synbiotic products intervention on the fat percentage; Effect of probiotic and synbiotic products intervention on waist and neck circunference; Effect of probiotic and synbiotic products intervention on glucose, triglycerides and cholesterol serum levels",,,,,,,,Review source text before entering numeric values into final tables.
NCT:NCT02217579,ClinicalTrials.gov,NCT02217579,Effect of Protein and Prebiotic Fiber Intake on Adiposity in Overweight and Obese Adults,132,12 weeks,,,,,Protein; Prebiotic fiber; Protein plus prebiotic fiber; Control,Change in baseline fat mass at 12 weeks,,,,,,,,Review source text before entering numeric values into final tables.
NCT:NCT01433120,ClinicalTrials.gov,NCT01433120,Targeting the Gut Microbiome to Investigate the Pathways of Progression From Obesity to Metabolic Diseases in an At-risk Population.,58,,,,,,Lactobacillus paracasei ssp paracasei F19; Flax seed fibres; Maltodextrin (Placebo),Insulin resistance; Changes in the gut microbiota,,,,Lactobacillus paracasei ssp paracasei F19; Flax seed fibres; Maltodextrin (Placebo) Insulin resistance; Changes in the gut microbiota Inflammatory markers; Lipid metabolism; Total fat mass and abdominal fat Probiotic L.,Lactobacillus paracasei ssp paracasei F19; Flax seed fibres; Maltodextrin (Placebo) Insulin resistance; Changes in the gut microbiota Inflammatory markers; Lipid metabolism; Total fat mass and abdominal fat Probiotic L.,Lactobacillus paracasei ssp paracasei F19; Flax seed fibres; Maltodextrin (Placebo) Insulin resistance; Changes in the gut microbiota Inflammatory markers; Lipid metabolism; Total fat mass and abdominal fat Probiotic L.,Lactobacillus paracasei ssp paracasei F19; Flax seed fibres; Maltodextrin (Placebo) Insulin resistance; Changes in the gut microbiota Inflammatory markers; Lipid metabolism; Total fat mass and abdominal fat Probiotic L.,Review source text before entering numeric values into final tables.
EUROPEPMC:41494682,PubMed,41494682,The Effects of Probiotic Yogurt and Resistance Training on Body Composition and Metabolic Parameters in Post-bariatric Surgery Patients: A Randomized Controlled Trial.,52 participants; 13 participants,12-week,,,,P=0.001; P<0.001; P=0.038,,,,,,,,,,Review source text before entering numeric values into final tables.
EUROPEPMC:42120725,PubMed,42120725,Pasteurized Akkermansia muciniphila Muc,n = 90,8-week; 24-week,,,,P = 0.012; P = 0.009,,,"Here we show that MucT led to lower body weight regain versus placebo at the end of the weight maintenance period (MucT: 1.2 ± 0.7 kg, placebo: 3.2 ± 0.4 kg, P = 0.012).",,,,,,,Review source text before entering numeric values into final tables.
NCT:NCT07507929,ClinicalTrials.gov,NCT07507929,Probiotic for Weight Management in Overweight and Obese Adults,76,,,,,,Probiotic; Placebo,Change from baseline in body weight following the intervention,,,,,,,,Review source text before entering numeric values into final tables.
NCT:NCT07517757,ClinicalTrials.gov,NCT07517757,Dietary Strategies for the Treatment of Fibromyalgia in Overweight and Obese Patients,18 patients,,,,,,Very Low-Calorie Ketogenic Diet; Mediterranean diet; Mediterranean diet enriched by GABA-producing probiotic,"Assessing the impact of dietary approach on the severity of fibromyalgia, particularly on pain through the Widespread Pain Index (WPI); Assessing the impact of dietary approach on the severity of fibromyalgia, particularly on pain through the Symptom Severity Scale (SSS).; Assessing the impact of dietary approach on the severity of fibromyalgia, particularly on pain through the Fibromyalgia Impact Questionnaire (FIQR).; Assessing the impact of dietary approach on the severity of fibromyalgia, particularly on pain through the PainDETECT (PD-Q).; Assessing the impact of dietary approach on the severity of fibromyalgia, particularly on anxiety and depression through The Hospital Anxiety and Depression Scale (HADS).; Assessing the impact of dietary approach on the severity of fibromyalgia, particularly on sleep quality through the Pittsburgh Sleep Quality Index (PSQI).; Assess the presence of functional gastrointestinal disorders, in particular Irritable Bowel Syndrome (IBS) through the Rome IV criteria and the Bristol Stool Scale.","Dietary Strategies for the Treatment of Fibromyalgia in Overweight and Obese Patients  Very Low-Calorie Ketogenic Diet; Mediterranean diet; Mediterranean diet enriched by GABA-producing probiotic Assessing the impact of dietary approach on the severity of fibromyalgia, particularly on pain through the Widespread Pain Index (WPI); Assessing the impact of dietary approach on the severity of fibromyalgia, particularly on pain through the Symptom Severity Scale (SSS).; Assessing the impact of dietar",,,,,,,Review source text before entering numeric values into final tables.
NCT:NCT07559227,ClinicalTrials.gov,NCT07559227,"Gut, Immune, and Vascular Health in Metabolically Healthy Obesity",70,,,,,,Inulin Supplementation; Maltodextrin (Placebo); High-fat meal,Serum lipopolysaccharide binding protein; Serum interleukin-6; Flow-mediated dilation; Serum C reactive protein; Serum lipopolysaccharide; Serum TNF-alpha; Serum zonulin,,,,,,,,Review source text before entering numeric values into final tables.
NCT:NCT07593170,ClinicalTrials.gov,NCT07593170,AKK Study in Improving Obesity and Metabolic Status in Children and Adolescents,100,,,,,,AKK; Placebo (maltodextrin),Z - score,,,,,,,,Review source text before entering numeric values into final tables.
EUROPEPMC:41455007,PubMed,41455007,"Bifidobacterium Breve BBr60 Improves Obesity Via the Gut Microbiota-Short-Chain Fatty Acid-IL-27/GLP-1 Axis: Evidence from a Randomized, Double-Blind, Placebo-Controlled Trial.",75 individuals; 65 participants; n = 33; n = 32,12-week,,25 g,BMI ≥ 28,p < 0.001; p < 0.05; p < 0.01,,,,A total of 75 individuals with obesity subjects (BMI ≥ 28) were enrolled and randomly assigned to either the BBr60 intervention group (10 billion CFU daily) and the placebo group.,,,"In terms of metabolic hormones, leptin (LEP), adiponectin (ADPN), connecting peptide (C-P), pancreatic polypeptide (PP), peptide YY (PYY), Glucose-dependent insulinotropic polypeptide (GIP), and Glucagon-Like Peptide-1 (GLP-1) were all significantly elevated (p < 0.05), while Homeostasis Model Assessment for Insulin Resistance(HOMA-IR) was significantly reduced in the BBr60 group (p < 0.05).",,"Bifidobacterium Breve BBr60 Improves Obesity Via the Gut Microbiota-Short-Chain Fatty Acid-IL-27/GLP-1 Axis: Evidence from a Randomized, Double-Blind, Placebo-Controlled Trial.",Review source text before entering numeric values into final tables.
NCT:NCT06780007,ClinicalTrials.gov,NCT06780007,Weight Loss Effect of Akkermansia Muciniphila in Obese Patients,106,,,,,,Probiotic; Placebo,Change in Body Mass Index(BMI),,,,,,,,Review source text before entering numeric values into final tables.
NCT:NCT07515443,ClinicalTrials.gov,NCT07515443,The Effects of a Commercially Available Synbiotic on the Gut Microbiome and Cardiometabolic Health: A Randomized Double-Blind Placebo-Controlled Trial,47,,,,,,Synbiotic; Placebo,Gut microbiome diversity and total bacteria; Blood biomarkers,,,,,,,,Review source text before entering numeric values into final tables.
EUROPEPMC:38072119,PubMed,38072119,Effect of Probiotic Supplementation on Intestinal Permeability in Overweight and Obesity: A Systematic Review of Randomized Controlled Trials and Animal Studies.,n = 13; n = 1,,,,,,,,"Overweight and obesity are associated with increased intestinal permeability, characterized by loss of gut epithelial integrity, resulting in unregulated passage of lipopolysaccharide (LPS) and other inflammatory triggers into circulation, i.e., metabolic endotoxemia.",,,,,,,Review source text before entering numeric values into final tables.
NCT:NCT06305650,ClinicalTrials.gov,NCT06305650,Probiotic Influence on Obesity-Related Lipidemia,72,,,,,,Probiotic,Effect on body mass index (BMI) values.,,,,,,,,Review source text before entering numeric values into final tables.
PMID:38999802,PubMed,38999802,"Preoperative Multistrain Probiotic Supplementation Does Not Affect Body Weight Changes or Cardiometabolic Risk Factors in Bariatrics: Randomized, Double-Blind, Placebo-Controlled Clinical Trial.",48 patients,12-week; 6 months,,,,,,,,,,,,,,Review source text before entering numeric values into final tables.
NCT:NCT05908474,ClinicalTrials.gov,NCT05908474,"The Effects of io Fibrewater Supplementation on Gut Health, Immunity and Metabolism in Overweight Adults",30,,,,,,Enriched fibre water,Anthropometric measurements,,,,,,,,Review source text before entering numeric values into final tables.
NCT:NCT06030999,ClinicalTrials.gov,NCT06030999,The Prevention And Treatment On Obesity And Weight Management By Oral Supplementation Of Probiotics And Prebiotics,150,,,,,,Study product A (Wonderlab wonder4shape); Study product B (Wonderlab wonder4shape); Study product C (placebo),Change of Weight,,,,,,,,Review source text before entering numeric values into final tables.
NCT:NCT06035718,ClinicalTrials.gov,NCT06035718,Effect of Transcranial Direct Current Stimulation (tDCS) and Probiotic Supplementation in Overweight Adults,60,,,,,,Probiotic Blend Capsule; tDCS; Sham tDCS,"Body analysis test; Impulsive Behavior Scale Questionnaire measuring Urgency, Premeditation (lack of), Perseverance (lack of), and Sensation seeking (UPPS); Eating attitudes Test (EAT-26); Balloon analogue risk task (BART); Tangney self-control questionnaire (Form 36)",,,,,,,,Review source text before entering numeric values into final tables.
NCT:NCT07448220,ClinicalTrials.gov,NCT07448220,Study on the Efficacy of Probiotics in the Treatment of Childhood Obesity and Their Effects on Gut Microbiota,60,,,,,,Probiotic; Placebo,Body Mass Index (BMI) percentile in children upon administration of probiotics or placebo as assessed anthropometrically,,,,,,,,Review source text before entering numeric values into final tables.
NCT:NCT07452757,ClinicalTrials.gov,NCT07452757,To Evaluate Efficacy and Safety of Proprietary Healthy Diet Combinations for Weight Management in Overweight Volunteers,140,,,,,,Arm II; Arm III; Arm IV,Change in Body Weight,To Evaluate Efficacy and Safety of Proprietary Healthy Diet Combinations for Weight Management in Overweight Volunteers  Arm II; Arm III; Arm IV Change in Body Weight Change in BMI During Maintenance Phase; Change in Body Fat Percentage; Change in Waist Circumference; Change in Total Cholesterol; Change in Quality of Life; Incidence of Adverse Events; Change in Muscle Mass; Change in Fat-Free Mass; Change in Visceral Fat Level; Change in Waist-to-Hip Ratio; Change in Skinfold Thickness; Change i,To Evaluate Efficacy and Safety of Proprietary Healthy Diet Combinations for Weight Management in Overweight Volunteers  Arm II; Arm III; Arm IV Change in Body Weight Change in BMI During Maintenance Phase; Change in Body Fat Percentage; Change in Waist Circumference; Change in Total Cholesterol; Change in Quality of Life; Incidence of Adverse Events; Change in Muscle Mass; Change in Fat-Free Mass; Change in Visceral Fat Level; Change in Waist-to-Hip Ratio; Change in Skinfold Thickness; Change i,To Evaluate Efficacy and Safety of Proprietary Healthy Diet Combinations for Weight Management in Overweight Volunteers  Arm II; Arm III; Arm IV Change in Body Weight Change in BMI During Maintenance Phase; Change in Body Fat Percentage; Change in Waist Circumference; Change in Total Cholesterol; Change in Quality of Life; Incidence of Adverse Events; Change in Muscle Mass; Change in Fat-Free Mass; Change in Visceral Fat Level; Change in Waist-to-Hip Ratio; Change in Skinfold Thickness; Change i,To Evaluate Efficacy and Safety of Proprietary Healthy Diet Combinations for Weight Management in Overweight Volunteers  Arm II; Arm III; Arm IV Change in Body Weight Change in BMI During Maintenance Phase; Change in Body Fat Percentage; Change in Waist Circumference; Change in Total Cholesterol; Change in Quality of Life; Incidence of Adverse Events; Change in Muscle Mass; Change in Fat-Free Mass; Change in Visceral Fat Level; Change in Waist-to-Hip Ratio; Change in Skinfold Thickness; Change i,To Evaluate Efficacy and Safety of Proprietary Healthy Diet Combinations for Weight Management in Overweight Volunteers  Arm II; Arm III; Arm IV Change in Body Weight Change in BMI During Maintenance Phase; Change in Body Fat Percentage; Change in Waist Circumference; Change in Total Cholesterol; Change in Quality of Life; Incidence of Adverse Events; Change in Muscle Mass; Change in Fat-Free Mass; Change in Visceral Fat Level; Change in Waist-to-Hip Ratio; Change in Skinfold Thickness; Change i,To Evaluate Efficacy and Safety of Proprietary Healthy Diet Combinations for Weight Management in Overweight Volunteers  Arm II; Arm III; Arm IV Change in Body Weight Change in BMI During Maintenance Phase; Change in Body Fat Percentage; Change in Waist Circumference; Change in Total Cholesterol; Change in Quality of Life; Incidence of Adverse Events; Change in Muscle Mass; Change in Fat-Free Mass; Change in Visceral Fat Level; Change in Waist-to-Hip Ratio; Change in Skinfold Thickness; Change i,,Review source text before entering numeric values into final tables.
NCT:NCT05002153,ClinicalTrials.gov,NCT05002153,The Role of Microbiome in Recurrent Obesity,300,,,,,,Fecal microbiota transplantation (FMT); Placebo,Microbiome Profiling; Reaching Target Weight,,,,,,,,Review source text before entering numeric values into final tables.
PMID:36435795,PubMed,36435795,"The effect of ""moderately restricted carbohydrate"" diet on gut microbiota composition and metabolic parameters in women with metabolic syndrome: a study protocol for a randomized controlled trial.",,3 months; 6 months,,,,,,,"After following up study subjects in this duration, all dependent variables will be examined again to assess their stability over this period.; To the best of our knowledge, this is the first randomized controlled trial investigating the effects of a moderately restricted carbohydrate diet on gut microbiota composition and several metabolic parameters during the weight loss and maintenance phases in women with MetS.; Iranian Registry of Clinical Trials ( www.irct.ir , IRCT20210307050621N1).",,,,,,"After following up study subjects in this duration, all dependent variables will be examined again to assess their stability over this period.; To the best of our knowledge, this is the first randomized controlled trial investigating the effects of a moderately restricted carbohydrate diet on gut microbiota composition and several metabolic parameters during the weight loss and maintenance phases in women with MetS.; Iranian Registry of Clinical Trials ( www.irct.ir , IRCT20210307050621N1).",Review source text before entering numeric values into final tables.
EUROPEPMC:35126309,PubMed,35126309,Efficacy and Safety of,81 adults,12 weeks; 12-week,,34.4 mg; 30.9 mg; 37.5 mg; 30.7 mg; 115.8 mg; 65.9 mg,,P = 0.037,,,"Changes in body fat, anthropometric parameters, and biomarkers of obesity were compared using a linear mixed-effect model.; After 12 weeks of treatment, body weight, fat mass, and abdominal fat area did not change significantly in the two groups.",,,"Changes in body fat, anthropometric parameters, and biomarkers of obesity were compared using a linear mixed-effect model.; After 12 weeks of treatment, body weight, fat mass, and abdominal fat area did not change significantly in the two groups.",,"However, total cholesterol levels decreased from 209.4 ± 34.4 mg/dL to 203.5 ± 30.9 mg/dL in the LPK group, but increased from 194.7 ± 37.5 mg/dL to 199.9 ± 30.7 mg/dL in the placebo group (P = 0.037).","It also changed the distribution of gut microbiota significantly, with an increase in L.",Review source text before entering numeric values into final tables.
NCT:NCT05459909,ClinicalTrials.gov,NCT05459909,The Effect of Synbiotic and Diet Modification Among Overweight or Obese Hong Kong Chinese,100,,,,,,Synbiotic supplementation; Dietary intervention,Change in body weight at week 8 compared with baseline; Change in Body Mass Index (BMI) at week 8 compared with baseline; Change in body fat percentage at week 8 compared with baseline,,,,,,,,Review source text before entering numeric values into final tables.
NCT:NCT03749291,ClinicalTrials.gov,NCT03749291,Motivational Intervention on the Gut Microbiota of Obese Children,219,,,,,,Obemat2.0 therapy; Usual Clinical Practice,Fecal microbial diversity (diversity index like Gini-Simpson),,,,,,,,Review source text before entering numeric values into final tables.
NCT:NCT05664321,ClinicalTrials.gov,NCT05664321,Influence of Adiposity and Other Factors on the Gut Microbiota Composition,92,,,,,,"Observational, case-control study",Correlations between gut flora by type of meat intake in total participants,,,,,,,,Review source text before entering numeric values into final tables.
NCT:NCT04201938,ClinicalTrials.gov,NCT04201938,Effect of Probiotic Co-administration With Omega-3 Fatty Acids on Obesity Parameters and Insulin Resistance,56,,,,,,Symbiter-Omega; Placebo,HOMA-2IR; insulin sensitivity (%S),,,,,,,,Review source text before entering numeric values into final tables.
PMID:29688793,PubMed,29688793,"Lactobacillus gasseri BNR17 Supplementation Reduces the Visceral Fat Accumulation and Waist Circumference in Obese Adults: A Randomized, Double-Blind, Placebo-Controlled Trial.",,12 weeks; 12-week,109 CFU/day; 1010 CFU/day,,,P = .038; P = .012; P = .045,,,Animal studies reported that BNR17 inhibited increases in body weight and adipose tissue weights.,"Body weight, BMI, waist and hip circumferences, waist-to-hip ratio, abdominal adipose tissue areas, body fat mass, lean body mass, and biochemical parameters were assessed at the beginning and end of the trial.","Lactobacillus gasseri BNR17 Supplementation Reduces the Visceral Fat Accumulation and Waist Circumference in Obese Adults: A Randomized, Double-Blind, Placebo-Controlled Trial.","Lactobacillus gasseri BNR17 Supplementation Reduces the Visceral Fat Accumulation and Waist Circumference in Obese Adults: A Randomized, Double-Blind, Placebo-Controlled Trial.",,,,Review source text before entering numeric values into final tables.
NCT:NCT02958644,ClinicalTrials.gov,NCT02958644,Effect of Synbiotic Supplement on the Body Mass Index of Participants With Severe Obesity,180,,,,,,Synbiotics; Placebo,Body mass index,,,,,,,,Review source text before entering numeric values into final tables.
NCT:NCT03135041,ClinicalTrials.gov,NCT03135041,The Effect of Prebiotic Fibres on Weight Loss in an Overweight and Obese Population,117,,,,,,Fiber-containing dietary supplement; Placebo,Weight loss,,,,,,,,Review source text before entering numeric values into final tables.
NCT:NCT03266055,ClinicalTrials.gov,NCT03266055,Effects of Blueberry on Gut Microbiota and Metabolic Syndrome,59,8 weeks,,50 g; 50g,,,"50 g of blueberry powder, taken daily for 8 weeks; 50g of placebo blueberry powder, taken daily for 8 weeks",Changes in plasma insulin/glucose of overweight/obese men and women taking either blueberry powder or placebo blueberry powder; Changes in plasma lipids/lipoproteins of overweight/obese men and women taking either blueberry powder or placebo blueberry powder,,,,,,,,Review source text before entering numeric values into final tables.
NCT:NCT03287726,ClinicalTrials.gov,NCT03287726,What is the Impact of Probiotics on Weight Loss Maintenance in Individuals With Obesity?,76,,,,,,probiotics; placebo,body composition,,,,,,,,Review source text before entering numeric values into final tables.
NCT:NCT03883191,ClinicalTrials.gov,NCT03883191,Effect of a Three Combined Probiotics Supplementation on Weight Loss in Obese/Overweight Children,82,,,,,,"L. rhamnosus bv-77, B. animalis subsp. lactis CP-9 and L. salivarius AP-32 mix probiotics powder; Placebo",Change in the body mass index (BMI) after intervention; Change in the waist circumference after intervention; Change in the body fat after intervention; Change in the blood pressure after intervention; Change in the blood sugar and blood lipids after intervention; Change in the liver function after intervention,,,,,,,,Review source text before entering numeric values into final tables.
NCT:NCT02127125,ClinicalTrials.gov,NCT02127125,Mechanism of Microbiome-induced Insulin Resistance in Humans (Aim2),69,,,,,,Maltodextrin; Synbiotic; Sevelamer,Insulin Sensitivity,,,,,,,,Review source text before entering numeric values into final tables.
NCT:NCT01870544,ClinicalTrials.gov,NCT01870544,"Does Weight Loss Surgery and Probiotic Supplementation Lead to a ""Lean"" Gut Microbiota?",18,,,,,,Lactobacillus Rhamnosus GG; Placebo,Weight Loss,,,,,,,,Review source text before entering numeric values into final tables.
PMID:23560206,PubMed,23560206,"Effect of Lactobacillus gasseri BNR17 on Overweight and Obese Adults: A Randomized, Double-Blind Clinical Trial.",57 participants,12 weeks,,100 mg,,,,,"The subjects assumed usual daily activities without having to make behavioral or dietary modifications during the course of the study.; At the 12th week, a slight reduction in body weight was noted in the BNR17 group, but there were no significant weight changes between groups.",,Decrease of waist and hip circumferences in the BNR17 group was more pronounced than those in the placebo group.,,,,,Review source text before entering numeric values into final tables.
NCT:NCT01650025,ClinicalTrials.gov,NCT01650025,"Effects of VSL#3 on Metabolic, Endocrine, Lipidomic and Inflammatory Parameters of Pediatric Patients With BMI>90°",48,,,,BMI>90,,VSL#3 active probiotic; VSL#3 placebo,"Evaluate the effects of VSL#3 on metabolic, endocrine, lipidomic, metabolomic and inflammatory markers and microbiota variation of pediatric patients with BMI>90°",,,,,,,,Review source text before entering numeric values into final tables.
PMID:20216555,PubMed,20216555,Regulation of abdominal adiposity by probiotics (Lactobacillus gasseri SBT2055) in adults with obese tendencies in a randomized controlled trial.,n=87; n=43; n=44,12 weeks,,200 g/day,,P<0.01; P<0.001,,,"Body weight and other measures also decreased significantly (P<0.001) as follows: body weight, 1.4% (-1.1 (-1.5, -0.7) kg); BMI, 1.5% (-0.4 (-0.5, -0.2) kg/m(2)); waist, 1.8% (-1.7 (-2.1, -1.4) cm); hip, 1.5% (-1.5 (-1.8, -1.1) cm).","Body weight and other measures also decreased significantly (P<0.001) as follows: body weight, 1.4% (-1.1 (-1.5, -0.7) kg); BMI, 1.5% (-0.4 (-0.5, -0.2) kg/m(2)); waist, 1.8% (-1.7 (-2.1, -1.4) cm); hip, 1.5% (-1.5 (-1.8, -1.1) cm).","Body weight and other measures also decreased significantly (P<0.001) as follows: body weight, 1.4% (-1.1 (-1.5, -0.7) kg); BMI, 1.5% (-0.4 (-0.5, -0.2) kg/m(2)); waist, 1.8% (-1.7 (-2.1, -1.4) cm); hip, 1.5% (-1.5 (-1.8, -1.1) cm).","Abdominal fat area was determined by computed tomography.; In the active FM group, abdominal visceral and subcutaneous fat areas significantly (P<0.01) decreased from baseline by an average of 4.6% (mean (confidence interval): -5.8 (-10.0, -1.7) cm(2)) and 3.3% (-7.4 (-11.6, -3.1) cm(2)), respectively.",,,,Review source text before entering numeric values into final tables.
NCT:NCT00522353,ClinicalTrials.gov,NCT00522353,Prebiotic Fiber as a Modifier of Satiety Hormones and Body Weight in Overweight and Obese Adults,48,,,,,,Oligofructose; Placebo,Body weight,,,,,,,,Review source text before entering numeric values into final tables.
EUROPEPMC:10.21203/rs.3.rs-8449196/v1,publisher supplementary data,10.21203/rs.3.rs-8449196/v1,"Probiotic Effect on Quality of Life, Bowel Habits and Weight Loss after Different Types of Bariatric Surgeries, a Randomized Controlled Trial",,,,,,,,,,,,,,,,Review source text before entering numeric values into final tables.
EUROPEPMC:41612500,PubMed,41612500,Multi-strain synbiotic and lifestyle modifications on patients with metabolic dysfunction-associated steatotic liver disease (MASLD): a randomized double-blinded placebo-controlled trial.,,12 weeks,,500 mg,,,,,"All patients were evaluated both at the beginning and the end of the trial in terms of anthropometric parameters (weight, BMI, and WC), hematological parameters (Hb and Plt), coagulation status (PT and INR), lipid profile (TG, TC, HDL-C, and LDL-C), FBS, liver function (ALT and AST), and liver inflammatory biomarkers (TNF-α and IL-6).; No significant changes were observed in anthropometric measures either within or between groups during the study period.","All patients were evaluated both at the beginning and the end of the trial in terms of anthropometric parameters (weight, BMI, and WC), hematological parameters (Hb and Plt), coagulation status (PT and INR), lipid profile (TG, TC, HDL-C, and LDL-C), FBS, liver function (ALT and AST), and liver inflammatory biomarkers (TNF-α and IL-6).; No significant changes were observed in anthropometric measures either within or between groups during the study period.",,,,"All patients were evaluated both at the beginning and the end of the trial in terms of anthropometric parameters (weight, BMI, and WC), hematological parameters (Hb and Plt), coagulation status (PT and INR), lipid profile (TG, TC, HDL-C, and LDL-C), FBS, liver function (ALT and AST), and liver inflammatory biomarkers (TNF-α and IL-6).; No significant changes were observed in anthropometric measures either within or between groups during the study period.",,Review source text before entering numeric values into final tables.
EUROPEPMC:41736436,PubMed,41736436,Combined acupuncture and herb treatment improves intestinal flora inabdominally obese subjects based on 16s rRNA sequencing: a randomized controlled trial.,,12 weeks,,,,P < 0.05,,,,,Gut microbiota was analyzed via 16S rRNA sequencing for diversity and abundance.; Combined needle-herb therapy significantly reduced waist circumference (P < 0.05).,,,,Gut microbiota was analyzed via 16S rRNA sequencing for diversity and abundance.; Combined needle-herb therapy significantly reduced waist circumference (P < 0.05).,Review source text before entering numeric values into final tables.
EUROPEPMC:41924306,PubMed,41924306,"Oleoylethanolamide supplementation enriches Akkermansia muciniphila and modulates intestinal barrier function in adults with obesity: A randomized, double-blind, placebo-controlled trial.",57 adults; n = 28; n = 29,12 weeks,,300 mg; 250 mg/day,BMI 30-40,,,,,,,,,,"muciniphila, while improving gut barrier biomarkers and immune function without disrupting microbiome stability.",Review source text before entering numeric values into final tables.
NCT:NCT07386795,ClinicalTrials.gov,NCT07386795,The Efficacy and Safety of Microbiota Transplantation Combined With Prebiotics for Treatment of Functional Constipation,19,,,,,,FMT,Change in complete spontaneous bowel movements (CSBM),,,,,,,,Review source text before entering numeric values into final tables.
EUROPEPMC:40951500,PubMed,40951500,Probiotic,058 individuals,,,2.11 μg; 0.71 μg,,p<0.00001; p=0.0003; p=0.005; p=0.004,,,"Primary outcomes included changes in body mass index (BMI), body weight, waist and hip circumferences, visceral and subcutaneous fat areas, and total body fat content.","Primary outcomes included changes in body mass index (BMI), body weight, waist and hip circumferences, visceral and subcutaneous fat areas, and total body fat content.","Primary outcomes included changes in body mass index (BMI), body weight, waist and hip circumferences, visceral and subcutaneous fat areas, and total body fat content.","Primary outcomes included changes in body mass index (BMI), body weight, waist and hip circumferences, visceral and subcutaneous fat areas, and total body fat content.",,,,Review source text before entering numeric values into final tables.
EUROPEPMC:41413231,PubMed,41413231,"The promising effects of a multi-species synbiotic preparation on metabolic profile in elderly patients with type 2 diabetes and high cardiovascular risk: a randomized, triple-blind, placebo-controlled trial.",,4 months,,10.83 mg; 11.78 mg; 22.83 mg,,p < 0.001; p = 0.002; p = 0.012; p = 0.017; p = 0.003; p = 0.001,,,"The mean weight [-1.16 kg (-1.36 to -0.97)], body mass index (BMI) [-0.44 kg/m2 (-0.36 to -0.51)], and BFM [-0.99 kg (-1.05 to -0.93)] decreased significantly in the synbiotic group compared to the placebo group in the linear mixed analysis of covariance analysis (all p < 0.001).","The mean weight [-1.16 kg (-1.36 to -0.97)], body mass index (BMI) [-0.44 kg/m2 (-0.36 to -0.51)], and BFM [-0.99 kg (-1.05 to -0.93)] decreased significantly in the synbiotic group compared to the placebo group in the linear mixed analysis of covariance analysis (all p < 0.001).",,,"The mean serum Low-density-Lipoprotein (LDL-C) [-10.83 mg/dl (-14.78 to -6.88)], and total cholesterol [-11.78 mg/dl (-16.44 to -7.11)], vascular cell adhesion molecule 1 (VCAM-1) [-85.70 ng/L (-150.14 to -21.26)], fasting plasma glucose (FPG) [-22.83 mg/dl (-31.30 to -14.36)], and homeostatic model assessment for insulin resistance (HOMA-IR.) [-1.31 (-1.75 to -0.86)] improved in the synbiotic group significantly compared to the placebo group (p = 0.002, p = 0.012, p = 0.017, p < 0.001, p = 0.00","The mean serum Low-density-Lipoprotein (LDL-C) [-10.83 mg/dl (-14.78 to -6.88)], and total cholesterol [-11.78 mg/dl (-16.44 to -7.11)], vascular cell adhesion molecule 1 (VCAM-1) [-85.70 ng/L (-150.14 to -21.26)], fasting plasma glucose (FPG) [-22.83 mg/dl (-31.30 to -14.36)], and homeostatic model assessment for insulin resistance (HOMA-IR.) [-1.31 (-1.75 to -0.86)] improved in the synbiotic group significantly compared to the placebo group (p = 0.002, p = 0.012, p = 0.017, p < 0.001, p = 0.00",,Review source text before entering numeric values into final tables.
NCT:NCT05802121,ClinicalTrials.gov,NCT05802121,Akkermansia Muciniphilia and Metabolic Side Effects of ADT,30,,,,,,Apple Cider Vinegar,Fecal Akkermansia muciniphilia counts; Fecal Akkermansia muciniphilia counts; Fecal Akkermansia muciniphilia counts; Fecal Akkermansia muciniphilia counts; Fecal Akkermansia muciniphilia counts; Side effects and tolerability,,,,,Akkermansia Muciniphilia and Metabolic Side Effects of ADT  Apple Cider Vinegar Fecal Akkermansia muciniphilia counts; Fecal Akkermansia muciniphilia counts; Fecal Akkermansia muciniphilia counts; Fecal Akkermansia muciniphilia counts; Fecal Akkermansia muciniphilia counts; Side effects and tolerability Metabolic parameters: fasting plasma glucose; Metabolic parameters: fasting plasma glucose; Metabolic parameters: HbA1C; Metabolic parameters: HbA1c; Metabolic parameters: triglycerides; Metaboli,Akkermansia Muciniphilia and Metabolic Side Effects of ADT  Apple Cider Vinegar Fecal Akkermansia muciniphilia counts; Fecal Akkermansia muciniphilia counts; Fecal Akkermansia muciniphilia counts; Fecal Akkermansia muciniphilia counts; Fecal Akkermansia muciniphilia counts; Side effects and tolerability Metabolic parameters: fasting plasma glucose; Metabolic parameters: fasting plasma glucose; Metabolic parameters: HbA1C; Metabolic parameters: HbA1c; Metabolic parameters: triglycerides; Metaboli,,Review source text before entering numeric values into final tables.
NCT:NCT06823557,ClinicalTrials.gov,NCT06823557,Investigation of the Mechanisms of the Gut-brain Axis in Binge Eating and Obesity.,104,,,,,,Psychobiotic treatment; Placebo treatment,Gut Microbiota outcomes - Gut-Bacteria Composition; Gut Microbiota outcomes - Molecules released by the gut-bacteria; Psycho-behavioral outcomes - Three Factor Eating Questionnaire-21; Psycho-behavioral outcomes - Eating Expectancy Inventory; Psycho-behavioral outcomes - Negative urgency subscale; Psycho-behavioral outcomes - Difficulties in Emotion Regulation Scale; Psycho-behavioral outcomes - Distress Tolerance Scale; Neurofunctioning outcomes - Default mode network; Neurofunctioning outcomes - Salience network; Neurofunctioning outcomes - Meso/Paralimbic network; Neurofunctioning outcomes - Executive network; Appetitive hormones outcomes - Ghrelin; Appetitive hormones outcomes - Glucagon-Like Peptide 1; Appetitive hormones outcomes - Peptide YY; Appetitive hormones outcomes - Leptin; Appetitive hormones outcomes - Insulin; Appetitive hormones outcomes - Cortisol,,,,,,,,Review source text before entering numeric values into final tables.
NCT:NCT06901440,ClinicalTrials.gov,NCT06901440,Bariatric Surgery for Obesity,25 adults,,,,BMI ≥30,,,Compare liver status regarding steatosis & Correlate changes with weight loss and glycemic control,,,,,,,,Review source text before entering numeric values into final tables.
NCT:NCT06964932,ClinicalTrials.gov,NCT06964932,Probiotics in Obesity Management,61,,,,,,Probiotc; Placebo,Change in body weight before and after intervention,,,,,,,,Review source text before entering numeric values into final tables.
NCT:NCT06987279,ClinicalTrials.gov,NCT06987279,Lactobacillus Plantarum and Hormonal Regulation in Obese Women,100,,,,,,Probiotic; Maltodextrin,The changes of estradiol before and after the intervention,,,,,,,,Review source text before entering numeric values into final tables.
NCT:NCT07097974,ClinicalTrials.gov,NCT07097974,Evaluation of the Efficacy of the Composite WM Formula in Body Weight Change,0,,,,,,WM formula liquid drink; Placebo,Change from baseline in weight at weeks 2 and 4; Change from plasma GLP-1 concentration (pmol/L) in baseline at weeks 2 and 4; Change from baseline in blood glucose at weeks 2 and 4,,,,,,,,Review source text before entering numeric values into final tables.
EUROPEPMC:38674828,PubMed,38674828,"A 12-Week, Single-Centre, Randomised, Double-Blind, Placebo-Controlled, Parallel-Design Clinical Trial for the Evaluation of the Efficacy and Safety of",100 participants,12-Week; 12 weeks,,,,p = 0.016; p = 0.02; p = 0.025; p = 0.023; p = 0.003; p = 0.014,,,,,,"In this double-blind, randomised clinical trial, we aimed to evaluate the efficacy and safety of SKO-001 in reducing body fat.",,"Body fat percentage (p = 0.016), body fat mass (p = 0.02), low-density lipoprotein-cholesterol levels (p = 0.025), and adiponectin levels (p = 0.023) were lower in the SKO-001 group than in the placebo group after 12 weeks of SKO-001 consumption.","Lactiplantibacillus plantarum SKO-001, a probiotic strain isolated from Angelica gigas, has been reported to reduce obesity by controlling the gut microbiome.",Review source text before entering numeric values into final tables.
NCT:NCT06554314,ClinicalTrials.gov,NCT06554314,Effect of Probiotics on Regulating Gut Health and Blood Lipid in Adults,50,,,,,,probiotics,Change from baseline serum lipids at week 4,,,,,,,,Review source text before entering numeric values into final tables.
NCT:NCT06578143,ClinicalTrials.gov,NCT06578143,Effects of Synbiotics on Obesity,80,,,,,,Placebo; Synbiotics,Body fat percentage,,,,,,,,Review source text before entering numeric values into final tables.
NCT:NCT06722443,ClinicalTrials.gov,NCT06722443,Impact of Nutritional Intervention With Probiotics and Prebiotics on Obesity.,230,,,,,,Probiotic; Prebiotic; Synbiotic,Evaluation of the composition of the intestinal microbiome using metagenomic analysis; Evaluation of the treatment using integrated data analysis,,,,,,,,Review source text before entering numeric values into final tables.
NCT:NCT06729671,ClinicalTrials.gov,NCT06729671,A Probiotic Strategy for Antipsychotic-induced Metabolic Dysfunction,70,,,,,,Bifidobacterium longum APC1472 hydroxypropylmethylcellulose (HPMC) capsule; maltodextrin,Bifidobacterium longum on weight gain; Bifidobacterium longum on glucose levels.,,,Bifidobacterium longum on waist-to-hip ratio; Bifidobacterium longum on metabolic syndrome markers; Bifidobacterium longum on cortisol awakening response; Bifidobacterium longum on treatment adherence; Bifidobacterium longum on changes in food intake behavior placebo; active,,,,,Review source text before entering numeric values into final tables.
NCT:NCT06795607,ClinicalTrials.gov,NCT06795607,Effect of the Probiotic SF68® on Body Composition and Low-to-moderate Cardiovascular Risk,40,,,,,,Probiotic; Placebo,Waist circumference,,,,,,,,Review source text before entering numeric values into final tables.
NCT:NCT06974994,ClinicalTrials.gov,NCT06974994,Resilience to Antibiotic-induced Obesogenic Microbiota: Discovering Mechanism of Microbiota Modulation,125,24 months,,,,,Synbiotic Supplement; Placebo,BMI at 24 months of age,,,,,,,,Review source text before entering numeric values into final tables.
PMID:38653887,PubMed,38653887,"Impact of Probiotics on Gastrointestinal Function and Metabolic Status After Roux-en-Y Gastric Bypass: A Double-Blind, Randomized Trial.",,1 week; 6 months; 3 months,,,,P < 0.001; P = 0.02; P = 0.001; P = 0.03,,,"Analysis of the GIQLI questionnaire before and 6 months after interventions also revealed significant improvement in the GIQLI score in both groups (P < 0.001 for probiotics and P = 0.03 for placebo).; Probiotic supplement administration following RYGB improves patients' vitamin and metabolic profile, as well as GI function, although it cannot significantly affect weight loss.",GIQLI questionnaire was also used at the beginning and 6 months after the intervention to evaluate GI symptoms.; We observed significantly reduced BMI in both groups after surgeries (P < 0.001).,,,"The levels of FBS and HbA1C were significantly lower in the probiotic group compared to the placebo in 3 months (P = 0.02 and P = 0.001, respectively) and 6 months (P < 0.001 for both) after the intervention.",,,Review source text before entering numeric values into final tables.
EUROPEPMC:38140284,PubMed,38140284,"Effect of Continuous Ingestion of Bifidobacteria and Inulin on Reducing Body Fat: A Randomized, Double-Blind, Placebo-Controlled, Parallel-Group Comparison Study.",n = 120,12 weeks,,100 g; 2.0 g,,,,,,"lactis correlated only with BMI, suggesting that increases in both contributed to the decrease in VFA.",,"Effect of Continuous Ingestion of Bifidobacteria and Inulin on Reducing Body Fat: A Randomized, Double-Blind, Placebo-Controlled, Parallel-Group Comparison Study.",,The intervention significantly increased the total number of bifidobacteria and affected the levels of several lipid markers.,,Review source text before entering numeric values into final tables.
NCT:NCT04809688,ClinicalTrials.gov,NCT04809688,Saskatoon Berry on Metabolism and Gut Microbiota in Healthy Subjects,20,,,,,,Saskatoon berry; Dried Saskatoon berry,Fasting plasma glucose; Total serum cholesterol,,,,,,,,Review source text before entering numeric values into final tables.
NCT:NCT05791604,ClinicalTrials.gov,NCT05791604,The Intervention of Obesity in Children With Prader-Willi Syndrome Using Prebiotics and Probiotics,60,,,,,,"probiotics including B. lactis B420, B. lactis HN019, B. animalis Bb-12, L. rhamnosus GG; Prebiotics with galactomannan and oligofructose",Body mass index,,,,,,,,Review source text before entering numeric values into final tables.
NCT:NCT05821010,ClinicalTrials.gov,NCT05821010,Synbiotics and Fecal Microbiota Transplantation to Treat Non-Alcoholic Steatohepatitis,48,,,,,,Lyophilized fecal microbiota transplantation capsules; Placebo capsules; A. soehngenii; Pasteurized A. muciniphila; B. animalis subsp. lactis; Fructo-oligosaccharides,Liver histology,,,,,,,,Review source text before entering numeric values into final tables.
NCT:NCT05826184,ClinicalTrials.gov,NCT05826184,Time Restricted Eating With or Without a Fiber Supplement for Weight Management in Pediatric Cancer Survivors,13,,,,,,Time restircted eating; Time restricted eating + prebiotic,feasibility of TRE in pediatric cancer survivors; acceptance of TRE in pediatric cancer survivors; Adherence to TRE,,,,,,,,Review source text before entering numeric values into final tables.
NCT:NCT05832190,ClinicalTrials.gov,NCT05832190,Correcting GUT MicrobioTa by Combined Supplementation of FibERs and BIotiN to Improve Microbiome and Optimize Bariatric Surgery Outcomes,5,3-month; 3 months; 6 months,,,,,Standard of care; Biotin supplement; Fiber supplement,3-month variation of gut microbiota richness 3 months after the start of the different dietary interventions,"Correcting GUT MicrobioTa by Combined Supplementation of FibERs and BIotiN to Improve Microbiome and Optimize Bariatric Surgery Outcomes  Standard of care; Biotin supplement; Fiber supplement 3-month variation of gut microbiota richness 3 months after the start of the different dietary interventions Assess changes in body weight between the visit 3 months before surgery and the pre-surgery visit, the visit at 3 and 6 months after surgery.; Assess changes in BMI between the visit 3 months before ","Correcting GUT MicrobioTa by Combined Supplementation of FibERs and BIotiN to Improve Microbiome and Optimize Bariatric Surgery Outcomes  Standard of care; Biotin supplement; Fiber supplement 3-month variation of gut microbiota richness 3 months after the start of the different dietary interventions Assess changes in body weight between the visit 3 months before surgery and the pre-surgery visit, the visit at 3 and 6 months after surgery.; Assess changes in BMI between the visit 3 months before ","Correcting GUT MicrobioTa by Combined Supplementation of FibERs and BIotiN to Improve Microbiome and Optimize Bariatric Surgery Outcomes  Standard of care; Biotin supplement; Fiber supplement 3-month variation of gut microbiota richness 3 months after the start of the different dietary interventions Assess changes in body weight between the visit 3 months before surgery and the pre-surgery visit, the visit at 3 and 6 months after surgery.; Assess changes in BMI between the visit 3 months before ","Correcting GUT MicrobioTa by Combined Supplementation of FibERs and BIotiN to Improve Microbiome and Optimize Bariatric Surgery Outcomes  Standard of care; Biotin supplement; Fiber supplement 3-month variation of gut microbiota richness 3 months after the start of the different dietary interventions Assess changes in body weight between the visit 3 months before surgery and the pre-surgery visit, the visit at 3 and 6 months after surgery.; Assess changes in BMI between the visit 3 months before ","Correcting GUT MicrobioTa by Combined Supplementation of FibERs and BIotiN to Improve Microbiome and Optimize Bariatric Surgery Outcomes  Standard of care; Biotin supplement; Fiber supplement 3-month variation of gut microbiota richness 3 months after the start of the different dietary interventions Assess changes in body weight between the visit 3 months before surgery and the pre-surgery visit, the visit at 3 and 6 months after surgery.; Assess changes in BMI between the visit 3 months before ","Correcting GUT MicrobioTa by Combined Supplementation of FibERs and BIotiN to Improve Microbiome and Optimize Bariatric Surgery Outcomes  Standard of care; Biotin supplement; Fiber supplement 3-month variation of gut microbiota richness 3 months after the start of the different dietary interventions Assess changes in body weight between the visit 3 months before surgery and the pre-surgery visit, the visit at 3 and 6 months after surgery.; Assess changes in BMI between the visit 3 months before ","Correcting GUT MicrobioTa by Combined Supplementation of FibERs and BIotiN to Improve Microbiome and Optimize Bariatric Surgery Outcomes  Standard of care; Biotin supplement; Fiber supplement 3-month variation of gut microbiota richness 3 months after the start of the different dietary interventions Assess changes in body weight between the visit 3 months before surgery and the pre-surgery visit, the visit at 3 and 6 months after surgery.; Assess changes in BMI between the visit 3 months before ",Review source text before entering numeric values into final tables.
NCT:NCT06612164,ClinicalTrials.gov,NCT06612164,"Effects of Kefir Consumption on Health Outcomes: Gastrointestinal System, Immunity, Biochemical Parameters, Body Composition, Sleep Quality and Mental Well Being in Healthy Adults",65,,,,,,kefir,Evaluation of Gastrointestinal Health; Body Composition and Anthropometric Measurements; Mental Health; Immunity and Systemic-Inflammation,,,,,,,,Review source text before entering numeric values into final tables.
PMID:37248499,PubMed,37248499,"The impact of Hafnia alvei HA4597™ on weight loss and glycaemic control after bariatric surgery - study protocol for a triple-blinded, blocked randomized, 12-month, parallel-group, placebo-controlled clinical trial.",,12-month; 90 days; 12 months,5 x 10^7 CFU,2 capsules,BMI ≥ 35; BMI ≥ 40,,,,"Although bariatric surgery is an effective treatment for obesity with a great impact on weight loss, some subjects show weight regain due to increased energy intake after the surgery.",,,,,,"Thus, modulating gut microbiota with probiotics that could improve appetite regulation as a complementary approach to post-operative diet (i.e.",Review source text before entering numeric values into final tables.
NCT:NCT04962633,ClinicalTrials.gov,NCT04962633,Dietary Intervention With Probiotic Pasta and Evaluation of the Effects on Metabolic and Inflammatory Status,40,,,,,,Probiotic Pasta; Control Pasta,Changes in fasting inflammatory blood markers; Changes in fasting plasma lipids; Changes in fasting plasma glucose,Dietary Intervention With Probiotic Pasta and Evaluation of the Effects on Metabolic and Inflammatory Status  Probiotic Pasta; Control Pasta Changes in fasting inflammatory blood markers; Changes in fasting plasma lipids; Changes in fasting plasma glucose Changes in small intestine permeability; Changes in colonic permeability; Changes in stool consistency; Changes in stool weight; Changes in stool frequency; Changes in gastrointestinal functionality; Changes in faecal microbiome; Variation of p,Dietary Intervention With Probiotic Pasta and Evaluation of the Effects on Metabolic and Inflammatory Status  Probiotic Pasta; Control Pasta Changes in fasting inflammatory blood markers; Changes in fasting plasma lipids; Changes in fasting plasma glucose Changes in small intestine permeability; Changes in colonic permeability; Changes in stool consistency; Changes in stool weight; Changes in stool frequency; Changes in gastrointestinal functionality; Changes in faecal microbiome; Variation of p,Dietary Intervention With Probiotic Pasta and Evaluation of the Effects on Metabolic and Inflammatory Status  Probiotic Pasta; Control Pasta Changes in fasting inflammatory blood markers; Changes in fasting plasma lipids; Changes in fasting plasma glucose Changes in small intestine permeability; Changes in colonic permeability; Changes in stool consistency; Changes in stool weight; Changes in stool frequency; Changes in gastrointestinal functionality; Changes in faecal microbiome; Variation of p,,Dietary Intervention With Probiotic Pasta and Evaluation of the Effects on Metabolic and Inflammatory Status  Probiotic Pasta; Control Pasta Changes in fasting inflammatory blood markers; Changes in fasting plasma lipids; Changes in fasting plasma glucose Changes in small intestine permeability; Changes in colonic permeability; Changes in stool consistency; Changes in stool weight; Changes in stool frequency; Changes in gastrointestinal functionality; Changes in faecal microbiome; Variation of p,Dietary Intervention With Probiotic Pasta and Evaluation of the Effects on Metabolic and Inflammatory Status  Probiotic Pasta; Control Pasta Changes in fasting inflammatory blood markers; Changes in fasting plasma lipids; Changes in fasting plasma glucose Changes in small intestine permeability; Changes in colonic permeability; Changes in stool consistency; Changes in stool weight; Changes in stool frequency; Changes in gastrointestinal functionality; Changes in faecal microbiome; Variation of p,Dietary Intervention With Probiotic Pasta and Evaluation of the Effects on Metabolic and Inflammatory Status  Probiotic Pasta; Control Pasta Changes in fasting inflammatory blood markers; Changes in fasting plasma lipids; Changes in fasting plasma glucose Changes in small intestine permeability; Changes in colonic permeability; Changes in stool consistency; Changes in stool weight; Changes in stool frequency; Changes in gastrointestinal functionality; Changes in faecal microbiome; Variation of p,Review source text before entering numeric values into final tables.
NCT:NCT05255367,ClinicalTrials.gov,NCT05255367,Effect of (Poly)Phenolic on Cardiometabolic Risk of Postmenopausal Women,26,,,,,,(poly)phenols rich foods,Changes in serum levels of glucose and insulin.; Changes in plasmatic lipid profile.; Changes in blood pressure.; Changes in biomarkers of inflammation in plasma.; Changes in biomarkers of oxidative stress in urine.,,,,,,,,Review source text before entering numeric values into final tables.
NCT:NCT05353504,ClinicalTrials.gov,NCT05353504,Impact of Microbiome-changing Interventions on Food Decision-making,90,,,,,,Inulin; Lifestyle intervention; Placebo,blood-oxygenation-level-dependent (BOLD) activity during food wanting,,Impact of Microbiome-changing Interventions on Food Decision-making  Inulin; Lifestyle intervention; Placebo blood-oxygenation-level-dependent (BOLD) activity during food wanting microbial alpha and beta diversity; fMRI BOLD activity memory performance; satiety; ghrelin; leptin; GLP-1; PYY; insulin; HbA1c; inflammatory markers; microbial metabolic markers in blood; body mass index; waist hip ratio; body fat; food craving; executive attention performance prebiotic dietary supplement; behavioural ,Impact of Microbiome-changing Interventions on Food Decision-making  Inulin; Lifestyle intervention; Placebo blood-oxygenation-level-dependent (BOLD) activity during food wanting microbial alpha and beta diversity; fMRI BOLD activity memory performance; satiety; ghrelin; leptin; GLP-1; PYY; insulin; HbA1c; inflammatory markers; microbial metabolic markers in blood; body mass index; waist hip ratio; body fat; food craving; executive attention performance prebiotic dietary supplement; behavioural ,Impact of Microbiome-changing Interventions on Food Decision-making  Inulin; Lifestyle intervention; Placebo blood-oxygenation-level-dependent (BOLD) activity during food wanting microbial alpha and beta diversity; fMRI BOLD activity memory performance; satiety; ghrelin; leptin; GLP-1; PYY; insulin; HbA1c; inflammatory markers; microbial metabolic markers in blood; body mass index; waist hip ratio; body fat; food craving; executive attention performance prebiotic dietary supplement; behavioural ,Impact of Microbiome-changing Interventions on Food Decision-making  Inulin; Lifestyle intervention; Placebo blood-oxygenation-level-dependent (BOLD) activity during food wanting microbial alpha and beta diversity; fMRI BOLD activity memory performance; satiety; ghrelin; leptin; GLP-1; PYY; insulin; HbA1c; inflammatory markers; microbial metabolic markers in blood; body mass index; waist hip ratio; body fat; food craving; executive attention performance prebiotic dietary supplement; behavioural ,,Impact of Microbiome-changing Interventions on Food Decision-making  Inulin; Lifestyle intervention; Placebo blood-oxygenation-level-dependent (BOLD) activity during food wanting microbial alpha and beta diversity; fMRI BOLD activity memory performance; satiety; ghrelin; leptin; GLP-1; PYY; insulin; HbA1c; inflammatory markers; microbial metabolic markers in blood; body mass index; waist hip ratio; body fat; food craving; executive attention performance prebiotic dietary supplement; behavioural ,Review source text before entering numeric values into final tables.
NCT:NCT05417360,ClinicalTrials.gov,NCT05417360,Akkermansia and Weight Maintenance,90,,,,,,Akkermansia muciniphila; Placebo,Body weight,Akkermansia and Weight Maintenance  Akkermansia muciniphila; Placebo Body weight Body composition; Body fat distribution; Glucose metabolism; Insulin sensitivity; Lipid profile; Adipose tissue activity; Gut barrier function; Psychological well-being - mental health; Psychological well-being - sleep quality; Psychological well-being - stress; Psychological well-being - General; Gastrointestinal symptoms - bowel movements; Gastrointestinal symptoms; Heart rate; Blood pressure; Renal function; Live,,,Akkermansia and Weight Maintenance  Akkermansia muciniphila; Placebo Body weight Body composition; Body fat distribution; Glucose metabolism; Insulin sensitivity; Lipid profile; Adipose tissue activity; Gut barrier function; Psychological well-being - mental health; Psychological well-being - sleep quality; Psychological well-being - stress; Psychological well-being - General; Gastrointestinal symptoms - bowel movements; Gastrointestinal symptoms; Heart rate; Blood pressure; Renal function; Live,Akkermansia and Weight Maintenance  Akkermansia muciniphila; Placebo Body weight Body composition; Body fat distribution; Glucose metabolism; Insulin sensitivity; Lipid profile; Adipose tissue activity; Gut barrier function; Psychological well-being - mental health; Psychological well-being - sleep quality; Psychological well-being - stress; Psychological well-being - General; Gastrointestinal symptoms - bowel movements; Gastrointestinal symptoms; Heart rate; Blood pressure; Renal function; Live,Akkermansia and Weight Maintenance  Akkermansia muciniphila; Placebo Body weight Body composition; Body fat distribution; Glucose metabolism; Insulin sensitivity; Lipid profile; Adipose tissue activity; Gut barrier function; Psychological well-being - mental health; Psychological well-being - sleep quality; Psychological well-being - stress; Psychological well-being - General; Gastrointestinal symptoms - bowel movements; Gastrointestinal symptoms; Heart rate; Blood pressure; Renal function; Live,Akkermansia and Weight Maintenance  Akkermansia muciniphila; Placebo Body weight Body composition; Body fat distribution; Glucose metabolism; Insulin sensitivity; Lipid profile; Adipose tissue activity; Gut barrier function; Psychological well-being - mental health; Psychological well-being - sleep quality; Psychological well-being - stress; Psychological well-being - General; Gastrointestinal symptoms - bowel movements; Gastrointestinal symptoms; Heart rate; Blood pressure; Renal function; Live,Review source text before entering numeric values into final tables.
NCT:NCT06327919,ClinicalTrials.gov,NCT06327919,Effects of Probiotic Supplementation With Weight Reducing Plan in Patients With Food Addiction and Weight Regain After Bariatric Surgery,50,,,,,,Probiotic supplement; Placebo supplement,Weight; BMI; Waist circumference; Fat mass; Food addiction,Effects of Probiotic Supplementation With Weight Reducing Plan in Patients With Food Addiction and Weight Regain After Bariatric Surgery  Probiotic supplement; Placebo supplement Weight; BMI; Waist circumference; Fat mass; Food addiction Eating behavior; Leptin; Serotonin; Oxytocin Intervention; Placebo,Effects of Probiotic Supplementation With Weight Reducing Plan in Patients With Food Addiction and Weight Regain After Bariatric Surgery  Probiotic supplement; Placebo supplement Weight; BMI; Waist circumference; Fat mass; Food addiction Eating behavior; Leptin; Serotonin; Oxytocin Intervention; Placebo,Effects of Probiotic Supplementation With Weight Reducing Plan in Patients With Food Addiction and Weight Regain After Bariatric Surgery  Probiotic supplement; Placebo supplement Weight; BMI; Waist circumference; Fat mass; Food addiction Eating behavior; Leptin; Serotonin; Oxytocin Intervention; Placebo,Effects of Probiotic Supplementation With Weight Reducing Plan in Patients With Food Addiction and Weight Regain After Bariatric Surgery  Probiotic supplement; Placebo supplement Weight; BMI; Waist circumference; Fat mass; Food addiction Eating behavior; Leptin; Serotonin; Oxytocin Intervention; Placebo,,,,Review source text before entering numeric values into final tables.
NCT:NCT04863313,ClinicalTrials.gov,NCT04863313,Effect of a Probiotic on the Glycemic Profile and the Fecal Microbiota of Prediabetic Subjects (PREDIABETCARE),73,,,,,,Probiotic; Placebo,Change of blood glycated hemoglobin (HbA1c) concentration from baseline to week 12.,Change of metagenomic analysis of intestinal microbiota composition from baseline to week 12.; Change of fasting blood glucose concentration from baseline to week 4.; Change of fasting blood glucose concentration from baseline to week 8.; Change of fasting blood glucose concentration from baseline to week 12.; Oral glucose tolerance test; Change in the Area under the curve for glucose from baseline to week 12.; Change of fasting blood insulin concentration from baseline to week 12.; Change of HO,Change of metagenomic analysis of intestinal microbiota composition from baseline to week 12.; Change of fasting blood glucose concentration from baseline to week 4.; Change of fasting blood glucose concentration from baseline to week 8.; Change of fasting blood glucose concentration from baseline to week 12.; Oral glucose tolerance test; Change in the Area under the curve for glucose from baseline to week 12.; Change of fasting blood insulin concentration from baseline to week 12.; Change of HO,Change of metagenomic analysis of intestinal microbiota composition from baseline to week 12.; Change of fasting blood glucose concentration from baseline to week 4.; Change of fasting blood glucose concentration from baseline to week 8.; Change of fasting blood glucose concentration from baseline to week 12.; Oral glucose tolerance test; Change in the Area under the curve for glucose from baseline to week 12.; Change of fasting blood insulin concentration from baseline to week 12.; Change of HO,Change of metagenomic analysis of intestinal microbiota composition from baseline to week 12.; Change of fasting blood glucose concentration from baseline to week 4.; Change of fasting blood glucose concentration from baseline to week 8.; Change of fasting blood glucose concentration from baseline to week 12.; Oral glucose tolerance test; Change in the Area under the curve for glucose from baseline to week 12.; Change of fasting blood insulin concentration from baseline to week 12.; Change of HO,Change of metagenomic analysis of intestinal microbiota composition from baseline to week 12.; Change of fasting blood glucose concentration from baseline to week 4.; Change of fasting blood glucose concentration from baseline to week 8.; Change of fasting blood glucose concentration from baseline to week 12.; Oral glucose tolerance test; Change in the Area under the curve for glucose from baseline to week 12.; Change of fasting blood insulin concentration from baseline to week 12.; Change of HO,Change of metagenomic analysis of intestinal microbiota composition from baseline to week 12.; Change of fasting blood glucose concentration from baseline to week 4.; Change of fasting blood glucose concentration from baseline to week 8.; Change of fasting blood glucose concentration from baseline to week 12.; Oral glucose tolerance test; Change in the Area under the curve for glucose from baseline to week 12.; Change of fasting blood insulin concentration from baseline to week 12.; Change of HO,Change of metagenomic analysis of intestinal microbiota composition from baseline to week 12.; Change of fasting blood glucose concentration from baseline to week 4.; Change of fasting blood glucose concentration from baseline to week 8.; Change of fasting blood glucose concentration from baseline to week 12.; Oral glucose tolerance test; Change in the Area under the curve for glucose from baseline to week 12.; Change of fasting blood insulin concentration from baseline to week 12.; Change of HO,Review source text before entering numeric values into final tables.
NCT:NCT04884776,ClinicalTrials.gov,NCT04884776,Modulation of Gut Microbiota to Enhance Health and Immunity,453,,,,,,Microbiome immunity formula; Active placebo,Adverse events/Serious adverse events,,,,,,,,Review source text before entering numeric values into final tables.
NCT:NCT05000775,ClinicalTrials.gov,NCT05000775,The Influence of GNiib® in Obesity Management in Obese Young Individuals in Hong Kong.,280,,,,,,G-Niib; Placebo,proportion of subjects achieving 5% weight loss; changes in BMI; changes in body weight; changes in waist circumference,,,,,,,,Review source text before entering numeric values into final tables.
NCT:NCT05207488,ClinicalTrials.gov,NCT05207488,"Gastrointestinal And Metabolic Effects From a Prebiotic, Lifting, and Aerobic iNtervention",48,,,,,,Fructooligosaccharides (FOS); Exercise; Placebo,Changes in gastrointestinal microbiota composition; Changes in gastrointestinal microbial-derived metabolite concentrations,,,,,,,,Review source text before entering numeric values into final tables.
NCT:NCT05405205,ClinicalTrials.gov,NCT05405205,Effect of Synbiotic L. Fermentum Strains on Body Fat Mass,180,,,,,,synbiotic; probiotic; placebo,Body Fat Mass,,,,,,,,Review source text before entering numeric values into final tables.
PMID:33915854,PubMed,33915854,Role of Probiotics in Modulating Human Gut Microbiota Populations and Activities in Patients with Colorectal Cancer-A Systematic Review of Clinical Trials.,457 subjects,6 days,,,,,,,,,,,,,It has been suggested that probiotics and synbiotics modulate enteric microbiota and therefore may be used as an intervention to reduce the risk of CRC.,Review source text before entering numeric values into final tables.
NCT:NCT04097106,ClinicalTrials.gov,NCT04097106,Synbiotic Dietary Supplement and Gut Microbiota,34,,,,,,Synbiotic,"Measure change in gastrointestinal symptoms using ""Rating of Gastrointestinal (GI) Symptoms"" scale; Change in microbiome stool diversity; Change in metabolome stool profile; Change in metabolome urine profile",,,,,,,,Review source text before entering numeric values into final tables.
NCT:NCT04130321,ClinicalTrials.gov,NCT04130321,Demonstration of the Prebiotic-like Effects of Camu-camu Consumption Against Obesity-related Disorders in Humans,35,,,,,,Camu camu; Placebo,Change in Gut Microbiota Composition and Diversity; Change in fat accumulation in the liver,,,,,,,,Review source text before entering numeric values into final tables.
NCT:NCT04561284,ClinicalTrials.gov,NCT04561284,Carbohydrate-induced Resilience of the Gut Microbiome After Antibiotics Use,39,,,,,,Indigestible fiber (classified); Placebo,Gut microbiota composition; Gut microbiota activity; Fecal Short-Chain Fatty Acids (SCFA); Resistome analysis,,,,,,,,Review source text before entering numeric values into final tables.
NCT:NCT04754464,ClinicalTrials.gov,NCT04754464,Clinical Study on the Effect of a Synbiotic on Body Fat Mass,120,,,,,,synbiotic; microcrystalline cellulose,BFM,,,,,,,,Review source text before entering numeric values into final tables.
NCT:NCT05114018,ClinicalTrials.gov,NCT05114018,Effect of Pasteurized Akkermansia Muciniphila on Insulin Resistance in Otherwise Healthy Subjects With Dysglycaemia,143,,,,,,Pasteurized A. muciniphila; placebo,Insulin sensitivity by Matsuda Index,muciniphila; placebo Insulin sensitivity by Matsuda Index Insulin sensitivity by homeostasis model assessment-estimated (HOMA) insuline sensitivity; fasting blood glucose; 3-hour blood glucose incremental Area Under the Curve (AUC) as measured by Oral Glucose Tolerance Test (OGTT); Peak Plasma Concentration (Cmax) of blood glucose as measured by OGTT; 3-hour blood insulin incremental Area Under the Curve (AUC) as measured by OGTT; Peak Plasma Concentration (Cmax) of blood insulin as measured by ,muciniphila; placebo Insulin sensitivity by Matsuda Index Insulin sensitivity by homeostasis model assessment-estimated (HOMA) insuline sensitivity; fasting blood glucose; 3-hour blood glucose incremental Area Under the Curve (AUC) as measured by Oral Glucose Tolerance Test (OGTT); Peak Plasma Concentration (Cmax) of blood glucose as measured by OGTT; 3-hour blood insulin incremental Area Under the Curve (AUC) as measured by OGTT; Peak Plasma Concentration (Cmax) of blood insulin as measured by ,muciniphila; placebo Insulin sensitivity by Matsuda Index Insulin sensitivity by homeostasis model assessment-estimated (HOMA) insuline sensitivity; fasting blood glucose; 3-hour blood glucose incremental Area Under the Curve (AUC) as measured by Oral Glucose Tolerance Test (OGTT); Peak Plasma Concentration (Cmax) of blood glucose as measured by OGTT; 3-hour blood insulin incremental Area Under the Curve (AUC) as measured by OGTT; Peak Plasma Concentration (Cmax) of blood insulin as measured by ,muciniphila; placebo Insulin sensitivity by Matsuda Index Insulin sensitivity by homeostasis model assessment-estimated (HOMA) insuline sensitivity; fasting blood glucose; 3-hour blood glucose incremental Area Under the Curve (AUC) as measured by Oral Glucose Tolerance Test (OGTT); Peak Plasma Concentration (Cmax) of blood glucose as measured by OGTT; 3-hour blood insulin incremental Area Under the Curve (AUC) as measured by OGTT; Peak Plasma Concentration (Cmax) of blood insulin as measured by ,muciniphila; placebo Insulin sensitivity by Matsuda Index Insulin sensitivity by homeostasis model assessment-estimated (HOMA) insuline sensitivity; fasting blood glucose; 3-hour blood glucose incremental Area Under the Curve (AUC) as measured by Oral Glucose Tolerance Test (OGTT); Peak Plasma Concentration (Cmax) of blood glucose as measured by OGTT; 3-hour blood insulin incremental Area Under the Curve (AUC) as measured by OGTT; Peak Plasma Concentration (Cmax) of blood insulin as measured by ,muciniphila; placebo Insulin sensitivity by Matsuda Index Insulin sensitivity by homeostasis model assessment-estimated (HOMA) insuline sensitivity; fasting blood glucose; 3-hour blood glucose incremental Area Under the Curve (AUC) as measured by Oral Glucose Tolerance Test (OGTT); Peak Plasma Concentration (Cmax) of blood glucose as measured by OGTT; 3-hour blood insulin incremental Area Under the Curve (AUC) as measured by OGTT; Peak Plasma Concentration (Cmax) of blood insulin as measured by ,,Review source text before entering numeric values into final tables.
PMID:30595036,PubMed,30595036,Efficacy of synbiotic supplementation in obesity treatment: A systematic review and meta-analysis of clinical trials.,,,,,,p = 0.04; p < 0.001; p = 0.39; p = 0.74,,,"The present meta-analysis of 23 randomized trials indicated that supplementation with synbiotic can decrease body weight (WMD: -0.80 kg; 95% CI: -1.56 to -0.03, p = 0.04) and WC (WMD: -2.07 cm; 95% CI: -3.11 to -1.03, p < 0.001).","In contrast, synbiotic did not have favorite effects on BMI (WMD: -0.12 kg/m2; 95% CI: -0.40 to 0.16, p = 0.39) and body fat (WMD: 0.02%; 95% CI: -1.27 to 1.87, p = 0.74) compared with the placebo group.",,"In contrast, synbiotic did not have favorite effects on BMI (WMD: -0.12 kg/m2; 95% CI: -0.40 to 0.16, p = 0.39) and body fat (WMD: 0.02%; 95% CI: -1.27 to 1.87, p = 0.74) compared with the placebo group.",,,,Review source text before entering numeric values into final tables.
PMID:32521799,PubMed,32521799,The Effect of Probiotics and Synbiotics on Risk Factors Associated with Cardiometabolic Diseases in Healthy People-A Systematic Review and Meta-Analysis with Meta-Regression of Randomized Controlled Trials.,,72 days,,,,p = 0.006; p = 0.00; p = 0.05; p = 0.02; p = 0.04; p = 0.03; p = 0.049,,,"Random-effect meta-analysis subgroup and meta-regression analysis of co-primary (haemoglobin A1c (HbA1C), glucose, insulin, body weight, waist circumference (WC), body mass index (BMI), cholesterol, low-density lipoproteins (LDL), high-density lipoproteins (HDL), triglycerides, and blood pressure) and secondary outcomes (uric acid, plasminogen activator inhibitor-1-PAI-1, fibrinogen, and any variable related to inflammation/endothelial dysfunction).","Random-effect meta-analysis subgroup and meta-regression analysis of co-primary (haemoglobin A1c (HbA1C), glucose, insulin, body weight, waist circumference (WC), body mass index (BMI), cholesterol, low-density lipoproteins (LDL), high-density lipoproteins (HDL), triglycerides, and blood pressure) and secondary outcomes (uric acid, plasminogen activator inhibitor-1-PAI-1, fibrinogen, and any variable related to inflammation/endothelial dysfunction).","Random-effect meta-analysis subgroup and meta-regression analysis of co-primary (haemoglobin A1c (HbA1C), glucose, insulin, body weight, waist circumference (WC), body mass index (BMI), cholesterol, low-density lipoproteins (LDL), high-density lipoproteins (HDL), triglycerides, and blood pressure) and secondary outcomes (uric acid, plasminogen activator inhibitor-1-PAI-1, fibrinogen, and any variable related to inflammation/endothelial dysfunction).",,"Random-effect meta-analysis subgroup and meta-regression analysis of co-primary (haemoglobin A1c (HbA1C), glucose, insulin, body weight, waist circumference (WC), body mass index (BMI), cholesterol, low-density lipoproteins (LDL), high-density lipoproteins (HDL), triglycerides, and blood pressure) and secondary outcomes (uric acid, plasminogen activator inhibitor-1-PAI-1, fibrinogen, and any variable related to inflammation/endothelial dysfunction).","Random-effect meta-analysis subgroup and meta-regression analysis of co-primary (haemoglobin A1c (HbA1C), glucose, insulin, body weight, waist circumference (WC), body mass index (BMI), cholesterol, low-density lipoproteins (LDL), high-density lipoproteins (HDL), triglycerides, and blood pressure) and secondary outcomes (uric acid, plasminogen activator inhibitor-1-PAI-1, fibrinogen, and any variable related to inflammation/endothelial dysfunction).",,Review source text before entering numeric values into final tables.
PMID:33326198,PubMed,33326198,"Impact of diet and synbiotics on selected gut bacteria and intestinal permeability in individuals with excess body weight - A Prospective, Randomized Study.",,3-months,,,,p=0.0040,,,,"There were no significant relationships between the body mass, BMI and changes in the intestinal microbiota or zonulin concentrations.",,,,,The aim of this study was to determine whether body mass reduction with diet and synbiotics in an adult person with excess body mass has an influence on the gut microbiota and zonulin concentration.,Review source text before entering numeric values into final tables.
NCT:NCT04398693,ClinicalTrials.gov,NCT04398693,Evaluation of Intestinal Microbiota Manipulation to Treat Resistant Hypertension,120,,,,,,Prebiotic,Change of blood pressure,,,,,,,,Review source text before entering numeric values into final tables.
NCT:NCT04555447,ClinicalTrials.gov,NCT04555447,Gastrointestinal Tolerability to Agavins and Impact on Host-gut Microbiota-metabolism Interactions Modulation,52,,,,,,Agavins (prebiotic fiber); Placebo,Gastrointestinal tolerability,,,,,,,,Review source text before entering numeric values into final tables.
NCT:NCT05162209,ClinicalTrials.gov,NCT05162209,PROBESITY-2: Synbiotics in Pediatric Obesity,61,,,,,,Synbiotic,Change as percentage for weight and body mass index.,,,,,,,,Review source text before entering numeric values into final tables.
NCT:NCT03727321,ClinicalTrials.gov,NCT03727321,FMT and Fiber in Patients With Metabolic Syndrome,68,,,,,,Fecal Microbial Transplant; Fiber; Cellulose,Insulin Sensitivity Assessment,,,,,,,,Review source text before entering numeric values into final tables.
NCT:NCT03800277,ClinicalTrials.gov,NCT03800277,Effect of Cranberry and Agaves Extract on Microbiota and Intestinal Health,122,,,,,,Cranberry; Agaves; Placebo,Change in metabolic endotoxemia: Measure concentration of Lipopolysaccharides (LPS) and Lipopolysaccharide Binding Protein (LBP) in plasma,,,,,,,,Review source text before entering numeric values into final tables.
NCT:NCT04498455,ClinicalTrials.gov,NCT04498455,Study of a Prebiotic Supplement to Mitigate Excessive Weight Gain Among Physicians in Residency,11,,,,,,Prebiotin,Change in body weight,,,,,,,,Review source text before entering numeric values into final tables.
NCT:NCT03312660,ClinicalTrials.gov,NCT03312660,Effect of a Kefir Beverage on Immunity and Lipid Profile,158,4 weeks,,,,,Prebiotic group; Placebo group,Change from baseline in Th17 cell counts in peripheral blood; Change from baseline in CD4 positive regulatory T cell counts in peripheral blood; Change from baseline in Th1 cell counts in peripheral blood; Change from baseline in Th2 cell counts in peripheral blood,,Effect of a Kefir Beverage on Immunity and Lipid Profile  Prebiotic group; Placebo group Change from baseline in Th17 cell counts in peripheral blood; Change from baseline in CD4 positive regulatory T cell counts in peripheral blood; Change from baseline in Th1 cell counts in peripheral blood; Change from baseline in Th2 cell counts in peripheral blood Change from baseline in total cholesterol; Change from baseline in HDL cholesterol; Change from baseline in LDL cholesterol; Change from baseline,Effect of a Kefir Beverage on Immunity and Lipid Profile  Prebiotic group; Placebo group Change from baseline in Th17 cell counts in peripheral blood; Change from baseline in CD4 positive regulatory T cell counts in peripheral blood; Change from baseline in Th1 cell counts in peripheral blood; Change from baseline in Th2 cell counts in peripheral blood Change from baseline in total cholesterol; Change from baseline in HDL cholesterol; Change from baseline in LDL cholesterol; Change from baseline,,Effect of a Kefir Beverage on Immunity and Lipid Profile  Prebiotic group; Placebo group Change from baseline in Th17 cell counts in peripheral blood; Change from baseline in CD4 positive regulatory T cell counts in peripheral blood; Change from baseline in Th1 cell counts in peripheral blood; Change from baseline in Th2 cell counts in peripheral blood Change from baseline in total cholesterol; Change from baseline in HDL cholesterol; Change from baseline in LDL cholesterol; Change from baseline,Effect of a Kefir Beverage on Immunity and Lipid Profile  Prebiotic group; Placebo group Change from baseline in Th17 cell counts in peripheral blood; Change from baseline in CD4 positive regulatory T cell counts in peripheral blood; Change from baseline in Th1 cell counts in peripheral blood; Change from baseline in Th2 cell counts in peripheral blood Change from baseline in total cholesterol; Change from baseline in HDL cholesterol; Change from baseline in LDL cholesterol; Change from baseline,,Review source text before entering numeric values into final tables.
NCT:NCT02660333,ClinicalTrials.gov,NCT02660333,Effect of Prebiotic or Synbiotic on Inflammatory Response and Indicators of Nutritional Status in Obesity,22,,,,,,Placebo; Prebiotic; Synbiotic,C-reactive protein; Cytokines,,,,,,,,Review source text before entering numeric values into final tables.
NCT:NCT02768818,ClinicalTrials.gov,NCT02768818,Modulation of the Intestinal Flora With the Probiotic VIVOMIXX™ in Pregnant Women at Risk of Metabolic Complications,205,,,,,,Probiotic VIVOMIXX™; Placebo,Maternal and newborn fecal microbiota changes (bifidobacteria and lactobacilli) and related enzymatic activity (alkaline sphingomyelinase and alkaline phosphatase) modifications; Glucose metabolism changes,Modulation of the Intestinal Flora With the Probiotic VIVOMIXX™ in Pregnant Women at Risk of Metabolic Complications  Probiotic VIVOMIXX™; Placebo Maternal and newborn fecal microbiota changes (bifidobacteria and lactobacilli) and related enzymatic activity (alkaline sphingomyelinase and alkaline phosphatase) modifications; Glucose metabolism changes Weight changes; Maternal BMI; Waist/hip circumference ratio; Gestational weight gain; HOMA Index; HbA1c1; glycemia; insulinemia; homocysteine plasm,Modulation of the Intestinal Flora With the Probiotic VIVOMIXX™ in Pregnant Women at Risk of Metabolic Complications  Probiotic VIVOMIXX™; Placebo Maternal and newborn fecal microbiota changes (bifidobacteria and lactobacilli) and related enzymatic activity (alkaline sphingomyelinase and alkaline phosphatase) modifications; Glucose metabolism changes Weight changes; Maternal BMI; Waist/hip circumference ratio; Gestational weight gain; HOMA Index; HbA1c1; glycemia; insulinemia; homocysteine plasm,Modulation of the Intestinal Flora With the Probiotic VIVOMIXX™ in Pregnant Women at Risk of Metabolic Complications  Probiotic VIVOMIXX™; Placebo Maternal and newborn fecal microbiota changes (bifidobacteria and lactobacilli) and related enzymatic activity (alkaline sphingomyelinase and alkaline phosphatase) modifications; Glucose metabolism changes Weight changes; Maternal BMI; Waist/hip circumference ratio; Gestational weight gain; HOMA Index; HbA1c1; glycemia; insulinemia; homocysteine plasm,,Modulation of the Intestinal Flora With the Probiotic VIVOMIXX™ in Pregnant Women at Risk of Metabolic Complications  Probiotic VIVOMIXX™; Placebo Maternal and newborn fecal microbiota changes (bifidobacteria and lactobacilli) and related enzymatic activity (alkaline sphingomyelinase and alkaline phosphatase) modifications; Glucose metabolism changes Weight changes; Maternal BMI; Waist/hip circumference ratio; Gestational weight gain; HOMA Index; HbA1c1; glycemia; insulinemia; homocysteine plasm,,Modulation of the Intestinal Flora With the Probiotic VIVOMIXX™ in Pregnant Women at Risk of Metabolic Complications  Probiotic VIVOMIXX™; Placebo Maternal and newborn fecal microbiota changes (bifidobacteria and lactobacilli) and related enzymatic activity (alkaline sphingomyelinase and alkaline phosphatase) modifications; Glucose metabolism changes Weight changes; Maternal BMI; Waist/hip circumference ratio; Gestational weight gain; HOMA Index; HbA1c1; glycemia; insulinemia; homocysteine plasm,Review source text before entering numeric values into final tables.
NCT:NCT03530501,ClinicalTrials.gov,NCT03530501,Effect of Very-low Calorie Diet and Synbiotic Supplementation in Gut Microbiota (Pronokal Method),33,,,,,,Diet; Synbiotic1; Synbiotic2,Changes produced in the composition and diversity of gut microbiota by the use of synbiotics during a dietary intervention,,,,,,,,Review source text before entering numeric values into final tables.
NCT:NCT02637115,ClinicalTrials.gov,NCT02637115,Evaluation of the Effects Associated With the Administration of Akkermansia Muciniphila on Parameters of Metabolic Syndrome,54,,,,,,Placebo; Live Akk 9; Live Akk 10; Killed Akk,Tolerance; Tolerance; Concentration of urea (mg/dl); Concentration of urea (mg/dl); Glomerular filtration rate (mL/min/1.73m2); Glomerular filtration rate (mL/min/1.73m2); Concentration of creatinine (mg/dl); Concentration of creatinine (mg/dl); Concentration of liver transaminases; Concentration of liver transaminases; Concentration of white blood cells (10exp3/µl); Concentration of white blood cells (10exp3/µl); concentration of CRP (c-reactive protein) (mg/dl); concentration of CRP (c-reactive protein) (mg/dl); Insulin resistance; Concentration of blood lipids; Obesity; Adiposity; Visceral adiposity,,,,Evaluation of the Effects Associated With the Administration of Akkermansia Muciniphila on Parameters of Metabolic Syndrome  Placebo; Live Akk 9; Live Akk 10; Killed Akk Tolerance; Tolerance; Concentration of urea (mg/dl); Concentration of urea (mg/dl); Glomerular filtration rate (mL/min/1.73m2); Glomerular filtration rate (mL/min/1.73m2); Concentration of creatinine (mg/dl); Concentration of creatinine (mg/dl); Concentration of liver transaminases; Concentration of liver transaminases; Concentr,Evaluation of the Effects Associated With the Administration of Akkermansia Muciniphila on Parameters of Metabolic Syndrome  Placebo; Live Akk 9; Live Akk 10; Killed Akk Tolerance; Tolerance; Concentration of urea (mg/dl); Concentration of urea (mg/dl); Glomerular filtration rate (mL/min/1.73m2); Glomerular filtration rate (mL/min/1.73m2); Concentration of creatinine (mg/dl); Concentration of creatinine (mg/dl); Concentration of liver transaminases; Concentration of liver transaminases; Concentr,Evaluation of the Effects Associated With the Administration of Akkermansia Muciniphila on Parameters of Metabolic Syndrome  Placebo; Live Akk 9; Live Akk 10; Killed Akk Tolerance; Tolerance; Concentration of urea (mg/dl); Concentration of urea (mg/dl); Glomerular filtration rate (mL/min/1.73m2); Glomerular filtration rate (mL/min/1.73m2); Concentration of creatinine (mg/dl); Concentration of creatinine (mg/dl); Concentration of liver transaminases; Concentration of liver transaminases; Concentr,,Review source text before entering numeric values into final tables.
NCT:NCT01978691,ClinicalTrials.gov,NCT01978691,The Effect of a Bifidobacterium and Polydextrose on Body Fat Mass,225,6 months,,,,,Bifidobacterium animalis ssp. lactis 420; Polydextrose; Placebo,Difference in body fat mass from baseline to end-of-treatment (6 months),lactis 420; Polydextrose; Placebo Difference in body fat mass from baseline to end-of-treatment (6 months) Change in weight (absolute and relative); Change in BMI (absolute and relative); Change in lean body mass; Hip Change in waist and/or hip circumference (absolute and relative); Change in glycated haemoglobin (HbA1c) in blood; Change in fasting glucose levels; Change in fasting insulin levels; Change in insulin resistance; Change in inflammatory markers; Change in lipopolysaccharide (LPS) co,lactis 420; Polydextrose; Placebo Difference in body fat mass from baseline to end-of-treatment (6 months) Change in weight (absolute and relative); Change in BMI (absolute and relative); Change in lean body mass; Hip Change in waist and/or hip circumference (absolute and relative); Change in glycated haemoglobin (HbA1c) in blood; Change in fasting glucose levels; Change in fasting insulin levels; Change in insulin resistance; Change in inflammatory markers; Change in lipopolysaccharide (LPS) co,lactis 420; Polydextrose; Placebo Difference in body fat mass from baseline to end-of-treatment (6 months) Change in weight (absolute and relative); Change in BMI (absolute and relative); Change in lean body mass; Hip Change in waist and/or hip circumference (absolute and relative); Change in glycated haemoglobin (HbA1c) in blood; Change in fasting glucose levels; Change in fasting insulin levels; Change in insulin resistance; Change in inflammatory markers; Change in lipopolysaccharide (LPS) co,lactis 420; Polydextrose; Placebo Difference in body fat mass from baseline to end-of-treatment (6 months) Change in weight (absolute and relative); Change in BMI (absolute and relative); Change in lean body mass; Hip Change in waist and/or hip circumference (absolute and relative); Change in glycated haemoglobin (HbA1c) in blood; Change in fasting glucose levels; Change in fasting insulin levels; Change in insulin resistance; Change in inflammatory markers; Change in lipopolysaccharide (LPS) co,lactis 420; Polydextrose; Placebo Difference in body fat mass from baseline to end-of-treatment (6 months) Change in weight (absolute and relative); Change in BMI (absolute and relative); Change in lean body mass; Hip Change in waist and/or hip circumference (absolute and relative); Change in glycated haemoglobin (HbA1c) in blood; Change in fasting glucose levels; Change in fasting insulin levels; Change in insulin resistance; Change in inflammatory markers; Change in lipopolysaccharide (LPS) co,lactis 420; Polydextrose; Placebo Difference in body fat mass from baseline to end-of-treatment (6 months) Change in weight (absolute and relative); Change in BMI (absolute and relative); Change in lean body mass; Hip Change in waist and/or hip circumference (absolute and relative); Change in glycated haemoglobin (HbA1c) in blood; Change in fasting glucose levels; Change in fasting insulin levels; Change in insulin resistance; Change in inflammatory markers; Change in lipopolysaccharide (LPS) co,lactis 420; Polydextrose; Placebo Difference in body fat mass from baseline to end-of-treatment (6 months) Change in weight (absolute and relative); Change in BMI (absolute and relative); Change in lean body mass; Hip Change in waist and/or hip circumference (absolute and relative); Change in glycated haemoglobin (HbA1c) in blood; Change in fasting glucose levels; Change in fasting insulin levels; Change in insulin resistance; Change in inflammatory markers; Change in lipopolysaccharide (LPS) co,Review source text before entering numeric values into final tables.
NCT:NCT02041975,ClinicalTrials.gov,NCT02041975,Effects of Prebiotic-based Snacks on the Gut Microbiota and Perceived 'Satisfaction',47,,,,,,Nutriose FB06; Placebo,Differences in perceived appetite (assessed using visual analogue scales),,,,,,,,Review source text before entering numeric values into final tables.
NCT:NCT02355210,ClinicalTrials.gov,NCT02355210,Use of a Novel Synbiotic to Change Human Gut Bacteria and Improve Health in Obese Adults,151,,,,,,Bifidobacteria adolescentis BD1; Bifidobacteria animalis subsp. lactis BB-12; Bifidobacteria adolescentis BD1 and galactooligosaccharide; Bifidobacteria animalis subsp. lactis BB-12 and galactooligosaccharide; galactooligosaccharide; Placebo,"Change in Microbiota, as Measured by Change in Microbiota Composition, Including Presence of B. Adolescentis BD1 and B. Animalis Supsp Lactis BB-12; Change in Intestinal Permeability as Measured by Change in Percent Sugars in Urine",,,,,,,,Review source text before entering numeric values into final tables.
NCT:NCT02773927,ClinicalTrials.gov,NCT02773927,Combination of Metformin/Inulin vs Inulin on Adiponectin in Metabolic Syndrome,40,12 weeks,,,,,Metformin; Agave inulin; Placebo of agave inulin; Metformin placebo,Change from Baseline on adiponectin levels (ng/mL) at 12 weeks,,,,,,,,Review source text before entering numeric values into final tables.
NCT:NCT03261466,ClinicalTrials.gov,NCT03261466,BIFI-OBESE: Clinical Trial in Paediatric Obesity,100,,,,,,Bifidobacterium breve BR03 and Bifidobacterium breve B632; Placebos,Change in glucose level during oral glucose tolerance test (OGTT); Change in HOMA-IR index,,,,,BIFI-OBESE: Clinical Trial in Paediatric Obesity  Bifidobacterium breve BR03 and Bifidobacterium breve B632; Placebos Change in glucose level during oral glucose tolerance test (OGTT); Change in HOMA-IR index Metabolic control: Improvement of metabolic risk factors; Change in fecal microbiome; Change in SCFA (short-chain fatty acids) in fecal samples Active group Bifidobacterium breve BR03 and B632; Placebo group,,BIFI-OBESE: Clinical Trial in Paediatric Obesity  Bifidobacterium breve BR03 and Bifidobacterium breve B632; Placebos Change in glucose level during oral glucose tolerance test (OGTT); Change in HOMA-IR index Metabolic control: Improvement of metabolic risk factors; Change in fecal microbiome; Change in SCFA (short-chain fatty acids) in fecal samples Active group Bifidobacterium breve BR03 and B632; Placebo group,Review source text before entering numeric values into final tables.
PMID:23614897,PubMed,23614897,Effect of Lactobacillus gasseri SBT2055 in fermented milk on abdominal adiposity in adults in a randomised controlled trial.,,12 weeks; 4 weeks,,200 g,,,,,,"Other measures including BMI, waist and hip circumferences, and body fat mass were also significantly decreased from baseline at week 12 in both groups; interestingly, the cessation of taking FM for 4 weeks attenuated these effects.","Other measures including BMI, waist and hip circumferences, and body fat mass were also significantly decreased from baseline at week 12 in both groups; interestingly, the cessation of taking FM for 4 weeks attenuated these effects.","A multi-centre, double-blind, parallel-group RCT was conducted using 210 healthy Japanese adults with large visceral fat areas (80·2 - 187·8 cm(2)).",,,,Review source text before entering numeric values into final tables.
NCT:NCT01620125,ClinicalTrials.gov,NCT01620125,Metabolic Control Before and After Supplementation With Lactobacillus Reuteri DSM 17938 in Type 2 Diabetes Patients,12,,,,,,Lactobacillus reuteri DSM 17938,HOMA index,,,,,,,,Review source text before entering numeric values into final tables.
NCT:NCT01724736,ClinicalTrials.gov,NCT01724736,A Pilot Study to Determine the Effect of a Cobiotic Formulation on the Gastrointestinal Microbiome,45,,,,,,Placebo; NM504:,Change in the ratio of Bacteroidetes to Firmicuites ratio in the stool comparing the baseline value to the completion of study value.,,,,,,,,Review source text before entering numeric values into final tables.
NCT:NCT01106924,ClinicalTrials.gov,NCT01106924,Effects of a Probiotic on Body Weight,120,,,,,,Probiotic; Placebo,Body weight; Body composition (DEXA); Waist circumference,,,,,,,,Review source text before entering numeric values into final tables.
NCT:NCT01235026,ClinicalTrials.gov,NCT01235026,Synbiotics and Low Grade Inflammation in Obese Subjects,44,,,,,,Synbiotic; Placebo,Plasmatic Interleukin-6 (IL-6),,,,,Synbiotics and Low Grade Inflammation in Obese Subjects  Synbiotic; Placebo Plasmatic Interleukin-6 (IL-6) Plasmatic LPS-binding protein; Plasmatic sCD14; glucose tolerance curve; Lipid profile; plasmatic ultrasensitive C-Reactive Protein; Plasmatic IL-6; Plasmatic LBP; Plasmatic sCD14; Glucose tolerance curve; Lipid profile; Plasmatic usCRP Synbiotic; Placebo,Synbiotics and Low Grade Inflammation in Obese Subjects  Synbiotic; Placebo Plasmatic Interleukin-6 (IL-6) Plasmatic LPS-binding protein; Plasmatic sCD14; glucose tolerance curve; Lipid profile; plasmatic ultrasensitive C-Reactive Protein; Plasmatic IL-6; Plasmatic LBP; Plasmatic sCD14; Glucose tolerance curve; Lipid profile; Plasmatic usCRP Synbiotic; Placebo,,Review source text before entering numeric values into final tables.
NCT:NCT01249378,ClinicalTrials.gov,NCT01249378,Metabolic Impact of Fat Digestion,20,,,10 g; 40 g,,,All subjects receive three sequences of a standard breakfast,Time of appearance of plasma triglyceride peak after ingestion of emulsified vs unemulsified fat during breakfast,,,,,,,,Review source text before entering numeric values into final tables.
EUROPEPMC:42065141,PubMed,42065141,Effects of,,12 weeks,,,,P < .05; P = .015; P = .014; P = .016,,,"The KABP051 group experienced significantly greater improvements compared with placebo on body composition measurements, including a reduction in body weight and waist circumference, which decreased in 1.97 ± 0.77 (mean ± SE) kg and 2.15 ± 0.81 (mean ± SE) cm versus placebo at the end of the intervention (both P < .05, mixed model for repeated measures [MMRM] and post-hoc analysis).",,"The KABP051 group experienced significantly greater improvements compared with placebo on body composition measurements, including a reduction in body weight and waist circumference, which decreased in 1.97 ± 0.77 (mean ± SE) kg and 2.15 ± 0.81 (mean ± SE) cm versus placebo at the end of the intervention (both P < .05, mixed model for repeated measures [MMRM] and post-hoc analysis).","Body fat percentage, profile of mood states fatigue, and confusion sub-scores showed a global trend toward improvement compared with placebo, with the change at 12 weeks being significant in the three measurements in post-hoc analysis (P = .015, P = .014, and P = .016, respectively).",,,"Microbiome composition improved in KABP051 group, with significant increase in the relative abundance of Lactiplantibacillus spp.",Review source text before entering numeric values into final tables.
PMID:41930918,PubMed,41930918,Gut Microbiota and Metabolic Profiles Reveal the Mechanism of Weight Loss in Patients with Obesity Stimulated By Acupuncture.,n=10,8 weeks,,,,,,,"These findings suggest that QLIA exerts its weight-loss effects by reshaping the gut microbiota structure and modulating host metabolic profiles, thereby highlighting a synergistic mechanism involving the gut-host metabolic axis.; QLIA significantly promoted weight loss in simple obesity by modulating key metabolic pathways and altering gut microbiota composition.",,,,,,"16S rRNA sequencing was performed on fecal samples, and serum samples were analyzed using ultra-high-performance liquid chromatography-tandem mass spectrometry (UHPLCMS/ MS) metabolomics.; QLIA significantly altered gut microbiota α-diversity and β- diversity.",Review source text before entering numeric values into final tables.
EUROPEPMC:41444876,PubMed,41444876,The role of microbiome-modulating supplements in managing metabolic syndrome risk factors among overweight and obese youth: a GRADE-assessed meta-analysis.,,,,,,,,,"Data were pooled using a random-effects model.; Prebiotic supplementation was associated with significant reductions in weight (SMD = - 0.81; 95% CI: - 1.44 to - 0.19) and BMI (SMD = - 0.76; 95% CI: - 1.38 to - 0.14), whereas BMI z-scores remained unchanged (p > 0.05).","Data were pooled using a random-effects model.; Prebiotic supplementation was associated with significant reductions in weight (SMD = - 0.81; 95% CI: - 1.44 to - 0.19) and BMI (SMD = - 0.76; 95% CI: - 1.38 to - 0.14), whereas BMI z-scores remained unchanged (p > 0.05).",,,,Glycemic and lipid profile parameters were not significantly altered by any biotic supplementation (p > 0.05).,,Review source text before entering numeric values into final tables.
PMID:40827948,PubMed,40827948,Long-term efficacy of dapagliflozin combined with Bifidobacterium triple viable tablets on metabolic syndrome and gut microbiota in overweight/obese patients with type 2 diabetes.,n = 60,24-week,1.0 x 10^7 CFU,10 mg/day,BMI ≥ 24,P < 0.05; P < 0.001; P = 0.003; P = 0.001; P = 0.008; P = 0.041; P = 0.672,,,"Analyses used mixed-effects models (completers: 57 control, 58 experimental) and Spearman correlations.; The experimental group showed superior improvements in weight (-5.2 kg vs -3.1 kg), HbA1c (-1.8% vs -0.8%), LDL-C (-0.5 vs -0.3 mmol/L), HDL-C (+0.17 vs +0.07 mmol/L), and HOMA-IR (-1.2 vs -0.6) compared to controls (all P < 0.05).",,,,"Analyses used mixed-effects models (completers: 57 control, 58 experimental) and Spearman correlations.; The experimental group showed superior improvements in weight (-5.2 kg vs -3.1 kg), HbA1c (-1.8% vs -0.8%), LDL-C (-0.5 vs -0.3 mmol/L), HDL-C (+0.17 vs +0.07 mmol/L), and HOMA-IR (-1.2 vs -0.6) compared to controls (all P < 0.05).","SGLT2 inhibitors improve cardiorenal outcomes and may modulate gut microbiota, while specific probiotics demonstrate glycemic and lipid benefits.","SGLT2 inhibitors improve cardiorenal outcomes and may modulate gut microbiota, while specific probiotics demonstrate glycemic and lipid benefits.",Review source text before entering numeric values into final tables.
PMID:41586244,PubMed,41586244,"The effects of a very low-energy ketogenic therapy on body composition, gut microbiota and metabolites in overweight subjects.",,28 days,,,,,,,"Results showed significant reductions in body weight, BMI, and fat mass.","Results showed significant reductions in body weight, BMI, and fat mass.",,"Results showed significant reductions in body weight, BMI, and fat mass.",,,"Microbiota analysis revealed decreased Firmicutes and Actinobacteria, and increased Bacteroidetes and Verrucomicrobia.",Review source text before entering numeric values into final tables.
PMID:36879442,PubMed,36879442,"Effects of weight loss and feeding specially formulated diets on the body composition, blood metabolite profiles, voluntary physical activity, and fecal metabolites and microbiota of obese dogs.",,,,,,P < 0.05,,,"Restricted feeding, dietary intervention, and consequent weight loss may be used to improve health and modify gastrointestinal microbiota.",,,"Restricted feeding led to reduced BW, BCS, fat mass, and blood cholesterol, triglyceride, glucose, and leptin concentrations, and increased MCS and lean body mass percentage.","Restricted feeding led to reduced BW, BCS, fat mass, and blood cholesterol, triglyceride, glucose, and leptin concentrations, and increased MCS and lean body mass percentage.","Restricted feeding led to reduced BW, BCS, fat mass, and blood cholesterol, triglyceride, glucose, and leptin concentrations, and increased MCS and lean body mass percentage.","Restricted feeding, dietary intervention, and consequent weight loss may be used to improve health and modify gastrointestinal microbiota.",Review source text before entering numeric values into final tables.
PMID:37181156,PubMed,37181156,Supplementation with inulin-type fructans affects gut microbiota and attenuates some of the cardiometabolic benefits of a plant-based diet in individuals with overweight or obesity.,100 subjects; n = 82; n = 21; n = 22,10 weeks,,38 g; 20 g,,p = 0.53,,,"Changes from baseline to end-of-trial in gut microbiota composition (16S rRNA gene amplicon sequencing), body composition, cardiometabolic health and inflammatory markers were evaluated in the whole cohort (n = 82), and also compared in the subgroup of subjects who were supplemented with an additional 20 g/d ITF-prebiotics (n = 21) or their controls (n = 22).; In response to the plant-based diet, all subjects lost weight (-3.2 [95% CI -3.9, -2.5] kg) and experienced significant improvements in b",,,,The change in the latter was significantly associated with higher values of insulin and HOMA-IR and lower HDL cholesterol.,The change in the latter was significantly associated with higher values of insulin and HOMA-IR and lower HDL cholesterol.,"The gut microbiota has emerged as a potential therapeutic target to improve the management of obesity and its comorbidities.; We investigated the impact of a high fiber (∼38 g/d) plant-based diet, consumed ad libitum, with or without added inulin-type fructans (ITF), on the gut microbiota composition and cardiometabolic outcomes in subjects with obesity.",Review source text before entering numeric values into final tables.
PMID:33763720,PubMed,33763720,"Mediterranean diet consumption affects the endocannabinoid system in overweight and obese subjects: possible links with gut microbiome, insulin resistance and inflammation.",n = 43; n = 39,8-week,,,BMI of 31.1,p = 0.02; p = 0.009; p = 0.006; p = 0.026; p = 0.01,,,"To identify the relationship between circulating levels of these compounds and gut microbiome, insulin resistance and systemic inflammation.; A parallel 8-week randomised controlled trial was performed involving 82 overweight and obese subjects aged (mean ± SEM) 43 ± 1.4 years with a BMI of 31.1 ± 0.5 kg/m2, habitual Western diet (CT) and sedentary lifestyle.","To identify the relationship between circulating levels of these compounds and gut microbiome, insulin resistance and systemic inflammation.; A parallel 8-week randomised controlled trial was performed involving 82 overweight and obese subjects aged (mean ± SEM) 43 ± 1.4 years with a BMI of 31.1 ± 0.5 kg/m2, habitual Western diet (CT) and sedentary lifestyle.",,,"To identify the relationship between circulating levels of these compounds and gut microbiome, insulin resistance and systemic inflammation.; A parallel 8-week randomised controlled trial was performed involving 82 overweight and obese subjects aged (mean ± SEM) 43 ± 1.4 years with a BMI of 31.1 ± 0.5 kg/m2, habitual Western diet (CT) and sedentary lifestyle.",,"To identify the relationship between circulating levels of these compounds and gut microbiome, insulin resistance and systemic inflammation.; A parallel 8-week randomised controlled trial was performed involving 82 overweight and obese subjects aged (mean ± SEM) 43 ± 1.4 years with a BMI of 31.1 ± 0.5 kg/m2, habitual Western diet (CT) and sedentary lifestyle.",Review source text before entering numeric values into final tables.
PMID:31952249,PubMed,31952249,"Effects of Synbiotic Supplement on Human Gut Microbiota, Body Composition and Weight Loss in Obesity.",,3-month,,,,,,,Weight loss resulting from low-carbohydrate high-protein diets can be significant but has also been linked to potentially negative health effects due to increased bacterial fermentation of undigested protein within the colon and subsequent changes in gut microbiota composition.,"The results showed no statistically significant differences in body composition (body mass, BMI, body fat mass, body fat percentage, body lean mass, and bone mineral content) between the placebo and synbiotic groups at the end of the clinical trial (3-month intervention, 20 human subjects participating in weight loss intervention based on a low-carbohydrate, high-protein, reduced energy diet).","However, the decrease over time in body mass, BMI, waist circumstance, and body fat mass was associated with a decrease in Bifidobacterium abundance.","The results showed no statistically significant differences in body composition (body mass, BMI, body fat mass, body fat percentage, body lean mass, and bone mineral content) between the placebo and synbiotic groups at the end of the clinical trial (3-month intervention, 20 human subjects participating in weight loss intervention based on a low-carbohydrate, high-protein, reduced energy diet).","Regression analysis performed to correlate abundance of species following supplementation with body composition parameters and biomarkers of obesity found an association between a decrease over time in blood glucose and an increase in Lactobacillus abundance, particularly in the synbiotic group.",,Targeting gut microbiota with synbiotics (probiotic supplements containing prebiotic components) is emerging as a promising intervention in the comprehensive nutritional approach to reducing obesity.,Review source text before entering numeric values into final tables.
EUROPEPMC:41372103,PubMed,41372103,Impacts of Lifestyle and Microbiota-Targeted Interventions for Overweight and Obesity on the Human Gut Microbiome: A Systematic Review.,6086 adults,4 weeks,,,BMI ≥ 25,,,,"However, evidence demonstrating a causal link between these changes and long-term weight loss or metabolic improvements remains limited.",,,"Most interventions did not cause any significant changes in microbial alpha or beta diversity, however, positive associations between prebiotic consumption and abundance of Actinobacteria and Bifidobacterium were observed, and intake of probiotics was related to increased levels of Lactobacillus and reduced body weight and body fat.",,,"Obesity is intricately associated with the gut microbiome, and emerging research suggests that lifestyle interventions, such as dietary changes and active lifestyle, can significantly affect the composition and function of the gut microbiome.",Review source text before entering numeric values into final tables.
EUROPEPMC:41804549,PubMed,41804549,Unravelling the role of the gut microbiome in antipsychotic-induced weight gain and metabolic dysfunction in humans and rodents: A systematic review.,,,,,,,,,"Thus, while the relationship between antipsychotic-induced weight gain, metabolic dysfunction, and changes in the gut microbiome are evident, further research is warranted to establish definitive causal relationships and to aid in the development of precision microbiota-targeted interventions to counteract these adverse effects.",,,,,,"Thus, while the relationship between antipsychotic-induced weight gain, metabolic dysfunction, and changes in the gut microbiome are evident, further research is warranted to establish definitive causal relationships and to aid in the development of precision microbiota-targeted interventions to counteract these adverse effects.",Review source text before entering numeric values into final tables.
EUROPEPMC:42057790,PubMed,42057790,The impact of antibiotic exposure on obesity and metabolic phenotypes via the gut microbiota.,,,,,,,,,,,,,,,"However, their long-term effects on the gut microbiome have attracted increasing attention.",Review source text before entering numeric values into final tables.
PMID:41599863,PubMed,41599863,"Efficacy and Safety of CKDB-322, a Combination of",n = 50,12-week,1.0 x 10^9 CFU,200 mg,,p < 0.05,,,Additional improvements were observed in body weight and anthropometric parameters.,,,"tricornutum daily (n = 50), or a placebo (n = 50).; CKDB-322 supplementation resulted in statistically significant reductions in body fat mass and body fat percentage, as measured by dual-energy X-ray absorptiometry (DEXA), compared to the placebo group (p < 0.05).",,"Among metabolic biomarkers, serum triglycerides and leptin levels decreased significantly in the CKDB-322 group compared to the placebo.","Exploratory microbiome analyses indicated an increase in the relative abundance of Lactobacillus, suggesting potential modulation of the gut-adipose axis.",Review source text before entering numeric values into final tables.
PMID:41743894,PubMed,41743894,Enteroendocrine hormones and gut microbiota in obesity: a systematic review from mechanistic insight to precision metabolic care.,,,,,,,,,,,,,,,,Review source text before entering numeric values into final tables.
PMID:41835385,PubMed,41835385,Maternal overweight/obesity and yoghurt supplementation from early pregnancy to postpartum augments infant gut microbiota.,,42 days; 3 months; 6 months,,,BMI ≥ 25,,,,This study examined the effect of probiotic-rich yoghurt supplementation in overweight or obese women on infant weight and gut microbiota.; The intervention group (YC) comprised 90 infants born to mothers with a pre-pregnancy body mass index (BMI) ≥ 25 kg/m2 who were provided with yoghurt from early pregnancy to 3 years postpartum.,This study examined the effect of probiotic-rich yoghurt supplementation in overweight or obese women on infant weight and gut microbiota.; The intervention group (YC) comprised 90 infants born to mothers with a pre-pregnancy body mass index (BMI) ≥ 25 kg/m2 who were provided with yoghurt from early pregnancy to 3 years postpartum.,,,,,This study examined the effect of probiotic-rich yoghurt supplementation in overweight or obese women on infant weight and gut microbiota.; The intervention group (YC) comprised 90 infants born to mothers with a pre-pregnancy body mass index (BMI) ≥ 25 kg/m2 who were provided with yoghurt from early pregnancy to 3 years postpartum.,Review source text before entering numeric values into final tables.
PMID:41907517,PubMed,41907517,Obesity-associated gut microbiome influences diet-induced metabolic and cognitive outcomes in older adults.,31 adults,10-week,,,BMI ≥30,,,,,,,"In contrast, increased fat mass was associated with improved memory in non-obese participants.",,,"The gut-brain axis, influenced by diet and the gut microbiome, is increasingly recognized as a contributor to neurodegeneration.",Review source text before entering numeric values into final tables.
PMID:42010766,PubMed,42010766,Exercise intensity as a modulator of gut microbiota and host metabolic health in obesity.,n = 17; n = 5,16 weeks; 12 weeks,,,,,,,,,,,,,"HIIT and MIT are linked to improved expression of tight junction proteins (ZO-1, Claudin, Occludin), reducing circulating lipopolysaccharide (LPS), and increasing SCFA-producing taxa; thus, supporting a role for the gut microbiome in mediating exercise-induced metabolic benefits.",Review source text before entering numeric values into final tables.
EUROPEPMC:40851363,PubMed,40851363,The effect of probiotics on weight management in patients with severe obesity undergoing metabolic and bariatric surgery: a systematic review and meta-analysis.,693 patients,,,,,,,,"Although metabolic and bariatric surgery (MBS) remains an effective intervention for severe obesity, postoperative weight regain persists as a significant clinical challenge.","Primary outcomes including percent excess weight loss (%EWL), postoperative body mass index (BMI), and BMI reduction.",,,,,,Review source text before entering numeric values into final tables.
EUROPEPMC:41098558,PubMed,41098558,Postpartum Body Composition in Women With Overweight: Associations With Diet During Pregnancy.,n = 439; n = 329,6 months; 24 months,,1.9 g; 0.22 g,,p < 0.001; p = 0.023,,,"In this secondary analysis of a randomized controlled trial, the aims were to identify distinctive body fat percentage trajectories up to 2 years postpartum in women with overweight and to investigate whether fish oil and/or probiotic supplements, diet, gestational diabetes, or gestational weight gain influenced the body composition.; Women with overweight or obesity (n = 439) were randomized to receive fish oil (1.9 g docosahexaenoic acid and 0.22 g eicosapentaenoic acid) and/or probiotics (Lac",,,"In this secondary analysis of a randomized controlled trial, the aims were to identify distinctive body fat percentage trajectories up to 2 years postpartum in women with overweight and to investigate whether fish oil and/or probiotic supplements, diet, gestational diabetes, or gestational weight gain influenced the body composition.; Women with overweight or obesity (n = 439) were randomized to receive fish oil (1.9 g docosahexaenoic acid and 0.22 g eicosapentaenoic acid) and/or probiotics (Lac",,,,Review source text before entering numeric values into final tables.
PMID:39340527,PubMed,39340527,"Effects of probiotics, prebiotics, and synbiotics on cardiometabolic risk factors in children and adolescents with overweight or obesity: a systematic review and Bayesian network meta-analysis.",820 participants,,,6.55 mg; 3.71 mg; 1.21 mg; 1.54 mg; 1.12 mg,,,,,,"Multiple-strain probiotics (MSP) showed significant efficacy in reducing BMI (Mean Difference (MD) -2.13 kg/m2, 95% credible interval (CrI) [-2.7, -1.57]), waist circumference (MD -1.34 cm, 95% CrI [-2.33, -0.35]), total cholesterol (MD -6.55 mg/dL, 95% CrI [-10.61, -2.45]), triglycerides (MD -3.71 mg/dL, 95% CrI [-5.76, -1.67]), leptin (MD -3.99 ng/mL, 95% CrI [-4.68, -3.3]), and hypersensitive C-reactive protein (Hs-CRP) (MD -1.21 mg/L, 95% CrI [-1.45, -0.97]).","Multiple-strain probiotics (MSP) showed significant efficacy in reducing BMI (Mean Difference (MD) -2.13 kg/m2, 95% credible interval (CrI) [-2.7, -1.57]), waist circumference (MD -1.34 cm, 95% CrI [-2.33, -0.35]), total cholesterol (MD -6.55 mg/dL, 95% CrI [-10.61, -2.45]), triglycerides (MD -3.71 mg/dL, 95% CrI [-5.76, -1.67]), leptin (MD -3.99 ng/mL, 95% CrI [-4.68, -3.3]), and hypersensitive C-reactive protein (Hs-CRP) (MD -1.21 mg/L, 95% CrI [-1.45, -0.97]).",,"Synbiotics were effective in reducing BMI-z score (MD -0.07, 95% CrI [-0.10, -0.04]) and LDL-C (MD -1.54 mg/dL, 95% CrI [-1.98, -1.09]) but led to a slight increase in fasting glucose (MD 1.12 mg/dL, 95% CrI [0.75, 1.49]).","Multiple-strain probiotics (MSP) showed significant efficacy in reducing BMI (Mean Difference (MD) -2.13 kg/m2, 95% credible interval (CrI) [-2.7, -1.57]), waist circumference (MD -1.34 cm, 95% CrI [-2.33, -0.35]), total cholesterol (MD -6.55 mg/dL, 95% CrI [-10.61, -2.45]), triglycerides (MD -3.71 mg/dL, 95% CrI [-5.76, -1.67]), leptin (MD -3.99 ng/mL, 95% CrI [-4.68, -3.3]), and hypersensitive C-reactive protein (Hs-CRP) (MD -1.21 mg/L, 95% CrI [-1.45, -0.97]).","Moderate to low evidence suggests MSP may be a potential choice for improving BMI and reducing lipids, leptin, and Hs-CRP levels, implying that MSP could aid in managing pediatric obesity and related metabolic issues by modulating the gut microbiota.",Review source text before entering numeric values into final tables.
PMID:40732984,PubMed,40732984,Gut Microbiota Shifts After a Weight Loss Program in Adults with Obesity: The WLM3P Study.,58 adults; n = 29,6-month; 6 months,,,BMI 30.0-39.9,p = 0.03; p < 0.01,,,Gut Microbiota Shifts After a Weight Loss Program in Adults with Obesity: The WLM3P Study.,"The analysis focused exclusively on the 6-month weight loss period corresponding to Phases 1 and 2 of the WLM3P intervention.; In this sub-analysis of a randomized controlled trial (ClinicalTrials.gov Identifier: NCT04192357), 58 adults with obesity (BMI 30.0-39.9 kg/m2) were randomized to the WLM3P (n = 29) or LCD (n = 29) groups.",,"Notably, higher Faecalibacterium abundance was associated with greater reductions in fat mass (kg, %) and visceral adiposity (cm2) in the WLM3P group compared to LCD (p < 0.01).; These findings suggest a potential microbiota-mediated mechanism in weight loss, where Faecalibacterium may enhance fat reduction effectiveness in the context of the WLM3P intervention.",,"The gut microbiota is increasingly recognized as a key modulator in obesity management, influencing host energy balance, lipid metabolism, and inflammatory pathways.",Gut Microbiota Shifts After a Weight Loss Program in Adults with Obesity: The WLM3P Study.,Review source text before entering numeric values into final tables.
PMID:41486934,PubMed,41486934,Synergistic anti-obesity effects of Bifidobacterium breve BR3 and Lactiplantibacillus plantarum LP3 via coordinated regulation of lipid metabolism and gut microbiota.,,4 weeks,,,,,,,"breve BR3 mixture exhibited significant reductions in body weight and total fat mass, as assessed by Dual-energy X-ray Absorptiometry (DXA) and Echo Magnetic Resonance Imaging (EchoMRI).",,,"breve BR3 mixture exhibited significant reductions in body weight and total fat mass, as assessed by Dual-energy X-ray Absorptiometry (DXA) and Echo Magnetic Resonance Imaging (EchoMRI).",,,"Gut microbiota analysis demonstrated an increased relative abundance of beneficial genera, including Akkermansia and Bacteroides, highlighting a microbiome-mediated contribution to the observed metabolic benefits.",Review source text before entering numeric values into final tables.
PMID:38270436,PubMed,38270436,Dietary supplementation with probiotics promotes weight loss by reshaping the gut microbiome and energy metabolism in obese dogs.,,,,,,,,,"Obesity and overweight among companion animals are significant concerns, paralleling the issues observed in human populations.",,,,This stimulation led to the restoration of eating behavior and improvements in glucose and insulin tolerance.,"In this study, we delved into the beneficial probiotic mechanisms in high-fat-induced obese canines, revealing that Enterococcus faecium IDCC 2102 (IDCC 2102) and Bifidobacterium lactis IDCC 4301 (IDCC 4301) have the capacity to mitigate the increase in body weight and lipid accumulation in obese canines subjected to a high-fat diet and hyperlipidemic Caenorhabditis elegans (C.",,Review source text before entering numeric values into final tables.
PMID:38744950,PubMed,38744950,"Effect of weight loss program using prebiotics and probiotics on body composition, physique, and metabolic products: longitudinal intervention study.",,3 months,,,,,,,"The relationship between gut microbiota and obesity has recently been an important subject for research as the gut microbiota is thought to affect body homeostasis including body weight and composition, intervening with pro and prebiotics is an intelligent possible way for obesity management.",,,,,,"The relationship between gut microbiota and obesity has recently been an important subject for research as the gut microbiota is thought to affect body homeostasis including body weight and composition, intervening with pro and prebiotics is an intelligent possible way for obesity management.",Review source text before entering numeric values into final tables.
PMID:39455650,PubMed,39455650,Effects of Lactiplantibacillus plantarum CBT LP3 and Bifidobacterium breve CBT BR3 supplementation on weight loss and gut microbiota of overweight dogs.,,12-week,,3 g,,p < 0.0001; p = 0.0400; p = 0.0252; p = 0.0007,,,"A significant decrease in body weight (p < 0.0001), BCS (p < 0.0001), serum TG (p < 0.0001), serum TC (p = 0.0400), and serum leptin (p = 0.0252), and a significantly increased serum adiponectin levels (p = 0.0007) were observed in the treatment group compared with the values in the control group.",,,,,,"Microbiota analysis showed that Lactiplantibacillus increased and Erysipelatoclostridium, Staphylococcus, and Gemella decreased more significantly in the treatment group than in the control group.",Review source text before entering numeric values into final tables.
PMID:39520336,PubMed,39520336,Intermittent Fasting Improves Insulin Resistance by Modulating the Gut Microbiota and Bile Acid Metabolism in Diet-Induced Obesity.,,12 weeks; 8 weeks,,,,,,,,,,,Intermittent Fasting Improves Insulin Resistance by Modulating the Gut Microbiota and Bile Acid Metabolism in Diet-Induced Obesity.,,Intermittent Fasting Improves Insulin Resistance by Modulating the Gut Microbiota and Bile Acid Metabolism in Diet-Induced Obesity.,Review source text before entering numeric values into final tables.
PMID:36944956,PubMed,36944956,Effect of different doses of Lacticaseibacillus paracasei K56 on body fat and metabolic parameters in adult individuals with obesity: a pilot study.,,60 days,2 x 10^7 CFU/day; 2 x 10^9 CFU/day; 2 x 10^10 CFU/day; 2 x 10^11 CFU/day; 109 CFU/day,,,p = 0.004; p = 0.0007; p = 0.018; p = 0.003; p = 0.002,,,"There were non-significant reductions in Body weight and BMI in the L_K56, H_K56, VL_K56 groups, whereas increases were observed in the placebo and VH_K56 groups compared with baseline values.","The purpose of this study was to evaluate the effect of a novel probiotic strain Lacticaseibacillus paracasei K56 on body fat and metabolic biomarkers in adult individuals with obesity.; 74 adult subjects with obesity (body mass index ≥ 30 kg/m2, or percent body fat > 25% for men, percent body fat > 30% for women) were randomized into 5 groups and supplemented with different doses of K56 (groups VL_K56, L_K56, H_K56, and VH_K56: K56 capsules, 2 × 107 CFU/day, 2 × 109 CFU/day, 2 × 1010 CFU/day, 2","Anthropometric measurements, body composition assessment, and metabolic parameters were measured at baseline and after 60 days of intervention.; The results showed that the L_K56 group had significant decreases in percent body fat (p = 0.004), visceral fat area (p = 0.0007), total body fat mass (p = 0.018), trunk body fat mass (p = 0.003), waist circumference (p = 0.003), glycosylated hemoglobin(p = 0.002) at the end of the study compared with baseline.",Studies have shown that probiotics have an effect on reducing body fat on a strain-specific and dose-response bases.,,,,Review source text before entering numeric values into final tables.
PMID:37685493,PubMed,37685493,Exploring Gut Microbiota and the Influence of Physical Activity Interventions on Overweight and Obese Children and Adolescents: A Systematic Review.,,,,,,,,,Interventions with physical activity seem to improve the alpha diversity and beneficial bacteria linked to body weight loss in children and adolescents.,,,,,,"The analysis indicated that obese gut microbiota is reduced in Bacteroidetes, Bifidobacterium and alpha diversity but enriched in Proteobacteria and Lactobacillus.",Review source text before entering numeric values into final tables.
PMID:38068829,PubMed,38068829,Combating Obesity: Harnessing the Synergy of Postbiotics and Prebiotics for Enhanced Lipid Excretion and Microbiota Regulation.,,12 weeks,,6.72 g; 5.25 g; 7.73 g,,p < 0.05,,,"After 12 weeks of feeding, the weight gain of mice that were fed with high-dose AYS (group H) and low-dose AYS (group L) from 4 to 12 weeks was 6.72 g and 5.25 g (p < 0.05), both of which were significantly lower than that of the high-fat diet (group DM, control group) group (7.73 g) (p < 0.05).",,,,,"In addition, the fecal lipid content of mice in the L group reached 5.89%, which was significantly higher than that of the DM group at 4.02% (p < 0.05).","The study showed that AYS changed the structure of the intestinal microbiota in mice on a high-fat diet, resulting in a decrease in the relative abundance of Firmicutes and Muribaculaceae and an increase in the relative abundance of Bacteroidetes, Verrucomicrobia, and Lactobacillus.",Review source text before entering numeric values into final tables.
PMID:34967874,PubMed,34967874,"Weight loss and high-protein, high-fiber diet consumption impact blood metabolite profiles, body composition, voluntary physical activity, fecal microbiota, and fecal metabolites of adult dogs.",,,,,,P < 0.0001; P < 0.05; P < 0.01,,,"BCS decreased (P < 0.0001) by 2.7 units, fat mass decreased (P < 0.0001) by 3.1 kg, and fat percentage decreased (P < 0.0001) by 11.7% with weight loss.",,,"BCS decreased (P < 0.0001) by 2.7 units, fat mass decreased (P < 0.0001) by 3.1 kg, and fat percentage decreased (P < 0.0001) by 11.7% with weight loss.","Many serum metabolites and hormones were altered, with triglycerides, leptin, insulin, C-reactive protein, and interleukin-6 decreasing (P < 0.05) with weight loss.","Many serum metabolites and hormones were altered, with triglycerides, leptin, insulin, C-reactive protein, and interleukin-6 decreasing (P < 0.05) with weight loss.","Our results suggest that restricted feeding of a HPHF diet and weight loss promotes fat mass loss, minimizes lean mass loss, reduces inflammatory marker and triglyceride concentrations, and modulates fecal microbiota phylogeny and activity in overweight dogs.",Review source text before entering numeric values into final tables.
EUROPEPMC:32718098,PubMed,32718098,"Modulation of the Gut Microbiota by Olive Oil Phenolic Compounds: Implications for Lipid Metabolism, Immune System, and Obesity.",,,,,,,,,,,,,,OOPCs also increase certain beneficial bacteria and gut-bacteria diversity which can be therapeutic for lipid-immune disorders and obesity.,,Review source text before entering numeric values into final tables.
EUROPEPMC:33178196,PubMed,33178196,Gut Microbiota as a Trigger for Metabolic Inflammation in Obesity and Type 2 Diabetes.,,,,,,,,,,,,,,,,Review source text before entering numeric values into final tables.
PMID:32152146,PubMed,32152146,Genistein stimulates insulin sensitivity through gut microbiota reshaping and skeletal muscle AMPK activation in obese subjects.,45 participants,2 months,,50 mg/day,,,,,,,,,"Previous studies demonstrated that genistein intake modifies the gut microbiota in mice by selectively increasing Akkermansia muciniphila, leading to reduction of metabolic endotoxemia and insulin sensitivity.",,"Previous studies demonstrated that genistein intake modifies the gut microbiota in mice by selectively increasing Akkermansia muciniphila, leading to reduction of metabolic endotoxemia and insulin sensitivity.",Review source text before entering numeric values into final tables.
PMID:31126565,PubMed,31126565,Effects of pro-/synbiotic supplementation on anthropometric and metabolic indices in overweight or obese children and adolescents: A systematic review and meta-analysis.,410 subjects,16 weeks,,,,,,,"Therefore, the present review was undertaken to evaluate the overall effects of pro-/synbiotics supplementation on anthropometric indices and metabolic indices in overweight or obese children and adolescents.; A systematic computerized literature search of PubMed, Scopus, ISI Web of science and Google Scholar databases was conducted up to November 2018.","Pooled analysis did not illustrate any significant changes in BMI z-score, waist circumference, weight, body fat, fasting blood sugar and lipid profiles (triglyceride, total cholesterol, high-density lipoprotein cholesterol, and low-density lipoprotein cholesterol) after supplementation with pro-/synbiotics for 4-16 weeks.","Pooled analysis did not illustrate any significant changes in BMI z-score, waist circumference, weight, body fat, fasting blood sugar and lipid profiles (triglyceride, total cholesterol, high-density lipoprotein cholesterol, and low-density lipoprotein cholesterol) after supplementation with pro-/synbiotics for 4-16 weeks.","Pooled analysis did not illustrate any significant changes in BMI z-score, waist circumference, weight, body fat, fasting blood sugar and lipid profiles (triglyceride, total cholesterol, high-density lipoprotein cholesterol, and low-density lipoprotein cholesterol) after supplementation with pro-/synbiotics for 4-16 weeks.",,"Pooled analysis did not illustrate any significant changes in BMI z-score, waist circumference, weight, body fat, fasting blood sugar and lipid profiles (triglyceride, total cholesterol, high-density lipoprotein cholesterol, and low-density lipoprotein cholesterol) after supplementation with pro-/synbiotics for 4-16 weeks.","However, subgroup analysis by intervention type revealed a significant reduction of BMI z-score in synbiotic subgroups.; Based on our findings, modulation of gut microbiota composition through pro-/ synbiotic supplements did not have favorable effects to manage overweight or obese children and adolescents.",Review source text before entering numeric values into final tables.
PMID:29547587,PubMed,29547587,Dietary Alteration of the Gut Microbiome and Its Impact on Weight and Fat Mass: A Systematic Review and Meta-Analysis.,,,,,,,,,"Probiotic use was associated with significant decreases in BMI, weight and fat mass.","Probiotic use was associated with significant decreases in BMI, weight and fat mass.",,"Probiotic use was associated with significant decreases in BMI, weight and fat mass.",,,"Overall, when the utilization of gut microbiome-modulating dietary agents (prebiotic/probiotic/synbiotic) was compared to placebo, there were significant decreases in BMI, weight and fat mass.",Review source text before entering numeric values into final tables.
PMID:30468509,PubMed,30468509,"Probiotics, prebiotics and synbiotics for weight loss and metabolic syndrome in the microbiome era.",,,,,,,,,Clinical studies and significant pre-clinical results showing molecular mechanisms supporting clinical results were also discussed.; Several studies in humans and in animal models have elucidated biological mechanisms supporting the observed clinical efficacy of selected probiotic and prebiotic compounds for weight management.,,,,,,"Their administration, together with galactomannan and/or inulin fibers, may increase weight management effects due to synergistic effect on short chain fatty acid production and microbiota 're-configuration'.",Review source text before entering numeric values into final tables.
EUROPEPMC:10.21203/rs.3.rs-9134629/v1,publisher supplementary data,10.21203/rs.3.rs-9134629/v1,Blood drops to gut maps: dried blood spot metabolomics infers gut microbiome composition and guides probiotic intervention in metabolic disease,,,,,,,,,,,,,,,,Review source text before entering numeric values into final tables.
EUROPEPMC:10.64898/2026.04.07.716956,publisher supplementary data,10.64898/2026.04.07.716956,Engineered Lactate Catabolizing Probiotics Reveal Timescale Dependent Microbiome-Host Metabolic Coupling,,,,,,,,,,,,,,,,Review source text before entering numeric values into final tables.
EUROPEPMC:41507594,PubMed,41507594,"Impact of probiotic, prebiotic, and synbiotic supplementation on the gut microbiome in older adults with sarcopenia, obesity, and sarcopenic obesity.",,,,,,,,,,,,,"Probiotics, containing live beneficial microorganisms, have shown potential in enhancing SCFA production, reducing inflammation, and improving insulin sensitivity.",,"These age-related conditions are closely associated with alterations to the gut microbiome, including microbial profiles and a reduction in beneficial metabolites such as short-chain fatty acids (SCFAs).",Review source text before entering numeric values into final tables.
EUROPEPMC:41576942,PubMed,41576942,"Gut microbiome and obesity care: Bridging dietary, surgical, and pharmacological interventions.",,,,,,,,,,,,,,,"Since then, our understanding of the gut microbiome's role in obesity has advanced significantly.",Review source text before entering numeric values into final tables.
